1.000000000000000000e+01
1.000000000000000000e+01
1.000000000000000000e+01
1.000000000000000000e+01
1.000000000000000000e+01
1.000000000000000000e+01
1.000000000000000000e+01
1.000000000000000000e+01
1.000000000000000000e+01
1.000000000000000000e+01
1.000000000000000000e+01
1.000000000000000000e+01
1.000000000000000000e+01
1.000000000000000000e+01
1.000000000000000000e+01
1.000000000000000000e+01
1.000000000000000000e+01
1.000000000000000000e+01
1.000000000000000000e+01
1.000000000000000000e+01
1.000000000000000000e+01
1.000000000000000000e+01
1.000000000000000000e+01
1.000000000000000000e+01
1.000000000000000000e+01
1.000000000000000000e+01
1.000000000000000000e+01
1.000000000000000000e+01
1.000000000000000000e+01
1.000000000000000000e+01
1.000000000000000000e+01
1.000000000000000000e+01
1.000000000000000000e+01
1.000000000000000000e+01
1.000000000000000000e+01
1.000000000000000000e+01
1.000000000000000000e+01
1.000000000000000000e+01
1.000000000000000000e+01
1.000000000000000000e+01
1.000000000000000000e+01
1.000000000000000000e+01
1.000000000000000000e+01
1.000000000000000000e+01
1.000000000000000000e+01
1.000000000000000000e+01
1.000000000000000000e+01
1.000000000000000000e+01
1.000000000000000000e+01
1.000000000000000000e+01
1.000000000000000000e+01
1.000000000000000000e+01
1.000000000000000000e+01
1.000000000000000000e+01
1.000000000000000000e+01
1.000000000000000000e+01
1.000000000000000000e+01
1.000000000000000000e+01
1.000000000000000000e+01
1.000000000000000000e+01
1.000000000000000000e+01
1.000000000000000000e+01
1.000000000000000000e+01
1.000000000000000000e+01
1.000000000000000000e+01
1.000000000000000000e+01
1.000000000000000000e+01
1.000000000000000000e+01
1.000000000000000000e+01
1.000000000000000000e+01
1.000000000000000000e+01
1.000000000000000000e+01
1.000000000000000000e+01
1.000000000000000000e+01
1.000000000000000000e+01
1.000000000000000000e+01
1.000000000000000000e+01
1.000000000000000000e+01
1.000000000000000000e+01
1.000000000000000000e+01
1.000000000000000000e+01
1.000000000000000000e+01
1.000000000000000000e+01
1.000000000000000000e+01
1.000000000000000000e+01
1.000000000000000000e+01
1.000000000000000000e+01
1.000000000000000000e+01
1.000000000000000000e+01
1.000000000000000000e+01
1.000000000000000000e+01
1.000000000000000000e+01
1.000000000000000000e+01
1.000000000000000000e+01
1.000000000000000000e+01
1.000000000000000000e+01
1.000000000000000000e+01
1.000000000000000000e+01
1.000000000000000000e+01
1.000000000000000000e+01
1.000000000000000000e+01
1.000000000000000000e+01
1.000000000000000000e+01
1.000000000000000000e+01
1.000000000000000000e+01
1.000000000000000000e+01
1.000000000000000000e+01
1.000000000000000000e+01
1.000000000000000000e+01
1.000000000000000000e+01
1.000000000000000000e+01
1.000000000000000000e+01
1.000000000000000000e+01
1.000000000000000000e+01
1.000000000000000000e+01
1.000000000000000000e+01
1.000000000000000000e+01
1.000000000000000000e+01
1.000000000000000000e+01
1.000000000000000000e+01
1.000000000000000000e+01
1.000000000000000000e+01
1.000000000000000000e+01
1.000000000000000000e+01
1.000000000000000000e+01
1.000000000000000000e+01
1.000000000000000000e+01
1.000000000000000000e+01
1.000000000000000000e+01
1.000000000000000000e+01
1.000000000000000000e+01
1.000000000000000000e+01
1.000000000000000000e+01
1.000000000000000000e+01
1.000000000000000000e+01
1.000000000000000000e+01
1.000000000000000000e+01
1.000000000000000000e+01
1.000000000000000000e+01
1.000000000000000000e+01
1.000000000000000000e+01
1.000000000000000000e+01
1.000000000000000000e+01
1.000000000000000000e+01
1.000000000000000000e+01
1.000000000000000000e+01
1.000000000000000000e+01
1.000000000000000000e+01
1.000000000000000000e+01
1.000000000000000000e+01
1.000000000000000000e+01
1.000000000000000000e+01
1.000000000000000000e+01
1.000000000000000000e+01
1.000000000000000000e+01
1.000000000000000000e+01
1.000000000000000000e+01
1.000000000000000000e+01
1.000000000000000000e+01
1.000000000000000000e+01
1.000000000000000000e+01
1.000000000000000000e+01
1.000000000000000000e+01
1.000000000000000000e+01
1.000000000000000000e+01
1.000000000000000000e+01
1.000000000000000000e+01
1.000000000000000000e+01
1.000000000000000000e+01
1.000000000000000000e+01
1.000000000000000000e+01
1.000000000000000000e+01
1.000000000000000000e+01
1.000000000000000000e+01
1.000000000000000000e+01
1.000000000000000000e+01
1.000000000000000000e+01
1.000000000000000000e+01
1.000000000000000000e+01
1.000000000000000000e+01
1.000000000000000000e+01
1.000000000000000000e+01
1.000000000000000000e+01
1.000000000000000000e+01
1.000000000000000000e+01
1.000000000000000000e+01
1.000000000000000000e+01
1.000000000000000000e+01
1.000000000000000000e+01
1.000000000000000000e+01
1.000000000000000000e+01
1.000000000000000000e+01
1.000000000000000000e+01
1.000000000000000000e+01
1.000000000000000000e+01
1.000000000000000000e+01
1.000000000000000000e+01
1.000000000000000000e+01
1.000000000000000000e+01
1.000000000000000000e+01
1.000000000000000000e+01
1.000000000000000000e+01
1.000000000000000000e+01
1.000000000000000000e+01
1.000000000000000000e+01
1.000000000000000000e+01
1.000000000000000000e+01
1.000000000000000000e+01
1.000000000000000000e+01
1.000000000000000000e+01
1.000000000000000000e+01
1.000000000000000000e+01
1.000000000000000000e+01
1.000000000000000000e+01
1.000000000000000000e+01
1.000000000000000000e+01
1.000000000000000000e+01
1.000000000000000000e+01
1.000000000000000000e+01
1.000000000000000000e+01
1.000000000000000000e+01
1.000000000000000000e+01
1.000000000000000000e+01
1.000000000000000000e+01
1.000000000000000000e+01
1.000000000000000000e+01
1.000000000000000000e+01
1.000000000000000000e+01
1.000000000000000000e+01
1.000000000000000000e+01
1.000000000000000000e+01
1.000000000000000000e+01
1.000000000000000000e+01
1.000000000000000000e+01
1.000000000000000000e+01
1.000000000000000000e+01
1.000000000000000000e+01
1.000000000000000000e+01
1.000000000000000000e+01
1.000000000000000000e+01
1.000000000000000000e+01
1.000000000000000000e+01
1.000000000000000000e+01
1.000000000000000000e+01
1.000000000000000000e+01
1.000000000000000000e+01
1.000000000000000000e+01
1.000000000000000000e+01
1.000000000000000000e+01
1.000000000000000000e+01
1.000000000000000000e+01
1.000000000000000000e+01
1.000000000000000000e+01
1.000000000000000000e+01
1.000000000000000000e+01
1.000000000000000000e+01
1.000000000000000000e+01
1.000000000000000000e+01
1.000000000000000000e+01
1.000000000000000000e+01
1.000000000000000000e+01
1.000000000000000000e+01
1.000000000000000000e+01
1.000000000000000000e+01
1.000000000000000000e+01
1.000000000000000000e+01
1.000000000000000000e+01
1.000000000000000000e+01
1.000000000000000000e+01
1.000000000000000000e+01
1.000000000000000000e+01
1.000000000000000000e+01
1.000000000000000000e+01
1.000000000000000000e+01
1.000000000000000000e+01
1.000000000000000000e+01
1.000000000000000000e+01
1.000000000000000000e+01
1.000000000000000000e+01
1.000000000000000000e+01
1.000000000000000000e+01
1.000000000000000000e+01
1.000000000000000000e+01
1.000000000000000000e+01
1.000000000000000000e+01
1.000000000000000000e+01
1.000000000000000000e+01
1.000000000000000000e+01
1.000000000000000000e+01
1.000000000000000000e+01
1.000000000000000000e+01
1.000000000000000000e+01
1.000000000000000000e+01
1.000000000000000000e+01
1.000000000000000000e+01
1.000000000000000000e+01
1.000000000000000000e+01
1.000000000000000000e+01
1.000000000000000000e+01
1.000000000000000000e+01
1.000000000000000000e+01
1.000000000000000000e+01
1.000000000000000000e+01
1.000000000000000000e+01
1.000000000000000000e+01
1.000000000000000000e+01
1.000000000000000000e+01
1.000000000000000000e+01
1.000000000000000000e+01
1.000000000000000000e+01
1.000000000000000000e+01
1.000000000000000000e+01
1.000000000000000000e+01
1.000000000000000000e+01
1.000000000000000000e+01
1.000000000000000000e+01
1.000000000000000000e+01
1.000000000000000000e+01
1.000000000000000000e+01
1.000000000000000000e+01
1.000000000000000000e+01
1.000000000000000000e+01
1.000000000000000000e+01
1.000000000000000000e+01
1.000000000000000000e+01
1.000000000000000000e+01
1.000000000000000000e+01
1.000000000000000000e+01
1.000000000000000000e+01
1.000000000000000000e+01
1.000000000000000000e+01
1.000000000000000000e+01
1.000000000000000000e+01
1.000000000000000000e+01
1.000000000000000000e+01
1.000000000000000000e+01
1.000000000000000000e+01
1.000000000000000000e+01
1.000000000000000000e+01
1.000000000000000000e+01
1.000000000000000000e+01
1.000000000000000000e+01
1.000000000000000000e+01
1.000000000000000000e+01
1.000000000000000000e+01
1.000000000000000000e+01
1.000000000000000000e+01
1.000000000000000000e+01
1.000000000000000000e+01
1.000000000000000000e+01
1.000000000000000000e+01
1.000000000000000000e+01
1.000000000000000000e+01
1.000000000000000000e+01
1.000000000000000000e+01
1.000000000000000000e+01
1.000000000000000000e+01
1.000000000000000000e+01
1.000000000000000000e+01
1.000000000000000000e+01
1.000000000000000000e+01
1.000000000000000000e+01
1.000000000000000000e+01
1.000000000000000000e+01
1.000000000000000000e+01
1.000000000000000000e+01
1.000000000000000000e+01
1.000000000000000000e+01
1.000000000000000000e+01
1.000000000000000000e+01
1.000000000000000000e+01
1.000000000000000000e+01
1.000000000000000000e+01
1.000000000000000000e+01
1.000000000000000000e+01
1.000000000000000000e+01
1.000000000000000000e+01
1.000000000000000000e+01
1.000000000000000000e+01
1.000000000000000000e+01
1.000000000000000000e+01
1.000000000000000000e+01
1.000000000000000000e+01
1.000000000000000000e+01
1.000000000000000000e+01
1.000000000000000000e+01
1.000000000000000000e+01
1.000000000000000000e+01
1.000000000000000000e+01
1.000000000000000000e+01
1.000000000000000000e+01
1.000000000000000000e+01
1.000000000000000000e+01
1.000000000000000000e+01
1.000000000000000000e+01
1.000000000000000000e+01
1.000000000000000000e+01
1.000000000000000000e+01
1.000000000000000000e+01
1.000000000000000000e+01
1.000000000000000000e+01
1.000000000000000000e+01
1.000000000000000000e+01
1.000000000000000000e+01
1.000000000000000000e+01
1.000000000000000000e+01
1.000000000000000000e+01
1.000000000000000000e+01
1.000000000000000000e+01
1.000000000000000000e+01
1.000000000000000000e+01
1.000000000000000000e+01
1.000000000000000000e+01
1.000000000000000000e+01
1.000000000000000000e+01
1.000000000000000000e+01
1.000000000000000000e+01
1.000000000000000000e+01
1.000000000000000000e+01
1.000000000000000000e+01
1.000000000000000000e+01
1.000000000000000000e+01
1.000000000000000000e+01
1.000000000000000000e+01
1.000000000000000000e+01
1.000000000000000000e+01
1.000000000000000000e+01
1.000000000000000000e+01
1.000000000000000000e+01
1.000000000000000000e+01
1.000000000000000000e+01
1.000000000000000000e+01
1.000000000000000000e+01
1.000000000000000000e+01
1.000000000000000000e+01
1.000000000000000000e+01
1.000000000000000000e+01
1.000000000000000000e+01
1.000000000000000000e+01
1.000000000000000000e+01
1.000000000000000000e+01
1.000000000000000000e+01
1.000000000000000000e+01
1.000000000000000000e+01
1.000000000000000000e+01
1.000000000000000000e+01
1.000000000000000000e+01
1.000000000000000000e+01
1.000000000000000000e+01
1.000000000000000000e+01
1.000000000000000000e+01
1.000000000000000000e+01
1.000000000000000000e+01
1.000000000000000000e+01
1.000000000000000000e+01
1.000000000000000000e+01
1.000000000000000000e+01
1.000000000000000000e+01
1.000000000000000000e+01
1.000000000000000000e+01
1.000000000000000000e+01
1.000000000000000000e+01
1.000000000000000000e+01
1.000000000000000000e+01
1.000000000000000000e+01
1.000000000000000000e+01
1.000000000000000000e+01
1.000000000000000000e+01
1.000000000000000000e+01
1.000000000000000000e+01
1.000000000000000000e+01
1.000000000000000000e+01
1.000000000000000000e+01
1.000000000000000000e+01
1.000000000000000000e+01
1.000000000000000000e+01
1.000000000000000000e+01
1.000000000000000000e+01
1.000000000000000000e+01
1.000000000000000000e+01
1.000000000000000000e+01
1.000000000000000000e+01
1.000000000000000000e+01
1.000000000000000000e+01
1.000000000000000000e+01
1.000000000000000000e+01
1.000000000000000000e+01
1.000000000000000000e+01
1.000000000000000000e+01
1.000000000000000000e+01
1.000000000000000000e+01
1.000000000000000000e+01
1.000000000000000000e+01
1.000000000000000000e+01
1.000000000000000000e+01
1.000000000000000000e+01
1.000000000000000000e+01
1.000000000000000000e+01
1.000000000000000000e+01
1.000000000000000000e+01
1.000000000000000000e+01
1.000000000000000000e+01
1.000000000000000000e+01
1.000000000000000000e+01
1.000000000000000000e+01
1.000000000000000000e+01
1.000000000000000000e+01
1.000000000000000000e+01
1.000000000000000000e+01
1.000000000000000000e+01
1.000000000000000000e+01
1.000000000000000000e+01
1.000000000000000000e+01
1.000000000000000000e+01
1.000000000000000000e+01
1.000000000000000000e+01
1.000000000000000000e+01
1.000000000000000000e+01
1.000000000000000000e+01
1.000000000000000000e+01
1.000000000000000000e+01
1.000000000000000000e+01
1.000000000000000000e+01
1.000000000000000000e+01
1.000000000000000000e+01
1.000000000000000000e+01
1.000000000000000000e+01
1.000000000000000000e+01
1.000000000000000000e+01
1.000000000000000000e+01
1.000000000000000000e+01
1.000000000000000000e+01
1.000000000000000000e+01
1.000000000000000000e+01
1.000000000000000000e+01
1.000000000000000000e+01
1.000000000000000000e+01
1.000000000000000000e+01
1.000000000000000000e+01
1.000000000000000000e+01
1.000000000000000000e+01
1.000000000000000000e+01
1.000000000000000000e+01
1.000000000000000000e+01
1.000000000000000000e+01
1.000000000000000000e+01
1.000000000000000000e+01
1.000000000000000000e+01
1.000000000000000000e+01
1.000000000000000000e+01
1.000000000000000000e+01
1.000000000000000000e+01
1.000000000000000000e+01
1.000000000000000000e+01
1.000000000000000000e+01
1.000000000000000000e+01
1.000000000000000000e+01
1.000000000000000000e+01
1.000000000000000000e+01
1.000000000000000000e+01
1.000000000000000000e+01
1.000000000000000000e+01
1.000000000000000000e+01
1.000000000000000000e+01
1.000000000000000000e+01
1.000000000000000000e+01
1.000000000000000000e+01
1.000000000000000000e+01
1.000000000000000000e+01
1.000000000000000000e+01
1.000000000000000000e+01
1.000000000000000000e+01
1.000000000000000000e+01
1.000000000000000000e+01
1.000000000000000000e+01
1.000000000000000000e+01
1.000000000000000000e+01
1.000000000000000000e+01
1.000000000000000000e+01
1.000000000000000000e+01
1.000000000000000000e+01
1.000000000000000000e+01
1.000000000000000000e+01
1.000000000000000000e+01
1.000000000000000000e+01
1.000000000000000000e+01
1.000000000000000000e+01
1.000000000000000000e+01
1.000000000000000000e+01
1.000000000000000000e+01
1.000000000000000000e+01
1.000000000000000000e+01
1.000000000000000000e+01
1.000000000000000000e+01
1.000000000000000000e+01
1.000000000000000000e+01
1.000000000000000000e+01
1.000000000000000000e+01
1.000000000000000000e+01
1.000000000000000000e+01
1.000000000000000000e+01
1.000000000000000000e+01
1.000000000000000000e+01
1.000000000000000000e+01
1.000000000000000000e+01
1.000000000000000000e+01
1.000000000000000000e+01
1.000000000000000000e+01
1.000000000000000000e+01
1.000000000000000000e+01
1.000000000000000000e+01
1.000000000000000000e+01
1.000000000000000000e+01
1.000000000000000000e+01
1.000000000000000000e+01
1.000000000000000000e+01
1.000000000000000000e+01
1.000000000000000000e+01
1.000000000000000000e+01
1.000000000000000000e+01
1.000000000000000000e+01
1.000000000000000000e+01
1.000000000000000000e+01
1.000000000000000000e+01
1.000000000000000000e+01
1.000000000000000000e+01
1.000000000000000000e+01
1.000000000000000000e+01
1.000000000000000000e+01
1.000000000000000000e+01
1.000000000000000000e+01
1.000000000000000000e+01
1.000000000000000000e+01
1.000000000000000000e+01
1.000000000000000000e+01
1.000000000000000000e+01
1.000000000000000000e+01
1.000000000000000000e+01
1.000000000000000000e+01
1.000000000000000000e+01
1.000000000000000000e+01
1.000000000000000000e+01
1.000000000000000000e+01
1.000000000000000000e+01
1.000000000000000000e+01
1.000000000000000000e+01
1.000000000000000000e+01
1.000000000000000000e+01
1.000000000000000000e+01
1.000000000000000000e+01
1.000000000000000000e+01
1.000000000000000000e+01
1.000000000000000000e+01
1.000000000000000000e+01
1.000000000000000000e+01
1.000000000000000000e+01
1.000000000000000000e+01
1.000000000000000000e+01
1.000000000000000000e+01
1.000000000000000000e+01
1.000000000000000000e+01
1.000000000000000000e+01
1.000000000000000000e+01
1.000000000000000000e+01
1.000000000000000000e+01
1.000000000000000000e+01
1.000000000000000000e+01
1.000000000000000000e+01
1.000000000000000000e+01
1.000000000000000000e+01
1.000000000000000000e+01
1.000000000000000000e+01
1.000000000000000000e+01
1.000000000000000000e+01
1.000000000000000000e+01
1.000000000000000000e+01
1.000000000000000000e+01
1.000000000000000000e+01
1.000000000000000000e+01
1.000000000000000000e+01
1.000000000000000000e+01
1.000000000000000000e+01
1.000000000000000000e+01
1.000000000000000000e+01
1.000000000000000000e+01
1.000000000000000000e+01
1.000000000000000000e+01
1.000000000000000000e+01
1.000000000000000000e+01
1.000000000000000000e+01
1.000000000000000000e+01
1.000000000000000000e+01
1.000000000000000000e+01
1.000000000000000000e+01
1.000000000000000000e+01
1.000000000000000000e+01
1.000000000000000000e+01
1.000000000000000000e+01
1.000000000000000000e+01
1.000000000000000000e+01
1.000000000000000000e+01
1.000000000000000000e+01
1.000000000000000000e+01
1.000000000000000000e+01
1.000000000000000000e+01
1.000000000000000000e+01
1.000000000000000000e+01
1.000000000000000000e+01
1.000000000000000000e+01
1.000000000000000000e+01
1.000000000000000000e+01
1.000000000000000000e+01
1.000000000000000000e+01
1.000000000000000000e+01
1.000000000000000000e+01
1.000000000000000000e+01
1.000000000000000000e+01
1.000000000000000000e+01
1.000000000000000000e+01
1.000000000000000000e+01
1.000000000000000000e+01
1.000000000000000000e+01
1.000000000000000000e+01
1.000000000000000000e+01
1.000000000000000000e+01
1.000000000000000000e+01
1.000000000000000000e+01
1.000000000000000000e+01
1.000000000000000000e+01
1.000000000000000000e+01
1.000000000000000000e+01
1.000000000000000000e+01
1.000000000000000000e+01
1.000000000000000000e+01
1.000000000000000000e+01
1.000000000000000000e+01
1.000000000000000000e+01
1.000000000000000000e+01
1.000000000000000000e+01
1.000000000000000000e+01
1.000000000000000000e+01
1.000000000000000000e+01
1.000000000000000000e+01
1.000000000000000000e+01
1.000000000000000000e+01
1.000000000000000000e+01
1.000000000000000000e+01
1.000000000000000000e+01
1.000000000000000000e+01
1.000000000000000000e+01
1.000000000000000000e+01
1.000000000000000000e+01
1.000000000000000000e+01
1.000000000000000000e+01
1.000000000000000000e+01
1.000000000000000000e+01
1.000000000000000000e+01
1.000000000000000000e+01
1.000000000000000000e+01
1.000000000000000000e+01
1.000000000000000000e+01
1.000000000000000000e+01
1.000000000000000000e+01
1.000000000000000000e+01
1.000000000000000000e+01
1.000000000000000000e+01
1.000000000000000000e+01
1.000000000000000000e+01
1.000000000000000000e+01
1.000000000000000000e+01
1.000000000000000000e+01
1.000000000000000000e+01
1.000000000000000000e+01
1.000000000000000000e+01
1.000000000000000000e+01
1.000000000000000000e+01
1.000000000000000000e+01
1.000000000000000000e+01
1.000000000000000000e+01
1.000000000000000000e+01
1.000000000000000000e+01
1.000000000000000000e+01
1.000000000000000000e+01
1.000000000000000000e+01
1.000000000000000000e+01
1.000000000000000000e+01
1.000000000000000000e+01
1.000000000000000000e+01
1.000000000000000000e+01
1.000000000000000000e+01
1.000000000000000000e+01
1.000000000000000000e+01
1.000000000000000000e+01
1.000000000000000000e+01
1.000000000000000000e+01
1.000000000000000000e+01
1.000000000000000000e+01
1.000000000000000000e+01
1.000000000000000000e+01
1.000000000000000000e+01
1.000000000000000000e+01
1.000000000000000000e+01
1.000000000000000000e+01
1.000000000000000000e+01
1.000000000000000000e+01
1.000000000000000000e+01
1.000000000000000000e+01
1.000000000000000000e+01
1.000000000000000000e+01
1.000000000000000000e+01
1.000000000000000000e+01
1.000000000000000000e+01
1.000000000000000000e+01
1.000000000000000000e+01
1.000000000000000000e+01
1.000000000000000000e+01
1.000000000000000000e+01
1.000000000000000000e+01
1.000000000000000000e+01
1.000000000000000000e+01
1.000000000000000000e+01
1.000000000000000000e+01
1.000000000000000000e+01
1.000000000000000000e+01
1.000000000000000000e+01
1.000000000000000000e+01
1.000000000000000000e+01
1.000000000000000000e+01
1.000000000000000000e+01
1.000000000000000000e+01
1.000000000000000000e+01
1.000000000000000000e+01
1.000000000000000000e+01
1.000000000000000000e+01
1.000000000000000000e+01
1.000000000000000000e+01
1.000000000000000000e+01
1.000000000000000000e+01
1.000000000000000000e+01
1.000000000000000000e+01
1.000000000000000000e+01
1.000000000000000000e+01
1.000000000000000000e+01
1.000000000000000000e+01
1.000000000000000000e+01
1.000000000000000000e+01
1.000000000000000000e+01
1.000000000000000000e+01
1.000000000000000000e+01
1.000000000000000000e+01
1.000000000000000000e+01
1.000000000000000000e+01
1.000000000000000000e+01
1.000000000000000000e+01
1.000000000000000000e+01
1.000000000000000000e+01
1.000000000000000000e+01
1.000000000000000000e+01
1.000000000000000000e+01
1.000000000000000000e+01
1.000000000000000000e+01
1.000000000000000000e+01
1.000000000000000000e+01
1.000000000000000000e+01
1.000000000000000000e+01
1.000000000000000000e+01
1.000000000000000000e+01
1.000000000000000000e+01
1.000000000000000000e+01
1.000000000000000000e+01
1.000000000000000000e+01
1.000000000000000000e+01
1.000000000000000000e+01
1.000000000000000000e+01
1.000000000000000000e+01
1.000000000000000000e+01
1.000000000000000000e+01
1.000000000000000000e+01
1.000000000000000000e+01
1.000000000000000000e+01
1.000000000000000000e+01
1.000000000000000000e+01
1.000000000000000000e+01
1.000000000000000000e+01
1.000000000000000000e+01
1.000000000000000000e+01
1.000000000000000000e+01
1.000000000000000000e+01
1.000000000000000000e+01
1.000000000000000000e+01
1.000000000000000000e+01
1.000000000000000000e+01
1.000000000000000000e+01
1.000000000000000000e+01
1.000000000000000000e+01
1.000000000000000000e+01
1.000000000000000000e+01
1.000000000000000000e+01
1.000000000000000000e+01
1.000000000000000000e+01
1.000000000000000000e+01
1.000000000000000000e+01
1.000000000000000000e+01
1.000000000000000000e+01
1.000000000000000000e+01
1.000000000000000000e+01
1.000000000000000000e+01
1.000000000000000000e+01
1.000000000000000000e+01
1.000000000000000000e+01
1.000000000000000000e+01
1.000000000000000000e+01
1.000000000000000000e+01
1.000000000000000000e+01
1.000000000000000000e+01
1.000000000000000000e+01
1.000000000000000000e+01
1.000000000000000000e+01
1.000000000000000000e+01
1.000000000000000000e+01
1.000000000000000000e+01
1.000000000000000000e+01
1.000000000000000000e+01
1.000000000000000000e+01
1.000000000000000000e+01
1.000000000000000000e+01
1.000000000000000000e+01
1.000000000000000000e+01
1.000000000000000000e+01
1.000000000000000000e+01
1.000000000000000000e+01
1.000000000000000000e+01
1.000000000000000000e+01
1.000000000000000000e+01
1.000000000000000000e+01
1.000000000000000000e+01
1.000000000000000000e+01
1.000000000000000000e+01
1.000000000000000000e+01
1.000000000000000000e+01
1.000000000000000000e+01
1.000000000000000000e+01
1.000000000000000000e+01
1.000000000000000000e+01
1.000000000000000000e+01
1.000000000000000000e+01
1.000000000000000000e+01
1.000000000000000000e+01
1.000000000000000000e+01
1.000000000000000000e+01
1.000000000000000000e+01
1.000000000000000000e+01
1.000000000000000000e+01
1.000000000000000000e+01
1.000000000000000000e+01
1.000000000000000000e+01
1.000000000000000000e+01
1.000000000000000000e+01
1.000000000000000000e+01
1.000000000000000000e+01
1.000000000000000000e+01
1.000000000000000000e+01
1.000000000000000000e+01
1.000000000000000000e+01
1.000000000000000000e+01
1.000000000000000000e+01
1.000000000000000000e+01
1.000000000000000000e+01
1.000000000000000000e+01
1.000000000000000000e+01
1.000000000000000000e+01
1.000000000000000000e+01
1.000000000000000000e+01
1.000000000000000000e+01
1.000000000000000000e+01
1.000000000000000000e+01
1.000000000000000000e+01
1.000000000000000000e+01
1.000000000000000000e+01
1.000000000000000000e+01
1.000000000000000000e+01
1.000000000000000000e+01
1.000000000000000000e+01
1.000000000000000000e+01
1.000000000000000000e+01
1.000000000000000000e+01
1.000000000000000000e+01
1.000000000000000000e+01
1.000000000000000000e+01
1.000000000000000000e+01
1.000000000000000000e+01
1.000000000000000000e+01
1.000000000000000000e+01
1.000000000000000000e+01
1.000000000000000000e+01
1.000000000000000000e+01
1.000000000000000000e+01
1.000000000000000000e+01
1.000000000000000000e+01
1.000000000000000000e+01
1.000000000000000000e+01
1.000000000000000000e+01
1.000000000000000000e+01
1.000000000000000000e+01
1.000000000000000000e+01
1.000000000000000000e+01
1.000000000000000000e+01
1.000000000000000000e+01
1.000000000000000000e+01
1.000000000000000000e+01
1.000000000000000000e+01
1.000000000000000000e+01
1.000000000000000000e+01
1.000000000000000000e+01
1.000000000000000000e+01
1.000000000000000000e+01
1.000000000000000000e+01
1.000000000000000000e+01
1.000000000000000000e+01
1.000000000000000000e+01
1.000000000000000000e+01
1.000000000000000000e+01
1.000000000000000000e+01
1.000000000000000000e+01
1.000000000000000000e+01
1.000000000000000000e+01
1.000000000000000000e+01
1.000000000000000000e+01
1.000000000000000000e+01
1.000000000000000000e+01
1.000000000000000000e+01
1.000000000000000000e+01
1.000000000000000000e+01
1.000000000000000000e+01
1.000000000000000000e+01
1.000000000000000000e+01
1.000000000000000000e+01
1.000000000000000000e+01
1.000000000000000000e+01
1.000000000000000000e+01
1.000000000000000000e+01
1.000000000000000000e+01
1.000000000000000000e+01
1.000000000000000000e+01
1.000000000000000000e+01
1.000000000000000000e+01
1.000000000000000000e+01
1.000000000000000000e+01
1.000000000000000000e+01
1.000000000000000000e+01
1.000000000000000000e+01
1.000000000000000000e+01
1.000000000000000000e+01
1.000000000000000000e+01
1.000000000000000000e+01
1.000000000000000000e+01
1.000000000000000000e+01
1.000000000000000000e+01
1.000000000000000000e+01
1.000000000000000000e+01
1.000000000000000000e+01
1.000000000000000000e+01
1.000000000000000000e+01
1.000000000000000000e+01
1.000000000000000000e+01
1.000000000000000000e+01
1.000000000000000000e+01
1.000000000000000000e+01
1.000000000000000000e+01
1.000000000000000000e+01
1.000000000000000000e+01
1.000000000000000000e+01
1.000000000000000000e+01
1.000000000000000000e+01
1.000000000000000000e+01
1.000000000000000000e+01
1.000000000000000000e+01
1.000000000000000000e+01
1.000000000000000000e+01
1.000000000000000000e+01
1.000000000000000000e+01
1.000000000000000000e+01
1.000000000000000000e+01
1.000000000000000000e+01
1.000000000000000000e+01
1.000000000000000000e+01
1.000000000000000000e+01
1.000000000000000000e+01
1.000000000000000000e+01
1.000000000000000000e+01
1.000000000000000000e+01
1.000000000000000000e+01
1.000000000000000000e+01
1.000000000000000000e+01
1.000000000000000000e+01
1.000000000000000000e+01
1.000000000000000000e+01
1.000000000000000000e+01
1.000000000000000000e+01
1.000000000000000000e+01
1.000000000000000000e+01
1.000000000000000000e+01
1.000000000000000000e+01
1.000000000000000000e+01
1.000000000000000000e+01
1.000000000000000000e+01
1.000000000000000000e+01
1.000000000000000000e+01
1.000000000000000000e+01
1.000000000000000000e+01
1.000000000000000000e+01
1.000000000000000000e+01
1.000000000000000000e+01
1.000000000000000000e+01
1.000000000000000000e+01
1.000000000000000000e+01
1.000000000000000000e+01
1.000000000000000000e+01
1.000000000000000000e+01
1.000000000000000000e+01
1.000000000000000000e+01
1.000000000000000000e+01
1.000000000000000000e+01
1.000000000000000000e+01
1.000000000000000000e+01
1.000000000000000000e+01
1.000000000000000000e+01
1.000000000000000000e+01
1.000000000000000000e+01
1.000000000000000000e+01
1.000000000000000000e+01
1.000000000000000000e+01
1.000000000000000000e+01
1.000000000000000000e+01
1.000000000000000000e+01
1.000000000000000000e+01
1.000000000000000000e+01
1.000000000000000000e+01
1.000000000000000000e+01
1.000000000000000000e+01
1.000000000000000000e+01
1.000000000000000000e+01
1.000000000000000000e+01
1.000000000000000000e+01
1.000000000000000000e+01
1.000000000000000000e+01
1.000000000000000000e+01
1.000000000000000000e+01
1.000000000000000000e+01
1.000000000000000000e+01
1.000000000000000000e+01
1.000000000000000000e+01
1.000000000000000000e+01
1.000000000000000000e+01
1.000000000000000000e+01
1.000000000000000000e+01
1.000000000000000000e+01
1.000000000000000000e+01
1.000000000000000000e+01
1.000000000000000000e+01
1.000000000000000000e+01
1.000000000000000000e+01
1.000000000000000000e+01
1.000000000000000000e+01
1.000000000000000000e+01
1.000000000000000000e+01
1.000000000000000000e+01
1.000000000000000000e+01
1.000000000000000000e+01
1.000000000000000000e+01
1.000000000000000000e+01
1.000000000000000000e+01
1.000000000000000000e+01
1.000000000000000000e+01
1.000000000000000000e+01
1.000000000000000000e+01
1.000000000000000000e+01
1.000000000000000000e+01
1.000000000000000000e+01
1.000000000000000000e+01
1.000000000000000000e+01
1.000000000000000000e+01
1.000000000000000000e+01
1.000000000000000000e+01
1.000000000000000000e+01
1.000000000000000000e+01
1.000000000000000000e+01
1.000000000000000000e+01
1.000000000000000000e+01
1.000000000000000000e+01
1.000000000000000000e+01
1.000000000000000000e+01
1.000000000000000000e+01
1.000000000000000000e+01
1.000000000000000000e+01
1.000000000000000000e+01
1.000000000000000000e+01
1.000000000000000000e+01
1.000000000000000000e+01
1.000000000000000000e+01
1.000000000000000000e+01
1.000000000000000000e+01
1.000000000000000000e+01
1.000000000000000000e+01
1.000000000000000000e+01
1.000000000000000000e+01
1.000000000000000000e+01
1.000000000000000000e+01
1.000000000000000000e+01
1.000000000000000000e+01
1.000000000000000000e+01
1.000000000000000000e+01
1.000000000000000000e+01
1.000000000000000000e+01
1.000000000000000000e+01
1.000000000000000000e+01
1.000000000000000000e+01
1.000000000000000000e+01
1.000000000000000000e+01
1.000000000000000000e+01
1.000000000000000000e+01
1.000000000000000000e+01
1.000000000000000000e+01
1.000000000000000000e+01
1.000000000000000000e+01
1.000000000000000000e+01
1.000000000000000000e+01
1.000000000000000000e+01
1.000000000000000000e+01
1.000000000000000000e+01
1.000000000000000000e+01
1.000000000000000000e+01
1.000000000000000000e+01
1.000000000000000000e+01
1.000000000000000000e+01
1.000000000000000000e+01
1.000000000000000000e+01
1.000000000000000000e+01
1.000000000000000000e+01
1.000000000000000000e+01
1.000000000000000000e+01
1.000000000000000000e+01
1.000000000000000000e+01
1.000000000000000000e+01
1.000000000000000000e+01
1.000000000000000000e+01
1.000000000000000000e+01
1.000000000000000000e+01
1.000000000000000000e+01
1.000000000000000000e+01
1.000000000000000000e+01
1.000000000000000000e+01
1.000000000000000000e+01
1.000000000000000000e+01
1.000000000000000000e+01
1.000000000000000000e+01
1.000000000000000000e+01
1.000000000000000000e+01
1.000000000000000000e+01
1.000000000000000000e+01
1.000000000000000000e+01
1.000000000000000000e+01
1.000000000000000000e+01
1.000000000000000000e+01
1.000000000000000000e+01
1.000000000000000000e+01
1.000000000000000000e+01
1.000000000000000000e+01
1.000000000000000000e+01
1.000000000000000000e+01
1.000000000000000000e+01
1.000000000000000000e+01
1.000000000000000000e+01
1.000000000000000000e+01
1.000000000000000000e+01
1.000000000000000000e+01
1.000000000000000000e+01
1.000000000000000000e+01
1.000000000000000000e+01
1.000000000000000000e+01
1.000000000000000000e+01
1.000000000000000000e+01
1.000000000000000000e+01
1.000000000000000000e+01
1.000000000000000000e+01
1.000000000000000000e+01
1.000000000000000000e+01
1.000000000000000000e+01
1.000000000000000000e+01
1.000000000000000000e+01
1.000000000000000000e+01
1.000000000000000000e+01
1.000000000000000000e+01
1.000000000000000000e+01
1.000000000000000000e+01
1.000000000000000000e+01
1.000000000000000000e+01
1.000000000000000000e+01
1.000000000000000000e+01
1.000000000000000000e+01
1.000000000000000000e+01
1.000000000000000000e+01
1.000000000000000000e+01
1.000000000000000000e+01
1.000000000000000000e+01
1.000000000000000000e+01
1.000000000000000000e+01
1.000000000000000000e+01
1.000000000000000000e+01
1.000000000000000000e+01
1.000000000000000000e+01
1.000000000000000000e+01
1.000000000000000000e+01
1.000000000000000000e+01
1.000000000000000000e+01
1.000000000000000000e+01
1.000000000000000000e+01
1.000000000000000000e+01
1.000000000000000000e+01
1.000000000000000000e+01
1.000000000000000000e+01
1.000000000000000000e+01
1.000000000000000000e+01
1.000000000000000000e+01
1.000000000000000000e+01
1.000000000000000000e+01
1.000000000000000000e+01
1.000000000000000000e+01
1.000000000000000000e+01
1.000000000000000000e+01
1.000000000000000000e+01
1.000000000000000000e+01
1.000000000000000000e+01
1.000000000000000000e+01
1.000000000000000000e+01
1.000000000000000000e+01
1.000000000000000000e+01
1.000000000000000000e+01
1.000000000000000000e+01
1.000000000000000000e+01
1.000000000000000000e+01
1.000000000000000000e+01
1.000000000000000000e+01
1.000000000000000000e+01
1.000000000000000000e+01
1.000000000000000000e+01
1.000000000000000000e+01
1.000000000000000000e+01
1.000000000000000000e+01
1.000000000000000000e+01
1.000000000000000000e+01
1.000000000000000000e+01
1.000000000000000000e+01
1.000000000000000000e+01
1.000000000000000000e+01
1.000000000000000000e+01
1.000000000000000000e+01
1.000000000000000000e+01
1.000000000000000000e+01
1.000000000000000000e+01
1.000000000000000000e+01
1.000000000000000000e+01
1.000000000000000000e+01
1.000000000000000000e+01
1.000000000000000000e+01
1.000000000000000000e+01
1.000000000000000000e+01
1.000000000000000000e+01
1.000000000000000000e+01
1.000000000000000000e+01
1.000000000000000000e+01
1.000000000000000000e+01
1.000000000000000000e+01
1.000000000000000000e+01
1.000000000000000000e+01
1.000000000000000000e+01
1.000000000000000000e+01
1.000000000000000000e+01
1.000000000000000000e+01
1.000000000000000000e+01
1.000000000000000000e+01
1.000000000000000000e+01
1.000000000000000000e+01
1.000000000000000000e+01
1.000000000000000000e+01
1.000000000000000000e+01
1.000000000000000000e+01
1.000000000000000000e+01
1.000000000000000000e+01
1.000000000000000000e+01
1.000000000000000000e+01
1.000000000000000000e+01
1.000000000000000000e+01
1.000000000000000000e+01
1.000000000000000000e+01
1.000000000000000000e+01
1.000000000000000000e+01
1.000000000000000000e+01
1.000000000000000000e+01
1.000000000000000000e+01
1.000000000000000000e+01
1.000000000000000000e+01
1.000000000000000000e+01
1.000000000000000000e+01
1.000000000000000000e+01
1.000000000000000000e+01
1.000000000000000000e+01
1.000000000000000000e+01
1.000000000000000000e+01
1.000000000000000000e+01
1.000000000000000000e+01
1.000000000000000000e+01
1.000000000000000000e+01
1.000000000000000000e+01
1.000000000000000000e+01
1.000000000000000000e+01
1.000000000000000000e+01
1.000000000000000000e+01
1.000000000000000000e+01
1.000000000000000000e+01
1.000000000000000000e+01
1.000000000000000000e+01
1.000000000000000000e+01
1.000000000000000000e+01
1.000000000000000000e+01
1.000000000000000000e+01
1.000000000000000000e+01
1.000000000000000000e+01
1.000000000000000000e+01
1.000000000000000000e+01
1.000000000000000000e+01
1.000000000000000000e+01
1.000000000000000000e+01
1.000000000000000000e+01
1.000000000000000000e+01
1.000000000000000000e+01
1.000000000000000000e+01
1.000000000000000000e+01
1.000000000000000000e+01
1.000000000000000000e+01
1.000000000000000000e+01
1.000000000000000000e+01
1.000000000000000000e+01
1.000000000000000000e+01
1.000000000000000000e+01
1.000000000000000000e+01
1.000000000000000000e+01
1.000000000000000000e+01
1.000000000000000000e+01
6.470241069793701172e+00
6.460700035095214844e+00
6.460700035095214844e+00
6.460700035095214844e+00
6.432076454162597656e+00
6.422535419464111328e+00
6.412993907928466797e+00
6.403452873229980469e+00
6.393911838531494141e+00
6.384370803833007812e+00
6.374829292297363281e+00
6.365288257598876953e+00
6.355747222900390625e+00
6.327123641967773438e+00
6.327123641967773438e+00
6.317582130432128906e+00
6.317582130432128906e+00
6.298500061035156250e+00
6.288958549499511719e+00
6.279417514801025391e+00
6.269876480102539062e+00
6.269876480102539062e+00
6.260334968566894531e+00
6.241252899169921875e+00
6.241252899169921875e+00
6.231711387634277344e+00
6.212628841400146484e+00
6.212628841400146484e+00
6.203087806701660156e+00
6.184005260467529297e+00
6.184005260467529297e+00
6.164922714233398438e+00
6.164922714233398438e+00
6.155381679534912109e+00
6.136299133300781250e+00
6.136299133300781250e+00
6.136299133300781250e+00
6.107675075531005859e+00
6.107675075531005859e+00
6.088592529296875000e+00
6.079051017761230469e+00
6.079051017761230469e+00
6.059968471527099609e+00
6.050427436828613281e+00
6.040885925292968750e+00
6.031344413757324219e+00
6.021803379058837891e+00
6.012261867523193359e+00
6.002720355987548828e+00
6.002720355987548828e+00
5.983637809753417969e+00
5.974096298217773438e+00
5.964554786682128906e+00
5.964554786682128906e+00
5.955013751983642578e+00
5.945472240447998047e+00
5.926389217376708984e+00
5.926389217376708984e+00
5.916847705841064453e+00
5.897765159606933594e+00
5.888223648071289062e+00
5.888223648071289062e+00
5.869140625000000000e+00
5.869140625000000000e+00
5.850057601928710938e+00
5.850057601928710938e+00
5.840516090393066406e+00
5.821433067321777344e+00
5.821433067321777344e+00
5.811891555786132812e+00
5.792808055877685547e+00
5.773725032806396484e+00
5.773725032806396484e+00
5.773725032806396484e+00
5.764183521270751953e+00
5.745100021362304688e+00
5.745100021362304688e+00
5.735558509826660156e+00
5.716475009918212891e+00
5.716475009918212891e+00
5.716475009918212891e+00
5.687849998474121094e+00
5.678308486938476562e+00
5.668766498565673828e+00
5.668766498565673828e+00
5.659224987030029297e+00
5.649682998657226562e+00
5.640141487121582031e+00
5.630599498748779297e+00
5.621057510375976562e+00
5.611515998840332031e+00
5.601974010467529297e+00
5.592432022094726562e+00
5.582890033721923828e+00
5.573348522186279297e+00
5.563806533813476562e+00
5.554264545440673828e+00
5.554264545440673828e+00
5.535180568695068359e+00
5.525638580322265625e+00
5.506554603576660156e+00
5.506554603576660156e+00
5.487470626831054688e+00
5.477928638458251953e+00
5.477928638458251953e+00
5.458844661712646484e+00
5.449302673339843750e+00
5.449302673339843750e+00
5.439760208129882812e+00
5.420676231384277344e+00
5.420676231384277344e+00
5.401591777801513672e+00
5.401591777801513672e+00
5.392049312591552734e+00
5.382507324218750000e+00
5.372964859008789062e+00
5.353880405426025391e+00
5.353880405426025391e+00
5.353880405426025391e+00
5.334795951843261719e+00
5.325253486633300781e+00
5.315711021423339844e+00
5.306169033050537109e+00
5.287084102630615234e+00
5.277541637420654297e+00
5.267999172210693359e+00
5.267999172210693359e+00
5.258456707000732422e+00
5.239371776580810547e+00
5.229829311370849609e+00
5.220286846160888672e+00
5.210743904113769531e+00
5.201201438903808594e+00
5.201201438903808594e+00
5.182116031646728516e+00
5.172573566436767578e+00
5.172573566436767578e+00
5.163031101226806641e+00
5.153488159179687500e+00
5.143945217132568359e+00
5.134402751922607422e+00
5.124859809875488281e+00
5.115317344665527344e+00
5.105774402618408203e+00
5.096231460571289062e+00
5.086688518524169922e+00
5.077145576477050781e+00
5.067602634429931641e+00
5.058059692382812500e+00
5.048516750335693359e+00
5.038973808288574219e+00
5.029430866241455078e+00
5.019887924194335938e+00
5.010344982147216797e+00
5.000801563262939453e+00
4.991258621215820312e+00
4.981715679168701172e+00
4.972172260284423828e+00
4.962629318237304688e+00
4.953085899353027344e+00
4.933999538421630859e+00
4.924456119537353516e+00
4.924456119537353516e+00
4.905369758605957031e+00
4.895826339721679688e+00
4.886282920837402344e+00
4.886282920837402344e+00
4.876739501953125000e+00
4.867196083068847656e+00
4.848108768463134766e+00
4.848108768463134766e+00
4.838565349578857422e+00
4.819478511810302734e+00
4.819478511810302734e+00
4.800391197204589844e+00
4.790847301483154297e+00
4.790847301483154297e+00
4.771759986877441406e+00
4.771759986877441406e+00
4.762216091156005859e+00
4.743128776550292969e+00
4.743128776550292969e+00
4.733584880828857422e+00
4.714497089385986328e+00
4.714497089385986328e+00
4.695409297943115234e+00
4.695409297943115234e+00
4.676321029663085938e+00
4.666777133941650391e+00
4.666777133941650391e+00
4.647688865661621094e+00
4.638144969940185547e+00
4.628600597381591797e+00
4.628600597381591797e+00
4.619056701660156250e+00
4.609512329101562500e+00
4.590423583984375000e+00
4.590423583984375000e+00
4.571334838867187500e+00
4.561790466308593750e+00
4.561790466308593750e+00
4.542701721191406250e+00
4.533157348632812500e+00
4.523612976074218750e+00
4.514068126678466797e+00
4.514068126678466797e+00
4.504523754119873047e+00
4.485434532165527344e+00
4.485434532165527344e+00
4.466344833374023438e+00
4.456799983978271484e+00
4.447255611419677734e+00
4.437710762023925781e+00
4.428165912628173828e+00
4.418621063232421875e+00
4.409075736999511719e+00
4.409075736999511719e+00
4.399530887603759766e+00
4.380441188812255859e+00
4.380441188812255859e+00
4.380441188812255859e+00
4.351805686950683594e+00
4.351805686950683594e+00
4.332715511322021484e+00
4.332715511322021484e+00
4.323170185089111328e+00
4.304079532623291016e+00
4.304079532623291016e+00
4.294534206390380859e+00
4.275443077087402344e+00
4.275443077087402344e+00
4.256352424621582031e+00
4.256352424621582031e+00
4.246806621551513672e+00
4.227715492248535156e+00
4.227715492248535156e+00
4.218170166015625000e+00
4.199078559875488281e+00
4.199078559875488281e+00
4.179986953735351562e+00
4.170441150665283203e+00
4.170441150665283203e+00
4.151349544525146484e+00
4.151349544525146484e+00
4.141803264617919922e+00
4.122711181640625000e+00
4.122711181640625000e+00
4.113165378570556641e+00
4.094072818756103516e+00
4.094072818756103516e+00
4.074980735778808594e+00
4.065434455871582031e+00
4.055888175964355469e+00
4.055888175964355469e+00
4.046341896057128906e+00
4.027248859405517578e+00
4.017702579498291016e+00
4.017702579498291016e+00
3.998609304428100586e+00
3.989062786102294922e+00
3.989062786102294922e+00
3.979516029357910156e+00
3.969969272613525391e+00
3.960422515869140625e+00
3.941329002380371094e+00
3.941329002380371094e+00
3.931782245635986328e+00
3.912688255310058594e+00
3.912688255310058594e+00
3.903141260147094727e+00
3.884047269821166992e+00
3.874500036239624023e+00
3.864953041076660156e+00
3.864953041076660156e+00
3.845858573913574219e+00
3.836311340332031250e+00
3.836311340332031250e+00
3.817216634750366211e+00
3.817216634750366211e+00
3.807669162750244141e+00
3.779026508331298828e+00
3.779026508331298828e+00
3.779026508331298828e+00
3.759931325912475586e+00
3.759931325912475586e+00
3.740835905075073242e+00
3.740835905075073242e+00
3.731288194656372070e+00
3.712192296981811523e+00
3.712192296981811523e+00
3.693096399307250977e+00
3.683548450469970703e+00
3.683548450469970703e+00
3.674000263214111328e+00
3.654904127120971680e+00
3.654904127120971680e+00
3.635807752609252930e+00
3.635807752609252930e+00
3.626259326934814453e+00
3.607162475585937500e+00
3.607162475585937500e+00
3.607162475585937500e+00
3.578517198562622070e+00
3.568968534469604492e+00
3.559419870376586914e+00
3.559419870376586914e+00
3.549871206283569336e+00
3.530773639678955078e+00
3.530773639678955078e+00
3.511675834655761719e+00
3.502126932144165039e+00
3.502126932144165039e+00
3.483028888702392578e+00
3.473479747772216797e+00
3.463930606842041016e+00
3.454381465911865234e+00
3.454381465911865234e+00
3.444832324981689453e+00
3.425733566284179688e+00
3.425733566284179688e+00
3.406634807586669922e+00
3.406634807586669922e+00
3.397085189819335938e+00
3.377986192703247070e+00
3.368436574935913086e+00
3.358886718750000000e+00
3.349337100982666016e+00
3.349337100982666016e+00
3.330237388610839844e+00
3.330237388610839844e+00
3.330237388610839844e+00
3.301587343215942383e+00
3.292037487030029297e+00
3.282487154006958008e+00
3.282487154006958008e+00
3.263386726379394531e+00
3.253836631774902344e+00
3.244286298751831055e+00
3.244286298751831055e+00
3.225185394287109375e+00
3.225185394287109375e+00
3.215634822845458984e+00
3.196533679962158203e+00
3.196533679962158203e+00
3.186983108520507812e+00
3.167881488800048828e+00
3.167881488800048828e+00
3.148779630661010742e+00
3.139228820800781250e+00
3.139228820800781250e+00
3.120126724243164062e+00
3.120126724243164062e+00
3.101024389266967773e+00
3.101024389266967773e+00
3.101024389266967773e+00
3.091473102569580078e+00
3.062819242477416992e+00
3.062819242477416992e+00
3.053267717361450195e+00
3.034164667129516602e+00
3.034164667129516602e+00
3.015061378479003906e+00
3.015061378479003906e+00
3.005509614944458008e+00
2.986405849456787109e+00
2.986405849456787109e+00
2.967301845550537109e+00
2.957749843597412109e+00
2.957749843597412109e+00
2.938645601272583008e+00
2.929093360900878906e+00
2.929093360900878906e+00
2.909988880157470703e+00
2.900436401367187500e+00
2.900436401367187500e+00
2.881331443786621094e+00
2.881331443786621094e+00
2.871778964996337891e+00
2.852673768997192383e+00
2.852673768997192383e+00
2.843121051788330078e+00
2.824015378952026367e+00
2.814462661743164062e+00
2.814462661743164062e+00
2.804909706115722656e+00
2.795356750488281250e+00
2.776250839233398438e+00
2.776250839233398438e+00
2.766697645187377930e+00
2.747591495513916016e+00
2.747591495513916016e+00
2.747591495513916016e+00
2.718931674957275391e+00
2.709378480911254883e+00
2.699825048446655273e+00
2.699825048446655273e+00
2.699825048446655273e+00
2.671164751052856445e+00
2.671164751052856445e+00
2.661611318588256836e+00
2.642504215240478516e+00
2.642504215240478516e+00
2.623397111892700195e+00
2.623397111892700195e+00
2.623397111892700195e+00
2.594735860824584961e+00
2.594735860824584961e+00
2.585182189941406250e+00
2.566074609756469727e+00
2.566074609756469727e+00
2.546967029571533203e+00
2.537413120269775391e+00
2.527859210968017578e+00
2.527859210968017578e+00
2.518305301666259766e+00
2.499197244644165039e+00
2.489643335342407227e+00
2.489643335342407227e+00
2.470535278320312500e+00
2.460981369018554688e+00
2.451427221298217773e+00
2.441873073577880859e+00
2.441873073577880859e+00
2.441873073577880859e+00
2.413210868835449219e+00
2.413210868835449219e+00
2.394102573394775391e+00
2.384548425674438477e+00
2.384548425674438477e+00
2.365439891815185547e+00
2.355885744094848633e+00
2.346331596374511719e+00
2.346331596374511719e+00
2.336777448654174805e+00
2.317668914794921875e+00
2.308114767074584961e+00
2.308114767074584961e+00
2.289006233215332031e+00
2.289006233215332031e+00
2.279452085494995117e+00
2.260343551635742188e+00
2.260343551635742188e+00
2.241235017776489258e+00
2.231680870056152344e+00
2.231680870056152344e+00
2.212572336196899414e+00
2.203018188476562500e+00
2.193463802337646484e+00
2.183909654617309570e+00
2.174355506896972656e+00
2.164801359176635742e+00
2.155246973037719727e+00
2.145692825317382812e+00
2.136138677597045898e+00
2.117030382156372070e+00
2.107476234436035156e+00
2.097922086715698242e+00
2.097922086715698242e+00
2.097922086715698242e+00
2.088367938995361328e+00
2.078813791275024414e+00
2.059705734252929688e+00
2.059705734252929688e+00
2.050151586532592773e+00
2.031043529510498047e+00
2.021489620208740234e+00
2.011935472488403320e+00
2.011935472488403320e+00
2.002381563186645508e+00
1.983273625373840332e+00
1.973719716072082520e+00
1.973719716072082520e+00
1.954612016677856445e+00
1.945058226585388184e+00
1.935504436492919922e+00
1.925950646400451660e+00
1.925950646400451660e+00
1.916396856307983398e+00
1.897289395332336426e+00
1.897289395332336426e+00
1.878182172775268555e+00
1.868628501892089844e+00
1.859074950218200684e+00
1.849521398544311523e+00
1.849521398544311523e+00
1.839967966079711914e+00
1.820861101150512695e+00
1.820861101150512695e+00
1.801754236221313477e+00
1.792200922966003418e+00
1.792200922966003418e+00
1.773094415664672852e+00
1.773094415664672852e+00
1.763541221618652344e+00
1.744434952735900879e+00
1.744434952735900879e+00
1.734881877899169922e+00
1.715775847434997559e+00
1.715775847434997559e+00
1.696670055389404297e+00
1.687117218971252441e+00
1.687117218971252441e+00
1.668011665344238281e+00
1.668011665344238281e+00
1.648906230926513672e+00
1.639353632926940918e+00
1.639353632926940918e+00
1.620248675346374512e+00
1.610696196556091309e+00
1.610696196556091309e+00
1.591591477394104004e+00
1.582039117813110352e+00
1.572486996650695801e+00
1.562934756278991699e+00
1.562934756278991699e+00
1.543830633163452148e+00
1.534278631210327148e+00
1.534278631210327148e+00
1.524726748466491699e+00
1.505622982978820801e+00
1.505622982978820801e+00
1.486519575119018555e+00
1.476967930793762207e+00
1.476967930793762207e+00
1.457864880561828613e+00
1.457864880561828613e+00
1.448313474655151367e+00
1.448313474655151367e+00
1.429210901260375977e+00
1.410108566284179688e+00
1.400557398796081543e+00
1.400557398796081543e+00
1.381455540657043457e+00
1.371904611587524414e+00
1.362353920936584473e+00
1.362353920936584473e+00
1.352803111076354980e+00
1.333701968193054199e+00
1.324151515960693359e+00
1.324151515960693359e+00
1.324151515960693359e+00
1.295500516891479492e+00
1.285950422286987305e+00
1.276400327682495117e+00
1.276400327682495117e+00
1.266850352287292480e+00
1.247750520706176758e+00
1.247750520706176758e+00
1.228651165962219238e+00
1.219101548194885254e+00
1.219101548194885254e+00
1.200002670288085938e+00
1.200002670288085938e+00
1.190453410148620605e+00
1.171355009078979492e+00
1.171355009078979492e+00
1.161805987358093262e+00
1.152256965637207031e+00
1.133159399032592773e+00
1.123610734939575195e+00
1.123610734939575195e+00
1.114062190055847168e+00
1.094965338706970215e+00
1.094965338706970215e+00
1.075868844985961914e+00
1.075868844985961914e+00
1.066320657730102539e+00
1.066320657730102539e+00
1.047224879264831543e+00
1.037677049636840820e+00
1.018581748008728027e+00
1.018581748008728027e+00
1.009034276008605957e+00
9.899396300315856934e-01
9.899396300315856934e-01
9.803924560546875000e-01
9.612984657287597656e-01
9.612984657287597656e-01
9.517516493797302246e-01
9.326582551002502441e-01
9.231117963790893555e-01
9.135653972625732422e-01
9.040190577507019043e-01
8.944728970527648926e-01
8.849268555641174316e-01
8.849268555641174316e-01
8.658350706100463867e-01
8.562893867492675781e-01
8.467437624931335449e-01
8.371982574462890625e-01
8.276529312133789062e-01
8.181076645851135254e-01
8.085625767707824707e-01
8.085625767707824707e-01
7.990175485610961914e-01
7.799279689788818359e-01
7.799279689788818359e-01
7.608388066291809082e-01
7.512944340705871582e-01
7.512944340705871582e-01
7.322060465812683105e-01
7.322060465812683105e-01
7.226620316505432129e-01
7.035744190216064453e-01
7.035744190216064453e-01
6.844873428344726562e-01
6.749439835548400879e-01
6.749439835548400879e-01
6.654008030891418457e-01
6.558576822280883789e-01
6.463147401809692383e-01
6.367719173431396484e-01
6.272292733192443848e-01
6.272292733192443848e-01
5.986020565032958984e-01
5.986020565032958984e-01
5.795179605484008789e-01
5.699760913848876953e-01
5.604344010353088379e-01
5.508928298950195312e-01
5.508928298950195312e-01
5.413513779640197754e-01
5.222690105438232422e-01
5.222690105438232422e-01
5.127279758453369141e-01
4.936464726924896240e-01
4.936464726924896240e-01
4.745655357837677002e-01
4.650252759456634521e-01
4.650252759456634521e-01
4.459452331066131592e-01
4.459452331066131592e-01
4.364054203033447266e-01
4.173263013362884521e-01
4.173263013362884521e-01
3.982477784156799316e-01
3.887087404727935791e-01
3.791698813438415527e-01
3.696311712265014648e-01
3.696311712265014648e-01
3.696311712265014648e-01
3.410159945487976074e-01
3.410159945487976074e-01
3.219400048255920410e-01
3.124022483825683594e-01
3.124022483825683594e-01
2.933272421360015869e-01
2.837899625301361084e-01
2.837899625301361084e-01
2.647159397602081299e-01
2.647159397602081299e-01
2.647159397602081299e-01
2.361061722040176392e-01
2.361061722040176392e-01
2.170338332653045654e-01
2.074979096651077271e-01
2.074979096651077271e-01
1.884265989065170288e-01
1.884265989065170288e-01
1.788911968469619751e-01
1.598209291696548462e-01
1.502860486507415771e-01
1.407513618469238281e-01
1.312168389558792114e-01
1.312168389558792114e-01
1.216824948787689209e-01
1.026143506169319153e-01
1.026143506169319153e-01
1.026143506169319153e-01
7.401349395513534546e-02
7.401349395513534546e-02
6.448023766279220581e-02
5.494716390967369080e-02
4.541427642107009888e-02
2.634905837476253510e-02
2.634905837476253510e-02
1.681672967970371246e-02
-2.247363794595003128e-03
-1.177912671118974686e-02
-1.177912671118974686e-02
-2.131070010364055634e-02
-2.131070010364055634e-02
-2.131070010364055634e-02
-2.131070010364055634e-02
-2.131070010364055634e-02
-2.131070010364055634e-02
-4.990427196025848389e-02
-4.990427196025848389e-02
-5.943507701158523560e-02
-6.896568834781646729e-02
-7.849609851837158203e-02
-8.802632242441177368e-02
-1.070861741900444031e-01
-1.070861741900444031e-01
-1.261452287435531616e-01
-1.261452287435531616e-01
-1.452034860849380493e-01
-1.452034860849380493e-01
-1.642609387636184692e-01
-1.642609387636184692e-01
-1.737893521785736084e-01
-1.833175718784332275e-01
-1.928455978631973267e-01
-2.023734003305435181e-01
-2.214283943176269531e-01
-2.214283943176269531e-01
-2.309555858373641968e-01
-2.500093281269073486e-01
-2.500093281269073486e-01
-2.595359086990356445e-01
-2.690622508525848389e-01
-2.881143093109130859e-01
-2.976400256156921387e-01
-2.976400256156921387e-01
-3.166908025741577148e-01
-3.262158632278442383e-01
-3.262158632278442383e-01
-3.452653288841247559e-01
-3.547897636890411377e-01
-3.643139600753784180e-01
-3.738379180431365967e-01
-3.833616673946380615e-01
-3.928852081298828125e-01
-4.024085402488708496e-01
-4.214544892311096191e-01
-4.214544892311096191e-01
-4.309771060943603516e-01
-4.309771060943603516e-01
-4.404995441436767578e-01
-4.500217139720916748e-01
-4.595436751842498779e-01
-4.690654277801513672e-01
-4.785869121551513672e-01
-4.881081879138946533e-01
-5.071500539779663086e-01
-5.071500539779663086e-01
-5.166706442832946777e-01
-5.261909961700439453e-01
-5.357111096382141113e-01
-5.452309846878051758e-01
-5.547506213188171387e-01
-5.642700791358947754e-01
-5.737892389297485352e-01
-5.833081603050231934e-01
-6.023454070091247559e-01
-6.023454070091247559e-01
-6.023454070091247559e-01
-6.023454070091247559e-01
-6.023454070091247559e-01
-6.023454070091247559e-01
-6.023454070091247559e-01
-6.023454070091247559e-01
-6.023454070091247559e-01
-6.023454070091247559e-01
-4.120112419128417969e+00
-4.129624366760253906e+00
-4.139136314392089844e+00
-4.148648262023925781e+00
-4.158160209655761719e+00
-4.167672157287597656e+00
-4.167672157287597656e+00
-4.186695575714111328e+00
-4.186695575714111328e+00
-4.205719470977783203e+00
-4.215231418609619141e+00
-4.215231418609619141e+00
-4.243766784667968750e+00
-4.243766784667968750e+00
-4.253278732299804688e+00
-4.272302627563476562e+00
-4.272302627563476562e+00
-4.281814575195312500e+00
-4.291326522827148438e+00
-4.300838470458984375e+00
-4.319862365722656250e+00
-4.319862365722656250e+00
-4.329374313354492188e+00
-4.348398208618164062e+00
-4.348398208618164062e+00
-4.357909679412841797e+00
-4.367421627044677734e+00
-4.376933574676513672e+00
-4.395957469940185547e+00
-4.395957469940185547e+00
-4.405469417572021484e+00
-4.424493312835693359e+00
-4.424493312835693359e+00
-4.443517684936523438e+00
-4.443517684936523438e+00
-4.443517684936523438e+00
-4.472053527832031250e+00
-4.472053527832031250e+00
-4.481565475463867188e+00
-4.500589370727539062e+00
-4.500589370727539062e+00
-4.510101318359375000e+00
-4.529125690460205078e+00
-4.529125690460205078e+00
-4.548149585723876953e+00
-4.548149585723876953e+00
-4.557661533355712891e+00
-4.567173480987548828e+00
-4.576685905456542969e+00
-4.576685905456542969e+00
-4.586197853088378906e+00
-4.605222225189208984e+00
-4.614734172821044922e+00
-4.624246120452880859e+00
-4.633758544921875000e+00
-4.652782440185546875e+00
-4.652782440185546875e+00
-4.662294864654541016e+00
-4.681319236755371094e+00
-4.690831184387207031e+00
-4.690831184387207031e+00
-4.709855556488037109e+00
-4.709855556488037109e+00
-4.719367980957031250e+00
-4.738392353057861328e+00
-4.738392353057861328e+00
-4.747904300689697266e+00
-4.757416725158691406e+00
-4.766929149627685547e+00
-4.776441097259521484e+00
-4.785953521728515625e+00
-4.795465946197509766e+00
-4.804978370666503906e+00
-4.814490318298339844e+00
-4.833515167236328125e+00
-4.833515167236328125e+00
-4.843027591705322266e+00
-4.862052440643310547e+00
-4.862052440643310547e+00
-4.881077289581298828e+00
-4.881077289581298828e+00
-4.890589714050292969e+00
-4.900102138519287109e+00
-4.909614562988281250e+00
-4.909614562988281250e+00
-4.938151836395263672e+00
-4.938151836395263672e+00
-4.957176685333251953e+00
-4.957176685333251953e+00
-4.966689586639404297e+00
-4.985714435577392578e+00
-4.985714435577392578e+00
-4.995227336883544922e+00
-5.014252185821533203e+00
-5.014252185821533203e+00
-5.023765087127685547e+00
-5.033277511596679688e+00
-5.042790412902832031e+00
-5.042790412902832031e+00
-5.061815738677978516e+00
-5.080841064453125000e+00
-5.080841064453125000e+00
-5.090353965759277344e+00
-5.099866390228271484e+00
-5.109379291534423828e+00
-5.118892192840576172e+00
-5.128405094146728516e+00
-5.137917995452880859e+00
-5.137917995452880859e+00
-5.166456222534179688e+00
-5.166456222534179688e+00
-5.175969123840332031e+00
-5.194994926452636719e+00
-5.194994926452636719e+00
-5.204508304595947266e+00
-5.214021205902099609e+00
-5.223534107208251953e+00
-5.242559909820556641e+00
-5.242559909820556641e+00
-5.252073287963867188e+00
-5.252073287963867188e+00
-5.271099567413330078e+00
-5.280612468719482422e+00
-5.290125370025634766e+00
-5.299638748168945312e+00
-5.309152126312255859e+00
-5.318665027618408203e+00
-5.328178405761718750e+00
-5.347204685211181641e+00
-5.347204685211181641e+00
-5.356718063354492188e+00
-5.375744819641113281e+00
-5.375744819641113281e+00
-5.385258197784423828e+00
-5.404284954071044922e+00
-5.404284954071044922e+00
-5.413798332214355469e+00
-5.413798332214355469e+00
-5.423311710357666016e+00
-5.432825088500976562e+00
-5.451852321624755859e+00
-5.461365699768066406e+00
-5.489906311035156250e+00
-5.489906311035156250e+00
-5.489906311035156250e+00
-5.499420166015625000e+00
-5.508933544158935547e+00
-5.518447399139404297e+00
-5.527961254119873047e+00
-5.537474632263183594e+00
-5.546988487243652344e+00
-5.556502342224121094e+00
-5.566016197204589844e+00
-5.575530052185058594e+00
-5.585043907165527344e+00
-5.594557762145996094e+00
-5.594557762145996094e+00
-5.613585472106933594e+00
-5.623099327087402344e+00
-5.651641368865966797e+00
-5.670669555664062500e+00
-5.680183887481689453e+00
-5.689697742462158203e+00
-5.699212074279785156e+00
-5.708726406097412109e+00
-5.718240737915039062e+00
-5.718240737915039062e+00
-5.727754592895507812e+00
-5.737268924713134766e+00
-5.746783256530761719e+00
-5.756297588348388672e+00
-5.765811920166015625e+00
-5.775326251983642578e+00
-5.784841060638427734e+00
-5.794355392456054688e+00
-5.794355392456054688e+00
-5.813384532928466797e+00
-5.822898864746093750e+00
-5.822898864746093750e+00
-5.841928005218505859e+00
-5.860957145690917969e+00
-5.860957145690917969e+00
-5.870471954345703125e+00
-5.879986763000488281e+00
-5.889501571655273438e+00
-5.899016380310058594e+00
-5.899016380310058594e+00
-5.918045997619628906e+00
-5.927560806274414062e+00
-5.937075614929199219e+00
-5.946590900421142578e+00
-5.956105709075927734e+00
-5.965620517730712891e+00
-5.975135803222656250e+00
-5.984650611877441406e+00
-5.994165897369384766e+00
-6.003681182861328125e+00
-6.003681182861328125e+00
-6.022711277008056641e+00
-6.032226562500000000e+00
-6.041741847991943359e+00
-6.051257133483886719e+00
-6.051257133483886719e+00
-6.070287704467773438e+00
-6.079803466796875000e+00
-6.089318752288818359e+00
-6.098834037780761719e+00
-6.108349800109863281e+00
-6.117865085601806641e+00
-6.127380847930908203e+00
-6.127380847930908203e+00
-6.136896610260009766e+00
-6.155927658081054688e+00
-6.174959182739257812e+00
-6.174959182739257812e+00
-6.184474945068359375e+00
-6.203506946563720703e+00
-6.203506946563720703e+00
-6.222538471221923828e+00
-6.222538471221923828e+00
-6.232054710388183594e+00
-6.251086711883544922e+00
-6.251086711883544922e+00
-6.260602951049804688e+00
-6.279634952545166016e+00
-6.279634952545166016e+00
-6.298667430877685547e+00
-6.298667430877685547e+00
-6.308183670043945312e+00
-6.308183670043945312e+00
-6.308183670043945312e+00
-6.327216148376464844e+00
-6.346249103546142578e+00
-6.355765819549560547e+00
-6.374798774719238281e+00
-6.384315490722656250e+00
-6.393831729888916016e+00
-6.393831729888916016e+00
-6.412865161895751953e+00
-6.412865161895751953e+00
-6.422381877899169922e+00
-6.422381877899169922e+00
-6.441415786743164062e+00
-6.450932502746582031e+00
-6.460449218750000000e+00
-6.469966411590576172e+00
-6.479483127593994141e+00
-6.489000320434570312e+00
-6.498517513275146484e+00
-6.508034706115722656e+00
-6.517551898956298828e+00
-6.536586284637451172e+00
-6.536586284637451172e+00
-6.546103477478027344e+00
-6.546103477478027344e+00
-6.546103477478027344e+00
-6.584173202514648438e+00
-6.584173202514648438e+00
-6.593690395355224609e+00
-6.612725734710693359e+00
-6.612725734710693359e+00
-6.622243404388427734e+00
-6.641278743743896484e+00
-6.641278743743896484e+00
-6.650796413421630859e+00
-6.669832229614257812e+00
-6.669832229614257812e+00
-6.688868045806884766e+00
-6.688868045806884766e+00
-6.698385715484619141e+00
-6.717422008514404297e+00
-6.717422008514404297e+00
-6.726940155029296875e+00
-6.745976448059082031e+00
-6.745976448059082031e+00
-6.765012741088867188e+00
-6.765012741088867188e+00
-6.774531364440917969e+00
-6.793568134307861328e+00
-6.793568134307861328e+00
-6.803086757659912109e+00
-6.812604904174804688e+00
-6.822123527526855469e+00
-6.841160774230957031e+00
-6.841160774230957031e+00
-6.850679874420166016e+00
-6.869717121124267578e+00
-6.869717121124267578e+00
-6.888754844665527344e+00
-6.888754844665527344e+00
-6.898273944854736328e+00
-6.917312145233154297e+00
-6.917312145233154297e+00
-6.926831245422363281e+00
-6.945869445800781250e+00
-6.945869445800781250e+00
-6.955389022827148438e+00
-6.974427700042724609e+00
-6.974427700042724609e+00
-6.983946800231933594e+00
-6.993466377258300781e+00
-7.012505531311035156e+00
-7.012505531311035156e+00
-7.022025108337402344e+00
-7.031544685363769531e+00
-7.041064262390136719e+00
-7.060103893280029297e+00
-7.069623947143554688e+00
-7.079143524169921875e+00
-7.079143524169921875e+00
-7.079143524169921875e+00
-7.098183631896972656e+00
-7.107703685760498047e+00
-7.117223739624023438e+00
-7.126743793487548828e+00
-7.136264324188232422e+00
-7.155304908752441406e+00
-7.155304908752441406e+00
-7.164825439453125000e+00
-7.183866024017333984e+00
-7.183866024017333984e+00
-7.183866024017333984e+00
-7.202907085418701172e+00
-7.212428092956542969e+00
-7.221948623657226562e+00
-7.231469631195068359e+00
-7.260032176971435547e+00
-7.269553184509277344e+00
-7.269553184509277344e+00
-7.279074192047119141e+00
-7.279074192047119141e+00
-7.298116207122802734e+00
-7.298116207122802734e+00
-7.307637214660644531e+00
-7.317158699035644531e+00
-7.326680183410644531e+00
-7.336201190948486328e+00
-7.345722675323486328e+00
-7.355244159698486328e+00
-7.364765644073486328e+00
-7.374287605285644531e+00
-7.383809089660644531e+00
-7.393330574035644531e+00
-7.412374496459960938e+00
-7.412374496459960938e+00
-7.421895980834960938e+00
-7.431417942047119141e+00
-7.431417942047119141e+00
-7.450462341308593750e+00
-7.459984302520751953e+00
-7.469506263732910156e+00
-7.479028701782226562e+00
-7.488551139831542969e+00
-7.498073101043701172e+00
-7.507595539093017578e+00
-7.517117977142333984e+00
-7.526640892028808594e+00
-7.536163330078125000e+00
-7.545685768127441406e+00
-7.555208683013916016e+00
-7.564731121063232422e+00
-7.574254035949707031e+00
-7.583776950836181641e+00
-7.593299865722656250e+00
-7.602822780609130859e+00
-7.621869087219238281e+00
-7.621869087219238281e+00
-7.631392478942871094e+00
-7.640915393829345703e+00
-7.650438785552978516e+00
-7.659962177276611328e+00
-7.679008960723876953e+00
-7.679008960723876953e+00
-7.688532829284667969e+00
-7.707580089569091797e+00
-7.707580089569091797e+00
-7.717103481292724609e+00
-7.736151218414306641e+00
-7.736151218414306641e+00
-7.755198955535888672e+00
-7.755198955535888672e+00
-7.764722824096679688e+00
-7.783771038055419922e+00
-7.783771038055419922e+00
-7.793294906616210938e+00
-7.812343120574951172e+00
-7.812343120574951172e+00
-7.821867465972900391e+00
-7.840916156768798828e+00
-7.840916156768798828e+00
-7.840916156768798828e+00
-7.869489192962646484e+00
-7.869489192962646484e+00
-7.879013538360595703e+00
-7.888538360595703125e+00
-7.888538360595703125e+00
-7.917111873626708984e+00
-7.917111873626708984e+00
-7.926636695861816406e+00
-7.945685863494873047e+00
-7.945685863494873047e+00
-7.955210685729980469e+00
-7.964735507965087891e+00
-7.974260330200195312e+00
-7.983785152435302734e+00
-8.002835273742675781e+00
-8.002835273742675781e+00
-8.021884918212890625e+00
-8.021884918212890625e+00
-8.040934562683105469e+00
-8.040934562683105469e+00
-8.040934562683105469e+00
-8.069510459899902344e+00
-8.079034805297851562e+00
-8.079034805297851562e+00
-8.098085403442382812e+00
-8.098085403442382812e+00
-8.107610702514648438e+00
-8.126661300659179688e+00
-8.126661300659179688e+00
-8.136186599731445312e+00
-8.155237197875976562e+00
-8.155237197875976562e+00
-8.174287796020507812e+00
-8.174287796020507812e+00
-8.193338394165039062e+00
-8.193338394165039062e+00
-8.202863693237304688e+00
-8.221914291381835938e+00
-8.221914291381835938e+00
-8.231439590454101562e+00
-8.250490188598632812e+00
-8.250490188598632812e+00
-8.260015487670898438e+00
-8.279066085815429688e+00
-8.279066085815429688e+00
-8.298116683959960938e+00
-8.298116683959960938e+00
-8.307641983032226562e+00
-8.326692581176757812e+00
-8.326692581176757812e+00
-8.336218833923339844e+00
-8.355269432067871094e+00
-8.355269432067871094e+00
-8.374320030212402344e+00
-8.374320030212402344e+00
-8.383845329284667969e+00
-8.402895927429199219e+00
-8.402895927429199219e+00
-8.412421226501464844e+00
-8.431471824645996094e+00
-8.431471824645996094e+00
-8.440997123718261719e+00
-8.460047721862792969e+00
-8.460047721862792969e+00
-8.479098320007324219e+00
-8.479098320007324219e+00
-8.488623619079589844e+00
-8.507674217224121094e+00
-8.507674217224121094e+00
-8.517199516296386719e+00
-8.536250114440917969e+00
-8.536250114440917969e+00
-8.555299758911132812e+00
-8.555299758911132812e+00
-8.564825057983398438e+00
-8.583875656127929688e+00
-8.583875656127929688e+00
-8.593400955200195312e+00
-8.593400955200195312e+00
-8.612450599670410156e+00
-8.631500244140625000e+00
-8.631500244140625000e+00
-8.641025543212890625e+00
-8.660075187683105469e+00
-8.660075187683105469e+00
-8.669600486755371094e+00
-8.688650131225585938e+00
-8.688650131225585938e+00
-8.688650131225585938e+00
-8.707698822021484375e+00
-8.717224121093750000e+00
-8.717224121093750000e+00
-8.736272811889648438e+00
-8.745798110961914062e+00
-8.764846801757812500e+00
-8.764846801757812500e+00
-8.774371147155761719e+00
-8.793419837951660156e+00
-8.793419837951660156e+00
-8.812468528747558594e+00
-8.812468528747558594e+00
-8.821992874145507812e+00
-8.841041564941406250e+00
-8.841041564941406250e+00
-8.850565910339355469e+00
-8.860089302062988281e+00
-8.869613647460937500e+00
-8.879137992858886719e+00
-8.888661384582519531e+00
-8.907709121704101562e+00
-8.917233467102050781e+00
-8.917233467102050781e+00
-8.917233467102050781e+00
-8.936280250549316406e+00
-8.955327987670898438e+00
-8.955327987670898438e+00
-8.974374771118164062e+00
-8.974374771118164062e+00
-8.983898162841796875e+00
-8.993421554565429688e+00
-9.002944946289062500e+00
-9.012468338012695312e+00
-9.031514167785644531e+00
-9.031514167785644531e+00
-9.041037559509277344e+00
-9.060083389282226562e+00
-9.069605827331542969e+00
-9.069605827331542969e+00
-9.069605827331542969e+00
-9.098174095153808594e+00
-9.098174095153808594e+00
-9.117218971252441406e+00
-9.117218971252441406e+00
-9.136263847351074219e+00
-9.136263847351074219e+00
-9.145786285400390625e+00
-9.164831161499023438e+00
-9.164831161499023438e+00
-9.174352645874023438e+00
-9.193396568298339844e+00
-9.193396568298339844e+00
-9.212440490722656250e+00
-9.212440490722656250e+00
-9.221961975097656250e+00
-9.241005897521972656e+00
-9.241005897521972656e+00
-9.260048866271972656e+00
-9.260048866271972656e+00
-9.269569396972656250e+00
-9.288612365722656250e+00
-9.288612365722656250e+00
-9.298132896423339844e+00
-9.317174911499023438e+00
-9.317174911499023438e+00
-9.326696395874023438e+00
-9.345737457275390625e+00
-9.345737457275390625e+00
-9.355257987976074219e+00
-9.374299049377441406e+00
-9.374299049377441406e+00
-9.393339157104492188e+00
-9.393339157104492188e+00
-9.402859687805175781e+00
-9.402859687805175781e+00
-9.421898841857910156e+00
-9.431419372558593750e+00
-9.450458526611328125e+00
-9.450458526611328125e+00
-9.469496726989746094e+00
-9.469496726989746094e+00
-9.479016304016113281e+00
-9.498054504394531250e+00
-9.498054504394531250e+00
-9.507574081420898438e+00
-9.526611328125000000e+00
-9.526611328125000000e+00
-9.545648574829101562e+00
-9.545648574829101562e+00
-9.555167198181152344e+00
-9.574203491210937500e+00
-9.574203491210937500e+00
-9.583722114562988281e+00
-9.602758407592773438e+00
-9.602758407592773438e+00
-9.612276077270507812e+00
-9.631311416625976562e+00
-9.631311416625976562e+00
-9.650345802307128906e+00
-9.650345802307128906e+00
-9.659863471984863281e+00
-9.659863471984863281e+00
-9.678897857666015625e+00
-9.688414573669433594e+00
-9.707448005676269531e+00
-9.707448005676269531e+00
-9.726480484008789062e+00
-9.726480484008789062e+00
-9.735997200012207031e+00
-9.755029678344726562e+00
-9.755029678344726562e+00
-9.764545440673828125e+00
-9.783576965332031250e+00
-9.783576965332031250e+00
-9.793092727661132812e+00
-9.802607536315917969e+00
-9.812123298645019531e+00
-9.821638107299804688e+00
-9.831152915954589844e+00
-9.840667724609375000e+00
-9.859697341918945312e+00
-9.869212150573730469e+00
-9.869212150573730469e+00
-9.869212150573730469e+00
-9.888240814208984375e+00
-9.907268524169921875e+00
-9.916782379150390625e+00
-9.916782379150390625e+00
-9.926296234130859375e+00
-9.945322990417480469e+00
-9.945322990417480469e+00
-9.964349746704101562e+00
-9.964349746704101562e+00
-9.964349746704101562e+00
-9.992888450622558594e+00
-9.992888450622558594e+00
-1.000240039825439453e+01
-1.001191329956054688e+01
-1.002142524719238281e+01
-1.004044914245605469e+01
-1.004044914245605469e+01
-1.004996109008789062e+01
-1.006898403167724609e+01
-1.006898403167724609e+01
-1.007849597930908203e+01
-1.009751796722412109e+01
-1.009751796722412109e+01
-1.011653995513916016e+01
-1.011653995513916016e+01
-1.012604999542236328e+01
-1.014507102966308594e+01
-1.014507102966308594e+01
-1.014507102966308594e+01
-1.017360019683837891e+01
-1.017360019683837891e+01
-1.018311023712158203e+01
-1.020212936401367188e+01
-1.020212936401367188e+01
-1.022114753723144531e+01
-1.022114753723144531e+01
-1.023065567016601562e+01
-1.024967288970947266e+01
-1.024967288970947266e+01
-1.025918102264404297e+01
-1.026868915557861328e+01
-1.027819728851318359e+01
-1.029721260070800781e+01
-1.029721260070800781e+01
-1.030671977996826172e+01
-1.032573509216308594e+01
-1.032573509216308594e+01
-1.033524131774902344e+01
-1.035425472259521484e+01
-1.035425472259521484e+01
-1.036376094818115234e+01
-1.037326717376708984e+01
-1.038277339935302734e+01
-1.040178489685058594e+01
-1.040178489685058594e+01
-1.041129016876220703e+01
-1.043030071258544922e+01
-1.043030071258544922e+01
-1.043980598449707031e+01
-1.045881557464599609e+01
-1.045881557464599609e+01
-1.046831989288330078e+01
-1.048732852935791016e+01
-1.048732852935791016e+01
-1.049683189392089844e+01
-1.050633525848388672e+01
-1.051583862304687500e+01
-1.053484535217285156e+01
-1.053484535217285156e+01
-1.054434776306152344e+01
-1.054434776306152344e+01
-1.056335353851318359e+01
-1.058235740661621094e+01
-1.059185981750488281e+01
-1.059185981750488281e+01
-1.061086273193359375e+01
-1.061086273193359375e+01
-1.062036418914794922e+01
-1.063936614990234375e+01
-1.063936614990234375e+01
-1.064886665344238281e+01
-1.065836715698242188e+01
-1.066786766052246094e+01
-1.068686771392822266e+01
-1.068686771392822266e+01
-1.069636726379394531e+01
-1.071536636352539062e+01
-1.071536636352539062e+01
-1.073436450958251953e+01
-1.074386310577392578e+01
-1.074386310577392578e+01
-1.075336170196533203e+01
-1.076285934448242188e+01
-1.077235794067382812e+01
-1.079135322570800781e+01
-1.079135322570800781e+01
-1.081034755706787109e+01
-1.081984424591064453e+01
-1.081984424591064453e+01
-1.082934093475341797e+01
-1.084833335876464844e+01
-1.084833335876464844e+01
-1.085783004760742188e+01
-1.085783004760742188e+01
-1.087682151794433594e+01
-1.088631629943847656e+01
-1.089581203460693359e+01
-1.091480159759521484e+01
-1.091480159759521484e+01
-1.093379020690917969e+01
-1.094328403472900391e+01
-1.094328403472900391e+01
-1.095277786254882812e+01
-1.097176551818847656e+01
-1.097176551818847656e+01
-1.098125839233398438e+01
-1.100024414062500000e+01
-1.100024414062500000e+01
-1.100973606109619141e+01
-1.102872085571289062e+01
-1.102872085571289062e+01
-1.103821182250976562e+01
-1.105719470977783203e+01
-1.105719470977783203e+01
-1.107617664337158203e+01
-1.107617664337158203e+01
-1.108566761016845703e+01
-1.109515762329101562e+01
-1.111413764953613281e+01
-1.112362670898437500e+01
-1.112362670898437500e+01
-1.113311576843261719e+01
-1.115209388732910156e+01
-1.115209388732910156e+01
-1.116158294677734375e+01
-1.118055915832519531e+01
-1.118055915832519531e+01
-1.119004726409912109e+01
-1.120902252197265625e+01
-1.120902252197265625e+01
-1.122799682617187500e+01
-1.122799682617187500e+01
-1.123748302459716797e+01
-1.124697017669677734e+01
-1.125645637512207031e+01
-1.126594257354736328e+01
-1.127542877197265625e+01
-1.128491497039794922e+01
-1.129440021514892578e+01
-1.131337070465087891e+01
-1.131337070465087891e+01
-1.132285594940185547e+01
-1.134182548522949219e+01
-1.134182548522949219e+01
-1.136079406738281250e+01
-1.136079406738281250e+01
-1.137027835845947266e+01
-1.138924694061279297e+01
-1.139873027801513672e+01
-1.139873027801513672e+01
-1.141769695281982422e+01
-1.141769695281982422e+01
-1.142718029022216797e+01
-1.144614696502685547e+01
-1.144614696502685547e+01
-1.145562934875488281e+01
-1.147459506988525391e+01
-1.147459506988525391e+01
-1.149355983734130859e+01
-1.149355983734130859e+01
-1.150304222106933594e+01
-1.152200603485107422e+01
-1.152200603485107422e+01
-1.153148746490478516e+01
-1.155045127868652344e+01
-1.155045127868652344e+01
-1.155045127868652344e+01
-1.155045127868652344e+01
-1.157889556884765625e+01
-1.159785747528076172e+01
-1.159785747528076172e+01
-1.161681938171386719e+01
-1.161681938171386719e+01
-1.162630081176757812e+01
-1.163578128814697266e+01
-1.164526176452636719e+01
-1.165474319458007812e+01
-1.167370414733886719e+01
-1.167370414733886719e+01
-1.168318462371826172e+01
-1.170214557647705078e+01
-1.170214557647705078e+01
-1.171162509918212891e+01
-1.173058605194091797e+01
-1.174006652832031250e+01
-1.174006652832031250e+01
-1.175902652740478516e+01
-1.175902652740478516e+01
-1.176850605010986328e+01
-1.177798652648925781e+01
-1.178746604919433594e+01
-1.180642604827880859e+01
-1.180642604827880859e+01
-1.181590652465820312e+01
-1.182538604736328125e+01
-1.183486557006835938e+01
-1.185382556915283203e+01
-1.185382556915283203e+01
-1.186330604553222656e+01
-1.188226509094238281e+01
-1.188226509094238281e+01
-1.188226509094238281e+01
-1.190122509002685547e+01
-1.191070461273193359e+01
-1.192966461181640625e+01
-1.192966461181640625e+01
-1.192966461181640625e+01
-1.195810508728027344e+01
-1.195810508728027344e+01
-1.196758460998535156e+01
-1.198654556274414062e+01
-1.198654556274414062e+01
-1.199602508544921875e+01
-1.201498603820800781e+01
-1.201498603820800781e+01
-1.201498603820800781e+01
-1.203394603729248047e+01
-1.204342651367187500e+01
-1.205290699005126953e+01
-1.206238746643066406e+01
-1.207186794281005859e+01
-1.208134937286376953e+01
-1.208134937286376953e+01
-1.210979175567626953e+01
-1.210979175567626953e+01
-1.211927223205566406e+01
-1.213823509216308594e+01
-1.213823509216308594e+01
-1.214771556854248047e+01
-1.216667842864990234e+01
-1.216667842864990234e+01
-1.218564224243164062e+01
-1.218564224243164062e+01
-1.219512367248535156e+01
-1.221408748626708984e+01
-1.221408748626708984e+01
-1.222356986999511719e+01
-1.224253368377685547e+01
-1.224253368377685547e+01
-1.225201606750488281e+01
-1.227098178863525391e+01
-1.227098178863525391e+01
-1.228994750976562500e+01
-1.228994750976562500e+01
-1.229943084716796875e+01
-1.231839752197265625e+01
-1.231839752197265625e+01
-1.233736515045166016e+01
-1.233736515045166016e+01
-1.234684848785400391e+01
-1.235633277893066406e+01
-1.236581707000732422e+01
-1.236581707000732422e+01
-1.237530136108398438e+01
-1.237530136108398438e+01
-1.240375518798828125e+01
-1.240375518798828125e+01
-1.240375518798828125e+01
-1.243221092224121094e+01
-1.244169712066650391e+01
-1.244169712066650391e+01
-1.247015476226806641e+01
-1.247015476226806641e+01
-1.247964096069335938e+01
-1.249861526489257812e+01
-1.249861526489257812e+01
-1.250810146331787109e+01
-1.252707672119140625e+01
-1.252707672119140625e+01
-1.254605197906494141e+01
-1.254605197906494141e+01
-1.255554008483886719e+01
-1.257451725006103516e+01
-1.257451725006103516e+01
-1.258400630950927734e+01
-1.260298442840576172e+01
-1.260298442840576172e+01
-1.261247444152832031e+01
-1.262196445465087891e+01
-1.263145446777343750e+01
-1.265043544769287109e+01
-1.265043544769287109e+01
-1.265992546081542969e+01
-1.267890834808349609e+01
-1.268840026855468750e+01
-1.268840026855468750e+01
-1.269789218902587891e+01
-1.271687698364257812e+01
-1.271687698364257812e+01
-1.273586273193359375e+01
-1.273586273193359375e+01
-1.275484943389892578e+01
-1.275484943389892578e+01
-1.276434326171875000e+01
-1.278333187103271484e+01
-1.278333187103271484e+01
-1.280232238769531250e+01
-1.280232238769531250e+01
-1.281181716918945312e+01
-1.283080959320068359e+01
-1.283080959320068359e+01
-1.284030628204345703e+01
-1.285929965972900391e+01
-1.285929965972900391e+01
-1.286879730224609375e+01
-1.288779258728027344e+01
-1.288779258728027344e+01
-1.289729118347167969e+01
-1.291628932952880859e+01
-1.291628932952880859e+01
-1.292578887939453125e+01
-1.294478893280029297e+01
-1.294478893280029297e+01
-1.295428943634033203e+01
-1.295428943634033203e+01
-1.296378993988037109e+01
-1.299229431152343750e+01
-1.299229431152343750e+01
-1.301130008697509766e+01
-1.302080249786376953e+01
-1.302080249786376953e+01
-1.302080249786376953e+01
-1.303030681610107422e+01
-1.303030681610107422e+01
-1.305881881713867188e+01
-1.306832408905029297e+01
-1.307782936096191406e+01
-1.308733558654785156e+01
-1.308733558654785156e+01
-1.311585521697998047e+01
-1.311585521697998047e+01
-1.312536334991455078e+01
-1.314437961578369141e+01
-1.314437961578369141e+01
-1.315388774871826172e+01
-1.315388774871826172e+01
-1.317290687561035156e+01
-1.318241691589355469e+01
-1.320143890380859375e+01
-1.320143890380859375e+01
-1.320143890380859375e+01
-1.322046184539794922e+01
-1.322997379302978516e+01
-1.324899959564208984e+01
-1.324899959564208984e+01
-1.325851345062255859e+01
-1.327754211425781250e+01
-1.327754211425781250e+01
-1.328705787658691406e+01
-1.330608940124511719e+01
-1.330608940124511719e+01
-1.330608940124511719e+01
-1.333463954925537109e+01
-1.333463954925537109e+01
-1.334415817260742188e+01
-1.336319541931152344e+01
-1.336319541931152344e+01
-1.337271499633789062e+01
-1.338223457336425781e+01
-1.339175510406494141e+01
-1.341079711914062500e+01
-1.341079711914062500e+01
-1.342031955718994141e+01
-1.343936443328857422e+01
-1.343936443328857422e+01
-1.345841217041015625e+01
-1.345841217041015625e+01
-1.346793651580810547e+01
-1.347746181488037109e+01
-1.347746181488037109e+01
-1.348698711395263672e+01
-1.351556777954101562e+01
-1.351556777954101562e+01
-1.352509593963623047e+01
-1.354415321350097656e+01
-1.354415321350097656e+01
-1.355368232727050781e+01
-1.356321239471435547e+01
-1.357274246215820312e+01
-1.359180545806884766e+01
-1.359180545806884766e+01
-1.360133838653564453e+01
-1.362040424346923828e+01
-1.362040424346923828e+01
-1.362993812561035156e+01
-1.362993812561035156e+01
-1.365854358673095703e+01
-1.365854358673095703e+01
-1.367761707305908203e+01
-1.367761707305908203e+01
-1.368715476989746094e+01
-1.369669342041015625e+01
-1.370623207092285156e+01
-1.372531127929687500e+01
-1.372531127929687500e+01
-1.374439334869384766e+01
-1.374439334869384766e+01
-1.375393486022949219e+01
-1.377302074432373047e+01
-1.377302074432373047e+01
-1.378256511688232422e+01
-1.380165386199951172e+01
-1.380165386199951172e+01
-1.381120014190673828e+01
-1.382074642181396484e+01
-1.383029365539550781e+01
-1.384938907623291016e+01
-1.384938907623291016e+01
-1.386848831176757812e+01
-1.386848831176757812e+01
-1.386848831176757812e+01
-1.389714050292968750e+01
-1.389714050292968750e+01
-1.390669345855712891e+01
-1.392579936981201172e+01
-1.392579936981201172e+01
-1.393535423278808594e+01
-1.395446491241455078e+01
-1.395446491241455078e+01
-1.397357845306396484e+01
-1.397357845306396484e+01
-1.398313617706298828e+01
-1.400225353240966797e+01
-1.400225353240966797e+01
-1.401181411743164062e+01
-1.403093528747558594e+01
-1.403093528747558594e+01
-1.405006027221679688e+01
-1.405006027221679688e+01
-1.405962371826171875e+01
-1.407875347137451172e+01
-1.407875347137451172e+01
-1.408831882476806641e+01
-1.410745239257812500e+01
-1.410745239257812500e+01
-1.411702060699462891e+01
-1.413615894317626953e+01
-1.413615894317626953e+01
-1.414572906494140625e+01
-1.415529918670654297e+01
-1.416487121582031250e+01
-1.416487121582031250e+01
-1.418401718139648438e+01
-1.419359111785888672e+01
-1.421274089813232422e+01
-1.421274089813232422e+01
-1.423189449310302734e+01
-1.423189449310302734e+01
-1.424147224426269531e+01
-1.426063060760498047e+01
-1.426063060760498047e+01
-1.427021026611328125e+01
-1.428937339782714844e+01
-1.428937339782714844e+01
-1.429895591735839844e+01
-1.431812381744384766e+01
-1.431812381744384766e+01
-1.432770919799804688e+01
-1.433729457855224609e+01
-1.434688186645507812e+01
-1.436605739593505859e+01
-1.436605739593505859e+01
-1.437564659118652344e+01
-1.439482688903808594e+01
-1.439482688903808594e+01
-1.441401100158691406e+01
-1.441401100158691406e+01
-1.442360496520996094e+01
-1.444279384613037109e+01
-1.444279384613037109e+01
-1.445238971710205078e+01
-1.447158432006835938e+01
-1.447158432006835938e+01
-1.449078178405761719e+01
-1.450038242340087891e+01
-1.450038242340087891e+01
-1.451958560943603516e+01
-1.451958560943603516e+01
-1.452918815612792969e+01
-1.454839706420898438e+01
-1.454839706420898438e+01
-1.455800247192382812e+01
-1.456760883331298828e+01
-1.457721614837646484e+01
-1.458682346343994141e+01
-1.458682346343994141e+01
-1.461565399169921875e+01
-1.461565399169921875e+01
-1.462526607513427734e+01
-1.463487815856933594e+01
-1.464449214935302734e+01
-1.465410614013671875e+01
-1.466372203826904297e+01
-1.467333793640136719e+01
-1.468295574188232422e+01
-1.470219326019287109e+01
-1.470219326019287109e+01
-1.471181297302246094e+01
-1.471181297302246094e+01
-1.473105525970458984e+01
-1.474067878723144531e+01
-1.475992679595947266e+01
-1.475992679595947266e+01
-1.477917766571044922e+01
-1.477917766571044922e+01
-1.478880500793457031e+01
-1.480806255340576172e+01
-1.480806255340576172e+01
-1.481769180297851562e+01
-1.483695411682128906e+01
-1.483695411682128906e+01
-1.484658718109130859e+01
-1.485622024536132812e+01
-1.486585521697998047e+01
-1.486585521697998047e+01
-1.490440082550048828e+01
-1.490440082550048828e+01
-1.490440082550048828e+01
-1.492367839813232422e+01
-1.493331909179687500e+01
-1.494296073913574219e+01
-1.495260238647460938e+01
-1.495260238647460938e+01
-1.497188949584960938e+01
-1.498153400421142578e+01
-1.498153400421142578e+01
-1.499117946624755859e+01
-1.500082588195800781e+01
-1.502977085113525391e+01
-1.502977085113525391e+01
-1.502977085113525391e+01
-1.504907131195068359e+01
-1.505872249603271484e+01
-1.505872249603271484e+01
-1.508768272399902344e+01
-1.508768272399902344e+01
-1.510699367523193359e+01
-1.510699367523193359e+01
-1.511665058135986328e+01
-1.512630748748779297e+01
-1.513596630096435547e+01
-1.514562511444091797e+01
-1.514562511444091797e+01
-1.515528488159179688e+01
-1.517460727691650391e+01
-1.518426990509033203e+01
-1.518426990509033203e+01
-1.519393348693847656e+01
-1.520359802246093750e+01
-1.521326255798339844e+01
-1.522292804718017578e+01
-1.523259544372558594e+01
-1.524226284027099609e+01
-1.525193023681640625e+01
-1.526159954071044922e+01
-1.527126979827880859e+01
-1.528094005584716797e+01
-1.529061222076416016e+01
-1.530028438568115234e+01
-1.530995750427246094e+01
-1.531963157653808594e+01
-1.532930564880371094e+01
-1.532930564880371094e+01
-1.534865760803222656e+01
-1.536801338195800781e+01
-1.536801338195800781e+01
-1.537769222259521484e+01
-1.538737201690673828e+01
-1.539705181121826172e+01
-1.540673351287841797e+01
-1.541641521453857422e+01
-1.542609786987304688e+01
-1.543578147888183594e+01
-1.544546604156494141e+01
-1.544546604156494141e+01
-1.544546604156494141e+01
-1.544546604156494141e+01
-1.544546604156494141e+01
-1.544546604156494141e+01
-1.544546604156494141e+01
-1.544546604156494141e+01
-1.544546604156494141e+01
-1.544546604156494141e+01
-1.544546604156494141e+01
-1.544546604156494141e+01
-1.544546604156494141e+01
-1.544546604156494141e+01
-1.892937660217285156e+01
-1.893905639648437500e+01
-1.894873619079589844e+01
-1.895841789245605469e+01
-1.896809768676757812e+01
-1.897777748107910156e+01
-1.898745918273925781e+01
-1.899713897705078125e+01
-1.900681877136230469e+01
-1.901650047302246094e+01
-1.903586006164550781e+01
-1.903586006164550781e+01
-1.904554176330566406e+01
-1.905522155761718750e+01
-1.905522155761718750e+01
-1.908426284790039062e+01
-1.908426284790039062e+01
-1.909394264221191406e+01
-1.911330413818359375e+01
-1.911330413818359375e+01
-1.912298583984375000e+01
-1.914234542846679688e+01
-1.914234542846679688e+01
-1.916170692443847656e+01
-1.916170692443847656e+01
-1.917138671875000000e+01
-1.919074821472167969e+01
-1.919074821472167969e+01
-1.920042991638183594e+01
-1.921978950500488281e+01
-1.921978950500488281e+01
-1.923915100097656250e+01
-1.923915100097656250e+01
-1.924883079528808594e+01
-1.925851249694824219e+01
-1.927787399291992188e+01
-1.927787399291992188e+01
-1.929723358154296875e+01
-1.929723358154296875e+01
-1.931659507751464844e+01
-1.932627677917480469e+01
-1.932627677917480469e+01
-1.933595657348632812e+01
-1.934563636779785156e+01
-1.935531806945800781e+01
-1.937467956542968750e+01
-1.937467956542968750e+01
-1.938435935974121094e+01
-1.940372085571289062e+01
-1.940372085571289062e+01
-1.941340065002441406e+01
-1.943276214599609375e+01
-1.943276214599609375e+01
-1.945212364196777344e+01
-1.945212364196777344e+01
-1.946180534362792969e+01
-1.948116683959960938e+01
-1.948116683959960938e+01
-1.949084663391113281e+01
-1.951020812988281250e+01
-1.951020812988281250e+01
-1.951988792419433594e+01
-1.953924942016601562e+01
-1.953924942016601562e+01
-1.954893112182617188e+01
-1.956829261779785156e+01
-1.956829261779785156e+01
-1.958765411376953125e+01
-1.959733390808105469e+01
-1.959733390808105469e+01
-1.961669731140136719e+01
-1.961669731140136719e+01
-1.961669731140136719e+01
-1.962637710571289062e+01
-1.964573860168457031e+01
-1.965542030334472656e+01
-1.967478179931640625e+01
-1.967478179931640625e+01
-1.969414329528808594e+01
-1.969414329528808594e+01
-1.970382499694824219e+01
-1.972318649291992188e+01
-1.972318649291992188e+01
-1.974254798889160156e+01
-1.974254798889160156e+01
-1.975222969055175781e+01
-1.977159118652343750e+01
-1.977159118652343750e+01
-1.978127098083496094e+01
-1.980063438415527344e+01
-1.980063438415527344e+01
-1.981031417846679688e+01
-1.982967758178710938e+01
-1.982967758178710938e+01
-1.984903907775878906e+01
-1.985872077941894531e+01
-1.985872077941894531e+01
-1.987808227539062500e+01
-1.988776397705078125e+01
-1.988776397705078125e+01
-1.989744377136230469e+01
-1.990712547302246094e+01
-1.992648887634277344e+01
-1.992648887634277344e+01
-1.994585037231445312e+01
-1.994585037231445312e+01
-1.994585037231445312e+01
-1.996521377563476562e+01
-1.996521377563476562e+01
-1.998457527160644531e+01
-1.998457527160644531e+01
-2.001362037658691406e+01
-2.001362037658691406e+01
-2.002330017089843750e+01
-2.004266357421875000e+01
-2.004266357421875000e+01
-2.004266357421875000e+01
-2.006202697753906250e+01
-2.007170867919921875e+01
-2.009107017517089844e+01
-2.009107017517089844e+01
-2.009107017517089844e+01
-2.011043357849121094e+01
-2.012011528015136719e+01
-2.012979698181152344e+01
-2.013947868347167969e+01
-2.016852378845214844e+01
-2.016852378845214844e+01
-2.016852378845214844e+01
-2.018788719177246094e+01
-2.018788719177246094e+01
-2.019756889343261719e+01
-2.021693038940429688e+01
-2.021693038940429688e+01
-2.022661209106445312e+01
-2.024597740173339844e+01
-2.024597740173339844e+01
-2.025565910339355469e+01
-2.027502250671386719e+01
-2.027502250671386719e+01
-2.028470420837402344e+01
-2.029438591003417969e+01
-2.030406761169433594e+01
-2.031374931335449219e+01
-2.032343101501464844e+01
-2.033311271667480469e+01
-2.034279441833496094e+01
-2.036215972900390625e+01
-2.037184143066406250e+01
-2.038152313232421875e+01
-2.038152313232421875e+01
-2.039120483398437500e+01
-2.040088653564453125e+01
-2.041056823730468750e+01
-2.042025184631347656e+01
-2.042993354797363281e+01
-2.043961524963378906e+01
-2.044929695129394531e+01
-2.045898056030273438e+01
-2.046866226196289062e+01
-2.047834396362304688e+01
-2.048802566528320312e+01
-2.049770927429199219e+01
-2.050739097595214844e+01
-2.051707267761230469e+01
-2.052675628662109375e+01
-2.053643798828125000e+01
-2.054611968994140625e+01
-2.055580329895019531e+01
-2.056548500061035156e+01
-2.057516860961914062e+01
-2.058485031127929688e+01
-2.060421562194824219e+01
-2.061389732360839844e+01
-2.061389732360839844e+01
-2.062358093261718750e+01
-2.063326263427734375e+01
-2.064294624328613281e+01
-2.065262794494628906e+01
-2.066231155395507812e+01
-2.067199325561523438e+01
-2.068167686462402344e+01
-2.069135856628417969e+01
-2.070104217529296875e+01
-2.072040748596191406e+01
-2.072040748596191406e+01
-2.072040748596191406e+01
-2.073977279663085938e+01
-2.074945640563964844e+01
-2.076882171630859375e+01
-2.076882171630859375e+01
-2.077850532531738281e+01
-2.079787063598632812e+01
-2.079787063598632812e+01
-2.080755424499511719e+01
-2.081723785400390625e+01
-2.082691955566406250e+01
-2.084628677368164062e+01
-2.084628677368164062e+01
-2.086565399169921875e+01
-2.087533569335937500e+01
-2.087533569335937500e+01
-2.088501930236816406e+01
-2.090438652038574219e+01
-2.091407012939453125e+01
-2.091407012939453125e+01
-2.093343734741210938e+01
-2.093343734741210938e+01
-2.095280265808105469e+01
-2.095280265808105469e+01
-2.096248626708984375e+01
-2.098185348510742188e+01
-2.098185348510742188e+01
-2.099153709411621094e+01
-2.100122070312500000e+01
-2.103027343750000000e+01
-2.103027343750000000e+01
-2.103027343750000000e+01
-2.103995704650878906e+01
-2.104964065551757812e+01
-2.106900787353515625e+01
-2.106900787353515625e+01
-2.108837509155273438e+01
-2.108837509155273438e+01
-2.109805870056152344e+01
-2.111742782592773438e+01
-2.111742782592773438e+01
-2.112711143493652344e+01
-2.114647865295410156e+01
-2.114647865295410156e+01
-2.116584777832031250e+01
-2.116584777832031250e+01
-2.117553138732910156e+01
-2.119490051269531250e+01
-2.119490051269531250e+01
-2.121426963806152344e+01
-2.121426963806152344e+01
-2.123363876342773438e+01
-2.124332237243652344e+01
-2.124332237243652344e+01
-2.125300598144531250e+01
-2.127237510681152344e+01
-2.128206062316894531e+01
-2.128206062316894531e+01
-2.129174423217773438e+01
-2.130142974853515625e+01
-2.131111335754394531e+01
-2.133048439025878906e+01
-2.133048439025878906e+01
-2.133048439025878906e+01
-2.135953712463378906e+01
-2.135953712463378906e+01
-2.135953712463378906e+01
-2.137890815734863281e+01
-2.138859176635742188e+01
-2.140796279907226562e+01
-2.140796279907226562e+01
-2.141764831542968750e+01
-2.143701744079589844e+01
-2.143701744079589844e+01
-2.144670295715332031e+01
-2.146607398986816406e+01
-2.146607398986816406e+01
-2.148544311523437500e+01
-2.148544311523437500e+01
-2.149512863159179688e+01
-2.151449966430664062e+01
-2.151449966430664062e+01
-2.152418518066406250e+01
-2.154355621337890625e+01
-2.154355621337890625e+01
-2.155324172973632812e+01
-2.157261276245117188e+01
-2.157261276245117188e+01
-2.159198379516601562e+01
-2.160166931152343750e+01
-2.160166931152343750e+01
-2.162104225158691406e+01
-2.162104225158691406e+01
-2.163072776794433594e+01
-2.165009880065917969e+01
-2.165009880065917969e+01
-2.166947174072265625e+01
-2.167915725708007812e+01
-2.167915725708007812e+01
-2.168884277343750000e+01
-2.170821571350097656e+01
-2.170821571350097656e+01
-2.172758865356445312e+01
-2.172758865356445312e+01
-2.173727416992187500e+01
-2.175664710998535156e+01
-2.175664710998535156e+01
-2.177602005004882812e+01
-2.177602005004882812e+01
-2.177602005004882812e+01
-2.178570747375488281e+01
-2.180508041381835938e+01
-2.182445335388183594e+01
-2.183413887023925781e+01
-2.184382629394531250e+01
-2.184382629394531250e+01
-2.184382629394531250e+01
-2.185351371765136719e+01
-2.188257408142089844e+01
-2.188257408142089844e+01
-2.189226150512695312e+01
-2.191163444519042969e+01
-2.191163444519042969e+01
-2.193100929260253906e+01
-2.194069671630859375e+01
-2.194069671630859375e+01
-2.195038414001464844e+01
-2.196006965637207031e+01
-2.196975708007812500e+01
-2.198913192749023438e+01
-2.198913192749023438e+01
-2.200850677490234375e+01
-2.201819419860839844e+01
-2.201819419860839844e+01
-2.203756904602050781e+01
-2.203756904602050781e+01
-2.203756904602050781e+01
-2.206663322448730469e+01
-2.206663322448730469e+01
-2.208600807189941406e+01
-2.209569740295410156e+01
-2.209569740295410156e+01
-2.211507225036621094e+01
-2.211507225036621094e+01
-2.212475967407226562e+01
-2.214413642883300781e+01
-2.214413642883300781e+01
-2.215382385253906250e+01
-2.216351318359375000e+01
-2.217320060729980469e+01
-2.219257736206054688e+01
-2.219257736206054688e+01
-2.220226669311523438e+01
-2.220226669311523438e+01
-2.221195411682128906e+01
-2.223133087158203125e+01
-2.224102020263671875e+01
-2.225070953369140625e+01
-2.226039695739746094e+01
-2.227008628845214844e+01
-2.227977561950683594e+01
-2.228946304321289062e+01
-2.229915237426757812e+01
-2.230884170532226562e+01
-2.231853103637695312e+01
-2.232821846008300781e+01
-2.233790779113769531e+01
-2.234759712219238281e+01
-2.235728645324707031e+01
-2.236697578430175781e+01
-2.237666511535644531e+01
-2.238635444641113281e+01
-2.239604377746582031e+01
-2.240573310852050781e+01
-2.241542243957519531e+01
-2.242511177062988281e+01
-2.243480110168457031e+01
-2.244449043273925781e+01
-2.245417976379394531e+01
-2.246387100219726562e+01
-2.247356033325195312e+01
-2.248324966430664062e+01
-2.249293899536132812e+01
-2.250263023376464844e+01
-2.251231956481933594e+01
-2.252200889587402344e+01
-2.253169822692871094e+01
-2.254138946533203125e+01
-2.255107879638671875e+01
-2.256077003479003906e+01
-2.257045936584472656e+01
-2.258014869689941406e+01
-2.258983993530273438e+01
-2.259952926635742188e+01
-2.260922050476074219e+01
-2.261890983581542969e+01
-2.262860107421875000e+01
-2.263829231262207031e+01
-2.264798164367675781e+01
-2.265767288208007812e+01
-2.267705345153808594e+01
-2.267705345153808594e+01
-2.268674468994140625e+01
-2.270612525939941406e+01
-2.270612525939941406e+01
-2.272550582885742188e+01
-2.273519706726074219e+01
-2.273519706726074219e+01
-2.275457763671875000e+01
-2.275457763671875000e+01
-2.276426887512207031e+01
-2.278365135192871094e+01
-2.278365135192871094e+01
-2.279334068298339844e+01
-2.280303192138671875e+01
-2.281272315979003906e+01
-2.282241439819335938e+01
-2.284179687500000000e+01
-2.285148620605468750e+01
-2.285148620605468750e+01
-2.287086868286132812e+01
-2.288055992126464844e+01
-2.288055992126464844e+01
-2.289025115966796875e+01
-2.289994239807128906e+01
-2.291932487487792969e+01
-2.291932487487792969e+01
-2.293870544433593750e+01
-2.293870544433593750e+01
-2.294839668273925781e+01
-2.296777915954589844e+01
-2.296777915954589844e+01
-2.297747039794921875e+01
-2.299685287475585938e+01
-2.299685287475585938e+01
-2.301623535156250000e+01
-2.301623535156250000e+01
-2.302592658996582031e+01
-2.303561782836914062e+01
-2.304530906677246094e+01
-2.304530906677246094e+01
-2.307438278198242188e+01
-2.307438278198242188e+01
-2.309376525878906250e+01
-2.309376525878906250e+01
-2.310345649719238281e+01
-2.312283897399902344e+01
-2.312283897399902344e+01
-2.313253021240234375e+01
-2.315191268920898438e+01
-2.315191268920898438e+01
-2.316160202026367188e+01
-2.318098449707031250e+01
-2.318098449707031250e+01
-2.320036697387695312e+01
-2.320036697387695312e+01
-2.321005821228027344e+01
-2.322944068908691406e+01
-2.322944068908691406e+01
-2.323913192749023438e+01
-2.325851440429687500e+01
-2.325851440429687500e+01
-2.327789688110351562e+01
-2.327789688110351562e+01
-2.327789688110351562e+01
-2.328758811950683594e+01
-2.330697059631347656e+01
-2.331665992736816406e+01
-2.333604240417480469e+01
-2.333604240417480469e+01
-2.335542488098144531e+01
-2.336511611938476562e+01
-2.336511611938476562e+01
-2.338449668884277344e+01
-2.338449668884277344e+01
-2.338449668884277344e+01
-2.341357040405273438e+01
-2.341357040405273438e+01
-2.341357040405273438e+01
-2.344264221191406250e+01
-2.344264221191406250e+01
-2.346202468872070312e+01
-2.346202468872070312e+01
-2.347171401977539062e+01
-2.349109649658203125e+01
-2.349109649658203125e+01
-2.350078582763671875e+01
-2.352016830444335938e+01
-2.352016830444335938e+01
-2.353954887390136719e+01
-2.354923820495605469e+01
-2.354923820495605469e+01
-2.356862068176269531e+01
-2.356862068176269531e+01
-2.357831001281738281e+01
-2.359769058227539062e+01
-2.359769058227539062e+01
-2.361707115173339844e+01
-2.362676239013671875e+01
-2.362676239013671875e+01
-2.364614105224609375e+01
-2.364614105224609375e+01
-2.365583229064941406e+01
-2.367521286010742188e+01
-2.367521286010742188e+01
-2.369459152221679688e+01
-2.370428085327148438e+01
-2.370428085327148438e+01
-2.372366142272949219e+01
-2.372366142272949219e+01
-2.373335075378417969e+01
-2.375272941589355469e+01
-2.375272941589355469e+01
-2.377210998535156250e+01
-2.377210998535156250e+01
-2.378179931640625000e+01
-2.380117797851562500e+01
-2.380117797851562500e+01
-2.381086730957031250e+01
-2.382055664062500000e+01
-2.383993530273437500e+01
-2.383993530273437500e+01
-2.384962463378906250e+01
-2.385931396484375000e+01
-2.386900138854980469e+01
-2.388838005065917969e+01
-2.388838005065917969e+01
-2.390775871276855469e+01
-2.390775871276855469e+01
-2.391744613647460938e+01
-2.393682479858398438e+01
-2.393682479858398438e+01
-2.395620155334472656e+01
-2.395620155334472656e+01
-2.396588897705078125e+01
-2.398526573181152344e+01
-2.398526573181152344e+01
-2.399495506286621094e+01
-2.401433181762695312e+01
-2.401433181762695312e+01
-2.402401924133300781e+01
-2.404339408874511719e+01
-2.404339408874511719e+01
-2.406277084350585938e+01
-2.406277084350585938e+01
-2.407245826721191406e+01
-2.408214569091796875e+01
-2.409183311462402344e+01
-2.410152053833007812e+01
-2.412089538574218750e+01
-2.412089538574218750e+01
-2.413058280944824219e+01
-2.414995765686035156e+01
-2.414995765686035156e+01
-2.414995765686035156e+01
-2.416933250427246094e+01
-2.417901992797851562e+01
-2.419839286804199219e+01
-2.419839286804199219e+01
-2.420808029174804688e+01
-2.420808029174804688e+01
-2.422745323181152344e+01
-2.423713874816894531e+01
-2.425651168823242188e+01
-2.426619720458984375e+01
-2.427588462829589844e+01
-2.428557014465332031e+01
-2.428557014465332031e+01
-2.430494117736816406e+01
-2.430494117736816406e+01
-2.431462860107421875e+01
-2.433399963378906250e+01
-2.433399963378906250e+01
-2.435337066650390625e+01
-2.435337066650390625e+01
-2.435337066650390625e+01
-2.438242530822753906e+01
-2.438242530822753906e+01
-2.439211082458496094e+01
-2.441148185729980469e+01
-2.441148185729980469e+01
-2.442116546630859375e+01
-2.443085098266601562e+01
-2.444053459167480469e+01
-2.445022010803222656e+01
-2.446958923339843750e+01
-2.446958923339843750e+01
-2.448895645141601562e+01
-2.448895645141601562e+01
-2.449864006042480469e+01
-2.451800918579101562e+01
-2.451800918579101562e+01
-2.453737640380859375e+01
-2.453737640380859375e+01
-2.454706001281738281e+01
-2.456642723083496094e+01
-2.456642723083496094e+01
-2.457610893249511719e+01
-2.459547615051269531e+01
-2.459547615051269531e+01
-2.460515785217285156e+01
-2.462452507019042969e+01
-2.462452507019042969e+01
-2.464388847351074219e+01
-2.464388847351074219e+01
-2.465357208251953125e+01
-2.467293548583984375e+01
-2.467293548583984375e+01
-2.469230079650878906e+01
-2.470198249816894531e+01
-2.471166419982910156e+01
-2.471166419982910156e+01
-2.473102569580078125e+01
-2.473102569580078125e+01
-2.474070739746093750e+01
-2.475038909912109375e+01
-2.476007080078125000e+01
-2.477943229675292969e+01
-2.478911209106445312e+01
-2.478911209106445312e+01
-2.480847358703613281e+01
-2.480847358703613281e+01
-2.482783508300781250e+01
-2.482783508300781250e+01
-2.483751487731933594e+01
-2.485687446594238281e+01
-2.485687446594238281e+01
-2.485687446594238281e+01
-2.487623405456542969e+01
-2.488591384887695312e+01
-2.490527153015136719e+01
-2.490527153015136719e+01
-2.491495132446289062e+01
-2.493430900573730469e+01
-2.493430900573730469e+01
-2.495366668701171875e+01
-2.495366668701171875e+01
-2.496334457397460938e+01
-2.498270225524902344e+01
-2.498270225524902344e+01
-2.499238014221191406e+01
-2.501173591613769531e+01
-2.501173591613769531e+01
-2.503109169006347656e+01
-2.503109169006347656e+01
-2.504076766967773438e+01
-2.506012344360351562e+01
-2.506012344360351562e+01
-2.506979942321777344e+01
-2.508915328979492188e+01
-2.508915328979492188e+01
-2.510850524902343750e+01
-2.510850524902343750e+01
-2.511818313598632812e+01
-2.512785911560058594e+01
-2.513753509521484375e+01
-2.514721107482910156e+01
-2.516656112670898438e+01
-2.516656112670898438e+01
-2.517623710632324219e+01
-2.519558715820312500e+01
-2.519558715820312500e+01
-2.520526123046875000e+01
-2.522461128234863281e+01
-2.522461128234863281e+01
-2.524396133422851562e+01
-2.524396133422851562e+01
-2.525363540649414062e+01
-2.527298164367675781e+01
-2.527298164367675781e+01
-2.529232978820800781e+01
-2.529232978820800781e+01
-2.530200386047363281e+01
-2.532135009765625000e+01
-2.533102226257324219e+01
-2.533102226257324219e+01
-2.535036849975585938e+01
-2.535036849975585938e+01
-2.536004066467285156e+01
-2.537938499450683594e+01
-2.537938499450683594e+01
-2.539872932434082031e+01
-2.539872932434082031e+01
-2.540839958190917969e+01
-2.542774391174316406e+01
-2.542774391174316406e+01
-2.543741416931152344e+01
-2.545675659179687500e+01
-2.545675659179687500e+01
-2.546642684936523438e+01
-2.548576736450195312e+01
-2.548576736450195312e+01
-2.549543762207031250e+01
-2.550510787963867188e+01
-2.551477813720703125e+01
-2.552444648742675781e+01
-2.553411674499511719e+01
-2.554378509521484375e+01
-2.556312370300292969e+01
-2.556312370300292969e+01
-2.558246040344238281e+01
-2.558246040344238281e+01
-2.559213066101074219e+01
-2.561146545410156250e+01
-2.561146545410156250e+01
-2.562113380432128906e+01
-2.564046859741210938e+01
-2.564046859741210938e+01
-2.565980339050292969e+01
-2.565980339050292969e+01
-2.566946983337402344e+01
-2.568880462646484375e+01
-2.568880462646484375e+01
-2.569847106933593750e+01
-2.570813560485839844e+01
-2.571780204772949219e+01
-2.572746849060058594e+01
-2.573713493347167969e+01
-2.574679946899414062e+01
-2.576613044738769531e+01
-2.576613044738769531e+01
-2.577579498291015625e+01
-2.579512405395507812e+01
-2.579512405395507812e+01
-2.580478858947753906e+01
-2.582411575317382812e+01
-2.582411575317382812e+01
-2.584344291687011719e+01
-2.585310745239257812e+01
-2.585310745239257812e+01
-2.587243270874023438e+01
-2.587243270874023438e+01
-2.588209533691406250e+01
-2.590142059326171875e+01
-2.590142059326171875e+01
-2.592074584960937500e+01
-2.592074584960937500e+01
-2.593040657043457031e+01
-2.594006919860839844e+01
-2.594972991943359375e+01
-2.595939064025878906e+01
-2.595939064025878906e+01
-2.595939064025878906e+01
-2.597871398925781250e+01
-2.600769424438476562e+01
-2.600769424438476562e+01
-2.601735496520996094e+01
-2.602701568603515625e+01
-2.603667449951171875e+01
-2.604633522033691406e+01
-2.606565284729003906e+01
-2.606565284729003906e+01
-2.607531356811523438e+01
-2.608497238159179688e+01
-2.608497238159179688e+01
-2.608497238159179688e+01
-2.608497238159179688e+01
-2.608497238159179688e+01
-2.608497238159179688e+01
-2.610429000854492188e+01
-2.611394882202148438e+01
-2.612360763549804688e+01
-2.613326644897460938e+01
-2.614292335510253906e+01
-2.614292335510253906e+01
-2.616223907470703125e+01
-2.617189788818359375e+01
-2.618155479431152344e+01
-2.618155479431152344e+01
-2.620087051391601562e+01
-2.621052742004394531e+01
-2.622018623352050781e+01
-2.622984313964843750e+01
-2.623950004577636719e+01
-2.624915695190429688e+01
-2.625881385803222656e+01
-2.625881385803222656e+01
-2.627812767028808594e+01
-2.628778457641601562e+01
-2.629743957519531250e+01
-2.630709648132324219e+01
-2.631675338745117188e+01
-2.632641029357910156e+01
-2.633606529235839844e+01
-2.634572219848632812e+01
-2.635537719726562500e+01
-2.636503410339355469e+01
-2.637468910217285156e+01
-2.638434600830078125e+01
-2.639400100708007812e+01
-2.640365791320800781e+01
-2.641331291198730469e+01
-2.641331291198730469e+01
-2.643262481689453125e+01
-2.644227981567382812e+01
-2.644227981567382812e+01
-2.646158981323242188e+01
-2.647124481201171875e+01
-2.648090171813964844e+01
-2.649055671691894531e+01
-2.650021171569824219e+01
-2.650986671447753906e+01
-2.650986671447753906e+01
-2.652917671203613281e+01
-2.652917671203613281e+01
-2.654848670959472656e+01
-2.655814170837402344e+01
-2.656779670715332031e+01
-2.657745170593261719e+01
-2.657745170593261719e+01
-2.659676170349121094e+01
-2.660641670227050781e+01
-2.662572669982910156e+01
-2.662572669982910156e+01
-2.663538169860839844e+01
-2.664503669738769531e+01
-2.664503669738769531e+01
-2.666434860229492188e+01
-2.667400360107421875e+01
-2.668365859985351562e+01
-2.669331359863281250e+01
-2.669331359863281250e+01
-2.670296859741210938e+01
-2.672227859497070312e+01
-2.673193359375000000e+01
-2.673193359375000000e+01
-2.673193359375000000e+01
-2.673193359375000000e+01
-2.673193359375000000e+01
-2.673193359375000000e+01
-2.673193359375000000e+01
-2.673193359375000000e+01
-2.673193359375000000e+01
-2.673193359375000000e+01
-2.673193359375000000e+01
-2.673193359375000000e+01
-2.673193359375000000e+01
-3.007019805908203125e+01
-3.007984733581542969e+01
-3.008949470520019531e+01
-3.009914207458496094e+01
-3.010879135131835938e+01
-3.011843872070312500e+01
-3.012808799743652344e+01
-3.013773536682128906e+01
-3.014738464355468750e+01
-3.015703201293945312e+01
-3.016668128967285156e+01
-3.017632865905761719e+01
-3.018597602844238281e+01
-3.019562530517578125e+01
-3.019562530517578125e+01
-3.021492195129394531e+01
-3.022456932067871094e+01
-3.023421859741210938e+01
-3.023421859741210938e+01
-3.023421859741210938e+01
-3.027281188964843750e+01
-3.027281188964843750e+01
-3.028245925903320312e+01
-3.030175590515136719e+01
-3.030175590515136719e+01
-3.031140518188476562e+01
-3.033069992065429688e+01
-3.033069992065429688e+01
-3.034999656677246094e+01
-3.034999656677246094e+01
-3.035964584350585938e+01
-3.035964584350585938e+01
-3.037894248962402344e+01
-3.038858985900878906e+01
-3.040788650512695312e+01
-3.040788650512695312e+01
-3.041753578186035156e+01
-3.042718315124511719e+01
-3.043683242797851562e+01
-3.045612907409667969e+01
-3.045612907409667969e+01
-3.046577644348144531e+01
-3.048507499694824219e+01
-3.048507499694824219e+01
-3.049472236633300781e+01
-3.051401901245117188e+01
-3.051401901245117188e+01
-3.052366828918457031e+01
-3.054296493530273438e+01
-3.054296493530273438e+01
-3.055261230468750000e+01
-3.057190895080566406e+01
-3.057190895080566406e+01
-3.059120750427246094e+01
-3.059120750427246094e+01
-3.060085487365722656e+01
-3.062015151977539062e+01
-3.062015151977539062e+01
-3.062980079650878906e+01
-3.064909744262695312e+01
-3.065874671936035156e+01
-3.065874671936035156e+01
-3.066839408874511719e+01
-3.067804336547851562e+01
-3.069734001159667969e+01
-3.069734001159667969e+01
-3.071663665771484375e+01
-3.071663665771484375e+01
-3.072628593444824219e+01
-3.072628593444824219e+01
-3.074558258056640625e+01
-3.074558258056640625e+01
-3.077452850341796875e+01
-3.077452850341796875e+01
-3.078417778015136719e+01
-3.080347442626953125e+01
-3.082277297973632812e+01
-3.082277297973632812e+01
-3.082277297973632812e+01
-3.083242034912109375e+01
-3.083242034912109375e+01
-3.085171890258789062e+01
-3.086136817932128906e+01
-3.088066482543945312e+01
-3.088066482543945312e+01
-3.089031410217285156e+01
-3.090961074829101562e+01
-3.091926002502441406e+01
-3.092890930175781250e+01
-3.092890930175781250e+01
-3.093855857849121094e+01
-3.095785522460937500e+01
-3.095785522460937500e+01
-3.096750450134277344e+01
-3.098680305480957031e+01
-3.098680305480957031e+01
-3.100609970092773438e+01
-3.101574897766113281e+01
-3.101574897766113281e+01
-3.103504753112792969e+01
-3.103504753112792969e+01
-3.104469680786132812e+01
-3.106399536132812500e+01
-3.106399536132812500e+01
-3.107364463806152344e+01
-3.109294128417968750e+01
-3.109294128417968750e+01
-3.110259056091308594e+01
-3.111223983764648438e+01
-3.112188911437988281e+01
-3.112188911437988281e+01
-3.114118766784667969e+01
-3.115083694458007812e+01
-3.116048622131347656e+01
-3.117013549804687500e+01
-3.118943405151367188e+01
-3.119908332824707031e+01
-3.119908332824707031e+01
-3.121838188171386719e+01
-3.121838188171386719e+01
-3.122803115844726562e+01
-3.124732971191406250e+01
-3.124732971191406250e+01
-3.125697898864746094e+01
-3.127627944946289062e+01
-3.127627944946289062e+01
-3.128592872619628906e+01
-3.130522727966308594e+01
-3.130522727966308594e+01
-3.131487655639648438e+01
-3.133417510986328125e+01
-3.133417510986328125e+01
-3.135347557067871094e+01
-3.135347557067871094e+01
-3.136312484741210938e+01
-3.138242340087890625e+01
-3.138242340087890625e+01
-3.139207458496093750e+01
-3.141137313842773438e+01
-3.141137313842773438e+01
-3.143067359924316406e+01
-3.144032287597656250e+01
-3.144032287597656250e+01
-3.144997215270996094e+01
-3.145962333679199219e+01
-3.146927261352539062e+01
-3.148857307434082031e+01
-3.148857307434082031e+01
-3.149822235107421875e+01
-3.151752281188964844e+01
-3.151752281188964844e+01
-3.153682136535644531e+01
-3.153682136535644531e+01
-3.154647254943847656e+01
-3.156577301025390625e+01
-3.156577301025390625e+01
-3.157542228698730469e+01
-3.159472274780273438e+01
-3.159472274780273438e+01
-3.160437393188476562e+01
-3.161402320861816406e+01
-3.162367439270019531e+01
-3.164297485351562500e+01
-3.164297485351562500e+01
-3.165262413024902344e+01
-3.167192649841308594e+01
-3.167192649841308594e+01
-3.169122695922851562e+01
-3.170087623596191406e+01
-3.170087623596191406e+01
-3.172017860412597656e+01
-3.172017860412597656e+01
-3.172982788085937500e+01
-3.174913024902343750e+01
-3.174913024902343750e+01
-3.175877952575683594e+01
-3.176843070983886719e+01
-3.178773307800292969e+01
-3.178773307800292969e+01
-3.180703353881835938e+01
-3.180703353881835938e+01
-3.180703353881835938e+01
-3.182633590698242188e+01
-3.183598709106445312e+01
-3.185528945922851562e+01
-3.185528945922851562e+01
-3.187458992004394531e+01
-3.188424110412597656e+01
-3.188424110412597656e+01
-3.190354347229003906e+01
-3.190354347229003906e+01
-3.191319465637207031e+01
-3.193249702453613281e+01
-3.193249702453613281e+01
-3.195179939270019531e+01
-3.195179939270019531e+01
-3.196145057678222656e+01
-3.198075294494628906e+01
-3.198075294494628906e+01
-3.199040412902832031e+01
-3.200970840454101562e+01
-3.200970840454101562e+01
-3.201935958862304688e+01
-3.203866195678710938e+01
-3.203866195678710938e+01
-3.205796432495117188e+01
-3.205796432495117188e+01
-3.206761550903320312e+01
-3.208692169189453125e+01
-3.208692169189453125e+01
-3.209657287597656250e+01
-3.211587524414062500e+01
-3.211587524414062500e+01
-3.212552642822265625e+01
-3.214483261108398438e+01
-3.214483261108398438e+01
-3.216413497924804688e+01
-3.217378616333007812e+01
-3.217378616333007812e+01
-3.219309234619140625e+01
-3.219309234619140625e+01
-3.220274353027343750e+01
-3.222204589843750000e+01
-3.222204589843750000e+01
-3.224135208129882812e+01
-3.225100326538085938e+01
-3.225100326538085938e+01
-3.227030944824218750e+01
-3.227030944824218750e+01
-3.227996063232421875e+01
-3.229926681518554688e+01
-3.229926681518554688e+01
-3.229926681518554688e+01
-3.232822418212890625e+01
-3.232822418212890625e+01
-3.234753036499023438e+01
-3.234753036499023438e+01
-3.235718154907226562e+01
-3.237648773193359375e+01
-3.237648773193359375e+01
-3.238613891601562500e+01
-3.240544509887695312e+01
-3.240544509887695312e+01
-3.242475128173828125e+01
-3.243440246582031250e+01
-3.244405746459960938e+01
-3.245370864868164062e+01
-3.245370864868164062e+01
-3.246336364746093750e+01
-3.246336364746093750e+01
-3.248266983032226562e+01
-3.249232101440429688e+01
-3.251163101196289062e+01
-3.251163101196289062e+01
-3.253093719482421875e+01
-3.254058837890625000e+01
-3.254058837890625000e+01
-3.255989456176757812e+01
-3.255989456176757812e+01
-3.256954956054687500e+01
-3.256954956054687500e+01
-3.258885574340820312e+01
-3.259851074218750000e+01
-3.261781692504882812e+01
-3.261781692504882812e+01
-3.263712692260742188e+01
-3.263712692260742188e+01
-3.264677810668945312e+01
-3.266608810424804688e+01
-3.266608810424804688e+01
-3.267574310302734375e+01
-3.269504928588867188e+01
-3.269504928588867188e+01
-3.271435928344726562e+01
-3.271435928344726562e+01
-3.272401046752929688e+01
-3.274332046508789062e+01
-3.274332046508789062e+01
-3.276263046264648438e+01
-3.276263046264648438e+01
-3.277228546142578125e+01
-3.277228546142578125e+01
-3.279159164428710938e+01
-3.280124664306640625e+01
-3.282055664062500000e+01
-3.283021163940429688e+01
-3.283021163940429688e+01
-3.284952163696289062e+01
-3.284952163696289062e+01
-3.285917663574218750e+01
-3.287848663330078125e+01
-3.287848663330078125e+01
-3.288814163208007812e+01
-3.290745162963867188e+01
-3.290745162963867188e+01
-3.291710662841796875e+01
-3.293641662597656250e+01
-3.293641662597656250e+01
-3.295572662353515625e+01
-3.295572662353515625e+01
-3.296538162231445312e+01
-3.298469161987304688e+01
-3.298469161987304688e+01
-3.299434661865234375e+01
-3.301366043090820312e+01
-3.301366043090820312e+01
-3.302331542968750000e+01
-3.304262542724609375e+01
-3.304262542724609375e+01
-3.306193923950195312e+01
-3.306193923950195312e+01
-3.307159423828125000e+01
-3.309090423583984375e+01
-3.309090423583984375e+01
-3.310056304931640625e+01
-3.311987304687500000e+01
-3.312952804565429688e+01
-3.312952804565429688e+01
-3.314884185791015625e+01
-3.314884185791015625e+01
-3.315849685668945312e+01
-3.316815567016601562e+01
-3.316815567016601562e+01
-3.318746948242187500e+01
-3.320677947998046875e+01
-3.321643829345703125e+01
-3.321643829345703125e+01
-3.322609329223632812e+01
-3.323575210571289062e+01
-3.324540710449218750e+01
-3.325506591796875000e+01
-3.326472091674804688e+01
-3.327437973022460938e+01
-3.328403472900390625e+01
-3.329369354248046875e+01
-3.330334854125976562e+01
-3.331300735473632812e+01
-3.332266235351562500e+01
-3.333232116699218750e+01
-3.334197998046875000e+01
-3.335163497924804688e+01
-3.336129379272460938e+01
-3.337095260620117188e+01
-3.338060760498046875e+01
-3.339026641845703125e+01
-3.339992523193359375e+01
-3.340958023071289062e+01
-3.341923904418945312e+01
-3.342889785766601562e+01
-3.342889785766601562e+01
-3.344821166992187500e+01
-3.345787048339843750e+01
-3.346752929687500000e+01
-3.347718811035156250e+01
-3.348684310913085938e+01
-3.349650192260742188e+01
-3.350616073608398438e+01
-3.351581954956054688e+01
-3.352547836303710938e+01
-3.353513717651367188e+01
-3.355445098876953125e+01
-3.355445098876953125e+01
-3.356410980224609375e+01
-3.357376861572265625e+01
-3.358342742919921875e+01
-3.360274505615234375e+01
-3.360274505615234375e+01
-3.361240386962890625e+01
-3.363172149658203125e+01
-3.363172149658203125e+01
-3.364138031005859375e+01
-3.366069793701171875e+01
-3.366069793701171875e+01
-3.367035675048828125e+01
-3.368001556396484375e+01
-3.368967437744140625e+01
-3.369933319091796875e+01
-3.370899200439453125e+01
-3.372830963134765625e+01
-3.373796844482421875e+01
-3.374762725830078125e+01
-3.374762725830078125e+01
-3.376694488525390625e+01
-3.377660751342773438e+01
-3.378626632690429688e+01
-3.379592514038085938e+01
-3.379592514038085938e+01
-3.380558395385742188e+01
-3.382490158081054688e+01
-3.382490158081054688e+01
-3.383456039428710938e+01
-3.385388183593750000e+01
-3.385388183593750000e+01
-3.387319946289062500e+01
-3.387319946289062500e+01
-3.388285827636718750e+01
-3.390217590332031250e+01
-3.390217590332031250e+01
-3.391183471679687500e+01
-3.393115615844726562e+01
-3.393115615844726562e+01
-3.395047378540039062e+01
-3.395047378540039062e+01
-3.396013259887695312e+01
-3.396979141235351562e+01
-3.397945404052734375e+01
-3.399877166748046875e+01
-3.399877166748046875e+01
-3.400843048095703125e+01
-3.402775192260742188e+01
-3.402775192260742188e+01
-3.402775192260742188e+01
-3.405672836303710938e+01
-3.405672836303710938e+01
-3.406638717651367188e+01
-3.408570861816406250e+01
-3.408570861816406250e+01
-3.410502624511718750e+01
-3.410502624511718750e+01
-3.411468505859375000e+01
-3.413400650024414062e+01
-3.413400650024414062e+01
-3.414366531372070312e+01
-3.416298294067382812e+01
-3.416298294067382812e+01
-3.417264175415039062e+01
-3.419196319580078125e+01
-3.419196319580078125e+01
-3.420162200927734375e+01
-3.422093963623046875e+01
-3.422093963623046875e+01
-3.423059844970703125e+01
-3.424991989135742188e+01
-3.424991989135742188e+01
-3.426923751831054688e+01
-3.427889633178710938e+01
-3.427889633178710938e+01
-3.429821395874023438e+01
-3.429821395874023438e+01
-3.430787658691406250e+01
-3.432719421386718750e+01
-3.432719421386718750e+01
-3.433685302734375000e+01
-3.435617065429687500e+01
-3.435617065429687500e+01
-3.436582946777343750e+01
-3.438514709472656250e+01
-3.438514709472656250e+01
-3.439480590820312500e+01
-3.441412734985351562e+01
-3.441412734985351562e+01
-3.442378616333007812e+01
-3.444310379028320312e+01
-3.444310379028320312e+01
-3.446242141723632812e+01
-3.447208023071289062e+01
-3.447208023071289062e+01
-3.449139785766601562e+01
-3.449139785766601562e+01
-3.450105667114257812e+01
-3.452037429809570312e+01
-3.452037429809570312e+01
-3.453003311157226562e+01
-3.454935073852539062e+01
-3.454935073852539062e+01
-3.455900573730468750e+01
-3.457832336425781250e+01
-3.457832336425781250e+01
-3.458798217773437500e+01
-3.460729980468750000e+01
-3.460729980468750000e+01
-3.462661743164062500e+01
-3.462661743164062500e+01
-3.463627624511718750e+01
-3.465559005737304688e+01
-3.465559005737304688e+01
-3.465559005737304688e+01
-3.468456649780273438e+01
-3.468456649780273438e+01
-3.469422149658203125e+01
-3.472319412231445312e+01
-3.472319412231445312e+01
-3.472319412231445312e+01
-3.474251174926757812e+01
-3.474251174926757812e+01
-3.475217056274414062e+01
-3.476182556152343750e+01
-3.477148437500000000e+01
-3.479079818725585938e+01
-3.479079818725585938e+01
-3.480045700073242188e+01
-3.481977081298828125e+01
-3.481977081298828125e+01
-3.482942581176757812e+01
-3.484873962402343750e+01
-3.484873962402343750e+01
-3.486805343627929688e+01
-3.486805343627929688e+01
-3.487771224975585938e+01
-3.489702606201171875e+01
-3.489702606201171875e+01
-3.490668106079101562e+01
-3.492599487304687500e+01
-3.492599487304687500e+01
-3.493564987182617188e+01
-3.495496368408203125e+01
-3.495496368408203125e+01
-3.497427749633789062e+01
-3.497427749633789062e+01
-3.498393249511718750e+01
-3.500324249267578125e+01
-3.500324249267578125e+01
-3.501290130615234375e+01
-3.503221130371093750e+01
-3.503221130371093750e+01
-3.504186630249023438e+01
-3.506117630004882812e+01
-3.506117630004882812e+01
-3.507083129882812500e+01
-3.509014511108398438e+01
-3.509014511108398438e+01
-3.510945510864257812e+01
-3.510945510864257812e+01
-3.511911010742187500e+01
-3.513841629028320312e+01
-3.513841629028320312e+01
-3.513841629028320312e+01
-3.514807128906250000e+01
-3.514807128906250000e+01
-3.517703628540039062e+01
-3.519634628295898438e+01
-3.519634628295898438e+01
-3.519634628295898438e+01
-3.522530746459960938e+01
-3.522530746459960938e+01
-3.524461364746093750e+01
-3.524461364746093750e+01
-3.525426864624023438e+01
-3.525426864624023438e+01
-3.527357482910156250e+01
-3.529288101196289062e+01
-3.529288101196289062e+01
-3.530253601074218750e+01
-3.532184219360351562e+01
-3.533149337768554688e+01
-3.534114456176757812e+01
-3.534114456176757812e+01
-3.536045074462890625e+01
-3.536045074462890625e+01
-3.537975692749023438e+01
-3.537975692749023438e+01
-3.538940811157226562e+01
-3.538940811157226562e+01
-3.540871047973632812e+01
-3.541836547851562500e+01
-3.542801666259765625e+01
-3.543766784667968750e+01
-3.545697021484375000e+01
-3.545697021484375000e+01
-3.546662139892578125e+01
-3.547627258300781250e+01
-3.548592376708984375e+01
-3.549557495117187500e+01
-3.550522613525390625e+01
-3.552452850341796875e+01
-3.552452850341796875e+01
-3.553417587280273438e+01
-3.554382705688476562e+01
-3.555347824096679688e+01
-3.556312942504882812e+01
-3.557277679443359375e+01
-3.559207916259765625e+01
-3.559207916259765625e+01
-3.560172653198242188e+01
-3.562102508544921875e+01
-3.563067626953125000e+01
-3.563067626953125000e+01
-3.564032363891601562e+01
-3.565962219238281250e+01
-3.565962219238281250e+01
-3.566927337646484375e+01
-3.567892074584960938e+01
-3.568856811523437500e+01
-3.569821548461914062e+01
-3.570786666870117188e+01
-3.571751403808593750e+01
-3.572716140747070312e+01
-3.573680877685546875e+01
-3.574645614624023438e+01
-3.575610351562500000e+01
-3.577539825439453125e+01
-3.577539825439453125e+01
-3.578504562377929688e+01
-3.580434036254882812e+01
-3.580434036254882812e+01
-3.581398773193359375e+01
-3.582363510131835938e+01
-3.583327865600585938e+01
-3.585257339477539062e+01
-3.585257339477539062e+01
-3.586221694946289062e+01
-3.588151168823242188e+01
-3.588151168823242188e+01
-3.589115524291992188e+01
-3.591044616699218750e+01
-3.591044616699218750e+01
-3.592008972167968750e+01
-3.592973709106445312e+01
-3.593938064575195312e+01
-3.595867156982421875e+01
-3.595867156982421875e+01
-3.596831512451171875e+01
-3.598760223388671875e+01
-3.598760223388671875e+01
-3.599724578857421875e+01
-3.601653289794921875e+01
-3.601653289794921875e+01
-3.603582000732421875e+01
-3.603582000732421875e+01
-3.604546356201171875e+01
-3.606475067138671875e+01
-3.606475067138671875e+01
-3.607439041137695312e+01
-3.609367752075195312e+01
-3.609367752075195312e+01
-3.611296081542968750e+01
-3.611296081542968750e+01
-3.612260055541992188e+01
-3.614188385009765625e+01
-3.614188385009765625e+01
-3.615152740478515625e+01
-3.617080688476562500e+01
-3.617080688476562500e+01
-3.619009017944335938e+01
-3.619009017944335938e+01
-3.619972991943359375e+01
-3.620936965942382812e+01
-3.621900939941406250e+01
-3.623828887939453125e+01
-3.623828887939453125e+01
-3.624792861938476562e+01
-3.624792861938476562e+01
-3.626720809936523438e+01
-3.627684783935546875e+01
-3.629612350463867188e+01
-3.629612350463867188e+01
-3.630576324462890625e+01
-3.632503890991210938e+01
-3.632503890991210938e+01
-3.633467483520507812e+01
-3.635395050048828125e+01
-3.635395050048828125e+01
-3.637322616577148438e+01
-3.637322616577148438e+01
-3.638286209106445312e+01
-3.640213775634765625e+01
-3.640213775634765625e+01
-3.641177368164062500e+01
-3.645995330810546875e+01
-3.645995330810546875e+01
-3.646958541870117188e+01
-3.647922134399414062e+01
-3.648885726928710938e+01
-3.650812530517578125e+01
-3.650812530517578125e+01
-3.651776123046875000e+01
-3.652739334106445312e+01
-3.653702926635742188e+01
-3.655629348754882812e+01
-3.655629348754882812e+01
-3.656592941284179688e+01
-3.658519363403320312e+01
-3.658519363403320312e+01
-3.659482574462890625e+01
-3.660445785522460938e+01
-3.661408996582031250e+01
-3.663335418701171875e+01
-3.663335418701171875e+01
-3.664298629760742188e+01
-3.666225051879882812e+01
-3.667187881469726562e+01
-3.667187881469726562e+01
-3.669114303588867188e+01
-3.669114303588867188e+01
-3.670077133178710938e+01
-3.670077133178710938e+01
-3.672003173828125000e+01
-3.673929214477539062e+01
-3.673929214477539062e+01
-3.674892044067382812e+01
-3.676817703247070312e+01
-3.676817703247070312e+01
-3.677780532836914062e+01
-3.679706192016601562e+01
-3.679706192016601562e+01
-3.680669021606445312e+01
-3.681631851196289062e+01
-3.682594680786132812e+01
-3.684519958496093750e+01
-3.684519958496093750e+01
-3.685482788085937500e+01
-3.687408065795898438e+01
-3.687408065795898438e+01
-3.688370895385742188e+01
-3.690295791625976562e+01
-3.690295791625976562e+01
-3.691258621215820312e+01
-3.691258621215820312e+01
-3.693183898925781250e+01
-3.695108795166015625e+01
-3.695108795166015625e+01
-3.696071243286132812e+01
-3.697996139526367188e+01
-3.697996139526367188e+01
-3.698958969116210938e+01
-3.699921417236328125e+01
-3.700883865356445312e+01
-3.702808380126953125e+01
-3.702808380126953125e+01
-3.703770828247070312e+01
-3.703770828247070312e+01
-3.705695724487304688e+01
-3.705695724487304688e+01
-3.707620620727539062e+01
-3.708582687377929688e+01
-3.710507583618164062e+01
-3.710507583618164062e+01
-3.711469650268554688e+01
-3.713394546508789062e+01
-3.713394546508789062e+01
-3.714356613159179688e+01
-3.716281127929687500e+01
-3.716281127929687500e+01
-3.717243576049804688e+01
-3.718205642700195312e+01
-3.719168090820312500e+01
-3.719168090820312500e+01
-3.721092605590820312e+01
-3.722054672241210938e+01
-3.723979187011718750e+01
-3.723979187011718750e+01
-3.723979187011718750e+01
-3.725903320312500000e+01
-3.726865768432617188e+01
-3.728789901733398438e+01
-3.728789901733398438e+01
-3.729752349853515625e+01
-3.731676483154296875e+01
-3.731676483154296875e+01
-3.732638549804687500e+01
-3.734563064575195312e+01
-3.734563064575195312e+01
-3.735525131225585938e+01
-3.737449645996093750e+01
-3.737449645996093750e+01
-3.739373779296875000e+01
-3.739373779296875000e+01
-3.740335845947265625e+01
-3.742260360717773438e+01
-3.742260360717773438e+01
-3.743222427368164062e+01
-3.743222427368164062e+01
-3.743222427368164062e+01
-3.747071075439453125e+01
-3.747071075439453125e+01
-3.748033142089843750e+01
-3.749957275390625000e+01
-3.749957275390625000e+01
-3.750919342041015625e+01
-3.752843856811523438e+01
-3.752843856811523438e+01
-3.753805923461914062e+01
-3.755730438232421875e+01
-3.755730438232421875e+01
-3.756692504882812500e+01
-3.758616638183593750e+01
-3.758616638183593750e+01
-3.760541152954101562e+01
-3.760541152954101562e+01
-3.761503219604492188e+01
-3.762465667724609375e+01
-3.763427734375000000e+01
-3.765352249145507812e+01
-3.765352249145507812e+01
-3.766314315795898438e+01
-3.768238830566406250e+01
-3.768238830566406250e+01
-3.769201278686523438e+01
-3.769201278686523438e+01
-3.769201278686523438e+01
-3.772087860107421875e+01
-3.774012374877929688e+01
-3.774012374877929688e+01
-3.774974822998046875e+01
-3.776899337768554688e+01
-3.776899337768554688e+01
-3.777861785888671875e+01
-3.778823852539062500e+01
-3.779786300659179688e+01
-3.781711196899414062e+01
-3.781711196899414062e+01
-3.782673645019531250e+01
-3.784598159790039062e+01
-3.784598159790039062e+01
-3.785560607910156250e+01
-3.786523056030273438e+01
-3.787485504150390625e+01
-3.789410400390625000e+01
-3.789410400390625000e+01
-3.790372848510742188e+01
-3.792298126220703125e+01
-3.792298126220703125e+01
-3.793260574340820312e+01
-3.795185470581054688e+01
-3.795185470581054688e+01
-3.797110748291015625e+01
-3.797110748291015625e+01
-3.798073577880859375e+01
-3.799998855590820312e+01
-3.799998855590820312e+01
-3.800961303710937500e+01
-3.802886581420898438e+01
-3.802886581420898438e+01
-3.803849411010742188e+01
-3.805775070190429688e+01
-3.805775070190429688e+01
-3.807700347900390625e+01
-3.807700347900390625e+01
-3.808663177490234375e+01
-3.808663177490234375e+01
-3.808663177490234375e+01
-3.811552047729492188e+01
-3.811552047729492188e+01
-3.813477706909179688e+01
-3.814440536499023438e+01
-3.815403747558593750e+01
-3.816366577148437500e+01
-3.818292617797851562e+01
-3.818292617797851562e+01
-3.819255828857421875e+01
-3.821181869506835938e+01
-3.821181869506835938e+01
-3.822145080566406250e+01
-3.823107910156250000e+01
-3.824071121215820312e+01
-3.825997543334960938e+01
-3.825997543334960938e+01
-3.826960754394531250e+01
-3.828887557983398438e+01
-3.828887557983398438e+01
-3.829850769042968750e+01
-3.831777572631835938e+01
-3.831777572631835938e+01
-3.832740783691406250e+01
-3.832740783691406250e+01
-3.834667968750000000e+01
-3.836594772338867188e+01
-3.836594772338867188e+01
-3.837558364868164062e+01
-3.838521957397460938e+01
-3.839485549926757812e+01
-3.841412734985351562e+01
-3.841412734985351562e+01
-3.842376708984375000e+01
-3.844304275512695312e+01
-3.844304275512695312e+01
-3.845267868041992188e+01
-3.846231842041015625e+01
-3.847195434570312500e+01
-3.849123382568359375e+01
-3.849123382568359375e+01
-3.849123382568359375e+01
-3.852015304565429688e+01
-3.852015304565429688e+01
-3.852979278564453125e+01
-3.854907608032226562e+01
-3.854907608032226562e+01
-3.855871582031250000e+01
-3.856835937500000000e+01
-3.857800292968750000e+01
-3.859728622436523438e+01
-3.859728622436523438e+01
-3.860692977905273438e+01
-3.862621688842773438e+01
-3.862621688842773438e+01
-3.863586425781250000e+01
-3.864550781250000000e+01
-3.865515136718750000e+01
-3.866479873657226562e+01
-3.867444229125976562e+01
-3.868408966064453125e+01
-3.870338439941406250e+01
-3.870338439941406250e+01
-3.871303176879882812e+01
-3.873232650756835938e+01
-3.873232650756835938e+01
-3.875162506103515625e+01
-3.875162506103515625e+01
-3.876127624511718750e+01
-3.878057479858398438e+01
-3.878057479858398438e+01
-3.879987716674804688e+01
-3.879987716674804688e+01
-3.880952835083007812e+01
-3.880952835083007812e+01
-3.882883453369140625e+01
-3.883848571777343750e+01
-3.884814071655273438e+01
-3.885779190063476562e+01
-3.887710189819335938e+01
-3.888675689697265625e+01
-3.888675689697265625e+01
-3.889641189575195312e+01
-3.891572570800781250e+01
-3.891572570800781250e+01
-3.893503952026367188e+01
-3.893503952026367188e+01
-3.894469833374023438e+01
-3.896401214599609375e+01
-3.896401214599609375e+01
-3.898333358764648438e+01
-3.898333358764648438e+01
-3.899299240112304688e+01
-3.901231384277343750e+01
-3.901231384277343750e+01
-3.902197647094726562e+01
-3.904130172729492188e+01
-3.904130172729492188e+01
-3.905096435546875000e+01
-3.907029342651367188e+01
-3.907029342651367188e+01
-3.907995605468750000e+01
-3.909928894042968750e+01
-3.909928894042968750e+01
-3.910895538330078125e+01
-3.911862182617187500e+01
-3.912828826904296875e+01
-3.914762496948242188e+01
-3.914762496948242188e+01
-3.915729141235351562e+01
-3.917663192749023438e+01
-3.917663192749023438e+01
-3.917663192749023438e+01
-3.920564651489257812e+01
-3.920564651489257812e+01
-3.921531677246093750e+01
-3.922499084472656250e+01
-3.923466110229492188e+01
-3.925400924682617188e+01
-3.925400924682617188e+01
-3.926368713378906250e+01
-3.928303909301757812e+01
-3.928303909301757812e+01
-3.929271316528320312e+01
-3.931206893920898438e+01
-3.931206893920898438e+01
-3.933142471313476562e+01
-3.933142471313476562e+01
-3.934110641479492188e+01
-3.936046600341796875e+01
-3.936046600341796875e+01
-3.937014770507812500e+01
-3.938951110839843750e+01
-3.938951110839843750e+01
-3.939919662475585938e+01
-3.941856384277343750e+01
-3.941856384277343750e+01
-3.943793487548828125e+01
-3.943793487548828125e+01
-3.944762039184570312e+01
-3.946699523925781250e+01
-3.946699523925781250e+01
-3.948637008666992188e+01
-3.948637008666992188e+01
-3.949605941772460938e+01
-3.951544189453125000e+01
-3.951544189453125000e+01
-3.952513122558593750e+01
-3.953482437133789062e+01
-3.954451751708984375e+01
-3.955421066284179688e+01
-3.957359695434570312e+01
-3.957359695434570312e+01
-3.958329391479492188e+01
-3.959298706054687500e+01
-3.960268402099609375e+01
-3.962208175659179688e+01
-3.962208175659179688e+01
-3.962208175659179688e+01
-3.964147949218750000e+01
-3.965117645263671875e+01
-3.966087722778320312e+01
-3.967057800292968750e+01
-3.968028259277343750e+01
-3.969968795776367188e+01
-3.969968795776367188e+01
-3.970939254760742188e+01
-3.972880172729492188e+01
-3.972880172729492188e+01
-3.973850631713867188e+01
-3.973850631713867188e+01
-3.975792312622070312e+01
-3.977733993530273438e+01
-3.977733993530273438e+01
-3.978704833984375000e+01
-3.980647277832031250e+01
-3.980647277832031250e+01
-3.981618499755859375e+01
-3.983560943603515625e+01
-3.983560943603515625e+01
-3.985503768920898438e+01
-3.985503768920898438e+01
-3.986475372314453125e+01
-3.988418960571289062e+01
-3.988418960571289062e+01
-3.988418960571289062e+01
-3.991334533691406250e+01
-3.991334533691406250e+01
-3.992306518554687500e+01
-3.994250869750976562e+01
-3.994250869750976562e+01
-3.995222854614257812e+01
-3.996195220947265625e+01
-3.997167968750000000e+01
-3.999112701416015625e+01
-3.999112701416015625e+01
-4.000085449218750000e+01
-4.002030944824218750e+01
-4.002030944824218750e+01
-4.003004074096679688e+01
-4.003976821899414062e+01
-4.004949951171875000e+01
-4.006896209716796875e+01
-4.006896209716796875e+01
-4.007869720458984375e+01
-4.009816360473632812e+01
-4.009816360473632812e+01
-4.010789871215820312e+01
-4.011763763427734375e+01
-4.011763763427734375e+01
-4.013711166381835938e+01
-4.015658950805664062e+01
-4.015658950805664062e+01
-4.017607116699218750e+01
-4.017607116699218750e+01
-4.018581390380859375e+01
-4.020529937744140625e+01
-4.020529937744140625e+01
-4.022478866577148438e+01
-4.022478866577148438e+01
-4.023453521728515625e+01
-4.025402832031250000e+01
-4.025402832031250000e+01
-4.026377487182617188e+01
-4.028327560424804688e+01
-4.028327560424804688e+01
-4.030277633666992188e+01
-4.030277633666992188e+01
-4.031253051757812500e+01
-4.033203506469726562e+01
-4.033203506469726562e+01
-4.034178924560546875e+01
-4.036130142211914062e+01
-4.036130142211914062e+01
-4.037105941772460938e+01
-4.039057540893554688e+01
-4.039057540893554688e+01
-4.040033340454101562e+01
-4.041985321044921875e+01
-4.041985321044921875e+01
-4.043937683105468750e+01
-4.043937683105468750e+01
-4.044913864135742188e+01
-4.045890426635742188e+01
-4.046866989135742188e+01
-4.047843551635742188e+01
-4.048820114135742188e+01
-4.048820114135742188e+01
-4.050773239135742188e+01
-4.052727127075195312e+01
-4.052727127075195312e+01
-4.053704071044921875e+01
-4.055658340454101562e+01
-4.055658340454101562e+01
-4.057612609863281250e+01
-4.057612609863281250e+01
-4.058589935302734375e+01
-4.060544967651367188e+01
-4.060544967651367188e+01
-4.061522293090820312e+01
-4.063477706909179688e+01
-4.063477706909179688e+01
-4.065433502197265625e+01
-4.065433502197265625e+01
-4.065433502197265625e+01
-4.068367385864257812e+01
-4.068367385864257812e+01
-4.069345474243164062e+01
-4.071302032470703125e+01
-4.071302032470703125e+01
-4.072280502319335938e+01
-4.072280502319335938e+01
-4.074237060546875000e+01
-4.075215911865234375e+01
-4.076194381713867188e+01
-4.077173233032226562e+01
-4.078152084350585938e+01
-4.079130935668945312e+01
-4.079130935668945312e+01
-4.080109786987304688e+01
-4.082067871093750000e+01
-4.083046722412109375e+01
-4.084025955200195312e+01
-4.085005187988281250e+01
-4.086964035034179688e+01
-4.086964035034179688e+01
-4.087943649291992188e+01
-4.088922882080078125e+01
-4.089902496337890625e+01
-4.090882492065429688e+01
-4.091862106323242188e+01
-4.092841720581054688e+01
-4.093821716308593750e+01
-4.095781707763671875e+01
-4.095781707763671875e+01
-4.096761703491210938e+01
-4.098722076416015625e+01
-4.098722076416015625e+01
-4.098722076416015625e+01
-4.098722076416015625e+01
-4.098722076416015625e+01
-4.098722076416015625e+01
-4.098722076416015625e+01
-4.100682830810546875e+01
-4.101663208007812500e+01
-4.102643585205078125e+01
-4.103624343872070312e+01
-4.104604721069335938e+01
-4.105585479736328125e+01
-4.106566238403320312e+01
-4.106566238403320312e+01
-4.108528137207031250e+01
-4.109508895874023438e+01
-4.110490036010742188e+01
-4.111471176147460938e+01
-4.112452316284179688e+01
-4.113433456420898438e+01
-4.113433456420898438e+01
-4.113433456420898438e+01
-4.115396118164062500e+01
-4.117358779907226562e+01
-4.118340301513671875e+01
-4.119321823120117188e+01
-4.120303726196289062e+01
-4.121285247802734375e+01
-4.122267150878906250e+01
-4.123249053955078125e+01
-4.123249053955078125e+01
-4.125212860107421875e+01
-4.126194763183593750e+01
-4.127177047729492188e+01
-4.128158950805664062e+01
-4.129141235351562500e+01
-4.130123519897460938e+01
-4.131105804443359375e+01
-4.132088470458984375e+01
-4.133070755004882812e+01
-4.134053421020507812e+01
-4.135036087036132812e+01
-4.136018753051757812e+01
-4.137001419067382812e+01
-4.138966751098632812e+01
-4.138966751098632812e+01
-4.139949798583984375e+01
-4.140932846069335938e+01
-4.141915893554687500e+01
-4.142898941040039062e+01
-4.143881988525390625e+01
-4.144865036010742188e+01
-4.145848464965820312e+01
-4.146831512451171875e+01
-4.147814941406250000e+01
-4.148798370361328125e+01
-4.149781799316406250e+01
-4.150765609741210938e+01
-4.151749038696289062e+01
-4.152732849121093750e+01
-4.153716659545898438e+01
-4.154700088500976562e+01
-4.155683898925781250e+01
-4.156668090820312500e+01
-4.157651901245117188e+01
-4.158636093139648438e+01
-4.159619903564453125e+01
-4.160604095458984375e+01
-4.161588287353515625e+01
-4.162572479248046875e+01
-4.163556671142578125e+01
-4.164541244506835938e+01
-4.165525436401367188e+01
-4.166510009765625000e+01
-4.167494583129882812e+01
-4.168479156494140625e+01
-4.169463729858398438e+01
-4.170448303222656250e+01
-4.171433258056640625e+01
-4.172417831420898438e+01
-4.173402786254882812e+01
-4.174387741088867188e+01
-4.175372695922851562e+01
-4.176357650756835938e+01
-4.176357650756835938e+01
-4.176357650756835938e+01
-4.176357650756835938e+01
-4.176357650756835938e+01
-4.176357650756835938e+01
-4.176357650756835938e+01
-4.176357650756835938e+01
-4.176357650756835938e+01
-4.483303833007812500e+01
-4.484288406372070312e+01
-4.485272598266601562e+01
-4.486256790161132812e+01
-4.486256790161132812e+01
-4.487240982055664062e+01
-4.490193939208984375e+01
-4.490193939208984375e+01
-4.490193939208984375e+01
-4.492162704467773438e+01
-4.493146896362304688e+01
-4.495115280151367188e+01
-4.495115280151367188e+01
-4.496099853515625000e+01
-4.498068237304687500e+01
-4.498068237304687500e+01
-4.500037002563476562e+01
-4.500037002563476562e+01
-4.501021194458007812e+01
-4.502989959716796875e+01
-4.502989959716796875e+01
-4.503974151611328125e+01
-4.505942535400390625e+01
-4.505942535400390625e+01
-4.506927108764648438e+01
-4.508895492553710938e+01
-4.508895492553710938e+01
-4.509879684448242188e+01
-4.511848449707031250e+01
-4.511848449707031250e+01
-4.512832641601562500e+01
-4.514801406860351562e+01
-4.514801406860351562e+01
-4.516769790649414062e+01
-4.516769790649414062e+01
-4.517754364013671875e+01
-4.517754364013671875e+01
-4.518738555908203125e+01
-4.520707321166992188e+01
-4.521691513061523438e+01
-4.522675704956054688e+01
-4.524644470214843750e+01
-4.524644470214843750e+01
-4.525628662109375000e+01
-4.527597427368164062e+01
-4.527597427368164062e+01
-4.529565811157226562e+01
-4.529565811157226562e+01
-4.530550003051757812e+01
-4.531534576416015625e+01
-4.531534576416015625e+01
-4.533502960205078125e+01
-4.535471725463867188e+01
-4.535471725463867188e+01
-4.536455917358398438e+01
-4.537440490722656250e+01
-4.538424682617187500e+01
-4.538424682617187500e+01
-4.540393447875976562e+01
-4.542361831665039062e+01
-4.542361831665039062e+01
-4.544330596923828125e+01
-4.544330596923828125e+01
-4.546298980712890625e+01
-4.546298980712890625e+01
-4.547283554077148438e+01
-4.547283554077148438e+01
-4.548267745971679688e+01
-4.550236511230468750e+01
-4.552204895019531250e+01
-4.552204895019531250e+01
-4.553189468383789062e+01
-4.555157852172851562e+01
-4.555157852172851562e+01
-4.557126617431640625e+01
-4.557126617431640625e+01
-4.558111190795898438e+01
-4.558111190795898438e+01
-4.560079574584960938e+01
-4.561064147949218750e+01
-4.563032531738281250e+01
-4.563032531738281250e+01
-4.565001296997070312e+01
-4.565001296997070312e+01
-4.565985488891601562e+01
-4.567954254150390625e+01
-4.567954254150390625e+01
-4.568938827514648438e+01
-4.569923019409179688e+01
-4.570907211303710938e+01
-4.572875976562500000e+01
-4.572875976562500000e+01
-4.573860549926757812e+01
-4.575828933715820312e+01
-4.575828933715820312e+01
-4.576813507080078125e+01
-4.576813507080078125e+01
-4.578782272338867188e+01
-4.579766464233398438e+01
-4.581735229492187500e+01
-4.581735229492187500e+01
-4.583703994750976562e+01
-4.583703994750976562e+01
-4.583703994750976562e+01
-4.586656951904296875e+01
-4.586656951904296875e+01
-4.587641525268554688e+01
-4.588625717163085938e+01
-4.589609909057617188e+01
-4.591578674316406250e+01
-4.591578674316406250e+01
-4.592563247680664062e+01
-4.594532012939453125e+01
-4.594532012939453125e+01
-4.594532012939453125e+01
-4.597484970092773438e+01
-4.597484970092773438e+01
-4.598469543457031250e+01
-4.599453735351562500e+01
-4.600438308715820312e+01
-4.602407073974609375e+01
-4.602407073974609375e+01
-4.603391265869140625e+01
-4.605360031127929688e+01
-4.605360031127929688e+01
-4.606344604492187500e+01
-4.607328796386718750e+01
-4.607328796386718750e+01
-4.609297561645507812e+01
-4.611266326904296875e+01
-4.611266326904296875e+01
-4.612250900268554688e+01
-4.614219665527343750e+01
-4.614219665527343750e+01
-4.614219665527343750e+01
-4.616188430786132812e+01
-4.617173004150390625e+01
-4.619141769409179688e+01
-4.619141769409179688e+01
-4.620125961303710938e+01
-4.620125961303710938e+01
-4.620125961303710938e+01
-4.623079299926757812e+01
-4.624063873291015625e+01
-4.625048065185546875e+01
-4.627016830444335938e+01
-4.627016830444335938e+01
-4.628001403808593750e+01
-4.629970169067382812e+01
-4.629970169067382812e+01
-4.630954742431640625e+01
-4.632923507690429688e+01
-4.632923507690429688e+01
-4.634892272949218750e+01
-4.634892272949218750e+01
-4.635876846313476562e+01
-4.637845611572265625e+01
-4.637845611572265625e+01
-4.638830184936523438e+01
-4.639814758300781250e+01
-4.640798950195312500e+01
-4.642768096923828125e+01
-4.642768096923828125e+01
-4.643752670288085938e+01
-4.645721435546875000e+01
-4.645721435546875000e+01
-4.646706008911132812e+01
-4.648674774169921875e+01
-4.648674774169921875e+01
-4.649659347534179688e+01
-4.651628112792968750e+01
-4.651628112792968750e+01
-4.653597259521484375e+01
-4.653597259521484375e+01
-4.654581451416015625e+01
-4.656550598144531250e+01
-4.656550598144531250e+01
-4.657535171508789062e+01
-4.659503936767578125e+01
-4.659503936767578125e+01
-4.660488510131835938e+01
-4.662457656860351562e+01
-4.662457656860351562e+01
-4.664426422119140625e+01
-4.664426422119140625e+01
-4.665410995483398438e+01
-4.667380142211914062e+01
-4.667380142211914062e+01
-4.668364715576171875e+01
-4.670333480834960938e+01
-4.670333480834960938e+01
-4.671318054199218750e+01
-4.672302627563476562e+01
-4.673287200927734375e+01
-4.673287200927734375e+01
-4.673287200927734375e+01
-4.676240921020507812e+01
-4.678209686279296875e+01
-4.678209686279296875e+01
-4.680178833007812500e+01
-4.680178833007812500e+01
-4.681163406372070312e+01
-4.683132553100585938e+01
-4.683132553100585938e+01
-4.684117126464843750e+01
-4.686086273193359375e+01
-4.686086273193359375e+01
-4.687070846557617188e+01
-4.689039993286132812e+01
-4.689039993286132812e+01
-4.691009140014648438e+01
-4.691009140014648438e+01
-4.691993713378906250e+01
-4.691993713378906250e+01
-4.691993713378906250e+01
-4.694947433471679688e+01
-4.696916580200195312e+01
-4.696916580200195312e+01
-4.697901153564453125e+01
-4.698885726928710938e+01
-4.699870300292968750e+01
-4.701839447021484375e+01
-4.701839447021484375e+01
-4.702824020385742188e+01
-4.702824020385742188e+01
-4.704793167114257812e+01
-4.706762313842773438e+01
-4.706762313842773438e+01
-4.707746887207031250e+01
-4.709716415405273438e+01
-4.709716415405273438e+01
-4.710700988769531250e+01
-4.712670135498046875e+01
-4.712670135498046875e+01
-4.713654708862304688e+01
-4.715623855590820312e+01
-4.715623855590820312e+01
-4.717593383789062500e+01
-4.717593383789062500e+01
-4.718577957153320312e+01
-4.720547103881835938e+01
-4.720547103881835938e+01
-4.720547103881835938e+01
-4.721532058715820312e+01
-4.722516632080078125e+01
-4.724485778808593750e+01
-4.726455307006835938e+01
-4.726455307006835938e+01
-4.727439880371093750e+01
-4.728424453735351562e+01
-4.729409408569335938e+01
-4.731378555297851562e+01
-4.731378555297851562e+01
-4.732363128662109375e+01
-4.734332656860351562e+01
-4.734332656860351562e+01
-4.735317230224609375e+01
-4.736302185058593750e+01
-4.736302185058593750e+01
-4.738271331787109375e+01
-4.738271331787109375e+01
-4.741225433349609375e+01
-4.741225433349609375e+01
-4.743194961547851562e+01
-4.743194961547851562e+01
-4.744179916381835938e+01
-4.745164489746093750e+01
-4.746149063110351562e+01
-4.748118591308593750e+01
-4.748118591308593750e+01
-4.749103546142578125e+01
-4.751073074340820312e+01
-4.751073074340820312e+01
-4.753042602539062500e+01
-4.753042602539062500e+01
-4.754027175903320312e+01
-4.755996704101562500e+01
-4.755996704101562500e+01
-4.756981658935546875e+01
-4.758951187133789062e+01
-4.758951187133789062e+01
-4.760920715332031250e+01
-4.761905288696289062e+01
-4.761905288696289062e+01
-4.763874816894531250e+01
-4.763874816894531250e+01
-4.764859771728515625e+01
-4.766829299926757812e+01
-4.766829299926757812e+01
-4.767814254760742188e+01
-4.769783782958984375e+01
-4.769783782958984375e+01
-4.771753311157226562e+01
-4.771753311157226562e+01
-4.772738265991210938e+01
-4.774707794189453125e+01
-4.774707794189453125e+01
-4.775692749023437500e+01
-4.777662277221679688e+01
-4.777662277221679688e+01
-4.778647232055664062e+01
-4.780617141723632812e+01
-4.782586669921875000e+01
-4.783571624755859375e+01
-4.783571624755859375e+01
-4.783571624755859375e+01
-4.784556579589843750e+01
-4.785541152954101562e+01
-4.786526107788085938e+01
-4.787511062622070312e+01
-4.788496017456054688e+01
-4.789480972290039062e+01
-4.790465927124023438e+01
-4.791450500488281250e+01
-4.792435455322265625e+01
-4.793420410156250000e+01
-4.794405364990234375e+01
-4.794405364990234375e+01
-4.796375274658203125e+01
-4.797360229492187500e+01
-4.798345184326171875e+01
-4.799330139160156250e+01
-4.800314712524414062e+01
-4.801299667358398438e+01
-4.802284622192382812e+01
-4.803269577026367188e+01
-4.804254531860351562e+01
-4.804254531860351562e+01
-4.806224441528320312e+01
-4.807209396362304688e+01
-4.808194351196289062e+01
-4.809179306030273438e+01
-4.810164260864257812e+01
-4.811149215698242188e+01
-4.812134170532226562e+01
-4.813119125366210938e+01
-4.814104080200195312e+01
-4.815089035034179688e+01
-4.816073989868164062e+01
-4.817058944702148438e+01
-4.818043899536132812e+01
-4.819028854370117188e+01
-4.820999145507812500e+01
-4.820999145507812500e+01
-4.821984100341796875e+01
-4.823954010009765625e+01
-4.823954010009765625e+01
-4.825923919677734375e+01
-4.825923919677734375e+01
-4.826908874511718750e+01
-4.828878784179687500e+01
-4.828878784179687500e+01
-4.829863739013671875e+01
-4.831834030151367188e+01
-4.831834030151367188e+01
-4.832818984985351562e+01
-4.834788894653320312e+01
-4.835773849487304688e+01
-4.835773849487304688e+01
-4.835773849487304688e+01
-4.837743759155273438e+01
-4.839714050292968750e+01
-4.839714050292968750e+01
-4.840699005126953125e+01
-4.842668914794921875e+01
-4.842668914794921875e+01
-4.843653869628906250e+01
-4.845623779296875000e+01
-4.845623779296875000e+01
-4.847594070434570312e+01
-4.847594070434570312e+01
-4.848579025268554688e+01
-4.850548934936523438e+01
-4.850548934936523438e+01
-4.851533889770507812e+01
-4.853504180908203125e+01
-4.853504180908203125e+01
-4.854489135742187500e+01
-4.856459045410156250e+01
-4.856459045410156250e+01
-4.857444000244140625e+01
-4.859413909912109375e+01
-4.859413909912109375e+01
-4.861384201049804688e+01
-4.861384201049804688e+01
-4.862369155883789062e+01
-4.864339065551757812e+01
-4.864339065551757812e+01
-4.865324020385742188e+01
-4.867293930053710938e+01
-4.867293930053710938e+01
-4.868279266357421875e+01
-4.869264221191406250e+01
-4.870249176025390625e+01
-4.872219085693359375e+01
-4.872219085693359375e+01
-4.873204040527343750e+01
-4.875173950195312500e+01
-4.875173950195312500e+01
-4.875173950195312500e+01
-4.876158905029296875e+01
-4.877143859863281250e+01
-4.878129196166992188e+01
-4.881084060668945312e+01
-4.881084060668945312e+01
-4.882069015502929688e+01
-4.883053970336914062e+01
-4.884038925170898438e+01
-4.886008834838867188e+01
-4.886008834838867188e+01
-4.886993789672851562e+01
-4.886993789672851562e+01
-4.888963699340820312e+01
-4.889948654174804688e+01
-4.890933609008789062e+01
-4.891918563842773438e+01
-4.893888473510742188e+01
-4.893888473510742188e+01
-4.894873428344726562e+01
-4.895858383178710938e+01
-4.896843338012695312e+01
-4.897828292846679688e+01
-4.899798202514648438e+01
-4.899798202514648438e+01
-4.900783157348632812e+01
-4.901768112182617188e+01
-4.902753067016601562e+01
-4.904722976684570312e+01
-4.904722976684570312e+01
-4.905707550048828125e+01
-4.907677459716796875e+01
-4.907677459716796875e+01
-4.908662414550781250e+01
-4.908662414550781250e+01
-4.910632324218750000e+01
-4.910632324218750000e+01
-4.912601852416992188e+01
-4.913586807250976562e+01
-4.915556716918945312e+01
-4.915556716918945312e+01
-4.916541671752929688e+01
-4.918511199951171875e+01
-4.918511199951171875e+01
-4.919496154785156250e+01
-4.921465682983398438e+01
-4.921465682983398438e+01
-4.923435592651367188e+01
-4.923435592651367188e+01
-4.924420547485351562e+01
-4.926390075683593750e+01
-4.926390075683593750e+01
-4.927375030517578125e+01
-4.928359603881835938e+01
-4.929344558715820312e+01
-4.931314086914062500e+01
-4.931314086914062500e+01
-4.931314086914062500e+01
-4.934268569946289062e+01
-4.934268569946289062e+01
-4.935253143310546875e+01
-4.937222671508789062e+01
-4.938207626342773438e+01
-4.938207626342773438e+01
-4.938207626342773438e+01
-4.940177154541015625e+01
-4.942146682739257812e+01
-4.943131256103515625e+01
-4.943131256103515625e+01
-4.945100784301757812e+01
-4.945100784301757812e+01
-4.946085739135742188e+01
-4.948054885864257812e+01
-4.948054885864257812e+01
-4.949039840698242188e+01
-4.951008987426757812e+01
-4.951008987426757812e+01
-4.951993942260742188e+01
-4.952978515625000000e+01
-4.953963088989257812e+01
-4.955932617187500000e+01
-4.955932617187500000e+01
-4.956917190551757812e+01
-4.958886337280273438e+01
-4.958886337280273438e+01
-4.959870910644531250e+01
-4.961840438842773438e+01
-4.961840438842773438e+01
-4.963809585571289062e+01
-4.963809585571289062e+01
-4.964794158935546875e+01
-4.964794158935546875e+01
-4.966763305664062500e+01
-4.967747879028320312e+01
-4.969717025756835938e+01
-4.969717025756835938e+01
-4.971686172485351562e+01
-4.971686172485351562e+01
-4.972670745849609375e+01
-4.974639892578125000e+01
-4.974639892578125000e+01
-4.975624084472656250e+01
-4.977593231201171875e+01
-4.977593231201171875e+01
-4.978577804565429688e+01
-4.980546569824218750e+01
-4.980546569824218750e+01
-4.981531143188476562e+01
-4.983499908447265625e+01
-4.984484481811523438e+01
-4.985469055175781250e+01
-4.985469055175781250e+01
-4.986453247070312500e+01
-4.987437820434570312e+01
-4.988422393798828125e+01
-4.989406585693359375e+01
-4.990391159057617188e+01
-4.991375350952148438e+01
-4.992359924316406250e+01
-4.993344116210937500e+01
-4.994328689575195312e+01
-4.995312881469726562e+01
-4.996297073364257812e+01
-4.997281646728515625e+01
-4.998265838623046875e+01
-4.999250030517578125e+01
-5.000234603881835938e+01
-5.001218795776367188e+01
-5.002202987670898438e+01
-5.003187179565429688e+01
-5.005155944824218750e+01
-5.005155944824218750e+01
-5.006140136718750000e+01
-5.008108520507812500e+01
-5.008108520507812500e+01
-5.009092712402343750e+01
-5.010076904296875000e+01
-5.011061096191406250e+01
-5.012045288085937500e+01
-5.012045288085937500e+01
-5.013029479980468750e+01
-5.014997863769531250e+01
-5.014997863769531250e+01
-5.015982055664062500e+01
-5.017950439453125000e+01
-5.018934249877929688e+01
-5.019918441772460938e+01
-5.020902633666992188e+01
-5.021886825561523438e+01
-5.022870635986328125e+01
-5.023854827880859375e+01
-5.024839019775390625e+01
-5.025822830200195312e+01
-5.026807022094726562e+01
-5.027790832519531250e+01
-5.028775024414062500e+01
-5.029758834838867188e+01
-5.030743026733398438e+01
-5.031726837158203125e+01
-5.032711029052734375e+01
-5.034678649902343750e+01
-5.034678649902343750e+01
-5.036646652221679688e+01
-5.036646652221679688e+01
-5.037630462646484375e+01
-5.039598464965820312e+01
-5.039598464965820312e+01
-5.040582275390625000e+01
-5.042549896240234375e+01
-5.042549896240234375e+01
-5.043533706665039062e+01
-5.045501327514648438e+01
-5.045501327514648438e+01
-5.047468948364257812e+01
-5.047468948364257812e+01
-5.048452758789062500e+01
-5.050420379638671875e+01
-5.050420379638671875e+01
-5.052387619018554688e+01
-5.052387619018554688e+01
-5.053371429443359375e+01
-5.055338668823242188e+01
-5.055338668823242188e+01
-5.056322479248046875e+01
-5.058289718627929688e+01
-5.058289718627929688e+01
-5.059273529052734375e+01
-5.061240768432617188e+01
-5.061240768432617188e+01
-5.063208007812500000e+01
-5.063208007812500000e+01
-5.064191436767578125e+01
-5.066158294677734375e+01
-5.066158294677734375e+01
-5.067142105102539062e+01
-5.069108963012695312e+01
-5.069108963012695312e+01
-5.070092391967773438e+01
-5.071075820922851562e+01
-5.072059631347656250e+01
-5.073043060302734375e+01
-5.074026489257812500e+01
-5.075009918212890625e+01
-5.076976394653320312e+01
-5.076976394653320312e+01
-5.077959823608398438e+01
-5.079926681518554688e+01
-5.079926681518554688e+01
-5.080910110473632812e+01
-5.081893157958984375e+01
-5.082876586914062500e+01
-5.083860015869140625e+01
-5.085826492309570312e+01
-5.085826492309570312e+01
-5.087792968750000000e+01
-5.087792968750000000e+01
-5.087792968750000000e+01
-5.090742492675781250e+01
-5.090742492675781250e+01
-5.092708969116210938e+01
-5.092708969116210938e+01
-5.093692016601562500e+01
-5.094675064086914062e+01
-5.096641159057617188e+01
-5.096641159057617188e+01
-5.098607254028320312e+01
-5.098607254028320312e+01
-5.098607254028320312e+01
-5.101556396484375000e+01
-5.101556396484375000e+01
-5.101556396484375000e+01
-5.103522491455078125e+01
-5.103522491455078125e+01
-5.106471633911132812e+01
-5.106471633911132812e+01
-5.107454299926757812e+01
-5.109420394897460938e+01
-5.109420394897460938e+01
-5.110403060913085938e+01
-5.112368774414062500e+01
-5.112368774414062500e+01
-5.112368774414062500e+01
-5.114334487915039062e+01
-5.115317535400390625e+01
-5.117283248901367188e+01
-5.117283248901367188e+01
-5.117283248901367188e+01
-5.120231628417968750e+01
-5.120231628417968750e+01
-5.122196960449218750e+01
-5.122196960449218750e+01
-5.123180007934570312e+01
-5.125145339965820312e+01
-5.125145339965820312e+01
-5.126128005981445312e+01
-5.128093719482421875e+01
-5.129076385498046875e+01
-5.129076385498046875e+01
-5.130059051513671875e+01
-5.131041717529296875e+01
-5.133007049560546875e+01
-5.133007049560546875e+01
-5.133007049560546875e+01
-5.134972381591796875e+01
-5.135955047607421875e+01
-5.136937713623046875e+01
-5.138903045654296875e+01
-5.138903045654296875e+01
-5.139885711669921875e+01
-5.141851043701171875e+01
-5.141851043701171875e+01
-5.142833709716796875e+01
-5.143816375732421875e+01
-5.145781326293945312e+01
-5.145781326293945312e+01
-5.147746658325195312e+01
-5.147746658325195312e+01
-5.148729324340820312e+01
-5.150694656372070312e+01
-5.150694656372070312e+01
-5.151677322387695312e+01
-5.152659606933593750e+01
-5.153642272949218750e+01
-5.154624938964843750e+01
-5.155607604980468750e+01
-5.156590270996093750e+01
-5.158555221557617188e+01
-5.158555221557617188e+01
-5.159537887573242188e+01
-5.161503219604492188e+01
-5.161503219604492188e+01
-5.162485504150390625e+01
-5.164450836181640625e+01
-5.164450836181640625e+01
-5.165433502197265625e+01
-5.167398834228515625e+01
-5.167398834228515625e+01
-5.167398834228515625e+01
-5.170346450805664062e+01
-5.170346450805664062e+01
-5.171329116821289062e+01
-5.172311782836914062e+01
-5.173294448852539062e+01
-5.174276733398437500e+01
-5.175259399414062500e+01
-5.176242065429687500e+01
-5.176242065429687500e+01
-5.178207397460937500e+01
-5.179190063476562500e+01
-5.182138061523437500e+01
-5.182138061523437500e+01
-5.183120727539062500e+01
-5.184103393554687500e+01
-5.184103393554687500e+01
-5.185086059570312500e+01
-5.186068725585937500e+01
-5.187051391601562500e+01
-5.189016723632812500e+01
-5.189016723632812500e+01
-5.189999389648437500e+01
-5.190982055664062500e+01
-5.190982055664062500e+01
-5.190982055664062500e+01
-5.193930053710937500e+01
-5.194912719726562500e+01
-5.196878433227539062e+01
-5.196878433227539062e+01
-5.197861099243164062e+01
-5.199826431274414062e+01
-5.199826431274414062e+01
-5.200809478759765625e+01
-5.202774810791015625e+01
-5.202774810791015625e+01
-5.203757858276367188e+01
-5.205723571777343750e+01
-5.205723571777343750e+01
-5.206706237792968750e+01
-5.208671951293945312e+01
-5.208671951293945312e+01
-5.209654998779296875e+01
-5.211620712280273438e+01
-5.211620712280273438e+01
-5.213586425781250000e+01
-5.213586425781250000e+01
-5.214569473266601562e+01
-5.216535186767578125e+01
-5.216535186767578125e+01
-5.217518234252929688e+01
-5.218501281738281250e+01
-5.218501281738281250e+01
-5.221450424194335938e+01
-5.221450424194335938e+01
-5.223416519165039062e+01
-5.224399566650390625e+01
-5.224399566650390625e+01
-5.225382614135742188e+01
-5.227348709106445312e+01
-5.227348709106445312e+01
-5.228332138061523438e+01
-5.229315185546875000e+01
-5.231281661987304688e+01
-5.231281661987304688e+01
-5.233247756958007812e+01
-5.233247756958007812e+01
-5.234231185913085938e+01
-5.236197662353515625e+01
-5.236197662353515625e+01
-5.237181091308593750e+01
-5.239147567749023438e+01
-5.239147567749023438e+01
-5.241114425659179688e+01
-5.241114425659179688e+01
-5.242097854614257812e+01
-5.244064331054687500e+01
-5.244064331054687500e+01
-5.245047760009765625e+01
-5.247014999389648438e+01
-5.247014999389648438e+01
-5.247014999389648438e+01
-5.249965286254882812e+01
-5.249965286254882812e+01
-5.251932525634765625e+01
-5.251932525634765625e+01
-5.252916336059570312e+01
-5.254883575439453125e+01
-5.254883575439453125e+01
-5.254883575439453125e+01
-5.256850814819335938e+01
-5.256850814819335938e+01
-5.259802246093750000e+01
-5.260786056518554688e+01
-5.260786056518554688e+01
-5.262753677368164062e+01
-5.262753677368164062e+01
-5.263737487792968750e+01
-5.263737487792968750e+01
-5.265705108642578125e+01
-5.266689300537109375e+01
-5.268656921386718750e+01
-5.268656921386718750e+01
-5.269641113281250000e+01
-5.271609115600585938e+01
-5.271609115600585938e+01
-5.273577499389648438e+01
-5.273577499389648438e+01
-5.273577499389648438e+01
-5.276530075073242188e+01
-5.276530075073242188e+01
-5.278498458862304688e+01
-5.279482650756835938e+01
-5.279482650756835938e+01
-5.281451416015625000e+01
-5.281451416015625000e+01
-5.282435607910156250e+01
-5.284404373168945312e+01
-5.284404373168945312e+01
-5.285388946533203125e+01
-5.286373519897460938e+01
-5.287358093261718750e+01
-5.289327239990234375e+01
-5.289327239990234375e+01
-5.289327239990234375e+01
-5.290311813354492188e+01
-5.290311813354492188e+01
-5.293265914916992188e+01
-5.295235061645507812e+01
-5.295235061645507812e+01
-5.297204971313476562e+01
-5.297204971313476562e+01
-5.298189544677734375e+01
-5.298189544677734375e+01
-5.300159454345703125e+01
-5.300159454345703125e+01
-5.303114700317382812e+01
-5.303114700317382812e+01
-5.305084609985351562e+01
-5.305084609985351562e+01
-5.306069946289062500e+01
-5.308040237426757812e+01
-5.308040237426757812e+01
-5.309025573730468750e+01
-5.310995864868164062e+01
-5.310995864868164062e+01
-5.312966537475585938e+01
-5.312966537475585938e+01
-5.313952255249023438e+01
-5.315922927856445312e+01
-5.315922927856445312e+01
-5.316908645629882812e+01
-5.316908645629882812e+01
-5.316908645629882812e+01
-5.319865417480468750e+01
-5.321836853027343750e+01
-5.321836853027343750e+01
-5.322822570800781250e+01
-5.324794006347656250e+01
-5.325780105590820312e+01
-5.325780105590820312e+01
-5.326765823364257812e+01
-5.327751922607421875e+01
-5.329723739624023438e+01
-5.329723739624023438e+01
-5.330709838867187500e+01
-5.332682037353515625e+01
-5.332682037353515625e+01
-5.333668136596679688e+01
-5.334654617309570312e+01
-5.335640716552734375e+01
-5.337613296508789062e+01
-5.337613296508789062e+01
-5.338599777221679688e+01
-5.340572738647460938e+01
-5.340572738647460938e+01
-5.342545700073242188e+01
-5.342545700073242188e+01
-5.343532562255859375e+01
-5.345505905151367188e+01
-5.345505905151367188e+01
-5.347479248046875000e+01
-5.347479248046875000e+01
-5.348466110229492188e+01
-5.350439834594726562e+01
-5.350439834594726562e+01
-5.351426696777343750e+01
-5.353400802612304688e+01
-5.353400802612304688e+01
-5.354388046264648438e+01
-5.356362533569335938e+01
-5.356362533569335938e+01
-5.358337020874023438e+01
-5.359324264526367188e+01
-5.359324264526367188e+01
-5.360311508178710938e+01
-5.361299133300781250e+01
-5.362286376953125000e+01
-5.362286376953125000e+01
-5.364261627197265625e+01
-5.365249252319335938e+01
-5.367224502563476562e+01
-5.367224502563476562e+01
-5.369200134277343750e+01
-5.369200134277343750e+01
-5.370188140869140625e+01
-5.372163772583007812e+01
-5.372163772583007812e+01
-5.372163772583007812e+01
-5.375128173828125000e+01
-5.375128173828125000e+01
-5.377104568481445312e+01
-5.377104568481445312e+01
-5.378092575073242188e+01
-5.380069351196289062e+01
-5.380069351196289062e+01
-5.381057739257812500e+01
-5.383034896850585938e+01
-5.383034896850585938e+01
-5.383034896850585938e+01
-5.383034896850585938e+01
-5.385012054443359375e+01
-5.387978363037109375e+01
-5.387978363037109375e+01
-5.389955902099609375e+01
-5.390945053100585938e+01
-5.390945053100585938e+01
-5.391933822631835938e+01
-5.392922973632812500e+01
-5.393912124633789062e+01
-5.394901275634765625e+01
-5.394901275634765625e+01
-5.396879959106445312e+01
-5.397869110107421875e+01
-5.397869110107421875e+01
-5.399848175048828125e+01
-5.400837707519531250e+01
-5.402816772460937500e+01
-5.403806304931640625e+01
-5.403806304931640625e+01
-5.404796218872070312e+01
-5.405786132812500000e+01
-5.407765579223632812e+01
-5.407765579223632812e+01
-5.409745788574218750e+01
-5.409745788574218750e+01
-5.410735702514648438e+01
-5.410735702514648438e+01
-5.412716293334960938e+01
-5.412716293334960938e+01
-5.415687179565429688e+01
-5.415687179565429688e+01
-5.417668151855468750e+01
-5.417668151855468750e+01
-5.418658447265625000e+01
-5.420639801025390625e+01
-5.420639801025390625e+01
-5.421630477905273438e+01
-5.422621154785156250e+01
-5.423611831665039062e+01
-5.425593566894531250e+01
-5.425593566894531250e+01
-5.426584625244140625e+01
-5.427575683593750000e+01
-5.429557800292968750e+01
-5.430549240112304688e+01
-5.430549240112304688e+01
-5.431540298461914062e+01
-5.431540298461914062e+01
-5.433522796630859375e+01
-5.434514236450195312e+01
-5.435505676269531250e+01
-5.436497497558593750e+01
-5.437488937377929688e+01
-5.439472198486328125e+01
-5.439472198486328125e+01
-5.440463638305664062e+01
-5.442447280883789062e+01
-5.442447280883789062e+01
-5.444431304931640625e+01
-5.445423126220703125e+01
-5.446414947509765625e+01
-5.446414947509765625e+01
-5.447407150268554688e+01
-5.448399353027343750e+01
-5.450383758544921875e+01
-5.450383758544921875e+01
-5.451375961303710938e+01
-5.453360748291015625e+01
-5.453360748291015625e+01
-5.455345535278320312e+01
-5.455345535278320312e+01
-5.456338119506835938e+01
-5.458323287963867188e+01
-5.458323287963867188e+01
-5.459315872192382812e+01
-5.461301422119140625e+01
-5.461301422119140625e+01
-5.463286972045898438e+01
-5.463286972045898438e+01
-5.464279937744140625e+01
-5.466265869140625000e+01
-5.466265869140625000e+01
-5.467258834838867188e+01
-5.469245147705078125e+01
-5.469245147705078125e+01
-5.470238113403320312e+01
-5.471231460571289062e+01
-5.472224807739257812e+01
-5.474211502075195312e+01
-5.474211502075195312e+01
-5.475204849243164062e+01
-5.475204849243164062e+01
-5.477191543579101562e+01
-5.478185272216796875e+01
-5.480172348022460938e+01
-5.480172348022460938e+01
-5.481166076660156250e+01
-5.483153533935546875e+01
-5.483153533935546875e+01
-5.485141372680664062e+01
-5.485141372680664062e+01
-5.486135101318359375e+01
-5.488123321533203125e+01
-5.488123321533203125e+01
-5.489117050170898438e+01
-5.491105270385742188e+01
-5.491105270385742188e+01
-5.492099761962890625e+01
-5.493093872070312500e+01
-5.494087982177734375e+01
-5.494087982177734375e+01
-5.494087982177734375e+01
-5.496076583862304688e+01
-5.499060058593750000e+01
-5.499060058593750000e+01
-5.500054550170898438e+01
-5.502043533325195312e+01
-5.502043533325195312e+01
-5.504032897949218750e+01
-5.504032897949218750e+01
-5.505027770996093750e+01
-5.507017135620117188e+01
-5.507017135620117188e+01
-5.509006881713867188e+01
-5.510001754760742188e+01
-5.510001754760742188e+01
-5.510996627807617188e+01
-5.510996627807617188e+01
-5.512986755371093750e+01
-5.513982009887695312e+01
-5.514976882934570312e+01
-5.516967391967773438e+01
-5.516967391967773438e+01
-5.517962646484375000e+01
-5.519953155517578125e+01
-5.519953155517578125e+01
-5.520948410034179688e+01
-5.522939300537109375e+01
-5.522939300537109375e+01
-5.523934936523437500e+01
-5.524930191040039062e+01
-5.525925827026367188e+01
-5.526921463012695312e+01
-5.528912734985351562e+01
-5.528912734985351562e+01
-5.530904006958007812e+01
-5.530904006958007812e+01
-5.531900024414062500e+01
-5.533891677856445312e+01
-5.533891677856445312e+01
-5.535883331298828125e+01
-5.535883331298828125e+01
-5.536879348754882812e+01
-5.538871383666992188e+01
-5.538871383666992188e+01
-5.539867401123046875e+01
-5.541859436035156250e+01
-5.541859436035156250e+01
-5.542855834960937500e+01
-5.544848251342773438e+01
-5.544848251342773438e+01
-5.545844268798828125e+01
-5.546840667724609375e+01
-5.547837066650390625e+01
-5.549829864501953125e+01
-5.549829864501953125e+01
-5.550826263427734375e+01
-5.552819061279296875e+01
-5.552819061279296875e+01
-5.553815841674804688e+01
-5.555809020996093750e+01
-5.555809020996093750e+01
-5.557802200317382812e+01
-5.557802200317382812e+01
-5.558798980712890625e+01
-5.559795761108398438e+01
-5.560792160034179688e+01
-5.561789321899414062e+01
-5.563782882690429688e+01
-5.563782882690429688e+01
-5.565776443481445312e+01
-5.565776443481445312e+01
-5.566773605346679688e+01
-5.566773605346679688e+01
-5.568767547607421875e+01
-5.569764709472656250e+01
-5.571758651733398438e+01
-5.571758651733398438e+01
-5.573752975463867188e+01
-5.574750137329101562e+01
-5.574750137329101562e+01
-5.575747680664062500e+01
-5.577742004394531250e+01
-5.577742004394531250e+01
-5.577742004394531250e+01
-5.579736709594726562e+01
-5.581731414794921875e+01
-5.581731414794921875e+01
-5.583726501464843750e+01
-5.585721206665039062e+01
-5.586718750000000000e+01
-5.588714218139648438e+01
-5.588714218139648438e+01
-5.588714218139648438e+01
-5.588714218139648438e+01
-5.589711761474609375e+01
-5.590709304809570312e+01
-5.591706848144531250e+01
-5.592704772949218750e+01
-5.593702316284179688e+01
-5.594700241088867188e+01
-5.595698165893554688e+01
-5.596695709228515625e+01
-5.597693634033203125e+01
-5.598691558837890625e+01
-5.599689483642578125e+01
-5.600687408447265625e+01
-5.601685333251953125e+01
-5.602683258056640625e+01
-5.603681182861328125e+01
-5.604679107666015625e+01
-5.605677413940429688e+01
-5.606675338745117188e+01
-5.607673263549804688e+01
-5.608671569824218750e+01
-5.609669494628906250e+01
-5.610667800903320312e+01
-5.611666107177734375e+01
-5.612664031982421875e+01
-5.613662338256835938e+01
-5.614660644531250000e+01
-5.615658950805664062e+01
-5.616657257080078125e+01
-5.617655563354492188e+01
-5.618653869628906250e+01
-5.619652175903320312e+01
-5.620650863647460938e+01
-5.621649169921875000e+01
-5.622647476196289062e+01
-5.622647476196289062e+01
-5.622647476196289062e+01
-5.624644470214843750e+01
-5.626641464233398438e+01
-5.628638458251953125e+01
-5.629637145996093750e+01
-5.629637145996093750e+01
-5.630635833740234375e+01
-5.632633209228515625e+01
-5.632633209228515625e+01
-5.633631896972656250e+01
-5.633631896972656250e+01
-5.635629272460937500e+01
-5.636627960205078125e+01
-5.638625335693359375e+01
-5.639624023437500000e+01
-5.639624023437500000e+01
-5.640623092651367188e+01
-5.641621780395507812e+01
-5.643619537353515625e+01
-5.643619537353515625e+01
-5.644618606567382812e+01
-5.646616363525390625e+01
-5.646616363525390625e+01
-5.648614120483398438e+01
-5.649613189697265625e+01
-5.649613189697265625e+01
-5.650612258911132812e+01
-5.650612258911132812e+01
-5.652610015869140625e+01
-5.654608154296875000e+01
-5.654608154296875000e+01
-5.655607223510742188e+01
-5.657605361938476562e+01
-5.657605361938476562e+01
-5.659603881835937500e+01
-5.659603881835937500e+01
-5.660602951049804688e+01
-5.660602951049804688e+01
-5.662601470947265625e+01
-5.663600540161132812e+01
-5.665599060058593750e+01
-5.665599060058593750e+01
-5.666598129272460938e+01
-5.668596649169921875e+01
-5.668596649169921875e+01
-5.670595550537109375e+01
-5.670595550537109375e+01
-5.671594619750976562e+01
-5.673593521118164062e+01
-5.673593521118164062e+01
-5.674592590332031250e+01
-5.676591491699218750e+01
-5.676591491699218750e+01
-5.678590393066406250e+01
-5.678590393066406250e+01
-5.679589843750000000e+01
-5.681588745117187500e+01
-5.681588745117187500e+01
-5.682588195800781250e+01
-5.684587097167968750e+01
-5.684587097167968750e+01
-5.685586547851562500e+01
-5.686585998535156250e+01
-5.687585830688476562e+01
-5.689584732055664062e+01
-5.689584732055664062e+01
-5.690584182739257812e+01
-5.692583465576171875e+01
-5.692583465576171875e+01
-5.693582916259765625e+01
-5.694582748413085938e+01
-5.695582199096679688e+01
-5.697581481933593750e+01
-5.697581481933593750e+01
-5.698581314086914062e+01
-5.700580596923828125e+01
-5.700580596923828125e+01
-5.701580047607421875e+01
-5.703579711914062500e+01
-5.703579711914062500e+01
-5.705578994750976562e+01
-5.705578994750976562e+01
-5.705578994750976562e+01
-5.708578109741210938e+01
-5.708578109741210938e+01
-5.709577941894531250e+01
-5.711577224731445312e+01
-5.711577224731445312e+01
-5.713576889038085938e+01
-5.713576889038085938e+01
-5.714576721191406250e+01
-5.716576385498046875e+01
-5.716576385498046875e+01
-5.717576217651367188e+01
-5.719575500488281250e+01
-5.719575500488281250e+01
-5.720575332641601562e+01
-5.722574996948242188e+01
-5.722574996948242188e+01
-5.723574829101562500e+01
-5.725574874877929688e+01
-5.726574707031250000e+01
-5.726574707031250000e+01
-5.727574539184570312e+01
-5.728574371337890625e+01
-5.730574035644531250e+01
-5.730574035644531250e+01
-5.731573867797851562e+01
-5.733573913574218750e+01
-5.734573745727539062e+01
-5.735573577880859375e+01
-5.735573577880859375e+01
-5.736573410034179688e+01
-5.738573455810546875e+01
-5.738573455810546875e+01
-5.740573120117187500e+01
-5.740573120117187500e+01
-5.741573333740234375e+01
-5.743572998046875000e+01
-5.743572998046875000e+01
-5.744573211669921875e+01
-5.746573257446289062e+01
-5.746573257446289062e+01
-5.748572921752929688e+01
-5.748572921752929688e+01
-5.749573135375976562e+01
-5.749573135375976562e+01
-5.751573181152343750e+01
-5.752573013305664062e+01
-5.754573059082031250e+01
-5.754573059082031250e+01
-5.755573272705078125e+01
-5.757573318481445312e+01
-5.757573318481445312e+01
-5.759573364257812500e+01
-5.759573364257812500e+01
-5.760573577880859375e+01
-5.762573623657226562e+01
-5.762573623657226562e+01
-5.763573455810546875e+01
-5.765573883056640625e+01
-5.765573883056640625e+01
-5.767573928833007812e+01
-5.767573928833007812e+01
-5.768574142456054688e+01
-5.770574188232421875e+01
-5.770574188232421875e+01
-5.771574401855468750e+01
-5.773574447631835938e+01
-5.773574447631835938e+01
-5.774574661254882812e+01
-5.775574874877929688e+01
-5.775574874877929688e+01
-5.778575134277343750e+01
-5.778575134277343750e+01
-5.779575347900390625e+01
-5.779575347900390625e+01
-5.779575347900390625e+01
-5.782575607299804688e+01
-5.782575607299804688e+01
-5.784576034545898438e+01
-5.786576080322265625e+01
-5.787576293945312500e+01
-5.787576293945312500e+01
-5.788576507568359375e+01
-5.789576721191406250e+01
-5.790576934814453125e+01
-5.791577148437500000e+01
-5.792577362060546875e+01
-5.793577194213867188e+01
-5.793577194213867188e+01
-5.793577194213867188e+01
-5.793577194213867188e+01
-5.795577621459960938e+01
-5.795577621459960938e+01
-5.796577835083007812e+01
-5.798578262329101562e+01
-5.798578262329101562e+01
-5.799578475952148438e+01
-5.801578903198242188e+01
-5.801578903198242188e+01
-5.802579116821289062e+01
-5.804579544067382812e+01
-5.804579544067382812e+01
-5.806579971313476562e+01
-5.806579971313476562e+01
-5.807580184936523438e+01
-5.808580398559570312e+01
-5.809580612182617188e+01
-5.811581039428710938e+01
-5.811581039428710938e+01
-5.813581466674804688e+01
-5.813581466674804688e+01
-5.815581893920898438e+01
-5.816582107543945312e+01
-5.816582107543945312e+01
-5.817582321166992188e+01
-5.819582748413085938e+01
-5.820582962036132812e+01
-5.820582962036132812e+01
-5.821583175659179688e+01
-5.823583602905273438e+01
-5.823583602905273438e+01
-5.825584030151367188e+01
-5.825584030151367188e+01
-5.827584457397460938e+01
-5.828584671020507812e+01
-5.829584884643554688e+01
-5.830585098266601562e+01
-5.831585693359375000e+01
-5.831585693359375000e+01
-5.832585906982421875e+01
-5.834586334228515625e+01
-5.835586547851562500e+01
-5.835586547851562500e+01
-5.837586975097656250e+01
-5.838587188720703125e+01
-5.839587402343750000e+01
-5.839587402343750000e+01
-5.840587615966796875e+01
-5.841587829589843750e+01
-5.842588043212890625e+01
-5.844588851928710938e+01
-5.844588851928710938e+01
-5.846589279174804688e+01
-5.847589492797851562e+01
-5.848589706420898438e+01
-5.849589920043945312e+01
-5.849589920043945312e+01
-5.849589920043945312e+01
-5.849589920043945312e+01
-5.849589920043945312e+01
-5.849589920043945312e+01
-5.849589920043945312e+01
-5.849589920043945312e+01
-5.849589920043945312e+01
-6.102785491943359375e+01
-6.103785324096679688e+01
-6.104785156250000000e+01
-6.105785369873046875e+01
-6.106785202026367188e+01
-6.107785415649414062e+01
-6.107785415649414062e+01
-6.109785461425781250e+01
-6.110785293579101562e+01
-6.111785125732421875e+01
-6.111785125732421875e+01
-6.112785339355468750e+01
-6.114785385131835938e+01
-6.115785217285156250e+01
-6.116785430908203125e+01
-6.117785263061523438e+01
-6.119785308837890625e+01
-6.119785308837890625e+01
-6.120785140991210938e+01
-6.122785186767578125e+01
-6.123785018920898438e+01
-6.123785018920898438e+01
-6.125785064697265625e+01
-6.125785064697265625e+01
-6.126785278320312500e+01
-6.128785324096679688e+01
-6.128785324096679688e+01
-6.129785156250000000e+01
-6.131785202026367188e+01
-6.131785202026367188e+01
-6.133785247802734375e+01
-6.134785079956054688e+01
-6.134785079956054688e+01
-6.135784912109375000e+01
-6.136785125732421875e+01
-6.137784957885742188e+01
-6.139785003662109375e+01
-6.139785003662109375e+01
-6.141785049438476562e+01
-6.142784881591796875e+01
-6.142784881591796875e+01
-6.143785095214843750e+01
-6.145785140991210938e+01
-6.146784973144531250e+01
-6.146784973144531250e+01
-6.149784851074218750e+01
-6.149784851074218750e+01
-6.149784851074218750e+01
-6.152784729003906250e+01
-6.152784729003906250e+01
-6.152784729003906250e+01
-6.153784942626953125e+01
-6.154784774780273438e+01
-6.156784820556640625e+01
-6.156784820556640625e+01
-6.158784866333007812e+01
-6.158784866333007812e+01
-6.159784698486328125e+01
-6.161784744262695312e+01
-6.161784744262695312e+01
-6.162784957885742188e+01
-6.164784622192382812e+01
-6.164784622192382812e+01
-6.166784667968750000e+01
-6.166784667968750000e+01
-6.167784881591796875e+01
-6.168784713745117188e+01
-6.170784759521484375e+01
-6.170784759521484375e+01
-6.171784591674804688e+01
-6.173784637451171875e+01
-6.173784637451171875e+01
-6.174784469604492188e+01
-6.176784515380859375e+01
-6.177784729003906250e+01
-6.178784561157226562e+01
-6.178784561157226562e+01
-6.179784393310546875e+01
-6.181784439086914062e+01
-6.181784439086914062e+01
-6.182784652709960938e+01
-6.184784317016601562e+01
-6.184784317016601562e+01
-6.186784362792968750e+01
-6.186784362792968750e+01
-6.187784576416015625e+01
-6.188784408569335938e+01
-6.189784240722656250e+01
-6.191784286499023438e+01
-6.192784500122070312e+01
-6.193784332275390625e+01
-6.194784164428710938e+01
-6.194784164428710938e+01
-6.195784378051757812e+01
-6.197784423828125000e+01
-6.197784423828125000e+01
-6.199784088134765625e+01
-6.200784301757812500e+01
-6.200784301757812500e+01
-6.201784133911132812e+01
-6.202783966064453125e+01
-6.203784179687500000e+01
-6.205784225463867188e+01
-6.205784225463867188e+01
-6.206784057617187500e+01
-6.207783889770507812e+01
-6.207783889770507812e+01
-6.210784149169921875e+01
-6.210784149169921875e+01
-6.211783981323242188e+01
-6.213784027099609375e+01
-6.213784027099609375e+01
-6.213784027099609375e+01
-6.216783905029296875e+01
-6.216783905029296875e+01
-6.218783950805664062e+01
-6.219783782958984375e+01
-6.220783615112304688e+01
-6.221783828735351562e+01
-6.221783828735351562e+01
-6.222783660888671875e+01
-6.224783706665039062e+01
-6.224783706665039062e+01
-6.225783538818359375e+01
-6.228783416748046875e+01
-6.230783462524414062e+01
-6.231783676147460938e+01
-6.233783340454101562e+01
-6.233783340454101562e+01
-6.235783386230468750e+01
-6.236783218383789062e+01
-6.236783218383789062e+01
-6.237783432006835938e+01
-6.238783264160156250e+01
-6.239783096313476562e+01
-6.240783309936523438e+01
-6.240783309936523438e+01
-6.242783355712890625e+01
-6.243783187866210938e+01
-6.245783233642578125e+01
-6.246783065795898438e+01
-6.247782897949218750e+01
-6.248783111572265625e+01
-6.249782943725585938e+01
-6.250782775878906250e+01
-6.250782775878906250e+01
-6.251782989501953125e+01
-6.252782821655273438e+01
-6.253782653808593750e+01
-6.254782867431640625e+01
-6.255782699584960938e+01
-6.256782913208007812e+01
-6.257782745361328125e+01
-6.259782791137695312e+01
-6.259782791137695312e+01
-6.259782791137695312e+01
-6.262782669067382812e+01
-6.262782669067382812e+01
-6.263782501220703125e+01
-6.264782333374023438e+01
-6.265782546997070312e+01
-6.265782546997070312e+01
-6.267782211303710938e+01
-6.267782211303710938e+01
-6.269782257080078125e+01
-6.269782257080078125e+01
-6.270782089233398438e+01
-6.271782302856445312e+01
-6.272782135009765625e+01
-6.273781967163085938e+01
-6.274782180786132812e+01
-6.275782012939453125e+01
-6.276781845092773438e+01
-6.277782058715820312e+01
-6.278781890869140625e+01
-6.279781723022460938e+01
-6.279781723022460938e+01
-6.281781768798828125e+01
-6.283781814575195312e+01
-6.284781646728515625e+01
-6.285781478881835938e+01
-6.286781692504882812e+01
-6.287781524658203125e+01
-6.289781570434570312e+01
-6.289781570434570312e+01
-6.290781402587890625e+01
-6.291781234741210938e+01
-6.292781448364257812e+01
-6.293781280517578125e+01
-6.294781112670898438e+01
-6.294781112670898438e+01
-6.297780990600585938e+01
-6.297780990600585938e+01
-6.298780822753906250e+01
-6.298780822753906250e+01
-6.299781036376953125e+01
-6.301780700683593750e+01
-6.302780914306640625e+01
-6.303780746459960938e+01
-6.304780578613281250e+01
-6.305780792236328125e+01
-6.306780624389648438e+01
-6.306780624389648438e+01
-6.307780456542968750e+01
-6.309780502319335938e+01
-6.309780502319335938e+01
-6.311780166625976562e+01
-6.312780380249023438e+01
-6.312780380249023438e+01
-6.314780044555664062e+01
-6.315780258178710938e+01
-6.316780090332031250e+01
-6.317779922485351562e+01
-6.318779754638671875e+01
-6.319779968261718750e+01
-6.320779800415039062e+01
-6.320779800415039062e+01
-6.322779846191406250e+01
-6.323779678344726562e+01
-6.324779510498046875e+01
-6.325779342651367188e+01
-6.325779342651367188e+01
-6.327779388427734375e+01
-6.328779220581054688e+01
-6.330779266357421875e+01
-6.330779266357421875e+01
-6.331779098510742188e+01
-6.332778930664062500e+01
-6.333779144287109375e+01
-6.335778808593750000e+01
-6.335778808593750000e+01
-6.335778808593750000e+01
-6.338778686523437500e+01
-6.338778686523437500e+01
-6.338778686523437500e+01
-6.341778564453125000e+01
-6.341778564453125000e+01
-6.342778396606445312e+01
-6.343778228759765625e+01
-6.344778060913085938e+01
-6.346778106689453125e+01
-6.346778106689453125e+01
-6.346778106689453125e+01
-6.349777984619140625e+01
-6.349777984619140625e+01
-6.350777816772460938e+01
-6.350777816772460938e+01
-6.352777481079101562e+01
-6.353777694702148438e+01
-6.354777526855468750e+01
-6.355777359008789062e+01
-6.355777359008789062e+01
-6.357777404785156250e+01
-6.358777236938476562e+01
-6.358777236938476562e+01
-6.360776901245117188e+01
-6.361776733398437500e+01
-6.362776947021484375e+01
-6.363776779174804688e+01
-6.364776611328125000e+01
-6.365776443481445312e+01
-6.366776657104492188e+01
-6.366776657104492188e+01
-6.368776321411132812e+01
-6.369776153564453125e+01
-6.369776153564453125e+01
-6.371776199340820312e+01
-6.372776031494140625e+01
-6.374775695800781250e+01
-6.374775695800781250e+01
-6.375775909423828125e+01
-6.376775741577148438e+01
-6.377775573730468750e+01
-6.379775238037109375e+01
-6.379775238037109375e+01
-6.380775451660156250e+01
-6.380775451660156250e+01
-6.382775115966796875e+01
-6.383774948120117188e+01
-6.384774780273437500e+01
-6.385774993896484375e+01
-6.387774658203125000e+01
-6.387774658203125000e+01
-6.388774490356445312e+01
-6.388774490356445312e+01
-6.390774536132812500e+01
-6.391774368286132812e+01
-6.392774200439453125e+01
-6.393774032592773438e+01
-6.395774078369140625e+01
-6.395774078369140625e+01
-6.396773910522460938e+01
-6.398773574829101562e+01
-6.398773574829101562e+01
-6.399773788452148438e+01
-6.399773788452148438e+01
-6.401773071289062500e+01
-6.402773284912109375e+01
-6.402773284912109375e+01
-6.404772949218750000e+01
-6.405773162841796875e+01
-6.405773162841796875e+01
-6.407772827148437500e+01
-6.408773040771484375e+01
-6.409772491455078125e+01
-6.410772705078125000e+01
-6.412772369384765625e+01
-6.412772369384765625e+01
-6.413772583007812500e+01
-6.413772583007812500e+01
-6.415772247314453125e+01
-6.416771697998046875e+01
-6.417771911621093750e+01
-6.418772125244140625e+01
-6.420771789550781250e+01
-6.420771789550781250e+01
-6.421772003173828125e+01
-6.421772003173828125e+01
-6.423771667480468750e+01
-6.424771118164062500e+01
-6.425771331787109375e+01
-6.426771545410156250e+01
-6.426771545410156250e+01
-6.428771209716796875e+01
-6.429770660400390625e+01
-6.429770660400390625e+01
-6.431771087646484375e+01
-6.432770538330078125e+01
-6.432770538330078125e+01
-6.434770202636718750e+01
-6.436770629882812500e+01
-6.436770629882812500e+01
-6.436770629882812500e+01
-6.437770080566406250e+01
-6.439769744873046875e+01
-6.440769958496093750e+01
-6.440769958496093750e+01
-6.442769622802734375e+01
-6.442769622802734375e+01
-6.444769287109375000e+01
-6.444769287109375000e+01
-6.444769287109375000e+01
-6.446769714355468750e+01
-6.447769165039062500e+01
-6.449769592285156250e+01
-6.450769042968750000e+01
-6.452768707275390625e+01
-6.452768707275390625e+01
-6.453768920898437500e+01
-6.455768585205078125e+01
-6.455768585205078125e+01
-6.456768798828125000e+01
-6.457768249511718750e+01
-6.458768463134765625e+01
-6.459768676757812500e+01
-6.460768127441406250e+01
-6.461768341064453125e+01
-6.461768341064453125e+01
-6.463768005371093750e+01
-6.464768218994140625e+01
-6.464768218994140625e+01
-6.466767883300781250e+01
-6.466767883300781250e+01
-6.468767547607421875e+01
-6.470767974853515625e+01
-6.470767974853515625e+01
-6.470767974853515625e+01
-6.472767639160156250e+01
-6.474767303466796875e+01
-6.474767303466796875e+01
-6.475767517089843750e+01
-6.477767181396484375e+01
-6.477767181396484375e+01
-6.478767395019531250e+01
-6.478767395019531250e+01
-6.480767059326171875e+01
-6.480767059326171875e+01
-6.480767059326171875e+01
-6.483766937255859375e+01
-6.485766601562500000e+01
-6.485766601562500000e+01
-6.486766815185546875e+01
-6.486766815185546875e+01
-6.488766479492187500e+01
-6.489766693115234375e+01
-6.489766693115234375e+01
-6.491766357421875000e+01
-6.492766571044921875e+01
-6.493766021728515625e+01
-6.494766235351562500e+01
-6.496765899658203125e+01
-6.496765899658203125e+01
-6.497766113281250000e+01
-6.498766326904296875e+01
-6.499765777587890625e+01
-6.500765991210937500e+01
-6.500765991210937500e+01
-6.501766204833984375e+01
-6.503765869140625000e+01
-6.504766082763671875e+01
-6.505765533447265625e+01
-6.506765747070312500e+01
-6.507765960693359375e+01
-6.508765411376953125e+01
-6.508765411376953125e+01
-6.510765838623046875e+01
-6.511765289306640625e+01
-6.511765289306640625e+01
-6.513765716552734375e+01
-6.514765167236328125e+01
-6.515765380859375000e+01
-6.516765594482421875e+01
-6.516765594482421875e+01
-6.518765258789062500e+01
-6.519765472412109375e+01
-6.519765472412109375e+01
-6.521765136718750000e+01
-6.522765350341796875e+01
-6.523765563964843750e+01
-6.524765014648437500e+01
-6.526765441894531250e+01
-6.526765441894531250e+01
-6.527764892578125000e+01
-6.527764892578125000e+01
-6.529765319824218750e+01
-6.531764984130859375e+01
-6.531764984130859375e+01
-6.532765197753906250e+01
-6.534764862060546875e+01
-6.534764862060546875e+01
-6.535765075683593750e+01
-6.537765502929687500e+01
-6.537765502929687500e+01
-6.538764953613281250e+01
-6.538764953613281250e+01
-6.540765380859375000e+01
-6.541765594482421875e+01
-6.542765045166015625e+01
-6.543765258789062500e+01
-6.543765258789062500e+01
-6.545764923095703125e+01
-6.546765136718750000e+01
-6.546765136718750000e+01
-6.548765563964843750e+01
-6.549765014648437500e+01
-6.550765228271484375e+01
-6.551765441894531250e+01
-6.552765655517578125e+01
-6.553765106201171875e+01
-6.554765319824218750e+01
-6.556765747070312500e+01
-6.556765747070312500e+01
-6.557765197753906250e+01
-6.557765197753906250e+01
-6.559765625000000000e+01
-6.560765838623046875e+01
-6.561766052246093750e+01
-6.562765502929687500e+01
-6.563765716552734375e+01
-6.563765716552734375e+01
-6.565766143798828125e+01
-6.565766143798828125e+01
-6.567765808105468750e+01
-6.568766021728515625e+01
-6.569766235351562500e+01
-6.570766448974609375e+01
-6.571765899658203125e+01
-6.573766326904296875e+01
-6.573766326904296875e+01
-6.574766540527343750e+01
-6.574766540527343750e+01
-6.576766204833984375e+01
-6.576766204833984375e+01
-6.577766418457031250e+01
-6.579766845703125000e+01
-6.580767059326171875e+01
-6.581766510009765625e+01
-6.582766723632812500e+01
-6.583766937255859375e+01
-6.584767150878906250e+01
-6.584767150878906250e+01
-6.586767578125000000e+01
-6.587767028808593750e+01
-6.587767028808593750e+01
-6.589767456054687500e+01
-6.589767456054687500e+01
-6.589767456054687500e+01
-6.592768096923828125e+01
-6.594767761230468750e+01
-6.594767761230468750e+01
-6.595767974853515625e+01
-6.597768402099609375e+01
-6.597768402099609375e+01
-6.598768615722656250e+01
-6.598768615722656250e+01
-6.600768280029296875e+01
-6.601768493652343750e+01
-6.602768707275390625e+01
-6.603768920898437500e+01
-6.604769134521484375e+01
-6.605769348144531250e+01
-6.606769561767578125e+01
-6.608769989013671875e+01
-6.608769989013671875e+01
-6.609769439697265625e+01
-6.610769653320312500e+01
-6.611769866943359375e+01
-6.612770080566406250e+01
-6.613770294189453125e+01
-6.613770294189453125e+01
-6.614770507812500000e+01
-6.616770935058593750e+01
-6.618771362304687500e+01
-6.619770812988281250e+01
-6.620771026611328125e+01
-6.620771026611328125e+01
-6.620771026611328125e+01
-6.622771453857421875e+01
-6.623771667480468750e+01
-6.623771667480468750e+01
-6.624771881103515625e+01
-6.625772094726562500e+01
-6.626772308349609375e+01
-6.628772735595703125e+01
-6.629772949218750000e+01
-6.630773162841796875e+01
-6.632773590087890625e+01
-6.632773590087890625e+01
-6.633773803710937500e+01
-6.633773803710937500e+01
-6.635773468017578125e+01
-6.637773895263671875e+01
-6.637773895263671875e+01
-6.638774108886718750e+01
-6.640774536132812500e+01
-6.640774536132812500e+01
-6.641774749755859375e+01
-6.641774749755859375e+01
-6.643775177001953125e+01
-6.644775390625000000e+01
-6.645775604248046875e+01
-6.646775817871093750e+01
-6.648776245117187500e+01
-6.648776245117187500e+01
-6.649776458740234375e+01
-6.651776885986328125e+01
-6.651776885986328125e+01
-6.651776885986328125e+01
-6.651776885986328125e+01
-6.654777526855468750e+01
-6.655777740478515625e+01
-6.655777740478515625e+01
-6.657777404785156250e+01
-6.657777404785156250e+01
-6.658777618408203125e+01
-6.660778045654296875e+01
-6.662778472900390625e+01
-6.662778472900390625e+01
-6.663778686523437500e+01
-6.663778686523437500e+01
-6.665779113769531250e+01
-6.666779327392578125e+01
-6.667779541015625000e+01
-6.668779754638671875e+01
-6.670780181884765625e+01
-6.670780181884765625e+01
-6.672780609130859375e+01
-6.672780609130859375e+01
-6.673780822753906250e+01
-6.674781036376953125e+01
-6.674781036376953125e+01
-6.676781463623046875e+01
-6.677781677246093750e+01
-6.677781677246093750e+01
-6.679782104492187500e+01
-6.680782318115234375e+01
-6.681782531738281250e+01
-6.682782745361328125e+01
-6.682782745361328125e+01
-6.684782409667968750e+01
-6.685782623291015625e+01
-6.686782836914062500e+01
-6.686782836914062500e+01
-6.687783050537109375e+01
-6.689783477783203125e+01
-6.690783691406250000e+01
-6.691783905029296875e+01
-6.692784118652343750e+01
-6.693784332275390625e+01
-6.693784332275390625e+01
-6.695784759521484375e+01
-6.696784973144531250e+01
-6.696784973144531250e+01
-6.698785400390625000e+01
-6.698785400390625000e+01
-6.700785064697265625e+01
-6.701785278320312500e+01
-6.701785278320312500e+01
-6.703785705566406250e+01
-6.704785919189453125e+01
-6.705786132812500000e+01
-6.706786346435546875e+01
-6.708786773681640625e+01
-6.708786773681640625e+01
-6.709786987304687500e+01
-6.709786987304687500e+01
-6.711786651611328125e+01
-6.712786865234375000e+01
-6.713787078857421875e+01
-6.714787292480468750e+01
-6.716787719726562500e+01
-6.716787719726562500e+01
-6.717787933349609375e+01
-6.719788360595703125e+01
-6.719788360595703125e+01
-6.720787811279296875e+01
-6.720787811279296875e+01
-6.722788238525390625e+01
-6.722788238525390625e+01
-6.723788452148437500e+01
-6.724788665771484375e+01
-6.725788879394531250e+01
-6.725788879394531250e+01
-6.728788757324218750e+01
-6.728788757324218750e+01
-6.730789184570312500e+01
-6.731789398193359375e+01
-6.732789611816406250e+01
-6.733789062500000000e+01
-6.733789062500000000e+01
-6.735789489746093750e+01
-6.735789489746093750e+01
-6.737789916992187500e+01
-6.738790130615234375e+01
-6.739789581298828125e+01
-6.740789794921875000e+01
-6.741790008544921875e+01
-6.743789672851562500e+01
-6.743789672851562500e+01
-6.744789886474609375e+01
-6.746790313720703125e+01
-6.746790313720703125e+01
-6.747790527343750000e+01
-6.747790527343750000e+01
-6.749790191650390625e+01
-6.751790618896484375e+01
-6.751790618896484375e+01
-6.752790069580078125e+01
-6.752790069580078125e+01
-6.753790283203125000e+01
-6.755790710449218750e+01
-6.755790710449218750e+01
-6.757790374755859375e+01
-6.758790588378906250e+01
-6.759790039062500000e+01
-6.760790252685546875e+01
-6.760790252685546875e+01
-6.762790679931640625e+01
-6.763790130615234375e+01
-6.763790130615234375e+01
-6.765790557861328125e+01
-6.766790008544921875e+01
-6.767790222167968750e+01
-6.768790435791015625e+01
-6.769789886474609375e+01
-6.771790313720703125e+01
-6.772789764404296875e+01
-6.772789764404296875e+01
-6.773789978027343750e+01
-6.774789428710937500e+01
-6.774789428710937500e+01
-6.776789855957031250e+01
-6.777789306640625000e+01
-6.778789520263671875e+01
-6.779788970947265625e+01
-6.781789398193359375e+01
-6.781789398193359375e+01
-6.782788848876953125e+01
-6.782788848876953125e+01
-6.784788513183593750e+01
-6.785788726806640625e+01
-6.785788726806640625e+01
-6.787788391113281250e+01
-6.788788604736328125e+01
-6.789788055419921875e+01
-6.790788269042968750e+01
-6.790788269042968750e+01
-6.792787933349609375e+01
-6.793787384033203125e+01
-6.793787384033203125e+01
-6.795787048339843750e+01
-6.796787261962890625e+01
-6.796787261962890625e+01
-6.797786712646484375e+01
-6.800785827636718750e+01
-6.800785827636718750e+01
-6.801786041259765625e+01
-6.801786041259765625e+01
-6.803785705566406250e+01
-6.804785156250000000e+01
-6.804785156250000000e+01
-6.806784820556640625e+01
-6.806784820556640625e+01
-6.808784484863281250e+01
-6.809783935546875000e+01
-6.809783935546875000e+01
-6.811783599853515625e+01
-6.812783050537109375e+01
-6.813783264160156250e+01
-6.814782714843750000e+01
-6.816782379150390625e+01
-6.816782379150390625e+01
-6.816782379150390625e+01
-6.819781494140625000e+01
-6.819781494140625000e+01
-6.819781494140625000e+01
-6.822779846191406250e+01
-6.822779846191406250e+01
-6.822779846191406250e+01
-6.825778961181640625e+01
-6.825778961181640625e+01
-6.825778961181640625e+01
-6.826778411865234375e+01
-6.828778076171875000e+01
-6.829777526855468750e+01
-6.829777526855468750e+01
-6.829777526855468750e+01
-6.832776641845703125e+01
-6.832776641845703125e+01
-6.833776092529296875e+01
-6.834775543212890625e+01
-6.835774993896484375e+01
-6.836774444580078125e+01
-6.837773895263671875e+01
-6.838774108886718750e+01
-6.839773559570312500e+01
-6.840773010253906250e+01
-6.841772460937500000e+01
-6.842771911621093750e+01
-6.844770812988281250e+01
-6.844770812988281250e+01
-6.846769714355468750e+01
-6.846769714355468750e+01
-6.848768615722656250e+01
-6.848768615722656250e+01
-6.849768066406250000e+01
-6.850767517089843750e+01
-6.851766967773437500e+01
-6.852766418457031250e+01
-6.853765869140625000e+01
-6.854765319824218750e+01
-6.855764770507812500e+01
-6.856764221191406250e+01
-6.857763671875000000e+01
-6.858763122558593750e+01
-6.859762573242187500e+01
-6.860762023925781250e+01
-6.862760925292968750e+01
-6.863760375976562500e+01
-6.863760375976562500e+01
-6.864759826660156250e+01
-6.865758514404296875e+01
-6.865758514404296875e+01
-6.865758514404296875e+01
-6.865758514404296875e+01
-6.865758514404296875e+01
-6.865758514404296875e+01
-6.865758514404296875e+01
-7.076535034179687500e+01
-7.077534484863281250e+01
-7.078534698486328125e+01
-7.079534149169921875e+01
-7.080533599853515625e+01
-7.081533813476562500e+01
-7.082533264160156250e+01
-7.084532165527343750e+01
-7.084532165527343750e+01
-7.084532165527343750e+01
-7.087531280517578125e+01
-7.087531280517578125e+01
-7.089530944824218750e+01
-7.090530395507812500e+01
-7.090530395507812500e+01
-7.092530059814453125e+01
-7.092530059814453125e+01
-7.094528961181640625e+01
-7.095529174804687500e+01
-7.095529174804687500e+01
-7.097528076171875000e+01
-7.098527526855468750e+01
-7.098527526855468750e+01
-7.100527191162109375e+01
-7.101526641845703125e+01
-7.101526641845703125e+01
-7.103526306152343750e+01
-7.104525756835937500e+01
-7.105525970458984375e+01
-7.106525421142578125e+01
-7.106525421142578125e+01
-7.108524322509765625e+01
-7.109524536132812500e+01
-7.109524536132812500e+01
-7.111523437500000000e+01
-7.112523651123046875e+01
-7.113523101806640625e+01
-7.114522552490234375e+01
-7.114522552490234375e+01
-7.116522216796875000e+01
-7.117521667480468750e+01
-7.117521667480468750e+01
-7.118521118164062500e+01
-7.120520782470703125e+01
-7.120520782470703125e+01
-7.122519683837890625e+01
-7.122519683837890625e+01
-7.124519348144531250e+01
-7.125518798828125000e+01
-7.125518798828125000e+01
-7.127518463134765625e+01
-7.128517913818359375e+01
-7.129517364501953125e+01
-7.130517578125000000e+01
-7.130517578125000000e+01
-7.131517028808593750e+01
-7.133515930175781250e+01
-7.133515930175781250e+01
-7.135515594482421875e+01
-7.136515045166015625e+01
-7.136515045166015625e+01
-7.138514709472656250e+01
-7.139514160156250000e+01
-7.139514160156250000e+01
-7.141513824462890625e+01
-7.141513824462890625e+01
-7.143512725830078125e+01
-7.143512725830078125e+01
-7.144512176513671875e+01
-7.145512390136718750e+01
-7.147511291503906250e+01
-7.147511291503906250e+01
-7.149510955810546875e+01
-7.149510955810546875e+01
-7.150510406494140625e+01
-7.152509307861328125e+01
-7.152509307861328125e+01
-7.154508972167968750e+01
-7.155508422851562500e+01
-7.155508422851562500e+01
-7.157508087158203125e+01
-7.158507537841796875e+01
-7.158507537841796875e+01
-7.160506439208984375e+01
-7.160506439208984375e+01
-7.161506652832031250e+01
-7.163505554199218750e+01
-7.163505554199218750e+01
-7.165505218505859375e+01
-7.166504669189453125e+01
-7.166504669189453125e+01
-7.168503570556640625e+01
-7.169503784179687500e+01
-7.170503234863281250e+01
-7.170503234863281250e+01
-7.171502685546875000e+01
-7.171502685546875000e+01
-7.173502349853515625e+01
-7.176500701904296875e+01
-7.176500701904296875e+01
-7.177500915527343750e+01
-7.177500915527343750e+01
-7.177500915527343750e+01
-7.179499816894531250e+01
-7.180499267578125000e+01
-7.182498931884765625e+01
-7.182498931884765625e+01
-7.184497833251953125e+01
-7.184497833251953125e+01
-7.184497833251953125e+01
-7.187496948242187500e+01
-7.188496398925781250e+01
-7.189495849609375000e+01
-7.189495849609375000e+01
-7.191495513916015625e+01
-7.192494964599609375e+01
-7.193494415283203125e+01
-7.193494415283203125e+01
-7.195493316650390625e+01
-7.196493530273437500e+01
-7.196493530273437500e+01
-7.198492431640625000e+01
-7.199491882324218750e+01
-7.200491333007812500e+01
-7.201491546630859375e+01
-7.201491546630859375e+01
-7.203490447998046875e+01
-7.204489898681640625e+01
-7.205489349365234375e+01
-7.206489562988281250e+01
-7.207489013671875000e+01
-7.208488464355468750e+01
-7.209487915039062500e+01
-7.209487915039062500e+01
-7.211487579345703125e+01
-7.212487030029296875e+01
-7.213486480712890625e+01
-7.214485931396484375e+01
-7.214485931396484375e+01
-7.215485382080078125e+01
-7.217485046386718750e+01
-7.217485046386718750e+01
-7.219483947753906250e+01
-7.220483398437500000e+01
-7.220483398437500000e+01
-7.222482299804687500e+01
-7.223482513427734375e+01
-7.223482513427734375e+01
-7.225481414794921875e+01
-7.227480316162109375e+01
-7.227480316162109375e+01
-7.227480316162109375e+01
-7.228479766845703125e+01
-7.230479431152343750e+01
-7.230479431152343750e+01
-7.232478332519531250e+01
-7.232478332519531250e+01
-7.233477783203125000e+01
-7.235476684570312500e+01
-7.235476684570312500e+01
-7.237476348876953125e+01
-7.238475799560546875e+01
-7.239475250244140625e+01
-7.239475250244140625e+01
-7.240474700927734375e+01
-7.242473602294921875e+01
-7.243473052978515625e+01
-7.244472503662109375e+01
-7.246472167968750000e+01
-7.246472167968750000e+01
-7.247471618652343750e+01
-7.247471618652343750e+01
-7.248471069335937500e+01
-7.249470520019531250e+01
-7.250469970703125000e+01
-7.251469421386718750e+01
-7.252468872070312500e+01
-7.253468322753906250e+01
-7.254467773437500000e+01
-7.256467437744140625e+01
-7.256467437744140625e+01
-7.257466888427734375e+01
-7.258466339111328125e+01
-7.259465789794921875e+01
-7.260465240478515625e+01
-7.261464691162109375e+01
-7.262464141845703125e+01
-7.263463592529296875e+01
-7.264463043212890625e+01
-7.265462493896484375e+01
-7.266461944580078125e+01
-7.267461395263671875e+01
-7.268461608886718750e+01
-7.269461059570312500e+01
-7.270460510253906250e+01
-7.271459960937500000e+01
-7.272459411621093750e+01
-7.273458862304687500e+01
-7.274458312988281250e+01
-7.275457763671875000e+01
-7.276457214355468750e+01
-7.277456665039062500e+01
-7.278456115722656250e+01
-7.279455566406250000e+01
-7.280455017089843750e+01
-7.281454467773437500e+01
-7.282453918457031250e+01
-7.283453369140625000e+01
-7.284452819824218750e+01
-7.285452270507812500e+01
-7.286451721191406250e+01
-7.287451171875000000e+01
-7.288450622558593750e+01
-7.289450073242187500e+01
-7.290449523925781250e+01
-7.291448974609375000e+01
-7.291448974609375000e+01
-7.294447326660156250e+01
-7.295446777343750000e+01
-7.296446228027343750e+01
-7.297445678710937500e+01
-7.298445129394531250e+01
-7.299444580078125000e+01
-7.299444580078125000e+01
-7.302442932128906250e+01
-7.302442932128906250e+01
-7.302442932128906250e+01
-7.303442382812500000e+01
-7.305441284179687500e+01
-7.306440734863281250e+01
-7.306440734863281250e+01
-7.308439636230468750e+01
-7.309439086914062500e+01
-7.310438537597656250e+01
-7.311437988281250000e+01
-7.311437988281250000e+01
-7.312437438964843750e+01
-7.314436340332031250e+01
-7.314436340332031250e+01
-7.314436340332031250e+01
-7.317434692382812500e+01
-7.317434692382812500e+01
-7.319433593750000000e+01
-7.319433593750000000e+01
-7.320433044433593750e+01
-7.322431945800781250e+01
-7.322431945800781250e+01
-7.323431396484375000e+01
-7.325430297851562500e+01
-7.325430297851562500e+01
-7.325430297851562500e+01
-7.328427886962890625e+01
-7.328427886962890625e+01
-7.330426788330078125e+01
-7.330426788330078125e+01
-7.330426788330078125e+01
-7.333425140380859375e+01
-7.334424591064453125e+01
-7.335424041748046875e+01
-7.336423492431640625e+01
-7.336423492431640625e+01
-7.338422393798828125e+01
-7.339421844482421875e+01
-7.340421295166015625e+01
-7.341420745849609375e+01
-7.341420745849609375e+01
-7.343419647216796875e+01
-7.344419097900390625e+01
-7.344419097900390625e+01
-7.346417999267578125e+01
-7.347417449951171875e+01
-7.347417449951171875e+01
-7.349416351318359375e+01
-7.349416351318359375e+01
-7.350415802001953125e+01
-7.352414703369140625e+01
-7.352414703369140625e+01
-7.354413604736328125e+01
-7.355413055419921875e+01
-7.355413055419921875e+01
-7.356412506103515625e+01
-7.358411407470703125e+01
-7.359410858154296875e+01
-7.360409545898437500e+01
-7.360409545898437500e+01
-7.362408447265625000e+01
-7.363407897949218750e+01
-7.363407897949218750e+01
-7.365406799316406250e+01
-7.366406250000000000e+01
-7.367406463623046875e+01
-7.368405914306640625e+01
-7.370404815673828125e+01
-7.370404815673828125e+01
-7.370404815673828125e+01
-7.373403167724609375e+01
-7.373403167724609375e+01
-7.373403167724609375e+01
-7.374402618408203125e+01
-7.376401519775390625e+01
-7.377400970458984375e+01
-7.377400970458984375e+01
-7.379399871826171875e+01
-7.380399322509765625e+01
-7.381398773193359375e+01
-7.382398223876953125e+01
-7.382398223876953125e+01
-7.384397125244140625e+01
-7.385396575927734375e+01
-7.385396575927734375e+01
-7.387395477294921875e+01
-7.388394927978515625e+01
-7.389394378662109375e+01
-7.390393829345703125e+01
-7.390393829345703125e+01
-7.392393493652343750e+01
-7.393392944335937500e+01
-7.393392944335937500e+01
-7.395391845703125000e+01
-7.396391296386718750e+01
-7.396391296386718750e+01
-7.398390197753906250e+01
-7.398390197753906250e+01
-7.399389648437500000e+01
-7.401389312744140625e+01
-7.401389312744140625e+01
-7.402388763427734375e+01
-7.404387664794921875e+01
-7.404387664794921875e+01
-7.404387664794921875e+01
-7.407386016845703125e+01
-7.407386016845703125e+01
-7.409385681152343750e+01
-7.409385681152343750e+01
-7.410385131835937500e+01
-7.412384033203125000e+01
-7.412384033203125000e+01
-7.414383697509765625e+01
-7.414383697509765625e+01
-7.415383148193359375e+01
-7.417382049560546875e+01
-7.417382049560546875e+01
-7.417382049560546875e+01
-7.420381164550781250e+01
-7.420381164550781250e+01
-7.422380065917968750e+01
-7.423380279541015625e+01
-7.423380279541015625e+01
-7.425379180908203125e+01
-7.426378631591796875e+01
-7.426378631591796875e+01
-7.428378295898437500e+01
-7.429377746582031250e+01
-7.430377197265625000e+01
-7.431377410888671875e+01
-7.431377410888671875e+01
-7.433376312255859375e+01
-7.433376312255859375e+01
-7.433376312255859375e+01
-7.436375427246093750e+01
-7.437375640869140625e+01
-7.438375091552734375e+01
-7.439374542236328125e+01
-7.439374542236328125e+01
-7.441374206542968750e+01
-7.442373657226562500e+01
-7.442373657226562500e+01
-7.444373321533203125e+01
-7.445372772216796875e+01
-7.446372985839843750e+01
-7.447372436523437500e+01
-7.447372436523437500e+01
-7.449372100830078125e+01
-7.450372314453125000e+01
-7.450372314453125000e+01
-7.452371215820312500e+01
-7.453371429443359375e+01
-7.453371429443359375e+01
-7.453371429443359375e+01
-7.456370544433593750e+01
-7.457370758056640625e+01
-7.458370208740234375e+01
-7.458370208740234375e+01
-7.460369873046875000e+01
-7.461370086669921875e+01
-7.461370086669921875e+01
-7.463369750976562500e+01
-7.463369750976562500e+01
-7.463369750976562500e+01
-7.465369415283203125e+01
-7.466368865966796875e+01
-7.467369079589843750e+01
-7.468368530273437500e+01
-7.469368743896484375e+01
-7.471368408203125000e+01
-7.472368621826171875e+01
-7.473368072509765625e+01
-7.473368072509765625e+01
-7.474368286132812500e+01
-7.475368499755859375e+01
-7.476367950439453125e+01
-7.477368164062500000e+01
-7.479367828369140625e+01
-7.480368041992187500e+01
-7.480368041992187500e+01
-7.482367706298828125e+01
-7.482367706298828125e+01
-7.483367919921875000e+01
-7.486367797851562500e+01
-7.486367797851562500e+01
-7.486367797851562500e+01
-7.487368011474609375e+01
-7.488368225097656250e+01
-7.489368438720703125e+01
-7.490367889404296875e+01
-7.492368316650390625e+01
-7.492368316650390625e+01
-7.494368743896484375e+01
-7.494368743896484375e+01
-7.496368408203125000e+01
-7.497368621826171875e+01
-7.497368621826171875e+01
-7.499369049072265625e+01
-7.500369262695312500e+01
-7.501369476318359375e+01
-7.502368927001953125e+01
-7.502368927001953125e+01
-7.504369354248046875e+01
-7.505369567871093750e+01
-7.505369567871093750e+01
-7.507369995117187500e+01
-7.507369995117187500e+01
-7.509370422363281250e+01
-7.510370635986328125e+01
-7.510370635986328125e+01
-7.512371063232421875e+01
-7.513371276855468750e+01
-7.513371276855468750e+01
-7.515371704101562500e+01
-7.516371917724609375e+01
-7.516371917724609375e+01
-7.518372344970703125e+01
-7.518372344970703125e+01
-7.520372772216796875e+01
-7.521372985839843750e+01
-7.521372985839843750e+01
-7.523373413085937500e+01
-7.524373626708984375e+01
-7.525373840332031250e+01
-7.525373840332031250e+01
-7.527374267578125000e+01
-7.527374267578125000e+01
-7.529374694824218750e+01
-7.529374694824218750e+01
-7.530374908447265625e+01
-7.532376098632812500e+01
-7.532376098632812500e+01
-7.534376525878906250e+01
-7.535376739501953125e+01
-7.535376739501953125e+01
-7.537377166748046875e+01
-7.538377380371093750e+01
-7.538377380371093750e+01
-7.540377807617187500e+01
-7.540377807617187500e+01
-7.541378021240234375e+01
-7.543378448486328125e+01
-7.543378448486328125e+01
-7.545379638671875000e+01
-7.546379852294921875e+01
-7.546379852294921875e+01
-7.547380065917968750e+01
-7.549380493164062500e+01
-7.549380493164062500e+01
-7.551380920410156250e+01
-7.552381134033203125e+01
-7.552381134033203125e+01
-7.554381561279296875e+01
-7.554381561279296875e+01
-7.555381774902343750e+01
-7.557382202148437500e+01
-7.557382202148437500e+01
-7.559383392333984375e+01
-7.559383392333984375e+01
-7.560383605957031250e+01
-7.562384033203125000e+01
-7.562384033203125000e+01
-7.564384460449218750e+01
-7.565384674072265625e+01
-7.565384674072265625e+01
-7.565384674072265625e+01
-7.568385314941406250e+01
-7.568385314941406250e+01
-7.570385742187500000e+01
-7.570385742187500000e+01
-7.571385955810546875e+01
-7.572386169433593750e+01
-7.573386383056640625e+01
-7.575386810302734375e+01
-7.575386810302734375e+01
-7.578386688232421875e+01
-7.578386688232421875e+01
-7.578386688232421875e+01
-7.581387329101562500e+01
-7.581387329101562500e+01
-7.581387329101562500e+01
-7.584387969970703125e+01
-7.584387969970703125e+01
-7.584387969970703125e+01
-7.585388183593750000e+01
-7.587387847900390625e+01
-7.587387847900390625e+01
-7.588388061523437500e+01
-7.590388488769531250e+01
-7.590388488769531250e+01
-7.592388153076171875e+01
-7.593388366699218750e+01
-7.593388366699218750e+01
-7.595388793945312500e+01
-7.595388793945312500e+01
-7.597388458251953125e+01
-7.598388671875000000e+01
-7.598388671875000000e+01
-7.600388336181640625e+01
-7.601388549804687500e+01
-7.602388000488281250e+01
-7.602388000488281250e+01
-7.604388427734375000e+01
-7.605387878417968750e+01
-7.606388092041015625e+01
-7.606388092041015625e+01
-7.607387542724609375e+01
-7.609387969970703125e+01
-7.609387969970703125e+01
-7.611387634277343750e+01
-7.612387084960937500e+01
-7.613387298583984375e+01
-7.614386749267578125e+01
-7.614386749267578125e+01
-7.615386199951171875e+01
-7.617385864257812500e+01
-7.617385864257812500e+01
-7.619385528564453125e+01
-7.619385528564453125e+01
-7.620384979248046875e+01
-7.622384643554687500e+01
-7.623384094238281250e+01
-7.623384094238281250e+01
-7.623384094238281250e+01
-7.625383758544921875e+01
-7.627382659912109375e+01
-7.627382659912109375e+01
-7.628382873535156250e+01
-7.629382324218750000e+01
-7.631381225585937500e+01
-7.632380676269531250e+01
-7.633380126953125000e+01
-7.633380126953125000e+01
-7.635379028320312500e+01
-7.636378479003906250e+01
-7.638377380371093750e+01
-7.638377380371093750e+01
-7.638377380371093750e+01
-7.639376831054687500e+01
-7.640376281738281250e+01
-7.641375732421875000e+01
-7.642375183105468750e+01
-7.643374633789062500e+01
-7.644374084472656250e+01
-7.645373535156250000e+01
-7.646372222900390625e+01
-7.647371673583984375e+01
-7.648371124267578125e+01
-7.649370574951171875e+01
-7.651368713378906250e+01
-7.652368164062500000e+01
-7.653366851806640625e+01
-7.653366851806640625e+01
-7.655364990234375000e+01
-7.656364440917968750e+01
-7.657363128662109375e+01
-7.658362579345703125e+01
-7.658362579345703125e+01
-7.659361267089843750e+01
-7.661359405517578125e+01
-7.662358093261718750e+01
-7.663357543945312500e+01
-7.663357543945312500e+01
-7.664356231689453125e+01
-7.665354919433593750e+01
-7.667353057861328125e+01
-7.668351745605468750e+01
-7.668351745605468750e+01
-7.669350433349609375e+01
-7.670349121093750000e+01
-7.671347808837890625e+01
-7.672346496582031250e+01
-7.673345947265625000e+01
-7.674344635009765625e+01
-7.675342559814453125e+01
-7.676341247558593750e+01
-7.678338623046875000e+01
-7.678338623046875000e+01
-7.679337310791015625e+01
-7.681334686279296875e+01
-7.681334686279296875e+01
-7.682332611083984375e+01
-7.684329986572265625e+01
-7.684329986572265625e+01
-7.686326599121093750e+01
-7.687325286865234375e+01
-7.688323211669921875e+01
-7.688323211669921875e+01
-7.690319824218750000e+01
-7.691318511962890625e+01
-7.692316436767578125e+01
-7.692316436767578125e+01
-7.692316436767578125e+01
-7.695310974121093750e+01
-7.695310974121093750e+01
-7.697306823730468750e+01
-7.698305511474609375e+01
-7.699303436279296875e+01
-7.700301361083984375e+01
-7.700301361083984375e+01
-7.701299285888671875e+01
-7.703295135498046875e+01
-7.703295135498046875e+01
-7.705290985107421875e+01
-7.706288909912109375e+01
-7.707286834716796875e+01
-7.708283996582031250e+01
-7.709281921386718750e+01
-7.710279846191406250e+01
-7.711277770996093750e+01
-7.712274932861328125e+01
-7.713272857666015625e+01
-7.714270019531250000e+01
-7.714270019531250000e+01
-7.716265106201171875e+01
-7.717263031005859375e+01
-7.718260192871093750e+01
-7.719257354736328125e+01
-7.720255279541015625e+01
-7.720255279541015625e+01
-7.722249603271484375e+01
-7.722249603271484375e+01
-7.723246765136718750e+01
-7.725241851806640625e+01
-7.725241851806640625e+01
-7.727236175537109375e+01
-7.728233337402343750e+01
-7.728233337402343750e+01
-7.730227661132812500e+01
-7.731224060058593750e+01
-7.731224060058593750e+01
-7.732221221923828125e+01
-7.733218383789062500e+01
-7.734215545654296875e+01
-7.736209106445312500e+01
-7.736209106445312500e+01
-7.738202667236328125e+01
-7.738202667236328125e+01
-7.739199066162109375e+01
-7.740196228027343750e+01
-7.742189788818359375e+01
-7.743186187744140625e+01
-7.744182586669921875e+01
-7.744182586669921875e+01
-7.745178985595703125e+01
-7.747171783447265625e+01
-7.747171783447265625e+01
-7.749165344238281250e+01
-7.750160980224609375e+01
-7.750160980224609375e+01
-7.752153778076171875e+01
-7.753150177001953125e+01
-7.754146575927734375e+01
-7.755142211914062500e+01
-7.755142211914062500e+01
-7.757135009765625000e+01
-7.758130645751953125e+01
-7.758130645751953125e+01
-7.760122680664062500e+01
-7.761119079589843750e+01
-7.762114715576171875e+01
-7.763110351562500000e+01
-7.763110351562500000e+01
-7.764106750488281250e+01
-7.766098022460937500e+01
-7.766098022460937500e+01
-7.768089294433593750e+01
-7.769084930419921875e+01
-7.769084930419921875e+01
-7.771076202392578125e+01
-7.771076202392578125e+01
-7.774062347412109375e+01
-7.775057983398437500e+01
-7.775057983398437500e+01
-7.776052856445312500e+01
-7.777048492431640625e+01
-7.777048492431640625e+01
-7.778043365478515625e+01
-7.780033874511718750e+01
-7.780033874511718750e+01
-7.780033874511718750e+01
-7.783019256591796875e+01
-7.784014129638671875e+01
-7.784014129638671875e+01
-7.784014129638671875e+01
-7.784014129638671875e+01
-7.787993621826171875e+01
-7.787993621826171875e+01
-7.788988494873046875e+01
-7.790978240966796875e+01
-7.790978240966796875e+01
-7.792967224121093750e+01
-7.793962097167968750e+01
-7.793962097167968750e+01
-7.795951080322265625e+01
-7.795951080322265625e+01
-7.798934173583984375e+01
-7.798934173583984375e+01
-7.798934173583984375e+01
-7.799928283691406250e+01
-7.801916503906250000e+01
-7.802910614013671875e+01
-7.803904724121093750e+01
-7.804898834228515625e+01
-7.804898834228515625e+01
-7.805892944335937500e+01
-7.807881164550781250e+01
-7.808874511718750000e+01
-7.808874511718750000e+01
-7.810862731933593750e+01
-7.810862731933593750e+01
-7.812850189208984375e+01
-7.813843536376953125e+01
-7.813843536376953125e+01
-7.815830993652343750e+01
-7.816824340820312500e+01
-7.817817687988281250e+01
-7.818811035156250000e+01
-7.818811035156250000e+01
-7.820797729492187500e+01
-7.821791076660156250e+01
-7.821791076660156250e+01
-7.823777008056640625e+01
-7.824770355224609375e+01
-7.826756286621093750e+01
-7.826756286621093750e+01
-7.826756286621093750e+01
-7.828742218017578125e+01
-7.830728149414062500e+01
-7.830728149414062500e+01
-7.831720733642578125e+01
-7.832713317871093750e+01
-7.833705902099609375e+01
-7.834698486328125000e+01
-7.834698486328125000e+01
-7.835691070556640625e+01
-7.837676239013671875e+01
-7.838668060302734375e+01
-7.838668060302734375e+01
-7.840653228759765625e+01
-7.840653228759765625e+01
-7.841645050048828125e+01
-7.842637634277343750e+01
-7.842637634277343750e+01
-7.845613861083984375e+01
-7.845613861083984375e+01
-7.848589324951171875e+01
-7.848589324951171875e+01
-7.848589324951171875e+01
-7.851564788818359375e+01
-7.851564788818359375e+01
-7.852556610107421875e+01
-7.854539489746093750e+01
-7.854539489746093750e+01
-7.854539489746093750e+01
-7.857513427734375000e+01
-7.857513427734375000e+01
-7.858505249023437500e+01
-7.860487365722656250e+01
-7.860487365722656250e+01
-7.860487365722656250e+01
-7.861478424072265625e+01
-7.863460540771484375e+01
-7.863460540771484375e+01
-7.865442657470703125e+01
-7.866433715820312500e+01
-7.866433715820312500e+01
-7.867424011230468750e+01
-7.869405364990234375e+01
-7.870396423339843750e+01
-7.871386718750000000e+01
-7.871386718750000000e+01
-7.874358367919921875e+01
-7.875348663330078125e+01
-7.875348663330078125e+01
-7.876338958740234375e+01
-7.876338958740234375e+01
-7.878319549560546875e+01
-7.878319549560546875e+01
-7.880299377441406250e+01
-7.881289672851562500e+01
-7.882279205322265625e+01
-7.883269500732421875e+01
-7.883269500732421875e+01
-7.884259033203125000e+01
-7.886238861083984375e+01
-7.886238861083984375e+01
-7.888217926025390625e+01
-7.888217926025390625e+01
-7.888217926025390625e+01
-7.890196990966796875e+01
-7.891185760498046875e+01
-7.892175292968750000e+01
-7.894153594970703125e+01
-7.894153594970703125e+01
-7.896131896972656250e+01
-7.897121429443359375e+01
-7.898110198974609375e+01
-7.899098968505859375e+01
-7.900087738037109375e+01
-7.900087738037109375e+01
-7.902065277099609375e+01
-7.902065277099609375e+01
-7.903054046630859375e+01
-7.905030822753906250e+01
-7.905030822753906250e+01
-7.906019592285156250e+01
-7.907996368408203125e+01
-7.907996368408203125e+01
-7.908984375000000000e+01
-7.910961151123046875e+01
-7.911949157714843750e+01
-7.911949157714843750e+01
-7.913925170898437500e+01
-7.914912414550781250e+01
-7.914912414550781250e+01
-7.916888427734375000e+01
-7.916888427734375000e+01
-7.918863677978515625e+01
-7.918863677978515625e+01
-7.920838928222656250e+01
-7.921826171875000000e+01
-7.922813415527343750e+01
-7.922813415527343750e+01
-7.924787902832031250e+01
-7.924787902832031250e+01
-7.925775146484375000e+01
-7.927748870849609375e+01
-7.928736114501953125e+01
-7.929723358154296875e+01
-7.930709838867187500e+01
-7.931696319580078125e+01
-7.931696319580078125e+01
-7.933670043945312500e+01
-7.934656524658203125e+01
-7.935643005371093750e+01
-7.935643005371093750e+01
-7.937615966796875000e+01
-7.938601684570312500e+01
-7.938601684570312500e+01
-7.939588165283203125e+01
-7.941560363769531250e+01
-7.942546081542968750e+01
-7.942546081542968750e+01
-7.944518280029296875e+01
-7.944518280029296875e+01
-7.946489715576171875e+01
-7.947475433349609375e+01
-7.947475433349609375e+01
-7.949446105957031250e+01
-7.950431823730468750e+01
-7.951416778564453125e+01
-7.952402496337890625e+01
-7.952402496337890625e+01
-7.953387451171875000e+01
-7.955358123779296875e+01
-7.955358123779296875e+01
-7.957328033447265625e+01
-7.958312225341796875e+01
-7.959297180175781250e+01
-7.960282135009765625e+01
-7.961266326904296875e+01
-7.962251281738281250e+01
-7.963235473632812500e+01
-7.963235473632812500e+01
-7.963235473632812500e+01
-7.964220428466796875e+01
-7.964220428466796875e+01
-7.966188812255859375e+01
-7.969141387939453125e+01
-7.970124816894531250e+01
-7.972092437744140625e+01
-7.972092437744140625e+01
-7.972092437744140625e+01
-7.974060058593750000e+01
-7.974060058593750000e+01
-7.976027679443359375e+01
-7.977011108398437500e+01
-7.977011108398437500e+01
-7.977994537353515625e+01
-7.979960632324218750e+01
-7.979960632324218750e+01
-7.981926727294921875e+01
-7.982910156250000000e+01
-7.982910156250000000e+01
-7.984875488281250000e+01
-7.985858154296875000e+01
-7.986840820312500000e+01
-7.987823486328125000e+01
-7.987823486328125000e+01
-7.988806152343750000e+01
-7.990770721435546875e+01
-7.990770721435546875e+01
-7.991753387451171875e+01
-7.993717956542968750e+01
-7.994699859619140625e+01
-7.995681762695312500e+01
-7.995681762695312500e+01
-7.996663665771484375e+01
-7.998627471923828125e+01
-7.998627471923828125e+01
-8.000590515136718750e+01
-8.001571655273437500e+01
-8.001571655273437500e+01
-8.003534698486328125e+01
-8.003534698486328125e+01
-8.004515838623046875e+01
-8.006478118896484375e+01
-8.006478118896484375e+01
-8.008440399169921875e+01
-8.009420776367187500e+01
-8.009420776367187500e+01
-8.010401916503906250e+01
-8.012363433837890625e+01
-8.012363433837890625e+01
-8.012363433837890625e+01
-8.014324188232421875e+01
-8.015304565429687500e+01
-8.017265319824218750e+01
-8.017265319824218750e+01
-8.019225311279296875e+01
-8.019225311279296875e+01
-8.021185302734375000e+01
-8.022164916992187500e+01
-8.022164916992187500e+01
-8.023144531250000000e+01
-8.025103759765625000e+01
-8.025103759765625000e+01
-8.027062988281250000e+01
-8.028041839599609375e+01
-8.029021453857421875e+01
-8.029021453857421875e+01
-8.030979156494140625e+01
-8.031958007812500000e+01
-8.032936859130859375e+01
-8.032936859130859375e+01
-8.033915710449218750e+01
-8.034894561767578125e+01
-8.037830352783203125e+01
-8.037830352783203125e+01
-8.037830352783203125e+01
-8.040764617919921875e+01
-8.040764617919921875e+01
-8.040764617919921875e+01
-8.041742706298828125e+01
-8.043698883056640625e+01
-8.043698883056640625e+01
-8.044676971435546875e+01
-8.046632385253906250e+01
-8.047609710693359375e+01
-8.047609710693359375e+01
-8.049564361572265625e+01
-8.049564361572265625e+01
-8.051519012451171875e+01
-8.052496337890625000e+01
-8.053473663330078125e+01
-8.054450225830078125e+01
-8.054450225830078125e+01
-8.056404113769531250e+01
-8.057380676269531250e+01
-8.057380676269531250e+01
-8.059333801269531250e+01
-8.060310363769531250e+01
-8.061286163330078125e+01
-8.062262725830078125e+01
-8.062262725830078125e+01
-8.063238525390625000e+01
-8.065190887451171875e+01
-8.065190887451171875e+01
-8.067142486572265625e+01
-8.067142486572265625e+01
-8.067142486572265625e+01
-8.070069122314453125e+01
-8.072019958496093750e+01
-8.072019958496093750e+01
-8.072019958496093750e+01
-8.073970794677734375e+01
-8.074945831298828125e+01
-8.075920104980468750e+01
-8.075920104980468750e+01
-8.076895141601562500e+01
-8.078844451904296875e+01
-8.078844451904296875e+01
-8.080793762207031250e+01
-8.081768035888671875e+01
-8.082742309570312500e+01
-8.083716583251953125e+01
-8.083716583251953125e+01
-8.085665130615234375e+01
-8.086638641357421875e+01
-8.086638641357421875e+01
-8.088586425781250000e+01
-8.089559936523437500e+01
-8.090533447265625000e+01
-8.091506958007812500e+01
-8.091506958007812500e+01
-8.091506958007812500e+01
-8.094426727294921875e+01
-8.094426727294921875e+01
-8.096372985839843750e+01
-8.097345733642578125e+01
-8.097345733642578125e+01
-8.099291229248046875e+01
-8.099291229248046875e+01
-8.099291229248046875e+01
-8.102208709716796875e+01
-8.102208709716796875e+01
-8.104153442382812500e+01
-8.105125427246093750e+01
-8.105125427246093750e+01
-8.107069396972656250e+01
-8.108041381835937500e+01
-8.109012603759765625e+01
-8.109984588623046875e+01
-8.109984588623046875e+01
-8.110955810546875000e+01
-8.112898254394531250e+01
-8.112898254394531250e+01
-8.114840698242187500e+01
-8.115811920166015625e+01
-8.115811920166015625e+01
-8.117753601074218750e+01
-8.118724060058593750e+01
-8.118724060058593750e+01
-8.120665740966796875e+01
-8.120665740966796875e+01
-8.122606658935546875e+01
-8.123576354980468750e+01
-8.123576354980468750e+01
-8.124546813964843750e+01
-8.126486206054687500e+01
-8.126486206054687500e+01
-8.128426361083984375e+01
-8.129396057128906250e+01
-8.129396057128906250e+01
-8.131334686279296875e+01
-8.131334686279296875e+01
-8.132303619384765625e+01
-8.134242248535156250e+01
-8.135211181640625000e+01
-8.136180114746093750e+01
-8.136180114746093750e+01
-8.137149047851562500e+01
-8.139086151123046875e+01
-8.140054321289062500e+01
-8.140054321289062500e+01
-8.141991424560546875e+01
-8.142959594726562500e+01
-8.143927764892578125e+01
-8.144895172119140625e+01
-8.145863342285156250e+01
-8.146830749511718750e+01
-8.146830749511718750e+01
-8.149733734130859375e+01
-8.149733734130859375e+01
-8.149733734130859375e+01
-8.150701141357421875e+01
-8.151668548583984375e+01
-8.152635192871093750e+01
-8.152635192871093750e+01
-8.155535888671875000e+01
-8.155535888671875000e+01
-8.156502532958984375e+01
-8.158435821533203125e+01
-8.158435821533203125e+01
-8.160368347167968750e+01
-8.161334991455078125e+01
-8.161334991455078125e+01
-8.163266754150390625e+01
-8.163266754150390625e+01
-8.165198516845703125e+01
-8.166163635253906250e+01
-8.167129516601562500e+01
-8.168094635009765625e+01
-8.168094635009765625e+01
-8.170990753173828125e+01
-8.170990753173828125e+01
-8.170990753173828125e+01
-8.171955108642578125e+01
-8.173885345458984375e+01
-8.174849700927734375e+01
-8.175814056396484375e+01
-8.176778411865234375e+01
-8.176778411865234375e+01
-8.178707122802734375e+01
-8.179671478271484375e+01
-8.179671478271484375e+01
-8.181599426269531250e+01
-8.181599426269531250e+01
-8.181599426269531250e+01
-8.184490203857421875e+01
-8.184490203857421875e+01
-8.186416625976562500e+01
-8.187380218505859375e+01
-8.187380218505859375e+01
-8.189305877685546875e+01
-8.190268707275390625e+01
-8.190268707275390625e+01
-8.192194366455078125e+01
-8.192194366455078125e+01
-8.192194366455078125e+01
-8.195081329345703125e+01
-8.195081329345703125e+01
-8.195081329345703125e+01
-8.197967529296875000e+01
-8.197967529296875000e+01
-8.199891662597656250e+01
-8.199891662597656250e+01
-8.201814270019531250e+01
-8.202775573730468750e+01
-8.202775573730468750e+01
-8.202775573730468750e+01
-8.204698181152343750e+01
-8.206620025634765625e+01
-8.206620025634765625e+01
-8.208541870117187500e+01
-8.209502410888671875e+01
-8.209502410888671875e+01
-8.210462951660156250e+01
-8.211423492431640625e+01
-8.213343811035156250e+01
-8.213343811035156250e+01
-8.215263366699218750e+01
-8.216223144531250000e+01
-8.217182922363281250e+01
-8.218142700195312500e+01
-8.218142700195312500e+01
-8.220061492919921875e+01
-8.220061492919921875e+01
-8.221020507812500000e+01
-8.222938537597656250e+01
-8.223897552490234375e+01
-8.223897552490234375e+01
-8.225814819335937500e+01
-8.225814819335937500e+01
-8.226773071289062500e+01
-8.228689575195312500e+01
-8.228689575195312500e+01
-8.230606079101562500e+01
-8.231563568115234375e+01
-8.231563568115234375e+01
-8.233479309082031250e+01
-8.234436798095703125e+01
-8.235394287109375000e+01
-8.236351776123046875e+01
-8.236351776123046875e+01
-8.238265991210937500e+01
-8.239222717285156250e+01
-8.239222717285156250e+01
-8.241136169433593750e+01
-8.241136169433593750e+01
-8.242092895507812500e+01
-8.243048858642578125e+01
-8.243048858642578125e+01
-8.244961547851562500e+01
-8.246873474121093750e+01
-8.247829437255859375e+01
-8.247829437255859375e+01
-8.251651763916015625e+01
-8.251651763916015625e+01
-8.252606964111328125e+01
-8.254516601562500000e+01
-8.254516601562500000e+01
-8.255471801757812500e+01
-8.256426239013671875e+01
-8.257380676269531250e+01
-8.258335113525390625e+01
-8.259289550781250000e+01
-8.260243988037109375e+01
-8.262152099609375000e+01
-8.263105773925781250e+01
-8.263105773925781250e+01
-8.264059448242187500e+01
-8.265966796875000000e+01
-8.265966796875000000e+01
-8.267873382568359375e+01
-8.267873382568359375e+01
-8.268826293945312500e+01
-8.269779205322265625e+01
-8.270732116699218750e+01
-8.272637939453125000e+01
-8.272637939453125000e+01
-8.273590087890625000e+01
-8.275494384765625000e+01
-8.275494384765625000e+01
-8.276446533203125000e+01
-8.277398681640625000e+01
-8.278350830078125000e+01
-8.278350830078125000e+01
-8.278350830078125000e+01
-8.278350830078125000e+01
-8.278350830078125000e+01
-8.443380737304687500e+01
-8.444369506835937500e+01
-8.445357513427734375e+01
-8.446346282958984375e+01
-8.447334289550781250e+01
-8.448323059082031250e+01
-8.449311065673828125e+01
-8.450299835205078125e+01
-8.451287841796875000e+01
-8.454253387451171875e+01
-8.454253387451171875e+01
-8.455241394042968750e+01
-8.455241394042968750e+01
-8.456230163574218750e+01
-8.458206939697265625e+01
-8.459195709228515625e+01
-8.460183715820312500e+01
-8.461172485351562500e+01
-8.462161254882812500e+01
-8.463149261474609375e+01
-8.463149261474609375e+01
-8.465126800537109375e+01
-8.466114807128906250e+01
-8.466114807128906250e+01
-8.468092346191406250e+01
-8.469080352783203125e+01
-8.470069122314453125e+01
-8.471057891845703125e+01
-8.472046661376953125e+01
-8.473034667968750000e+01
-8.474023437500000000e+01
-8.475012207031250000e+01
-8.476000976562500000e+01
-8.476989746093750000e+01
-8.476989746093750000e+01
-8.478966522216796875e+01
-8.478966522216796875e+01
-8.480944061279296875e+01
-8.481932830810546875e+01
-8.482921600341796875e+01
-8.483910369873046875e+01
-8.484899139404296875e+01
-8.484899139404296875e+01
-8.486876678466796875e+01
-8.487865447998046875e+01
-8.487865447998046875e+01
-8.489843750000000000e+01
-8.490832519531250000e+01
-8.491821289062500000e+01
-8.492810058593750000e+01
-8.493799591064453125e+01
-8.494788360595703125e+01
-8.495777130126953125e+01
-8.495777130126953125e+01
-8.497755432128906250e+01
-8.498744201660156250e+01
-8.498744201660156250e+01
-8.500722503662109375e+01
-8.501712036132812500e+01
-8.501712036132812500e+01
-8.503690338134765625e+01
-8.504679870605468750e+01
-8.505668640136718750e+01
-8.506658172607421875e+01
-8.507647705078125000e+01
-8.508637237548828125e+01
-8.509626007080078125e+01
-8.509626007080078125e+01
-8.511605072021484375e+01
-8.512594604492187500e+01
-8.512594604492187500e+01
-8.514573669433593750e+01
-8.515563201904296875e+01
-8.516552734375000000e+01
-8.517542266845703125e+01
-8.517542266845703125e+01
-8.519522094726562500e+01
-8.519522094726562500e+01
-8.520511627197265625e+01
-8.522491455078125000e+01
-8.522491455078125000e+01
-8.523480987548828125e+01
-8.525460815429687500e+01
-8.527440643310546875e+01
-8.527440643310546875e+01
-8.527440643310546875e+01
-8.530410766601562500e+01
-8.530410766601562500e+01
-8.530410766601562500e+01
-8.531401062011718750e+01
-8.533381652832031250e+01
-8.535362243652343750e+01
-8.535362243652343750e+01
-8.536352539062500000e+01
-8.536352539062500000e+01
-8.538333129882812500e+01
-8.539324188232421875e+01
-8.539324188232421875e+01
-8.541304779052734375e+01
-8.541304779052734375e+01
-8.543286132812500000e+01
-8.544277191162109375e+01
-8.544277191162109375e+01
-8.546258544921875000e+01
-8.547248840332031250e+01
-8.547248840332031250e+01
-8.549230957031250000e+01
-8.550222015380859375e+01
-8.551213073730468750e+01
-8.552204132080078125e+01
-8.554186248779296875e+01
-8.554186248779296875e+01
-8.555177307128906250e+01
-8.555177307128906250e+01
-8.557160186767578125e+01
-8.558151245117187500e+01
-8.558151245117187500e+01
-8.560134124755859375e+01
-8.561125946044921875e+01
-8.562117004394531250e+01
-8.563108825683593750e+01
-8.563108825683593750e+01
-8.565092468261718750e+01
-8.565092468261718750e+01
-8.565092468261718750e+01
-8.566084289550781250e+01
-8.569059753417968750e+01
-8.570051574707031250e+01
-8.570051574707031250e+01
-8.571044158935546875e+01
-8.572035980224609375e+01
-8.573027801513671875e+01
-8.576004791259765625e+01
-8.576004791259765625e+01
-8.576997375488281250e+01
-8.576997375488281250e+01
-8.578982543945312500e+01
-8.579975128173828125e+01
-8.579975128173828125e+01
-8.581960296630859375e+01
-8.581960296630859375e+01
-8.583946228027343750e+01
-8.584938812255859375e+01
-8.584938812255859375e+01
-8.584938812255859375e+01
-8.586924743652343750e+01
-8.588910675048828125e+01
-8.589904022216796875e+01
-8.590897369384765625e+01
-8.590897369384765625e+01
-8.591890716552734375e+01
-8.592884063720703125e+01
-8.593877410888671875e+01
-8.594871520996093750e+01
-8.595864868164062500e+01
-8.596858215332031250e+01
-8.597852325439453125e+01
-8.598845672607421875e+01
-8.599839782714843750e+01
-8.600833892822265625e+01
-8.601828002929687500e+01
-8.602822113037109375e+01
-8.603816223144531250e+01
-8.604810333251953125e+01
-8.604810333251953125e+01
-8.606799316406250000e+01
-8.607793426513671875e+01
-8.607793426513671875e+01
-8.610777282714843750e+01
-8.610777282714843750e+01
-8.610777282714843750e+01
-8.612767028808593750e+01
-8.612767028808593750e+01
-8.614756774902343750e+01
-8.615751647949218750e+01
-8.616746520996093750e+01
-8.617742156982421875e+01
-8.618737030029296875e+01
-8.619732666015625000e+01
-8.620727539062500000e+01
-8.621723175048828125e+01
-8.622718811035156250e+01
-8.623714447021484375e+01
-8.623714447021484375e+01
-8.624710083007812500e+01
-8.626701354980468750e+01
-8.628693389892578125e+01
-8.629689025878906250e+01
-8.629689025878906250e+01
-8.631681060791015625e+01
-8.633673858642578125e+01
-8.633673858642578125e+01
-8.634670257568359375e+01
-8.634670257568359375e+01
-8.636663055419921875e+01
-8.637659454345703125e+01
-8.638655853271484375e+01
-8.639652252197265625e+01
-8.640649414062500000e+01
-8.640649414062500000e+01
-8.641645812988281250e+01
-8.644636535644531250e+01
-8.644636535644531250e+01
-8.645633697509765625e+01
-8.645633697509765625e+01
-8.647627258300781250e+01
-8.647627258300781250e+01
-8.648624420166015625e+01
-8.650619506835937500e+01
-8.650619506835937500e+01
-8.651616668701171875e+01
-8.653610992431640625e+01
-8.653610992431640625e+01
-8.654608917236328125e+01
-8.655606079101562500e+01
-8.656604003906250000e+01
-8.657601165771484375e+01
-8.659597015380859375e+01
-8.659597015380859375e+01
-8.661592102050781250e+01
-8.661592102050781250e+01
-8.662590026855468750e+01
-8.664585876464843750e+01
-8.664585876464843750e+01
-8.665584564208984375e+01
-8.667580413818359375e+01
-8.667580413818359375e+01
-8.669577026367187500e+01
-8.670574951171875000e+01
-8.670574951171875000e+01
-8.672571563720703125e+01
-8.674568939208984375e+01
-8.674568939208984375e+01
-8.675566864013671875e+01
-8.676565551757812500e+01
-8.677564239501953125e+01
-8.678562927246093750e+01
-8.678562927246093750e+01
-8.680560302734375000e+01
-8.681558990478515625e+01
-8.681558990478515625e+01
-8.683556365966796875e+01
-8.684555053710937500e+01
-8.685554504394531250e+01
-8.686553192138671875e+01
-8.686553192138671875e+01
-8.688551330566406250e+01
-8.689550018310546875e+01
-8.689550018310546875e+01
-8.691548919677734375e+01
-8.692547607421875000e+01
-8.692547607421875000e+01
-8.694546508789062500e+01
-8.694546508789062500e+01
-8.696544647216796875e+01
-8.697544097900390625e+01
-8.697544097900390625e+01
-8.699542999267578125e+01
-8.701541900634765625e+01
-8.701541900634765625e+01
-8.702541351318359375e+01
-8.702541351318359375e+01
-8.704540252685546875e+01
-8.705539703369140625e+01
-8.705539703369140625e+01
-8.707539367675781250e+01
-8.708538818359375000e+01
-8.709539031982421875e+01
-8.710538482666015625e+01
-8.712538146972656250e+01
-8.712538146972656250e+01
-8.713537597656250000e+01
-8.713537597656250000e+01
-8.715537261962890625e+01
-8.716537475585937500e+01
-8.717537689208984375e+01
-8.718537139892578125e+01
-8.718537139892578125e+01
-8.719537353515625000e+01
-8.721537780761718750e+01
-8.721537780761718750e+01
-8.723537445068359375e+01
-8.723537445068359375e+01
-8.726538085937500000e+01
-8.726538085937500000e+01
-8.726538085937500000e+01
-8.727538299560546875e+01
-8.729538726806640625e+01
-8.730538940429687500e+01
-8.731539154052734375e+01
-8.732539367675781250e+01
-8.732539367675781250e+01
-8.734539794921875000e+01
-8.735540008544921875e+01
-8.735540008544921875e+01
-8.736540222167968750e+01
-8.737540435791015625e+01
-8.739541625976562500e+01
-8.740541839599609375e+01
-8.740541839599609375e+01
-8.741542053222656250e+01
-8.743543243408203125e+01
-8.743543243408203125e+01
-8.745543670654296875e+01
-8.746543884277343750e+01
-8.746543884277343750e+01
-8.748545074462890625e+01
-8.749546051025390625e+01
-8.750546264648437500e+01
-8.751546478271484375e+01
-8.752547454833984375e+01
-8.753547668457031250e+01
-8.754547882080078125e+01
-8.754547882080078125e+01
-8.755548858642578125e+01
-8.757550048828125000e+01
-8.757550048828125000e+01
-8.759551239013671875e+01
-8.760551452636718750e+01
-8.760551452636718750e+01
-8.762552642822265625e+01
-8.762552642822265625e+01
-8.764553833007812500e+01
-8.765554809570312500e+01
-8.765554809570312500e+01
-8.767555999755859375e+01
-8.768556213378906250e+01
-8.769557189941406250e+01
-8.770557403564453125e+01
-8.771558380126953125e+01
-8.772558593750000000e+01
-8.773559570312500000e+01
-8.773559570312500000e+01
-8.775560760498046875e+01
-8.776560974121093750e+01
-8.777561950683593750e+01
-8.778562164306640625e+01
-8.778562164306640625e+01
-8.779563140869140625e+01
-8.781564331054687500e+01
-8.782564544677734375e+01
-8.783564758300781250e+01
-8.784565734863281250e+01
-8.784565734863281250e+01
-8.786566925048828125e+01
-8.786566925048828125e+01
-8.788568115234375000e+01
-8.788568115234375000e+01
-8.789568328857421875e+01
-8.790568542480468750e+01
-8.791569519042968750e+01
-8.792569732666015625e+01
-8.793570709228515625e+01
-8.794570922851562500e+01
-8.795571136474609375e+01
-8.797572326660156250e+01
-8.798573303222656250e+01
-8.798573303222656250e+01
-8.800573730468750000e+01
-8.800573730468750000e+01
-8.801573944091796875e+01
-8.802574920654296875e+01
-8.803575134277343750e+01
-8.804575347900390625e+01
-8.805576324462890625e+01
-8.806576538085937500e+01
-8.807576751708984375e+01
-8.808576965332031250e+01
-8.809577941894531250e+01
-8.810578155517578125e+01
-8.811578369140625000e+01
-8.812578582763671875e+01
-8.813578796386718750e+01
-8.814579772949218750e+01
-8.815579986572265625e+01
-8.816580200195312500e+01
-8.818580627441406250e+01
-8.818580627441406250e+01
-8.819580841064453125e+01
-8.820581054687500000e+01
-8.821581268310546875e+01
-8.822581481933593750e+01
-8.823581695556640625e+01
-8.824581909179687500e+01
-8.826582336425781250e+01
-8.827582550048828125e+01
-8.828582763671875000e+01
-8.829582977294921875e+01
-8.829582977294921875e+01
-8.831583404541015625e+01
-8.831583404541015625e+01
-8.833583831787109375e+01
-8.834583282470703125e+01
-8.834583282470703125e+01
-8.836583709716796875e+01
-8.837583923339843750e+01
-8.838584136962890625e+01
-8.838584136962890625e+01
-8.841584014892578125e+01
-8.841584014892578125e+01
-8.841584014892578125e+01
-8.843583679199218750e+01
-8.844583892822265625e+01
-8.845583343505859375e+01
-8.845583343505859375e+01
-8.847583007812500000e+01
-8.848583221435546875e+01
-8.849582672119140625e+01
-8.849582672119140625e+01
-8.850582885742187500e+01
-8.852582550048828125e+01
-8.854582214355468750e+01
-8.854582214355468750e+01
-8.855581665039062500e+01
-8.856581115722656250e+01
-8.856581115722656250e+01
-8.858580780029296875e+01
-8.858580780029296875e+01
-8.859580230712890625e+01
-8.861579895019531250e+01
-8.861579895019531250e+01
-8.863578796386718750e+01
-8.864578247070312500e+01
-8.864578247070312500e+01
-8.866577148437500000e+01
-8.867577362060546875e+01
-8.868576812744140625e+01
-8.869576263427734375e+01
-8.869576263427734375e+01
-8.871575164794921875e+01
-8.872573852539062500e+01
-8.872573852539062500e+01
-8.874572753906250000e+01
-8.876571655273437500e+01
-8.876571655273437500e+01
-8.877571105957031250e+01
-8.877571105957031250e+01
-8.878569793701171875e+01
-8.880568695068359375e+01
-8.880568695068359375e+01
-8.882566833496093750e+01
-8.883566284179687500e+01
-8.884564971923828125e+01
-8.885564422607421875e+01
-8.885564422607421875e+01
-8.887562561035156250e+01
-8.887562561035156250e+01
-8.888561248779296875e+01
-8.890559387207031250e+01
-8.891558074951171875e+01
-8.891558074951171875e+01
-8.892557525634765625e+01
-8.894554901123046875e+01
-8.895553588867187500e+01
-8.896552276611328125e+01
-8.896552276611328125e+01
-8.898550415039062500e+01
-8.899549102783203125e+01
-8.900547790527343750e+01
-8.901546478271484375e+01
-8.901546478271484375e+01
-8.903543853759765625e+01
-8.904541778564453125e+01
-8.904541778564453125e+01
-8.906539154052734375e+01
-8.907537841796875000e+01
-8.907537841796875000e+01
-8.909534454345703125e+01
-8.910533142089843750e+01
-8.911531829833984375e+01
-8.912529754638671875e+01
-8.914526367187500000e+01
-8.914526367187500000e+01
-8.915525054931640625e+01
-8.915525054931640625e+01
-8.917520904541015625e+01
-8.918519592285156250e+01
-8.919517517089843750e+01
-8.919517517089843750e+01
-8.921514129638671875e+01
-8.922512054443359375e+01
-8.923509979248046875e+01
-8.925505828857421875e+01
-8.925505828857421875e+01
-8.925505828857421875e+01
-8.926503753662109375e+01
-8.928499603271484375e+01
-8.929497528076171875e+01
-8.929497528076171875e+01
-8.931492614746093750e+01
-8.932490539550781250e+01
-8.932490539550781250e+01
-8.934485626220703125e+01
-8.934485626220703125e+01
-8.936481475830078125e+01
-8.936481475830078125e+01
-8.936481475830078125e+01
-8.939473724365234375e+01
-8.939473724365234375e+01
-8.940470886230468750e+01
-8.942465972900390625e+01
-8.942465972900390625e+01
-8.943463134765625000e+01
-8.945458221435546875e+01
-8.945458221435546875e+01
-8.947452545166015625e+01
-8.948449707031250000e+01
-8.948449707031250000e+01
-8.950444030761718750e+01
-8.951441192626953125e+01
-8.952437591552734375e+01
-8.953434753417968750e+01
-8.955429077148437500e+01
-8.955429077148437500e+01
-8.956425476074218750e+01
-8.956425476074218750e+01
-8.958419036865234375e+01
-8.958419036865234375e+01
-8.959416198730468750e+01
-8.961408996582031250e+01
-8.962406158447265625e+01
-8.963402557373046875e+01
-8.964398956298828125e+01
-8.965395355224609375e+01
-8.965395355224609375e+01
-8.967388153076171875e+01
-8.969380950927734375e+01
-8.969380950927734375e+01
-8.970377349853515625e+01
-8.970377349853515625e+01
-8.972370147705078125e+01
-8.972370147705078125e+01
-8.974362182617187500e+01
-8.975357818603515625e+01
-8.976354217529296875e+01
-8.977349853515625000e+01
-8.978346252441406250e+01
-8.978346252441406250e+01
-8.979341888427734375e+01
-8.981333160400390625e+01
-8.981333160400390625e+01
-8.983324432373046875e+01
-8.984320068359375000e+01
-8.984320068359375000e+01
-8.985315704345703125e+01
-8.987306976318359375e+01
-8.988302612304687500e+01
-8.989297485351562500e+01
-8.989297485351562500e+01
-8.989297485351562500e+01
-8.992283630371093750e+01
-8.992283630371093750e+01
-8.994274139404296875e+01
-8.994274139404296875e+01
-8.996263885498046875e+01
-8.997258758544921875e+01
-8.998253631591796875e+01
-8.998253631591796875e+01
-8.998253631591796875e+01
-9.001238250732421875e+01
-9.002233123779296875e+01
-9.002233123779296875e+01
-9.005216217041015625e+01
-9.005216217041015625e+01
-9.005216217041015625e+01
-9.008199310302734375e+01
-9.008199310302734375e+01
-9.008199310302734375e+01
-9.009194183349609375e+01
-9.011182403564453125e+01
-9.011182403564453125e+01
-9.013170623779296875e+01
-9.014164733886718750e+01
-9.015158081054687500e+01
-9.016152191162109375e+01
-9.017146301269531250e+01
-9.018139648437500000e+01
-9.019133758544921875e+01
-9.021120452880859375e+01
-9.021120452880859375e+01
-9.022113800048828125e+01
-9.023107147216796875e+01
-9.024100494384765625e+01
-9.025093841552734375e+01
-9.026087188720703125e+01
-9.027080535888671875e+01
-9.028073883056640625e+01
-9.029066467285156250e+01
-9.030059814453125000e+01
-9.031052398681640625e+01
-9.032045745849609375e+01
-9.033038330078125000e+01
-9.033038330078125000e+01
-9.035023498535156250e+01
-9.036016082763671875e+01
-9.037008666992187500e+01
-9.038001251220703125e+01
-9.038993835449218750e+01
-9.039985656738281250e+01
-9.040978240966796875e+01
-9.041970062255859375e+01
-9.042961883544921875e+01
-9.043954467773437500e+01
-9.044946289062500000e+01
-9.045938110351562500e+01
-9.046929931640625000e+01
-9.047921752929687500e+01
-9.048913574218750000e+01
-9.049904632568359375e+01
-9.050896453857421875e+01
-9.051887512207031250e+01
-9.053870391845703125e+01
-9.053870391845703125e+01
-9.054861450195312500e+01
-9.054861450195312500e+01
-9.056844329833984375e+01
-9.057834625244140625e+01
-9.057834625244140625e+01
-9.059816741943359375e+01
-9.061798095703125000e+01
-9.061798095703125000e+01
-9.062789154052734375e+01
-9.062789154052734375e+01
-9.064769744873046875e+01
-9.065760040283203125e+01
-9.066750335693359375e+01
-9.067740631103515625e+01
-9.069721221923828125e+01
-9.069721221923828125e+01
-9.070710754394531250e+01
-9.070710754394531250e+01
-9.070710754394531250e+01
-9.073680114746093750e+01
-9.073680114746093750e+01
-9.075659942626953125e+01
-9.075659942626953125e+01
-9.077638244628906250e+01
-9.077638244628906250e+01
-9.078627777099609375e+01
-9.080606079101562500e+01
-9.081595611572265625e+01
-9.082584381103515625e+01
-9.083573150634765625e+01
-9.084561920166015625e+01
-9.085550689697265625e+01
-9.086539459228515625e+01
-9.086539459228515625e+01
-9.087528228759765625e+01
-9.089505004882812500e+01
-9.089505004882812500e+01
-9.091481781005859375e+01
-9.092469787597656250e+01
-9.092469787597656250e+01
-9.094445800781250000e+01
-9.095433807373046875e+01
-9.096421051025390625e+01
-9.097409057617187500e+01
-9.097409057617187500e+01
-9.099384307861328125e+01
-9.100371551513671875e+01
-9.100371551513671875e+01
-9.102346038818359375e+01
-9.102346038818359375e+01
-9.103333282470703125e+01
-9.105307006835937500e+01
-9.106294250488281250e+01
-9.107280731201171875e+01
-9.108267974853515625e+01
-9.108267974853515625e+01
-9.109254455566406250e+01
-9.111227416992187500e+01
-9.111227416992187500e+01
-9.113199615478515625e+01
-9.114186096191406250e+01
-9.115171813964843750e+01
-9.116157531738281250e+01
-9.117143249511718750e+01
-9.118128967285156250e+01
-9.119114685058593750e+01
-9.119114685058593750e+01
-9.121086120605468750e+01
-9.121086120605468750e+01
-9.122071075439453125e+01
-9.125026702880859375e+01
-9.125026702880859375e+01
-9.126996612548828125e+01
-9.126996612548828125e+01
-9.127981567382812500e+01
-9.127981567382812500e+01
-9.129950714111328125e+01
-9.130934906005859375e+01
-9.131919097900390625e+01
-9.132904052734375000e+01
-9.132904052734375000e+01
-9.134871673583984375e+01
-9.135855865478515625e+01
-9.135855865478515625e+01
-9.137823486328125000e+01
-9.138807678222656250e+01
-9.139791107177734375e+01
-9.139791107177734375e+01
-9.140774536132812500e+01
-9.142741394042968750e+01
-9.143724822998046875e+01
-9.143724822998046875e+01
-9.145690917968750000e+01
-9.145690917968750000e+01
-9.146673583984375000e+01
-9.148639678955078125e+01
-9.149622344970703125e+01
-9.150604248046875000e+01
-9.151586914062500000e+01
-9.152569580078125000e+01
-9.153551483154296875e+01
-9.154534149169921875e+01
-9.154534149169921875e+01
-9.156497955322265625e+01
-9.157479858398437500e+01
-9.158461761474609375e+01
-9.158461761474609375e+01
-9.160424804687500000e+01
-9.161406707763671875e+01
-9.162387847900390625e+01
-9.162387847900390625e+01
-9.162387847900390625e+01
-9.165331268310546875e+01
-9.165331268310546875e+01
-9.166312408447265625e+01
-9.168273925781250000e+01
-9.169255065917968750e+01
-9.170235443115234375e+01
-9.171216583251953125e+01
-9.172196960449218750e+01
-9.173177337646484375e+01
-9.173177337646484375e+01
-9.175137329101562500e+01
-9.176117706298828125e+01
-9.176117706298828125e+01
-9.178077697753906250e+01
-9.178077697753906250e+01
-9.178077697753906250e+01
-9.181016540527343750e+01
-9.181996154785156250e+01
-9.181996154785156250e+01
-9.183954620361328125e+01
-9.184934234619140625e+01
-9.185913085937500000e+01
-9.186891937255859375e+01
-9.186891937255859375e+01
-9.188850402832031250e+01
-9.189828491210937500e+01
-9.189828491210937500e+01
-9.191786193847656250e+01
-9.192764282226562500e+01
-9.193743133544921875e+01
-9.194721221923828125e+01
-9.194721221923828125e+01
-9.196677398681640625e+01
-9.197655487060546875e+01
-9.198633575439453125e+01
-9.199610900878906250e+01
-9.199610900878906250e+01
-9.199610900878906250e+01
-9.202544403076171875e+01
-9.202544403076171875e+01
-9.203521728515625000e+01
-9.204499053955078125e+01
-9.207430267333984375e+01
-9.207430267333984375e+01
-9.207430267333984375e+01
-9.207430267333984375e+01
-9.209384155273437500e+01
-9.210360717773437500e+01
-9.210360717773437500e+01
-9.212314605712890625e+01
-9.213290405273437500e+01
-9.214266967773437500e+01
-9.215243530273437500e+01
-9.217195892333984375e+01
-9.218171691894531250e+01
-9.219147491455078125e+01
-9.220123291015625000e+01
-9.221099090576171875e+01
-9.222074890136718750e+01
-9.223050689697265625e+01
-9.223050689697265625e+01
-9.224025726318359375e+01
-9.225976562500000000e+01
-9.225976562500000000e+01
-9.226951599121093750e+01
-9.228901672363281250e+01
-9.229876708984375000e+01
-9.231826782226562500e+01
-9.231826782226562500e+01
-9.231826782226562500e+01
-9.232801055908203125e+01
-9.233775329589843750e+01
-9.235724639892578125e+01
-9.236698913574218750e+01
-9.236698913574218750e+01
-9.236698913574218750e+01
-9.236698913574218750e+01
-9.236698913574218750e+01
-9.236698913574218750e+01
-9.236698913574218750e+01
-9.377228546142578125e+01
-9.378202819824218750e+01
-9.379176330566406250e+01
-9.381124114990234375e+01
-9.382098388671875000e+01
-9.382098388671875000e+01
-9.383071899414062500e+01
-9.384045410156250000e+01
-9.384045410156250000e+01
-9.386967468261718750e+01
-9.386967468261718750e+01
-9.388915252685546875e+01
-9.389888763427734375e+01
-9.390863037109375000e+01
-9.391836547851562500e+01
-9.391836547851562500e+01
-9.393784332275390625e+01
-9.394757843017578125e+01
-9.395732116699218750e+01
-9.396705627441406250e+01
-9.396705627441406250e+01
-9.396705627441406250e+01
-9.398653411865234375e+01
-9.400601196289062500e+01
-9.400601196289062500e+01
-9.402548980712890625e+01
-9.402548980712890625e+01
-9.403522491455078125e+01
-9.404496765136718750e+01
-9.405470275878906250e+01
-9.407418060302734375e+01
-9.407418060302734375e+01
-9.409365844726562500e+01
-9.410340118408203125e+01
-9.410340118408203125e+01
-9.412287902832031250e+01
-9.413261413574218750e+01
-9.413261413574218750e+01
-9.415209197998046875e+01
-9.416182708740234375e+01
-9.416182708740234375e+01
-9.418130493164062500e+01
-9.419104766845703125e+01
-9.419104766845703125e+01
-9.421052551269531250e+01
-9.421052551269531250e+01
-9.422026062011718750e+01
-9.423973846435546875e+01
-9.423973846435546875e+01
-9.425921630859375000e+01
-9.426895141601562500e+01
-9.426895141601562500e+01
-9.428842926025390625e+01
-9.429817199707031250e+01
-9.429817199707031250e+01
-9.431764984130859375e+01
-9.433712768554687500e+01
-9.433712768554687500e+01
-9.434686279296875000e+01
-9.434686279296875000e+01
-9.436634063720703125e+01
-9.437607574462890625e+01
-9.437607574462890625e+01
-9.437607574462890625e+01
-9.440529632568359375e+01
-9.440529632568359375e+01
-9.442477416992187500e+01
-9.443450927734375000e+01
-9.443450927734375000e+01
-9.444425201416015625e+01
-9.445398712158203125e+01
-9.447346496582031250e+01
-9.448320007324218750e+01
-9.449294281005859375e+01
-9.450267791748046875e+01
-9.452215576171875000e+01
-9.452215576171875000e+01
-9.453189849853515625e+01
-9.453189849853515625e+01
-9.454163360595703125e+01
-9.456111145019531250e+01
-9.456111145019531250e+01
-9.458058929443359375e+01
-9.459032440185546875e+01
-9.460006713867187500e+01
-9.460980224609375000e+01
-9.460980224609375000e+01
-9.462928009033203125e+01
-9.463902282714843750e+01
-9.463902282714843750e+01
-9.465850067138671875e+01
-9.466823577880859375e+01
-9.466823577880859375e+01
-9.468771362304687500e+01
-9.469744873046875000e+01
-9.469744873046875000e+01
-9.471692657470703125e+01
-9.473640441894531250e+01
-9.473640441894531250e+01
-9.474614715576171875e+01
-9.474614715576171875e+01
-9.476562500000000000e+01
-9.477536010742187500e+01
-9.477536010742187500e+01
-9.479483795166015625e+01
-9.480457305908203125e+01
-9.480457305908203125e+01
-9.482405090332031250e+01
-9.483379364013671875e+01
-9.484352874755859375e+01
-9.484352874755859375e+01
-9.486300659179687500e+01
-9.487274932861328125e+01
-9.488248443603515625e+01
-9.490196228027343750e+01
-9.490196228027343750e+01
-9.491169738769531250e+01
-9.491169738769531250e+01
-9.493117523193359375e+01
-9.494091796875000000e+01
-9.495065307617187500e+01
-9.495065307617187500e+01
-9.496039581298828125e+01
-9.497987365722656250e+01
-9.498960876464843750e+01
-9.498960876464843750e+01
-9.500908660888671875e+01
-9.501882171630859375e+01
-9.502856445312500000e+01
-9.503829956054687500e+01
-9.503829956054687500e+01
-9.505777740478515625e+01
-9.506752014160156250e+01
-9.506752014160156250e+01
-9.508699798583984375e+01
-9.509673309326171875e+01
-9.509673309326171875e+01
-9.510647583007812500e+01
-9.514542388916015625e+01
-9.514542388916015625e+01
-9.515516662597656250e+01
-9.515516662597656250e+01
-9.515516662597656250e+01
-9.517464447021484375e+01
-9.517464447021484375e+01
-9.518437957763671875e+01
-9.519412231445312500e+01
-9.520385742187500000e+01
-9.521360015869140625e+01
-9.522333526611328125e+01
-9.523307800292968750e+01
-9.524281311035156250e+01
-9.525254821777343750e+01
-9.526229095458984375e+01
-9.527202606201171875e+01
-9.528176879882812500e+01
-9.529150390625000000e+01
-9.530124664306640625e+01
-9.531098175048828125e+01
-9.532072448730468750e+01
-9.534020233154296875e+01
-9.534020233154296875e+01
-9.534993743896484375e+01
-9.535968017578125000e+01
-9.536941528320312500e+01
-9.536941528320312500e+01
-9.539862823486328125e+01
-9.539862823486328125e+01
-9.541810607910156250e+01
-9.541810607910156250e+01
-9.542784881591796875e+01
-9.543758392333984375e+01
-9.546680450439453125e+01
-9.546680450439453125e+01
-9.546680450439453125e+01
-9.548628234863281250e+01
-9.549601745605468750e+01
-9.549601745605468750e+01
-9.551549530029296875e+01
-9.552523040771484375e+01
-9.554470825195312500e+01
-9.554470825195312500e+01
-9.555445098876953125e+01
-9.555445098876953125e+01
-9.557392883300781250e+01
-9.558366394042968750e+01
-9.559340667724609375e+01
-9.559340667724609375e+01
-9.560314178466796875e+01
-9.561288452148437500e+01
-9.563235473632812500e+01
-9.565183258056640625e+01
-9.565183258056640625e+01
-9.566157531738281250e+01
-9.567131042480468750e+01
-9.567131042480468750e+01
-9.569078826904296875e+01
-9.570053100585937500e+01
-9.571026611328125000e+01
-9.572974395751953125e+01
-9.572974395751953125e+01
-9.573947906494140625e+01
-9.574922180175781250e+01
-9.575895690917968750e+01
-9.576869964599609375e+01
-9.577843475341796875e+01
-9.578817749023437500e+01
-9.580765533447265625e+01
-9.580765533447265625e+01
-9.581739044189453125e+01
-9.581739044189453125e+01
-9.582713317871093750e+01
-9.584661102294921875e+01
-9.585634613037109375e+01
-9.586608123779296875e+01
-9.587582397460937500e+01
-9.587582397460937500e+01
-9.589530181884765625e+01
-9.590503692626953125e+01
-9.590503692626953125e+01
-9.592451477050781250e+01
-9.592451477050781250e+01
-9.594399261474609375e+01
-9.596347045898437500e+01
-9.596347045898437500e+01
-9.597320556640625000e+01
-9.597320556640625000e+01
-9.599268341064453125e+01
-9.600242614746093750e+01
-9.600242614746093750e+01
-9.602190399169921875e+01
-9.602190399169921875e+01
-9.604138183593750000e+01
-9.605111694335937500e+01
-9.607059478759765625e+01
-9.607059478759765625e+01
-9.608032989501953125e+01
-9.608032989501953125e+01
-9.609980773925781250e+01
-9.610955047607421875e+01
-9.611928558349609375e+01
-9.611928558349609375e+01
-9.614850616455078125e+01
-9.614850616455078125e+01
-9.615824127197265625e+01
-9.615824127197265625e+01
-9.617771911621093750e+01
-9.618745422363281250e+01
-9.619719696044921875e+01
-9.620693206787109375e+01
-9.621667480468750000e+01
-9.621667480468750000e+01
-9.623615264892578125e+01
-9.624588775634765625e+01
-9.625563049316406250e+01
-9.626536560058593750e+01
-9.627510833740234375e+01
-9.628484344482421875e+01
-9.628484344482421875e+01
-9.630432128906250000e+01
-9.631405639648437500e+01
-9.631405639648437500e+01
-9.633353424072265625e+01
-9.633353424072265625e+01
-9.634327697753906250e+01
-9.636275482177734375e+01
-9.636275482177734375e+01
-9.637248992919921875e+01
-9.639196777343750000e+01
-9.639196777343750000e+01
-9.641144561767578125e+01
-9.642118072509765625e+01
-9.643092346191406250e+01
-9.643092346191406250e+01
-9.645040130615234375e+01
-9.646987152099609375e+01
-9.646987152099609375e+01
-9.648934936523437500e+01
-9.649909210205078125e+01
-9.649909210205078125e+01
-9.651856994628906250e+01
-9.651856994628906250e+01
-9.651856994628906250e+01
-9.652830505371093750e+01
-9.654778289794921875e+01
-9.655751800537109375e+01
-9.656726074218750000e+01
-9.657699584960937500e+01
-9.657699584960937500e+01
-9.659647369384765625e+01
-9.660621643066406250e+01
-9.661595153808593750e+01
-9.662569427490234375e+01
-9.663542938232421875e+01
-9.664516448974609375e+01
-9.665490722656250000e+01
-9.666464233398437500e+01
-9.666464233398437500e+01
-9.667438507080078125e+01
-9.668412017822265625e+01
-9.670359802246093750e+01
-9.671334075927734375e+01
-9.671334075927734375e+01
-9.673281097412109375e+01
-9.675228881835937500e+01
-9.675228881835937500e+01
-9.676203155517578125e+01
-9.676203155517578125e+01
-9.678150939941406250e+01
-9.679124450683593750e+01
-9.679124450683593750e+01
-9.681072235107421875e+01
-9.682045745849609375e+01
-9.682045745849609375e+01
-9.683993530273437500e+01
-9.685941314697265625e+01
-9.685941314697265625e+01
-9.686915588378906250e+01
-9.687889099121093750e+01
-9.688862609863281250e+01
-9.688862609863281250e+01
-9.688862609863281250e+01
-9.691784667968750000e+01
-9.691784667968750000e+01
-9.693732452392578125e+01
-9.694705963134765625e+01
-9.695680236816406250e+01
-9.696653747558593750e+01
-9.697627258300781250e+01
-9.698601531982421875e+01
-9.699575042724609375e+01
-9.699575042724609375e+01
-9.701522827148437500e+01
-9.701522827148437500e+01
-9.704444122314453125e+01
-9.704444122314453125e+01
-9.705418395996093750e+01
-9.707366180419921875e+01
-9.707366180419921875e+01
-9.707366180419921875e+01
-9.708339691162109375e+01
-9.710287475585937500e+01
-9.712235260009765625e+01
-9.712235260009765625e+01
-9.713208770751953125e+01
-9.713208770751953125e+01
-9.715156555175781250e+01
-9.716130828857421875e+01
-9.717104339599609375e+01
-9.717104339599609375e+01
-9.719052124023437500e+01
-9.720026397705078125e+01
-9.720999908447265625e+01
-9.720999908447265625e+01
-9.722947692871093750e+01
-9.723921203613281250e+01
-9.723921203613281250e+01
-9.725868988037109375e+01
-9.726843261718750000e+01
-9.726843261718750000e+01
-9.728791046142578125e+01
-9.728791046142578125e+01
-9.729764556884765625e+01
-9.731712341308593750e+01
-9.731712341308593750e+01
-9.733660125732421875e+01
-9.734633636474609375e+01
-9.735607910156250000e+01
-9.736581420898437500e+01
-9.738529205322265625e+01
-9.738529205322265625e+01
-9.739502716064453125e+01
-9.739502716064453125e+01
-9.741450500488281250e+01
-9.742424774169921875e+01
-9.743398284912109375e+01
-9.743398284912109375e+01
-9.745346069335937500e+01
-9.746320343017578125e+01
-9.747293853759765625e+01
-9.747293853759765625e+01
-9.749241638183593750e+01
-9.750215148925781250e+01
-9.751189422607421875e+01
-9.752162933349609375e+01
-9.752162933349609375e+01
-9.753137207031250000e+01
-9.755084991455078125e+01
-9.755084991455078125e+01
-9.757032775878906250e+01
-9.758006286621093750e+01
-9.758006286621093750e+01
-9.759954071044921875e+01
-9.760928344726562500e+01
-9.761901855468750000e+01
-9.762876129150390625e+01
-9.763849639892578125e+01
-9.764823150634765625e+01
-9.765797424316406250e+01
-9.765797424316406250e+01
-9.767745208740234375e+01
-9.768718719482421875e+01
-9.768718719482421875e+01
-9.768718719482421875e+01
-9.772614288330078125e+01
-9.772614288330078125e+01
-9.772614288330078125e+01
-9.774562072753906250e+01
-9.775536346435546875e+01
-9.776509857177734375e+01
-9.776509857177734375e+01
-9.778457641601562500e+01
-9.779431915283203125e+01
-9.779431915283203125e+01
-9.781379699707031250e+01
-9.782353210449218750e+01
-9.783327484130859375e+01
-9.784300994873046875e+01
-9.786248779296875000e+01
-9.786248779296875000e+01
-9.787222290039062500e+01
-9.787222290039062500e+01
-9.789170074462890625e+01
-9.789170074462890625e+01
-9.790144348144531250e+01
-9.792092132568359375e+01
-9.793065643310546875e+01
-9.794039916992187500e+01
-9.795013427734375000e+01
-9.795987701416015625e+01
-9.796961212158203125e+01
-9.797935485839843750e+01
-9.798908996582031250e+01
-9.799883270263671875e+01
-9.800856781005859375e+01
-9.801831054687500000e+01
-9.802804565429687500e+01
-9.804753112792968750e+01
-9.804753112792968750e+01
-9.805726623535156250e+01
-9.805726623535156250e+01
-9.807674407958984375e+01
-9.808648681640625000e+01
-9.808648681640625000e+01
-9.810596466064453125e+01
-9.810596466064453125e+01
-9.811569976806640625e+01
-9.813517761230468750e+01
-9.813517761230468750e+01
-9.815465545654296875e+01
-9.816439819335937500e+01
-9.817413330078125000e+01
-9.818387603759765625e+01
-9.820335388183593750e+01
-9.820335388183593750e+01
-9.821308898925781250e+01
-9.821308898925781250e+01
-9.823256683349609375e+01
-9.824230957031250000e+01
-9.824230957031250000e+01
-9.826178741455078125e+01
-9.828126525878906250e+01
-9.828126525878906250e+01
-9.829100036621093750e+01
-9.830074310302734375e+01
-9.831047821044921875e+01
-9.832022094726562500e+01
-9.832996368408203125e+01
-9.833969879150390625e+01
-9.833969879150390625e+01
-9.836891937255859375e+01
-9.836891937255859375e+01
-9.837865447998046875e+01
-9.837865447998046875e+01
-9.839813232421875000e+01
-9.839813232421875000e+01
-9.840787506103515625e+01
-9.841761016845703125e+01
-9.844683074951171875e+01
-9.844683074951171875e+01
-9.845656585693359375e+01
-9.845656585693359375e+01
-9.847604370117187500e+01
-9.848578643798828125e+01
-9.849552154541015625e+01
-9.850526428222656250e+01
-9.851499938964843750e+01
-9.852474212646484375e+01
-9.853447723388671875e+01
-9.854421997070312500e+01
-9.855395507812500000e+01
-9.856369781494140625e+01
-9.856369781494140625e+01
-9.858317565917968750e+01
-9.859291076660156250e+01
-9.859291076660156250e+01
-9.861238861083984375e+01
-9.862213134765625000e+01
-9.862213134765625000e+01
-9.864160919189453125e+01
-9.865134429931640625e+01
-9.866108703613281250e+01
-9.867082214355468750e+01
-9.869029998779296875e+01
-9.869029998779296875e+01
-9.869029998779296875e+01
-9.871952056884765625e+01
-9.871952056884765625e+01
-9.871952056884765625e+01
-9.872925567626953125e+01
-9.872925567626953125e+01
-9.874873352050781250e+01
-9.875847625732421875e+01
-9.877795410156250000e+01
-9.877795410156250000e+01
-9.879743194580078125e+01
-9.880716705322265625e+01
-9.880716705322265625e+01
-9.882664489746093750e+01
-9.883638000488281250e+01
-9.884612274169921875e+01
-9.885585784912109375e+01
-9.886560058593750000e+01
-9.886560058593750000e+01
-9.888507843017578125e+01
-9.888507843017578125e+01
-9.889481353759765625e+01
-9.891429138183593750e+01
-9.891429138183593750e+01
-9.891429138183593750e+01
-9.893376922607421875e+01
-9.895324707031250000e+01
-9.895324707031250000e+01
-9.897272491455078125e+01
-9.898246002197265625e+01
-9.899219512939453125e+01
-9.901167297363281250e+01
-9.901167297363281250e+01
-9.902141571044921875e+01
-9.902141571044921875e+01
-9.904088592529296875e+01
-9.905062866210937500e+01
-9.906036376953125000e+01
-9.907010650634765625e+01
-9.907010650634765625e+01
-9.907984161376953125e+01
-9.908957672119140625e+01
-9.911879730224609375e+01
-9.912853240966796875e+01
-9.912853240966796875e+01
-9.912853240966796875e+01
-9.914801025390625000e+01
-9.915774536132812500e+01
-9.915774536132812500e+01
-9.917722320556640625e+01
-9.919670104980468750e+01
-9.920643615722656250e+01
-9.921617126464843750e+01
-9.921617126464843750e+01
-9.921617126464843750e+01
-9.922591400146484375e+01
-9.923564910888671875e+01
-9.924538421630859375e+01
-9.926486206054687500e+01
-9.926486206054687500e+01
-9.927459716796875000e+01
-9.929407501220703125e+01
-9.929407501220703125e+01
-9.930381011962890625e+01
-9.931355285644531250e+01
-9.933302307128906250e+01
-9.933302307128906250e+01
-9.935250091552734375e+01
-9.936223602294921875e+01
-9.938171386718750000e+01
-9.938171386718750000e+01
-9.938171386718750000e+01
-9.941091918945312500e+01
-9.941091918945312500e+01
-9.942066192626953125e+01
-9.944013214111328125e+01
-9.944013214111328125e+01
-9.944986724853515625e+01
-9.945960998535156250e+01
-9.947908020019531250e+01
-9.947908020019531250e+01
-9.947908020019531250e+01
-9.949855804443359375e+01
-9.950829315185546875e+01
-9.951802825927734375e+01
-9.952776336669921875e+01
-9.954724121093750000e+01
-9.954724121093750000e+01
-9.954724121093750000e+01
-9.956671142578125000e+01
-9.956671142578125000e+01
-9.958618927001953125e+01
-9.959592437744140625e+01
-9.959592437744140625e+01
-9.962513732910156250e+01
-9.963487243652343750e+01
-9.963487243652343750e+01
-9.964460754394531250e+01
-9.965434265136718750e+01
-9.966407775878906250e+01
-9.966407775878906250e+01
-9.969329071044921875e+01
-9.969329071044921875e+01
-9.972250366210937500e+01
-9.972250366210937500e+01
-9.973223876953125000e+01
-9.975170898437500000e+01
-9.976145172119140625e+01
-9.976145172119140625e+01
-9.978092193603515625e+01
-9.978092193603515625e+01
-9.980039978027343750e+01
-9.981013488769531250e+01
-9.981986999511718750e+01
-9.982960510253906250e+01
-9.983934020996093750e+01
-9.983934020996093750e+01
-9.985881805419921875e+01
-9.986855316162109375e+01
-9.987828826904296875e+01
-9.988803100585937500e+01
-9.989776611328125000e+01
-9.990750122070312500e+01
-9.991723632812500000e+01
-9.993671417236328125e+01
-9.993671417236328125e+01
-9.994644927978515625e+01
-9.994644927978515625e+01
-9.996592712402343750e+01
-9.997566223144531250e+01
-9.997566223144531250e+01
-9.999514007568359375e+01
-1.000048751831054688e+02
-1.000146102905273438e+02
-1.000243453979492188e+02
-1.000438232421875000e+02
-1.000438232421875000e+02
-1.000535583496093750e+02
-1.000535583496093750e+02
-1.000730361938476562e+02
-1.000827713012695312e+02
-1.000827713012695312e+02
-1.001022491455078125e+02
-1.001217269897460938e+02
-1.001217269897460938e+02
-1.001314620971679688e+02
-1.001411972045898438e+02
-1.001509399414062500e+02
-1.001606750488281250e+02
-1.001606750488281250e+02
-1.001801528930664062e+02
-1.001898880004882812e+02
-1.001996307373046875e+02
-1.002093658447265625e+02
-1.002288436889648438e+02
-1.002288436889648438e+02
-1.002385787963867188e+02
-1.002385787963867188e+02
-1.002580566406250000e+02
-1.002677993774414062e+02
-1.002775344848632812e+02
-1.002872772216796875e+02
-1.003067550659179688e+02
-1.003067550659179688e+02
-1.003067550659179688e+02
-1.003164901733398438e+02
-1.003359680175781250e+02
-1.003457107543945312e+02
-1.003554458618164062e+02
-1.003651885986328125e+02
-1.003749237060546875e+02
-1.003749237060546875e+02
-1.003846664428710938e+02
-1.003944091796875000e+02
-1.003944091796875000e+02
-1.004041442871093750e+02
-1.004431076049804688e+02
-1.004431076049804688e+02
-1.004431076049804688e+02
-1.004528427124023438e+02
-1.004723281860351562e+02
-1.004820632934570312e+02
-1.004918060302734375e+02
-1.005015487670898438e+02
-1.005210266113281250e+02
-1.005210266113281250e+02
-1.005307693481445312e+02
-1.005307693481445312e+02
-1.005502471923828125e+02
-1.005599899291992188e+02
-1.005697326660156250e+02
-1.005794754028320312e+02
-1.005989532470703125e+02
-1.005989532470703125e+02
-1.006086959838867188e+02
-1.006086959838867188e+02
-1.006281814575195312e+02
-1.006379241943359375e+02
-1.006476669311523438e+02
-1.006574096679687500e+02
-1.006671524047851562e+02
-1.006768951416015625e+02
-1.006866302490234375e+02
-1.006963729858398438e+02
-1.007061157226562500e+02
-1.007158584594726562e+02
-1.007158584594726562e+02
-1.007353439331054688e+02
-1.007450866699218750e+02
-1.007548370361328125e+02
-1.007645797729492188e+02
-1.007840652465820312e+02
-1.007840652465820312e+02
-1.007938079833984375e+02
-1.007938079833984375e+02
-1.008132934570312500e+02
-1.008327789306640625e+02
-1.008327789306640625e+02
-1.008327789306640625e+02
-1.008620147705078125e+02
-1.008620147705078125e+02
-1.008717575073242188e+02
-1.008717575073242188e+02
-1.008912506103515625e+02
-1.009107360839843750e+02
-1.009107360839843750e+02
-1.009204864501953125e+02
-1.009399719238281250e+02
-1.009399719238281250e+02
-1.009497146606445312e+02
-1.009594650268554688e+02
-1.009692077636718750e+02
-1.009789505004882812e+02
-1.009887008666992188e+02
-1.009984436035156250e+02
-1.010179367065429688e+02
-1.010179367065429688e+02
-1.010276794433593750e+02
-1.010276794433593750e+02
-1.010471725463867188e+02
-1.010569152832031250e+02
-1.010569152832031250e+02
-1.010764083862304688e+02
-1.010861511230468750e+02
-1.010861511230468750e+02
-1.011056442260742188e+02
-1.011251373291015625e+02
-1.011251373291015625e+02
-1.011348800659179688e+02
-1.011348800659179688e+02
-1.011446228027343750e+02
-1.011641159057617188e+02
-1.011738586425781250e+02
-1.011738586425781250e+02
-1.011836090087890625e+02
-1.012030944824218750e+02
-1.012225875854492188e+02
-1.012225875854492188e+02
-1.012323303222656250e+02
-1.012420730590820312e+02
-1.012615661621093750e+02
-1.012615661621093750e+02
-1.012615661621093750e+02
-1.012713088989257812e+02
-1.012908020019531250e+02
-1.013005447387695312e+02
-1.013005447387695312e+02
-1.013200302124023438e+02
-1.013200302124023438e+02
-1.013297805786132812e+02
-1.013492660522460938e+02
-1.013492660522460938e+02
-1.013687515258789062e+02
-1.013784942626953125e+02
-1.013882446289062500e+02
-1.013882446289062500e+02
-1.014077301025390625e+02
-1.014077301025390625e+02
-1.014174728393554688e+02
-1.014369583129882812e+02
-1.014369583129882812e+02
-1.014564437866210938e+02
-1.014661865234375000e+02
-1.014759292602539062e+02
-1.014759292602539062e+02
-1.014954147338867188e+02
-1.015148925781250000e+02
-1.015148925781250000e+02
-1.015148925781250000e+02
-1.015343780517578125e+02
-1.015441207885742188e+02
-1.015635986328125000e+02
-1.015635986328125000e+02
-1.015830841064453125e+02
-1.015830841064453125e+02
-1.015830841064453125e+02
-1.015928192138671875e+02
-1.016025619506835938e+02
-1.016123046875000000e+02
-1.016317825317382812e+02
-1.016317825317382812e+02
-1.016415176391601562e+02
-1.016609954833984375e+02
-1.016609954833984375e+02
-1.016804733276367188e+02
-1.016804733276367188e+02
-1.016999511718750000e+02
-1.017096862792968750e+02
-1.017096862792968750e+02
-1.017291641235351562e+02
-1.017388992309570312e+02
-1.017486343383789062e+02
-1.017583694458007812e+02
-1.017681045532226562e+02
-1.017778396606445312e+02
-1.017778396606445312e+02
-1.017875747680664062e+02
-1.018070449829101562e+02
-1.018167800903320312e+02
-1.018167800903320312e+02
-1.018362503051757812e+02
-1.018459854125976562e+02
-1.018557205200195312e+02
-1.018654479980468750e+02
-1.018849182128906250e+02
-1.018849182128906250e+02
-1.018946456909179688e+02
-1.019043807983398438e+02
-1.019141082763671875e+02
-1.019238433837890625e+02
-1.019238433837890625e+02
-1.019433059692382812e+02
-1.019530334472656250e+02
-1.019627609252929688e+02
-1.019724884033203125e+02
-1.019822235107421875e+02
-1.019919509887695312e+02
-1.020016784667968750e+02
-1.020016784667968750e+02
-1.020211334228515625e+02
-1.020211334228515625e+02
-1.020405883789062500e+02
-1.020503082275390625e+02
-1.020600357055664062e+02
-1.020697631835937500e+02
-1.020794906616210938e+02
-1.020989379882812500e+02
-1.020989379882812500e+02
-1.020989379882812500e+02
-1.021281051635742188e+02
-1.021281051635742188e+02
-1.021281051635742188e+02
-1.021378326416015625e+02
-1.021572723388671875e+02
-1.021767196655273438e+02
-1.021767196655273438e+02
-1.021864395141601562e+02
-1.021864395141601562e+02
-1.022058792114257812e+02
-1.022155990600585938e+02
-1.022253112792968750e+02
-1.022350311279296875e+02
-1.022544708251953125e+02
-1.022544708251953125e+02
-1.022544708251953125e+02
-1.022641830444335938e+02
-1.022836151123046875e+02
-1.022933349609375000e+02
-1.022933349609375000e+02
-1.023127670288085938e+02
-1.023224792480468750e+02
-1.023419113159179688e+02
-1.023419113159179688e+02
-1.023516235351562500e+02
-1.023710556030273438e+02
-1.023710556030273438e+02
-1.023710556030273438e+02
-1.023807678222656250e+02
-1.024001922607421875e+02
-1.024196243286132812e+02
-1.024196243286132812e+02
-1.024293365478515625e+02
-1.024293365478515625e+02
-1.024487609863281250e+02
-1.024584732055664062e+02
-1.024681854248046875e+02
-1.024779052734375000e+02
-1.024876174926757812e+02
-1.024973297119140625e+02
-1.025070419311523438e+02
-1.025264663696289062e+02
-1.025264663696289062e+02
-1.025361785888671875e+02
-1.025361785888671875e+02
-1.025556030273437500e+02
-1.025653228759765625e+02
-1.025750350952148438e+02
-1.025847473144531250e+02
-1.025944595336914062e+02
-1.026041717529296875e+02
-1.026138916015625000e+02
-1.026138916015625000e+02
-1.026333160400390625e+02
-1.026430358886718750e+02
-1.026527481079101562e+02
-1.026624603271484375e+02
-1.026721801757812500e+02
-1.026818923950195312e+02
-1.026916122436523438e+02
-1.026916122436523438e+02
-1.027110443115234375e+02
-1.027207565307617188e+02
-1.027207565307617188e+02
-1.027401962280273438e+02
-1.027499084472656250e+02
-1.027596282958984375e+02
-1.027693481445312500e+02
-1.027693481445312500e+02
-1.027887878417968750e+02
-1.027985076904296875e+02
-1.027985076904296875e+02
-1.028179473876953125e+02
-1.028276748657226562e+02
-1.028373947143554688e+02
-1.028471145629882812e+02
-1.028471145629882812e+02
-1.028568420410156250e+02
-1.028762893676757812e+02
-1.028762893676757812e+02
-1.028957366943359375e+02
-1.028957366943359375e+02
-1.029054641723632812e+02
-1.029249191284179688e+02
-1.029249191284179688e+02
-1.029443740844726562e+02
-1.029541015625000000e+02
-1.029638366699218750e+02
-1.029638366699218750e+02
-1.029832992553710938e+02
-1.029832992553710938e+02
-1.030027618408203125e+02
-1.030124969482421875e+02
-1.030124969482421875e+02
-1.030319671630859375e+02
-1.030319671630859375e+02
-1.030319671630859375e+02
-1.030514373779296875e+02
-1.030611801147460938e+02
-1.030709152221679688e+02
-1.030806579589843750e+02
-1.030904006958007812e+02
-1.031098785400390625e+02
-1.031098785400390625e+02
-1.031196212768554688e+02
-1.031391143798828125e+02
-1.031391143798828125e+02
-1.031586074829101562e+02
-1.031586074829101562e+02
-1.031781082153320312e+02
-1.031781082153320312e+02
-1.031878585815429688e+02
-1.031976089477539062e+02
-1.032171096801757812e+02
-1.032171096801757812e+02
-1.032366256713867188e+02
-1.032463836669921875e+02
-1.032561416625976562e+02
-1.032561416625976562e+02
-1.032658996582031250e+02
-1.032756576538085938e+02
-1.032951812744140625e+02
-1.032951812744140625e+02
-1.033049468994140625e+02
-1.033147125244140625e+02
-1.033342437744140625e+02
-1.033440170288085938e+02
-1.033537826538085938e+02
-1.033635559082031250e+02
-1.033733291625976562e+02
-1.033831024169921875e+02
-1.033928833007812500e+02
-1.033928833007812500e+02
-1.034124374389648438e+02
-1.034124374389648438e+02
-1.034319992065429688e+02
-1.034319992065429688e+02
-1.034515609741210938e+02
-1.034613494873046875e+02
-1.034613494873046875e+02
-1.034809265136718750e+02
-1.034809265136718750e+02
-1.035005035400390625e+02
-1.035102996826171875e+02
-1.035200958251953125e+02
-1.035298919677734375e+02
-1.035298919677734375e+02
-1.035494842529296875e+02
-1.035592880249023438e+02
-1.035592880249023438e+02
-1.035788955688476562e+02
-1.035985107421875000e+02
-1.035985107421875000e+02
-1.036083145141601562e+02
-1.036083145141601562e+02
-1.036279373168945312e+02
-1.036377563476562500e+02
-1.036377563476562500e+02
-1.036573867797851562e+02
-1.036672058105468750e+02
-1.036770248413085938e+02
-1.036868515014648438e+02
-1.037064971923828125e+02
-1.037064971923828125e+02
-1.037163238525390625e+02
-1.037261581420898438e+02
-1.037359848022460938e+02
-1.037458190917968750e+02
-1.037556533813476562e+02
-1.037654876708984375e+02
-1.037851562500000000e+02
-1.037851562500000000e+02
-1.037949981689453125e+02
-1.037949981689453125e+02
-1.038146820068359375e+02
-1.038245239257812500e+02
-1.038245239257812500e+02
-1.038442153930664062e+02
-1.038540649414062500e+02
-1.038639144897460938e+02
-1.038737640380859375e+02
-1.038737640380859375e+02
-1.038836212158203125e+02
-1.039033279418945312e+02
-1.039033279418945312e+02
-1.039230422973632812e+02
-1.039230422973632812e+02
-1.039329071044921875e+02
-1.039526290893554688e+02
-1.039624938964843750e+02
-1.039723587036132812e+02
-1.039822235107421875e+02
-1.039822235107421875e+02
-1.039920883178710938e+02
-1.040118331909179688e+02
-1.040315780639648438e+02
-1.040315780639648438e+02
-1.040414505004882812e+02
-1.040414505004882812e+02
-1.040612030029296875e+02
-1.040710830688476562e+02
-1.040809631347656250e+02
-1.040809631347656250e+02
-1.041106109619140625e+02
-1.041106109619140625e+02
-1.041204910278320312e+02
-1.041204910278320312e+02
-1.041402664184570312e+02
-1.041501541137695312e+02
-1.041501541137695312e+02
-1.041699295043945312e+02
-1.041798248291015625e+02
-1.041897201538085938e+02
-1.041996154785156250e+02
-1.042194061279296875e+02
-1.042194061279296875e+02
-1.042293014526367188e+02
-1.042293014526367188e+02
-1.042490997314453125e+02
-1.042590026855468750e+02
-1.042689056396484375e+02
-1.042788085937500000e+02
-1.042887115478515625e+02
-1.042986145019531250e+02
-1.042986145019531250e+02
-1.043085174560546875e+02
-1.043283386230468750e+02
-1.043382492065429688e+02
-1.043481521606445312e+02
-1.043580703735351562e+02
-1.043580703735351562e+02
-1.043679809570312500e+02
-1.043878097534179688e+02
-1.043878097534179688e+02
-1.044076385498046875e+02
-1.044175567626953125e+02
-1.044274749755859375e+02
-1.044373931884765625e+02
-1.044572372436523438e+02
-1.044572372436523438e+02
-1.044572372436523438e+02
-1.044671554565429688e+02
-1.044870071411132812e+02
-1.044969329833984375e+02
-1.045068511962890625e+02
-1.045167846679687500e+02
-1.045267105102539062e+02
-1.045366363525390625e+02
-1.045465698242187500e+02
-1.045664291381835938e+02
-1.045664291381835938e+02
-1.045763626098632812e+02
-1.045763626098632812e+02
-1.045962219238281250e+02
-1.046061553955078125e+02
-1.046160964965820312e+02
-1.046260299682617188e+02
-1.046359634399414062e+02
-1.046359634399414062e+02
-1.046558380126953125e+02
-1.046558380126953125e+02
-1.046757202148437500e+02
-1.046856613159179688e+02
-1.046956024169921875e+02
-1.047055435180664062e+02
-1.047254257202148438e+02
-1.047254257202148438e+02
-1.047353744506835938e+02
-1.047453155517578125e+02
-1.047552566528320312e+02
-1.047652053833007812e+02
-1.047652053833007812e+02
-1.047851028442382812e+02
-1.047950439453125000e+02
-1.048049926757812500e+02
-1.048149414062500000e+02
-1.048149414062500000e+02
-1.048348464965820312e+02
-1.048447952270507812e+02
-1.048447952270507812e+02
-1.048647003173828125e+02
-1.048647003173828125e+02
-1.048746490478515625e+02
-1.048945541381835938e+02
-1.048945541381835938e+02
-1.049144668579101562e+02
-1.049244232177734375e+02
-1.049244232177734375e+02
-1.049244232177734375e+02
-1.049443359375000000e+02
-1.049443359375000000e+02
-1.049841613769531250e+02
-1.049841613769531250e+02
-1.049941177368164062e+02
-1.050040817260742188e+02
-1.050140380859375000e+02
-1.050240020751953125e+02
-1.050339584350585938e+02
-1.050339584350585938e+02
-1.050538787841796875e+02
-1.050638427734375000e+02
-1.050638427734375000e+02
-1.050837707519531250e+02
-1.050937347412109375e+02
-1.051136550903320312e+02
-1.051136550903320312e+02
-1.051236190795898438e+02
-1.051236190795898438e+02
-1.051535186767578125e+02
-1.051535186767578125e+02
-1.051535186767578125e+02
-1.051535186767578125e+02
-1.051535186767578125e+02
-1.051535186767578125e+02
-1.061667938232421875e+02
-1.061667938232421875e+02
-1.061764907836914062e+02
-1.061958770751953125e+02
-1.062055664062500000e+02
-1.062249526977539062e+02
-1.062249526977539062e+02
-1.062443389892578125e+02
-1.062540359497070312e+02
-1.062540359497070312e+02
-1.062637252807617188e+02
-1.062831115722656250e+02
-1.062831115722656250e+02
-1.062928009033203125e+02
-1.063121795654296875e+02
-1.063121795654296875e+02
-1.063218765258789062e+02
-1.063412551879882812e+02
-1.063412551879882812e+02
-1.063606338500976562e+02
-1.063606338500976562e+02
-1.063703231811523438e+02
-1.063896942138671875e+02
-1.063896942138671875e+02
-1.063993835449218750e+02
-1.064187545776367188e+02
-1.064187545776367188e+02
-1.064381256103515625e+02
-1.064381256103515625e+02
-1.064478073120117188e+02
-1.064671707153320312e+02
-1.064671707153320312e+02
-1.064768524169921875e+02
-1.064962158203125000e+02
-1.064962158203125000e+02
-1.065058975219726562e+02
-1.065252532958984375e+02
-1.065252532958984375e+02
-1.065446014404296875e+02
-1.065446014404296875e+02
-1.065542755126953125e+02
-1.065736236572265625e+02
-1.065736236572265625e+02
-1.065832977294921875e+02
-1.066026382446289062e+02
-1.066026382446289062e+02
-1.066123123168945312e+02
-1.066316452026367188e+02
-1.066316452026367188e+02
-1.066509780883789062e+02
-1.066606369018554688e+02
-1.066606369018554688e+02
-1.066606369018554688e+02
-1.066799621582031250e+02
-1.066896209716796875e+02
-1.067089385986328125e+02
-1.067089385986328125e+02
-1.067282485961914062e+02
-1.067282485961914062e+02
-1.067379074096679688e+02
-1.067572097778320312e+02
-1.067572097778320312e+02
-1.067668533325195312e+02
-1.067861480712890625e+02
-1.067861480712890625e+02
-1.067861480712890625e+02
-1.068150863647460938e+02
-1.068150863647460938e+02
-1.068247222900390625e+02
-1.068343658447265625e+02
-1.068440017700195312e+02
-1.068632736206054688e+02
-1.068632736206054688e+02
-1.068729019165039062e+02
-1.068921661376953125e+02
-1.068921661376953125e+02
-1.069114151000976562e+02
-1.069114151000976562e+02
-1.069210433959960938e+02
-1.069402847290039062e+02
-1.069402847290039062e+02
-1.069499053955078125e+02
-1.069691314697265625e+02
-1.069691314697265625e+02
-1.069787445068359375e+02
-1.069979705810546875e+02
-1.069979705810546875e+02
-1.070171813964843750e+02
-1.070171813964843750e+02
-1.070171813964843750e+02
-1.070459823608398438e+02
-1.070459823608398438e+02
-1.070555801391601562e+02
-1.070747680664062500e+02
-1.070747680664062500e+02
-1.070939483642578125e+02
-1.070939483642578125e+02
-1.071035308837890625e+02
-1.071227035522460938e+02
-1.071227035522460938e+02
-1.071322784423828125e+02
-1.071514358520507812e+02
-1.071514358520507812e+02
-1.071705780029296875e+02
-1.071705780029296875e+02
-1.071801452636718750e+02
-1.071992721557617188e+02
-1.071992721557617188e+02
-1.072088317871093750e+02
-1.072183914184570312e+02
-1.072470474243164062e+02
-1.072470474243164062e+02
-1.072470474243164062e+02
-1.072565994262695312e+02
-1.072661437988281250e+02
-1.072756881713867188e+02
-1.072852249145507812e+02
-1.073042984008789062e+02
-1.073042984008789062e+02
-1.073138275146484375e+02
-1.073328857421875000e+02
-1.073328857421875000e+02
-1.073424072265625000e+02
-1.073614425659179688e+02
-1.073614425659179688e+02
-1.073804702758789062e+02
-1.073804702758789062e+02
-1.073899765014648438e+02
-1.074089889526367188e+02
-1.074089889526367188e+02
-1.074184875488281250e+02
-1.074374694824218750e+02
-1.074374694824218750e+02
-1.074469604492187500e+02
-1.074659271240234375e+02
-1.074659271240234375e+02
-1.074848861694335938e+02
-1.074848861694335938e+02
-1.074848861694335938e+02
-1.075132904052734375e+02
-1.075132904052734375e+02
-1.075227508544921875e+02
-1.075416641235351562e+02
-1.075416641235351562e+02
-1.075511169433593750e+02
-1.075700073242187500e+02
-1.075700073242187500e+02
-1.075794525146484375e+02
-1.075888824462890625e+02
-1.075983200073242188e+02
-1.076171722412109375e+02
-1.076171722412109375e+02
-1.076265945434570312e+02
-1.076454238891601562e+02
-1.076454238891601562e+02
-1.076548385620117188e+02
-1.076736450195312500e+02
-1.076736450195312500e+02
-1.076924362182617188e+02
-1.077018280029296875e+02
-1.077112121582031250e+02
-1.077205886840820312e+02
-1.077205886840820312e+02
-1.077299728393554688e+02
-1.077487106323242188e+02
-1.077487106323242188e+02
-1.077580718994140625e+02
-1.077674331665039062e+02
-1.077767944335937500e+02
-1.077954864501953125e+02
-1.077954864501953125e+02
-1.078048324584960938e+02
-1.078235015869140625e+02
-1.078235015869140625e+02
-1.078328323364257812e+02
-1.078421554565429688e+02
-1.078514785766601562e+02
-1.078701019287109375e+02
-1.078794097900390625e+02
-1.078887100219726562e+02
-1.078887100219726562e+02
-1.078980102539062500e+02
-1.078980102539062500e+02
-1.079258728027343750e+02
-1.079258728027343750e+02
-1.079351501464843750e+02
-1.079444198608398438e+02
-1.079536895751953125e+02
-1.079722061157226562e+02
-1.079722061157226562e+02
-1.079722061157226562e+02
-1.079999465942382812e+02
-1.079999465942382812e+02
-1.080091857910156250e+02
-1.080276489257812500e+02
-1.080276489257812500e+02
-1.080460815429687500e+02
-1.080552978515625000e+02
-1.080552978515625000e+02
-1.080736999511718750e+02
-1.080736999511718750e+02
-1.080829010009765625e+02
-1.080920867919921875e+02
-1.081012725830078125e+02
-1.081104507446289062e+02
-1.081287918090820312e+02
-1.081379547119140625e+02
-1.081379547119140625e+02
-1.081562652587890625e+02
-1.081562652587890625e+02
-1.081654052734375000e+02
-1.081745529174804688e+02
-1.081836853027343750e+02
-1.082019348144531250e+02
-1.082019348144531250e+02
-1.082110595703125000e+02
-1.082201690673828125e+02
-1.082201690673828125e+02
-1.082474822998046875e+02
-1.082474822998046875e+02
-1.082565765380859375e+02
-1.082747573852539062e+02
-1.082747573852539062e+02
-1.082929153442382812e+02
-1.082929153442382812e+02
-1.083019866943359375e+02
-1.083201217651367188e+02
-1.083201217651367188e+02
-1.083291854858398438e+02
-1.083473052978515625e+02
-1.083473052978515625e+02
-1.083563537597656250e+02
-1.083744506835937500e+02
-1.083744506835937500e+02
-1.083834915161132812e+02
-1.083925323486328125e+02
-1.084015655517578125e+02
-1.084196319580078125e+02
-1.084196319580078125e+02
-1.084286651611328125e+02
-1.084467163085937500e+02
-1.084467163085937500e+02
-1.084557342529296875e+02
-1.084647598266601562e+02
-1.084737777709960938e+02
-1.084918060302734375e+02
-1.084918060302734375e+02
-1.084918060302734375e+02
-1.085188369750976562e+02
-1.085188369750976562e+02
-1.085278472900390625e+02
-1.085368576049804688e+02
-1.085458602905273438e+02
-1.085638732910156250e+02
-1.085638732910156250e+02
-1.085728759765625000e+02
-1.085908813476562500e+02
-1.085908813476562500e+02
-1.085908813476562500e+02
-1.086178894042968750e+02
-1.086178894042968750e+02
-1.086268920898437500e+02
-1.086448974609375000e+02
-1.086448974609375000e+02
-1.086628952026367188e+02
-1.086628952026367188e+02
-1.086718978881835938e+02
-1.086899108886718750e+02
-1.086899108886718750e+02
-1.086989135742187500e+02
-1.086989135742187500e+02
-1.087169265747070312e+02
-1.087259292602539062e+02
-1.087349395751953125e+02
-1.087349395751953125e+02
-1.087619781494140625e+02
-1.087619781494140625e+02
-1.087709884643554688e+02
-1.087890243530273438e+02
-1.087890243530273438e+02
-1.088070678710937500e+02
-1.088070678710937500e+02
-1.088160934448242188e+02
-1.088341522216796875e+02
-1.088341522216796875e+02
-1.088431777954101562e+02
-1.088612518310546875e+02
-1.088612518310546875e+02
-1.088702926635742188e+02
-1.088883819580078125e+02
-1.088883819580078125e+02
-1.089064788818359375e+02
-1.089064788818359375e+02
-1.089155349731445312e+02
-1.089336547851562500e+02
-1.089336547851562500e+02
-1.089517898559570312e+02
-1.089517898559570312e+02
-1.089608688354492188e+02
-1.089790267944335938e+02
-1.089790267944335938e+02
-1.089881134033203125e+02
-1.090063018798828125e+02
-1.090063018798828125e+02
-1.090245056152343750e+02
-1.090245056152343750e+02
-1.090336151123046875e+02
-1.090518493652343750e+02
-1.090518493652343750e+02
-1.090609664916992188e+02
-1.090792312622070312e+02
-1.090792312622070312e+02
-1.090883712768554688e+02
-1.090883712768554688e+02
-1.090975189208984375e+02
-1.091158294677734375e+02
-1.091249923706054688e+02
-1.091341629028320312e+02
-1.091433334350585938e+02
-1.091616973876953125e+02
-1.091616973876953125e+02
-1.091800842285156250e+02
-1.091800842285156250e+02
-1.091892852783203125e+02
-1.091892852783203125e+02
-1.092077026367187500e+02
-1.092169265747070312e+02
-1.092353744506835938e+02
-1.092353744506835938e+02
-1.092538452148437500e+02
-1.092538452148437500e+02
-1.092630920410156250e+02
-1.092815933227539062e+02
-1.092815933227539062e+02
-1.092908554077148438e+02
-1.093001174926757812e+02
-1.093093872070312500e+02
-1.093279418945312500e+02
-1.093372268676757812e+02
-1.093372268676757812e+02
-1.093558044433593750e+02
-1.093558044433593750e+02
-1.093651046752929688e+02
-1.093837127685546875e+02
-1.093837127685546875e+02
-1.094023437500000000e+02
-1.094023437500000000e+02
-1.094116668701171875e+02
-1.094303207397460938e+02
-1.094303207397460938e+02
-1.094396591186523438e+02
-1.094583358764648438e+02
-1.094583358764648438e+02
-1.094676895141601562e+02
-1.094863967895507812e+02
-1.094863967895507812e+02
-1.095051193237304688e+02
-1.095051193237304688e+02
-1.095144882202148438e+02
-1.095332412719726562e+02
-1.095332412719726562e+02
-1.095426254272460938e+02
-1.095520095825195312e+02
-1.095613937377929688e+02
-1.095801849365234375e+02
-1.095801849365234375e+02
-1.095801849365234375e+02
-1.096083984375000000e+02
-1.096083984375000000e+02
-1.096272277832031250e+02
-1.096272277832031250e+02
-1.096272277832031250e+02
-1.096555023193359375e+02
-1.096555023193359375e+02
-1.096649322509765625e+02
-1.096837997436523438e+02
-1.096837997436523438e+02
-1.096932449340820312e+02
-1.097121353149414062e+02
-1.097121353149414062e+02
-1.097215881347656250e+02
-1.097310409545898438e+02
-1.097404937744140625e+02
-1.097404937744140625e+02
-1.097594223022460938e+02
-1.097688903808593750e+02
-1.097688903808593750e+02
-1.097878341674804688e+02
-1.097973098754882812e+02
-1.098162689208984375e+02
-1.098162689208984375e+02
-1.098352432250976562e+02
-1.098352432250976562e+02
-1.098352432250976562e+02
-1.098542251586914062e+02
-1.098637237548828125e+02
-1.098732223510742188e+02
-1.098827209472656250e+02
-1.098922271728515625e+02
-1.099017333984375000e+02
-1.099207611083984375e+02
-1.099207611083984375e+02
-1.099397888183593750e+02
-1.099397888183593750e+02
-1.099493103027343750e+02
-1.099683532714843750e+02
-1.099778823852539062e+02
-1.099778823852539062e+02
-1.099874114990234375e+02
-1.099969406127929688e+02
-1.100160140991210938e+02
-1.100160140991210938e+02
-1.100255508422851562e+02
-1.100350875854492188e+02
-1.100446319580078125e+02
-1.100541763305664062e+02
-1.100637207031250000e+02
-1.100732727050781250e+02
-1.100828170776367188e+02
-1.100923690795898438e+02
-1.101019287109375000e+02
-1.101114807128906250e+02
-1.101210403442382812e+02
-1.101401596069335938e+02
-1.101401596069335938e+02
-1.101497192382812500e+02
-1.101592864990234375e+02
-1.101688537597656250e+02
-1.101784210205078125e+02
-1.101879882812500000e+02
-1.101975631713867188e+02
-1.102071380615234375e+02
-1.102167129516601562e+02
-1.102262878417968750e+02
-1.102358703613281250e+02
-1.102454528808593750e+02
-1.102550354003906250e+02
-1.102646179199218750e+02
-1.102837982177734375e+02
-1.102837982177734375e+02
-1.102933883666992188e+02
-1.103029785156250000e+02
-1.103125762939453125e+02
-1.103221664428710938e+02
-1.103317642211914062e+02
-1.103413696289062500e+02
-1.103509674072265625e+02
-1.103605728149414062e+02
-1.103701782226562500e+02
-1.103797836303710938e+02
-1.103893966674804688e+02
-1.103990097045898438e+02
-1.104086227416992188e+02
-1.104182357788085938e+02
-1.104278564453125000e+02
-1.104374694824218750e+02
-1.104470901489257812e+02
-1.104567184448242188e+02
-1.104663391113281250e+02
-1.104759674072265625e+02
-1.104855957031250000e+02
-1.104952239990234375e+02
-1.105048599243164062e+02
-1.105144958496093750e+02
-1.105241317749023438e+02
-1.105337677001953125e+02
-1.105530471801757812e+02
-1.105530471801757812e+02
-1.105626907348632812e+02
-1.105819854736328125e+02
-1.105819854736328125e+02
-1.105916366577148438e+02
-1.106109390258789062e+02
-1.106109390258789062e+02
-1.106302566528320312e+02
-1.106302566528320312e+02
-1.106399154663085938e+02
-1.106592407226562500e+02
-1.106592407226562500e+02
-1.106688995361328125e+02
-1.106882400512695312e+02
-1.106882400512695312e+02
-1.107075805664062500e+02
-1.107172546386718750e+02
-1.107172546386718750e+02
-1.107366104125976562e+02
-1.107366104125976562e+02
-1.107462921142578125e+02
-1.107559738159179688e+02
-1.107656555175781250e+02
-1.107753448486328125e+02
-1.107947235107421875e+02
-1.107947235107421875e+02
-1.108044128417968750e+02
-1.108238067626953125e+02
-1.108238067626953125e+02
-1.108432006835937500e+02
-1.108529052734375000e+02
-1.108529052734375000e+02
-1.108723144531250000e+02
-1.108723144531250000e+02
-1.108820266723632812e+02
-1.109014434814453125e+02
-1.109014434814453125e+02
-1.109208755493164062e+02
-1.109305953979492188e+02
-1.109305953979492188e+02
-1.109500350952148438e+02
-1.109500350952148438e+02
-1.109597549438476562e+02
-1.109792098999023438e+02
-1.109792098999023438e+02
-1.109889450073242188e+02
-1.110084075927734375e+02
-1.110084075927734375e+02
-1.110181427001953125e+02
-1.110376205444335938e+02
-1.110376205444335938e+02
-1.110571060180664062e+02
-1.110668487548828125e+02
-1.110668487548828125e+02
-1.110765991210937500e+02
-1.110765991210937500e+02
-1.110960998535156250e+02
-1.111156082153320312e+02
-1.111156082153320312e+02
-1.111351242065429688e+02
-1.111351242065429688e+02
-1.111448898315429688e+02
-1.111448898315429688e+02
-1.111644134521484375e+02
-1.111741867065429688e+02
-1.111839523315429688e+02
-1.111839523315429688e+02
-1.112132720947265625e+02
-1.112230529785156250e+02
-1.112230529785156250e+02
-1.112426147460937500e+02
-1.112426147460937500e+02
-1.112523956298828125e+02
-1.112719650268554688e+02
-1.112719650268554688e+02
-1.112817535400390625e+02
-1.113013381958007812e+02
-1.113013381958007812e+02
-1.113209228515625000e+02
-1.113209228515625000e+02
-1.113307189941406250e+02
-1.113503265380859375e+02
-1.113503265380859375e+02
-1.113601226806640625e+02
-1.113797378540039062e+02
-1.113797378540039062e+02
-1.113993530273437500e+02
-1.113993530273437500e+02
-1.114091644287109375e+02
-1.114287948608398438e+02
-1.114287948608398438e+02
-1.114386138916015625e+02
-1.114582519531250000e+02
-1.114582519531250000e+02
-1.114778976440429688e+02
-1.114877243041992188e+02
-1.114877243041992188e+02
-1.115073776245117188e+02
-1.115073776245117188e+02
-1.115172042846679688e+02
-1.115172042846679688e+02
-1.115368728637695312e+02
-1.115565414428710938e+02
-1.115565414428710938e+02
-1.115663833618164062e+02
-1.115860595703125000e+02
-1.115860595703125000e+02
-1.116057510375976562e+02
-1.116057510375976562e+02
-1.116254425048828125e+02
-1.116254425048828125e+02
-1.116549911499023438e+02
-1.116549911499023438e+02
-1.116747055053710938e+02
-1.116747055053710938e+02
-1.116845626831054688e+02
-1.116845626831054688e+02
-1.116944198608398438e+02
-1.117042770385742188e+02
-1.117141418457031250e+02
-1.117239990234375000e+02
-1.117338638305664062e+02
-1.117437286376953125e+02
-1.117535934448242188e+02
-1.117634658813476562e+02
-1.117733306884765625e+02
-1.117832031250000000e+02
-1.117930755615234375e+02
-1.118029479980468750e+02
-1.118128280639648438e+02
-1.118227005004882812e+02
-1.118325805664062500e+02
-1.118424606323242188e+02
-1.118523406982421875e+02
-1.118622207641601562e+02
-1.118622207641601562e+02
-1.118819885253906250e+02
-1.118918762207031250e+02
-1.119017639160156250e+02
-1.119116516113281250e+02
-1.119215393066406250e+02
-1.119413223266601562e+02
-1.119413223266601562e+02
-1.119512100219726562e+02
-1.119611053466796875e+02
-1.119710006713867188e+02
-1.119809036254882812e+02
-1.119907989501953125e+02
-1.120006942749023438e+02
-1.120105972290039062e+02
-1.120205001831054688e+02
-1.120304031372070312e+02
-1.120502090454101562e+02
-1.120502090454101562e+02
-1.120601196289062500e+02
-1.120799331665039062e+02
-1.120799331665039062e+02
-1.120898437500000000e+02
-1.121096649169921875e+02
-1.121096649169921875e+02
-1.121195755004882812e+02
-1.121394042968750000e+02
-1.121394042968750000e+02
-1.121592407226562500e+02
-1.121592407226562500e+02
-1.121691589355468750e+02
-1.121889953613281250e+02
-1.121889953613281250e+02
-1.121989135742187500e+02
-1.122187652587890625e+02
-1.122187652587890625e+02
-1.122286834716796875e+02
-1.122485351562500000e+02
-1.122485351562500000e+02
-1.122485351562500000e+02
-1.122783203125000000e+02
-1.122783203125000000e+02
-1.122981796264648438e+02
-1.122981796264648438e+02
-1.123081130981445312e+02
-1.123279800415039062e+02
-1.123279800415039062e+02
-1.123379135131835938e+02
-1.123577880859375000e+02
-1.123577880859375000e+02
-1.123776626586914062e+02
-1.123876037597656250e+02
-1.123876037597656250e+02
-1.123975448608398438e+02
-1.124174270629882812e+02
-1.124174270629882812e+02
-1.124273681640625000e+02
-1.124373168945312500e+02
-1.124472579956054688e+02
-1.124671554565429688e+02
-1.124671554565429688e+02
-1.124870452880859375e+02
-1.124870452880859375e+02
-1.124969940185546875e+02
-1.125168991088867188e+02
-1.125168991088867188e+02
-1.125268478393554688e+02
-1.125368041992187500e+02
-1.125467529296875000e+02
-1.125567092895507812e+02
-1.125766143798828125e+02
-1.125766143798828125e+02
-1.125965347290039062e+02
-1.125965347290039062e+02
-1.126064910888671875e+02
-1.126064910888671875e+02
-1.126264038085937500e+02
-1.126363677978515625e+02
-1.126562881469726562e+02
-1.126562881469726562e+02
-1.126662521362304688e+02
-1.126861801147460938e+02
-1.126861801147460938e+02
-1.127061080932617188e+02
-1.127061080932617188e+02
-1.127160720825195312e+02
-1.127360076904296875e+02
-1.127360076904296875e+02
-1.127459793090820312e+02
-1.127659149169921875e+02
-1.127659149169921875e+02
-1.127758865356445312e+02
-1.127758865356445312e+02
-1.127958297729492188e+02
-1.128157730102539062e+02
-1.128157730102539062e+02
-1.128257446289062500e+02
-1.128456954956054688e+02
-1.128456954956054688e+02
-1.128456954956054688e+02
-1.128756179809570312e+02
-1.128756179809570312e+02
-1.128855972290039062e+02
-1.129055557250976562e+02
-1.129055557250976562e+02
-1.129255142211914062e+02
-1.129354934692382812e+02
-1.129454727172851562e+02
-1.129454727172851562e+02
-1.129554519653320312e+02
-1.129654388427734375e+02
-1.129853973388671875e+02
-1.129853973388671875e+02
-1.130053710937500000e+02
-1.130053710937500000e+02
-1.130153503417968750e+02
-1.130353240966796875e+02
-1.130353240966796875e+02
-1.130453109741210938e+02
-1.130453109741210938e+02
-1.130652847290039062e+02
-1.130752716064453125e+02
-1.130952453613281250e+02
-1.130952453613281250e+02
-1.130952453613281250e+02
-1.131152191162109375e+02
-1.131252136230468750e+02
-1.131451950073242188e+02
-1.131451950073242188e+02
-1.131551818847656250e+02
-1.131751632690429688e+02
-1.131751632690429688e+02
-1.131851577758789062e+02
-1.132051467895507812e+02
-1.132051467895507812e+02
-1.132251281738281250e+02
-1.132251281738281250e+02
-1.132351226806640625e+02
-1.132551116943359375e+02
-1.132551116943359375e+02
-1.132751083374023438e+02
-1.132851028442382812e+02
-1.132851028442382812e+02
-1.132950973510742188e+02
-1.133150939941406250e+02
-1.133150939941406250e+02
-1.133350906372070312e+02
-1.133350906372070312e+02
-1.133450851440429688e+02
-1.133650817871093750e+02
-1.133650817871093750e+02
-1.133750839233398438e+02
-1.133950805664062500e+02
-1.133950805664062500e+02
-1.134050750732421875e+02
-1.134250793457031250e+02
-1.134250793457031250e+02
-1.134450759887695312e+02
-1.134450759887695312e+02
-1.134450759887695312e+02
-1.134650802612304688e+02
-1.134750823974609375e+02
-1.134950866699218750e+02
-1.135050888061523438e+02
-1.135050888061523438e+02
-1.135250854492187500e+02
-1.135250854492187500e+02
-1.135350875854492188e+02
-1.135550918579101562e+02
-1.135550918579101562e+02
-1.135651016235351562e+02
-1.135851058959960938e+02
-1.135851058959960938e+02
-1.135951080322265625e+02
-1.136151123046875000e+02
-1.136151123046875000e+02
-1.136351165771484375e+02
-1.136351165771484375e+02
-1.136451187133789062e+02
-1.136651306152343750e+02
-1.136651306152343750e+02
-1.136751327514648438e+02
-1.136951370239257812e+02
-1.136951370239257812e+02
-1.137051391601562500e+02
-1.137251510620117188e+02
-1.137351531982421875e+02
-1.137351531982421875e+02
-1.137451553344726562e+02
-1.137451553344726562e+02
-1.137651596069335938e+02
-1.137751693725585938e+02
-1.137851715087890625e+02
-1.137951736450195312e+02
-1.137951736450195312e+02
-1.138151779174804688e+02
-1.138251800537109375e+02
-1.138351821899414062e+02
-1.138451919555664062e+02
-1.138551940917968750e+02
-1.138651962280273438e+02
-1.138751983642578125e+02
-1.138852005004882812e+02
-1.138852005004882812e+02
-1.139052047729492188e+02
-1.139152069091796875e+02
-1.139352111816406250e+02
-1.139352111816406250e+02
-1.139452133178710938e+02
-1.139552154541015625e+02
-1.139652175903320312e+02
-1.139752120971679688e+02
-1.139852142333984375e+02
-1.139852142333984375e+02
-1.139852142333984375e+02
-1.148352737426757812e+02
-1.148352737426757812e+02
-1.148352737426757812e+02
-1.148552703857421875e+02
-1.148652648925781250e+02
-1.148752670288085938e+02
-1.148952636718750000e+02
-1.148952636718750000e+02
-1.149152603149414062e+02
-1.149252548217773438e+02
-1.149352569580078125e+02
-1.149552459716796875e+02
-1.149552459716796875e+02
-1.149752426147460938e+02
-1.149852447509765625e+02
-1.149852447509765625e+02
-1.150052413940429688e+02
-1.150052413940429688e+02
-1.150152359008789062e+02
-1.150352325439453125e+02
-1.150352325439453125e+02
-1.150452346801757812e+02
-1.150652313232421875e+02
-1.150652313232421875e+02
-1.150752258300781250e+02
-1.150952224731445312e+02
-1.150952224731445312e+02
-1.151152191162109375e+02
-1.151152191162109375e+02
-1.151252136230468750e+02
-1.151452102661132812e+02
-1.151452102661132812e+02
-1.151652069091796875e+02
-1.151752090454101562e+02
-1.151752090454101562e+02
-1.151952056884765625e+02
-1.151952056884765625e+02
-1.152052001953125000e+02
-1.152251968383789062e+02
-1.152251968383789062e+02
-1.152351989746093750e+02
-1.152551956176757812e+02
-1.152551956176757812e+02
-1.152651901245117188e+02
-1.152851867675781250e+02
-1.152851867675781250e+02
-1.153051834106445312e+02
-1.153151779174804688e+02
-1.153151779174804688e+02
-1.153351745605468750e+02
-1.153351745605468750e+02
-1.153451766967773438e+02
-1.153651733398437500e+02
-1.153651733398437500e+02
-1.153751678466796875e+02
-1.153951644897460938e+02
-1.153951644897460938e+02
-1.154051666259765625e+02
-1.154251632690429688e+02
-1.154351577758789062e+02
-1.154451599121093750e+02
-1.154451599121093750e+02
-1.154551544189453125e+02
-1.154751510620117188e+02
-1.154751510620117188e+02
-1.154951477050781250e+02
-1.154951477050781250e+02
-1.155051422119140625e+02
-1.155251388549804688e+02
-1.155251388549804688e+02
-1.155351409912109375e+02
-1.155551376342773438e+02
-1.155551376342773438e+02
-1.155651321411132812e+02
-1.155751342773437500e+02
-1.155851287841796875e+02
-1.156051254272460938e+02
-1.156051254272460938e+02
-1.156151275634765625e+02
-1.156351165771484375e+02
-1.156351165771484375e+02
-1.156451187133789062e+02
-1.156651153564453125e+02
-1.156651153564453125e+02
-1.156851119995117188e+02
-1.156851119995117188e+02
-1.156951065063476562e+02
-1.157051086425781250e+02
-1.157151031494140625e+02
-1.157251052856445312e+02
-1.157350997924804688e+02
-1.157451019287109375e+02
-1.157451019287109375e+02
-1.157750930786132812e+02
-1.157750930786132812e+02
-1.157850952148437500e+02
-1.157950897216796875e+02
-1.158150863647460938e+02
-1.158250808715820312e+02
-1.158250808715820312e+02
-1.158350830078125000e+02
-1.158450775146484375e+02
-1.158550796508789062e+02
-1.158750762939453125e+02
-1.158750762939453125e+02
-1.158850708007812500e+02
-1.159050674438476562e+02
-1.159050674438476562e+02
-1.159150695800781250e+02
-1.159350662231445312e+02
-1.159350662231445312e+02
-1.159550628662109375e+02
-1.159550628662109375e+02
-1.159650573730468750e+02
-1.159850540161132812e+02
-1.159850540161132812e+02
-1.159950485229492188e+02
-1.160150451660156250e+02
-1.160150451660156250e+02
-1.160350418090820312e+02
-1.160450439453125000e+02
-1.160450439453125000e+02
-1.160650405883789062e+02
-1.160650405883789062e+02
-1.160750350952148438e+02
-1.160950317382812500e+02
-1.160950317382812500e+02
-1.161050338745117188e+02
-1.161250305175781250e+02
-1.161250305175781250e+02
-1.161450271606445312e+02
-1.161550216674804688e+02
-1.161550216674804688e+02
-1.161750183105468750e+02
-1.161750183105468750e+02
-1.161850128173828125e+02
-1.162050094604492188e+02
-1.162050094604492188e+02
-1.162150115966796875e+02
-1.162350082397460938e+02
-1.162350082397460938e+02
-1.162450027465820312e+02
-1.162649993896484375e+02
-1.162649993896484375e+02
-1.162849960327148438e+02
-1.162849960327148438e+02
-1.162949981689453125e+02
-1.163149948120117188e+02
-1.163149948120117188e+02
-1.163249893188476562e+02
-1.163449859619140625e+02
-1.163449859619140625e+02
-1.163649826049804688e+02
-1.163649826049804688e+02
-1.163749771118164062e+02
-1.163949737548828125e+02
-1.163949737548828125e+02
-1.164149703979492188e+02
-1.164149703979492188e+02
-1.164249725341796875e+02
-1.164449691772460938e+02
-1.164449691772460938e+02
-1.164649658203125000e+02
-1.164649658203125000e+02
-1.164849624633789062e+02
-1.164949569702148438e+02
-1.164949569702148438e+02
-1.165049514770507812e+02
-1.165149536132812500e+02
-1.165449447631835938e+02
-1.165549468994140625e+02
-1.165749435424804688e+02
-1.165849380493164062e+02
-1.165949401855468750e+02
-1.165949401855468750e+02
-1.166149368286132812e+02
-1.166149368286132812e+02
-1.166349334716796875e+02
-1.166449279785156250e+02
-1.166449279785156250e+02
-1.166749191284179688e+02
-1.166849212646484375e+02
-1.166849212646484375e+02
-1.167049179077148438e+02
-1.167049179077148438e+02
-1.167149124145507812e+02
-1.167249145507812500e+02
-1.167349090576171875e+02
-1.167449111938476562e+02
-1.167449111938476562e+02
-1.167549057006835938e+02
-1.167649078369140625e+02
-1.167749023437500000e+02
-1.167849044799804688e+02
-1.168049011230468750e+02
-1.168049011230468750e+02
-1.168148956298828125e+02
-1.168248977661132812e+02
-1.168348922729492188e+02
-1.168448867797851562e+02
-1.168548889160156250e+02
-1.168648834228515625e+02
-1.168848800659179688e+02
-1.168848800659179688e+02
-1.168948822021484375e+02
-1.169148788452148438e+02
-1.169148788452148438e+02
-1.169348754882812500e+02
-1.169448699951171875e+02
-1.169448699951171875e+02
-1.169648666381835938e+02
-1.169748687744140625e+02
-1.169748687744140625e+02
-1.169948654174804688e+02
-1.169948654174804688e+02
-1.169948654174804688e+02
-1.170248565673828125e+02
-1.170248565673828125e+02
-1.170448532104492188e+02
-1.170548477172851562e+02
-1.170648498535156250e+02
-1.170748443603515625e+02
-1.170848464965820312e+02
-1.170848464965820312e+02
-1.170948410034179688e+02
-1.171048431396484375e+02
-1.171148376464843750e+02
-1.171348342895507812e+02
-1.171348342895507812e+02
-1.171548309326171875e+02
-1.171648330688476562e+02
-1.171648330688476562e+02
-1.171848297119140625e+02
-1.171948242187500000e+02
-1.172048187255859375e+02
-1.172148208618164062e+02
-1.172148208618164062e+02
-1.172348175048828125e+02
-1.172448120117187500e+02
-1.172548141479492188e+02
-1.172648086547851562e+02
-1.172748107910156250e+02
-1.172848052978515625e+02
-1.172948074340820312e+02
-1.172948074340820312e+02
-1.173148040771484375e+02
-1.173247985839843750e+02
-1.173247985839843750e+02
-1.173348007202148438e+02
-1.173447952270507812e+02
-1.173547973632812500e+02
-1.173747863769531250e+02
-1.173747863769531250e+02
-1.173947830200195312e+02
-1.174047851562500000e+02
-1.174047851562500000e+02
-1.174247817993164062e+02
-1.174347763061523438e+02
-1.174347763061523438e+02
-1.174547729492187500e+02
-1.174547729492187500e+02
-1.174647750854492188e+02
-1.174847717285156250e+02
-1.174847717285156250e+02
-1.175047683715820312e+02
-1.175147628784179688e+02
-1.175147628784179688e+02
-1.175347595214843750e+02
-1.175447540283203125e+02
-1.175447540283203125e+02
-1.175647506713867188e+02
-1.175647506713867188e+02
-1.175847473144531250e+02
-1.175947494506835938e+02
-1.175947494506835938e+02
-1.176147460937500000e+02
-1.176147460937500000e+02
-1.176247406005859375e+02
-1.176447372436523438e+02
-1.176447372436523438e+02
-1.176647338867187500e+02
-1.176747360229492188e+02
-1.176747360229492188e+02
-1.176947326660156250e+02
-1.177047271728515625e+02
-1.177047271728515625e+02
-1.177247238159179688e+02
-1.177247238159179688e+02
-1.177347183227539062e+02
-1.177547149658203125e+02
-1.177647171020507812e+02
-1.177647171020507812e+02
-1.177747116088867188e+02
-1.178047103881835938e+02
-1.178047103881835938e+02
-1.178047103881835938e+02
-1.178147048950195312e+02
-1.178347015380859375e+02
-1.178347015380859375e+02
-1.178447036743164062e+02
-1.178647003173828125e+02
-1.178647003173828125e+02
-1.178846893310546875e+02
-1.178846893310546875e+02
-1.178946914672851562e+02
-1.179146881103515625e+02
-1.179246826171875000e+02
-1.179346847534179688e+02
-1.179346847534179688e+02
-1.179546813964843750e+02
-1.179646759033203125e+02
-1.179746780395507812e+02
-1.179746780395507812e+02
-1.179846725463867188e+02
-1.180046691894531250e+02
-1.180046691894531250e+02
-1.180246658325195312e+02
-1.180346679687500000e+02
-1.180346679687500000e+02
-1.180546646118164062e+02
-1.180546646118164062e+02
-1.180646591186523438e+02
-1.180846557617187500e+02
-1.180846557617187500e+02
-1.180946502685546875e+02
-1.181146469116210938e+02
-1.181146469116210938e+02
-1.181346435546875000e+02
-1.181446456909179688e+02
-1.181446456909179688e+02
-1.181546401977539062e+02
-1.181746368408203125e+02
-1.181746368408203125e+02
-1.181946334838867188e+02
-1.181946334838867188e+02
-1.182046356201171875e+02
-1.182246322631835938e+02
-1.182246322631835938e+02
-1.182446212768554688e+02
-1.182546234130859375e+02
-1.182646179199218750e+02
-1.182746200561523438e+02
-1.182746200561523438e+02
-1.182846145629882812e+02
-1.183046112060546875e+02
-1.183046112060546875e+02
-1.183246078491210938e+02
-1.183246078491210938e+02
-1.183446044921875000e+02
-1.183546066284179688e+02
-1.183546066284179688e+02
-1.183746032714843750e+02
-1.183845977783203125e+02
-1.183945999145507812e+02
-1.184045944213867188e+02
-1.184145889282226562e+02
-1.184145889282226562e+02
-1.184345855712890625e+02
-1.184345855712890625e+02
-1.184545822143554688e+02
-1.184645843505859375e+02
-1.184645843505859375e+02
-1.184845809936523438e+02
-1.184945755004882812e+02
-1.184945755004882812e+02
-1.185145721435546875e+02
-1.185145721435546875e+02
-1.185245742797851562e+02
-1.185345687866210938e+02
-1.185545654296875000e+02
-1.185645675659179688e+02
-1.185645675659179688e+02
-1.185745620727539062e+02
-1.185745620727539062e+02
-1.185845565795898438e+02
-1.186045532226562500e+02
-1.186245498657226562e+02
-1.186245498657226562e+02
-1.186445465087890625e+02
-1.186445465087890625e+02
-1.186745452880859375e+02
-1.186745452880859375e+02
-1.186745452880859375e+02
-1.186745452880859375e+02
-1.187045364379882812e+02
-1.187045364379882812e+02
-1.187145385742187500e+02
-1.187245330810546875e+02
-1.187345352172851562e+02
-1.187545242309570312e+02
-1.187545242309570312e+02
-1.187645263671875000e+02
-1.187945175170898438e+02
-1.187945175170898438e+02
-1.187945175170898438e+02
-1.188145141601562500e+02
-1.188245162963867188e+02
-1.188245162963867188e+02
-1.188445129394531250e+02
-1.188445129394531250e+02
-1.188645095825195312e+02
-1.188745040893554688e+02
-1.188745040893554688e+02
-1.188945007324218750e+02
-1.188945007324218750e+02
-1.189045028686523438e+02
-1.189244918823242188e+02
-1.189244918823242188e+02
-1.189444885253906250e+02
-1.189544906616210938e+02
-1.189544906616210938e+02
-1.189744873046875000e+02
-1.189844818115234375e+02
-1.189844818115234375e+02
-1.190044784545898438e+02
-1.190144805908203125e+02
-1.190244750976562500e+02
-1.190344772338867188e+02
-1.190344772338867188e+02
-1.190544738769531250e+02
-1.190544738769531250e+02
-1.190544738769531250e+02
-1.190844650268554688e+02
-1.190844650268554688e+02
-1.190944595336914062e+02
-1.191144561767578125e+02
-1.191144561767578125e+02
-1.191344528198242188e+02
-1.191444549560546875e+02
-1.191444549560546875e+02
-1.191544494628906250e+02
-1.191744461059570312e+02
-1.191844482421875000e+02
-1.191944427490234375e+02
-1.191944427490234375e+02
-1.192144393920898438e+02
-1.192244415283203125e+02
-1.192344360351562500e+02
-1.192444381713867188e+02
-1.192544326782226562e+02
-1.192544326782226562e+02
-1.192744293212890625e+02
-1.192744293212890625e+02
-1.192844238281250000e+02
-1.193044204711914062e+02
-1.193144226074218750e+02
-1.193244171142578125e+02
-1.193244171142578125e+02
-1.193344192504882812e+02
-1.193544158935546875e+02
-1.193544158935546875e+02
-1.193744125366210938e+02
-1.193844070434570312e+02
-1.193944091796875000e+02
-1.194044036865234375e+02
-1.194244003295898438e+02
-1.194244003295898438e+02
-1.194244003295898438e+02
-1.194543914794921875e+02
-1.194543914794921875e+02
-1.194543914794921875e+02
-1.194643936157226562e+02
-1.194843902587890625e+02
-1.194943847656250000e+02
-1.195043869018554688e+02
-1.195143814086914062e+02
-1.195143814086914062e+02
-1.195243835449218750e+02
-1.195443801879882812e+02
-1.195443801879882812e+02
-1.195643768310546875e+02
-1.195743713378906250e+02
-1.195743713378906250e+02
-1.195943679809570312e+02
-1.195943679809570312e+02
-1.196043701171875000e+02
-1.196243591308593750e+02
-1.196243591308593750e+02
-1.196343612670898438e+02
-1.196543579101562500e+02
-1.196543579101562500e+02
-1.196743545532226562e+02
-1.196843490600585938e+02
-1.196843490600585938e+02
-1.197043457031250000e+02
-1.197043457031250000e+02
-1.197143478393554688e+02
-1.197343444824218750e+02
-1.197343444824218750e+02
-1.197543411254882812e+02
-1.197643356323242188e+02
-1.197643356323242188e+02
-1.197843322753906250e+02
-1.197943267822265625e+02
-1.197943267822265625e+02
-1.198143234252929688e+02
-1.198143234252929688e+02
-1.198243255615234375e+02
-1.198443222045898438e+02
-1.198443222045898438e+02
-1.198443222045898438e+02
-1.198743133544921875e+02
-1.198743133544921875e+02
-1.198943099975585938e+02
-1.199043121337890625e+02
-1.199043121337890625e+02
-1.199243087768554688e+02
-1.199243087768554688e+02
-1.199343032836914062e+02
-1.199542999267578125e+02
-1.199542999267578125e+02
-1.199642944335937500e+02
-1.199842910766601562e+02
-1.199842910766601562e+02
-1.200042877197265625e+02
-1.200142898559570312e+02
-1.200242843627929688e+02
-1.200342864990234375e+02
-1.200342864990234375e+02
-1.200442810058593750e+02
-1.200642776489257812e+02
-1.200642776489257812e+02
-1.200842742919921875e+02
-1.200942764282226562e+02
-1.200942764282226562e+02
-1.201142730712890625e+02
-1.201242675781250000e+02
-1.201342620849609375e+02
-1.201442642211914062e+02
-1.201442642211914062e+02
-1.201542587280273438e+02
-1.201742553710937500e+02
-1.201742553710937500e+02
-1.201842575073242188e+02
-1.202042541503906250e+02
-1.202142486572265625e+02
-1.202242507934570312e+02
-1.202242507934570312e+02
-1.202442474365234375e+02
-1.202542419433593750e+02
-1.202542419433593750e+02
-1.202742385864257812e+02
-1.202842407226562500e+02
-1.202842407226562500e+02
-1.202942352294921875e+02
-1.203142318725585938e+02
-1.203242263793945312e+02
-1.203342285156250000e+02
-1.203342285156250000e+02
-1.203542251586914062e+02
-1.203642196655273438e+02
-1.203742218017578125e+02
-1.203742218017578125e+02
-1.203942184448242188e+02
-1.204042129516601562e+02
-1.204042129516601562e+02
-1.204342117309570312e+02
-1.204342117309570312e+02
-1.204442062377929688e+02
-1.204642028808593750e+02
-1.204642028808593750e+02
-1.204642028808593750e+02
-1.204742050170898438e+02
-1.205041961669921875e+02
-1.205041961669921875e+02
-1.205041961669921875e+02
-1.205141906738281250e+02
-1.205241928100585938e+02
-1.205341873168945312e+02
-1.205441894531250000e+02
-1.205541839599609375e+02
-1.205641860961914062e+02
-1.205741806030273438e+02
-1.205841827392578125e+02
-1.206041793823242188e+02
-1.206041793823242188e+02
-1.206141738891601562e+02
-1.206241760253906250e+02
-1.206341705322265625e+02
-1.206441726684570312e+02
-1.206541671752929688e+02
-1.206641616821289062e+02
-1.206741638183593750e+02
-1.206841583251953125e+02
-1.206941604614257812e+02
-1.207041549682617188e+02
-1.207141571044921875e+02
-1.207341537475585938e+02
-1.207341537475585938e+02
-1.207441482543945312e+02
-1.207541503906250000e+02
-1.207641448974609375e+02
-1.207741470336914062e+02
-1.207841415405273438e+02
-1.207941436767578125e+02
-1.208041381835937500e+02
-1.208041381835937500e+02
-1.208241348266601562e+02
-1.208241348266601562e+02
-1.208441314697265625e+02
-1.208541259765625000e+02
-1.208741226196289062e+02
-1.208841247558593750e+02
-1.208841247558593750e+02
-1.209041213989257812e+02
-1.209141159057617188e+02
-1.209141159057617188e+02
-1.209341125488281250e+02
-1.209341125488281250e+02
-1.209441146850585938e+02
-1.209641113281250000e+02
-1.209641113281250000e+02
-1.209841079711914062e+02
-1.209941024780273438e+02
-1.209941024780273438e+02
-1.210140991210937500e+02
-1.210240936279296875e+02
-1.210240936279296875e+02
-1.210440902709960938e+02
-1.210540924072265625e+02
-1.210540924072265625e+02
-1.210740890502929688e+02
-1.210840835571289062e+02
-1.210940856933593750e+02
-1.211040802001953125e+02
-1.211040802001953125e+02
-1.211140823364257812e+02
-1.211340789794921875e+02
-1.211340789794921875e+02
-1.211340789794921875e+02
-1.211640701293945312e+02
-1.211640701293945312e+02
-1.211840667724609375e+02
-1.211940612792968750e+02
-1.211940612792968750e+02
-1.212040634155273438e+02
-1.212240600585937500e+02
-1.212340545654296875e+02
-1.212440567016601562e+02
-1.212440567016601562e+02
-1.212640533447265625e+02
-1.212740478515625000e+02
-1.212740478515625000e+02
-1.212840499877929688e+02
-1.213040466308593750e+02
-1.213140411376953125e+02
-1.213240432739257812e+02
-1.213240432739257812e+02
-1.213440399169921875e+02
-1.213440399169921875e+02
-1.213540344238281250e+02
-1.213740310668945312e+02
-1.213740310668945312e+02
-1.213740310668945312e+02
-1.213840255737304688e+02
-1.214040222167968750e+02
-1.214140243530273438e+02
-1.214340209960937500e+02
-1.214340209960937500e+02
-1.214540176391601562e+02
-1.214640121459960938e+02
-1.214640121459960938e+02
-1.214740142822265625e+02
-1.214940109252929688e+02
-1.214940109252929688e+02
-1.215040054321289062e+02
-1.215140075683593750e+02
-1.215240020751953125e+02
-1.215439987182617188e+02
-1.215439987182617188e+02
-1.215639953613281250e+02
-1.215739898681640625e+02
-1.215739898681640625e+02
-1.215939865112304688e+02
-1.216039886474609375e+02
-1.216139831542968750e+02
-1.216239852905273438e+02
-1.216239852905273438e+02
-1.216439819335937500e+02
-1.216539764404296875e+02
-1.216539764404296875e+02
-1.216739730834960938e+02
-1.216739730834960938e+02
-1.216839752197265625e+02
-1.217039642333984375e+02
-1.217039642333984375e+02
-1.217239608764648438e+02
-1.217239608764648438e+02
-1.217339630126953125e+02
-1.217539596557617188e+02
-1.217639541625976562e+02
-1.217639541625976562e+02
-1.217839508056640625e+02
-1.217939529418945312e+02
-1.218039474487304688e+02
-1.218139495849609375e+02
-1.218139495849609375e+02
-1.218239440917968750e+02
-1.218439407348632812e+02
-1.218439407348632812e+02
-1.218639373779296875e+02
-1.218739318847656250e+02
-1.218739318847656250e+02
-1.218939285278320312e+02
-1.219039306640625000e+02
-1.219039306640625000e+02
-1.219239273071289062e+02
-1.219239273071289062e+02
-1.219339218139648438e+02
-1.219539184570312500e+02
-1.219539184570312500e+02
-1.219539184570312500e+02
-1.219839172363281250e+02
-1.219839172363281250e+02
-1.220039138793945312e+02
-1.220039138793945312e+02
-1.220239105224609375e+02
-1.220239105224609375e+02
-1.220339050292968750e+02
-1.220438995361328125e+02
-1.220539016723632812e+02
-1.220638961791992188e+02
-1.220838928222656250e+02
-1.220938949584960938e+02
-1.220938949584960938e+02
-1.221138916015625000e+02
-1.221238861083984375e+02
-1.221338882446289062e+02
-1.221438827514648438e+02
-1.221438827514648438e+02
-1.221538848876953125e+02
-1.221738815307617188e+02
-1.221838760375976562e+02
-1.221938781738281250e+02
-1.222038726806640625e+02
-1.222138671875000000e+02
-1.222238693237304688e+02
-1.222238693237304688e+02
-1.222438659667968750e+02
-1.222538604736328125e+02
-1.222538604736328125e+02
-1.222738571166992188e+02
-1.222838592529296875e+02
-1.222938537597656250e+02
-1.223038558959960938e+02
-1.223038558959960938e+02
-1.223138504028320312e+02
-1.223338470458984375e+02
-1.223338470458984375e+02
-1.223538436889648438e+02
-1.223638458251953125e+02
-1.223638458251953125e+02
-1.223738403320312500e+02
-1.224038314819335938e+02
-1.224038314819335938e+02
-1.224138336181640625e+02
-1.224138336181640625e+02
-1.224338302612304688e+02
-1.224438247680664062e+02
-1.224538269042968750e+02
-1.224638214111328125e+02
-1.224838180541992188e+02
-1.224938201904296875e+02
-1.225038146972656250e+02
-1.225338134765625000e+02
-1.225438079833984375e+02
-1.225538101196289062e+02
-1.225638046264648438e+02
-1.225638046264648438e+02
-1.225737991333007812e+02
-1.225838012695312500e+02
-1.226037979125976562e+02
-1.226137924194335938e+02
-1.226137924194335938e+02
-1.226237945556640625e+02
-1.226337890625000000e+02
-1.226537857055664062e+02
-1.226537857055664062e+02
-1.226637878417968750e+02
-1.226837844848632812e+02
-1.226837844848632812e+02
-1.226937789916992188e+02
-1.227037811279296875e+02
-1.227137756347656250e+02
-1.227237777709960938e+02
-1.227337722778320312e+02
-1.227437667846679688e+02
-1.227537689208984375e+02
-1.227637634277343750e+02
-1.227737655639648438e+02
-1.227837600708007812e+02
-1.228037567138671875e+02
-1.228037567138671875e+02
-1.228137588500976562e+02
-1.228337554931640625e+02
-1.228337554931640625e+02
-1.228537521362304688e+02
-1.228637466430664062e+02
-1.228637466430664062e+02
-1.228837432861328125e+02
-1.228837432861328125e+02
-1.228937454223632812e+02
-1.229037399291992188e+02
-1.229237365722656250e+02
-1.229337310791015625e+02
-1.229437332153320312e+02
-1.229437332153320312e+02
-1.229537277221679688e+02
-1.229737243652343750e+02
-1.229737243652343750e+02
-1.229937210083007812e+02
-1.230037231445312500e+02
-1.230037231445312500e+02
-1.230237197875976562e+02
-1.230237197875976562e+02
-1.230337142944335938e+02
-1.230537109375000000e+02
-1.230537109375000000e+02
-1.230637130737304688e+02
-1.230837020874023438e+02
-1.230837020874023438e+02
-1.230937042236328125e+02
-1.231137008666992188e+02
-1.231137008666992188e+02
-1.231336975097656250e+02
-1.231436920166015625e+02
-1.231436920166015625e+02
-1.231636886596679688e+02
-1.231636886596679688e+02
-1.231836853027343750e+02
-1.231936874389648438e+02
-1.231936874389648438e+02
-1.232036819458007812e+02
-1.232136840820312500e+02
-1.232236785888671875e+02
-1.232436752319335938e+02
-1.232436752319335938e+02
-1.232536697387695312e+02
-1.232736663818359375e+02
-1.232736663818359375e+02
-1.232836685180664062e+02
-1.233036651611328125e+02
-1.233036651611328125e+02
-1.233136596679687500e+02
-1.233336563110351562e+02
-1.233336563110351562e+02
-1.233436584472656250e+02
-1.233636550903320312e+02
-1.233636550903320312e+02
-1.233836517333984375e+02
-1.233836517333984375e+02
-1.233936462402343750e+02
-1.234136428833007812e+02
-1.234136428833007812e+02
-1.234336395263671875e+02
-1.234336395263671875e+02
-1.234436340332031250e+02
-1.234436340332031250e+02
-1.234636306762695312e+02
-1.234736328125000000e+02
-1.234936294555664062e+02
-1.234936294555664062e+02
-1.235036239624023438e+02
-1.235236206054687500e+02
-1.235236206054687500e+02
-1.235436172485351562e+02
-1.235536193847656250e+02
-1.235536193847656250e+02
-1.235636138916015625e+02
-1.235836105346679688e+02
-1.235936126708984375e+02
-1.236036071777343750e+02
-1.236036071777343750e+02
-1.236136016845703125e+02
-1.236335983276367188e+02
-1.236335983276367188e+02
-1.236535949707031250e+02
-1.236535949707031250e+02
-1.236635971069335938e+02
-1.236835937500000000e+02
-1.236835937500000000e+02
-1.237035903930664062e+02
-1.237135848999023438e+02
-1.237135848999023438e+02
-1.237335815429687500e+02
-1.237335815429687500e+02
-1.237435836791992188e+02
-1.237635803222656250e+02
-1.237635803222656250e+02
-1.237735748291015625e+02
-1.237835693359375000e+02
-1.237935714721679688e+02
-1.238035659790039062e+02
-1.238235626220703125e+02
-1.238235626220703125e+02
-1.238435592651367188e+02
-1.238535614013671875e+02
-1.238635559082031250e+02
-1.238735580444335938e+02
-1.238735580444335938e+02
-1.238835525512695312e+02
-1.239035491943359375e+02
-1.239035491943359375e+02
-1.239135513305664062e+02
-1.239335479736328125e+02
-1.239335479736328125e+02
-1.239535369873046875e+02
-1.239635391235351562e+02
-1.239635391235351562e+02
-1.239735336303710938e+02
-1.239935302734375000e+02
-1.239935302734375000e+02
-1.240035324096679688e+02
-1.240235290527343750e+02
-1.240335235595703125e+02
-1.240435256958007812e+02
-1.240435256958007812e+02
-1.240535202026367188e+02
-1.240535202026367188e+02
-1.240535202026367188e+02
-1.240535202026367188e+02
-1.240535202026367188e+02
-1.240535202026367188e+02
-1.240535202026367188e+02
-1.240535202026367188e+02
-1.240535202026367188e+02
-1.240535202026367188e+02
-1.240535202026367188e+02
-1.240535202026367188e+02
-1.240535202026367188e+02
-1.240535202026367188e+02
-1.240535202026367188e+02
-1.240535202026367188e+02
-1.240535202026367188e+02
-1.240535202026367188e+02
-1.240535202026367188e+02
-1.240535202026367188e+02
-1.240535202026367188e+02
-1.240535202026367188e+02
-1.240535202026367188e+02
-1.240535202026367188e+02
-1.240535202026367188e+02
-1.240535202026367188e+02
-1.240535202026367188e+02
-1.240535202026367188e+02
-1.240535202026367188e+02
-1.240535202026367188e+02
-1.240535202026367188e+02
-1.240535202026367188e+02
-1.240535202026367188e+02
-1.240535202026367188e+02
-1.240535202026367188e+02
-1.240535202026367188e+02
-1.240535202026367188e+02
-1.240535202026367188e+02
-1.240535202026367188e+02
-1.240535202026367188e+02
-1.240535202026367188e+02
-1.240535202026367188e+02
-1.240535202026367188e+02
-1.240535202026367188e+02
-1.240535202026367188e+02
-1.240535202026367188e+02
-1.240535202026367188e+02
-1.240535202026367188e+02
-1.240535202026367188e+02
-1.240535202026367188e+02
-1.240535202026367188e+02
-1.240535202026367188e+02
-1.240535202026367188e+02
-1.240535202026367188e+02
-1.240535202026367188e+02
-1.240535202026367188e+02
-1.240535202026367188e+02
-1.240535202026367188e+02
-1.240535202026367188e+02
-1.240535202026367188e+02
-1.240535202026367188e+02
-1.240535202026367188e+02
-1.240535202026367188e+02
-1.240535202026367188e+02
-1.240535202026367188e+02
-1.240535202026367188e+02
-1.240535202026367188e+02
-1.240535202026367188e+02
-1.240535202026367188e+02
-1.240535202026367188e+02
-1.240535202026367188e+02
-1.240535202026367188e+02
-1.240535202026367188e+02
-1.240535202026367188e+02
-1.240535202026367188e+02
-1.240535202026367188e+02
-1.240535202026367188e+02
-1.240535202026367188e+02
-1.240535202026367188e+02
-1.240535202026367188e+02
-1.240535202026367188e+02
-1.240535202026367188e+02
-1.240535202026367188e+02
-1.240535202026367188e+02
-1.240535202026367188e+02
-1.240535202026367188e+02
-1.240535202026367188e+02
-1.240535202026367188e+02
-1.240535202026367188e+02
-1.240535202026367188e+02
-1.240535202026367188e+02
-1.240535202026367188e+02
-1.240535202026367188e+02
-1.240535202026367188e+02
-1.240535202026367188e+02
-1.240535202026367188e+02
-1.240535202026367188e+02
-1.240535202026367188e+02
-1.240535202026367188e+02
-1.240535202026367188e+02
-1.240535202026367188e+02
-1.240535202026367188e+02
-1.240535202026367188e+02
-1.240535202026367188e+02
-1.240535202026367188e+02
-1.240535202026367188e+02
-1.240535202026367188e+02
-1.240535202026367188e+02
-1.240535202026367188e+02
-1.240535202026367188e+02
-1.240535202026367188e+02
-1.240535202026367188e+02
-1.240535202026367188e+02
-1.240535202026367188e+02
-1.240535202026367188e+02
-1.240535202026367188e+02
-1.240535202026367188e+02
-1.240535202026367188e+02
-1.240535202026367188e+02
-1.240535202026367188e+02
-1.240535202026367188e+02
-1.240535202026367188e+02
-1.240535202026367188e+02
-1.240535202026367188e+02
-1.240535202026367188e+02
-1.240535202026367188e+02
-1.240535202026367188e+02
-1.240535202026367188e+02
-1.240535202026367188e+02
-1.240535202026367188e+02
-1.240535202026367188e+02
-1.240535202026367188e+02
-1.240535202026367188e+02
-1.240535202026367188e+02
-1.240535202026367188e+02
-1.240535202026367188e+02
-1.240535202026367188e+02
-1.240535202026367188e+02
-1.240535202026367188e+02
-1.240535202026367188e+02
-1.240535202026367188e+02
-1.240535202026367188e+02
-1.240535202026367188e+02
-1.240535202026367188e+02
-1.240535202026367188e+02
-1.240535202026367188e+02
-1.240535202026367188e+02
-1.240535202026367188e+02
-1.240535202026367188e+02
-1.240535202026367188e+02
-1.240535202026367188e+02
-1.240535202026367188e+02
-1.240535202026367188e+02
-1.240535202026367188e+02
-1.240535202026367188e+02
-1.240535202026367188e+02
-1.240535202026367188e+02
-1.240535202026367188e+02
-1.240535202026367188e+02
-1.240535202026367188e+02
-1.240535202026367188e+02
-1.240535202026367188e+02
-1.240535202026367188e+02
-1.240535202026367188e+02
-1.240535202026367188e+02
-1.240535202026367188e+02
-1.240535202026367188e+02
-1.240535202026367188e+02
-1.240535202026367188e+02
-1.240535202026367188e+02
-1.240535202026367188e+02
-1.240535202026367188e+02
-1.240535202026367188e+02
-1.240535202026367188e+02
-1.240535202026367188e+02
-1.240535202026367188e+02
-1.240535202026367188e+02
-1.240535202026367188e+02
-1.240535202026367188e+02
-1.240535202026367188e+02
-1.240535202026367188e+02
-1.240535202026367188e+02
-1.240535202026367188e+02
-1.240535202026367188e+02
-1.240535202026367188e+02
-1.240535202026367188e+02
-1.240535202026367188e+02
-1.240535202026367188e+02
-1.240535202026367188e+02
-1.240535202026367188e+02
-1.240535202026367188e+02
-1.240535202026367188e+02
-1.240535202026367188e+02
-1.240535202026367188e+02
-1.240535202026367188e+02
-1.240535202026367188e+02
-1.240535202026367188e+02
-1.240535202026367188e+02
-1.240535202026367188e+02
-1.240535202026367188e+02
-1.240535202026367188e+02
-1.240535202026367188e+02
-1.240535202026367188e+02
-1.240535202026367188e+02
-1.240535202026367188e+02
-1.240535202026367188e+02
-1.240535202026367188e+02
-1.240535202026367188e+02
-1.240535202026367188e+02
-1.240535202026367188e+02
-1.240535202026367188e+02
-1.240535202026367188e+02
-1.240535202026367188e+02
-1.240535202026367188e+02
-1.240535202026367188e+02
-1.240535202026367188e+02
-1.240535202026367188e+02
-1.240535202026367188e+02
-1.240535202026367188e+02
-1.240535202026367188e+02
-1.240535202026367188e+02
-1.240535202026367188e+02
-1.240535202026367188e+02
-1.240535202026367188e+02
-1.240535202026367188e+02
-1.240535202026367188e+02
-1.240535202026367188e+02
-1.240535202026367188e+02
-1.240535202026367188e+02
-1.240535202026367188e+02
-1.240535202026367188e+02
-1.240535202026367188e+02
-1.240535202026367188e+02
-1.240535202026367188e+02
-1.240535202026367188e+02
-1.240535202026367188e+02
-1.240535202026367188e+02
-1.240535202026367188e+02
-1.240535202026367188e+02
-1.240535202026367188e+02
-1.240535202026367188e+02
-1.240535202026367188e+02
-1.240535202026367188e+02
-1.240535202026367188e+02
-1.240535202026367188e+02
-1.240535202026367188e+02
-1.240535202026367188e+02
-1.240535202026367188e+02
-1.240535202026367188e+02
-1.240535202026367188e+02
-1.240535202026367188e+02
-1.240535202026367188e+02
-1.240535202026367188e+02
-1.240535202026367188e+02
-1.240535202026367188e+02
-1.240535202026367188e+02
-1.240535202026367188e+02
-1.240535202026367188e+02
-1.240535202026367188e+02
-1.240535202026367188e+02
-1.240535202026367188e+02
-1.240535202026367188e+02
-1.240535202026367188e+02
-1.240535202026367188e+02
-1.240535202026367188e+02
-1.240535202026367188e+02
-1.240535202026367188e+02
-1.240535202026367188e+02
-1.240535202026367188e+02
-1.240535202026367188e+02
-1.240535202026367188e+02
-1.240535202026367188e+02
-1.240535202026367188e+02
-1.240535202026367188e+02
-1.240535202026367188e+02
-1.240535202026367188e+02
-1.240535202026367188e+02
-1.240535202026367188e+02
-1.240535202026367188e+02
-1.240535202026367188e+02
-1.240535202026367188e+02
-1.240535202026367188e+02
-1.240535202026367188e+02
-1.240535202026367188e+02
-1.240535202026367188e+02
-1.240535202026367188e+02
-1.240535202026367188e+02
-1.240535202026367188e+02
-1.240535202026367188e+02
-1.240535202026367188e+02
-1.240535202026367188e+02
-1.249136734008789062e+02
-1.249236755371093750e+02
-1.249436721801757812e+02
-1.249436721801757812e+02
-1.249536666870117188e+02
-1.249636688232421875e+02
-1.249836654663085938e+02
-1.249836654663085938e+02
-1.250036621093750000e+02
-1.250136566162109375e+02
-1.250136566162109375e+02
-1.250236587524414062e+02
-1.250436553955078125e+02
-1.250436553955078125e+02
-1.250636444091796875e+02
-1.250636444091796875e+02
-1.250736465454101562e+02
-1.250936431884765625e+02
-1.250936431884765625e+02
-1.251036376953125000e+02
-1.251236343383789062e+02
-1.251236343383789062e+02
-1.251336364746093750e+02
-1.251536331176757812e+02
-1.251536331176757812e+02
-1.251736297607421875e+02
-1.251836242675781250e+02
-1.251936264038085938e+02
-1.252036209106445312e+02
-1.252036209106445312e+02
-1.252136230468750000e+02
-1.252336120605468750e+02
-1.252336120605468750e+02
-1.252536087036132812e+02
-1.252536087036132812e+02
-1.252736053466796875e+02
-1.252836074829101562e+02
-1.252836074829101562e+02
-1.252836074829101562e+02
-1.253036041259765625e+02
-1.253135986328125000e+02
-1.253236007690429688e+02
-1.253435974121093750e+02
-1.253435974121093750e+02
-1.253635940551757812e+02
-1.253735885620117188e+02
-1.253735885620117188e+02
-1.253935852050781250e+02
-1.253935852050781250e+02
-1.254035797119140625e+02
-1.254235763549804688e+02
-1.254235763549804688e+02
-1.254435729980468750e+02
-1.254435729980468750e+02
-1.254535751342773438e+02
-1.254535751342773438e+02
-1.254735717773437500e+02
-1.254835662841796875e+02
-1.255035629272460938e+02
-1.255035629272460938e+02
-1.255135650634765625e+02
-1.255335617065429688e+02
-1.255335617065429688e+02
-1.255435562133789062e+02
-1.255635528564453125e+02
-1.255635528564453125e+02
-1.255835494995117188e+02
-1.255835494995117188e+02
-1.255935440063476562e+02
-1.256135406494140625e+02
-1.256135406494140625e+02
-1.256335372924804688e+02
-1.256435394287109375e+02
-1.256435394287109375e+02
-1.256635360717773438e+02
-1.256735305786132812e+02
-1.256735305786132812e+02
-1.256935272216796875e+02
-1.256935272216796875e+02
-1.257035293579101562e+02
-1.257135238647460938e+02
-1.257435226440429688e+02
-1.257435226440429688e+02
-1.257535171508789062e+02
-1.257535171508789062e+02
-1.257735137939453125e+02
-1.257735137939453125e+02
-1.257835083007812500e+02
-1.258035049438476562e+02
-1.258035049438476562e+02
-1.258235015869140625e+02
-1.258335037231445312e+02
-1.258335037231445312e+02
-1.258335037231445312e+02
-1.258634948730468750e+02
-1.258734970092773438e+02
-1.258734970092773438e+02
-1.258834915161132812e+02
-1.258934936523437500e+02
-1.259134902954101562e+02
-1.259134902954101562e+02
-1.259334793090820312e+02
-1.259434814453125000e+02
-1.259434814453125000e+02
-1.259634780883789062e+02
-1.259634780883789062e+02
-1.259734725952148438e+02
-1.259934692382812500e+02
-1.259934692382812500e+02
-1.260134658813476562e+02
-1.260234680175781250e+02
-1.260234680175781250e+02
-1.260434646606445312e+02
-1.260534591674804688e+02
-1.260534591674804688e+02
-1.260734558105468750e+02
-1.260734558105468750e+02
-1.260834579467773438e+02
-1.261034469604492188e+02
-1.261034469604492188e+02
-1.261234436035156250e+02
-1.261334457397460938e+02
-1.261334457397460938e+02
-1.261534423828125000e+02
-1.261534423828125000e+02
-1.261634368896484375e+02
-1.261834335327148438e+02
-1.261834335327148438e+02
-1.261934356689453125e+02
-1.262134323120117188e+02
-1.262134323120117188e+02
-1.262334289550781250e+02
-1.262334289550781250e+02
-1.262434234619140625e+02
-1.262634201049804688e+02
-1.262634201049804688e+02
-1.262634201049804688e+02
-1.262934112548828125e+02
-1.262934112548828125e+02
-1.263134078979492188e+02
-1.263134078979492188e+02
-1.263234100341796875e+02
-1.263434066772460938e+02
-1.263434066772460938e+02
-1.263534011840820312e+02
-1.263634033203125000e+02
-1.263733978271484375e+02
-1.263933944702148438e+02
-1.263933944702148438e+02
-1.264233932495117188e+02
-1.264233932495117188e+02
-1.264233932495117188e+02
-1.264333877563476562e+02
-1.264433822631835938e+02
-1.264533843994140625e+02
-1.264633789062500000e+02
-1.264833755493164062e+02
-1.264833755493164062e+02
-1.264933776855468750e+02
-1.265033721923828125e+02
-1.265133743286132812e+02
-1.265233688354492188e+02
-1.265333709716796875e+02
-1.265433654785156250e+02
-1.265533676147460938e+02
-1.265633621215820312e+02
-1.265733642578125000e+02
-1.265833587646484375e+02
-1.266033554077148438e+02
-1.266033554077148438e+02
-1.266133499145507812e+02
-1.266233520507812500e+02
-1.266333465576171875e+02
-1.266433486938476562e+02
-1.266433486938476562e+02
-1.266633453369140625e+02
-1.266733398437500000e+02
-1.266833419799804688e+02
-1.266933364868164062e+02
-1.267033386230468750e+02
-1.267033386230468750e+02
-1.267333297729492188e+02
-1.267333297729492188e+02
-1.267433319091796875e+02
-1.267533264160156250e+02
-1.267633285522460938e+02
-1.267833175659179688e+02
-1.267833175659179688e+02
-1.267833175659179688e+02
-1.268033142089843750e+02
-1.268133163452148438e+02
-1.268333129882812500e+02
-1.268333129882812500e+02
-1.268433074951171875e+02
-1.268633041381835938e+02
-1.268633041381835938e+02
-1.268733062744140625e+02
-1.268933029174804688e+02
-1.268933029174804688e+02
-1.269132995605468750e+02
-1.269132995605468750e+02
-1.269232940673828125e+02
-1.269432907104492188e+02
-1.269432907104492188e+02
-1.269532928466796875e+02
-1.269732818603515625e+02
-1.269732818603515625e+02
-1.269932785034179688e+02
-1.270032806396484375e+02
-1.270132751464843750e+02
-1.270232772827148438e+02
-1.270232772827148438e+02
-1.270332717895507812e+02
-1.270532684326171875e+02
-1.270532684326171875e+02
-1.270632705688476562e+02
-1.270832672119140625e+02
-1.270832672119140625e+02
-1.271032638549804688e+02
-1.271132583618164062e+02
-1.271132583618164062e+02
-1.271332550048828125e+02
-1.271332550048828125e+02
-1.271432495117187500e+02
-1.271632461547851562e+02
-1.271632461547851562e+02
-1.271732482910156250e+02
-1.271932449340820312e+02
-1.271932449340820312e+02
-1.272132415771484375e+02
-1.272132415771484375e+02
-1.272232360839843750e+02
-1.272432327270507812e+02
-1.272432327270507812e+02
-1.272532348632812500e+02
-1.272732315063476562e+02
-1.272732315063476562e+02
-1.272932281494140625e+02
-1.273032226562500000e+02
-1.273032226562500000e+02
-1.273232192993164062e+02
-1.273232192993164062e+02
-1.273332138061523438e+02
-1.273532104492187500e+02
-1.273532104492187500e+02
-1.273732070922851562e+02
-1.273832092285156250e+02
-1.273832092285156250e+02
-1.274032058715820312e+02
-1.274032058715820312e+02
-1.274032058715820312e+02
-1.274331970214843750e+02
-1.274331970214843750e+02
-1.274331970214843750e+02
-1.274531936645507812e+02
-1.274631958007812500e+02
-1.274831848144531250e+02
-1.274831848144531250e+02
-1.274931869506835938e+02
-1.275131835937500000e+02
-1.275131835937500000e+02
-1.275131835937500000e+02
-1.275431747436523438e+02
-1.275431747436523438e+02
-1.275631713867187500e+02
-1.275631713867187500e+02
-1.275731735229492188e+02
-1.275931701660156250e+02
-1.275931701660156250e+02
-1.276031646728515625e+02
-1.276231613159179688e+02
-1.276231613159179688e+02
-1.276431579589843750e+02
-1.276531524658203125e+02
-1.276531524658203125e+02
-1.276731491088867188e+02
-1.276731491088867188e+02
-1.276831512451171875e+02
-1.277031478881835938e+02
-1.277031478881835938e+02
-1.277131423950195312e+02
-1.277331390380859375e+02
-1.277331390380859375e+02
-1.277431411743164062e+02
-1.277631378173828125e+02
-1.277831344604492188e+02
-1.277831344604492188e+02
-1.277831344604492188e+02
-1.277931289672851562e+02
-1.277931289672851562e+02
-1.278131256103515625e+02
-1.278231201171875000e+02
-1.278431167602539062e+02
-1.278431167602539062e+02
-1.278531188964843750e+02
-1.278731155395507812e+02
-1.278731155395507812e+02
-1.278931121826171875e+02
-1.279031066894531250e+02
-1.279031066894531250e+02
-1.279231033325195312e+02
-1.279231033325195312e+02
-1.279331054687500000e+02
-1.279531021118164062e+02
-1.279531021118164062e+02
-1.279730987548828125e+02
-1.279830932617187500e+02
-1.279830932617187500e+02
-1.280030822753906250e+02
-1.280030822753906250e+02
-1.280130920410156250e+02
-1.280330810546875000e+02
-1.280330810546875000e+02
-1.280430755615234375e+02
-1.280630798339843750e+02
-1.280630798339843750e+02
-1.280730743408203125e+02
-1.280830688476562500e+02
-1.280830688476562500e+02
-1.280930786132812500e+02
-1.281130676269531250e+02
-1.281230621337890625e+02
-1.281430664062500000e+02
-1.281430664062500000e+02
-1.281530609130859375e+02
-1.281730499267578125e+02
-1.281730499267578125e+02
-1.281930541992187500e+02
-1.281930541992187500e+02
-1.282130432128906250e+02
-1.282230529785156250e+02
-1.282230529785156250e+02
-1.282430419921875000e+02
-1.282530364990234375e+02
-1.282530364990234375e+02
-1.282730407714843750e+02
-1.282830352783203125e+02
-1.282830352783203125e+02
-1.283030395507812500e+02
-1.283030395507812500e+02
-1.283030395507812500e+02
-1.283230285644531250e+02
-1.283330230712890625e+02
-1.283330230712890625e+02
-1.283530273437500000e+02
-1.283630218505859375e+02
-1.283730163574218750e+02
-1.283930206298828125e+02
-1.284030151367187500e+02
-1.284030151367187500e+02
-1.284130096435546875e+02
-1.284330139160156250e+02
-1.284430084228515625e+02
-1.284530029296875000e+02
-1.284530029296875000e+02
-1.284629974365234375e+02
-1.284730072021484375e+02
-1.284929962158203125e+02
-1.284929962158203125e+02
-1.285029907226562500e+02
-1.285229949951171875e+02
-1.285229949951171875e+02
-1.285329895019531250e+02
-1.285529785156250000e+02
-1.285529785156250000e+02
-1.285729827880859375e+02
-1.285829772949218750e+02
-1.285829772949218750e+02
-1.286029815673828125e+02
-1.286029815673828125e+02
-1.286129760742187500e+02
-1.286329650878906250e+02
-1.286329650878906250e+02
-1.286429748535156250e+02
-1.286629638671875000e+02
-1.286629638671875000e+02
-1.286829681396484375e+02
-1.286929626464843750e+02
-1.287029571533203125e+02
-1.287029571533203125e+02
-1.287129516601562500e+02
-1.287329559326171875e+02
-1.287329559326171875e+02
-1.287429504394531250e+02
-1.287629394531250000e+02
-1.287629394531250000e+02
-1.287729492187500000e+02
-1.287929382324218750e+02
-1.287929382324218750e+02
-1.288029327392578125e+02
-1.288129425048828125e+02
-1.288229370117187500e+02
-1.288329315185546875e+02
-1.288529357910156250e+02
-1.288529357910156250e+02
-1.288729248046875000e+02
-1.288829193115234375e+02
-1.288829193115234375e+02
-1.289029235839843750e+02
-1.289029235839843750e+02
-1.289029235839843750e+02
-1.289229125976562500e+02
-1.289329071044921875e+02
-1.289429168701171875e+02
-1.289629058837890625e+02
-1.289629058837890625e+02
-1.289829101562500000e+02
-1.289929046630859375e+02
-1.290028991699218750e+02
-1.290128936767578125e+02
-1.290128936767578125e+02
-1.290328979492187500e+02
-1.290428924560546875e+02
-1.290428924560546875e+02
-1.290628814697265625e+02
-1.290728912353515625e+02
-1.290728912353515625e+02
-1.290928802490234375e+02
-1.290928802490234375e+02
-1.291028747558593750e+02
-1.291228790283203125e+02
-1.291228790283203125e+02
-1.291428680419921875e+02
-1.291528778076171875e+02
-1.291528778076171875e+02
-1.291728668212890625e+02
-1.291728668212890625e+02
-1.291828613281250000e+02
-1.292028656005859375e+02
-1.292028656005859375e+02
-1.292028656005859375e+02
-1.292328491210937500e+02
-1.292328491210937500e+02
-1.292528533935546875e+02
-1.292628479003906250e+02
-1.292728424072265625e+02
-1.292828521728515625e+02
-1.292828521728515625e+02
-1.292928466796875000e+02
-1.293128356933593750e+02
-1.293128356933593750e+02
-1.293228454589843750e+02
-1.293428344726562500e+02
-1.293528289794921875e+02
-1.293628387451171875e+02
-1.293628387451171875e+02
-1.293728332519531250e+02
-1.293928222656250000e+02
-1.293928222656250000e+02
-1.294128265380859375e+02
-1.294228210449218750e+02
-1.294228210449218750e+02
-1.294428100585937500e+02
-1.294428100585937500e+02
-1.294528198242187500e+02
-1.294728088378906250e+02
-1.294728088378906250e+02
-1.294928131103515625e+02
-1.295028076171875000e+02
-1.295028076171875000e+02
-1.295128021240234375e+02
-1.295328063964843750e+02
-1.295428009033203125e+02
-1.295527954101562500e+02
-1.295527954101562500e+02
-1.295627899169921875e+02
-1.295827941894531250e+02
-1.295827941894531250e+02
-1.296027832031250000e+02
-1.296127777099609375e+02
-1.296127777099609375e+02
-1.296327819824218750e+02
-1.296327819824218750e+02
-1.296427764892578125e+02
-1.296627807617187500e+02
-1.296627807617187500e+02
-1.296727752685546875e+02
-1.296927642822265625e+02
-1.296927642822265625e+02
-1.297127685546875000e+02
-1.297127685546875000e+02
-1.297227630615234375e+02
-1.297327575683593750e+02
-1.297527618408203125e+02
-1.297527618408203125e+02
-1.297727508544921875e+02
-1.297727508544921875e+02
-1.297927551269531250e+02
-1.298027496337890625e+02
-1.298027496337890625e+02
-1.298227386474609375e+02
-1.298327484130859375e+02
-1.298327484130859375e+02
-1.298527374267578125e+02
-1.298527374267578125e+02
-1.298627319335937500e+02
-1.298827362060546875e+02
-1.298827362060546875e+02
-1.298927307128906250e+02
-1.299127197265625000e+02
-1.299127197265625000e+02
-1.299327239990234375e+02
-1.299327239990234375e+02
-1.299427185058593750e+02
-1.299627227783203125e+02
-1.299627227783203125e+02
-1.299827117919921875e+02
-1.299927062988281250e+02
-1.299927062988281250e+02
-1.300127105712890625e+02
-1.300127105712890625e+02
-1.300227050781250000e+02
-1.300427093505859375e+02
-1.300427093505859375e+02
-1.300527038574218750e+02
-1.300626983642578125e+02
-1.300726928710937500e+02
-1.300826873779296875e+02
-1.300926971435546875e+02
-1.301026916503906250e+02
-1.301126861572265625e+02
-1.301326904296875000e+02
-1.301326904296875000e+02
-1.301526794433593750e+02
-1.301526794433593750e+02
-1.301626739501953125e+02
-1.301826782226562500e+02
-1.301826782226562500e+02
-1.301826782226562500e+02
-1.302126770019531250e+02
-1.302126770019531250e+02
-1.302326660156250000e+02
-1.302426605224609375e+02
-1.302426605224609375e+02
-1.302526550292968750e+02
-1.302626647949218750e+02
-1.302726593017578125e+02
-1.302926483154296875e+02
-1.302926483154296875e+02
-1.303026580810546875e+02
-1.303226470947265625e+02
-1.303226470947265625e+02
-1.303426513671875000e+02
-1.303426513671875000e+02
-1.303526458740234375e+02
-1.303726348876953125e+02
-1.303726348876953125e+02
-1.303826446533203125e+02
-1.303926391601562500e+02
-1.304026336669921875e+02
-1.304126281738281250e+02
-1.304226226806640625e+02
-1.304326324462890625e+02
-1.304726257324218750e+02
-1.304826202392578125e+02
-1.304926147460937500e+02
-1.305026092529296875e+02
-1.305126190185546875e+02
-1.305226135253906250e+02
-1.305326080322265625e+02
-1.305426025390625000e+02
-1.305526123046875000e+02
-1.305626068115234375e+02
-1.305726013183593750e+02
-1.305825958251953125e+02
-1.305925903320312500e+02
-1.306026000976562500e+02
-1.306125946044921875e+02
-1.306225891113281250e+02
-1.306325836181640625e+02
-1.306425933837890625e+02
-1.306525878906250000e+02
-1.306625823974609375e+02
-1.306725769042968750e+02
-1.306825866699218750e+02
-1.306925811767578125e+02
-1.307025756835937500e+02
-1.307125701904296875e+02
-1.307225799560546875e+02
-1.307325744628906250e+02
-1.307425689697265625e+02
-1.307525634765625000e+02
-1.307625732421875000e+02
-1.307725677490234375e+02
-1.307825622558593750e+02
-1.307925567626953125e+02
-1.308025512695312500e+02
-1.308125610351562500e+02
-1.308225555419921875e+02
-1.308325500488281250e+02
-1.308425445556640625e+02
-1.308525543212890625e+02
-1.308625488281250000e+02
-1.308725433349609375e+02
-1.308925476074218750e+02
-1.308925476074218750e+02
-1.309025421142578125e+02
-1.309125366210937500e+02
-1.309225311279296875e+02
-1.309425354003906250e+02
-1.309425354003906250e+02
-1.309525299072265625e+02
-1.309525299072265625e+02
-1.309525299072265625e+02
-1.309825286865234375e+02
-1.309925231933593750e+02
-1.310025177001953125e+02
-1.310125122070312500e+02
-1.310225219726562500e+02
-1.310325164794921875e+02
-1.310525054931640625e+02
-1.310525054931640625e+02
-1.310625152587890625e+02
-1.310825042724609375e+02
-1.310825042724609375e+02
-1.310924987792968750e+02
-1.311025085449218750e+02
-1.311025085449218750e+02
-1.311324920654296875e+02
-1.311324920654296875e+02
-1.311424865722656250e+02
-1.311624908447265625e+02
-1.311624908447265625e+02
-1.311724853515625000e+02
-1.311924896240234375e+02
-1.311924896240234375e+02
-1.312024841308593750e+02
-1.312224731445312500e+02
-1.312224731445312500e+02
-1.312424774169921875e+02
-1.312424774169921875e+02
-1.312524719238281250e+02
-1.312624664306640625e+02
-1.312624664306640625e+02
-1.312824707031250000e+02
-1.313024597167968750e+02
-1.313024597167968750e+02
-1.313124542236328125e+02
-1.313324584960937500e+02
-1.313324584960937500e+02
-1.313524475097656250e+02
-1.313524475097656250e+02
-1.313624572753906250e+02
-1.313624572753906250e+02
-1.313824462890625000e+02
-1.313924407958984375e+02
-1.314124450683593750e+02
-1.314124450683593750e+02
-1.314224395751953125e+02
-1.314324340820312500e+02
-1.314424438476562500e+02
-1.314624328613281250e+02
-1.314624328613281250e+02
-1.314724273681640625e+02
-1.314924316406250000e+02
-1.314924316406250000e+02
-1.315024261474609375e+02
-1.315124206542968750e+02
-1.315224151611328125e+02
-1.315424194335937500e+02
-1.315424194335937500e+02
-1.315524139404296875e+02
-1.315724182128906250e+02
-1.315724182128906250e+02
-1.315724182128906250e+02
-1.315824127197265625e+02
-1.316024017333984375e+02
-1.316224060058593750e+02
-1.316224060058593750e+02
-1.316324005126953125e+02
-1.316523895263671875e+02
-1.316523895263671875e+02
-1.316623992919921875e+02
-1.316823883056640625e+02
-1.316823883056640625e+02
-1.317023925781250000e+02
-1.317023925781250000e+02
-1.317123870849609375e+02
-1.317323760986328125e+02
-1.317323760986328125e+02
-1.317423858642578125e+02
-1.317523803710937500e+02
-1.317623748779296875e+02
-1.317823791503906250e+02
-1.317923736572265625e+02
-1.317923736572265625e+02
-1.318123626708984375e+02
-1.318123626708984375e+02
-1.318223571777343750e+02
-1.318423614501953125e+02
-1.318423614501953125e+02
-1.318523559570312500e+02
-1.318723602294921875e+02
-1.318723602294921875e+02
-1.318823547363281250e+02
-1.319023437500000000e+02
-1.319023437500000000e+02
-1.319223480224609375e+02
-1.319223480224609375e+02
-1.319323425292968750e+02
-1.319523468017578125e+02
-1.319523468017578125e+02
-1.319723358154296875e+02
-1.319723358154296875e+02
-1.319823303222656250e+02
-1.320023345947265625e+02
-1.320023345947265625e+02
-1.320123291015625000e+02
-1.320323181152343750e+02
-1.320323181152343750e+02
-1.320423278808593750e+02
-1.320623168945312500e+02
-1.320623168945312500e+02
-1.320823211669921875e+02
-1.320823211669921875e+02
-1.320923156738281250e+02
-1.321123046875000000e+02
-1.321123046875000000e+02
-1.321223144531250000e+02
-1.321423034667968750e+02
-1.321423034667968750e+02
-1.321622924804687500e+02
-1.321622924804687500e+02
-1.321622924804687500e+02
-1.321922912597656250e+02
-1.321922912597656250e+02
-1.322022857666015625e+02
-1.322222900390625000e+02
-1.322222900390625000e+02
-1.322422790527343750e+02
-1.322422790527343750e+02
-1.322522888183593750e+02
-1.322722778320312500e+02
-1.322722778320312500e+02
-1.322822723388671875e+02
-1.322822723388671875e+02
-1.323022766113281250e+02
-1.323222656250000000e+02
-1.323222656250000000e+02
-1.323322601318359375e+02
-1.323522644042968750e+02
-1.323522644042968750e+02
-1.323622589111328125e+02
-1.323622589111328125e+02
-1.323822631835937500e+02
-1.323922576904296875e+02
-1.324122467041015625e+02
-1.324122467041015625e+02
-1.324322509765625000e+02
-1.324322509765625000e+02
-1.324422454833984375e+02
-1.324622497558593750e+02
-1.324622497558593750e+02
-1.324722442626953125e+02
-1.324922332763671875e+02
-1.324922332763671875e+02
-1.325022277832031250e+02
-1.325222320556640625e+02
-1.325222320556640625e+02
-1.325322265625000000e+02
-1.325322265625000000e+02
-1.325522308349609375e+02
-1.325722198486328125e+02
-1.325822143554687500e+02
-1.325922241210937500e+02
-1.325922241210937500e+02
-1.325922241210937500e+02
-1.326022186279296875e+02
-1.326122131347656250e+02
-1.326322174072265625e+02
-1.326422119140625000e+02
-1.326522064208984375e+02
-1.326622009277343750e+02
-1.326721954345703125e+02
-1.326822052001953125e+02
-1.327021942138671875e+02
-1.327021942138671875e+02
-1.327121887207031250e+02
-1.327321929931640625e+02
-1.327321929931640625e+02
-1.327421875000000000e+02
-1.327521820068359375e+02
-1.327621917724609375e+02
-1.327721862792968750e+02
-1.327821807861328125e+02
-1.328021850585937500e+02
-1.328021850585937500e+02
-1.328121795654296875e+02
-1.328221740722656250e+02
-1.328321685791015625e+02
-1.328421783447265625e+02
-1.328521728515625000e+02
-1.328621673583984375e+02
-1.328721618652343750e+02
-1.328821563720703125e+02
-1.328921661376953125e+02
-1.329021606445312500e+02
-1.329121551513671875e+02
-1.329221496582031250e+02
-1.329321594238281250e+02
-1.329421539306640625e+02
-1.329521484375000000e+02
-1.329621429443359375e+02
-1.329721527099609375e+02
-1.329921417236328125e+02
-1.329921417236328125e+02
-1.330121459960937500e+02
-1.330121459960937500e+02
-1.330221405029296875e+02
-1.330421295166015625e+02
-1.330421295166015625e+02
-1.330521240234375000e+02
-1.330721282958984375e+02
-1.330721282958984375e+02
-1.330921173095703125e+02
-1.330921173095703125e+02
-1.331021270751953125e+02
-1.331221160888671875e+02
-1.331221160888671875e+02
-1.331321105957031250e+02
-1.331521148681640625e+02
-1.331521148681640625e+02
-1.331621093750000000e+02
-1.331721038818359375e+02
-1.331821136474609375e+02
-1.332021026611328125e+02
-1.332021026611328125e+02
-1.332120971679687500e+02
-1.332321014404296875e+02
-1.332321014404296875e+02
-1.332420959472656250e+02
-1.332620849609375000e+02
-1.332620849609375000e+02
-1.332720947265625000e+02
-1.332920837402343750e+02
-1.332920837402343750e+02
-1.333120880126953125e+02
-1.333120880126953125e+02
-1.333220825195312500e+02
-1.333220825195312500e+02
-1.333420715332031250e+02
-1.333620758056640625e+02
-1.333620758056640625e+02
-1.333720703125000000e+02
-1.333820648193359375e+02
-1.334020690917968750e+02
-1.334020690917968750e+02
-1.334220581054687500e+02
-1.334220581054687500e+02
-1.334320526123046875e+02
-1.334520568847656250e+02
-1.334520568847656250e+02
-1.334620513916015625e+02
-1.334820556640625000e+02
-1.334820556640625000e+02
-1.334920501708984375e+02
-1.335120391845703125e+02
-1.335120391845703125e+02
-1.335320434570312500e+02
-1.335320434570312500e+02
-1.335420379638671875e+02
-1.335620269775390625e+02
-1.335620269775390625e+02
-1.335720367431640625e+02
-1.335920257568359375e+02
-1.335920257568359375e+02
-1.336020202636718750e+02
-1.336120300292968750e+02
-1.336220245361328125e+02
-1.336420135498046875e+02
-1.336420135498046875e+02
-1.336520233154296875e+02
-1.336720123291015625e+02
-1.336720123291015625e+02
-1.336920166015625000e+02
-1.336920166015625000e+02
-1.337020111083984375e+02
-1.337020111083984375e+02
-1.337220001220703125e+02
-1.337220001220703125e+02
-1.337420043945312500e+02
-1.337519989013671875e+02
-1.337619934082031250e+02
-1.337819976806640625e+02
-1.337819976806640625e+02
-1.337919921875000000e+02
-1.338119812011718750e+02
-1.338119812011718750e+02
-1.338319854736328125e+02
-1.338319854736328125e+02
-1.338419799804687500e+02
-1.338519744873046875e+02
-1.338619842529296875e+02
-1.338619842529296875e+02
-1.338919677734375000e+02
-1.338919677734375000e+02
-1.339019622802734375e+02
-1.339119720458984375e+02
-1.339219665527343750e+02
-1.339419555664062500e+02
-1.339419555664062500e+02
-1.339519653320312500e+02
-1.339619598388671875e+02
-1.339719543457031250e+02
-1.339819488525390625e+02
-1.339919586181640625e+02
-1.340019531250000000e+02
-1.340219421386718750e+02
-1.340219421386718750e+02
-1.340319519042968750e+02
-1.340319519042968750e+02
-1.340519409179687500e+02
-1.340719299316406250e+02
-1.340719299316406250e+02
-1.340819396972656250e+02
-1.341019287109375000e+02
-1.341019287109375000e+02
-1.341119232177734375e+02
-1.341319274902343750e+02
-1.341319274902343750e+02
-1.341419219970703125e+02
-1.341519165039062500e+02
-1.341519165039062500e+02
-1.341819152832031250e+02
-1.341819152832031250e+02
-1.341919097900390625e+02
-1.342119140625000000e+02
-1.342119140625000000e+02
-1.342219085693359375e+02
-1.342319030761718750e+02
-1.342418975830078125e+02
-1.342519073486328125e+02
-1.342519073486328125e+02
-1.342519073486328125e+02
-1.342519073486328125e+02
-1.342519073486328125e+02
-1.342519073486328125e+02
-1.342519073486328125e+02
-1.342519073486328125e+02
-1.342519073486328125e+02
-1.342519073486328125e+02
-1.342519073486328125e+02
-1.342519073486328125e+02
-1.342519073486328125e+02
-1.342519073486328125e+02
-1.342519073486328125e+02
-1.342519073486328125e+02
-1.342519073486328125e+02
-1.342519073486328125e+02
-1.342519073486328125e+02
-1.342519073486328125e+02
-1.342519073486328125e+02
-1.342519073486328125e+02
-1.342519073486328125e+02
-1.342519073486328125e+02
-1.342519073486328125e+02
-1.342519073486328125e+02
-1.342519073486328125e+02
-1.342519073486328125e+02
-1.342519073486328125e+02
-1.342519073486328125e+02
-1.342519073486328125e+02
-1.342519073486328125e+02
-1.342519073486328125e+02
-1.342519073486328125e+02
-1.342519073486328125e+02
-1.342519073486328125e+02
-1.342519073486328125e+02
-1.342519073486328125e+02
-1.342519073486328125e+02
-1.342519073486328125e+02
-1.342519073486328125e+02
-1.342519073486328125e+02
-1.342519073486328125e+02
-1.342519073486328125e+02
-1.342519073486328125e+02
-1.342519073486328125e+02
-1.342519073486328125e+02
-1.342519073486328125e+02
-1.342519073486328125e+02
-1.342519073486328125e+02
-1.342519073486328125e+02
-1.342519073486328125e+02
-1.342519073486328125e+02
-1.342519073486328125e+02
-1.342519073486328125e+02
-1.342519073486328125e+02
-1.342519073486328125e+02
-1.342519073486328125e+02
-1.342519073486328125e+02
-1.342519073486328125e+02
-1.342519073486328125e+02
-1.342519073486328125e+02
-1.342519073486328125e+02
-1.342519073486328125e+02
-1.342519073486328125e+02
-1.342519073486328125e+02
-1.342519073486328125e+02
-1.342519073486328125e+02
-1.342519073486328125e+02
-1.342519073486328125e+02
-1.342519073486328125e+02
-1.342519073486328125e+02
-1.342519073486328125e+02
-1.342519073486328125e+02
-1.342519073486328125e+02
-1.342519073486328125e+02
-1.342519073486328125e+02
-1.342519073486328125e+02
-1.342519073486328125e+02
-1.342519073486328125e+02
-1.342519073486328125e+02
-1.342519073486328125e+02
-1.342519073486328125e+02
-1.342519073486328125e+02
-1.342519073486328125e+02
-1.342519073486328125e+02
-1.342519073486328125e+02
-1.342519073486328125e+02
-1.342519073486328125e+02
-1.342519073486328125e+02
-1.342519073486328125e+02
-1.342519073486328125e+02
-1.342519073486328125e+02
-1.342519073486328125e+02
-1.342519073486328125e+02
-1.342519073486328125e+02
-1.342519073486328125e+02
-1.342519073486328125e+02
-1.342519073486328125e+02
-1.342519073486328125e+02
-1.342519073486328125e+02
-1.342519073486328125e+02
-1.342519073486328125e+02
-1.342519073486328125e+02
-1.342519073486328125e+02
-1.342519073486328125e+02
-1.342519073486328125e+02
-1.342519073486328125e+02
-1.342519073486328125e+02
-1.342519073486328125e+02
-1.342519073486328125e+02
-1.342519073486328125e+02
-1.342519073486328125e+02
-1.342519073486328125e+02
-1.342519073486328125e+02
-1.342519073486328125e+02
-1.342519073486328125e+02
-1.342519073486328125e+02
-1.342519073486328125e+02
-1.342519073486328125e+02
-1.342519073486328125e+02
-1.342519073486328125e+02
-1.342519073486328125e+02
-1.342519073486328125e+02
-1.342519073486328125e+02
-1.342519073486328125e+02
-1.342519073486328125e+02
-1.342519073486328125e+02
-1.342519073486328125e+02
-1.342519073486328125e+02
-1.342519073486328125e+02
-1.342519073486328125e+02
-1.342519073486328125e+02
-1.342519073486328125e+02
-1.342519073486328125e+02
-1.342519073486328125e+02
-1.342519073486328125e+02
-1.342519073486328125e+02
-1.342519073486328125e+02
-1.342519073486328125e+02
-1.342519073486328125e+02
-1.342519073486328125e+02
-1.342519073486328125e+02
-1.342519073486328125e+02
-1.342519073486328125e+02
-1.342519073486328125e+02
-1.342519073486328125e+02
-1.342519073486328125e+02
-1.342519073486328125e+02
-1.342519073486328125e+02
-1.342519073486328125e+02
-1.342519073486328125e+02
-1.342519073486328125e+02
-1.342519073486328125e+02
-1.342519073486328125e+02
-1.342519073486328125e+02
-1.342519073486328125e+02
-1.342519073486328125e+02
-1.342519073486328125e+02
-1.342519073486328125e+02
-1.342519073486328125e+02
-1.342519073486328125e+02
-1.342519073486328125e+02
-1.342519073486328125e+02
-1.342519073486328125e+02
-1.342519073486328125e+02
-1.342519073486328125e+02
-1.342519073486328125e+02
-1.342519073486328125e+02
-1.342519073486328125e+02
-1.342519073486328125e+02
-1.342519073486328125e+02
-1.342519073486328125e+02
-1.342519073486328125e+02
-1.342519073486328125e+02
-1.342519073486328125e+02
-1.342519073486328125e+02
-1.342519073486328125e+02
-1.342519073486328125e+02
-1.342519073486328125e+02
-1.342519073486328125e+02
-1.342519073486328125e+02
-1.342519073486328125e+02
-1.342519073486328125e+02
-1.342519073486328125e+02
-1.342519073486328125e+02
-1.342519073486328125e+02
-1.342519073486328125e+02
-1.342519073486328125e+02
-1.342519073486328125e+02
-1.342519073486328125e+02
-1.342519073486328125e+02
-1.342519073486328125e+02
-1.342519073486328125e+02
-1.342519073486328125e+02
-1.342519073486328125e+02
-1.342519073486328125e+02
-1.342519073486328125e+02
-1.342519073486328125e+02
-1.342519073486328125e+02
-1.342519073486328125e+02
-1.342519073486328125e+02
-1.342519073486328125e+02
-1.342519073486328125e+02
-1.342519073486328125e+02
-1.342519073486328125e+02
-1.342519073486328125e+02
-1.342519073486328125e+02
-1.342519073486328125e+02
-1.342519073486328125e+02
-1.342519073486328125e+02
-1.342519073486328125e+02
-1.342519073486328125e+02
-1.342519073486328125e+02
-1.342519073486328125e+02
-1.342519073486328125e+02
-1.342519073486328125e+02
-1.342519073486328125e+02
-1.342519073486328125e+02
-1.342519073486328125e+02
-1.342519073486328125e+02
-1.342519073486328125e+02
-1.342519073486328125e+02
-1.342519073486328125e+02
-1.342519073486328125e+02
-1.342519073486328125e+02
-1.342519073486328125e+02
-1.342519073486328125e+02
-1.342519073486328125e+02
-1.342519073486328125e+02
-1.342519073486328125e+02
-1.342519073486328125e+02
-1.342519073486328125e+02
-1.342519073486328125e+02
-1.342519073486328125e+02
-1.342519073486328125e+02
-1.342519073486328125e+02
-1.342519073486328125e+02
-1.342519073486328125e+02
-1.342519073486328125e+02
-1.342519073486328125e+02
-1.342519073486328125e+02
-1.342519073486328125e+02
-1.342519073486328125e+02
-1.342519073486328125e+02
-1.342519073486328125e+02
-1.342519073486328125e+02
-1.342519073486328125e+02
-1.342519073486328125e+02
-1.342519073486328125e+02
-1.342519073486328125e+02
-1.342519073486328125e+02
-1.342519073486328125e+02
-1.342519073486328125e+02
-1.342519073486328125e+02
-1.342519073486328125e+02
-1.342519073486328125e+02
-1.342519073486328125e+02
-1.342519073486328125e+02
-1.342519073486328125e+02
-1.342519073486328125e+02
-1.342519073486328125e+02
-1.342519073486328125e+02
-1.342519073486328125e+02
-1.342519073486328125e+02
-1.351643371582031250e+02
-1.351743316650390625e+02
-1.351743316650390625e+02
-1.351843414306640625e+02
-1.352043304443359375e+02
-1.352143249511718750e+02
-1.352243194580078125e+02
-1.352343292236328125e+02
-1.352443237304687500e+02
-1.352543182373046875e+02
-1.352743225097656250e+02
-1.352843170166015625e+02
-1.352943115234375000e+02
-1.352943115234375000e+02
-1.353043060302734375e+02
-1.353143157958984375e+02
-1.353343048095703125e+02
-1.353442993164062500e+02
-1.353442993164062500e+02
-1.353442993164062500e+02
-1.353742980957031250e+02
-1.353842926025390625e+02
-1.353842926025390625e+02
-1.353842926025390625e+02
-1.354042968750000000e+02
-1.354242858886718750e+02
-1.354342803955078125e+02
-1.354442901611328125e+02
-1.354442901611328125e+02
-1.354542846679687500e+02
-1.354642791748046875e+02
-1.354742736816406250e+02
-1.354842834472656250e+02
-1.354942779541015625e+02
-1.355042724609375000e+02
-1.355142669677734375e+02
-1.355142669677734375e+02
-1.355342712402343750e+02
-1.355442657470703125e+02
-1.355542602539062500e+02
-1.355642547607421875e+02
-1.355742645263671875e+02
-1.355842590332031250e+02
-1.355942535400390625e+02
-1.356042480468750000e+02
-1.356142578125000000e+02
-1.356142578125000000e+02
-1.356342468261718750e+02
-1.356342468261718750e+02
-1.356542510986328125e+02
-1.356642456054687500e+02
-1.356742401123046875e+02
-1.356742401123046875e+02
-1.356942443847656250e+02
-1.356942443847656250e+02
-1.357142333984375000e+02
-1.357242279052734375e+02
-1.357242279052734375e+02
-1.357442321777343750e+02
-1.357542266845703125e+02
-1.357542266845703125e+02
-1.357742156982421875e+02
-1.357742156982421875e+02
-1.358042144775390625e+02
-1.358042144775390625e+02
-1.358142089843750000e+02
-1.358342132568359375e+02
-1.358342132568359375e+02
-1.358342132568359375e+02
-1.358642120361328125e+02
-1.358642120361328125e+02
-1.358642120361328125e+02
-1.358941955566406250e+02
-1.358941955566406250e+02
-1.359041900634765625e+02
-1.359141998291015625e+02
-1.359141998291015625e+02
-1.359341888427734375e+02
-1.359441833496093750e+02
-1.359541931152343750e+02
-1.359641876220703125e+02
-1.359741821289062500e+02
-1.359841766357421875e+02
-1.360041809082031250e+02
-1.360041809082031250e+02
-1.360241699218750000e+02
-1.360341796875000000e+02
-1.360441741943359375e+02
-1.360441741943359375e+02
-1.360641632080078125e+02
-1.360741577148437500e+02
-1.360741577148437500e+02
-1.360841674804687500e+02
-1.360841674804687500e+02
-1.361041564941406250e+02
-1.361041564941406250e+02
-1.361241607666015625e+02
-1.361341552734375000e+02
-1.361341552734375000e+02
-1.361541442871093750e+02
-1.361741485595703125e+02
-1.361741485595703125e+02
-1.362041473388671875e+02
-1.362041473388671875e+02
-1.362341308593750000e+02
-1.362441253662109375e+02
-1.362541351318359375e+02
-1.362541351318359375e+02
-1.362641296386718750e+02
-1.362641296386718750e+02
-1.362941284179687500e+02
-1.362941284179687500e+02
-1.363041229248046875e+02
-1.363141174316406250e+02
-1.363241119384765625e+02
-1.363341217041015625e+02
-1.363541107177734375e+02
-1.363541107177734375e+02
-1.363641052246093750e+02
-1.363841094970703125e+02
-1.363841094970703125e+02
-1.363941040039062500e+02
-1.363941040039062500e+02
-1.364241027832031250e+02
-1.364340972900390625e+02
-1.364440917968750000e+02
-1.364440917968750000e+02
-1.364640960693359375e+02
-1.364640960693359375e+02
-1.364740905761718750e+02
-1.364940795898437500e+02
-1.364940795898437500e+02
-1.365040893554687500e+02
-1.365240783691406250e+02
-1.365240783691406250e+02
-1.365340728759765625e+02
-1.365440826416015625e+02
-1.365540771484375000e+02
-1.365640716552734375e+02
-1.365740661621093750e+02
-1.365840606689453125e+02
-1.365940704345703125e+02
-1.366140594482421875e+02
-1.366140594482421875e+02
-1.366240539550781250e+02
-1.366240539550781250e+02
-1.366440582275390625e+02
-1.366540527343750000e+02
-1.366540527343750000e+02
-1.366740570068359375e+02
-1.366840515136718750e+02
-1.367040405273437500e+02
-1.367140502929687500e+02
-1.367240447998046875e+02
-1.367240447998046875e+02
-1.367340393066406250e+02
-1.367440338134765625e+02
-1.367540435791015625e+02
-1.367640380859375000e+02
-1.367740325927734375e+02
-1.367740325927734375e+02
-1.367940216064453125e+02
-1.368140258789062500e+02
-1.368140258789062500e+02
-1.368240203857421875e+02
-1.368440246582031250e+02
-1.368440246582031250e+02
-1.368540191650390625e+02
-1.368740081787109375e+02
-1.368740081787109375e+02
-1.368840179443359375e+02
-1.369040069580078125e+02
-1.369140014648437500e+02
-1.369240112304687500e+02
-1.369240112304687500e+02
-1.369340057373046875e+02
-1.369440002441406250e+02
-1.369539947509765625e+02
-1.369639892578125000e+02
-1.369839935302734375e+02
-1.369839935302734375e+02
-1.369939880371093750e+02
-1.369939880371093750e+02
-1.370039825439453125e+02
-1.370239868164062500e+02
-1.370239868164062500e+02
-1.370439758300781250e+02
-1.370539855957031250e+02
-1.370739746093750000e+02
-1.370839691162109375e+02
-1.370839691162109375e+02
-1.370839691162109375e+02
-1.370839691162109375e+02
-1.371239624023437500e+02
-1.371239624023437500e+02
-1.371339569091796875e+02
-1.371539611816406250e+02
-1.371539611816406250e+02
-1.371639556884765625e+02
-1.371839599609375000e+02
-1.371839599609375000e+02
-1.371939544677734375e+02
-1.371939544677734375e+02
-1.372139434814453125e+02
-1.372239532470703125e+02
-1.372439422607421875e+02
-1.372439422607421875e+02
-1.372539367675781250e+02
-1.372739410400390625e+02
-1.372739410400390625e+02
-1.372739410400390625e+02
-1.372939300537109375e+02
-1.373039245605468750e+02
-1.373139343261718750e+02
-1.373239288330078125e+02
-1.373339233398437500e+02
-1.373439178466796875e+02
-1.373539276123046875e+02
-1.373639221191406250e+02
-1.373839111328125000e+02
-1.373839111328125000e+02
-1.373839111328125000e+02
-1.374139099121093750e+02
-1.374139099121093750e+02
-1.374239044189453125e+02
-1.374439086914062500e+02
-1.374439086914062500e+02
-1.374539031982421875e+02
-1.374638977050781250e+02
-1.374738922119140625e+02
-1.374839019775390625e+02
-1.374938964843750000e+02
-1.375038909912109375e+02
-1.375138854980468750e+02
-1.375238952636718750e+02
-1.375338897705078125e+02
-1.375538787841796875e+02
-1.375538787841796875e+02
-1.375538787841796875e+02
-1.375538787841796875e+02
-1.375838775634765625e+02
-1.375838775634765625e+02
-1.376038818359375000e+02
-1.376138763427734375e+02
-1.376338653564453125e+02
-1.376338653564453125e+02
-1.376438598632812500e+02
-1.376638641357421875e+02
-1.376638641357421875e+02
-1.376638641357421875e+02
-1.376838531494140625e+02
-1.376938629150390625e+02
-1.376938629150390625e+02
-1.377038574218750000e+02
-1.377238464355468750e+02
-1.377338562011718750e+02
-1.377438507080078125e+02
-1.377538452148437500e+02
-1.377638397216796875e+02
-1.377738494873046875e+02
-1.377938385009765625e+02
-1.378038330078125000e+02
-1.378038330078125000e+02
-1.378138275146484375e+02
-1.378238372802734375e+02
-1.378238372802734375e+02
-1.378438262939453125e+02
-1.378538208007812500e+02
-1.378638305664062500e+02
-1.378638305664062500e+02
-1.378838195800781250e+02
-1.378938140869140625e+02
-1.379038238525390625e+02
-1.379238128662109375e+02
-1.379238128662109375e+02
-1.379238128662109375e+02
-1.379438171386718750e+02
-1.379538116455078125e+02
-1.379638061523437500e+02
-1.379638061523437500e+02
-1.379738006591796875e+02
-1.379938049316406250e+02
-1.380037994384765625e+02
-1.380137939453125000e+02
-1.380237884521484375e+02
-1.380537872314453125e+02
-1.380637817382812500e+02
-1.380737915039062500e+02
-1.380837860107421875e+02
-1.381037750244140625e+02
-1.381137847900390625e+02
-1.381137847900390625e+02
-1.381337738037109375e+02
-1.381437683105468750e+02
-1.381437683105468750e+02
-1.381537628173828125e+02
-1.381637725830078125e+02
-1.381837615966796875e+02
-1.381837615966796875e+02
-1.381937561035156250e+02
-1.382137603759765625e+02
-1.382137603759765625e+02
-1.382237548828125000e+02
-1.382437591552734375e+02
-1.382537536621093750e+02
-1.382537536621093750e+02
-1.382737426757812500e+02
-1.382837524414062500e+02
-1.382837524414062500e+02
-1.383037414550781250e+02
-1.383137359619140625e+02
-1.383137359619140625e+02
-1.383337402343750000e+02
-1.383437347412109375e+02
-1.383537292480468750e+02
-1.383637237548828125e+02
-1.383737335205078125e+02
-1.383737335205078125e+02
-1.383737335205078125e+02
-1.383737335205078125e+02
-1.384137268066406250e+02
-1.384137268066406250e+02
-1.384437103271484375e+02
-1.384437103271484375e+02
-1.384637145996093750e+02
-1.384637145996093750e+02
-1.384737091064453125e+02
-1.384936981201171875e+02
-1.384936981201171875e+02
-1.385336914062500000e+02
-1.385636901855468750e+02
-1.385636901855468750e+02
-1.385636901855468750e+02
-1.386236877441406250e+02
-1.386336822509765625e+02
-1.386336822509765625e+02
-1.386336822509765625e+02
-1.386636657714843750e+02
-1.386736755371093750e+02
-1.386736755371093750e+02
-1.387136688232421875e+02
-1.387336578369140625e+02
-1.387636566162109375e+02
-1.387736511230468750e+02
-1.387736511230468750e+02
-1.387936553955078125e+02
-1.387936553955078125e+02
-1.388236389160156250e+02
-1.388336334228515625e+02
-1.388336334228515625e+02
-1.388536376953125000e+02
-1.388836364746093750e+02
-1.389436187744140625e+02
-1.389836120605468750e+02
-1.389936065673828125e+02
-1.390036163330078125e+02
-1.390236053466796875e+02
-1.390236053466796875e+02
-1.390335998535156250e+02
-1.390335998535156250e+02
-1.390735931396484375e+02
-1.391335906982421875e+02
-1.391635742187500000e+02
-1.391735839843750000e+02
-1.392035675048828125e+02
-1.392035675048828125e+02
-1.392235717773437500e+02
-1.392335662841796875e+02
-1.392435607910156250e+02
-1.392635650634765625e+02
-1.392735595703125000e+02
-1.392835540771484375e+02
-1.392935485839843750e+02
-1.392935485839843750e+02
-1.393135528564453125e+02
-1.393235473632812500e+02
-1.393235473632812500e+02
-1.393335418701171875e+02
-1.393535461425781250e+02
-1.393535461425781250e+02
-1.393635406494140625e+02
-1.393735351562500000e+02
-1.393935394287109375e+02
-1.393935394287109375e+02
-1.394135284423828125e+02
-1.394135284423828125e+02
-1.394335327148437500e+02
-1.394335327148437500e+02
-1.394535217285156250e+02
-1.394535217285156250e+02
-1.394635162353515625e+02
-1.394735260009765625e+02
-1.394935150146484375e+02
-1.395035095214843750e+02
-1.395035095214843750e+02
-1.395135192871093750e+02
-1.395135192871093750e+02
-1.395435028076171875e+02
-1.395435028076171875e+02
-1.395635070800781250e+02
-1.395735015869140625e+02
-1.395834960937500000e+02
-1.395934906005859375e+02
-1.395934906005859375e+02
-1.396035003662109375e+02
-1.396234893798828125e+02
-1.396234893798828125e+02
-1.396434936523437500e+02
-1.396534881591796875e+02
-1.396534881591796875e+02
-1.396734771728515625e+02
-1.396834869384765625e+02
-1.396934814453125000e+02
-1.397034759521484375e+02
-1.397034759521484375e+02
-1.397234649658203125e+02
-1.397234649658203125e+02
-1.397434692382812500e+02
-1.397434692382812500e+02
-1.397634582519531250e+02
-1.397634582519531250e+02
-1.397734680175781250e+02
-1.397934570312500000e+02
-1.397934570312500000e+02
-1.398034515380859375e+02
-1.398234558105468750e+02
-1.398334503173828125e+02
-1.398334503173828125e+02
-1.398534545898437500e+02
-1.398534545898437500e+02
-1.398734436035156250e+02
-1.398734436035156250e+02
-1.398834381103515625e+02
-1.399034423828125000e+02
-1.399034423828125000e+02
-1.399134368896484375e+02
-1.399234313964843750e+02
-1.399334259033203125e+02
-1.399534301757812500e+02
-1.399534301757812500e+02
-1.399734191894531250e+02
-1.399834289550781250e+02
-1.399834289550781250e+02
-1.400034179687500000e+02
-1.400134124755859375e+02
-1.400134124755859375e+02
-1.400334167480468750e+02
-1.400334167480468750e+02
-1.400434112548828125e+02
-1.400634002685546875e+02
-1.400634002685546875e+02
-1.400834045410156250e+02
-1.400834045410156250e+02
-1.400933990478515625e+02
-1.401134033203125000e+02
-1.401134033203125000e+02
-1.401233978271484375e+02
-1.401433868408203125e+02
-1.401533966064453125e+02
-1.401533966064453125e+02
-1.401733856201171875e+02
-1.401733856201171875e+02
-1.401833801269531250e+02
-1.402033843994140625e+02
-1.402033843994140625e+02
-1.402133789062500000e+02
-1.402333679199218750e+02
-1.402333679199218750e+02
-1.402533721923828125e+02
-1.402633666992187500e+02
-1.402633666992187500e+02
-1.402833709716796875e+02
-1.402833709716796875e+02
-1.402833709716796875e+02
-1.403133544921875000e+02
-1.403133544921875000e+02
-1.403133544921875000e+02
-1.403433532714843750e+02
-1.403433532714843750e+02
-1.403633575439453125e+02
-1.403633575439453125e+02
-1.403733520507812500e+02
-1.403933410644531250e+02
-1.404033355712890625e+02
-1.404033355712890625e+02
-1.404233398437500000e+02
-1.404433288574218750e+02
-1.404433288574218750e+02
-1.404433288574218750e+02
-1.404533386230468750e+02
-1.404733276367187500e+02
-1.404833221435546875e+02
-1.404833221435546875e+02
-1.405033264160156250e+02
-1.405033264160156250e+02
-1.405033264160156250e+02
-1.405333251953125000e+02
-1.405333251953125000e+02
-1.405533142089843750e+02
-1.405533142089843750e+02
-1.405633087158203125e+02
-1.405833129882812500e+02
-1.405833129882812500e+02
-1.406033020019531250e+02
-1.406132965087890625e+02
-1.406132965087890625e+02
-1.406233062744140625e+02
-1.406333007812500000e+02
-1.406432952880859375e+02
-1.406632995605468750e+02
-1.406632995605468750e+02
-1.406732940673828125e+02
-1.406932830810546875e+02
-1.406932830810546875e+02
-1.407032928466796875e+02
-1.407232818603515625e+02
-1.407232818603515625e+02
-1.407432708740234375e+02
-1.407432708740234375e+02
-1.407532806396484375e+02
-1.407732696533203125e+02
-1.407732696533203125e+02
-1.407932739257812500e+02
-1.407932739257812500e+02
-1.408032684326171875e+02
-1.408032684326171875e+02
-1.408232574462890625e+02
-1.408332672119140625e+02
-1.408532562255859375e+02
-1.408532562255859375e+02
-1.408532562255859375e+02
-1.408832550048828125e+02
-1.408832550048828125e+02
-1.409032440185546875e+02
-1.409032440185546875e+02
-1.409032440185546875e+02
-1.409332427978515625e+02
-1.409332427978515625e+02
-1.409432373046875000e+02
-1.409632415771484375e+02
-1.409632415771484375e+02
-1.409832305908203125e+02
-1.409932250976562500e+02
-1.410032348632812500e+02
-1.410032348632812500e+02
-1.410132293701171875e+02
-1.410332183837890625e+02
-1.410432281494140625e+02
-1.410432281494140625e+02
-1.410632171630859375e+02
-1.410732116699218750e+02
-1.410732116699218750e+02
-1.410732116699218750e+02
-1.411032104492187500e+02
-1.411032104492187500e+02
-1.411231994628906250e+02
-1.411332092285156250e+02
-1.411432037353515625e+02
-1.411531982421875000e+02
-1.411631927490234375e+02
-1.411631927490234375e+02
-1.411732025146484375e+02
-1.411831970214843750e+02
-1.411931915283203125e+02
-1.412131958007812500e+02
-1.412131958007812500e+02
-1.412331848144531250e+02
-1.412331848144531250e+02
-1.412431793212890625e+02
-1.412631835937500000e+02
-1.412631835937500000e+02
-1.412731781005859375e+02
-1.412931671142578125e+02
-1.412931671142578125e+02
-1.413131713867187500e+02
-1.413231658935546875e+02
-1.413231658935546875e+02
-1.413431701660156250e+02
-1.413431701660156250e+02
-1.413431701660156250e+02
-1.413731536865234375e+02
-1.413731536865234375e+02
-1.413931579589843750e+02
-1.413931579589843750e+02
-1.414031524658203125e+02
-1.414031524658203125e+02
-1.414231567382812500e+02
-1.414331512451171875e+02
-1.414431457519531250e+02
-1.414631347656250000e+02
-1.414731445312500000e+02
-1.414731445312500000e+02
-1.414831390380859375e+02
-1.415031280517578125e+02
-1.415131378173828125e+02
-1.415131378173828125e+02
-1.415331268310546875e+02
-1.415331268310546875e+02
-1.415431213378906250e+02
-1.415631256103515625e+02
-1.415731201171875000e+02
-1.415831146240234375e+02
-1.415831146240234375e+02
-1.415931243896484375e+02
-1.416031188964843750e+02
-1.416031188964843750e+02
-1.416031188964843750e+02
-1.416331024169921875e+02
-1.416531066894531250e+02
-1.416531066894531250e+02
-1.416631011962890625e+02
-1.416831054687500000e+02
-1.416831054687500000e+02
-1.417030944824218750e+02
-1.417030944824218750e+02
-1.417130889892578125e+02
-1.417330932617187500e+02
-1.417330932617187500e+02
-1.417530822753906250e+02
-1.417630920410156250e+02
-1.417630920410156250e+02
-1.417830810546875000e+02
-1.417930755615234375e+02
-1.417930755615234375e+02
-1.418130798339843750e+02
-1.418130798339843750e+02
-1.418230743408203125e+02
-1.418330688476562500e+02
-1.418430633544921875e+02
-1.418630676269531250e+02
-1.418630676269531250e+02
-1.418730621337890625e+02
-1.418930664062500000e+02
-1.418930664062500000e+02
-1.419030609130859375e+02
-1.419230499267578125e+02
-1.419230499267578125e+02
-1.419430541992187500e+02
-1.419530487060546875e+02
-1.419530487060546875e+02
-1.419630432128906250e+02
-1.419830474853515625e+02
-1.419830474853515625e+02
-1.420030364990234375e+02
-1.420030364990234375e+02
-1.420130310058593750e+02
-1.420330352783203125e+02
-1.420330352783203125e+02
-1.420530242919921875e+02
-1.420630340576171875e+02
-1.420630340576171875e+02
-1.420830230712890625e+02
-1.420830230712890625e+02
-1.420930175781250000e+02
-1.421030273437500000e+02
-1.421130218505859375e+02
-1.421330108642578125e+02
-1.421330108642578125e+02
-1.421430053710937500e+02
-1.421530151367187500e+02
-1.421630096435546875e+02
-1.421730041503906250e+02
-1.421829986572265625e+02
-1.421930084228515625e+02
-1.422030029296875000e+02
-1.422129974365234375e+02
-1.422229919433593750e+02
-1.422229919433593750e+02
-1.422229919433593750e+02
-1.422229919433593750e+02
-1.422229919433593750e+02
-1.422229919433593750e+02
-1.422429962158203125e+02
-1.422529907226562500e+02
-1.422629852294921875e+02
-1.422729949951171875e+02
-1.422829895019531250e+02
-1.422929840087890625e+02
-1.423029785156250000e+02
-1.423129730224609375e+02
-1.423129730224609375e+02
-1.423229827880859375e+02
-1.423329772949218750e+02
-1.423629760742187500e+02
-1.423729705810546875e+02
-1.423829650878906250e+02
-1.423929595947265625e+02
-1.424029693603515625e+02
-1.424129638671875000e+02
-1.424129638671875000e+02
-1.424329528808593750e+02
-1.424329528808593750e+02
-1.424429626464843750e+02
-1.424529571533203125e+02
-1.424729461669921875e+02
-1.424729461669921875e+02
-1.424929504394531250e+02
-1.424929504394531250e+02
-1.425029449462890625e+02
-1.425129394531250000e+02
-1.425229339599609375e+02
-1.425429382324218750e+02
-1.425529327392578125e+02
-1.425629272460937500e+02
-1.425629272460937500e+02
-1.425729370117187500e+02
-1.425829315185546875e+02
-1.425929260253906250e+02
-1.426029205322265625e+02
-1.426129302978515625e+02
-1.426329193115234375e+02
-1.426329193115234375e+02
-1.426429138183593750e+02
-1.426629180908203125e+02
-1.426629180908203125e+02
-1.426729125976562500e+02
-1.426929016113281250e+02
-1.427029113769531250e+02
-1.427129058837890625e+02
-1.427229003906250000e+02
-1.427328948974609375e+02
-1.427429046630859375e+02
-1.427528991699218750e+02
-1.427528991699218750e+02
-1.428028869628906250e+02
-1.428028869628906250e+02
-1.428128814697265625e+02
-1.428328857421875000e+02
-1.428328857421875000e+02
-1.428428802490234375e+02
-1.428428802490234375e+02
-1.428428802490234375e+02
-1.438296966552734375e+02
-1.438495330810546875e+02
-1.438495330810546875e+02
-1.438693542480468750e+02
-1.438693542480468750e+02
-1.438792572021484375e+02
-1.438990936279296875e+02
-1.438990936279296875e+02
-1.439189147949218750e+02
-1.439288177490234375e+02
-1.439288177490234375e+02
-1.439486541748046875e+02
-1.439486541748046875e+02
-1.439585571289062500e+02
-1.439783782958984375e+02
-1.439783782958984375e+02
-1.439882965087890625e+02
-1.439882965087890625e+02
-1.440081024169921875e+02
-1.440279235839843750e+02
-1.440279235839843750e+02
-1.440378265380859375e+02
-1.440576477050781250e+02
-1.440576477050781250e+02
-1.440675506591796875e+02
-1.440873565673828125e+02
-1.440873565673828125e+02
-1.440972747802734375e+02
-1.441071777343750000e+02
-1.441170806884765625e+02
-1.441368865966796875e+02
-1.441368865966796875e+02
-1.441467895507812500e+02
-1.441665802001953125e+02
-1.441764831542968750e+02
-1.441764831542968750e+02
-1.441962738037109375e+02
-1.441962738037109375e+02
-1.442160644531250000e+02
-1.442160644531250000e+02
-1.442259674072265625e+02
-1.442457580566406250e+02
-1.442457580566406250e+02
-1.442556457519531250e+02
-1.442754364013671875e+02
-1.442754364013671875e+02
-1.442853240966796875e+02
-1.443050994873046875e+02
-1.443050994873046875e+02
-1.443248748779296875e+02
-1.443248748779296875e+02
-1.443347473144531250e+02
-1.443446350097656250e+02
-1.443643951416015625e+02
-1.443643951416015625e+02
-1.443742828369140625e+02
-1.443742828369140625e+02
-1.444039154052734375e+02
-1.444039154052734375e+02
-1.444137878417968750e+02
-1.444236602783203125e+02
-1.444335327148437500e+02
-1.444434051513671875e+02
-1.444631500244140625e+02
-1.444631500244140625e+02
-1.444730072021484375e+02
-1.444927368164062500e+02
-1.444927368164062500e+02
-1.444927368164062500e+02
-1.445223236083984375e+02
-1.445223236083984375e+02
-1.445420379638671875e+02
-1.445420379638671875e+02
-1.445518951416015625e+02
-1.445716094970703125e+02
-1.445716094970703125e+02
-1.445814514160156250e+02
-1.446011505126953125e+02
-1.446011505126953125e+02
-1.446011505126953125e+02
-1.446208496093750000e+02
-1.446208496093750000e+02
-1.446503753662109375e+02
-1.446503753662109375e+02
-1.446602020263671875e+02
-1.446798706054687500e+02
-1.446798706054687500e+02
-1.446897125244140625e+02
-1.447093658447265625e+02
-1.447093658447265625e+02
-1.447290191650390625e+02
-1.447290191650390625e+02
-1.447388458251953125e+02
-1.447584838867187500e+02
-1.447584838867187500e+02
-1.447682952880859375e+02
-1.447879333496093750e+02
-1.447879333496093750e+02
-1.448075408935546875e+02
-1.448075408935546875e+02
-1.448173522949218750e+02
-1.448369598388671875e+02
-1.448369598388671875e+02
-1.448369598388671875e+02
-1.448663635253906250e+02
-1.448663635253906250e+02
-1.448761444091796875e+02
-1.448957366943359375e+02
-1.448957366943359375e+02
-1.449153137207031250e+02
-1.449153137207031250e+02
-1.449250946044921875e+02
-1.449348754882812500e+02
-1.449446563720703125e+02
-1.449544372558593750e+02
-1.449642028808593750e+02
-1.449642028808593750e+02
-1.449935302734375000e+02
-1.449935302734375000e+02
-1.450032958984375000e+02
-1.450228118896484375e+02
-1.450228118896484375e+02
-1.450325775146484375e+02
-1.450520935058593750e+02
-1.450520935058593750e+02
-1.450715942382812500e+02
-1.450813446044921875e+02
-1.450813446044921875e+02
-1.450813446044921875e+02
-1.451008453369140625e+02
-1.451203308105468750e+02
-1.451203308105468750e+02
-1.451300659179687500e+02
-1.451398010253906250e+02
-1.451495361328125000e+02
-1.451592712402343750e+02
-1.451690063476562500e+02
-1.451787261962890625e+02
-1.451884613037109375e+02
-1.451981811523437500e+02
-1.452079010009765625e+02
-1.452176208496093750e+02
-1.452273406982421875e+02
-1.452370605468750000e+02
-1.452467651367187500e+02
-1.452564849853515625e+02
-1.452661895751953125e+02
-1.452758941650390625e+02
-1.452855987548828125e+02
-1.452953033447265625e+02
-1.453049926757812500e+02
-1.453243865966796875e+02
-1.453243865966796875e+02
-1.453340911865234375e+02
-1.453437805175781250e+02
-1.453631439208984375e+02
-1.453728332519531250e+02
-1.453728332519531250e+02
-1.453921966552734375e+02
-1.454018707275390625e+02
-1.454018707275390625e+02
-1.454212188720703125e+02
-1.454212188720703125e+02
-1.454308776855468750e+02
-1.454405517578125000e+02
-1.454502105712890625e+02
-1.454598693847656250e+02
-1.454791870117187500e+02
-1.454791870117187500e+02
-1.454888458251953125e+02
-1.455081481933593750e+02
-1.455081481933593750e+02
-1.455178070068359375e+02
-1.455370941162109375e+02
-1.455370941162109375e+02
-1.455467376708984375e+02
-1.455660095214843750e+02
-1.455660095214843750e+02
-1.455852813720703125e+02
-1.455852813720703125e+02
-1.455949096679687500e+02
-1.456141510009765625e+02
-1.456141510009765625e+02
-1.456237792968750000e+02
-1.456430206298828125e+02
-1.456430206298828125e+02
-1.456526336669921875e+02
-1.456718444824218750e+02
-1.456718444824218750e+02
-1.456814575195312500e+02
-1.457006683349609375e+02
-1.457006683349609375e+02
-1.457102661132812500e+02
-1.457294616699218750e+02
-1.457294616699218750e+02
-1.457390441894531250e+02
-1.457678222656250000e+02
-1.457678222656250000e+02
-1.457678222656250000e+02
-1.457774047851562500e+02
-1.457774047851562500e+02
-1.457965545654296875e+02
-1.458061370849609375e+02
-1.458252716064453125e+02
-1.458252716064453125e+02
-1.458348388671875000e+02
-1.458539733886718750e+02
-1.458539733886718750e+02
-1.458635253906250000e+02
-1.458730926513671875e+02
-1.458826446533203125e+02
-1.459017486572265625e+02
-1.459017486572265625e+02
-1.459017486572265625e+02
-1.459303741455078125e+02
-1.459303741455078125e+02
-1.459399108886718750e+02
-1.459589843750000000e+02
-1.459589843750000000e+02
-1.459780426025390625e+02
-1.459780426025390625e+02
-1.459780426025390625e+02
-1.460066223144531250e+02
-1.460066223144531250e+02
-1.460066223144531250e+02
-1.460351562500000000e+02
-1.460351562500000000e+02
-1.460446777343750000e+02
-1.460541839599609375e+02
-1.460636901855468750e+02
-1.460826873779296875e+02
-1.460826873779296875e+02
-1.460921783447265625e+02
-1.461111602783203125e+02
-1.461206512451171875e+02
-1.461301422119140625e+02
-1.461396179199218750e+02
-1.461491088867187500e+02
-1.461585845947265625e+02
-1.461585845947265625e+02
-1.461680603027343750e+02
-1.461869964599609375e+02
-1.461869964599609375e+02
-1.461964569091796875e+02
-1.462153778076171875e+02
-1.462153778076171875e+02
-1.462342987060546875e+02
-1.462342987060546875e+02
-1.462437438964843750e+02
-1.462626342773437500e+02
-1.462626342773437500e+02
-1.462720794677734375e+02
-1.462815246582031250e+02
-1.462909545898437500e+02
-1.463098297119140625e+02
-1.463098297119140625e+02
-1.463192443847656250e+02
-1.463286743164062500e+02
-1.463475189208984375e+02
-1.463475189208984375e+02
-1.463569335937500000e+02
-1.463663482666015625e+02
-1.463757629394531250e+02
-1.463945770263671875e+02
-1.463945770263671875e+02
-1.464039764404296875e+02
-1.464133758544921875e+02
-1.464227600097656250e+02
-1.464415435791015625e+02
-1.464415435791015625e+02
-1.464415435791015625e+02
-1.464696960449218750e+02
-1.464696960449218750e+02
-1.464790802001953125e+02
-1.464978179931640625e+02
-1.464978179931640625e+02
-1.465071868896484375e+02
-1.465165557861328125e+02
-1.465259246826171875e+02
-1.465446319580078125e+02
-1.465446319580078125e+02
-1.465539855957031250e+02
-1.465726776123046875e+02
-1.465726776123046875e+02
-1.465913696289062500e+02
-1.466007080078125000e+02
-1.466007080078125000e+02
-1.466100311279296875e+02
-1.466286926269531250e+02
-1.466286926269531250e+02
-1.466473388671875000e+02
-1.466473388671875000e+02
-1.466566619873046875e+02
-1.466752929687500000e+02
-1.466752929687500000e+02
-1.466846008300781250e+02
-1.466939086914062500e+02
-1.467032012939453125e+02
-1.467218017578125000e+02
-1.467218017578125000e+02
-1.467310943603515625e+02
-1.467496643066406250e+02
-1.467496643066406250e+02
-1.467589416503906250e+02
-1.467682342529296875e+02
-1.467774963378906250e+02
-1.467867736816406250e+02
-1.467960510253906250e+02
-1.468053131103515625e+02
-1.468238372802734375e+02
-1.468238372802734375e+02
-1.468238372802734375e+02
-1.468330841064453125e+02
-1.468515930175781250e+02
-1.468608398437500000e+02
-1.468793182373046875e+02
-1.468793182373046875e+02
-1.468885498046875000e+02
-1.468977813720703125e+02
-1.469070129394531250e+02
-1.469162292480468750e+02
-1.469254608154296875e+02
-1.469346771240234375e+02
-1.469530944824218750e+02
-1.469530944824218750e+02
-1.469623107910156250e+02
-1.469715118408203125e+02
-1.469807128906250000e+02
-1.469898986816406250e+02
-1.470082855224609375e+02
-1.470082855224609375e+02
-1.470266571044921875e+02
-1.470266571044921875e+02
-1.470358276367187500e+02
-1.470541839599609375e+02
-1.470541839599609375e+02
-1.470633392333984375e+02
-1.470816650390625000e+02
-1.470816650390625000e+02
-1.470816650390625000e+02
-1.471091308593750000e+02
-1.471091308593750000e+02
-1.471274108886718750e+02
-1.471274108886718750e+02
-1.471365509033203125e+02
-1.471548156738281250e+02
-1.471548156738281250e+02
-1.471639404296875000e+02
-1.471821899414062500e+02
-1.471821899414062500e+02
-1.471912994384765625e+02
-1.472095184326171875e+02
-1.472095184326171875e+02
-1.472277221679687500e+02
-1.472277221679687500e+02
-1.472368164062500000e+02
-1.472368164062500000e+02
-1.472549896240234375e+02
-1.472731628417968750e+02
-1.472731628417968750e+02
-1.472822418212890625e+02
-1.473003692626953125e+02
-1.473003692626953125e+02
-1.473094329833984375e+02
-1.473275604248046875e+02
-1.473275604248046875e+02
-1.473366088867187500e+02
-1.473456573486328125e+02
-1.473727722167968750e+02
-1.473727722167968750e+02
-1.473727722167968750e+02
-1.473727722167968750e+02
-1.473908386230468750e+02
-1.474088897705078125e+02
-1.474088897705078125e+02
-1.474179077148437500e+02
-1.474359283447265625e+02
-1.474359283447265625e+02
-1.474449310302734375e+02
-1.474629211425781250e+02
-1.474719085693359375e+02
-1.474719085693359375e+02
-1.474808959960937500e+02
-1.474988555908203125e+02
-1.474988555908203125e+02
-1.475078430175781250e+02
-1.475257720947265625e+02
-1.475257720947265625e+02
-1.475347290039062500e+02
-1.475526428222656250e+02
-1.475526428222656250e+02
-1.475705413818359375e+02
-1.475705413818359375e+02
-1.475884246826171875e+02
-1.475884246826171875e+02
-1.475973510742187500e+02
-1.476062774658203125e+02
-1.476241302490234375e+02
-1.476330413818359375e+02
-1.476419525146484375e+02
-1.476508636474609375e+02
-1.476597595214843750e+02
-1.476686553955078125e+02
-1.476686553955078125e+02
-1.476775512695312500e+02
-1.476864471435546875e+02
-1.476953277587890625e+02
-1.477042083740234375e+02
-1.477219696044921875e+02
-1.477219696044921875e+02
-1.477397003173828125e+02
-1.477397003173828125e+02
-1.477485656738281250e+02
-1.477662811279296875e+02
-1.477662811279296875e+02
-1.477839660644531250e+02
-1.477928161621093750e+02
-1.477928161621093750e+02
-1.478104858398437500e+02
-1.478193054199218750e+02
-1.478193054199218750e+02
-1.478369598388671875e+02
-1.478369598388671875e+02
-1.478457794189453125e+02
-1.478634033203125000e+02
-1.478634033203125000e+02
-1.478722076416015625e+02
-1.478898010253906250e+02
-1.478898010253906250e+02
-1.479073791503906250e+02
-1.479073791503906250e+02
-1.479161682128906250e+02
-1.479337310791015625e+02
-1.479425048828125000e+02
-1.479512634277343750e+02
-1.479512634277343750e+02
-1.479512634277343750e+02
-1.479775543212890625e+02
-1.479863128662109375e+02
-1.479950561523437500e+02
-1.480037994384765625e+02
-1.480037994384765625e+02
-1.480125427246093750e+02
-1.480300140380859375e+02
-1.480300140380859375e+02
-1.480474700927734375e+02
-1.480561981201171875e+02
-1.480561981201171875e+02
-1.480736389160156250e+02
-1.480736389160156250e+02
-1.480823364257812500e+02
-1.480910491943359375e+02
-1.481084594726562500e+02
-1.481084594726562500e+02
-1.481171569824218750e+02
-1.481258392333984375e+02
-1.481345367431640625e+02
-1.481519012451171875e+02
-1.481519012451171875e+02
-1.481692504882812500e+02
-1.481692504882812500e+02
-1.481779174804687500e+02
-1.481952514648437500e+02
-1.481952514648437500e+02
-1.481952514648437500e+02
-1.482212066650390625e+02
-1.482212066650390625e+02
-1.482384948730468750e+02
-1.482384948730468750e+02
-1.482471466064453125e+02
-1.482644042968750000e+02
-1.482644042968750000e+02
-1.482730407714843750e+02
-1.482902832031250000e+02
-1.482902832031250000e+02
-1.482989044189453125e+02
-1.483161315917968750e+02
-1.483161315917968750e+02
-1.483333435058593750e+02
-1.483419342041015625e+02
-1.483419342041015625e+02
-1.483591308593750000e+02
-1.483677215576171875e+02
-1.483762969970703125e+02
-1.483848876953125000e+02
-1.483848876953125000e+02
-1.483848876953125000e+02
-1.484106140136718750e+02
-1.484106140136718750e+02
-1.484277343750000000e+02
-1.484362945556640625e+02
-1.484362945556640625e+02
-1.484534149169921875e+02
-1.484534149169921875e+02
-1.484534149169921875e+02
-1.484790496826171875e+02
-1.484790496826171875e+02
-1.484961090087890625e+02
-1.485046386718750000e+02
-1.485046386718750000e+02
-1.485216827392578125e+02
-1.485216827392578125e+02
-1.485301971435546875e+02
-1.485301971435546875e+02
-1.485472259521484375e+02
-1.485557250976562500e+02
-1.485727081298828125e+02
-1.485727081298828125e+02
-1.485812072753906250e+02
-1.485896911621093750e+02
-1.485981597900390625e+02
-1.486151123046875000e+02
-1.486151123046875000e+02
-1.486235656738281250e+02
-1.486404876708984375e+02
-1.486404876708984375e+02
-1.486573791503906250e+02
-1.486573791503906250e+02
-1.486573791503906250e+02
-1.486742401123046875e+02
-1.486826782226562500e+02
-1.486911010742187500e+02
-1.487079162597656250e+02
-1.487079162597656250e+02
-1.487163238525390625e+02
-1.487331237792968750e+02
-1.487331237792968750e+02
-1.487498931884765625e+02
-1.487498931884765625e+02
-1.487582702636718750e+02
-1.487749938964843750e+02
-1.487749938964843750e+02
-1.487833557128906250e+02
-1.487833557128906250e+02
-1.488000488281250000e+02
-1.488083953857421875e+02
-1.488250579833984375e+02
-1.488250579833984375e+02
-1.488416900634765625e+02
-1.488416900634765625e+02
-1.488499908447265625e+02
-1.488665771484375000e+02
-1.488665771484375000e+02
-1.488665771484375000e+02
-1.488748626708984375e+02
-1.488914184570312500e+02
-1.489079437255859375e+02
-1.489161987304687500e+02
-1.489244384765625000e+02
-1.489326782226562500e+02
-1.489409027099609375e+02
-1.489491271972656250e+02
-1.489491271972656250e+02
-1.489573516845703125e+02
-1.489655456542968750e+02
-1.489819488525390625e+02
-1.489819488525390625e+02
-1.489983062744140625e+02
-1.489983062744140625e+02
-1.490064697265625000e+02
-1.490227966308593750e+02
-1.490227966308593750e+02
-1.490309448242187500e+02
-1.490472106933593750e+02
-1.490472106933593750e+02
-1.490634460449218750e+02
-1.490715484619140625e+02
-1.490715484619140625e+02
-1.490715484619140625e+02
-1.490958099365234375e+02
-1.491038818359375000e+02
-1.491119537353515625e+02
-1.491119537353515625e+02
-1.491199951171875000e+02
-1.491360931396484375e+02
-1.491360931396484375e+02
-1.491521301269531250e+02
-1.491521301269531250e+02
-1.491521301269531250e+02
-1.491761474609375000e+02
-1.491761474609375000e+02
-1.491761474609375000e+02
-1.491841278076171875e+02
-1.492000732421875000e+02
-1.492080230712890625e+02
-1.492239074707031250e+02
-1.492239074707031250e+02
-1.492318420410156250e+02
-1.492476654052734375e+02
-1.492476654052734375e+02
-1.492634582519531250e+02
-1.492713470458984375e+02
-1.492792205810546875e+02
-1.492870941162109375e+02
-1.492870941162109375e+02
-1.492949523925781250e+02
-1.493106536865234375e+02
-1.493106536865234375e+02
-1.493184967041015625e+02
-1.493341522216796875e+02
-1.493341522216796875e+02
-1.493419647216796875e+02
-1.493575897216796875e+02
-1.493653869628906250e+02
-1.493731842041015625e+02
-1.493731842041015625e+02
-1.493731842041015625e+02
-1.493965301513671875e+02
-1.493965301513671875e+02
-1.494120635986328125e+02
-1.494120635986328125e+02
-1.494198303222656250e+02
-1.494353485107421875e+02
-1.494353485107421875e+02
-1.494430999755859375e+02
-1.494430999755859375e+02
-1.494585876464843750e+02
-1.494663238525390625e+02
-1.494817962646484375e+02
-1.494817962646484375e+02
-1.494972534179687500e+02
-1.495049743652343750e+02
-1.495049743652343750e+02
-1.495204162597656250e+02
-1.495281219482421875e+02
-1.495358428955078125e+02
-1.495435638427734375e+02
-1.495435638427734375e+02
-1.495512695312500000e+02
-1.495666961669921875e+02
-1.495666961669921875e+02
-1.495821075439453125e+02
-1.495898132324218750e+02
-1.495898132324218750e+02
-1.496052398681640625e+02
-1.496129455566406250e+02
-1.496206512451171875e+02
-1.496283569335937500e+02
-1.496283569335937500e+02
-1.496437835693359375e+02
-1.496514892578125000e+02
-1.496514892578125000e+02
-1.496669158935546875e+02
-1.496669158935546875e+02
-1.496746368408203125e+02
-1.496900634765625000e+02
-1.496900634765625000e+02
-1.497055053710937500e+02
-1.497132415771484375e+02
-1.497132415771484375e+02
-1.497286987304687500e+02
-1.497286987304687500e+02
-1.497286987304687500e+02
-1.497519226074218750e+02
-1.497596588134765625e+02
-1.497596588134765625e+02
-1.497674102783203125e+02
-1.497751617431640625e+02
-1.497906799316406250e+02
-1.497906799316406250e+02
-1.497906799316406250e+02
-1.498140106201171875e+02
-1.498140106201171875e+02
-1.498217926025390625e+02
-1.498373718261718750e+02
-1.498373718261718750e+02
-1.498529815673828125e+02
-1.498607788085937500e+02
-1.498607788085937500e+02
-1.498764343261718750e+02
-1.498764343261718750e+02
-1.498764343261718750e+02
-1.498999481201171875e+02
-1.498999481201171875e+02
-1.499077911376953125e+02
-1.499235229492187500e+02
-1.499235229492187500e+02
-1.499392852783203125e+02
-1.499471740722656250e+02
-1.499471740722656250e+02
-1.499471740722656250e+02
-1.499709167480468750e+02
-1.499709167480468750e+02
-1.499867706298828125e+02
-1.499867706298828125e+02
-1.499867706298828125e+02
-1.500106506347656250e+02
-1.500106506347656250e+02
-1.500265960693359375e+02
-1.500345916748046875e+02
-1.500345916748046875e+02
-1.500506134033203125e+02
-1.500586242675781250e+02
-1.500586242675781250e+02
-1.500746917724609375e+02
-1.500746917724609375e+02
-1.500827331542968750e+02
-1.500988616943359375e+02
-1.500988616943359375e+02
-1.501150054931640625e+02
-1.501230926513671875e+02
-1.501230926513671875e+02
-1.501392974853515625e+02
-1.501474151611328125e+02
-1.501474151611328125e+02
-1.501636657714843750e+02
-1.501636657714843750e+02
-1.501717987060546875e+02
-1.501880950927734375e+02
-1.501880950927734375e+02
-1.501962585449218750e+02
-1.502126007080078125e+02
-1.502126007080078125e+02
-1.502289733886718750e+02
-1.502289733886718750e+02
-1.502371826171875000e+02
-1.502536010742187500e+02
-1.502536010742187500e+02
-1.502618255615234375e+02
-1.502782897949218750e+02
-1.502865295410156250e+02
-1.503030395507812500e+02
-1.503113098144531250e+02
-1.503195800781250000e+02
-1.503195800781250000e+02
-1.503278503417968750e+02
-1.503278503417968750e+02
-1.503361358642578125e+02
-1.503444366455078125e+02
-1.503527374267578125e+02
-1.503610382080078125e+02
-1.503693542480468750e+02
-1.503776702880859375e+02
-1.503860015869140625e+02
-1.504026641845703125e+02
-1.504026641845703125e+02
-1.504110107421875000e+02
-1.504193572998046875e+02
-1.504277191162109375e+02
-1.504360809326171875e+02
-1.504444580078125000e+02
-1.504612121582031250e+02
-1.504612121582031250e+02
-1.504696044921875000e+02
-1.504779968261718750e+02
-1.504863891601562500e+02
-1.504947967529296875e+02
-1.505032043457031250e+02
-1.505116271972656250e+02
-1.505200500488281250e+02
-1.505284729003906250e+02
-1.505369110107421875e+02
-1.505453491210937500e+02
-1.505537872314453125e+02
-1.505622406005859375e+02
-1.505706939697265625e+02
-1.505791473388671875e+02
-1.505876159667968750e+02
-1.505960845947265625e+02
-1.506045532226562500e+02
-1.506130371093750000e+02
-1.506215209960937500e+02
-1.506300048828125000e+02
-1.506385040283203125e+02
-1.506470031738281250e+02
-1.506555023193359375e+02
-1.506640167236328125e+02
-1.506725311279296875e+02
-1.506810455322265625e+02
-1.506895599365234375e+02
-1.506980895996093750e+02
-1.507066192626953125e+02
-1.507151489257812500e+02
-1.507236938476562500e+02
-1.507322235107421875e+02
-1.507493286132812500e+02
-1.507578735351562500e+02
-1.507578735351562500e+02
-1.507749938964843750e+02
-1.507835693359375000e+02
-1.507835693359375000e+02
-1.508007049560546875e+02
-1.508007049560546875e+02
-1.508178558349609375e+02
-1.508264465332031250e+02
-1.508264465332031250e+02
-1.508436279296875000e+02
-1.508522186279296875e+02
-1.508608093261718750e+02
-1.508694152832031250e+02
-1.508694152832031250e+02
-1.508866271972656250e+02
-1.508952484130859375e+02
-1.508952484130859375e+02
-1.509038543701171875e+02
-1.509210968017578125e+02
-1.509210968017578125e+02
-1.509210968017578125e+02
-1.509469909667968750e+02
-1.509469909667968750e+02
-1.509642791748046875e+02
-1.509642791748046875e+02
-1.509729156494140625e+02
-1.509902191162109375e+02
-1.509902191162109375e+02
-1.509988708496093750e+02
-1.510162048339843750e+02
-1.510162048339843750e+02
-1.510335388183593750e+02
-1.510422210693359375e+02
-1.510422210693359375e+02
-1.510595703125000000e+02
-1.510595703125000000e+02
-1.510682678222656250e+02
-1.510856475830078125e+02
-1.510856475830078125e+02
-1.511030426025390625e+02
-1.511117553710937500e+02
-1.511117553710937500e+02
-1.511291809082031250e+02
-1.511291809082031250e+02
-1.511378936767578125e+02
-1.511553344726562500e+02
-1.511553344726562500e+02
-1.511640625000000000e+02
-1.511815338134765625e+02
-1.511815338134765625e+02
-1.511815338134765625e+02
-1.512077636718750000e+02
-1.512165069580078125e+02
-1.512252655029296875e+02
-1.512252655029296875e+02
-1.512340240478515625e+02
-1.512515563964843750e+02
-1.512515563964843750e+02
-1.512603149414062500e+02
-1.512778778076171875e+02
-1.512778778076171875e+02
-1.512954406738281250e+02
-1.512954406738281250e+02
-1.513042297363281250e+02
-1.513218231201171875e+02
-1.513218231201171875e+02
-1.513306274414062500e+02
-1.513482360839843750e+02
-1.513482360839843750e+02
-1.513658599853515625e+02
-1.513746795654296875e+02
-1.513835144042968750e+02
-1.513923339843750000e+02
-1.513923339843750000e+02
-1.514011688232421875e+02
-1.514188537597656250e+02
-1.514188537597656250e+02
-1.514276885986328125e+02
-1.514365386962890625e+02
-1.514542541503906250e+02
-1.514631042480468750e+02
-1.514631042480468750e+02
-1.514808349609375000e+02
-1.514897155761718750e+02
-1.514897155761718750e+02
-1.514985809326171875e+02
-1.514985809326171875e+02
-1.515252380371093750e+02
-1.515252380371093750e+02
-1.515430297851562500e+02
-1.515430297851562500e+02
-1.515519256591796875e+02
-1.515697326660156250e+02
-1.515697326660156250e+02
-1.515875701904296875e+02
-1.515875701904296875e+02
-1.515964813232421875e+02
-1.516143341064453125e+02
-1.516143341064453125e+02
-1.516232757568359375e+02
-1.516411437988281250e+02
-1.516411437988281250e+02
-1.516411437988281250e+02
-1.516679992675781250e+02
-1.516679992675781250e+02
-1.516859130859375000e+02
-1.516948699951171875e+02
-1.516948699951171875e+02
-1.517128143310546875e+02
-1.517218017578125000e+02
-1.517218017578125000e+02
-1.517397613525390625e+02
-1.517487487792968750e+02
-1.517577514648437500e+02
-1.517667388916015625e+02
-1.517667388916015625e+02
-1.517757415771484375e+02
-1.517937622070312500e+02
-1.517937622070312500e+02
-1.518117828369140625e+02
-1.518117828369140625e+02
-1.518208160400390625e+02
-1.518388671875000000e+02
-1.518388671875000000e+02
-1.518479003906250000e+02
-1.518659820556640625e+02
-1.518659820556640625e+02
-1.518750305175781250e+02
-1.518931274414062500e+02
-1.519021911621093750e+02
-1.519112548828125000e+02
-1.519112548828125000e+02
-1.519203186035156250e+02
-1.519384613037109375e+02
-1.519384613037109375e+02
-1.519475402832031250e+02
-1.519656982421875000e+02
-1.519656982421875000e+02
-1.519838867187500000e+02
-1.519838867187500000e+02
-1.519929809570312500e+02
-1.520111846923828125e+02
-1.520111846923828125e+02
-1.520202941894531250e+02
-1.520385284423828125e+02
-1.520385284423828125e+02
-1.520567779541015625e+02
-1.520567779541015625e+02
-1.520750427246093750e+02
-1.520750427246093750e+02
-1.520841827392578125e+02
-1.521024627685546875e+02
-1.521116180419921875e+02
-1.521116180419921875e+02
-1.521207733154296875e+02
-1.521390838623046875e+02
-1.521482543945312500e+02
-1.521574249267578125e+02
-1.521665954589843750e+02
-1.521757812500000000e+02
-1.521757812500000000e+02
-1.521849517822265625e+02
-1.521941375732421875e+02
-1.522033233642578125e+02
-1.522125244140625000e+02
-1.522217254638671875e+02
-1.522309265136718750e+02
-1.522493286132812500e+02
-1.522493286132812500e+02
-1.522585449218750000e+02
-1.522677612304687500e+02
-1.522862091064453125e+02
-1.522862091064453125e+02
-1.522954406738281250e+02
-1.523139038085937500e+02
-1.523231506347656250e+02
-1.523231506347656250e+02
-1.523323822021484375e+02
-1.523416290283203125e+02
-1.523508911132812500e+02
-1.523601379394531250e+02
-1.523694000244140625e+02
-1.523879394531250000e+02
-1.523879394531250000e+02
-1.524157562255859375e+02
-1.524343261718750000e+02
-1.524343261718750000e+02
-1.524436187744140625e+02
-1.524529113769531250e+02
-1.524622039794921875e+02
-1.524622039794921875e+02
-1.524622039794921875e+02
-1.524715118408203125e+02
-1.524808197021484375e+02
-1.524901275634765625e+02
-1.524994354248046875e+02
-1.525274047851562500e+02
-1.525274047851562500e+02
-1.525367431640625000e+02
-1.525367431640625000e+02
-1.525647430419921875e+02
-1.525647430419921875e+02
-1.525647430419921875e+02
-1.525647430419921875e+02
-1.525740966796875000e+02
-1.525834350585937500e+02
-1.526021423339843750e+02
-1.526208648681640625e+02
-1.526208648681640625e+02
-1.526208648681640625e+02
-1.526489868164062500e+02
-1.526489868164062500e+02
-1.526583557128906250e+02
-1.526771240234375000e+02
-1.526771240234375000e+02
-1.526865081787109375e+02
-1.527052917480468750e+02
-1.527052917480468750e+02
-1.527240905761718750e+02
-1.527240905761718750e+02
-1.527334899902343750e+02
-1.527523040771484375e+02
-1.527523040771484375e+02
-1.527617187500000000e+02
-1.527805480957031250e+02
-1.527805480957031250e+02
-1.527899780273437500e+02
-1.528088226318359375e+02
-1.528088226318359375e+02
-1.528276824951171875e+02
-1.528276824951171875e+02
-1.528371124267578125e+02
-1.528560028076171875e+02
-1.528654327392578125e+02
-1.528654327392578125e+02
-1.528843231201171875e+02
-1.528843231201171875e+02
-1.528937835693359375e+02
-1.529126892089843750e+02
-1.529126892089843750e+02
-1.529316101074218750e+02
-1.529410705566406250e+02
-1.529410705566406250e+02
-1.529599914550781250e+02
-1.529694671630859375e+02
-1.529789276123046875e+02
-1.529884033203125000e+02
-1.529884033203125000e+02
-1.529978790283203125e+02
-1.530168304443359375e+02
-1.530168304443359375e+02
-1.530357971191406250e+02
-1.530357971191406250e+02
-1.530452728271484375e+02
-1.530642547607421875e+02
-1.530642547607421875e+02
-1.530737457275390625e+02
-1.530927276611328125e+02
-1.531022186279296875e+02
-1.531117095947265625e+02
-1.531212158203125000e+02
-1.531212158203125000e+02
-1.531307067871093750e+02
-1.531402130126953125e+02
-1.531497039794921875e+02
-1.531687164306640625e+02
-1.531687164306640625e+02
-1.531877288818359375e+02
-1.531972351074218750e+02
-1.531972351074218750e+02
-1.532067413330078125e+02
-1.532257537841796875e+02
-1.532352752685546875e+02
-1.532447814941406250e+02
-1.532447814941406250e+02
-1.532543029785156250e+02
-1.532733306884765625e+02
-1.532828521728515625e+02
-1.532923583984375000e+02
-1.532923583984375000e+02
-1.532923583984375000e+02
-1.533114013671875000e+02
-1.533304443359375000e+02
-1.533399658203125000e+02
-1.533494720458984375e+02
-1.533494720458984375e+02
-1.533685302734375000e+02
-1.533685302734375000e+02
-1.533780517578125000e+02
-1.533970947265625000e+02
-1.533970947265625000e+02
-1.534066162109375000e+02
-1.534256591796875000e+02
-1.534256591796875000e+02
-1.534351806640625000e+02
-1.534542388916015625e+02
-1.534542388916015625e+02
-1.534732818603515625e+02
-1.534732818603515625e+02
-1.534732818603515625e+02
-1.534732818603515625e+02
-1.534732818603515625e+02
-1.534732818603515625e+02
-1.534732818603515625e+02
-1.534732818603515625e+02
-1.534732818603515625e+02
-1.534732818603515625e+02
-1.534732818603515625e+02
-1.534732818603515625e+02
-1.534732818603515625e+02
-1.534732818603515625e+02
-1.534732818603515625e+02
-1.534732818603515625e+02
-1.534732818603515625e+02
-1.534732818603515625e+02
-1.534732818603515625e+02
-1.534732818603515625e+02
-1.534732818603515625e+02
-1.534732818603515625e+02
-1.534732818603515625e+02
-1.534732818603515625e+02
-1.534732818603515625e+02
-1.534732818603515625e+02
-1.534732818603515625e+02
-1.534732818603515625e+02
-1.534732818603515625e+02
-1.534732818603515625e+02
-1.534732818603515625e+02
-1.534732818603515625e+02
-1.534732818603515625e+02
-1.534732818603515625e+02
-1.534732818603515625e+02
-1.534732818603515625e+02
-1.534732818603515625e+02
-1.534732818603515625e+02
-1.534732818603515625e+02
-1.534732818603515625e+02
-1.534732818603515625e+02
-1.534732818603515625e+02
-1.534732818603515625e+02
-1.534732818603515625e+02
-1.534732818603515625e+02
-1.534732818603515625e+02
-1.534732818603515625e+02
-1.534732818603515625e+02
-1.534732818603515625e+02
-1.534732818603515625e+02
-1.534732818603515625e+02
-1.534732818603515625e+02
-1.534732818603515625e+02
-1.534732818603515625e+02
-1.534732818603515625e+02
-1.534732818603515625e+02
-1.534732818603515625e+02
-1.534732818603515625e+02
-1.534732818603515625e+02
-1.534732818603515625e+02
-1.534732818603515625e+02
-1.534732818603515625e+02
-1.534732818603515625e+02
-1.534732818603515625e+02
-1.534732818603515625e+02
-1.534732818603515625e+02
-1.534732818603515625e+02
-1.534732818603515625e+02
-1.534732818603515625e+02
-1.534732818603515625e+02
-1.534732818603515625e+02
-1.534732818603515625e+02
-1.534732818603515625e+02
-1.534732818603515625e+02
-1.534732818603515625e+02
-1.534732818603515625e+02
-1.534732818603515625e+02
-1.534732818603515625e+02
-1.534732818603515625e+02
-1.534732818603515625e+02
-1.534732818603515625e+02
-1.534732818603515625e+02
-1.534732818603515625e+02
-1.534732818603515625e+02
-1.534732818603515625e+02
-1.534732818603515625e+02
-1.534732818603515625e+02
-1.534732818603515625e+02
-1.534732818603515625e+02
-1.534732818603515625e+02
-1.534732818603515625e+02
-1.534732818603515625e+02
-1.534732818603515625e+02
-1.534732818603515625e+02
-1.534732818603515625e+02
-1.534732818603515625e+02
-1.534732818603515625e+02
-1.534732818603515625e+02
-1.534732818603515625e+02
-1.534732818603515625e+02
-1.534732818603515625e+02
-1.534732818603515625e+02
-1.534732818603515625e+02
-1.534732818603515625e+02
-1.534732818603515625e+02
-1.534732818603515625e+02
-1.534732818603515625e+02
-1.534732818603515625e+02
-1.534732818603515625e+02
-1.534732818603515625e+02
-1.534732818603515625e+02
-1.534732818603515625e+02
-1.534732818603515625e+02
-1.534732818603515625e+02
-1.534732818603515625e+02
-1.534732818603515625e+02
-1.534732818603515625e+02
-1.534732818603515625e+02
-1.534732818603515625e+02
-1.534732818603515625e+02
-1.534732818603515625e+02
-1.534732818603515625e+02
-1.534732818603515625e+02
-1.534732818603515625e+02
-1.534732818603515625e+02
-1.534732818603515625e+02
-1.534732818603515625e+02
-1.534732818603515625e+02
-1.534732818603515625e+02
-1.534732818603515625e+02
-1.534732818603515625e+02
-1.534732818603515625e+02
-1.534732818603515625e+02
-1.534732818603515625e+02
-1.534732818603515625e+02
-1.534732818603515625e+02
-1.534732818603515625e+02
-1.534732818603515625e+02
-1.534732818603515625e+02
-1.534732818603515625e+02
-1.534732818603515625e+02
-1.534732818603515625e+02
-1.534732818603515625e+02
-1.534732818603515625e+02
-1.534732818603515625e+02
-1.534732818603515625e+02
-1.534732818603515625e+02
-1.534732818603515625e+02
-1.534732818603515625e+02
-1.534732818603515625e+02
-1.534732818603515625e+02
-1.534732818603515625e+02
-1.534732818603515625e+02
-1.534732818603515625e+02
-1.534732818603515625e+02
-1.534732818603515625e+02
-1.534732818603515625e+02
-1.534732818603515625e+02
-1.534732818603515625e+02
-1.534732818603515625e+02
-1.534732818603515625e+02
-1.534732818603515625e+02
-1.534732818603515625e+02
-1.534732818603515625e+02
-1.534732818603515625e+02
-1.534732818603515625e+02
-1.534732818603515625e+02
-1.534732818603515625e+02
-1.534732818603515625e+02
-1.534732818603515625e+02
-1.534732818603515625e+02
-1.534732818603515625e+02
-1.534732818603515625e+02
-1.534732818603515625e+02
-1.534732818603515625e+02
-1.534732818603515625e+02
-1.534732818603515625e+02
-1.534732818603515625e+02
-1.534732818603515625e+02
-1.534732818603515625e+02
-1.534732818603515625e+02
-1.534732818603515625e+02
-1.534732818603515625e+02
-1.534732818603515625e+02
-1.534732818603515625e+02
-1.534732818603515625e+02
-1.534732818603515625e+02
-1.534732818603515625e+02
-1.534732818603515625e+02
-1.534732818603515625e+02
-1.534732818603515625e+02
-1.534732818603515625e+02
-1.534732818603515625e+02
-1.534732818603515625e+02
-1.534732818603515625e+02
-1.534732818603515625e+02
-1.534732818603515625e+02
-1.534732818603515625e+02
-1.534732818603515625e+02
-1.534732818603515625e+02
-1.534732818603515625e+02
-1.534732818603515625e+02
-1.534732818603515625e+02
-1.534732818603515625e+02
-1.534732818603515625e+02
-1.534732818603515625e+02
-1.534732818603515625e+02
-1.534732818603515625e+02
-1.534732818603515625e+02
-1.534732818603515625e+02
-1.534732818603515625e+02
-1.534732818603515625e+02
-1.534732818603515625e+02
-1.534732818603515625e+02
-1.534732818603515625e+02
-1.534732818603515625e+02
-1.534732818603515625e+02
-1.534732818603515625e+02
-1.534732818603515625e+02
-1.534732818603515625e+02
-1.534732818603515625e+02
-1.534732818603515625e+02
-1.534732818603515625e+02
-1.534732818603515625e+02
-1.534732818603515625e+02
-1.534732818603515625e+02
-1.534732818603515625e+02
-1.534732818603515625e+02
-1.534732818603515625e+02
-1.534732818603515625e+02
-1.534732818603515625e+02
-1.534732818603515625e+02
-1.534732818603515625e+02
-1.534732818603515625e+02
-1.534732818603515625e+02
-1.534732818603515625e+02
-1.534732818603515625e+02
-1.534732818603515625e+02
-1.534732818603515625e+02
-1.534732818603515625e+02
-1.534732818603515625e+02
-1.534732818603515625e+02
-1.534732818603515625e+02
-1.534732818603515625e+02
-1.534732818603515625e+02
-1.534732818603515625e+02
-1.534732818603515625e+02
-1.534732818603515625e+02
-1.534732818603515625e+02
-1.534732818603515625e+02
-1.534732818603515625e+02
-1.534732818603515625e+02
-1.534732818603515625e+02
-1.534732818603515625e+02
-1.534732818603515625e+02
-1.534732818603515625e+02
-1.534732818603515625e+02
-1.534732818603515625e+02
-1.534732818603515625e+02
-1.534732818603515625e+02
-1.534732818603515625e+02
-1.534732818603515625e+02
-1.534732818603515625e+02
-1.534732818603515625e+02
-1.534732818603515625e+02
-1.534732818603515625e+02
-1.534732818603515625e+02
-1.534732818603515625e+02
-1.534732818603515625e+02
-1.534732818603515625e+02
-1.534732818603515625e+02
-1.534732818603515625e+02
-1.534732818603515625e+02
-1.534732818603515625e+02
-1.534732818603515625e+02
-1.534732818603515625e+02
-1.534732818603515625e+02
-1.534732818603515625e+02
-1.534732818603515625e+02
-1.534732818603515625e+02
-1.534732818603515625e+02
-1.534732818603515625e+02
-1.534732818603515625e+02
-1.534732818603515625e+02
-1.534732818603515625e+02
-1.534732818603515625e+02
-1.534732818603515625e+02
-1.534732818603515625e+02
-1.534732818603515625e+02
-1.534732818603515625e+02
-1.534732818603515625e+02
-1.534732818603515625e+02
-1.534732818603515625e+02
-1.534732818603515625e+02
-1.534732818603515625e+02
-1.534732818603515625e+02
-1.534732818603515625e+02
-1.534732818603515625e+02
-1.534732818603515625e+02
-1.534732818603515625e+02
-1.534732818603515625e+02
-1.534732818603515625e+02
-1.534732818603515625e+02
-1.534732818603515625e+02
-1.534732818603515625e+02
-1.534732818603515625e+02
-1.534732818603515625e+02
-1.534732818603515625e+02
-1.534732818603515625e+02
-1.534732818603515625e+02
-1.534732818603515625e+02
-1.534732818603515625e+02
-1.534732818603515625e+02
-1.534732818603515625e+02
-1.534732818603515625e+02
-1.534732818603515625e+02
-1.534732818603515625e+02
-1.534732818603515625e+02
-1.534732818603515625e+02
-1.534732818603515625e+02
-1.534732818603515625e+02
-1.534732818603515625e+02
-1.534732818603515625e+02
-1.534732818603515625e+02
-1.534732818603515625e+02
-1.534732818603515625e+02
-1.534732818603515625e+02
-1.534732818603515625e+02
-1.534732818603515625e+02
-1.534732818603515625e+02
-1.534732818603515625e+02
-1.534732818603515625e+02
-1.534732818603515625e+02
-1.534732818603515625e+02
-1.534732818603515625e+02
-1.534732818603515625e+02
-1.534732818603515625e+02
-1.534732818603515625e+02
-1.534732818603515625e+02
-1.534732818603515625e+02
-1.534732818603515625e+02
-1.534732818603515625e+02
-1.534732818603515625e+02
-1.534732818603515625e+02
-1.534732818603515625e+02
-1.534732818603515625e+02
-1.534732818603515625e+02
-1.534732818603515625e+02
-1.534732818603515625e+02
-1.534732818603515625e+02
-1.534732818603515625e+02
-1.534732818603515625e+02
-1.534732818603515625e+02
-1.534732818603515625e+02
-1.534732818603515625e+02
-1.534732818603515625e+02
-1.534732818603515625e+02
-1.534732818603515625e+02
-1.534732818603515625e+02
-1.534732818603515625e+02
-1.534732818603515625e+02
-1.534732818603515625e+02
-1.534732818603515625e+02
-1.534732818603515625e+02
-1.534732818603515625e+02
-1.534732818603515625e+02
-1.534732818603515625e+02
-1.534732818603515625e+02
-1.534732818603515625e+02
-1.534732818603515625e+02
-1.534732818603515625e+02
-1.534732818603515625e+02
-1.534732818603515625e+02
-1.534732818603515625e+02
-1.534732818603515625e+02
-1.534732818603515625e+02
-1.534732818603515625e+02
-1.534732818603515625e+02
-1.534732818603515625e+02
-1.534732818603515625e+02
-1.534732818603515625e+02
-1.534732818603515625e+02
-1.534732818603515625e+02
-1.534732818603515625e+02
-1.534732818603515625e+02
-1.534732818603515625e+02
-1.534732818603515625e+02
-1.534732818603515625e+02
-1.534732818603515625e+02
-1.534732818603515625e+02
-1.534732818603515625e+02
-1.534732818603515625e+02
-1.534732818603515625e+02
-1.534732818603515625e+02
-1.534732818603515625e+02
-1.534732818603515625e+02
-1.534732818603515625e+02
-1.534732818603515625e+02
-1.534732818603515625e+02
-1.534732818603515625e+02
-1.534732818603515625e+02
-1.534732818603515625e+02
-1.534732818603515625e+02
-1.534732818603515625e+02
-1.534732818603515625e+02
-1.534732818603515625e+02
-1.534732818603515625e+02
-1.534732818603515625e+02
-1.534732818603515625e+02
-1.534732818603515625e+02
-1.534732818603515625e+02
-1.534732818603515625e+02
-1.534732818603515625e+02
-1.534732818603515625e+02
-1.534732818603515625e+02
-1.534732818603515625e+02
-1.534732818603515625e+02
-1.534732818603515625e+02
-1.534732818603515625e+02
-1.534732818603515625e+02
-1.534732818603515625e+02
-1.534732818603515625e+02
-1.534732818603515625e+02
-1.534732818603515625e+02
-1.534732818603515625e+02
-1.534732818603515625e+02
-1.534732818603515625e+02
-1.534732818603515625e+02
-1.534732818603515625e+02
-1.534732818603515625e+02
-1.534732818603515625e+02
-1.534732818603515625e+02
-1.534732818603515625e+02
-1.534732818603515625e+02
-1.534732818603515625e+02
-1.534732818603515625e+02
-1.534732818603515625e+02
-1.534732818603515625e+02
-1.534732818603515625e+02
-1.534732818603515625e+02
-1.534732818603515625e+02
-1.534732818603515625e+02
-1.534732818603515625e+02
-1.534732818603515625e+02
-1.534732818603515625e+02
-1.534732818603515625e+02
-1.534732818603515625e+02
-1.534732818603515625e+02
-1.534732818603515625e+02
-1.534732818603515625e+02
-1.534732818603515625e+02
-1.534732818603515625e+02
-1.534732818603515625e+02
-1.534732818603515625e+02
-1.534732818603515625e+02
-1.534732818603515625e+02
-1.534732818603515625e+02
-1.534732818603515625e+02
-1.534732818603515625e+02
-1.534732818603515625e+02
-1.534732818603515625e+02
-1.534732818603515625e+02
-1.534732818603515625e+02
-1.534732818603515625e+02
-1.534732818603515625e+02
-1.534732818603515625e+02
-1.534732818603515625e+02
-1.534732818603515625e+02
-1.534732818603515625e+02
-1.534732818603515625e+02
-1.534732818603515625e+02
-1.534732818603515625e+02
-1.534732818603515625e+02
-1.534732818603515625e+02
-1.534732818603515625e+02
-1.534732818603515625e+02
-1.534732818603515625e+02
-1.534732818603515625e+02
-1.543150482177734375e+02
-1.543150482177734375e+02
-1.543340911865234375e+02
-1.543435974121093750e+02
-1.543435974121093750e+02
-1.543626403808593750e+02
-1.543626403808593750e+02
-1.543721618652343750e+02
-1.543912048339843750e+02
-1.544007263183593750e+02
-1.544007263183593750e+02
-1.544102325439453125e+02
-1.544197540283203125e+02
-1.544197540283203125e+02
-1.544387969970703125e+02
-1.544387969970703125e+02
-1.544673614501953125e+02
-1.544673614501953125e+02
-1.544863891601562500e+02
-1.544959106445312500e+02
-1.544959106445312500e+02
-1.545054321289062500e+02
-1.545244750976562500e+02
-1.545244750976562500e+02
-1.545339965820312500e+02
-1.545530242919921875e+02
-1.545530242919921875e+02
-1.545720672607421875e+02
-1.545720672607421875e+02
-1.545815887451171875e+02
-1.546006317138671875e+02
-1.546006317138671875e+02
-1.546101379394531250e+02
-1.546196594238281250e+02
-1.546291809082031250e+02
-1.546387023925781250e+02
-1.546577453613281250e+02
-1.546577453613281250e+02
-1.546767730712890625e+02
-1.546862945556640625e+02
-1.546958160400390625e+02
-1.547053375244140625e+02
-1.547148590087890625e+02
-1.547148590087890625e+02
-1.547339019775390625e+02
-1.547339019775390625e+02
-1.547339019775390625e+02
-1.547624511718750000e+02
-1.547624511718750000e+02
-1.547719726562500000e+02
-1.547814941406250000e+02
-1.547910156250000000e+02
-1.548005371093750000e+02
-1.548100433349609375e+02
-1.548195648193359375e+02
-1.548386077880859375e+02
-1.548386077880859375e+02
-1.548481292724609375e+02
-1.548671722412109375e+02
-1.548671722412109375e+02
-1.548861999511718750e+02
-1.548957214355468750e+02
-1.548957214355468750e+02
-1.549147644042968750e+02
-1.549147644042968750e+02
-1.549242858886718750e+02
-1.549433135986328125e+02
-1.549433135986328125e+02
-1.549623565673828125e+02
-1.549623565673828125e+02
-1.549718780517578125e+02
-1.549909210205078125e+02
-1.549909210205078125e+02
-1.550004272460937500e+02
-1.550099487304687500e+02
-1.550099487304687500e+02
-1.550289916992187500e+02
-1.550480346679687500e+02
-1.550480346679687500e+02
-1.550670623779296875e+02
-1.550765838623046875e+02
-1.550765838623046875e+02
-1.550956268310546875e+02
-1.550956268310546875e+02
-1.551051483154296875e+02
-1.551241912841796875e+02
-1.551241912841796875e+02
-1.551336975097656250e+02
-1.551527404785156250e+02
-1.551622619628906250e+02
-1.551717834472656250e+02
-1.551813049316406250e+02
-1.551908264160156250e+02
-1.552003326416015625e+02
-1.552003326416015625e+02
-1.552193756103515625e+02
-1.552288970947265625e+02
-1.552288970947265625e+02
-1.552479400634765625e+02
-1.552479400634765625e+02
-1.552574615478515625e+02
-1.552764892578125000e+02
-1.552764892578125000e+02
-1.552955322265625000e+02
-1.552955322265625000e+02
-1.553145751953125000e+02
-1.553240966796875000e+02
-1.553240966796875000e+02
-1.553336029052734375e+02
-1.553526458740234375e+02
-1.553526458740234375e+02
-1.553621673583984375e+02
-1.553812103271484375e+02
-1.553907318115234375e+02
-1.554002380371093750e+02
-1.554097595214843750e+02
-1.554097595214843750e+02
-1.554192810058593750e+02
-1.554383239746093750e+02
-1.554383239746093750e+02
-1.554573669433593750e+02
-1.554573669433593750e+02
-1.554668731689453125e+02
-1.554859161376953125e+02
-1.554859161376953125e+02
-1.555049591064453125e+02
-1.555144805908203125e+02
-1.555144805908203125e+02
-1.555335083007812500e+02
-1.555430297851562500e+02
-1.555430297851562500e+02
-1.555620727539062500e+02
-1.555715942382812500e+02
-1.555715942382812500e+02
-1.555906372070312500e+02
-1.555906372070312500e+02
-1.556001434326171875e+02
-1.556191864013671875e+02
-1.556191864013671875e+02
-1.556287078857421875e+02
-1.556477508544921875e+02
-1.556572723388671875e+02
-1.556667785644531250e+02
-1.556667785644531250e+02
-1.556763000488281250e+02
-1.556953430175781250e+02
-1.556953430175781250e+02
-1.557143859863281250e+02
-1.557239074707031250e+02
-1.557239074707031250e+02
-1.557429351806640625e+02
-1.557524566650390625e+02
-1.557619781494140625e+02
-1.557714996337890625e+02
-1.557714996337890625e+02
-1.557905426025390625e+02
-1.558000488281250000e+02
-1.558095703125000000e+02
-1.558190917968750000e+02
-1.558190917968750000e+02
-1.558286132812500000e+02
-1.558476562500000000e+02
-1.558476562500000000e+02
-1.558666839599609375e+02
-1.558762054443359375e+02
-1.558857269287109375e+02
-1.558952484130859375e+02
-1.558952484130859375e+02
-1.559047698974609375e+02
-1.559238128662109375e+02
-1.559333190917968750e+02
-1.559428405761718750e+02
-1.559523620605468750e+02
-1.559523620605468750e+02
-1.559618835449218750e+02
-1.559809265136718750e+02
-1.559904479980468750e+02
-1.559999542236328125e+02
-1.560094757080078125e+02
-1.560189971923828125e+02
-1.560380401611328125e+02
-1.560380401611328125e+02
-1.560380401611328125e+02
-1.560475616455078125e+02
-1.560665893554687500e+02
-1.560665893554687500e+02
-1.560761108398437500e+02
-1.560856323242187500e+02
-1.560951538085937500e+02
-1.561046752929687500e+02
-1.561141967773437500e+02
-1.561237030029296875e+02
-1.561332244873046875e+02
-1.561427459716796875e+02
-1.561522674560546875e+02
-1.561617889404296875e+02
-1.561713104248046875e+02
-1.561808319091796875e+02
-1.561903381347656250e+02
-1.561998596191406250e+02
-1.562093811035156250e+02
-1.562189025878906250e+02
-1.562284240722656250e+02
-1.562379455566406250e+02
-1.562474670410156250e+02
-1.562664947509765625e+02
-1.562664947509765625e+02
-1.562855377197265625e+02
-1.562855377197265625e+02
-1.562950592041015625e+02
-1.563045806884765625e+02
-1.563141021728515625e+02
-1.563236083984375000e+02
-1.563331298828125000e+02
-1.563426513671875000e+02
-1.563521728515625000e+02
-1.563616943359375000e+02
-1.563712158203125000e+02
-1.563807373046875000e+02
-1.563902435302734375e+02
-1.563902435302734375e+02
-1.564092864990234375e+02
-1.564188079833984375e+02
-1.564283294677734375e+02
-1.564473724365234375e+02
-1.564473724365234375e+02
-1.564664001464843750e+02
-1.564664001464843750e+02
-1.564759216308593750e+02
-1.564949645996093750e+02
-1.564949645996093750e+02
-1.564949645996093750e+02
-1.565140075683593750e+02
-1.565235137939453125e+02
-1.565330352783203125e+02
-1.565520782470703125e+02
-1.565520782470703125e+02
-1.565711212158203125e+02
-1.565711212158203125e+02
-1.565806427001953125e+02
-1.565996704101562500e+02
-1.565996704101562500e+02
-1.566091918945312500e+02
-1.566282348632812500e+02
-1.566377563476562500e+02
-1.566472778320312500e+02
-1.566472778320312500e+02
-1.566567840576171875e+02
-1.566758270263671875e+02
-1.566758270263671875e+02
-1.566948699951171875e+02
-1.567043914794921875e+02
-1.567043914794921875e+02
-1.567043914794921875e+02
-1.567329406738281250e+02
-1.567329406738281250e+02
-1.567519836425781250e+02
-1.567615051269531250e+02
-1.567615051269531250e+02
-1.567805480957031250e+02
-1.567900543212890625e+02
-1.567900543212890625e+02
-1.568090972900390625e+02
-1.568090972900390625e+02
-1.568186187744140625e+02
-1.568376617431640625e+02
-1.568376617431640625e+02
-1.568471832275390625e+02
-1.568662109375000000e+02
-1.568662109375000000e+02
-1.568852539062500000e+02
-1.568852539062500000e+02
-1.568947753906250000e+02
-1.569138183593750000e+02
-1.569138183593750000e+02
-1.569233245849609375e+02
-1.569423675537109375e+02
-1.569423675537109375e+02
-1.569614105224609375e+02
-1.569709320068359375e+02
-1.569709320068359375e+02
-1.569899597167968750e+02
-1.569899597167968750e+02
-1.569994812011718750e+02
-1.570185241699218750e+02
-1.570185241699218750e+02
-1.570280456542968750e+02
-1.570470886230468750e+02
-1.570470886230468750e+02
-1.570565948486328125e+02
-1.570756378173828125e+02
-1.570756378173828125e+02
-1.570946807861328125e+02
-1.570946807861328125e+02
-1.571042022705078125e+02
-1.571232299804687500e+02
-1.571232299804687500e+02
-1.571422729492187500e+02
-1.571517944335937500e+02
-1.571613159179687500e+02
-1.571613159179687500e+02
-1.571708374023437500e+02
-1.571898651123046875e+02
-1.571898651123046875e+02
-1.571993865966796875e+02
-1.572184295654296875e+02
-1.572184295654296875e+02
-1.572279510498046875e+02
-1.572469787597656250e+02
-1.572469787597656250e+02
-1.572565002441406250e+02
-1.572755432128906250e+02
-1.572755432128906250e+02
-1.572850646972656250e+02
-1.573041076660156250e+02
-1.573136138916015625e+02
-1.573231353759765625e+02
-1.573231353759765625e+02
-1.573326568603515625e+02
-1.573516998291015625e+02
-1.573516998291015625e+02
-1.573707427978515625e+02
-1.573802490234375000e+02
-1.573802490234375000e+02
-1.573992919921875000e+02
-1.574088134765625000e+02
-1.574183349609375000e+02
-1.574278564453125000e+02
-1.574278564453125000e+02
-1.574373779296875000e+02
-1.574564056396484375e+02
-1.574564056396484375e+02
-1.574564056396484375e+02
-1.574849700927734375e+02
-1.574849700927734375e+02
-1.575040130615234375e+02
-1.575135192871093750e+02
-1.575230407714843750e+02
-1.575230407714843750e+02
-1.575325622558593750e+02
-1.575420837402343750e+02
-1.575611267089843750e+02
-1.575611267089843750e+02
-1.575801544189453125e+02
-1.575896759033203125e+02
-1.575991973876953125e+02
-1.576087188720703125e+02
-1.576087188720703125e+02
-1.576182403564453125e+02
-1.576372833251953125e+02
-1.576372833251953125e+02
-1.576563110351562500e+02
-1.576658325195312500e+02
-1.576658325195312500e+02
-1.576848754882812500e+02
-1.576848754882812500e+02
-1.576943969726562500e+02
-1.577134246826171875e+02
-1.577134246826171875e+02
-1.577324676513671875e+02
-1.577324676513671875e+02
-1.577324676513671875e+02
-1.577610321044921875e+02
-1.577705535888671875e+02
-1.577705535888671875e+02
-1.577895812988281250e+02
-1.577895812988281250e+02
-1.577991027832031250e+02
-1.578181457519531250e+02
-1.578181457519531250e+02
-1.578371887207031250e+02
-1.578466949462890625e+02
-1.578466949462890625e+02
-1.578657379150390625e+02
-1.578657379150390625e+02
-1.578752593994140625e+02
-1.578943023681640625e+02
-1.578943023681640625e+02
-1.579133300781250000e+02
-1.579133300781250000e+02
-1.579228515625000000e+02
-1.579418945312500000e+02
-1.579418945312500000e+02
-1.579514160156250000e+02
-1.579704589843750000e+02
-1.579704589843750000e+02
-1.579799652099609375e+02
-1.579990081787109375e+02
-1.579990081787109375e+02
-1.580085296630859375e+02
-1.580275726318359375e+02
-1.580275726318359375e+02
-1.580466003417968750e+02
-1.580466003417968750e+02
-1.580561218261718750e+02
-1.580751647949218750e+02
-1.580751647949218750e+02
-1.580846862792968750e+02
-1.580942077636718750e+02
-1.581132354736328125e+02
-1.581132354736328125e+02
-1.581322784423828125e+02
-1.581417999267578125e+02
-1.581608428955078125e+02
-1.581608428955078125e+02
-1.581798706054687500e+02
-1.581893920898437500e+02
-1.581893920898437500e+02
-1.581989135742187500e+02
-1.582084350585937500e+02
-1.582084350585937500e+02
-1.582274780273437500e+02
-1.582369995117187500e+02
-1.582369995117187500e+02
-1.582560272216796875e+02
-1.582560272216796875e+02
-1.582655487060546875e+02
-1.582750701904296875e+02
-1.582845916748046875e+02
-1.582941131591796875e+02
-1.583131408691406250e+02
-1.583131408691406250e+02
-1.583417053222656250e+02
-1.583417053222656250e+02
-1.583417053222656250e+02
-1.583702545166015625e+02
-1.583702545166015625e+02
-1.583702545166015625e+02
-1.583988189697265625e+02
-1.583988189697265625e+02
-1.584083404541015625e+02
-1.584178619384765625e+02
-1.584178619384765625e+02
-1.584273834228515625e+02
-1.584368896484375000e+02
-1.584464111328125000e+02
-1.584559326171875000e+02
-1.584654541015625000e+02
-1.584749755859375000e+02
-1.584844970703125000e+02
-1.584940185546875000e+02
-1.585035247802734375e+02
-1.585130462646484375e+02
-1.585225677490234375e+02
-1.585320892333984375e+02
-1.585416107177734375e+02
-1.585511322021484375e+02
-1.585606536865234375e+02
-1.585701599121093750e+02
-1.585796813964843750e+02
-1.585892028808593750e+02
-1.586082458496093750e+02
-1.586082458496093750e+02
-1.586272888183593750e+02
-1.586272888183593750e+02
-1.586463165283203125e+02
-1.586558380126953125e+02
-1.586558380126953125e+02
-1.586748809814453125e+02
-1.586748809814453125e+02
-1.586844024658203125e+02
-1.587034301757812500e+02
-1.587034301757812500e+02
-1.587224731445312500e+02
-1.587319946289062500e+02
-1.587319946289062500e+02
-1.587415161132812500e+02
-1.587510375976562500e+02
-1.587605590820312500e+02
-1.587795867919921875e+02
-1.587795867919921875e+02
-1.587986297607421875e+02
-1.588081512451171875e+02
-1.588081512451171875e+02
-1.588271942138671875e+02
-1.588271942138671875e+02
-1.588367004394531250e+02
-1.588557434082031250e+02
-1.588557434082031250e+02
-1.588652648925781250e+02
-1.588843078613281250e+02
-1.588843078613281250e+02
-1.589033355712890625e+02
-1.589033355712890625e+02
-1.589128570556640625e+02
-1.589319000244140625e+02
-1.589319000244140625e+02
-1.589509429931640625e+02
-1.589604644775390625e+02
-1.589604644775390625e+02
-1.589794921875000000e+02
-1.589890136718750000e+02
-1.589985351562500000e+02
-1.590080566406250000e+02
-1.590080566406250000e+02
-1.590175781250000000e+02
-1.590366058349609375e+02
-1.590366058349609375e+02
-1.590461273193359375e+02
-1.590556488037109375e+02
-1.590651702880859375e+02
-1.590842132568359375e+02
-1.590842132568359375e+02
-1.591032409667968750e+02
-1.591032409667968750e+02
-1.591318054199218750e+02
-1.591318054199218750e+02
-1.591318054199218750e+02
-1.591413269042968750e+02
-1.591603698730468750e+02
-1.591603698730468750e+02
-1.591698760986328125e+02
-1.591889190673828125e+02
-1.591889190673828125e+02
-1.591984405517578125e+02
-1.592174835205078125e+02
-1.592174835205078125e+02
-1.592270050048828125e+02
-1.592460327148437500e+02
-1.592460327148437500e+02
-1.592555541992187500e+02
-1.592650756835937500e+02
-1.592745971679687500e+02
-1.592936401367187500e+02
-1.592936401367187500e+02
-1.593031463623046875e+02
-1.593221893310546875e+02
-1.593221893310546875e+02
-1.593412322998046875e+02
-1.593507537841796875e+02
-1.593507537841796875e+02
-1.593602752685546875e+02
-1.593697814941406250e+02
-1.593793029785156250e+02
-1.593983459472656250e+02
-1.593983459472656250e+02
-1.594078674316406250e+02
-1.594269104003906250e+02
-1.594269104003906250e+02
-1.594459381103515625e+02
-1.594554595947265625e+02
-1.594554595947265625e+02
-1.594745025634765625e+02
-1.594840240478515625e+02
-1.594935302734375000e+02
-1.595030517578125000e+02
-1.595030517578125000e+02
-1.595220947265625000e+02
-1.595316162109375000e+02
-1.595316162109375000e+02
-1.595506591796875000e+02
-1.595506591796875000e+02
-1.595601654052734375e+02
-1.595792083740234375e+02
-1.595792083740234375e+02
-1.595887298583984375e+02
-1.596077728271484375e+02
-1.596077728271484375e+02
-1.596268005371093750e+02
-1.596363220214843750e+02
-1.596458435058593750e+02
-1.596553649902343750e+02
-1.596553649902343750e+02
-1.596648864746093750e+02
-1.596839294433593750e+02
-1.596934356689453125e+02
-1.596934356689453125e+02
-1.597124786376953125e+02
-1.597220001220703125e+02
-1.597220001220703125e+02
-1.597410430908203125e+02
-1.597505645751953125e+02
-1.597505645751953125e+02
-1.597695922851562500e+02
-1.597791137695312500e+02
-1.597886352539062500e+02
-1.597886352539062500e+02
-1.597981567382812500e+02
-1.598171997070312500e+02
-1.598171997070312500e+02
-1.598267059326171875e+02
-1.598457489013671875e+02
-1.598457489013671875e+02
-1.598647918701171875e+02
-1.598743133544921875e+02
-1.598743133544921875e+02
-1.598933410644531250e+02
-1.598933410644531250e+02
-1.599028625488281250e+02
-1.599123840332031250e+02
-1.599219055175781250e+02
-1.599314270019531250e+02
-1.599504699707031250e+02
-1.599504699707031250e+02
-1.599694976806640625e+02
-1.599790191650390625e+02
-1.599790191650390625e+02
-1.599980621337890625e+02
-1.599980621337890625e+02
-1.600171051025390625e+02
-1.600171051025390625e+02
-1.600456542968750000e+02
-1.600456542968750000e+02
-1.600456542968750000e+02
-1.600551757812500000e+02
-1.600742187500000000e+02
-1.600742187500000000e+02
-1.600837402343750000e+02
-1.600932464599609375e+02
-1.600932464599609375e+02
-1.601218109130859375e+02
-1.601313323974609375e+02
-1.601313323974609375e+02
-1.601503753662109375e+02
-1.601598815917968750e+02
-1.601694030761718750e+02
-1.601789245605468750e+02
-1.601789245605468750e+02
-1.601884460449218750e+02
-1.602074890136718750e+02
-1.602074890136718750e+02
-1.602170104980468750e+02
-1.602360382080078125e+02
-1.602360382080078125e+02
-1.602455596923828125e+02
-1.602646026611328125e+02
-1.602646026611328125e+02
-1.602646026611328125e+02
-1.602741241455078125e+02
-1.603026733398437500e+02
-1.603121948242187500e+02
-1.603121948242187500e+02
-1.603312377929687500e+02
-1.603312377929687500e+02
-1.603407592773437500e+02
-1.603597869873046875e+02
-1.603597869873046875e+02
-1.603693084716796875e+02
-1.603883514404296875e+02
-1.603883514404296875e+02
-1.604073944091796875e+02
-1.604169158935546875e+02
-1.604264221191406250e+02
-1.604359436035156250e+02
-1.604359436035156250e+02
-1.604454650878906250e+02
-1.604645080566406250e+02
-1.604645080566406250e+02
-1.604835510253906250e+02
-1.604835510253906250e+02
-1.604930572509765625e+02
-1.605121002197265625e+02
-1.605121002197265625e+02
-1.605216217041015625e+02
-1.605311431884765625e+02
-1.605406646728515625e+02
-1.605596923828125000e+02
-1.605692138671875000e+02
-1.605692138671875000e+02
-1.605882568359375000e+02
-1.605977783203125000e+02
-1.605977783203125000e+02
-1.606168060302734375e+02
-1.606168060302734375e+02
-1.606263275146484375e+02
-1.606453704833984375e+02
-1.606453704833984375e+02
-1.606548919677734375e+02
-1.606739349365234375e+02
-1.606739349365234375e+02
-1.606739349365234375e+02
-1.607024841308593750e+02
-1.607024841308593750e+02
-1.607215270996093750e+02
-1.607215270996093750e+02
-1.607310485839843750e+02
-1.607500762939453125e+02
-1.607500762939453125e+02
-1.607595977783203125e+02
-1.607786407470703125e+02
-1.607786407470703125e+02
-1.607976837158203125e+02
-1.608072052001953125e+02
-1.608167114257812500e+02
-1.608262329101562500e+02
-1.608262329101562500e+02
-1.608357543945312500e+02
-1.608547973632812500e+02
-1.608547973632812500e+02
-1.608643188476562500e+02
-1.608833465576171875e+02
-1.608928680419921875e+02
-1.609023895263671875e+02
-1.609023895263671875e+02
-1.609119110107421875e+02
-1.609309539794921875e+02
-1.609309539794921875e+02
-1.609309539794921875e+02
-1.609595031738281250e+02
-1.609690246582031250e+02
-1.609690246582031250e+02
-1.609880676269531250e+02
-1.609975891113281250e+02
-1.609975891113281250e+02
-1.609975891113281250e+02
-1.609975891113281250e+02
-1.610261383056640625e+02
-1.610547027587890625e+02
-1.610547027587890625e+02
-1.610547027587890625e+02
-1.610642242431640625e+02
-1.610832519531250000e+02
-1.610832519531250000e+02
-1.611118164062500000e+02
-1.611118164062500000e+02
-1.611118164062500000e+02
-1.611213378906250000e+02
-1.611308593750000000e+02
-1.611498870849609375e+02
-1.611498870849609375e+02
-1.611689300537109375e+02
-1.611689300537109375e+02
-1.611784515380859375e+02
-1.611974945068359375e+02
-1.611974945068359375e+02
-1.612165222167968750e+02
-1.612260437011718750e+02
-1.612260437011718750e+02
-1.612450866699218750e+02
-1.612546081542968750e+02
-1.612546081542968750e+02
-1.612736511230468750e+02
-1.612736511230468750e+02
-1.612831573486328125e+02
-1.612831573486328125e+02
-1.613022003173828125e+02
-1.613022003173828125e+02
-1.613307647705078125e+02
-1.613307647705078125e+02
-1.613497924804687500e+02
-1.613497924804687500e+02
-1.613593139648437500e+02
-1.613783569335937500e+02
-1.613783569335937500e+02
-1.613973999023437500e+02
-1.614069213867187500e+02
-1.614164276123046875e+02
-1.614259490966796875e+02
-1.614259490966796875e+02
-1.614449920654296875e+02
-1.614545135498046875e+02
-1.614545135498046875e+02
-1.614735565185546875e+02
-1.614735565185546875e+02
-1.614830627441406250e+02
-1.615021057128906250e+02
-1.615021057128906250e+02
-1.615116271972656250e+02
-1.615211486816406250e+02
-1.615306701660156250e+02
-1.615496978759765625e+02
-1.615496978759765625e+02
-1.615592193603515625e+02
-1.615782623291015625e+02
-1.615782623291015625e+02
-1.615877838134765625e+02
-1.616068267822265625e+02
-1.616068267822265625e+02
-1.616258544921875000e+02
-1.616258544921875000e+02
-1.616353759765625000e+02
-1.616448974609375000e+02
-1.616734619140625000e+02
-1.616734619140625000e+02
-1.616734619140625000e+02
-1.616924896240234375e+02
-1.616924896240234375e+02
-1.617115325927734375e+02
-1.617115325927734375e+02
-1.617305755615234375e+02
-1.617400817871093750e+02
-1.617400817871093750e+02
-1.617591247558593750e+02
-1.617591247558593750e+02
-1.617686462402343750e+02
-1.617781677246093750e+02
-1.617781677246093750e+02
-1.617972106933593750e+02
-1.618067169189453125e+02
-1.618162384033203125e+02
-1.618257598876953125e+02
-1.618352813720703125e+02
-1.618448028564453125e+02
-1.618543243408203125e+02
-1.618638458251953125e+02
-1.618733520507812500e+02
-1.618828735351562500e+02
-1.618923950195312500e+02
-1.619019165039062500e+02
-1.619114379882812500e+02
-1.619209594726562500e+02
-1.619304809570312500e+02
-1.619399871826171875e+02
-1.619399871826171875e+02
-1.619590301513671875e+02
-1.619685516357421875e+02
-1.619780731201171875e+02
-1.619875946044921875e+02
-1.619971160888671875e+02
-1.620066223144531250e+02
-1.620161437988281250e+02
-1.620256652832031250e+02
-1.620351867675781250e+02
-1.628007049560546875e+02
-1.628007049560546875e+02
-1.628096466064453125e+02
-1.628185729980468750e+02
-1.628364410400390625e+02
-1.628364410400390625e+02
-1.628453674316406250e+02
-1.628632354736328125e+02
-1.628721618652343750e+02
-1.628721618652343750e+02
-1.628900299072265625e+02
-1.628989562988281250e+02
-1.628989562988281250e+02
-1.629168090820312500e+02
-1.629168090820312500e+02
-1.629346466064453125e+02
-1.629346466064453125e+02
-1.629435729980468750e+02
-1.629614105224609375e+02
-1.629614105224609375e+02
-1.629703369140625000e+02
-1.629792480468750000e+02
-1.629881591796875000e+02
-1.630059814453125000e+02
-1.630148925781250000e+02
-1.630148925781250000e+02
-1.630238037109375000e+02
-1.630416107177734375e+02
-1.630416107177734375e+02
-1.630594177246093750e+02
-1.630683135986328125e+02
-1.630772094726562500e+02
-1.630860900878906250e+02
-1.630860900878906250e+02
-1.631038665771484375e+02
-1.631127471923828125e+02
-1.631127471923828125e+02
-1.631305084228515625e+02
-1.631393890380859375e+02
-1.631482543945312500e+02
-1.631571350097656250e+02
-1.631571350097656250e+02
-1.631748504638671875e+02
-1.631837158203125000e+02
-1.631837158203125000e+02
-1.631925659179687500e+02
-1.632102661132812500e+02
-1.632102661132812500e+02
-1.632279510498046875e+02
-1.632367858886718750e+02
-1.632367858886718750e+02
-1.632544555664062500e+02
-1.632544555664062500e+02
-1.632632751464843750e+02
-1.632632751464843750e+02
-1.632809143066406250e+02
-1.632897338867187500e+02
-1.633073425292968750e+02
-1.633073425292968750e+02
-1.633249359130859375e+02
-1.633249359130859375e+02
-1.633337249755859375e+02
-1.633512878417968750e+02
-1.633512878417968750e+02
-1.633688354492187500e+02
-1.633688354492187500e+02
-1.633775939941406250e+02
-1.633951110839843750e+02
-1.633951110839843750e+02
-1.634038696289062500e+02
-1.634213409423828125e+02
-1.634213409423828125e+02
-1.634388122558593750e+02
-1.634475250244140625e+02
-1.634475250244140625e+02
-1.634649505615234375e+02
-1.634649505615234375e+02
-1.634736633300781250e+02
-1.634910430908203125e+02
-1.634997253417968750e+02
-1.634997253417968750e+02
-1.635170898437500000e+02
-1.635170898437500000e+02
-1.635344085693359375e+02
-1.635430603027343750e+02
-1.635430603027343750e+02
-1.635603485107421875e+02
-1.635603485107421875e+02
-1.635689849853515625e+02
-1.635776062011718750e+02
-1.636034545898437500e+02
-1.636034545898437500e+02
-1.636034545898437500e+02
-1.636206512451171875e+02
-1.636292419433593750e+02
-1.636292419433593750e+02
-1.636378326416015625e+02
-1.636549682617187500e+02
-1.636549682617187500e+02
-1.636635437011718750e+02
-1.636806488037109375e+02
-1.636806488037109375e+02
-1.636891937255859375e+02
-1.636977233886718750e+02
-1.636977233886718750e+02
-1.637232971191406250e+02
-1.637318115234375000e+02
-1.637318115234375000e+02
-1.637488250732421875e+02
-1.637573242187500000e+02
-1.637658081054687500e+02
-1.637658081054687500e+02
-1.637827606201171875e+02
-1.637912292480468750e+02
-1.637996978759765625e+02
-1.637996978759765625e+02
-1.638166046142578125e+02
-1.638166046142578125e+02
-1.638166046142578125e+02
-1.638419189453125000e+02
-1.638419189453125000e+02
-1.638503417968750000e+02
-1.638671722412109375e+02
-1.638671722412109375e+02
-1.638755798339843750e+02
-1.638923797607421875e+02
-1.638923797607421875e+02
-1.639091491699218750e+02
-1.639175262451171875e+02
-1.639175262451171875e+02
-1.639342498779296875e+02
-1.639342498779296875e+02
-1.639426116943359375e+02
-1.639593048095703125e+02
-1.639593048095703125e+02
-1.639676513671875000e+02
-1.639843139648437500e+02
-1.639843139648437500e+02
-1.639926300048828125e+02
-1.640092620849609375e+02
-1.640092620849609375e+02
-1.640258636474609375e+02
-1.640258636474609375e+02
-1.640341491699218750e+02
-1.640507202148437500e+02
-1.640507202148437500e+02
-1.640589904785156250e+02
-1.640755157470703125e+02
-1.640755157470703125e+02
-1.640920257568359375e+02
-1.640920257568359375e+02
-1.641002655029296875e+02
-1.641167449951171875e+02
-1.641167449951171875e+02
-1.641331787109375000e+02
-1.641414031982421875e+02
-1.641496124267578125e+02
-1.641578063964843750e+02
-1.641660156250000000e+02
-1.641741943359375000e+02
-1.641741943359375000e+02
-1.641905670166015625e+02
-1.641905670166015625e+02
-1.641987304687500000e+02
-1.642069091796875000e+02
-1.642150726318359375e+02
-1.642232208251953125e+02
-1.642313690185546875e+02
-1.642395172119140625e+02
-1.642476501464843750e+02
-1.642557830810546875e+02
-1.642639160156250000e+02
-1.642720336914062500e+02
-1.642801513671875000e+02
-1.642882537841796875e+02
-1.642963714599609375e+02
-1.643125610351562500e+02
-1.643206329345703125e+02
-1.643206329345703125e+02
-1.643367919921875000e+02
-1.643448638916015625e+02
-1.643448638916015625e+02
-1.643529205322265625e+02
-1.643609771728515625e+02
-1.643690338134765625e+02
-1.643770751953125000e+02
-1.643851165771484375e+02
-1.643931427001953125e+02
-1.644011688232421875e+02
-1.644091949462890625e+02
-1.644091949462890625e+02
-1.644252166748046875e+02
-1.644252166748046875e+02
-1.644412078857421875e+02
-1.644492034912109375e+02
-1.644492034912109375e+02
-1.644651641845703125e+02
-1.644731292724609375e+02
-1.644810943603515625e+02
-1.644890594482421875e+02
-1.644970092773437500e+02
-1.645049591064453125e+02
-1.645128936767578125e+02
-1.645128936767578125e+02
-1.645287628173828125e+02
-1.645366821289062500e+02
-1.645366821289062500e+02
-1.645445861816406250e+02
-1.645604095458984375e+02
-1.645604095458984375e+02
-1.645761871337890625e+02
-1.645840759277343750e+02
-1.645840759277343750e+02
-1.645919494628906250e+02
-1.645998229980468750e+02
-1.646155548095703125e+02
-1.646233978271484375e+02
-1.646312408447265625e+02
-1.646312408447265625e+02
-1.646547393798828125e+02
-1.646625671386718750e+02
-1.646703796386718750e+02
-1.646703796386718750e+02
-1.646781921386718750e+02
-1.646937866210937500e+02
-1.646937866210937500e+02
-1.647093505859375000e+02
-1.647171325683593750e+02
-1.647171325683593750e+02
-1.647326660156250000e+02
-1.647326660156250000e+02
-1.647326660156250000e+02
-1.647559051513671875e+02
-1.647559051513671875e+02
-1.647636413574218750e+02
-1.647790985107421875e+02
-1.647790985107421875e+02
-1.647790985107421875e+02
-1.648022308349609375e+02
-1.648099212646484375e+02
-1.648176116943359375e+02
-1.648176116943359375e+02
-1.648176116943359375e+02
-1.648406372070312500e+02
-1.648406372070312500e+02
-1.648482971191406250e+02
-1.648636016845703125e+02
-1.648636016845703125e+02
-1.648788909912109375e+02
-1.648788909912109375e+02
-1.648865203857421875e+02
-1.649017486572265625e+02
-1.649017486572265625e+02
-1.649169616699218750e+02
-1.649245605468750000e+02
-1.649321441650390625e+02
-1.649397277832031250e+02
-1.649397277832031250e+02
-1.649472961425781250e+02
-1.649624328613281250e+02
-1.649624328613281250e+02
-1.649775238037109375e+02
-1.649850769042968750e+02
-1.649850769042968750e+02
-1.650001373291015625e+02
-1.650001373291015625e+02
-1.650076446533203125e+02
-1.650226593017578125e+02
-1.650226593017578125e+02
-1.650301666259765625e+02
-1.650451354980468750e+02
-1.650451354980468750e+02
-1.650600891113281250e+02
-1.650675506591796875e+02
-1.650675506591796875e+02
-1.650824584960937500e+02
-1.650824584960937500e+02
-1.650824584960937500e+02
-1.650898895263671875e+02
-1.651047515869140625e+02
-1.651121826171875000e+02
-1.651269989013671875e+02
-1.651269989013671875e+02
-1.651417846679687500e+02
-1.651417846679687500e+02
-1.651491699218750000e+02
-1.651639099121093750e+02
-1.651639099121093750e+02
-1.651786346435546875e+02
-1.651859741210937500e+02
-1.651859741210937500e+02
-1.651859741210937500e+02
-1.651933135986328125e+02
-1.652079772949218750e+02
-1.652226104736328125e+02
-1.652226104736328125e+02
-1.652299041748046875e+02
-1.652444915771484375e+02
-1.652444915771484375e+02
-1.652444915771484375e+02
-1.652663116455078125e+02
-1.652663116455078125e+02
-1.652808227539062500e+02
-1.652808227539062500e+02
-1.652880706787109375e+02
-1.653025360107421875e+02
-1.653025360107421875e+02
-1.653025360107421875e+02
-1.653241729736328125e+02
-1.653241729736328125e+02
-1.653385620117187500e+02
-1.653457489013671875e+02
-1.653457489013671875e+02
-1.653600921630859375e+02
-1.653672485351562500e+02
-1.653672485351562500e+02
-1.653744049072265625e+02
-1.653815460205078125e+02
-1.653886871337890625e+02
-1.654029388427734375e+02
-1.654029388427734375e+02
-1.654100494384765625e+02
-1.654242553710937500e+02
-1.654242553710937500e+02
-1.654384307861328125e+02
-1.654384307861328125e+02
-1.654454956054687500e+02
-1.654596252441406250e+02
-1.654596252441406250e+02
-1.654666748046875000e+02
-1.654807586669921875e+02
-1.654807586669921875e+02
-1.654877777099609375e+02
-1.655018157958984375e+02
-1.655018157958984375e+02
-1.655158233642578125e+02
-1.655158233642578125e+02
-1.655227966308593750e+02
-1.655367584228515625e+02
-1.655367584228515625e+02
-1.655437164306640625e+02
-1.655506744384765625e+02
-1.655576324462890625e+02
-1.655576324462890625e+02
-1.655784301757812500e+02
-1.655853424072265625e+02
-1.655922546386718750e+02
-1.655922546386718750e+02
-1.655991668701171875e+02
-1.656129455566406250e+02
-1.656129455566406250e+02
-1.656266937255859375e+02
-1.656335601806640625e+02
-1.656404266357421875e+02
-1.656472778320312500e+02
-1.656472778320312500e+02
-1.656541137695312500e+02
-1.656677856445312500e+02
-1.656677856445312500e+02
-1.656814117431640625e+02
-1.656882171630859375e+02
-1.656950225830078125e+02
-1.657018127441406250e+02
-1.657018127441406250e+02
-1.657085876464843750e+02
-1.657221374511718750e+02
-1.657221374511718750e+02
-1.657356567382812500e+02
-1.657356567382812500e+02
-1.657424011230468750e+02
-1.657558746337890625e+02
-1.657558746337890625e+02
-1.657558746337890625e+02
-1.657760314941406250e+02
-1.657760314941406250e+02
-1.657894287109375000e+02
-1.657961120605468750e+02
-1.657961120605468750e+02
-1.658094787597656250e+02
-1.658094787597656250e+02
-1.658161468505859375e+02
-1.658294525146484375e+02
-1.658294525146484375e+02
-1.658361053466796875e+02
-1.658493804931640625e+02
-1.658493804931640625e+02
-1.658560028076171875e+02
-1.658626251220703125e+02
-1.658758392333984375e+02
-1.658758392333984375e+02
-1.658758392333984375e+02
-1.658824462890625000e+02
-1.658890380859375000e+02
-1.659022064208984375e+02
-1.659153442382812500e+02
-1.659153442382812500e+02
-1.659218902587890625e+02
-1.659349975585937500e+02
-1.659480590820312500e+02
-1.659480590820312500e+02
-1.659480590820312500e+02
-1.659480590820312500e+02
-1.659611053466796875e+02
-1.659611053466796875e+02
-1.659741210937500000e+02
-1.659806213378906250e+02
-1.659871063232421875e+02
-1.659935913085937500e+02
-1.660000762939453125e+02
-1.660065460205078125e+02
-1.660130157470703125e+02
-1.660194702148437500e+02
-1.660259246826171875e+02
-1.660323791503906250e+02
-1.660388183593750000e+02
-1.660452423095703125e+02
-1.660516815185546875e+02
-1.660580902099609375e+02
-1.660645141601562500e+02
-1.660709228515625000e+02
-1.660773162841796875e+02
-1.660837097167968750e+02
-1.660901031494140625e+02
-1.660964813232421875e+02
-1.661028594970703125e+02
-1.661092224121093750e+02
-1.661155853271484375e+02
-1.661219329833984375e+02
-1.661282806396484375e+02
-1.661346130371093750e+02
-1.661409454345703125e+02
-1.661472625732421875e+02
-1.661535797119140625e+02
-1.661598815917968750e+02
-1.661661682128906250e+02
-1.661724548339843750e+02
-1.661787414550781250e+02
-1.661850128173828125e+02
-1.661912689208984375e+02
-1.661975250244140625e+02
-1.662037811279296875e+02
-1.662037811279296875e+02
-1.662162322998046875e+02
-1.662224578857421875e+02
-1.662224578857421875e+02
-1.662348632812500000e+02
-1.662410583496093750e+02
-1.662410583496093750e+02
-1.662534027099609375e+02
-1.662595672607421875e+02
-1.662657165527343750e+02
-1.662718505859375000e+02
-1.662718505859375000e+02
-1.662841033935546875e+02
-1.662902221679687500e+02
-1.663023986816406250e+02
-1.663023986816406250e+02
-1.663084869384765625e+02
-1.663206024169921875e+02
-1.663206024169921875e+02
-1.663206024169921875e+02
-1.663387145996093750e+02
-1.663387145996093750e+02
-1.663507232666015625e+02
-1.663507232666015625e+02
-1.663567199707031250e+02
-1.663686676025390625e+02
-1.663686676025390625e+02
-1.663746185302734375e+02
-1.663864898681640625e+02
-1.663864898681640625e+02
-1.663983154296875000e+02
-1.664042205810546875e+02
-1.664042205810546875e+02
-1.664159698486328125e+02
-1.664159698486328125e+02
-1.664218292236328125e+02
-1.664335021972656250e+02
-1.664335021972656250e+02
-1.664393157958984375e+02
-1.664509124755859375e+02
-1.664509124755859375e+02
-1.664624633789062500e+02
-1.664682159423828125e+02
-1.664682159423828125e+02
-1.664796752929687500e+02
-1.664796752929687500e+02
-1.664910736083984375e+02
-1.664967651367187500e+02
-1.665024261474609375e+02
-1.665024261474609375e+02
-1.665137329101562500e+02
-1.665193481445312500e+02
-1.665193481445312500e+02
-1.665305633544921875e+02
-1.665361480712890625e+02
-1.665417175292968750e+02
-1.665417175292968750e+02
-1.665527954101562500e+02
-1.665583190917968750e+02
-1.665583190917968750e+02
-1.665693206787109375e+02
-1.665747985839843750e+02
-1.665747985839843750e+02
-1.665857238769531250e+02
-1.665857238769531250e+02
-1.665911560058593750e+02
-1.666020050048828125e+02
-1.666020050048828125e+02
-1.666074066162109375e+02
-1.666127929687500000e+02
-1.666289062500000000e+02
-1.666289062500000000e+02
-1.666289062500000000e+02
-1.666342620849609375e+02
-1.666342620849609375e+02
-1.666502532958984375e+02
-1.666555633544921875e+02
-1.666608734130859375e+02
-1.666608734130859375e+02
-1.666661682128906250e+02
-1.666767425537109375e+02
-1.666767425537109375e+02
-1.666820220947265625e+02
-1.666925506591796875e+02
-1.666925506591796875e+02
-1.667030639648437500e+02
-1.667030639648437500e+02
-1.667083129882812500e+02
-1.667187957763671875e+02
-1.667187957763671875e+02
-1.667240295410156250e+02
-1.667344970703125000e+02
-1.667344970703125000e+02
-1.667449493408203125e+02
-1.667501678466796875e+02
-1.667501678466796875e+02
-1.667606048583984375e+02
-1.667606048583984375e+02
-1.667710418701171875e+02
-1.667762603759765625e+02
-1.667762603759765625e+02
-1.667867126464843750e+02
-1.667919311523437500e+02
-1.667919311523437500e+02
-1.668023681640625000e+02
-1.668076019287109375e+02
-1.668076019287109375e+02
-1.668180541992187500e+02
-1.668180541992187500e+02
-1.668232879638671875e+02
-1.668337707519531250e+02
-1.668337707519531250e+02
-1.668390045166015625e+02
-1.668600463867187500e+02
-1.668600463867187500e+02
-1.668653106689453125e+02
-1.668758697509765625e+02
-1.668758697509765625e+02
-1.668811645507812500e+02
-1.668864746093750000e+02
-1.668917694091796875e+02
-1.668970947265625000e+02
-1.669077453613281250e+02
-1.669077453613281250e+02
-1.669130859375000000e+02
-1.669184417724609375e+02
-1.669238128662109375e+02
-1.669291839599609375e+02
-1.669345703125000000e+02
-1.669399566650390625e+02
-1.669453582763671875e+02
-1.669562072753906250e+02
-1.669616546630859375e+02
-1.669616546630859375e+02
-1.669671173095703125e+02
-1.669725799560546875e+02
-1.669835662841796875e+02
-1.669835662841796875e+02
-1.669945983886718750e+02
-1.669945983886718750e+02
-1.670001373291015625e+02
-1.670112762451171875e+02
-1.670168609619140625e+02
-1.670168609619140625e+02
-1.670224609375000000e+02
-1.670280761718750000e+02
-1.670337066650390625e+02
-1.670393524169921875e+02
-1.670450134277343750e+02
-1.670563659667968750e+02
-1.670620727539062500e+02
-1.670620727539062500e+02
-1.670735168457031250e+02
-1.670792541503906250e+02
-1.670792541503906250e+02
-1.670907745361328125e+02
-1.670965576171875000e+02
-1.670965576171875000e+02
-1.671081695556640625e+02
-1.671081695556640625e+02
-1.671139831542968750e+02
-1.671256713867187500e+02
-1.671256713867187500e+02
-1.671374053955078125e+02
-1.671432800292968750e+02
-1.671491851806640625e+02
-1.671550903320312500e+02
-1.671610107421875000e+02
-1.671610107421875000e+02
-1.671728973388671875e+02
-1.671728973388671875e+02
-1.671848297119140625e+02
-1.671908111572265625e+02
-1.671908111572265625e+02
-1.672028045654296875e+02
-1.672088165283203125e+02
-1.672088165283203125e+02
-1.672208862304687500e+02
-1.672269287109375000e+02
-1.672269287109375000e+02
-1.672390594482421875e+02
-1.672390594482421875e+02
-1.672451477050781250e+02
-1.672573394775390625e+02
-1.672573394775390625e+02
-1.672695770263671875e+02
-1.672757110595703125e+02
-1.672757110595703125e+02
-1.672880096435546875e+02
-1.672941741943359375e+02
-1.672941741943359375e+02
-1.673065338134765625e+02
-1.673127288818359375e+02
-1.673189239501953125e+02
-1.673251342773437500e+02
-1.673251342773437500e+02
-1.673251342773437500e+02
-1.673438262939453125e+02
-1.673438262939453125e+02
-1.673563385009765625e+02
-1.673626098632812500e+02
-1.673626098632812500e+02
-1.673751678466796875e+02
-1.673814544677734375e+02
-1.673814544677734375e+02
-1.673940582275390625e+02
-1.674003753662109375e+02
-1.674067077636718750e+02
-1.674130401611328125e+02
-1.674130401611328125e+02
-1.674257202148437500e+02
-1.674320831298828125e+02
-1.674384460449218750e+02
-1.674448089599609375e+02
-1.674448089599609375e+02
-1.674575805664062500e+02
-1.674639739990234375e+02
-1.674639739990234375e+02
-1.674767761230468750e+02
-1.674831848144531250e+02
-1.674896087646484375e+02
-1.674960327148437500e+02
-1.674960327148437500e+02
-1.675024566650390625e+02
-1.675153503417968750e+02
-1.675153503417968750e+02
-1.675282592773437500e+02
-1.675347137451171875e+02
-1.675411987304687500e+02
-1.675476684570312500e+02
-1.675476684570312500e+02
-1.675541534423828125e+02
-1.675671386718750000e+02
-1.675671386718750000e+02
-1.675801544189453125e+02
-1.675866699218750000e+02
-1.675866699218750000e+02
-1.675997314453125000e+02
-1.675997314453125000e+02
-1.676128082275390625e+02
-1.676193695068359375e+02
-1.676193695068359375e+02
-1.676324920654296875e+02
-1.676324920654296875e+02
-1.676456298828125000e+02
-1.676456298828125000e+02
-1.676654052734375000e+02
-1.676654052734375000e+02
-1.676654052734375000e+02
-1.676852416992187500e+02
-1.676852416992187500e+02
-1.676918640136718750e+02
-1.676918640136718750e+02
-1.677051391601562500e+02
-1.677117919921875000e+02
-1.677117919921875000e+02
-1.677250976562500000e+02
-1.677250976562500000e+02
-1.677317657470703125e+02
-1.677451171875000000e+02
-1.677451171875000000e+02
-1.677584991455078125e+02
-1.677651977539062500e+02
-1.677719116210937500e+02
-1.677786254882812500e+02
-1.677853393554687500e+02
-1.677920684814453125e+02
-1.677988128662109375e+02
-1.677988128662109375e+02
-1.678123016357421875e+02
-1.678190612792968750e+02
-1.678190612792968750e+02
-1.678258209228515625e+02
-1.678325958251953125e+02
-1.678461608886718750e+02
-1.678529510498046875e+02
-1.678529510498046875e+02
-1.678665618896484375e+02
-1.678733825683593750e+02
-1.678733825683593750e+02
-1.678733825683593750e+02
-1.678938598632812500e+02
-1.679007110595703125e+02
-1.679075622558593750e+02
-1.679075622558593750e+02
-1.679144134521484375e+02
-1.679281463623046875e+02
-1.679281463623046875e+02
-1.679419097900390625e+02
-1.679488067626953125e+02
-1.679488067626953125e+02
-1.679626159667968750e+02
-1.679695281982421875e+02
-1.679764556884765625e+02
-1.679833831787109375e+02
-1.679833831787109375e+02
-1.679972686767578125e+02
-1.679972686767578125e+02
-1.680042266845703125e+02
-1.680181579589843750e+02
-1.680251312255859375e+02
-1.680321044921875000e+02
-1.680321044921875000e+02
-1.680390930175781250e+02
-1.680460968017578125e+02
-1.680601196289062500e+02
-1.680601196289062500e+02
-1.680741577148437500e+02
-1.680811920166015625e+02
-1.680811920166015625e+02
-1.680952911376953125e+02
-1.680952911376953125e+02
-1.681023406982421875e+02
-1.681164855957031250e+02
-1.681164855957031250e+02
-1.681306610107421875e+02
-1.681377563476562500e+02
-1.681448516845703125e+02
-1.681448516845703125e+02
-1.681519622802734375e+02
-1.681590881347656250e+02
-1.681733398437500000e+02
-1.681733398437500000e+02
-1.681876373291015625e+02
-1.681876373291015625e+02
-1.681947937011718750e+02
-1.682019500732421875e+02
-1.682163085937500000e+02
-1.682163085937500000e+02
-1.682306823730468750e+02
-1.682378845214843750e+02
-1.682451019287109375e+02
-1.682523193359375000e+02
-1.682595520019531250e+02
-1.682667846679687500e+02
-1.682740173339843750e+02
-1.682740173339843750e+02
-1.682885284423828125e+02
-1.682957916259765625e+02
-1.682957916259765625e+02
-1.683103485107421875e+02
-1.683176422119140625e+02
-1.683249359130859375e+02
-1.683322448730468750e+02
-1.683322448730468750e+02
-1.683468780517578125e+02
-1.683542022705078125e+02
-1.683542022705078125e+02
-1.683688812255859375e+02
-1.683762359619140625e+02
-1.683762359619140625e+02
-1.683909606933593750e+02
-1.683909606933593750e+02
-1.683983306884765625e+02
-1.684131164550781250e+02
-1.684131164550781250e+02
-1.684279174804687500e+02
-1.684353332519531250e+02
-1.684353332519531250e+02
-1.684501953125000000e+02
-1.684576263427734375e+02
-1.684576263427734375e+02
-1.684725341796875000e+02
-1.684725341796875000e+02
-1.684799957275390625e+02
-1.684949493408203125e+02
-1.684949493408203125e+02
-1.685099334716796875e+02
-1.685174407958984375e+02
-1.685174407958984375e+02
-1.685324707031250000e+02
-1.685324707031250000e+02
-1.685400085449218750e+02
-1.685400085449218750e+02
-1.685550842285156250e+02
-1.685702056884765625e+02
-1.685777740478515625e+02
-1.685777740478515625e+02
-1.685929412841796875e+02
-1.686005401611328125e+02
-1.686005401611328125e+02
-1.686157531738281250e+02
-1.686157531738281250e+02
-1.686157531738281250e+02
-1.686386260986328125e+02
-1.686386260986328125e+02
-1.686462707519531250e+02
-1.686539306640625000e+02
-1.686615905761718750e+02
-1.686769256591796875e+02
-1.686846160888671875e+02
-1.686846160888671875e+02
-1.687000122070312500e+02
-1.687077178955078125e+02
-1.687154388427734375e+02
-1.687231597900390625e+02
-1.687231597900390625e+02
-1.687308959960937500e+02
-1.687463836669921875e+02
-1.687463836669921875e+02
-1.687619018554687500e+02
-1.687696685791015625e+02
-1.687774353027343750e+02
-1.687852172851562500e+02
-1.687852172851562500e+02
-1.687930145263671875e+02
-1.688008117675781250e+02
-1.688086090087890625e+02
-1.688164215087890625e+02
-1.688320465087890625e+02
-1.688398742675781250e+02
-1.688477172851562500e+02
-1.688555603027343750e+02
-1.688634033203125000e+02
-1.688712463378906250e+02
-1.688712463378906250e+02
-1.688869628906250000e+02
-1.688869628906250000e+02
-1.688948364257812500e+02
-1.689027099609375000e+02
-1.689105834960937500e+02
-1.689184722900390625e+02
-1.689342498779296875e+02
-1.689421539306640625e+02
-1.689500579833984375e+02
-1.689579620361328125e+02
-1.689579620361328125e+02
-1.689579620361328125e+02
-1.689817047119140625e+02
-1.689896392822265625e+02
-1.689975585937500000e+02
-1.689975585937500000e+02
-1.690054931640625000e+02
-1.690213775634765625e+02
-1.690372619628906250e+02
-1.690372619628906250e+02
-1.690372619628906250e+02
-1.690452117919921875e+02
-1.690611267089843750e+02
-1.690611267089843750e+02
-1.690770568847656250e+02
-1.690850219726562500e+02
-1.690930023193359375e+02
-1.691009674072265625e+02
-1.691089477539062500e+02
-1.691089477539062500e+02
-1.691249084472656250e+02
-1.691408843994140625e+02
-1.691408843994140625e+02
-1.691488647460937500e+02
-1.691568603515625000e+02
-1.691648559570312500e+02
-1.691648559570312500e+02
-1.691888427734375000e+02
-1.691888427734375000e+02
-1.691968383789062500e+02
-1.691968383789062500e+02
-1.692128448486328125e+02
-1.692208557128906250e+02
-1.692208557128906250e+02
-1.692368621826171875e+02
-1.692448730468750000e+02
-1.692528839111328125e+02
-1.692608947753906250e+02
-1.692688903808593750e+02
-1.692769012451171875e+02
-1.692849273681640625e+02
-1.692849273681640625e+02
-1.693009490966796875e+02
-1.693009490966796875e+02
-1.693089599609375000e+02
-1.693169708251953125e+02
-1.693169708251953125e+02
-1.693169708251953125e+02
-1.693169708251953125e+02
-1.693169708251953125e+02
-1.693169708251953125e+02
-1.693169708251953125e+02
-1.693169708251953125e+02
-1.693169708251953125e+02
-1.693169708251953125e+02
-1.693169708251953125e+02
-1.693169708251953125e+02
-1.693169708251953125e+02
-1.693169708251953125e+02
-1.693169708251953125e+02
-1.693169708251953125e+02
-1.693169708251953125e+02
-1.693169708251953125e+02
-1.693169708251953125e+02
-1.693169708251953125e+02
-1.693169708251953125e+02
-1.693169708251953125e+02
-1.693169708251953125e+02
-1.693169708251953125e+02
-1.693169708251953125e+02
-1.693169708251953125e+02
-1.693169708251953125e+02
-1.693169708251953125e+02
-1.693169708251953125e+02
-1.693169708251953125e+02
-1.693169708251953125e+02
-1.693169708251953125e+02
-1.693169708251953125e+02
-1.693169708251953125e+02
-1.693169708251953125e+02
-1.693169708251953125e+02
-1.693169708251953125e+02
-1.693169708251953125e+02
-1.693169708251953125e+02
-1.693169708251953125e+02
-1.693169708251953125e+02
-1.693169708251953125e+02
-1.693169708251953125e+02
-1.693169708251953125e+02
-1.693169708251953125e+02
-1.693169708251953125e+02
-1.693169708251953125e+02
-1.693169708251953125e+02
-1.693169708251953125e+02
-1.693169708251953125e+02
-1.693169708251953125e+02
-1.693169708251953125e+02
-1.693169708251953125e+02
-1.693169708251953125e+02
-1.693169708251953125e+02
-1.693169708251953125e+02
-1.693169708251953125e+02
-1.693169708251953125e+02
-1.693169708251953125e+02
-1.693169708251953125e+02
-1.693169708251953125e+02
-1.693169708251953125e+02
-1.693169708251953125e+02
-1.693169708251953125e+02
-1.693169708251953125e+02
-1.693169708251953125e+02
-1.693169708251953125e+02
-1.693169708251953125e+02
-1.693169708251953125e+02
-1.693169708251953125e+02
-1.693169708251953125e+02
-1.693169708251953125e+02
-1.693169708251953125e+02
-1.693169708251953125e+02
-1.693169708251953125e+02
-1.693169708251953125e+02
-1.693169708251953125e+02
-1.693169708251953125e+02
-1.693169708251953125e+02
-1.693169708251953125e+02
-1.693169708251953125e+02
-1.693169708251953125e+02
-1.693169708251953125e+02
-1.693169708251953125e+02
-1.693169708251953125e+02
-1.693169708251953125e+02
-1.693169708251953125e+02
-1.693169708251953125e+02
-1.693169708251953125e+02
-1.693169708251953125e+02
-1.693169708251953125e+02
-1.693169708251953125e+02
-1.693169708251953125e+02
-1.693169708251953125e+02
-1.693169708251953125e+02
-1.693169708251953125e+02
-1.693169708251953125e+02
-1.693169708251953125e+02
-1.693169708251953125e+02
-1.693169708251953125e+02
-1.693169708251953125e+02
-1.693169708251953125e+02
-1.693169708251953125e+02
-1.693169708251953125e+02
-1.693169708251953125e+02
-1.693169708251953125e+02
-1.693169708251953125e+02
-1.693169708251953125e+02
-1.693169708251953125e+02
-1.693169708251953125e+02
-1.693169708251953125e+02
-1.693169708251953125e+02
-1.693169708251953125e+02
-1.693169708251953125e+02
-1.693169708251953125e+02
-1.693169708251953125e+02
-1.693169708251953125e+02
-1.693169708251953125e+02
-1.693169708251953125e+02
-1.693169708251953125e+02
-1.693169708251953125e+02
-1.693169708251953125e+02
-1.693169708251953125e+02
-1.693169708251953125e+02
-1.693169708251953125e+02
-1.693169708251953125e+02
-1.693169708251953125e+02
-1.693169708251953125e+02
-1.693169708251953125e+02
-1.693169708251953125e+02
-1.693169708251953125e+02
-1.693169708251953125e+02
-1.693169708251953125e+02
-1.693169708251953125e+02
-1.693169708251953125e+02
-1.693169708251953125e+02
-1.693169708251953125e+02
-1.693169708251953125e+02
-1.693169708251953125e+02
-1.693169708251953125e+02
-1.693169708251953125e+02
-1.693169708251953125e+02
-1.693169708251953125e+02
-1.693169708251953125e+02
-1.693169708251953125e+02
-1.693169708251953125e+02
-1.693169708251953125e+02
-1.693169708251953125e+02
-1.693169708251953125e+02
-1.693169708251953125e+02
-1.693169708251953125e+02
-1.693169708251953125e+02
-1.693169708251953125e+02
-1.693169708251953125e+02
-1.693169708251953125e+02
-1.693169708251953125e+02
-1.693169708251953125e+02
-1.693169708251953125e+02
-1.693169708251953125e+02
-1.693169708251953125e+02
-1.693169708251953125e+02
-1.693169708251953125e+02
-1.693169708251953125e+02
-1.693169708251953125e+02
-1.693169708251953125e+02
-1.693169708251953125e+02
-1.693169708251953125e+02
-1.693169708251953125e+02
-1.693169708251953125e+02
-1.693169708251953125e+02
-1.693169708251953125e+02
-1.693169708251953125e+02
-1.693169708251953125e+02
-1.693169708251953125e+02
-1.693169708251953125e+02
-1.693169708251953125e+02
-1.693169708251953125e+02
-1.693169708251953125e+02
-1.693169708251953125e+02
-1.693169708251953125e+02
-1.693169708251953125e+02
-1.693169708251953125e+02
-1.693169708251953125e+02
-1.693169708251953125e+02
-1.693169708251953125e+02
-1.693169708251953125e+02
-1.693169708251953125e+02
-1.693169708251953125e+02
-1.693169708251953125e+02
-1.693169708251953125e+02
-1.693169708251953125e+02
-1.693169708251953125e+02
-1.693169708251953125e+02
-1.693169708251953125e+02
-1.693169708251953125e+02
-1.693169708251953125e+02
-1.693169708251953125e+02
-1.693169708251953125e+02
-1.693169708251953125e+02
-1.693169708251953125e+02
-1.693169708251953125e+02
-1.693169708251953125e+02
-1.693169708251953125e+02
-1.693169708251953125e+02
-1.693169708251953125e+02
-1.693169708251953125e+02
-1.693169708251953125e+02
-1.693169708251953125e+02
-1.693169708251953125e+02
-1.693169708251953125e+02
-1.693169708251953125e+02
-1.693169708251953125e+02
-1.693169708251953125e+02
-1.693169708251953125e+02
-1.693169708251953125e+02
-1.693169708251953125e+02
-1.693169708251953125e+02
-1.693169708251953125e+02
-1.693169708251953125e+02
-1.693169708251953125e+02
-1.693169708251953125e+02
-1.693169708251953125e+02
-1.693169708251953125e+02
-1.693169708251953125e+02
-1.693169708251953125e+02
-1.693169708251953125e+02
-1.693169708251953125e+02
-1.693169708251953125e+02
-1.693169708251953125e+02
-1.693169708251953125e+02
-1.693169708251953125e+02
-1.693169708251953125e+02
-1.693169708251953125e+02
-1.693169708251953125e+02
-1.693169708251953125e+02
-1.693169708251953125e+02
-1.693169708251953125e+02
-1.693169708251953125e+02
-1.693169708251953125e+02
-1.693169708251953125e+02
-1.693169708251953125e+02
-1.693169708251953125e+02
-1.693169708251953125e+02
-1.693169708251953125e+02
-1.693169708251953125e+02
-1.693169708251953125e+02
-1.693169708251953125e+02
-1.693169708251953125e+02
-1.693169708251953125e+02
-1.693169708251953125e+02
-1.693169708251953125e+02
-1.693169708251953125e+02
-1.693169708251953125e+02
-1.693169708251953125e+02
-1.693169708251953125e+02
-1.693169708251953125e+02
-1.693169708251953125e+02
-1.693169708251953125e+02
-1.693169708251953125e+02
-1.693169708251953125e+02
-1.693169708251953125e+02
-1.693169708251953125e+02
-1.693169708251953125e+02
-1.693169708251953125e+02
-1.693169708251953125e+02
-1.693169708251953125e+02
-1.693169708251953125e+02
-1.693169708251953125e+02
-1.693169708251953125e+02
-1.693169708251953125e+02
-1.693169708251953125e+02
-1.693169708251953125e+02
-1.693169708251953125e+02
-1.693169708251953125e+02
-1.693169708251953125e+02
-1.693169708251953125e+02
-1.693169708251953125e+02
-1.693169708251953125e+02
-1.693169708251953125e+02
-1.693169708251953125e+02
-1.693169708251953125e+02
-1.693169708251953125e+02
-1.693169708251953125e+02
-1.693169708251953125e+02
-1.693169708251953125e+02
-1.693169708251953125e+02
-1.693169708251953125e+02
-1.693169708251953125e+02
-1.693169708251953125e+02
-1.693169708251953125e+02
-1.693169708251953125e+02
-1.693169708251953125e+02
-1.693169708251953125e+02
-1.693169708251953125e+02
-1.693169708251953125e+02
-1.693169708251953125e+02
-1.693169708251953125e+02
-1.693169708251953125e+02
-1.693169708251953125e+02
-1.693169708251953125e+02
-1.693169708251953125e+02
-1.693169708251953125e+02
-1.693169708251953125e+02
-1.693169708251953125e+02
-1.693169708251953125e+02
-1.693169708251953125e+02
-1.693169708251953125e+02
-1.693169708251953125e+02
-1.693169708251953125e+02
-1.693169708251953125e+02
-1.693169708251953125e+02
-1.693169708251953125e+02
-1.693169708251953125e+02
-1.693169708251953125e+02
-1.693169708251953125e+02
-1.693169708251953125e+02
-1.693169708251953125e+02
-1.693169708251953125e+02
-1.693169708251953125e+02
-1.693169708251953125e+02
-1.693169708251953125e+02
-1.693169708251953125e+02
-1.693169708251953125e+02
-1.693169708251953125e+02
-1.693169708251953125e+02
-1.693169708251953125e+02
-1.693169708251953125e+02
-1.693169708251953125e+02
-1.693169708251953125e+02
-1.693169708251953125e+02
-1.693169708251953125e+02
-1.693169708251953125e+02
-1.693169708251953125e+02
-1.693169708251953125e+02
-1.693169708251953125e+02
-1.693169708251953125e+02
-1.693169708251953125e+02
-1.693169708251953125e+02
-1.693169708251953125e+02
-1.693169708251953125e+02
-1.693169708251953125e+02
-1.693169708251953125e+02
-1.693169708251953125e+02
-1.693169708251953125e+02
-1.693169708251953125e+02
-1.693169708251953125e+02
-1.693169708251953125e+02
-1.693169708251953125e+02
-1.693169708251953125e+02
-1.693169708251953125e+02
-1.693169708251953125e+02
-1.693169708251953125e+02
-1.693169708251953125e+02
-1.693169708251953125e+02
-1.693169708251953125e+02
-1.693169708251953125e+02
-1.693169708251953125e+02
-1.693169708251953125e+02
-1.693169708251953125e+02
-1.693169708251953125e+02
-1.693169708251953125e+02
-1.693169708251953125e+02
-1.693169708251953125e+02
-1.693169708251953125e+02
-1.693169708251953125e+02
-1.693169708251953125e+02
-1.693169708251953125e+02
-1.693169708251953125e+02
-1.693169708251953125e+02
-1.693169708251953125e+02
-1.693169708251953125e+02
-1.693169708251953125e+02
-1.693169708251953125e+02
-1.693169708251953125e+02
-1.693169708251953125e+02
-1.693169708251953125e+02
-1.693169708251953125e+02
-1.693169708251953125e+02
-1.693169708251953125e+02
-1.693169708251953125e+02
-1.693169708251953125e+02
-1.693169708251953125e+02
-1.693169708251953125e+02
-1.693169708251953125e+02
-1.693169708251953125e+02
-1.693169708251953125e+02
-1.693169708251953125e+02
-1.693169708251953125e+02
-1.693169708251953125e+02
-1.693169708251953125e+02
-1.693169708251953125e+02
-1.693169708251953125e+02
-1.693169708251953125e+02
-1.693169708251953125e+02
-1.693169708251953125e+02
-1.693169708251953125e+02
-1.693169708251953125e+02
-1.693169708251953125e+02
-1.693169708251953125e+02
-1.693169708251953125e+02
-1.693169708251953125e+02
-1.693169708251953125e+02
-1.693169708251953125e+02
-1.693169708251953125e+02
-1.693169708251953125e+02
-1.693169708251953125e+02
-1.693169708251953125e+02
-1.693169708251953125e+02
-1.693169708251953125e+02
-1.693169708251953125e+02
-1.693169708251953125e+02
-1.693169708251953125e+02
-1.693169708251953125e+02
-1.693169708251953125e+02
-1.693169708251953125e+02
-1.693169708251953125e+02
-1.693169708251953125e+02
-1.693169708251953125e+02
-1.693169708251953125e+02
-1.693169708251953125e+02
-1.693169708251953125e+02
-1.693169708251953125e+02
-1.693169708251953125e+02
-1.693169708251953125e+02
-1.693169708251953125e+02
-1.693169708251953125e+02
-1.693169708251953125e+02
-1.693169708251953125e+02
-1.693169708251953125e+02
-1.693169708251953125e+02
-1.693169708251953125e+02
-1.693169708251953125e+02
-1.693169708251953125e+02
-1.693169708251953125e+02
-1.693169708251953125e+02
-1.693169708251953125e+02
-1.693169708251953125e+02
-1.693169708251953125e+02
-1.693169708251953125e+02
-1.693169708251953125e+02
-1.693169708251953125e+02
-1.693169708251953125e+02
-1.693169708251953125e+02
-1.693169708251953125e+02
-1.693169708251953125e+02
-1.693169708251953125e+02
-1.693169708251953125e+02
-1.693169708251953125e+02
-1.693169708251953125e+02
-1.693169708251953125e+02
-1.693169708251953125e+02
-1.693169708251953125e+02
-1.693169708251953125e+02
-1.693169708251953125e+02
-1.693169708251953125e+02
-1.693169708251953125e+02
-1.693169708251953125e+02
-1.693169708251953125e+02
-1.693169708251953125e+02
-1.693169708251953125e+02
-1.693169708251953125e+02
-1.693169708251953125e+02
-1.693169708251953125e+02
-1.693169708251953125e+02
-1.693169708251953125e+02
-1.693169708251953125e+02
-1.693169708251953125e+02
-1.693169708251953125e+02
-1.693169708251953125e+02
-1.693169708251953125e+02
-1.693169708251953125e+02
-1.693169708251953125e+02
-1.693169708251953125e+02
-1.693169708251953125e+02
-1.693169708251953125e+02
-1.693169708251953125e+02
-1.693169708251953125e+02
-1.693169708251953125e+02
-1.693169708251953125e+02
-1.693169708251953125e+02
-1.693169708251953125e+02
-1.693169708251953125e+02
-1.693169708251953125e+02
-1.693169708251953125e+02
-1.693169708251953125e+02
-1.693169708251953125e+02
-1.693169708251953125e+02
-1.693169708251953125e+02
-1.693169708251953125e+02
-1.693169708251953125e+02
-1.693169708251953125e+02
-1.693169708251953125e+02
-1.693169708251953125e+02
-1.693169708251953125e+02
-1.693169708251953125e+02
-1.693169708251953125e+02
-1.693169708251953125e+02
-1.693169708251953125e+02
-1.693169708251953125e+02
-1.698432312011718750e+02
-1.698512420654296875e+02
-1.698592529296875000e+02
-1.698672637939453125e+02
-1.698752746582031250e+02
-1.698832855224609375e+02
-1.698912811279296875e+02
-1.698912811279296875e+02
-1.699073028564453125e+02
-1.699233245849609375e+02
-1.699313201904296875e+02
-1.699313201904296875e+02
-1.699393310546875000e+02
-1.699473419189453125e+02
-1.699553527832031250e+02
-1.699633636474609375e+02
-1.699793701171875000e+02
-1.699793701171875000e+02
-1.699793701171875000e+02
-1.699953918457031250e+02
-1.700114135742187500e+02
-1.700194244384765625e+02
-1.700194244384765625e+02
-1.700354309082031250e+02
-1.700354309082031250e+02
-1.700434417724609375e+02
-1.700434417724609375e+02
-1.700674591064453125e+02
-1.700674591064453125e+02
-1.700754699707031250e+02
-1.700914916992187500e+02
-1.700914916992187500e+02
-1.701075134277343750e+02
-1.701235198974609375e+02
-1.701235198974609375e+02
-1.701315307617187500e+02
-1.701315307617187500e+02
-1.701475524902343750e+02
-1.701555633544921875e+02
-1.701555633544921875e+02
-1.701715698242187500e+02
-1.701795806884765625e+02
-1.701875915527343750e+02
-1.701956024169921875e+02
-1.702116088867187500e+02
-1.702116088867187500e+02
-1.702196197509765625e+02
-1.702276306152343750e+02
-1.702356414794921875e+02
-1.702436523437500000e+02
-1.702436523437500000e+02
-1.702596588134765625e+02
-1.702676696777343750e+02
-1.702756805419921875e+02
-1.702756805419921875e+02
-1.702836914062500000e+02
-1.702917022705078125e+02
-1.703077087402343750e+02
-1.703077087402343750e+02
-1.703237304687500000e+02
-1.703317413330078125e+02
-1.703397369384765625e+02
-1.703477478027343750e+02
-1.703557586669921875e+02
-1.703637695312500000e+02
-1.703717803955078125e+02
-1.703877868652343750e+02
-1.703877868652343750e+02
-1.703957977294921875e+02
-1.703957977294921875e+02
-1.704118194580078125e+02
-1.704278411865234375e+02
-1.704278411865234375e+02
-1.704358367919921875e+02
-1.704358367919921875e+02
-1.704518585205078125e+02
-1.704598693847656250e+02
-1.704758758544921875e+02
-1.704838867187500000e+02
-1.704838867187500000e+02
-1.704999084472656250e+02
-1.704999084472656250e+02
-1.705079193115234375e+02
-1.705079193115234375e+02
-1.705239257812500000e+02
-1.705239257812500000e+02
-1.705399475097656250e+02
-1.705479583740234375e+02
-1.705559692382812500e+02
-1.705639801025390625e+02
-1.705719757080078125e+02
-1.705799865722656250e+02
-1.705879974365234375e+02
-1.706040191650390625e+02
-1.706040191650390625e+02
-1.706120147705078125e+02
-1.706120147705078125e+02
-1.706280364990234375e+02
-1.706360473632812500e+02
-1.706440582275390625e+02
-1.706520690917968750e+02
-1.706600646972656250e+02
-1.706680755615234375e+02
-1.706680755615234375e+02
-1.706921081542968750e+02
-1.706921081542968750e+02
-1.707001190185546875e+02
-1.707001190185546875e+02
-1.707161254882812500e+02
-1.707241363525390625e+02
-1.707321472167968750e+02
-1.707401580810546875e+02
-1.707561645507812500e+02
-1.707561645507812500e+02
-1.707641754150390625e+02
-1.707641754150390625e+02
-1.707801971435546875e+02
-1.707882080078125000e+02
-1.707962036132812500e+02
-1.708042144775390625e+02
-1.708122253417968750e+02
-1.708202362060546875e+02
-1.708282470703125000e+02
-1.708442535400390625e+02
-1.708442535400390625e+02
-1.708522644042968750e+02
-1.708602752685546875e+02
-1.708682861328125000e+02
-1.708842926025390625e+02
-1.708842926025390625e+02
-1.708923034667968750e+02
-1.709083251953125000e+02
-1.709083251953125000e+02
-1.709163360595703125e+02
-1.709323425292968750e+02
-1.709323425292968750e+02
-1.709403533935546875e+02
-1.709403533935546875e+02
-1.709563751220703125e+02
-1.709643859863281250e+02
-1.709723968505859375e+02
-1.709803924560546875e+02
-1.709964141845703125e+02
-1.709964141845703125e+02
-1.710044250488281250e+02
-1.710044250488281250e+02
-1.710204315185546875e+02
-1.710284423828125000e+02
-1.710364532470703125e+02
-1.710444641113281250e+02
-1.710524749755859375e+02
-1.710604858398437500e+02
-1.710604858398437500e+02
-1.710845031738281250e+02
-1.710845031738281250e+02
-1.710925140380859375e+02
-1.710925140380859375e+02
-1.711085357666015625e+02
-1.711085357666015625e+02
-1.711165313720703125e+02
-1.711325531005859375e+02
-1.711485748291015625e+02
-1.711485748291015625e+02
-1.711565704345703125e+02
-1.711565704345703125e+02
-1.711725921630859375e+02
-1.711806030273437500e+02
-1.711886138916015625e+02
-1.711966247558593750e+02
-1.712046203613281250e+02
-1.712126312255859375e+02
-1.712206420898437500e+02
-1.712206420898437500e+02
-1.712366638183593750e+02
-1.712446746826171875e+02
-1.712526702880859375e+02
-1.712606811523437500e+02
-1.712606811523437500e+02
-1.712767028808593750e+02
-1.712767028808593750e+02
-1.712927093505859375e+02
-1.713007202148437500e+02
-1.713087310791015625e+02
-1.713247528076171875e+02
-1.713247528076171875e+02
-1.713327636718750000e+02
-1.713407592773437500e+02
-1.713487701416015625e+02
-1.713647918701171875e+02
-1.713647918701171875e+02
-1.713728027343750000e+02
-1.713728027343750000e+02
-1.713728027343750000e+02
-1.713968200683593750e+02
-1.713968200683593750e+02
-1.714128417968750000e+02
-1.714128417968750000e+02
-1.714288482666015625e+02
-1.714288482666015625e+02
-1.714368591308593750e+02
-1.714528808593750000e+02
-1.714608917236328125e+02
-1.714608917236328125e+02
-1.714689025878906250e+02
-1.714849090576171875e+02
-1.714849090576171875e+02
-1.715009307861328125e+02
-1.715009307861328125e+02
-1.715169525146484375e+02
-1.715249481201171875e+02
-1.715409698486328125e+02
-1.715409698486328125e+02
-1.715489807128906250e+02
-1.715489807128906250e+02
-1.715649871826171875e+02
-1.715729980468750000e+02
-1.715810089111328125e+02
-1.715890197753906250e+02
-1.716050415039062500e+02
-1.716050415039062500e+02
-1.716130371093750000e+02
-1.716210479736328125e+02
-1.716290588378906250e+02
-1.716370697021484375e+02
-1.716370697021484375e+02
-1.716530914306640625e+02
-1.716530914306640625e+02
-1.716610870361328125e+02
-1.716771087646484375e+02
-1.716771087646484375e+02
-1.716931304931640625e+02
-1.717011260986328125e+02
-1.717011260986328125e+02
-1.717171478271484375e+02
-1.717251586914062500e+02
-1.717331695556640625e+02
-1.717411804199218750e+02
-1.717491760253906250e+02
-1.717571868896484375e+02
-1.717651977539062500e+02
-1.717651977539062500e+02
-1.717812194824218750e+02
-1.717892303466796875e+02
-1.717972259521484375e+02
-1.718052368164062500e+02
-1.718212585449218750e+02
-1.718212585449218750e+02
-1.718292694091796875e+02
-1.718452758789062500e+02
-1.718452758789062500e+02
-1.718532867431640625e+02
-1.718532867431640625e+02
-1.718693084716796875e+02
-1.718773193359375000e+02
-1.718773193359375000e+02
-1.718933258056640625e+02
-1.719093475341796875e+02
-1.719093475341796875e+02
-1.719173583984375000e+02
-1.719173583984375000e+02
-1.719253540039062500e+02
-1.719413757324218750e+02
-1.719413757324218750e+02
-1.719573974609375000e+02
-1.719654083251953125e+02
-1.719734039306640625e+02
-1.719814147949218750e+02
-1.719974365234375000e+02
-1.719974365234375000e+02
-1.720054473876953125e+02
-1.720054473876953125e+02
-1.720214538574218750e+02
-1.720374755859375000e+02
-1.720374755859375000e+02
-1.720454864501953125e+02
-1.720454864501953125e+02
-1.720534973144531250e+02
-1.720695037841796875e+02
-1.720775146484375000e+02
-1.720775146484375000e+02
-1.720935363769531250e+02
-1.720935363769531250e+02
-1.721095428466796875e+02
-1.721175537109375000e+02
-1.721255645751953125e+02
-1.721335754394531250e+02
-1.721415863037109375e+02
-1.721495971679687500e+02
-1.721575927734375000e+02
-1.721575927734375000e+02
-1.721736145019531250e+02
-1.721816253662109375e+02
-1.721896362304687500e+02
-1.721976318359375000e+02
-1.722136535644531250e+02
-1.722136535644531250e+02
-1.722216644287109375e+02
-1.722376861572265625e+02
-1.722376861572265625e+02
-1.722456817626953125e+02
-1.722456817626953125e+02
-1.722617034912109375e+02
-1.722697143554687500e+02
-1.722777252197265625e+02
-1.722777252197265625e+02
-1.723017425537109375e+02
-1.723017425537109375e+02
-1.723097534179687500e+02
-1.723257751464843750e+02
-1.723257751464843750e+02
-1.723337707519531250e+02
-1.723337707519531250e+02
-1.723497924804687500e+02
-1.723578033447265625e+02
-1.723658142089843750e+02
-1.723738250732421875e+02
-1.723898315429687500e+02
-1.723898315429687500e+02
-1.723978424072265625e+02
-1.723978424072265625e+02
-1.724138641357421875e+02
-1.724218750000000000e+02
-1.724298706054687500e+02
-1.724298706054687500e+02
-1.724458923339843750e+02
-1.724458923339843750e+02
-1.724619140625000000e+02
-1.724699096679687500e+02
-1.724779205322265625e+02
-1.724859313964843750e+02
-1.724859313964843750e+02
-1.724859313964843750e+02
-1.725099639892578125e+02
-1.725099639892578125e+02
-1.725259704589843750e+02
-1.725339813232421875e+02
-1.725419921875000000e+02
-1.725419921875000000e+02
-1.725660095214843750e+02
-1.725660095214843750e+02
-1.725660095214843750e+02
-1.725740203857421875e+02
-1.725900421142578125e+02
-1.725900421142578125e+02
-1.725980529785156250e+02
-1.726140594482421875e+02
-1.726140594482421875e+02
-1.726300811767578125e+02
-1.726380920410156250e+02
-1.726380920410156250e+02
-1.726380920410156250e+02
-1.726540985107421875e+02
-1.726621093750000000e+02
-1.726701202392578125e+02
-1.726781311035156250e+02
-1.726861419677734375e+02
-1.726941528320312500e+02
-1.727021484375000000e+02
-1.727101593017578125e+02
-1.727181701660156250e+02
-1.727261810302734375e+02
-1.727341918945312500e+02
-1.727421875000000000e+02
-1.727501983642578125e+02
-1.727662200927734375e+02
-1.727662200927734375e+02
-1.727742309570312500e+02
-1.727822418212890625e+02
-1.727902374267578125e+02
-1.728062591552734375e+02
-1.728062591552734375e+02
-1.728142700195312500e+02
-1.728222808837890625e+02
-1.728302917480468750e+02
-1.728462982177734375e+02
-1.728543090820312500e+02
-1.728543090820312500e+02
-1.728703308105468750e+02
-1.728783264160156250e+02
-1.728783264160156250e+02
-1.728863372802734375e+02
-1.728943481445312500e+02
-1.729023590087890625e+02
-1.729103698730468750e+02
-1.729183807373046875e+02
-1.729263763427734375e+02
-1.729343872070312500e+02
-1.729504089355468750e+02
-1.729504089355468750e+02
-1.729664306640625000e+02
-1.729664306640625000e+02
-1.729744262695312500e+02
-1.729904479980468750e+02
-1.729904479980468750e+02
-1.730064697265625000e+02
-1.730224761962890625e+02
-1.730224761962890625e+02
-1.730224761962890625e+02
-1.730465087890625000e+02
-1.730465087890625000e+02
-1.730545196533203125e+02
-1.730625152587890625e+02
-1.730705261230468750e+02
-1.730705261230468750e+02
-1.730785369873046875e+02
-1.730785369873046875e+02
-1.730945587158203125e+02
-1.730945587158203125e+02
-1.731185760498046875e+02
-1.731345977783203125e+02
-1.731345977783203125e+02
-1.731426086425781250e+02
-1.731426086425781250e+02
-1.731586151123046875e+02
-1.731666259765625000e+02
-1.731666259765625000e+02
-1.731826477050781250e+02
-1.731906585693359375e+02
-1.731986541748046875e+02
-1.732066650390625000e+02
-1.732146759033203125e+02
-1.732226867675781250e+02
-1.732306976318359375e+02
-1.732387084960937500e+02
-1.732467041015625000e+02
-1.732547149658203125e+02
-1.732707366943359375e+02
-1.732707366943359375e+02
-1.732787475585937500e+02
-1.732867431640625000e+02
-1.732947540283203125e+02
-1.733107757568359375e+02
-1.733107757568359375e+02
-1.733187866210937500e+02
-1.733187866210937500e+02
-1.733187866210937500e+02
-1.733428039550781250e+02
-1.733428039550781250e+02
-1.733588256835937500e+02
-1.733668365478515625e+02
-1.733748474121093750e+02
-1.733828430175781250e+02
-1.733988647460937500e+02
-1.733988647460937500e+02
-1.734068756103515625e+02
-1.734068756103515625e+02
-1.734228820800781250e+02
-1.734308929443359375e+02
-1.734308929443359375e+02
-1.734469146728515625e+02
-1.734549255371093750e+02
-1.734629364013671875e+02
-1.734709320068359375e+02
-1.734789428710937500e+02
-1.734869537353515625e+02
-1.734949645996093750e+02
-1.734949645996093750e+02
-1.734949645996093750e+02
-1.735189819335937500e+02
-1.735189819335937500e+02
-1.735350036621093750e+02
-1.735430145263671875e+02
-1.735510253906250000e+02
-1.735590209960937500e+02
-1.735670318603515625e+02
-1.735750427246093750e+02
-1.735830535888671875e+02
-1.735830535888671875e+02
-1.735910644531250000e+02
-1.736070709228515625e+02
-1.736070709228515625e+02
-1.736230926513671875e+02
-1.736311035156250000e+02
-1.736391143798828125e+02
-1.736471252441406250e+02
-1.736471252441406250e+02
-1.736551208496093750e+02
-1.736711425781250000e+02
-1.736711425781250000e+02
-1.736871643066406250e+02
-1.737031707763671875e+02
-1.737031707763671875e+02
-1.737111816406250000e+02
-1.737191925048828125e+02
-1.737191925048828125e+02
-1.737272033691406250e+02
-1.737512207031250000e+02
-1.737512207031250000e+02
-1.737592315673828125e+02
-1.737672424316406250e+02
-1.737752532958984375e+02
-1.737832641601562500e+02
-1.737912597656250000e+02
-1.737992706298828125e+02
-1.738072814941406250e+02
-1.738152923583984375e+02
-1.738233032226562500e+02
-1.738233032226562500e+02
-1.738393096923828125e+02
-1.738393096923828125e+02
-1.738393096923828125e+02
-1.738633422851562500e+02
-1.738713531494140625e+02
-1.738793487548828125e+02
-1.738873596191406250e+02
-1.739033813476562500e+02
-1.739033813476562500e+02
-1.739113922119140625e+02
-1.739113922119140625e+02
-1.739273986816406250e+02
-1.739354095458984375e+02
-1.739354095458984375e+02
-1.739514312744140625e+02
-1.739514312744140625e+02
-1.739674377441406250e+02
-1.739754486083984375e+02
-1.739834594726562500e+02
-1.739914703369140625e+02
-1.739994812011718750e+02
-1.740074920654296875e+02
-1.740234985351562500e+02
-1.740234985351562500e+02
-1.740234985351562500e+02
-1.740395202636718750e+02
-1.740475311279296875e+02
-1.740555419921875000e+02
-1.740635375976562500e+02
-1.740715484619140625e+02
-1.740795593261718750e+02
-1.740795593261718750e+02
-1.740955810546875000e+02
-1.740955810546875000e+02
-1.741115875244140625e+02
-1.741276092529296875e+02
-1.741276092529296875e+02
-1.741356201171875000e+02
-1.741356201171875000e+02
-1.741516265869140625e+02
-1.741596374511718750e+02
-1.741596374511718750e+02
-1.741756591796875000e+02
-1.741836700439453125e+02
-1.741836700439453125e+02
-1.741996765136718750e+02
-1.742156982421875000e+02
-1.742156982421875000e+02
-1.742237091064453125e+02
-1.742237091064453125e+02
-1.742397155761718750e+02
-1.742477264404296875e+02
-1.742557373046875000e+02
-1.742637481689453125e+02
-1.742717590332031250e+02
-1.742797698974609375e+02
-1.742877655029296875e+02
-1.742877655029296875e+02
-1.743037872314453125e+02
-1.743117980957031250e+02
-1.743117980957031250e+02
-1.743278198242187500e+02
-1.743358154296875000e+02
-1.743438262939453125e+02
-1.743518371582031250e+02
-1.743518371582031250e+02
-1.743678588867187500e+02
-1.743758544921875000e+02
-1.743758544921875000e+02
-1.743918762207031250e+02
-1.743998870849609375e+02
-1.743998870849609375e+02
-1.744159088134765625e+02
-1.744319152832031250e+02
-1.744319152832031250e+02
-1.744399261474609375e+02
-1.744399261474609375e+02
-1.744479370117187500e+02
-1.744559478759765625e+02
-1.744639587402343750e+02
-1.744799652099609375e+02
-1.744879760742187500e+02
-1.745039978027343750e+02
-1.745039978027343750e+02
-1.745039978027343750e+02
-1.745119934082031250e+02
-1.745280151367187500e+02
-1.745280151367187500e+02
-1.745440368652343750e+02
-1.745520477294921875e+02
-1.745520477294921875e+02
-1.745680541992187500e+02
-1.745760650634765625e+02
-1.745840759277343750e+02
-1.745920867919921875e+02
-1.746080932617187500e+02
-1.746080932617187500e+02
-1.746080932617187500e+02
-1.746161041259765625e+02
-1.746321258544921875e+02
-1.746401367187500000e+02
-1.746401367187500000e+02
-1.746561431884765625e+02
-1.746641540527343750e+02
-1.746721649169921875e+02
-1.746801757812500000e+02
-1.746801757812500000e+02
-1.746961822509765625e+02
-1.747041931152343750e+02
-1.747122039794921875e+02
-1.747202148437500000e+02
-1.747282257080078125e+02
-1.747362213134765625e+02
-1.747362213134765625e+02
-1.747442321777343750e+02
-1.747522430419921875e+02
-1.747682647705078125e+02
-1.747682647705078125e+02
-1.747842712402343750e+02
-1.747922821044921875e+02
-1.748002929687500000e+02
-1.748083038330078125e+02
-1.748163146972656250e+02
-1.748163146972656250e+02
-1.748323211669921875e+02
-1.748323211669921875e+02
-1.748483428955078125e+02
-1.748563537597656250e+02
-1.748563537597656250e+02
-1.748723602294921875e+02
-1.748803710937500000e+02
-1.748883819580078125e+02
-1.748963928222656250e+02
-1.748963928222656250e+02
-1.749124145507812500e+02
-1.749204101562500000e+02
-1.749204101562500000e+02
-1.749364318847656250e+02
-1.749444427490234375e+02
-1.749444427490234375e+02
-1.749604644775390625e+02
-1.749604644775390625e+02
-1.749764709472656250e+02
-1.749844818115234375e+02
-1.749844818115234375e+02
-1.750005035400390625e+02
-1.750084991455078125e+02
-1.750165100097656250e+02
-1.750245208740234375e+02
-1.750405426025390625e+02
-1.750405426025390625e+02
-1.750405426025390625e+02
-1.750485534667968750e+02
-1.750645599365234375e+02
-1.750645599365234375e+02
-1.750725708007812500e+02
-1.750805816650390625e+02
-1.750966033935546875e+02
-1.751045989990234375e+02
-1.751126098632812500e+02
-1.751206207275390625e+02
-1.751286315917968750e+02
-1.751366424560546875e+02
-1.751366424560546875e+02
-1.751446380615234375e+02
-1.751606597900390625e+02
-1.751606597900390625e+02
-1.751766815185546875e+02
-1.751846923828125000e+02
-1.751926879882812500e+02
-1.751926879882812500e+02
-1.752167205810546875e+02
-1.752167205810546875e+02
-1.752247314453125000e+02
-1.752247314453125000e+02
-1.752407379150390625e+02
-1.752487487792968750e+02
-1.752567596435546875e+02
-1.752647705078125000e+02
-1.752647705078125000e+02
-1.752727813720703125e+02
-1.752807769775390625e+02
-1.753048095703125000e+02
-1.753048095703125000e+02
-1.753128204345703125e+02
-1.753288269042968750e+02
-1.753288269042968750e+02
-1.753368377685546875e+02
-1.753528594970703125e+02
-1.753528594970703125e+02
-1.753528594970703125e+02
-1.753608703613281250e+02
-1.753768768310546875e+02
-1.753768768310546875e+02
-1.753928985595703125e+02
-1.754009094238281250e+02
-1.754089202880859375e+02
-1.754089202880859375e+02
-1.754249267578125000e+02
-1.754329376220703125e+02
-1.754409484863281250e+02
-1.754489593505859375e+02
-1.754569702148437500e+02
-1.754649658203125000e+02
-1.754649658203125000e+02
-1.754809875488281250e+02
-1.754889984130859375e+02
-1.754889984130859375e+02
-1.755050201416015625e+02
-1.755130157470703125e+02
-1.755210266113281250e+02
-1.755290374755859375e+02
-1.755290374755859375e+02
-1.755290374755859375e+02
-1.755290374755859375e+02
-1.755290374755859375e+02
-1.755290374755859375e+02
-1.755290374755859375e+02
-1.755290374755859375e+02
-1.755290374755859375e+02
-1.755290374755859375e+02
-1.755290374755859375e+02
-1.755290374755859375e+02
-1.755290374755859375e+02
-1.755290374755859375e+02
-1.755290374755859375e+02
-1.755290374755859375e+02
-1.755290374755859375e+02
-1.755290374755859375e+02
-1.755290374755859375e+02
-1.755290374755859375e+02
-1.755290374755859375e+02
-1.755290374755859375e+02
-1.755290374755859375e+02
-1.755290374755859375e+02
-1.755290374755859375e+02
-1.755290374755859375e+02
-1.755290374755859375e+02
-1.755290374755859375e+02
-1.755290374755859375e+02
-1.755290374755859375e+02
-1.755290374755859375e+02
-1.755290374755859375e+02
-1.755290374755859375e+02
-1.755290374755859375e+02
-1.755290374755859375e+02
-1.755290374755859375e+02
-1.755290374755859375e+02
-1.755290374755859375e+02
-1.755290374755859375e+02
-1.755290374755859375e+02
-1.755290374755859375e+02
-1.755290374755859375e+02
-1.755290374755859375e+02
-1.755290374755859375e+02
-1.755290374755859375e+02
-1.755290374755859375e+02
-1.755290374755859375e+02
-1.755290374755859375e+02
-1.755290374755859375e+02
-1.755290374755859375e+02
-1.755290374755859375e+02
-1.755290374755859375e+02
-1.755290374755859375e+02
-1.755290374755859375e+02
-1.755290374755859375e+02
-1.755290374755859375e+02
-1.755290374755859375e+02
-1.755290374755859375e+02
-1.755290374755859375e+02
-1.755290374755859375e+02
-1.755290374755859375e+02
-1.755290374755859375e+02
-1.755290374755859375e+02
-1.755290374755859375e+02
-1.755290374755859375e+02
-1.755290374755859375e+02
-1.755290374755859375e+02
-1.755290374755859375e+02
-1.755290374755859375e+02
-1.755290374755859375e+02
-1.755290374755859375e+02
-1.755290374755859375e+02
-1.755290374755859375e+02
-1.755290374755859375e+02
-1.755290374755859375e+02
-1.755290374755859375e+02
-1.755290374755859375e+02
-1.755290374755859375e+02
-1.755290374755859375e+02
-1.755290374755859375e+02
-1.755290374755859375e+02
-1.755290374755859375e+02
-1.755290374755859375e+02
-1.755290374755859375e+02
-1.755290374755859375e+02
-1.755290374755859375e+02
-1.755290374755859375e+02
-1.755290374755859375e+02
-1.755290374755859375e+02
-1.755290374755859375e+02
-1.755290374755859375e+02
-1.755290374755859375e+02
-1.755290374755859375e+02
-1.755290374755859375e+02
-1.755290374755859375e+02
-1.755290374755859375e+02
-1.755290374755859375e+02
-1.755290374755859375e+02
-1.755290374755859375e+02
-1.755290374755859375e+02
-1.755290374755859375e+02
-1.755290374755859375e+02
-1.755290374755859375e+02
-1.755290374755859375e+02
-1.755290374755859375e+02
-1.755290374755859375e+02
-1.755290374755859375e+02
-1.755290374755859375e+02
-1.755290374755859375e+02
-1.755290374755859375e+02
-1.755290374755859375e+02
-1.755290374755859375e+02
-1.755290374755859375e+02
-1.755290374755859375e+02
-1.755290374755859375e+02
-1.755290374755859375e+02
-1.755290374755859375e+02
-1.755290374755859375e+02
-1.755290374755859375e+02
-1.755290374755859375e+02
-1.755290374755859375e+02
-1.755290374755859375e+02
-1.755290374755859375e+02
-1.755290374755859375e+02
-1.755290374755859375e+02
-1.755290374755859375e+02
-1.755290374755859375e+02
-1.755290374755859375e+02
-1.755290374755859375e+02
-1.755290374755859375e+02
-1.755290374755859375e+02
-1.755290374755859375e+02
-1.755290374755859375e+02
-1.755290374755859375e+02
-1.755290374755859375e+02
-1.755290374755859375e+02
-1.755290374755859375e+02
-1.755290374755859375e+02
-1.755290374755859375e+02
-1.755290374755859375e+02
-1.755290374755859375e+02
-1.755290374755859375e+02
-1.755290374755859375e+02
-1.755290374755859375e+02
-1.755290374755859375e+02
-1.755290374755859375e+02
-1.755290374755859375e+02
-1.755290374755859375e+02
-1.755290374755859375e+02
-1.755290374755859375e+02
-1.755290374755859375e+02
-1.755290374755859375e+02
-1.755290374755859375e+02
-1.755290374755859375e+02
-1.755290374755859375e+02
-1.755290374755859375e+02
-1.755290374755859375e+02
-1.755290374755859375e+02
-1.755290374755859375e+02
-1.755290374755859375e+02
-1.755290374755859375e+02
-1.755290374755859375e+02
-1.755290374755859375e+02
-1.755290374755859375e+02
-1.755290374755859375e+02
-1.755290374755859375e+02
-1.755290374755859375e+02
-1.755290374755859375e+02
-1.755290374755859375e+02
-1.755290374755859375e+02
-1.755290374755859375e+02
-1.755290374755859375e+02
-1.755290374755859375e+02
-1.755290374755859375e+02
-1.755290374755859375e+02
-1.755290374755859375e+02
-1.755290374755859375e+02
-1.755290374755859375e+02
-1.755290374755859375e+02
-1.755290374755859375e+02
-1.755290374755859375e+02
-1.755290374755859375e+02
-1.755290374755859375e+02
-1.755290374755859375e+02
-1.755290374755859375e+02
-1.755290374755859375e+02
-1.755290374755859375e+02
-1.755290374755859375e+02
-1.755290374755859375e+02
-1.755290374755859375e+02
-1.755290374755859375e+02
-1.755290374755859375e+02
-1.755290374755859375e+02
-1.755290374755859375e+02
-1.755290374755859375e+02
-1.755290374755859375e+02
-1.755290374755859375e+02
-1.755290374755859375e+02
-1.755290374755859375e+02
-1.755290374755859375e+02
-1.755290374755859375e+02
-1.755290374755859375e+02
-1.755290374755859375e+02
-1.755290374755859375e+02
-1.755290374755859375e+02
-1.755290374755859375e+02
-1.755290374755859375e+02
-1.755290374755859375e+02
-1.755290374755859375e+02
-1.755290374755859375e+02
-1.755290374755859375e+02
-1.755290374755859375e+02
-1.755290374755859375e+02
-1.755290374755859375e+02
-1.755290374755859375e+02
-1.755290374755859375e+02
-1.755290374755859375e+02
-1.755290374755859375e+02
-1.755290374755859375e+02
-1.755290374755859375e+02
-1.755290374755859375e+02
-1.755290374755859375e+02
-1.755290374755859375e+02
-1.755290374755859375e+02
-1.755290374755859375e+02
-1.755290374755859375e+02
-1.755290374755859375e+02
-1.755290374755859375e+02
-1.755290374755859375e+02
-1.755290374755859375e+02
-1.755290374755859375e+02
-1.755290374755859375e+02
-1.755290374755859375e+02
-1.755290374755859375e+02
-1.755290374755859375e+02
-1.755290374755859375e+02
-1.755290374755859375e+02
-1.755290374755859375e+02
-1.755290374755859375e+02
-1.755290374755859375e+02
-1.755290374755859375e+02
-1.755290374755859375e+02
-1.755290374755859375e+02
-1.755290374755859375e+02
-1.755290374755859375e+02
-1.755290374755859375e+02
-1.755290374755859375e+02
-1.755290374755859375e+02
-1.755290374755859375e+02
-1.755290374755859375e+02
-1.755290374755859375e+02
-1.755290374755859375e+02
-1.755290374755859375e+02
-1.755290374755859375e+02
-1.755290374755859375e+02
-1.755290374755859375e+02
-1.755290374755859375e+02
-1.755290374755859375e+02
-1.755290374755859375e+02
-1.755290374755859375e+02
-1.755290374755859375e+02
-1.755290374755859375e+02
-1.755290374755859375e+02
-1.755290374755859375e+02
-1.755290374755859375e+02
-1.755290374755859375e+02
-1.755290374755859375e+02
-1.755290374755859375e+02
-1.755290374755859375e+02
-1.755290374755859375e+02
-1.755290374755859375e+02
-1.755290374755859375e+02
-1.755290374755859375e+02
-1.755290374755859375e+02
-1.755290374755859375e+02
-1.755290374755859375e+02
-1.755290374755859375e+02
-1.755290374755859375e+02
-1.755290374755859375e+02
-1.755290374755859375e+02
-1.755290374755859375e+02
-1.755290374755859375e+02
-1.755290374755859375e+02
-1.755290374755859375e+02
-1.755290374755859375e+02
-1.755290374755859375e+02
-1.755290374755859375e+02
-1.755290374755859375e+02
-1.755290374755859375e+02
-1.755290374755859375e+02
-1.755290374755859375e+02
-1.755290374755859375e+02
-1.755290374755859375e+02
-1.755290374755859375e+02
-1.755290374755859375e+02
-1.755290374755859375e+02
-1.755290374755859375e+02
-1.755290374755859375e+02
-1.755290374755859375e+02
-1.755290374755859375e+02
-1.755290374755859375e+02
-1.755290374755859375e+02
-1.755290374755859375e+02
-1.755290374755859375e+02
-1.755290374755859375e+02
-1.755290374755859375e+02
-1.755290374755859375e+02
-1.755290374755859375e+02
-1.755290374755859375e+02
-1.755290374755859375e+02
-1.755290374755859375e+02
-1.755290374755859375e+02
-1.755290374755859375e+02
-1.755290374755859375e+02
-1.755290374755859375e+02
-1.755290374755859375e+02
-1.755290374755859375e+02
-1.755290374755859375e+02
-1.755290374755859375e+02
-1.755290374755859375e+02
-1.755290374755859375e+02
-1.755290374755859375e+02
-1.755290374755859375e+02
-1.755290374755859375e+02
-1.755290374755859375e+02
-1.755290374755859375e+02
-1.755290374755859375e+02
-1.755290374755859375e+02
-1.755290374755859375e+02
-1.755290374755859375e+02
-1.755290374755859375e+02
-1.755290374755859375e+02
-1.755290374755859375e+02
-1.755290374755859375e+02
-1.755290374755859375e+02
-1.755290374755859375e+02
-1.755290374755859375e+02
-1.755290374755859375e+02
-1.755290374755859375e+02
-1.755290374755859375e+02
-1.755290374755859375e+02
-1.755290374755859375e+02
-1.755290374755859375e+02
-1.755290374755859375e+02
-1.755290374755859375e+02
-1.755290374755859375e+02
-1.755290374755859375e+02
-1.755290374755859375e+02
-1.755290374755859375e+02
-1.755290374755859375e+02
-1.755290374755859375e+02
-1.755290374755859375e+02
-1.755290374755859375e+02
-1.755290374755859375e+02
-1.755290374755859375e+02
-1.755290374755859375e+02
-1.755290374755859375e+02
-1.755290374755859375e+02
-1.755290374755859375e+02
-1.755290374755859375e+02
-1.755290374755859375e+02
-1.755290374755859375e+02
-1.755290374755859375e+02
-1.755290374755859375e+02
-1.755290374755859375e+02
-1.755290374755859375e+02
-1.755290374755859375e+02
-1.755290374755859375e+02
-1.755290374755859375e+02
-1.755290374755859375e+02
-1.755290374755859375e+02
-1.755290374755859375e+02
-1.755290374755859375e+02
-1.755290374755859375e+02
-1.755290374755859375e+02
-1.755290374755859375e+02
-1.755290374755859375e+02
-1.755290374755859375e+02
-1.755290374755859375e+02
-1.755290374755859375e+02
-1.755290374755859375e+02
-1.755290374755859375e+02
-1.755290374755859375e+02
-1.755290374755859375e+02
-1.755290374755859375e+02
-1.755290374755859375e+02
-1.755290374755859375e+02
-1.755290374755859375e+02
-1.755290374755859375e+02
-1.755290374755859375e+02
-1.755290374755859375e+02
-1.755290374755859375e+02
-1.755290374755859375e+02
-1.755290374755859375e+02
-1.755290374755859375e+02
-1.755290374755859375e+02
-1.755290374755859375e+02
-1.755290374755859375e+02
-1.755290374755859375e+02
-1.755290374755859375e+02
-1.755290374755859375e+02
-1.755290374755859375e+02
-1.755290374755859375e+02
-1.755290374755859375e+02
-1.755290374755859375e+02
-1.755290374755859375e+02
-1.755290374755859375e+02
-1.755290374755859375e+02
-1.755290374755859375e+02
-1.755290374755859375e+02
-1.755290374755859375e+02
-1.755290374755859375e+02
-1.755290374755859375e+02
-1.755290374755859375e+02
-1.755290374755859375e+02
-1.755290374755859375e+02
-1.755290374755859375e+02
-1.755290374755859375e+02
-1.755290374755859375e+02
-1.755290374755859375e+02
-1.755290374755859375e+02
-1.755290374755859375e+02
-1.755290374755859375e+02
-1.755290374755859375e+02
-1.755290374755859375e+02
-1.755290374755859375e+02
-1.755290374755859375e+02
-1.755290374755859375e+02
-1.755290374755859375e+02
-1.755290374755859375e+02
-1.755290374755859375e+02
-1.755290374755859375e+02
-1.755290374755859375e+02
-1.755290374755859375e+02
-1.755290374755859375e+02
-1.755290374755859375e+02
-1.755290374755859375e+02
-1.755290374755859375e+02
-1.755290374755859375e+02
-1.755290374755859375e+02
-1.755290374755859375e+02
-1.755290374755859375e+02
-1.755290374755859375e+02
-1.755290374755859375e+02
-1.755290374755859375e+02
-1.755290374755859375e+02
-1.755290374755859375e+02
-1.755290374755859375e+02
-1.755290374755859375e+02
-1.755290374755859375e+02
-1.755290374755859375e+02
-1.755290374755859375e+02
-1.755290374755859375e+02
-1.755290374755859375e+02
-1.755290374755859375e+02
-1.755290374755859375e+02
-1.755290374755859375e+02
-1.755290374755859375e+02
-1.755290374755859375e+02
-1.755290374755859375e+02
-1.755290374755859375e+02
-1.755290374755859375e+02
-1.755290374755859375e+02
-1.755290374755859375e+02
-1.755290374755859375e+02
-1.755290374755859375e+02
-1.755290374755859375e+02
-1.755290374755859375e+02
-1.755290374755859375e+02
-1.755290374755859375e+02
-1.755290374755859375e+02
-1.755290374755859375e+02
-1.755290374755859375e+02
-1.755290374755859375e+02
-1.755290374755859375e+02
-1.755290374755859375e+02
-1.755290374755859375e+02
-1.755290374755859375e+02
-1.755290374755859375e+02
-1.755290374755859375e+02
-1.755290374755859375e+02
-1.755290374755859375e+02
-1.755290374755859375e+02
-1.755290374755859375e+02
-1.755290374755859375e+02
-1.755290374755859375e+02
-1.755290374755859375e+02
-1.755290374755859375e+02
-1.755290374755859375e+02
-1.755290374755859375e+02
-1.755290374755859375e+02
-1.755290374755859375e+02
-1.755290374755859375e+02
-1.755290374755859375e+02
-1.755290374755859375e+02
-1.755290374755859375e+02
-1.755290374755859375e+02
-1.755290374755859375e+02
-1.755290374755859375e+02
-1.755290374755859375e+02
-1.755290374755859375e+02
-1.755290374755859375e+02
-1.755290374755859375e+02
-1.755290374755859375e+02
-1.755290374755859375e+02
-1.755290374755859375e+02
-1.755290374755859375e+02
-1.755290374755859375e+02
-1.755290374755859375e+02
-1.755290374755859375e+02
-1.755290374755859375e+02
-1.755290374755859375e+02
-1.755290374755859375e+02
-1.755290374755859375e+02
-1.755290374755859375e+02
-1.755290374755859375e+02
-1.755290374755859375e+02
-1.755290374755859375e+02
-1.755290374755859375e+02
-1.755290374755859375e+02
-1.755290374755859375e+02
-1.755290374755859375e+02
-1.755290374755859375e+02
-1.755290374755859375e+02
-1.755290374755859375e+02
-1.755290374755859375e+02
-1.755290374755859375e+02
-1.755290374755859375e+02
-1.755290374755859375e+02
-1.755290374755859375e+02
-1.755290374755859375e+02
-1.755290374755859375e+02
-1.755290374755859375e+02
-1.755290374755859375e+02
-1.755290374755859375e+02
-1.755290374755859375e+02
-1.755290374755859375e+02
-1.759819793701171875e+02
-1.759899902343750000e+02
-1.759980010986328125e+02
-1.760060119628906250e+02
-1.760140228271484375e+02
-1.760220336914062500e+02
-1.760300292968750000e+02
-1.760380401611328125e+02
-1.760460510253906250e+02
-1.760540618896484375e+02
-1.760620727539062500e+02
-1.760700683593750000e+02
-1.760860900878906250e+02
-1.760941009521484375e+02
-1.760941009521484375e+02
-1.761101226806640625e+02
-1.761181182861328125e+02
-1.761181182861328125e+02
-1.761341400146484375e+02
-1.761421508789062500e+02
-1.761421508789062500e+02
-1.761581726074218750e+02
-1.761581726074218750e+02
-1.761661682128906250e+02
-1.761821899414062500e+02
-1.761821899414062500e+02
-1.761902008056640625e+02
-1.762062072753906250e+02
-1.762142181396484375e+02
-1.762142181396484375e+02
-1.762302398681640625e+02
-1.762382507324218750e+02
-1.762382507324218750e+02
-1.762462615966796875e+02
-1.762622680664062500e+02
-1.762622680664062500e+02
-1.762863006591796875e+02
-1.762863006591796875e+02
-1.762863006591796875e+02
-1.762943115234375000e+02
-1.763103179931640625e+02
-1.763103179931640625e+02
-1.763183288574218750e+02
-1.763343505859375000e+02
-1.763343505859375000e+02
-1.763423461914062500e+02
-1.763583679199218750e+02
-1.763663787841796875e+02
-1.763663787841796875e+02
-1.763824005126953125e+02
-1.763824005126953125e+02
-1.763984069824218750e+02
-1.763984069824218750e+02
-1.764064178466796875e+02
-1.764224395751953125e+02
-1.764224395751953125e+02
-1.764304504394531250e+02
-1.764464569091796875e+02
-1.764464569091796875e+02
-1.764624786376953125e+02
-1.764704895019531250e+02
-1.764784851074218750e+02
-1.764864959716796875e+02
-1.764864959716796875e+02
-1.764945068359375000e+02
-1.765105285644531250e+02
-1.765105285644531250e+02
-1.765265350341796875e+02
-1.765345458984375000e+02
-1.765345458984375000e+02
-1.765505676269531250e+02
-1.765585784912109375e+02
-1.765585784912109375e+02
-1.765745849609375000e+02
-1.765745849609375000e+02
-1.765825958251953125e+02
-1.765986175537109375e+02
-1.765986175537109375e+02
-1.766066284179687500e+02
-1.766146240234375000e+02
-1.766226348876953125e+02
-1.766386566162109375e+02
-1.766386566162109375e+02
-1.766466674804687500e+02
-1.766626739501953125e+02
-1.766626739501953125e+02
-1.766786956787109375e+02
-1.766867065429687500e+02
-1.766947174072265625e+02
-1.767027282714843750e+02
-1.767027282714843750e+02
-1.767107238769531250e+02
-1.767267456054687500e+02
-1.767267456054687500e+02
-1.767427673339843750e+02
-1.767507629394531250e+02
-1.767507629394531250e+02
-1.767667846679687500e+02
-1.767828063964843750e+02
-1.767828063964843750e+02
-1.767908172607421875e+02
-1.767908172607421875e+02
-1.768068237304687500e+02
-1.768148345947265625e+02
-1.768148345947265625e+02
-1.768228454589843750e+02
-1.768308563232421875e+02
-1.768308563232421875e+02
-1.768548736572265625e+02
-1.768548736572265625e+02
-1.768628845214843750e+02
-1.768789062500000000e+02
-1.768789062500000000e+02
-1.768949127197265625e+02
-1.768949127197265625e+02
-1.769029235839843750e+02
-1.769189453125000000e+02
-1.769189453125000000e+02
-1.769349517822265625e+02
-1.769349517822265625e+02
-1.769429626464843750e+02
-1.769589843750000000e+02
-1.769589843750000000e+02
-1.769669952392578125e+02
-1.769830017089843750e+02
-1.769830017089843750e+02
-1.769830017089843750e+02
-1.769910125732421875e+02
-1.770070343017578125e+02
-1.770230407714843750e+02
-1.770310516357421875e+02
-1.770390625000000000e+02
-1.770470733642578125e+02
-1.770470733642578125e+02
-1.770630950927734375e+02
-1.770710906982421875e+02
-1.770710906982421875e+02
-1.770791015625000000e+02
-1.770791015625000000e+02
-1.770951232910156250e+02
-1.770951232910156250e+02
-1.771111450195312500e+02
-1.771191406250000000e+02
-1.771271514892578125e+02
-1.771351623535156250e+02
-1.771431732177734375e+02
-1.771591796875000000e+02
-1.771591796875000000e+02
-1.771671905517578125e+02
-1.771832122802734375e+02
-1.771832122802734375e+02
-1.771992340087890625e+02
-1.772072296142578125e+02
-1.772072296142578125e+02
-1.772232513427734375e+02
-1.772232513427734375e+02
-1.772312622070312500e+02
-1.772472686767578125e+02
-1.772472686767578125e+02
-1.772552795410156250e+02
-1.772713012695312500e+02
-1.772713012695312500e+02
-1.772873229980468750e+02
-1.772953186035156250e+02
-1.772953186035156250e+02
-1.773113403320312500e+02
-1.773113403320312500e+02
-1.773193511962890625e+02
-1.773353729248046875e+02
-1.773353729248046875e+02
-1.773433685302734375e+02
-1.773593902587890625e+02
-1.773674011230468750e+02
-1.773674011230468750e+02
-1.773834075927734375e+02
-1.773914184570312500e+02
-1.773994293212890625e+02
-1.773994293212890625e+02
-1.774074401855468750e+02
-1.774234619140625000e+02
-1.774234619140625000e+02
-1.774394683837890625e+02
-1.774394683837890625e+02
-1.774394683837890625e+02
-1.774635009765625000e+02
-1.774715118408203125e+02
-1.774795074462890625e+02
-1.774875183105468750e+02
-1.774875183105468750e+02
-1.774955291748046875e+02
-1.775115509033203125e+02
-1.775115509033203125e+02
-1.775275573730468750e+02
-1.775355682373046875e+02
-1.775355682373046875e+02
-1.775515899658203125e+02
-1.775515899658203125e+02
-1.775596008300781250e+02
-1.775596008300781250e+02
-1.775756072998046875e+02
-1.775836181640625000e+02
-1.775996398925781250e+02
-1.775996398925781250e+02
-1.776156463623046875e+02
-1.776236572265625000e+02
-1.776316680908203125e+02
-1.776396789550781250e+02
-1.776396789550781250e+02
-1.776476898193359375e+02
-1.776636962890625000e+02
-1.776636962890625000e+02
-1.776797180175781250e+02
-1.776877288818359375e+02
-1.776877288818359375e+02
-1.777037353515625000e+02
-1.777117462158203125e+02
-1.777117462158203125e+02
-1.777277679443359375e+02
-1.777357788085937500e+02
-1.777437896728515625e+02
-1.777517852783203125e+02
-1.777517852783203125e+02
-1.777517852783203125e+02
-1.777758178710937500e+02
-1.777758178710937500e+02
-1.777918243408203125e+02
-1.777998352050781250e+02
-1.777998352050781250e+02
-1.778158569335937500e+02
-1.778238677978515625e+02
-1.778238677978515625e+02
-1.778398742675781250e+02
-1.778478851318359375e+02
-1.778478851318359375e+02
-1.778639068603515625e+02
-1.778719177246093750e+02
-1.778719177246093750e+02
-1.778879241943359375e+02
-1.778959350585937500e+02
-1.778959350585937500e+02
-1.779039459228515625e+02
-1.779199676513671875e+02
-1.779279632568359375e+02
-1.779279632568359375e+02
-1.779439849853515625e+02
-1.779519958496093750e+02
-1.779519958496093750e+02
-1.779680175781250000e+02
-1.779680175781250000e+02
-1.779760131835937500e+02
-1.779920349121093750e+02
-1.779920349121093750e+02
-1.780000457763671875e+02
-1.780160675048828125e+02
-1.780160675048828125e+02
-1.780320739746093750e+02
-1.780400848388671875e+02
-1.780480957031250000e+02
-1.780480957031250000e+02
-1.780561065673828125e+02
-1.780561065673828125e+02
-1.780721130371093750e+02
-1.780801239013671875e+02
-1.780961456298828125e+02
-1.781041564941406250e+02
-1.781121520996093750e+02
-1.781121520996093750e+02
-1.781281738281250000e+02
-1.781361846923828125e+02
-1.781361846923828125e+02
-1.781441955566406250e+02
-1.781602020263671875e+02
-1.781602020263671875e+02
-1.781682128906250000e+02
-1.781842346191406250e+02
-1.781842346191406250e+02
-1.782002410888671875e+02
-1.782082519531250000e+02
-1.782082519531250000e+02
-1.782242736816406250e+02
-1.782322845458984375e+02
-1.782322845458984375e+02
-1.782482910156250000e+02
-1.782482910156250000e+02
-1.782563018798828125e+02
-1.782643127441406250e+02
-1.782723236083984375e+02
-1.782883453369140625e+02
-1.782963409423828125e+02
-1.783043518066406250e+02
-1.783043518066406250e+02
-1.783203735351562500e+02
-1.783203735351562500e+02
-1.783363800048828125e+02
-1.783443908691406250e+02
-1.783443908691406250e+02
-1.783443908691406250e+02
-1.783604125976562500e+02
-1.783764343261718750e+02
-1.783844299316406250e+02
-1.783844299316406250e+02
-1.784004516601562500e+02
-1.784004516601562500e+02
-1.784084625244140625e+02
-1.784244842529296875e+02
-1.784244842529296875e+02
-1.784324798583984375e+02
-1.784485015869140625e+02
-1.784485015869140625e+02
-1.784565124511718750e+02
-1.784725189208984375e+02
-1.784805297851562500e+02
-1.784805297851562500e+02
-1.784965515136718750e+02
-1.784965515136718750e+02
-1.785125732421875000e+02
-1.785125732421875000e+02
-1.785125732421875000e+02
-1.785365905761718750e+02
-1.785365905761718750e+02
-1.785446014404296875e+02
-1.785606231689453125e+02
-1.785606231689453125e+02
-1.785766296386718750e+02
-1.785846405029296875e+02
-1.785846405029296875e+02
-1.785926513671875000e+02
-1.786006622314453125e+02
-1.786086578369140625e+02
-1.786246795654296875e+02
-1.786246795654296875e+02
-1.786326904296875000e+02
-1.786407012939453125e+02
-1.786567077636718750e+02
-1.786567077636718750e+02
-1.786727294921875000e+02
-1.786807403564453125e+02
-1.786887512207031250e+02
-1.786887512207031250e+02
-1.786967620849609375e+02
-1.787047576904296875e+02
-1.787127685546875000e+02
-1.787287902832031250e+02
-1.787368011474609375e+02
-1.787368011474609375e+02
-1.787528076171875000e+02
-1.787608184814453125e+02
-1.787608184814453125e+02
-1.787768402099609375e+02
-1.787768402099609375e+02
-1.787848510742187500e+02
-1.788008575439453125e+02
-1.788008575439453125e+02
-1.788088684082031250e+02
-1.788168792724609375e+02
-1.788248901367187500e+02
-1.788329010009765625e+02
-1.788408966064453125e+02
-1.788489074707031250e+02
-1.788649291992187500e+02
-1.788649291992187500e+02
-1.788729400634765625e+02
-1.788889465332031250e+02
-1.788889465332031250e+02
-1.789049682617187500e+02
-1.789049682617187500e+02
-1.789129791259765625e+02
-1.789289855957031250e+02
-1.789289855957031250e+02
-1.789369964599609375e+02
-1.789530181884765625e+02
-1.789530181884765625e+02
-1.789690399169921875e+02
-1.789770355224609375e+02
-1.789770355224609375e+02
-1.789850463867187500e+02
-1.790010681152343750e+02
-1.790010681152343750e+02
-1.790170745849609375e+02
-1.790170745849609375e+02
-1.790250854492187500e+02
-1.790411071777343750e+02
-1.790411071777343750e+02
-1.790411071777343750e+02
-1.790651245117187500e+02
-1.790731353759765625e+02
-1.790811462402343750e+02
-1.790891571044921875e+02
-1.790971679687500000e+02
-1.790971679687500000e+02
-1.791051788330078125e+02
-1.791131744384765625e+02
-1.791291961669921875e+02
-1.791291961669921875e+02
-1.791452178955078125e+02
-1.791532135009765625e+02
-1.791532135009765625e+02
-1.791692352294921875e+02
-1.791692352294921875e+02
-1.791772460937500000e+02
-1.791932678222656250e+02
-1.791932678222656250e+02
-1.792012634277343750e+02
-1.792172851562500000e+02
-1.792172851562500000e+02
-1.792333068847656250e+02
-1.792333068847656250e+02
-1.792413177490234375e+02
-1.792573242187500000e+02
-1.792573242187500000e+02
-1.792573242187500000e+02
-1.792733459472656250e+02
-1.792813568115234375e+02
-1.792973632812500000e+02
-1.792973632812500000e+02
-1.793053741455078125e+02
-1.793213958740234375e+02
-1.793213958740234375e+02
-1.793294067382812500e+02
-1.793374023437500000e+02
-1.793534240722656250e+02
-1.793534240722656250e+02
-1.793694458007812500e+02
-1.793694458007812500e+02
-1.793854522705078125e+02
-1.793854522705078125e+02
-1.793934631347656250e+02
-1.794094848632812500e+02
-1.794094848632812500e+02
-1.794254913330078125e+02
-1.794335021972656250e+02
-1.794495239257812500e+02
-1.794495239257812500e+02
-1.794575347900390625e+02
-1.794655456542968750e+02
-1.794735412597656250e+02
-1.794735412597656250e+02
-1.794815521240234375e+02
-1.794975738525390625e+02
-1.794975738525390625e+02
-1.795055847167968750e+02
-1.795215911865234375e+02
-1.795215911865234375e+02
-1.795376129150390625e+02
-1.795456237792968750e+02
-1.795536346435546875e+02
-1.795616302490234375e+02
-1.795616302490234375e+02
-1.795696411132812500e+02
-1.795856628417968750e+02
-1.795856628417968750e+02
-1.795936737060546875e+02
-1.796016845703125000e+02
-1.796096801757812500e+02
-1.796257019042968750e+02
-1.796337127685546875e+02
-1.796337127685546875e+02
-1.796417236328125000e+02
-1.796497344970703125e+02
-1.796577301025390625e+02
-1.796737518310546875e+02
-1.796737518310546875e+02
-1.796897735595703125e+02
-1.796897735595703125e+02
-1.796977691650390625e+02
-1.797137908935546875e+02
-1.797137908935546875e+02
-1.797218017578125000e+02
-1.797378234863281250e+02
-1.797378234863281250e+02
-1.797538299560546875e+02
-1.797618408203125000e+02
-1.797618408203125000e+02
-1.797778625488281250e+02
-1.797858734130859375e+02
-1.797938690185546875e+02
-1.798018798828125000e+02
-1.798018798828125000e+02
-1.798179016113281250e+02
-1.798259124755859375e+02
-1.798259124755859375e+02
-1.798419189453125000e+02
-1.798419189453125000e+02
-1.798419189453125000e+02
-1.798659515380859375e+02
-1.798659515380859375e+02
-1.798819580078125000e+02
-1.798899688720703125e+02
-1.798899688720703125e+02
-1.798979797363281250e+02
-1.799059906005859375e+02
-1.799140014648437500e+02
-1.799140014648437500e+02
-1.799219970703125000e+02
-1.799380187988281250e+02
-1.799540405273437500e+02
-1.799540405273437500e+02
-1.799620513916015625e+02
-1.799780578613281250e+02
-1.799780578613281250e+02
-1.799860687255859375e+02
-1.800020904541015625e+02
-1.800020904541015625e+02
-1.800180969238281250e+02
-1.800261077880859375e+02
-1.800341186523437500e+02
-1.800341186523437500e+02
-1.800501403808593750e+02
-1.800501403808593750e+02
-1.800581359863281250e+02
-1.800741577148437500e+02
-1.800821685791015625e+02
-1.800821685791015625e+02
-1.801061859130859375e+02
-1.801061859130859375e+02
-1.801061859130859375e+02
-1.801141967773437500e+02
-1.801302185058593750e+02
-1.801382293701171875e+02
-1.801462402343750000e+02
-1.801542358398437500e+02
-1.801542358398437500e+02
-1.801622467041015625e+02
-1.801782684326171875e+02
-1.801782684326171875e+02
-1.801942749023437500e+02
-1.802022857666015625e+02
-1.802102966308593750e+02
-1.802183074951171875e+02
-1.802183074951171875e+02
-1.802263183593750000e+02
-1.802263183593750000e+02
-1.802423248291015625e+02
-1.802423248291015625e+02
-1.802583465576171875e+02
-1.802823791503906250e+02
-1.802823791503906250e+02
-1.802823791503906250e+02
-1.802903747558593750e+02
-1.803063964843750000e+02
-1.803063964843750000e+02
-1.803063964843750000e+02
-1.803304138183593750e+02
-1.803304138183593750e+02
-1.803384246826171875e+02
-1.803544464111328125e+02
-1.803544464111328125e+02
-1.803624572753906250e+02
-1.803784637451171875e+02
-1.803784637451171875e+02
-1.803944854736328125e+02
-1.803944854736328125e+02
-1.804105072021484375e+02
-1.804105072021484375e+02
-1.804265136718750000e+02
-1.804345245361328125e+02
-1.804345245361328125e+02
-1.804425354003906250e+02
-1.804585571289062500e+02
-1.804665527343750000e+02
-1.804665527343750000e+02
-1.804825744628906250e+02
-1.804825744628906250e+02
-1.804905853271484375e+02
-1.805066070556640625e+02
-1.805066070556640625e+02
-1.805226135253906250e+02
-1.805306243896484375e+02
-1.805306243896484375e+02
-1.805466461181640625e+02
-1.805546569824218750e+02
-1.805546569824218750e+02
-1.805706634521484375e+02
-1.805706634521484375e+02
-1.805786743164062500e+02
-1.805946960449218750e+02
-1.805946960449218750e+02
-1.806107025146484375e+02
-1.806187133789062500e+02
-1.806187133789062500e+02
-1.806347351074218750e+02
-1.806347351074218750e+02
-1.806427459716796875e+02
-1.806587524414062500e+02
-1.806587524414062500e+02
-1.806747741699218750e+02
-1.806827850341796875e+02
-1.806827850341796875e+02
-1.806827850341796875e+02
-1.806987915039062500e+02
-1.807068023681640625e+02
-1.807228240966796875e+02
-1.807228240966796875e+02
-1.807308349609375000e+02
-1.807468414306640625e+02
-1.807468414306640625e+02
-1.807548522949218750e+02
-1.807708740234375000e+02
-1.807708740234375000e+02
-1.807868804931640625e+02
-1.807948913574218750e+02
-1.807948913574218750e+02
-1.808109130859375000e+02
-1.808109130859375000e+02
-1.808189239501953125e+02
-1.808269348144531250e+02
-1.808349304199218750e+02
-1.808509521484375000e+02
-1.808589630126953125e+02
-1.808589630126953125e+02
-1.808669738769531250e+02
-1.808669738769531250e+02
-1.808669738769531250e+02
-1.808669738769531250e+02
-1.808669738769531250e+02
-1.808669738769531250e+02
-1.808669738769531250e+02
-1.808669738769531250e+02
-1.808669738769531250e+02
-1.808669738769531250e+02
-1.808669738769531250e+02
-1.808669738769531250e+02
-1.808669738769531250e+02
-1.808669738769531250e+02
-1.808669738769531250e+02
-1.808669738769531250e+02
-1.808669738769531250e+02
-1.808669738769531250e+02
-1.808669738769531250e+02
-1.808669738769531250e+02
-1.808669738769531250e+02
-1.808669738769531250e+02
-1.808669738769531250e+02
-1.808669738769531250e+02
-1.808669738769531250e+02
-1.808669738769531250e+02
-1.808669738769531250e+02
-1.808669738769531250e+02
-1.808669738769531250e+02
-1.808669738769531250e+02
-1.808669738769531250e+02
-1.808669738769531250e+02
-1.808669738769531250e+02
-1.808669738769531250e+02
-1.808669738769531250e+02
-1.808669738769531250e+02
-1.808669738769531250e+02
-1.808669738769531250e+02
-1.808669738769531250e+02
-1.808669738769531250e+02
-1.808669738769531250e+02
-1.808669738769531250e+02
-1.808669738769531250e+02
-1.808669738769531250e+02
-1.808669738769531250e+02
-1.808669738769531250e+02
-1.808669738769531250e+02
-1.808669738769531250e+02
-1.808669738769531250e+02
-1.808669738769531250e+02
-1.808669738769531250e+02
-1.808669738769531250e+02
-1.808669738769531250e+02
-1.808669738769531250e+02
-1.808669738769531250e+02
-1.808669738769531250e+02
-1.808669738769531250e+02
-1.808669738769531250e+02
-1.808669738769531250e+02
-1.808669738769531250e+02
-1.808669738769531250e+02
-1.808669738769531250e+02
-1.808669738769531250e+02
-1.808669738769531250e+02
-1.808669738769531250e+02
-1.808669738769531250e+02
-1.808669738769531250e+02
-1.808669738769531250e+02
-1.808669738769531250e+02
-1.808669738769531250e+02
-1.808669738769531250e+02
-1.808669738769531250e+02
-1.808669738769531250e+02
-1.808669738769531250e+02
-1.808669738769531250e+02
-1.808669738769531250e+02
-1.808669738769531250e+02
-1.808669738769531250e+02
-1.808669738769531250e+02
-1.808669738769531250e+02
-1.808669738769531250e+02
-1.808669738769531250e+02
-1.808669738769531250e+02
-1.808669738769531250e+02
-1.808669738769531250e+02
-1.808669738769531250e+02
-1.808669738769531250e+02
-1.808669738769531250e+02
-1.808669738769531250e+02
-1.808669738769531250e+02
-1.808669738769531250e+02
-1.808669738769531250e+02
-1.808669738769531250e+02
-1.808669738769531250e+02
-1.808669738769531250e+02
-1.808669738769531250e+02
-1.808669738769531250e+02
-1.808669738769531250e+02
-1.808669738769531250e+02
-1.808669738769531250e+02
-1.808669738769531250e+02
-1.808669738769531250e+02
-1.808669738769531250e+02
-1.808669738769531250e+02
-1.808669738769531250e+02
-1.808669738769531250e+02
-1.808669738769531250e+02
-1.808669738769531250e+02
-1.808669738769531250e+02
-1.808669738769531250e+02
-1.808669738769531250e+02
-1.808669738769531250e+02
-1.808669738769531250e+02
-1.808669738769531250e+02
-1.808669738769531250e+02
-1.808669738769531250e+02
-1.808669738769531250e+02
-1.808669738769531250e+02
-1.808669738769531250e+02
-1.808669738769531250e+02
-1.808669738769531250e+02
-1.808669738769531250e+02
-1.808669738769531250e+02
-1.808669738769531250e+02
-1.808669738769531250e+02
-1.808669738769531250e+02
-1.808669738769531250e+02
-1.808669738769531250e+02
-1.808669738769531250e+02
-1.808669738769531250e+02
-1.808669738769531250e+02
-1.808669738769531250e+02
-1.808669738769531250e+02
-1.808669738769531250e+02
-1.808669738769531250e+02
-1.808669738769531250e+02
-1.808669738769531250e+02
-1.808669738769531250e+02
-1.808669738769531250e+02
-1.808669738769531250e+02
-1.808669738769531250e+02
-1.808669738769531250e+02
-1.808669738769531250e+02
-1.808669738769531250e+02
-1.808669738769531250e+02
-1.808669738769531250e+02
-1.808669738769531250e+02
-1.808669738769531250e+02
-1.808669738769531250e+02
-1.808669738769531250e+02
-1.808669738769531250e+02
-1.808669738769531250e+02
-1.808669738769531250e+02
-1.808669738769531250e+02
-1.808669738769531250e+02
-1.808669738769531250e+02
-1.808669738769531250e+02
-1.808669738769531250e+02
-1.808669738769531250e+02
-1.808669738769531250e+02
-1.808669738769531250e+02
-1.808669738769531250e+02
-1.808669738769531250e+02
-1.808669738769531250e+02
-1.808669738769531250e+02
-1.808669738769531250e+02
-1.808669738769531250e+02
-1.808669738769531250e+02
-1.808669738769531250e+02
-1.808669738769531250e+02
-1.808669738769531250e+02
-1.808669738769531250e+02
-1.808669738769531250e+02
-1.808669738769531250e+02
-1.808669738769531250e+02
-1.808669738769531250e+02
-1.808669738769531250e+02
-1.808669738769531250e+02
-1.808669738769531250e+02
-1.808669738769531250e+02
-1.808669738769531250e+02
-1.808669738769531250e+02
-1.808669738769531250e+02
-1.808669738769531250e+02
-1.808669738769531250e+02
-1.808669738769531250e+02
-1.808669738769531250e+02
-1.808669738769531250e+02
-1.808669738769531250e+02
-1.808669738769531250e+02
-1.808669738769531250e+02
-1.808669738769531250e+02
-1.808669738769531250e+02
-1.808669738769531250e+02
-1.808669738769531250e+02
-1.808669738769531250e+02
-1.808669738769531250e+02
-1.808669738769531250e+02
-1.808669738769531250e+02
-1.808669738769531250e+02
-1.808669738769531250e+02
-1.808669738769531250e+02
-1.808669738769531250e+02
-1.808669738769531250e+02
-1.808669738769531250e+02
-1.808669738769531250e+02
-1.808669738769531250e+02
-1.808669738769531250e+02
-1.808669738769531250e+02
-1.808669738769531250e+02
-1.808669738769531250e+02
-1.808669738769531250e+02
-1.808669738769531250e+02
-1.808669738769531250e+02
-1.808669738769531250e+02
-1.808669738769531250e+02
-1.808669738769531250e+02
-1.808669738769531250e+02
-1.808669738769531250e+02
-1.808669738769531250e+02
-1.808669738769531250e+02
-1.808669738769531250e+02
-1.808669738769531250e+02
-1.808669738769531250e+02
-1.808669738769531250e+02
-1.808669738769531250e+02
-1.808669738769531250e+02
-1.808669738769531250e+02
-1.808669738769531250e+02
-1.808669738769531250e+02
-1.808669738769531250e+02
-1.808669738769531250e+02
-1.808669738769531250e+02
-1.808669738769531250e+02
-1.808669738769531250e+02
-1.808669738769531250e+02
-1.808669738769531250e+02
-1.808669738769531250e+02
-1.808669738769531250e+02
-1.808669738769531250e+02
-1.808669738769531250e+02
-1.808669738769531250e+02
-1.808669738769531250e+02
-1.808669738769531250e+02
-1.808669738769531250e+02
-1.808669738769531250e+02
-1.808669738769531250e+02
-1.808669738769531250e+02
-1.808669738769531250e+02
-1.808669738769531250e+02
-1.808669738769531250e+02
-1.808669738769531250e+02
-1.808669738769531250e+02
-1.808669738769531250e+02
-1.808669738769531250e+02
-1.808669738769531250e+02
-1.808669738769531250e+02
-1.808669738769531250e+02
-1.808669738769531250e+02
-1.808669738769531250e+02
-1.808669738769531250e+02
-1.808669738769531250e+02
-1.808669738769531250e+02
-1.808669738769531250e+02
-1.808669738769531250e+02
-1.808669738769531250e+02
-1.808669738769531250e+02
-1.808669738769531250e+02
-1.808669738769531250e+02
-1.808669738769531250e+02
-1.808669738769531250e+02
-1.808669738769531250e+02
-1.808669738769531250e+02
-1.808669738769531250e+02
-1.808669738769531250e+02
-1.808669738769531250e+02
-1.808669738769531250e+02
-1.808669738769531250e+02
-1.808669738769531250e+02
-1.808669738769531250e+02
-1.808669738769531250e+02
-1.808669738769531250e+02
-1.808669738769531250e+02
-1.808669738769531250e+02
-1.808669738769531250e+02
-1.808669738769531250e+02
-1.808669738769531250e+02
-1.808669738769531250e+02
-1.808669738769531250e+02
-1.808669738769531250e+02
-1.808669738769531250e+02
-1.808669738769531250e+02
-1.808669738769531250e+02
-1.808669738769531250e+02
-1.808669738769531250e+02
-1.808669738769531250e+02
-1.808669738769531250e+02
-1.808669738769531250e+02
-1.808669738769531250e+02
-1.808669738769531250e+02
-1.808669738769531250e+02
-1.808669738769531250e+02
-1.808669738769531250e+02
-1.808669738769531250e+02
-1.808669738769531250e+02
-1.808669738769531250e+02
-1.808669738769531250e+02
-1.808669738769531250e+02
-1.808669738769531250e+02
-1.808669738769531250e+02
-1.808669738769531250e+02
-1.808669738769531250e+02
-1.808669738769531250e+02
-1.808669738769531250e+02
-1.808669738769531250e+02
-1.808669738769531250e+02
-1.808669738769531250e+02
-1.808669738769531250e+02
-1.808669738769531250e+02
-1.808669738769531250e+02
-1.808669738769531250e+02
-1.808669738769531250e+02
-1.808669738769531250e+02
-1.808669738769531250e+02
-1.808669738769531250e+02
-1.808669738769531250e+02
-1.808669738769531250e+02
-1.808669738769531250e+02
-1.808669738769531250e+02
-1.808669738769531250e+02
-1.808669738769531250e+02
-1.808669738769531250e+02
-1.808669738769531250e+02
-1.808669738769531250e+02
-1.808669738769531250e+02
-1.808669738769531250e+02
-1.808669738769531250e+02
-1.808669738769531250e+02
-1.808669738769531250e+02
-1.808669738769531250e+02
-1.808669738769531250e+02
-1.808669738769531250e+02
-1.808669738769531250e+02
-1.808669738769531250e+02
-1.808669738769531250e+02
-1.808669738769531250e+02
-1.808669738769531250e+02
-1.808669738769531250e+02
-1.808669738769531250e+02
-1.808669738769531250e+02
-1.808669738769531250e+02
-1.808669738769531250e+02
-1.808669738769531250e+02
-1.808669738769531250e+02
-1.808669738769531250e+02
-1.808669738769531250e+02
-1.808669738769531250e+02
-1.808669738769531250e+02
-1.808669738769531250e+02
-1.808669738769531250e+02
-1.808669738769531250e+02
-1.808669738769531250e+02
-1.808669738769531250e+02
-1.808669738769531250e+02
-1.808669738769531250e+02
-1.808669738769531250e+02
-1.808669738769531250e+02
-1.808669738769531250e+02
-1.808669738769531250e+02
-1.808669738769531250e+02
-1.808669738769531250e+02
-1.808669738769531250e+02
-1.808669738769531250e+02
-1.808669738769531250e+02
-1.808669738769531250e+02
-1.808669738769531250e+02
-1.808669738769531250e+02
-1.808669738769531250e+02
-1.808669738769531250e+02
-1.808669738769531250e+02
-1.808669738769531250e+02
-1.808669738769531250e+02
-1.808669738769531250e+02
-1.808669738769531250e+02
-1.808669738769531250e+02
-1.808669738769531250e+02
-1.808669738769531250e+02
-1.808669738769531250e+02
-1.808669738769531250e+02
-1.808669738769531250e+02
-1.808669738769531250e+02
-1.808669738769531250e+02
-1.808669738769531250e+02
-1.808669738769531250e+02
-1.808669738769531250e+02
-1.808669738769531250e+02
-1.808669738769531250e+02
-1.808669738769531250e+02
-1.808669738769531250e+02
-1.808669738769531250e+02
-1.808669738769531250e+02
-1.808669738769531250e+02
-1.808669738769531250e+02
-1.808669738769531250e+02
-1.808669738769531250e+02
-1.808669738769531250e+02
-1.808669738769531250e+02
-1.808669738769531250e+02
-1.808669738769531250e+02
-1.808669738769531250e+02
-1.808669738769531250e+02
-1.808669738769531250e+02
-1.808669738769531250e+02
-1.808669738769531250e+02
-1.808669738769531250e+02
-1.808669738769531250e+02
-1.808669738769531250e+02
-1.808669738769531250e+02
-1.808669738769531250e+02
-1.808669738769531250e+02
-1.808669738769531250e+02
-1.808669738769531250e+02
-1.808669738769531250e+02
-1.808669738769531250e+02
-1.808669738769531250e+02
-1.808669738769531250e+02
-1.808669738769531250e+02
-1.808669738769531250e+02
-1.808669738769531250e+02
-1.808669738769531250e+02
-1.808669738769531250e+02
-1.808669738769531250e+02
-1.808669738769531250e+02
-1.808669738769531250e+02
-1.808669738769531250e+02
-1.808669738769531250e+02
-1.808669738769531250e+02
-1.808669738769531250e+02
-1.808669738769531250e+02
-1.808669738769531250e+02
-1.808669738769531250e+02
-1.808669738769531250e+02
-1.808669738769531250e+02
-1.808669738769531250e+02
-1.808669738769531250e+02
-1.808669738769531250e+02
-1.808669738769531250e+02
-1.808669738769531250e+02
-1.808669738769531250e+02
-1.808669738769531250e+02
-1.808669738769531250e+02
-1.808669738769531250e+02
-1.808669738769531250e+02
-1.808669738769531250e+02
-1.808669738769531250e+02
-1.808669738769531250e+02
-1.808669738769531250e+02
-1.808669738769531250e+02
-1.808669738769531250e+02
-1.808669738769531250e+02
-1.808669738769531250e+02
-1.808669738769531250e+02
-1.808669738769531250e+02
-1.808669738769531250e+02
-1.808669738769531250e+02
-1.808669738769531250e+02
-1.808669738769531250e+02
-1.808669738769531250e+02
-1.808669738769531250e+02
-1.808669738769531250e+02
-1.808669738769531250e+02
-1.808669738769531250e+02
-1.808669738769531250e+02
-1.808669738769531250e+02
-1.808669738769531250e+02
-1.808669738769531250e+02
-1.808669738769531250e+02
-1.808669738769531250e+02
-1.808669738769531250e+02
-1.808669738769531250e+02
-1.808669738769531250e+02
-1.808669738769531250e+02
-1.808669738769531250e+02
-1.808669738769531250e+02
-1.808669738769531250e+02
-1.808669738769531250e+02
-1.808669738769531250e+02
-1.808669738769531250e+02
-1.808669738769531250e+02
-1.808669738769531250e+02
-1.808669738769531250e+02
-1.808669738769531250e+02
-1.808669738769531250e+02
-1.808669738769531250e+02
-1.808669738769531250e+02
-1.808669738769531250e+02
-1.808669738769531250e+02
-1.808669738769531250e+02
-1.808669738769531250e+02
-1.808669738769531250e+02
-1.808669738769531250e+02
-1.808669738769531250e+02
-1.808669738769531250e+02
-1.808669738769531250e+02
-1.808669738769531250e+02
-1.808669738769531250e+02
-1.808669738769531250e+02
-1.808669738769531250e+02
-1.808669738769531250e+02
-1.808669738769531250e+02
-1.808669738769531250e+02
-1.808669738769531250e+02
-1.808669738769531250e+02
-1.808669738769531250e+02
-1.808669738769531250e+02
-1.808669738769531250e+02
-1.808669738769531250e+02
-1.808669738769531250e+02
-1.808669738769531250e+02
-1.808669738769531250e+02
-1.808669738769531250e+02
-1.808669738769531250e+02
-1.808669738769531250e+02
-1.808669738769531250e+02
-1.808669738769531250e+02
-1.808669738769531250e+02
-1.808669738769531250e+02
-1.808669738769531250e+02
-1.808669738769531250e+02
-1.808669738769531250e+02
-1.808669738769531250e+02
-1.808669738769531250e+02
-1.808669738769531250e+02
-1.808669738769531250e+02
-1.808669738769531250e+02
-1.808669738769531250e+02
-1.808669738769531250e+02
-1.808669738769531250e+02
-1.808669738769531250e+02
-1.808669738769531250e+02
-1.808669738769531250e+02
-1.808669738769531250e+02
-1.808669738769531250e+02
-1.808669738769531250e+02
-1.808669738769531250e+02
-1.808669738769531250e+02
-1.808669738769531250e+02
-1.808669738769531250e+02
-1.808669738769531250e+02
-1.808669738769531250e+02
-1.808669738769531250e+02
-1.808669738769531250e+02
-1.808669738769531250e+02
-1.808669738769531250e+02
-1.808669738769531250e+02
-1.808669738769531250e+02
-1.808669738769531250e+02
-1.808669738769531250e+02
-1.808669738769531250e+02
-1.808669738769531250e+02
-1.808669738769531250e+02
-1.808669738769531250e+02
-1.808669738769531250e+02
-1.808669738769531250e+02
-1.808669738769531250e+02
-1.808669738769531250e+02
-1.808669738769531250e+02
-1.808669738769531250e+02
-1.808669738769531250e+02
-1.808669738769531250e+02
-1.808669738769531250e+02
-1.808669738769531250e+02
-1.808669738769531250e+02
-1.808669738769531250e+02
-1.808669738769531250e+02
-1.808669738769531250e+02
-1.808669738769531250e+02
-1.808669738769531250e+02
-1.808669738769531250e+02
-1.808669738769531250e+02
-1.808669738769531250e+02
-1.808669738769531250e+02
-1.808669738769531250e+02
-1.808669738769531250e+02
-1.808669738769531250e+02
-1.808669738769531250e+02
-1.808669738769531250e+02
-1.808669738769531250e+02
-1.808669738769531250e+02
-1.808669738769531250e+02
-1.808669738769531250e+02
-1.808669738769531250e+02
-1.808669738769531250e+02
-1.808669738769531250e+02
-1.808669738769531250e+02
-1.808669738769531250e+02
-1.808669738769531250e+02
-1.808669738769531250e+02
-1.808669738769531250e+02
-1.808669738769531250e+02
-1.808669738769531250e+02
-1.808669738769531250e+02
-1.808669738769531250e+02
-1.808669738769531250e+02
-1.808669738769531250e+02
-1.808669738769531250e+02
-1.808669738769531250e+02
-1.808669738769531250e+02
-1.808669738769531250e+02
-1.808669738769531250e+02
-1.808669738769531250e+02
-1.808669738769531250e+02
-1.808669738769531250e+02
-1.808669738769531250e+02
-1.808669738769531250e+02
-1.808669738769531250e+02
-1.808669738769531250e+02
-1.808669738769531250e+02
-1.808669738769531250e+02
-1.808669738769531250e+02
-1.808669738769531250e+02
-1.808669738769531250e+02
-1.808669738769531250e+02
-1.808669738769531250e+02
-1.808669738769531250e+02
-1.808669738769531250e+02
-1.808669738769531250e+02
-1.808669738769531250e+02
-1.808669738769531250e+02
-1.808669738769531250e+02
-1.808669738769531250e+02
-1.808669738769531250e+02
-1.808669738769531250e+02
-1.808669738769531250e+02
-1.808669738769531250e+02
-1.808669738769531250e+02
-1.808669738769531250e+02
-1.808669738769531250e+02
-1.808669738769531250e+02
-1.808669738769531250e+02
-1.808669738769531250e+02
-1.808669738769531250e+02
-1.808669738769531250e+02
-1.808669738769531250e+02
-1.808669738769531250e+02
-1.808669738769531250e+02
-1.808669738769531250e+02
-1.808669738769531250e+02
-1.808669738769531250e+02
-1.808669738769531250e+02
-1.808669738769531250e+02
-1.808669738769531250e+02
-1.808669738769531250e+02
-1.808669738769531250e+02
-1.808669738769531250e+02
-1.808669738769531250e+02
-1.808669738769531250e+02
-1.808669738769531250e+02
-1.808669738769531250e+02
-1.808669738769531250e+02
-1.808669738769531250e+02
-1.808669738769531250e+02
-1.808669738769531250e+02
-1.808669738769531250e+02
-1.808669738769531250e+02
-1.808669738769531250e+02
-1.808669738769531250e+02
-1.808669738769531250e+02
-1.808669738769531250e+02
-1.808669738769531250e+02
-1.808669738769531250e+02
-1.808669738769531250e+02
-1.808669738769531250e+02
-1.808669738769531250e+02
-1.808669738769531250e+02
-1.808669738769531250e+02
-1.808669738769531250e+02
-1.808669738769531250e+02
-1.808669738769531250e+02
-1.808669738769531250e+02
-1.808669738769531250e+02
-1.808669738769531250e+02
-1.808669738769531250e+02
-1.808669738769531250e+02
-1.808669738769531250e+02
-1.808669738769531250e+02
-1.808669738769531250e+02
-1.808669738769531250e+02
-1.808669738769531250e+02
-1.808669738769531250e+02
-1.808669738769531250e+02
-1.808669738769531250e+02
-1.808669738769531250e+02
-1.808669738769531250e+02
-1.808669738769531250e+02
-1.808669738769531250e+02
-1.808669738769531250e+02
-1.808669738769531250e+02
-1.808669738769531250e+02
-1.808669738769531250e+02
-1.808669738769531250e+02
-1.808669738769531250e+02
-1.808669738769531250e+02
-1.808669738769531250e+02
-1.808669738769531250e+02
-1.808669738769531250e+02
-1.808669738769531250e+02
-1.808669738769531250e+02
-1.808669738769531250e+02
-1.808669738769531250e+02
-1.808669738769531250e+02
-1.808669738769531250e+02
-1.808669738769531250e+02
-1.808669738769531250e+02
-1.808669738769531250e+02
-1.808669738769531250e+02
-1.808669738769531250e+02
-1.808669738769531250e+02
-1.808669738769531250e+02
-1.808669738769531250e+02
-1.808669738769531250e+02
-1.808669738769531250e+02
-1.808669738769531250e+02
-1.808669738769531250e+02
-1.808669738769531250e+02
-1.808669738769531250e+02
-1.808669738769531250e+02
-1.812709808349609375e+02
-1.812709808349609375e+02
-1.812869873046875000e+02
-1.812869873046875000e+02
-1.812949981689453125e+02
-1.813110198974609375e+02
-1.813110198974609375e+02
-1.813190307617187500e+02
-1.813270263671875000e+02
-1.813350372314453125e+02
-1.813510589599609375e+02
-1.813590698242187500e+02
-1.813590698242187500e+02
-1.813670806884765625e+02
-1.813750762939453125e+02
-1.813910980224609375e+02
-1.813991088867187500e+02
-1.813991088867187500e+02
-1.814151306152343750e+02
-1.814231262207031250e+02
-1.814311370849609375e+02
-1.814391479492187500e+02
-1.814391479492187500e+02
-1.814471588134765625e+02
-1.814631652832031250e+02
-1.814631652832031250e+02
-1.814791870117187500e+02
-1.814791870117187500e+02
-1.814871978759765625e+02
-1.815032196044921875e+02
-1.815112152099609375e+02
-1.815192260742187500e+02
-1.815272369384765625e+02
-1.815272369384765625e+02
-1.815352478027343750e+02
-1.815512695312500000e+02
-1.815512695312500000e+02
-1.815672760009765625e+02
-1.815752868652343750e+02
-1.815752868652343750e+02
-1.815913085937500000e+02
-1.815993041992187500e+02
-1.815993041992187500e+02
-1.815993041992187500e+02
-1.816233367919921875e+02
-1.816233367919921875e+02
-1.816313476562500000e+02
-1.816393585205078125e+02
-1.816473541259765625e+02
-1.816633758544921875e+02
-1.816633758544921875e+02
-1.816793975830078125e+02
-1.816793975830078125e+02
-1.816793975830078125e+02
-1.817034149169921875e+02
-1.817034149169921875e+02
-1.817034149169921875e+02
-1.817274475097656250e+02
-1.817354431152343750e+02
-1.817354431152343750e+02
-1.817354431152343750e+02
-1.817514648437500000e+02
-1.817674865722656250e+02
-1.817674865722656250e+02
-1.817754974365234375e+02
-1.817915039062500000e+02
-1.817915039062500000e+02
-1.818075256347656250e+02
-1.818155364990234375e+02
-1.818235473632812500e+02
-1.818315429687500000e+02
-1.818315429687500000e+02
-1.818475646972656250e+02
-1.818555755615234375e+02
-1.818555755615234375e+02
-1.818715820312500000e+02
-1.818795928955078125e+02
-1.818795928955078125e+02
-1.818956146240234375e+02
-1.818956146240234375e+02
-1.819036254882812500e+02
-1.819196319580078125e+02
-1.819196319580078125e+02
-1.819356536865234375e+02
-1.819436645507812500e+02
-1.819436645507812500e+02
-1.819596862792968750e+02
-1.819596862792968750e+02
-1.819676818847656250e+02
-1.819837036132812500e+02
-1.819837036132812500e+02
-1.819917144775390625e+02
-1.819997253417968750e+02
-1.820077209472656250e+02
-1.820157318115234375e+02
-1.820237426757812500e+02
-1.820397644042968750e+02
-1.820397644042968750e+02
-1.820557708740234375e+02
-1.820637817382812500e+02
-1.820637817382812500e+02
-1.820717926025390625e+02
-1.820798034667968750e+02
-1.820958251953125000e+02
-1.820958251953125000e+02
-1.821118316650390625e+02
-1.821198425292968750e+02
-1.821198425292968750e+02
-1.821358642578125000e+02
-1.821358642578125000e+02
-1.821358642578125000e+02
-1.821598815917968750e+02
-1.821678924560546875e+02
-1.821759033203125000e+02
-1.821839141845703125e+02
-1.821839141845703125e+02
-1.821919097900390625e+02
-1.822079315185546875e+02
-1.822079315185546875e+02
-1.822079315185546875e+02
-1.822239532470703125e+02
-1.822319641113281250e+02
-1.822479705810546875e+02
-1.822479705810546875e+02
-1.822559814453125000e+02
-1.822720031738281250e+02
-1.822720031738281250e+02
-1.822880096435546875e+02
-1.822960205078125000e+02
-1.822960205078125000e+02
-1.823120422363281250e+02
-1.823200531005859375e+02
-1.823280487060546875e+02
-1.823360595703125000e+02
-1.823360595703125000e+02
-1.823440704345703125e+02
-1.823600921630859375e+02
-1.823600921630859375e+02
-1.823600921630859375e+02
-1.823760986328125000e+02
-1.823921203613281250e+02
-1.824001312255859375e+02
-1.824001312255859375e+02
-1.824081420898437500e+02
-1.824241485595703125e+02
-1.824241485595703125e+02
-1.824401702880859375e+02
-1.824481811523437500e+02
-1.824481811523437500e+02
-1.824641876220703125e+02
-1.824641876220703125e+02
-1.824802093505859375e+02
-1.824882202148437500e+02
-1.824882202148437500e+02
-1.825042419433593750e+02
-1.825042419433593750e+02
-1.825122375488281250e+02
-1.825282592773437500e+02
-1.825362701416015625e+02
-1.825442810058593750e+02
-1.825442810058593750e+02
-1.825602874755859375e+02
-1.825682983398437500e+02
-1.825682983398437500e+02
-1.825763092041015625e+02
-1.825843200683593750e+02
-1.826003265380859375e+02
-1.826083374023437500e+02
-1.826163482666015625e+02
-1.826243591308593750e+02
-1.826323699951171875e+02
-1.826403808593750000e+02
-1.826403808593750000e+02
-1.826483764648437500e+02
-1.826643981933593750e+02
-1.826643981933593750e+02
-1.826724090576171875e+02
-1.826884155273437500e+02
-1.826964263916015625e+02
-1.827044372558593750e+02
-1.827044372558593750e+02
-1.827124481201171875e+02
-1.827284698486328125e+02
-1.827284698486328125e+02
-1.827444763183593750e+02
-1.827444763183593750e+02
-1.827444763183593750e+02
-1.827524871826171875e+02
-1.827765197753906250e+02
-1.827845153808593750e+02
-1.827845153808593750e+02
-1.827925262451171875e+02
-1.828085479736328125e+02
-1.828085479736328125e+02
-1.828165588378906250e+02
-1.828165588378906250e+02
-1.828245544433593750e+02
-1.828485870361328125e+02
-1.828565979003906250e+02
-1.828565979003906250e+02
-1.828565979003906250e+02
-1.828806152343750000e+02
-1.828806152343750000e+02
-1.828886260986328125e+02
-1.829046478271484375e+02
-1.829046478271484375e+02
-1.829206542968750000e+02
-1.829286651611328125e+02
-1.829286651611328125e+02
-1.829446868896484375e+02
-1.829446868896484375e+02
-1.829446868896484375e+02
-1.829687042236328125e+02
-1.829687042236328125e+02
-1.829847259521484375e+02
-1.829847259521484375e+02
-1.829927368164062500e+02
-1.830087432861328125e+02
-1.830087432861328125e+02
-1.830167541503906250e+02
-1.830327758789062500e+02
-1.830327758789062500e+02
-1.830407867431640625e+02
-1.830567932128906250e+02
-1.830567932128906250e+02
-1.830728149414062500e+02
-1.830808258056640625e+02
-1.830888366699218750e+02
-1.830888366699218750e+02
-1.831048431396484375e+02
-1.831128540039062500e+02
-1.831208648681640625e+02
-1.831208648681640625e+02
-1.831368865966796875e+02
-1.831448822021484375e+02
-1.831448822021484375e+02
-1.831609039306640625e+02
-1.831609039306640625e+02
-1.831689147949218750e+02
-1.831849212646484375e+02
-1.831849212646484375e+02
-1.831929321289062500e+02
-1.832089538574218750e+02
-1.832089538574218750e+02
-1.832249755859375000e+02
-1.832329711914062500e+02
-1.832329711914062500e+02
-1.832489929199218750e+02
-1.832570037841796875e+02
-1.832650146484375000e+02
-1.832730255126953125e+02
-1.832730255126953125e+02
-1.832810211181640625e+02
-1.832970428466796875e+02
-1.832970428466796875e+02
-1.833130645751953125e+02
-1.833130645751953125e+02
-1.833210601806640625e+02
-1.833370819091796875e+02
-1.833370819091796875e+02
-1.833531036376953125e+02
-1.833611145019531250e+02
-1.833611145019531250e+02
-1.833771209716796875e+02
-1.833851318359375000e+02
-1.833851318359375000e+02
-1.834011535644531250e+02
-1.834011535644531250e+02
-1.834091644287109375e+02
-1.834251708984375000e+02
-1.834251708984375000e+02
-1.834411926269531250e+02
-1.834492034912109375e+02
-1.834492034912109375e+02
-1.834571990966796875e+02
-1.834732208251953125e+02
-1.834732208251953125e+02
-1.834892425537109375e+02
-1.834972534179687500e+02
-1.835052490234375000e+02
-1.835132598876953125e+02
-1.835132598876953125e+02
-1.835212707519531250e+02
-1.835372924804687500e+02
-1.835372924804687500e+02
-1.835532989501953125e+02
-1.835613098144531250e+02
-1.835613098144531250e+02
-1.835773315429687500e+02
-1.835773315429687500e+02
-1.835773315429687500e+02
-1.836013488769531250e+02
-1.836093597412109375e+02
-1.836093597412109375e+02
-1.836253814697265625e+02
-1.836253814697265625e+02
-1.836333923339843750e+02
-1.836574096679687500e+02
-1.836574096679687500e+02
-1.836654205322265625e+02
-1.836734313964843750e+02
-1.836734313964843750e+02
-1.836814422607421875e+02
-1.837054595947265625e+02
-1.837054595947265625e+02
-1.837054595947265625e+02
-1.837134704589843750e+02
-1.837294769287109375e+02
-1.837374877929687500e+02
-1.837454986572265625e+02
-1.837535095214843750e+02
-1.837535095214843750e+02
-1.837615203857421875e+02
-1.837775268554687500e+02
-1.837775268554687500e+02
-1.837935485839843750e+02
-1.838015594482421875e+02
-1.838015594482421875e+02
-1.838175811767578125e+02
-1.838175811767578125e+02
-1.838255767822265625e+02
-1.838415985107421875e+02
-1.838415985107421875e+02
-1.838496093750000000e+02
-1.838656158447265625e+02
-1.838656158447265625e+02
-1.838816375732421875e+02
-1.838816375732421875e+02
-1.838896484375000000e+02
-1.839056701660156250e+02
-1.839056701660156250e+02
-1.839216766357421875e+02
-1.839296875000000000e+02
-1.839296875000000000e+02
-1.839376983642578125e+02
-1.839537200927734375e+02
-1.839537200927734375e+02
-1.839697265625000000e+02
-1.839697265625000000e+02
-1.839777374267578125e+02
-1.839937591552734375e+02
-1.839937591552734375e+02
-1.840017547607421875e+02
-1.840177764892578125e+02
-1.840177764892578125e+02
-1.840337982177734375e+02
-1.840418090820312500e+02
-1.840498046875000000e+02
-1.840498046875000000e+02
-1.840578155517578125e+02
-1.840578155517578125e+02
-1.840818481445312500e+02
-1.840818481445312500e+02
-1.840898590087890625e+02
-1.840978546142578125e+02
-1.841058654785156250e+02
-1.841218872070312500e+02
-1.841218872070312500e+02
-1.841298980712890625e+02
-1.841459045410156250e+02
-1.841459045410156250e+02
-1.841619262695312500e+02
-1.841619262695312500e+02
-1.841699371337890625e+02
-1.841859436035156250e+02
-1.841859436035156250e+02
-1.841939544677734375e+02
-1.842099761962890625e+02
-1.842099761962890625e+02
-1.842259979248046875e+02
-1.842339935302734375e+02
-1.842339935302734375e+02
-1.842500152587890625e+02
-1.842500152587890625e+02
-1.842580261230468750e+02
-1.842740325927734375e+02
-1.842740325927734375e+02
-1.842900543212890625e+02
-1.842900543212890625e+02
-1.842980651855468750e+02
-1.843140869140625000e+02
-1.843140869140625000e+02
-1.843220825195312500e+02
-1.843381042480468750e+02
-1.843381042480468750e+02
-1.843461151123046875e+02
-1.843621368408203125e+02
-1.843621368408203125e+02
-1.843781433105468750e+02
-1.843861541748046875e+02
-1.843861541748046875e+02
-1.844021759033203125e+02
-1.844021759033203125e+02
-1.844101715087890625e+02
-1.844181823730468750e+02
-1.844342041015625000e+02
-1.844342041015625000e+02
-1.844502258300781250e+02
-1.844502258300781250e+02
-1.844662322998046875e+02
-1.844662322998046875e+02
-1.844742431640625000e+02
-1.844742431640625000e+02
-1.844982757568359375e+02
-1.844982757568359375e+02
-1.845142822265625000e+02
-1.845142822265625000e+02
-1.845303039550781250e+02
-1.845383148193359375e+02
-1.845383148193359375e+02
-1.845543212890625000e+02
-1.845623321533203125e+02
-1.845703430175781250e+02
-1.845783538818359375e+02
-1.845783538818359375e+02
-1.845943603515625000e+02
-1.846023712158203125e+02
-1.846023712158203125e+02
-1.846183929443359375e+02
-1.846264038085937500e+02
-1.846344146728515625e+02
-1.846424102783203125e+02
-1.846424102783203125e+02
-1.846504211425781250e+02
-1.846664428710937500e+02
-1.846664428710937500e+02
-1.846824493408203125e+02
-1.846904602050781250e+02
-1.846904602050781250e+02
-1.847064819335937500e+02
-1.847144927978515625e+02
-1.847144927978515625e+02
-1.847304992675781250e+02
-1.847304992675781250e+02
-1.847465209960937500e+02
-1.847545318603515625e+02
-1.847545318603515625e+02
-1.847705535888671875e+02
-1.847785491943359375e+02
-1.847785491943359375e+02
-1.847945709228515625e+02
-1.847945709228515625e+02
-1.848025817871093750e+02
-1.848185882568359375e+02
-1.848185882568359375e+02
-1.848346099853515625e+02
-1.848426208496093750e+02
-1.848426208496093750e+02
-1.848586425781250000e+02
-1.848586425781250000e+02
-1.848666381835937500e+02
-1.848826599121093750e+02
-1.848826599121093750e+02
-1.848906707763671875e+02
-1.849066925048828125e+02
-1.849146881103515625e+02
-1.849226989746093750e+02
-1.849307098388671875e+02
-1.849307098388671875e+02
-1.849467315673828125e+02
-1.849547271728515625e+02
-1.849547271728515625e+02
-1.849707489013671875e+02
-1.849707489013671875e+02
-1.849707489013671875e+02
-1.849947814941406250e+02
-1.849947814941406250e+02
-1.850107879638671875e+02
-1.850187988281250000e+02
-1.850187988281250000e+02
-1.850348205566406250e+02
-1.850348205566406250e+02
-1.850348205566406250e+02
-1.850588378906250000e+02
-1.850588378906250000e+02
-1.850748596191406250e+02
-1.850828704833984375e+02
-1.850908660888671875e+02
-1.850988769531250000e+02
-1.850988769531250000e+02
-1.850988769531250000e+02
-1.851229095458984375e+02
-1.851229095458984375e+02
-1.851389160156250000e+02
-1.851389160156250000e+02
-1.851549377441406250e+02
-1.851629486083984375e+02
-1.851629486083984375e+02
-1.851789703369140625e+02
-1.851869659423828125e+02
-1.851869659423828125e+02
-1.852029876708984375e+02
-1.852029876708984375e+02
-1.852109985351562500e+02
-1.852109985351562500e+02
-1.852270050048828125e+02
-1.852430267333984375e+02
-1.852430267333984375e+02
-1.852670593261718750e+02
-1.852670593261718750e+02
-1.852670593261718750e+02
-1.852750549316406250e+02
-1.852910766601562500e+02
-1.852990875244140625e+02
-1.853070983886718750e+02
-1.853151092529296875e+02
-1.853231048583984375e+02
-1.853311157226562500e+02
-1.853391265869140625e+02
-1.853391265869140625e+02
-1.853551483154296875e+02
-1.853551483154296875e+02
-1.853551483154296875e+02
-1.853791656494140625e+02
-1.853871765136718750e+02
-1.853951873779296875e+02
-1.854031982421875000e+02
-1.854031982421875000e+02
-1.854192047119140625e+02
-1.854272155761718750e+02
-1.854272155761718750e+02
-1.854272155761718750e+02
-1.854512481689453125e+02
-1.854592437744140625e+02
-1.854672546386718750e+02
-1.854672546386718750e+02
-1.854832763671875000e+02
-1.854912872314453125e+02
-1.854912872314453125e+02
-1.854912872314453125e+02
-1.855153045654296875e+02
-1.855153045654296875e+02
-1.855153045654296875e+02
-1.855153045654296875e+02
-1.855153045654296875e+02
-1.855153045654296875e+02
-1.855153045654296875e+02
-1.855153045654296875e+02
-1.855153045654296875e+02
-1.855153045654296875e+02
-1.855153045654296875e+02
-1.855153045654296875e+02
-1.855153045654296875e+02
-1.855153045654296875e+02
-1.855153045654296875e+02
-1.855153045654296875e+02
-1.855153045654296875e+02
-1.855153045654296875e+02
-1.855153045654296875e+02
-1.855153045654296875e+02
-1.855153045654296875e+02
-1.855153045654296875e+02
-1.855153045654296875e+02
-1.855153045654296875e+02
-1.855153045654296875e+02
-1.855153045654296875e+02
-1.855153045654296875e+02
-1.855153045654296875e+02
-1.855153045654296875e+02
-1.855153045654296875e+02
-1.855153045654296875e+02
-1.855153045654296875e+02
-1.855153045654296875e+02
-1.855153045654296875e+02
-1.855153045654296875e+02
-1.855153045654296875e+02
-1.855153045654296875e+02
-1.855153045654296875e+02
-1.855153045654296875e+02
-1.855153045654296875e+02
-1.855153045654296875e+02
-1.855153045654296875e+02
-1.855153045654296875e+02
-1.855153045654296875e+02
-1.855153045654296875e+02
-1.855153045654296875e+02
-1.855153045654296875e+02
-1.855153045654296875e+02
-1.855153045654296875e+02
-1.855153045654296875e+02
-1.855153045654296875e+02
-1.855153045654296875e+02
-1.855153045654296875e+02
-1.855153045654296875e+02
-1.855153045654296875e+02
-1.855153045654296875e+02
-1.855153045654296875e+02
-1.855153045654296875e+02
-1.855153045654296875e+02
-1.855153045654296875e+02
-1.855153045654296875e+02
-1.855153045654296875e+02
-1.855153045654296875e+02
-1.855153045654296875e+02
-1.855153045654296875e+02
-1.855153045654296875e+02
-1.855153045654296875e+02
-1.855153045654296875e+02
-1.855153045654296875e+02
-1.855153045654296875e+02
-1.855153045654296875e+02
-1.855153045654296875e+02
-1.855153045654296875e+02
-1.855153045654296875e+02
-1.855153045654296875e+02
-1.855153045654296875e+02
-1.855153045654296875e+02
-1.855153045654296875e+02
-1.855153045654296875e+02
-1.855153045654296875e+02
-1.855153045654296875e+02
-1.855153045654296875e+02
-1.855153045654296875e+02
-1.855153045654296875e+02
-1.855153045654296875e+02
-1.855153045654296875e+02
-1.855153045654296875e+02
-1.855153045654296875e+02
-1.855153045654296875e+02
-1.855153045654296875e+02
-1.855153045654296875e+02
-1.855153045654296875e+02
-1.855153045654296875e+02
-1.855153045654296875e+02
-1.855153045654296875e+02
-1.855153045654296875e+02
-1.855153045654296875e+02
-1.855153045654296875e+02
-1.855153045654296875e+02
-1.855153045654296875e+02
-1.855153045654296875e+02
-1.855153045654296875e+02
-1.855153045654296875e+02
-1.855153045654296875e+02
-1.855153045654296875e+02
-1.855153045654296875e+02
-1.855153045654296875e+02
-1.855153045654296875e+02
-1.855153045654296875e+02
-1.855153045654296875e+02
-1.855153045654296875e+02
-1.855153045654296875e+02
-1.855153045654296875e+02
-1.855153045654296875e+02
-1.855153045654296875e+02
-1.855153045654296875e+02
-1.855153045654296875e+02
-1.855153045654296875e+02
-1.855153045654296875e+02
-1.855153045654296875e+02
-1.855153045654296875e+02
-1.855153045654296875e+02
-1.855153045654296875e+02
-1.855153045654296875e+02
-1.855153045654296875e+02
-1.855153045654296875e+02
-1.855153045654296875e+02
-1.855153045654296875e+02
-1.855153045654296875e+02
-1.855153045654296875e+02
-1.855153045654296875e+02
-1.855153045654296875e+02
-1.855153045654296875e+02
-1.855153045654296875e+02
-1.855153045654296875e+02
-1.855153045654296875e+02
-1.855153045654296875e+02
-1.855153045654296875e+02
-1.855153045654296875e+02
-1.855153045654296875e+02
-1.855153045654296875e+02
-1.855153045654296875e+02
-1.855153045654296875e+02
-1.855153045654296875e+02
-1.855153045654296875e+02
-1.855153045654296875e+02
-1.855153045654296875e+02
-1.855153045654296875e+02
-1.855153045654296875e+02
-1.855153045654296875e+02
-1.855153045654296875e+02
-1.855153045654296875e+02
-1.855153045654296875e+02
-1.855153045654296875e+02
-1.855153045654296875e+02
-1.855153045654296875e+02
-1.855153045654296875e+02
-1.855153045654296875e+02
-1.855153045654296875e+02
-1.855153045654296875e+02
-1.855153045654296875e+02
-1.855153045654296875e+02
-1.855153045654296875e+02
-1.855153045654296875e+02
-1.855153045654296875e+02
-1.855153045654296875e+02
-1.855153045654296875e+02
-1.855153045654296875e+02
-1.855153045654296875e+02
-1.855153045654296875e+02
-1.855153045654296875e+02
-1.855153045654296875e+02
-1.855153045654296875e+02
-1.855153045654296875e+02
-1.855153045654296875e+02
-1.855153045654296875e+02
-1.855153045654296875e+02
-1.855153045654296875e+02
-1.855153045654296875e+02
-1.855153045654296875e+02
-1.855153045654296875e+02
-1.855153045654296875e+02
-1.855153045654296875e+02
-1.855153045654296875e+02
-1.855153045654296875e+02
-1.855153045654296875e+02
-1.855153045654296875e+02
-1.855153045654296875e+02
-1.855153045654296875e+02
-1.855153045654296875e+02
-1.855153045654296875e+02
-1.855153045654296875e+02
-1.855153045654296875e+02
-1.855153045654296875e+02
-1.855153045654296875e+02
-1.855153045654296875e+02
-1.855153045654296875e+02
-1.855153045654296875e+02
-1.855153045654296875e+02
-1.855153045654296875e+02
-1.855153045654296875e+02
-1.855153045654296875e+02
-1.855153045654296875e+02
-1.855153045654296875e+02
-1.855153045654296875e+02
-1.855153045654296875e+02
-1.855153045654296875e+02
-1.855153045654296875e+02
-1.855153045654296875e+02
-1.855153045654296875e+02
-1.855153045654296875e+02
-1.855153045654296875e+02
-1.855153045654296875e+02
-1.855153045654296875e+02
-1.855153045654296875e+02
-1.855153045654296875e+02
-1.855153045654296875e+02
-1.855153045654296875e+02
-1.855153045654296875e+02
-1.855153045654296875e+02
-1.855153045654296875e+02
-1.855153045654296875e+02
-1.855153045654296875e+02
-1.855153045654296875e+02
-1.855153045654296875e+02
-1.855153045654296875e+02
-1.855153045654296875e+02
-1.855153045654296875e+02
-1.855153045654296875e+02
-1.855153045654296875e+02
-1.855153045654296875e+02
-1.855153045654296875e+02
-1.855153045654296875e+02
-1.855153045654296875e+02
-1.855153045654296875e+02
-1.855153045654296875e+02
-1.855153045654296875e+02
-1.855153045654296875e+02
-1.855153045654296875e+02
-1.855153045654296875e+02
-1.855153045654296875e+02
-1.855153045654296875e+02
-1.855153045654296875e+02
-1.855153045654296875e+02
-1.855153045654296875e+02
-1.855153045654296875e+02
-1.855153045654296875e+02
-1.855153045654296875e+02
-1.855153045654296875e+02
-1.855153045654296875e+02
-1.855153045654296875e+02
-1.855153045654296875e+02
-1.855153045654296875e+02
-1.855153045654296875e+02
-1.855153045654296875e+02
-1.855153045654296875e+02
-1.855153045654296875e+02
-1.855153045654296875e+02
-1.855153045654296875e+02
-1.855153045654296875e+02
-1.855153045654296875e+02
-1.855153045654296875e+02
-1.855153045654296875e+02
-1.855153045654296875e+02
-1.855153045654296875e+02
-1.855153045654296875e+02
-1.855153045654296875e+02
-1.855153045654296875e+02
-1.855153045654296875e+02
-1.855153045654296875e+02
-1.855153045654296875e+02
-1.858648834228515625e+02
-1.858648834228515625e+02
-1.858728942871093750e+02
-1.858889007568359375e+02
-1.858889007568359375e+02
-1.858969116210937500e+02
-1.859129333496093750e+02
-1.859209442138671875e+02
-1.859209442138671875e+02
-1.859369506835937500e+02
-1.859369506835937500e+02
-1.859449615478515625e+02
-1.859609832763671875e+02
-1.859609832763671875e+02
-1.859769897460937500e+02
-1.859769897460937500e+02
-1.859850006103515625e+02
-1.859930114746093750e+02
-1.859930114746093750e+02
-1.860090332031250000e+02
-1.860250396728515625e+02
-1.860250396728515625e+02
-1.860330505371093750e+02
-1.860410614013671875e+02
-1.860490722656250000e+02
-1.860650787353515625e+02
-1.860650787353515625e+02
-1.860730895996093750e+02
-1.860891113281250000e+02
-1.860891113281250000e+02
-1.861051177978515625e+02
-1.861051177978515625e+02
-1.861131286621093750e+02
-1.861211395263671875e+02
-1.861371612548828125e+02
-1.861451721191406250e+02
-1.861531677246093750e+02
-1.861531677246093750e+02
-1.861611785888671875e+02
-1.861772003173828125e+02
-1.861772003173828125e+02
-1.861852111816406250e+02
-1.862012176513671875e+02
-1.862012176513671875e+02
-1.862092285156250000e+02
-1.862252502441406250e+02
-1.862252502441406250e+02
-1.862412567138671875e+02
-1.862492675781250000e+02
-1.862492675781250000e+02
-1.862652893066406250e+02
-1.862813110351562500e+02
-1.862813110351562500e+02
-1.862893066406250000e+02
-1.862893066406250000e+02
-1.863053283691406250e+02
-1.863133392333984375e+02
-1.863133392333984375e+02
-1.863293609619140625e+02
-1.863293609619140625e+02
-1.863373565673828125e+02
-1.863533782958984375e+02
-1.863533782958984375e+02
-1.863694000244140625e+02
-1.863773956298828125e+02
-1.863773956298828125e+02
-1.863934173583984375e+02
-1.864014282226562500e+02
-1.864094390869140625e+02
-1.864174499511718750e+02
-1.864174499511718750e+02
-1.864334564208984375e+02
-1.864414672851562500e+02
-1.864414672851562500e+02
-1.864574890136718750e+02
-1.864654998779296875e+02
-1.864654998779296875e+02
-1.864815063476562500e+02
-1.864815063476562500e+02
-1.864895172119140625e+02
-1.865055389404296875e+02
-1.865055389404296875e+02
-1.865215454101562500e+02
-1.865295562744140625e+02
-1.865295562744140625e+02
-1.865455780029296875e+02
-1.865455780029296875e+02
-1.865535888671875000e+02
-1.865695953369140625e+02
-1.865695953369140625e+02
-1.865856170654296875e+02
-1.865856170654296875e+02
-1.865936279296875000e+02
-1.866096343994140625e+02
-1.866096343994140625e+02
-1.866256561279296875e+02
-1.866256561279296875e+02
-1.866336669921875000e+02
-1.866496734619140625e+02
-1.866576843261718750e+02
-1.866576843261718750e+02
-1.866737060546875000e+02
-1.866737060546875000e+02
-1.866817169189453125e+02
-1.866977233886718750e+02
-1.866977233886718750e+02
-1.867137451171875000e+02
-1.867137451171875000e+02
-1.867217559814453125e+02
-1.867297668457031250e+02
-1.867457733154296875e+02
-1.867457733154296875e+02
-1.867617950439453125e+02
-1.867617950439453125e+02
-1.867698059082031250e+02
-1.867858123779296875e+02
-1.867858123779296875e+02
-1.868018341064453125e+02
-1.868098449707031250e+02
-1.868098449707031250e+02
-1.868258666992187500e+02
-1.868338623046875000e+02
-1.868338623046875000e+02
-1.868418731689453125e+02
-1.868498840332031250e+02
-1.868578948974609375e+02
-1.868739166259765625e+02
-1.868739166259765625e+02
-1.868899230957031250e+02
-1.868979339599609375e+02
-1.868979339599609375e+02
-1.869139556884765625e+02
-1.869219512939453125e+02
-1.869219512939453125e+02
-1.869379730224609375e+02
-1.869379730224609375e+02
-1.869539947509765625e+02
-1.869620056152343750e+02
-1.869620056152343750e+02
-1.869780120849609375e+02
-1.869860229492187500e+02
-1.869940338134765625e+02
-1.870020446777343750e+02
-1.870020446777343750e+02
-1.870180511474609375e+02
-1.870260620117187500e+02
-1.870260620117187500e+02
-1.870420837402343750e+02
-1.870500946044921875e+02
-1.870500946044921875e+02
-1.870661010742187500e+02
-1.870741119384765625e+02
-1.870741119384765625e+02
-1.870901336669921875e+02
-1.870901336669921875e+02
-1.871061401367187500e+02
-1.871141510009765625e+02
-1.871141510009765625e+02
-1.871301727294921875e+02
-1.871301727294921875e+02
-1.871301727294921875e+02
-1.871541900634765625e+02
-1.871541900634765625e+02
-1.871702117919921875e+02
-1.871702117919921875e+02
-1.871782226562500000e+02
-1.871862335205078125e+02
-1.871942291259765625e+02
-1.872022399902343750e+02
-1.872102508544921875e+02
-1.872182617187500000e+02
-1.872262725830078125e+02
-1.872342834472656250e+02
-1.872422790527343750e+02
-1.872502899169921875e+02
-1.872583007812500000e+02
-1.872663116455078125e+02
-1.872743225097656250e+02
-1.872823333740234375e+02
-1.872983398437500000e+02
-1.873063507080078125e+02
-1.873063507080078125e+02
-1.873143615722656250e+02
-1.873223724365234375e+02
-1.873303680419921875e+02
-1.873383789062500000e+02
-1.873463897705078125e+02
-1.873544006347656250e+02
-1.873624114990234375e+02
-1.873704223632812500e+02
-1.873784179687500000e+02
-1.873864288330078125e+02
-1.874024505615234375e+02
-1.874024505615234375e+02
-1.874104614257812500e+02
-1.874184722900390625e+02
-1.874264678955078125e+02
-1.874344787597656250e+02
-1.874424896240234375e+02
-1.874505004882812500e+02
-1.874665069580078125e+02
-1.874665069580078125e+02
-1.874745178222656250e+02
-1.874825286865234375e+02
-1.874905395507812500e+02
-1.874985504150390625e+02
-1.875065612792968750e+02
-1.875145568847656250e+02
-1.875225677490234375e+02
-1.875305786132812500e+02
-1.875466003417968750e+02
-1.875546112060546875e+02
-1.875546112060546875e+02
-1.875706176757812500e+02
-1.875706176757812500e+02
-1.875786285400390625e+02
-1.875946502685546875e+02
-1.875946502685546875e+02
-1.876106567382812500e+02
-1.876186676025390625e+02
-1.876186676025390625e+02
-1.876186676025390625e+02
-1.876427001953125000e+02
-1.876427001953125000e+02
-1.876587066650390625e+02
-1.876667175292968750e+02
-1.876667175292968750e+02
-1.876827392578125000e+02
-1.876827392578125000e+02
-1.876907501220703125e+02
-1.877067565917968750e+02
-1.877067565917968750e+02
-1.877227783203125000e+02
-1.877307891845703125e+02
-1.877387847900390625e+02
-1.877467956542968750e+02
-1.877467956542968750e+02
-1.877548065185546875e+02
-1.877628173828125000e+02
-1.877788391113281250e+02
-1.877868347167968750e+02
-1.877868347167968750e+02
-1.877948455810546875e+02
-1.878108673095703125e+02
-1.878188781738281250e+02
-1.878268890380859375e+02
-1.878348846435546875e+02
-1.878348846435546875e+02
-1.878428955078125000e+02
-1.878589172363281250e+02
-1.878589172363281250e+02
-1.878589172363281250e+02
-1.878829345703125000e+02
-1.878909454345703125e+02
-1.878989562988281250e+02
-1.878989562988281250e+02
-1.879069671630859375e+02
-1.879149780273437500e+02
-1.879149780273437500e+02
-1.879309844970703125e+02
-1.879389953613281250e+02
-1.879470062255859375e+02
-1.879550170898437500e+02
-1.879710235595703125e+02
-1.879710235595703125e+02
-1.879870452880859375e+02
-1.879870452880859375e+02
-1.879950561523437500e+02
-1.880110626220703125e+02
-1.880110626220703125e+02
-1.880270843505859375e+02
-1.880350952148437500e+02
-1.880431060791015625e+02
-1.880511169433593750e+02
-1.880511169433593750e+02
-1.880591125488281250e+02
-1.880751342773437500e+02
-1.880751342773437500e+02
-1.880911560058593750e+02
-1.880991668701171875e+02
-1.880991668701171875e+02
-1.881151733398437500e+02
-1.881151733398437500e+02
-1.881231842041015625e+02
-1.881392059326171875e+02
-1.881392059326171875e+02
-1.881552124023437500e+02
-1.881632232666015625e+02
-1.881632232666015625e+02
-1.881792449951171875e+02
-1.881792449951171875e+02
-1.881872558593750000e+02
-1.882032623291015625e+02
-1.882112731933593750e+02
-1.882192840576171875e+02
-1.882272949218750000e+02
-1.882433013916015625e+02
-1.882433013916015625e+02
-1.882433013916015625e+02
-1.882513122558593750e+02
-1.882673339843750000e+02
-1.882753448486328125e+02
-1.882833404541015625e+02
-1.882913513183593750e+02
-1.882913513183593750e+02
-1.882993621826171875e+02
-1.883153839111328125e+02
-1.883153839111328125e+02
-1.883233947753906250e+02
-1.883394012451171875e+02
-1.883394012451171875e+02
-1.883554229736328125e+02
-1.883554229736328125e+02
-1.883634338378906250e+02
-1.883794403076171875e+02
-1.883794403076171875e+02
-1.883874511718750000e+02
-1.884034729003906250e+02
-1.884034729003906250e+02
-1.884194793701171875e+02
-1.884274902343750000e+02
-1.884274902343750000e+02
-1.884435119628906250e+02
-1.884515228271484375e+02
-1.884595336914062500e+02
-1.884595336914062500e+02
-1.884755401611328125e+02
-1.884835510253906250e+02
-1.884835510253906250e+02
-1.884915618896484375e+02
-1.885075836181640625e+02
-1.885075836181640625e+02
-1.885155792236328125e+02
-1.885316009521484375e+02
-1.885316009521484375e+02
-1.885476226806640625e+02
-1.885476226806640625e+02
-1.885476226806640625e+02
-1.885716400146484375e+02
-1.885716400146484375e+02
-1.885796508789062500e+02
-1.885956726074218750e+02
-1.885956726074218750e+02
-1.886036682128906250e+02
-1.886196899414062500e+02
-1.886196899414062500e+02
-1.886357116699218750e+02
-1.886437225341796875e+02
-1.886517181396484375e+02
-1.886597290039062500e+02
-1.886597290039062500e+02
-1.886677398681640625e+02
-1.886837615966796875e+02
-1.886837615966796875e+02
-1.886997680664062500e+02
-1.886997680664062500e+02
-1.886997680664062500e+02
-1.887238006591796875e+02
-1.887318115234375000e+02
-1.887318115234375000e+02
-1.887478179931640625e+02
-1.887478179931640625e+02
-1.887558288574218750e+02
-1.887718505859375000e+02
-1.887718505859375000e+02
-1.887798461914062500e+02
-1.887958679199218750e+02
-1.887958679199218750e+02
-1.888118896484375000e+02
-1.888199005126953125e+02
-1.888278961181640625e+02
-1.888359069824218750e+02
-1.888359069824218750e+02
-1.888439178466796875e+02
-1.888599395751953125e+02
-1.888599395751953125e+02
-1.888759460449218750e+02
-1.888839569091796875e+02
-1.888839569091796875e+02
-1.888999786376953125e+02
-1.888999786376953125e+02
-1.889079895019531250e+02
-1.889239959716796875e+02
-1.889239959716796875e+02
-1.889400177001953125e+02
-1.889480285644531250e+02
-1.889480285644531250e+02
-1.889640350341796875e+02
-1.889640350341796875e+02
-1.889800567626953125e+02
-1.889880676269531250e+02
-1.889880676269531250e+02
-1.889960784912109375e+02
-1.890040893554687500e+02
-1.890040893554687500e+02
-1.890200958251953125e+02
-1.890281066894531250e+02
-1.890441284179687500e+02
-1.890441284179687500e+02
-1.890601348876953125e+02
-1.890681457519531250e+02
-1.890681457519531250e+02
-1.890841674804687500e+02
-1.890921783447265625e+02
-1.890921783447265625e+02
-1.891001739501953125e+02
-1.891161956787109375e+02
-1.891242065429687500e+02
-1.891322174072265625e+02
-1.891402282714843750e+02
-1.891402282714843750e+02
-1.891482238769531250e+02
-1.891642456054687500e+02
-1.891642456054687500e+02
-1.891802673339843750e+02
-1.891802673339843750e+02
-1.891882629394531250e+02
-1.892042846679687500e+02
-1.892122955322265625e+02
-1.892203063964843750e+02
-1.892283172607421875e+02
-1.892363128662109375e+02
-1.892363128662109375e+02
-1.892523345947265625e+02
-1.892523345947265625e+02
-1.892603454589843750e+02
-1.892763671875000000e+02
-1.892763671875000000e+02
-1.892923736572265625e+02
-1.893003845214843750e+02
-1.893083953857421875e+02
-1.893164062500000000e+02
-1.893164062500000000e+02
-1.893244018554687500e+02
-1.893404235839843750e+02
-1.893404235839843750e+02
-1.893564453125000000e+02
-1.893644561767578125e+02
-1.893644561767578125e+02
-1.893804626464843750e+02
-1.893804626464843750e+02
-1.893804626464843750e+02
-1.893884735107421875e+02
-1.893884735107421875e+02
-1.894125061035156250e+02
-1.894285125732421875e+02
-1.894285125732421875e+02
-1.894445343017578125e+02
-1.894525451660156250e+02
-1.894605407714843750e+02
-1.894685516357421875e+02
-1.894685516357421875e+02
-1.894765625000000000e+02
-1.894925842285156250e+02
-1.894925842285156250e+02
-1.895085906982421875e+02
-1.895085906982421875e+02
-1.895085906982421875e+02
-1.895326232910156250e+02
-1.895326232910156250e+02
-1.895486450195312500e+02
-1.895566406250000000e+02
-1.895646514892578125e+02
-1.895726623535156250e+02
-1.895806732177734375e+02
-1.895806732177734375e+02
-1.895966796875000000e+02
-1.895966796875000000e+02
-1.896046905517578125e+02
-1.896127014160156250e+02
-1.896127014160156250e+02
-1.896127014160156250e+02
-1.896127014160156250e+02
-1.896127014160156250e+02
-1.896127014160156250e+02
-1.896127014160156250e+02
-1.896127014160156250e+02
-1.896127014160156250e+02
-1.896127014160156250e+02
-1.896127014160156250e+02
-1.896127014160156250e+02
-1.896127014160156250e+02
-1.896127014160156250e+02
-1.896127014160156250e+02
-1.896127014160156250e+02
-1.896127014160156250e+02
-1.896127014160156250e+02
-1.896127014160156250e+02
-1.896127014160156250e+02
-1.896127014160156250e+02
-1.896127014160156250e+02
-1.896127014160156250e+02
-1.896127014160156250e+02
-1.896127014160156250e+02
-1.896127014160156250e+02
-1.896127014160156250e+02
-1.896127014160156250e+02
-1.896127014160156250e+02
-1.896127014160156250e+02
-1.896127014160156250e+02
-1.896127014160156250e+02
-1.896127014160156250e+02
-1.896127014160156250e+02
-1.896127014160156250e+02
-1.896127014160156250e+02
-1.896127014160156250e+02
-1.896127014160156250e+02
-1.896127014160156250e+02
-1.896127014160156250e+02
-1.896127014160156250e+02
-1.896127014160156250e+02
-1.896127014160156250e+02
-1.896127014160156250e+02
-1.896127014160156250e+02
-1.896127014160156250e+02
-1.896127014160156250e+02
-1.896127014160156250e+02
-1.896127014160156250e+02
-1.896127014160156250e+02
-1.896127014160156250e+02
-1.896127014160156250e+02
-1.896127014160156250e+02
-1.896127014160156250e+02
-1.896127014160156250e+02
-1.896127014160156250e+02
-1.896127014160156250e+02
-1.896127014160156250e+02
-1.896127014160156250e+02
-1.896127014160156250e+02
-1.896127014160156250e+02
-1.896127014160156250e+02
-1.896127014160156250e+02
-1.896127014160156250e+02
-1.896127014160156250e+02
-1.896127014160156250e+02
-1.896127014160156250e+02
-1.896127014160156250e+02
-1.896127014160156250e+02
-1.896127014160156250e+02
-1.896127014160156250e+02
-1.896127014160156250e+02
-1.896127014160156250e+02
-1.896127014160156250e+02
-1.896127014160156250e+02
-1.896127014160156250e+02
-1.896127014160156250e+02
-1.896127014160156250e+02
-1.896127014160156250e+02
-1.896127014160156250e+02
-1.896127014160156250e+02
-1.896127014160156250e+02
-1.896127014160156250e+02
-1.896127014160156250e+02
-1.896127014160156250e+02
-1.896127014160156250e+02
-1.896127014160156250e+02
-1.896127014160156250e+02
-1.896127014160156250e+02
-1.896127014160156250e+02
-1.896127014160156250e+02
-1.896127014160156250e+02
-1.896127014160156250e+02
-1.896127014160156250e+02
-1.896127014160156250e+02
-1.896127014160156250e+02
-1.896127014160156250e+02
-1.896127014160156250e+02
-1.896127014160156250e+02
-1.896127014160156250e+02
-1.896127014160156250e+02
-1.896127014160156250e+02
-1.896127014160156250e+02
-1.896127014160156250e+02
-1.896127014160156250e+02
-1.896127014160156250e+02
-1.896127014160156250e+02
-1.896127014160156250e+02
-1.896127014160156250e+02
-1.896127014160156250e+02
-1.896127014160156250e+02
-1.896127014160156250e+02
-1.896127014160156250e+02
-1.896127014160156250e+02
-1.896127014160156250e+02
-1.896127014160156250e+02
-1.896127014160156250e+02
-1.896127014160156250e+02
-1.896127014160156250e+02
-1.896127014160156250e+02
-1.896127014160156250e+02
-1.896127014160156250e+02
-1.896127014160156250e+02
-1.896127014160156250e+02
-1.896127014160156250e+02
-1.896127014160156250e+02
-1.896127014160156250e+02
-1.896127014160156250e+02
-1.896127014160156250e+02
-1.896127014160156250e+02
-1.896127014160156250e+02
-1.896127014160156250e+02
-1.896127014160156250e+02
-1.896127014160156250e+02
-1.896127014160156250e+02
-1.896127014160156250e+02
-1.896127014160156250e+02
-1.896127014160156250e+02
-1.896127014160156250e+02
-1.896127014160156250e+02
-1.896127014160156250e+02
-1.896127014160156250e+02
-1.896127014160156250e+02
-1.896127014160156250e+02
-1.896127014160156250e+02
-1.896127014160156250e+02
-1.896127014160156250e+02
-1.896127014160156250e+02
-1.896127014160156250e+02
-1.896127014160156250e+02
-1.896127014160156250e+02
-1.896127014160156250e+02
-1.896127014160156250e+02
-1.896127014160156250e+02
-1.896127014160156250e+02
-1.896127014160156250e+02
-1.896127014160156250e+02
-1.896127014160156250e+02
-1.896127014160156250e+02
-1.896127014160156250e+02
-1.896127014160156250e+02
-1.896127014160156250e+02
-1.896127014160156250e+02
-1.896127014160156250e+02
-1.896127014160156250e+02
-1.896127014160156250e+02
-1.896127014160156250e+02
-1.896127014160156250e+02
-1.896127014160156250e+02
-1.896127014160156250e+02
-1.896127014160156250e+02
-1.896127014160156250e+02
-1.896127014160156250e+02
-1.896127014160156250e+02
-1.896127014160156250e+02
-1.896127014160156250e+02
-1.896127014160156250e+02
-1.896127014160156250e+02
-1.896127014160156250e+02
-1.896127014160156250e+02
-1.896127014160156250e+02
-1.896127014160156250e+02
-1.896127014160156250e+02
-1.896127014160156250e+02
-1.896127014160156250e+02
-1.896127014160156250e+02
-1.896127014160156250e+02
-1.896127014160156250e+02
-1.896127014160156250e+02
-1.896127014160156250e+02
-1.896127014160156250e+02
-1.896127014160156250e+02
-1.896127014160156250e+02
-1.896127014160156250e+02
-1.896127014160156250e+02
-1.896127014160156250e+02
-1.896127014160156250e+02
-1.896127014160156250e+02
-1.896127014160156250e+02
-1.896127014160156250e+02
-1.896127014160156250e+02
-1.896127014160156250e+02
-1.896127014160156250e+02
-1.896127014160156250e+02
-1.896127014160156250e+02
-1.896127014160156250e+02
-1.896127014160156250e+02
-1.896127014160156250e+02
-1.896127014160156250e+02
-1.896127014160156250e+02
-1.896127014160156250e+02
-1.896127014160156250e+02
-1.896127014160156250e+02
-1.896127014160156250e+02
-1.896127014160156250e+02
-1.896127014160156250e+02
-1.896127014160156250e+02
-1.896127014160156250e+02
-1.896127014160156250e+02
-1.896127014160156250e+02
-1.896127014160156250e+02
-1.896127014160156250e+02
-1.896127014160156250e+02
-1.896127014160156250e+02
-1.896127014160156250e+02
-1.896127014160156250e+02
-1.896127014160156250e+02
-1.896127014160156250e+02
-1.896127014160156250e+02
-1.896127014160156250e+02
-1.896127014160156250e+02
-1.896127014160156250e+02
-1.896127014160156250e+02
-1.896127014160156250e+02
-1.896127014160156250e+02
-1.896127014160156250e+02
-1.896127014160156250e+02
-1.896127014160156250e+02
-1.896127014160156250e+02
-1.896127014160156250e+02
-1.896127014160156250e+02
-1.896127014160156250e+02
-1.896127014160156250e+02
-1.896127014160156250e+02
-1.896127014160156250e+02
-1.896127014160156250e+02
-1.896127014160156250e+02
-1.896127014160156250e+02
-1.896127014160156250e+02
-1.896127014160156250e+02
-1.896127014160156250e+02
-1.896127014160156250e+02
-1.896127014160156250e+02
-1.896127014160156250e+02
-1.896127014160156250e+02
-1.896127014160156250e+02
-1.896127014160156250e+02
-1.896127014160156250e+02
-1.896127014160156250e+02
-1.896127014160156250e+02
-1.896127014160156250e+02
-1.896127014160156250e+02
-1.896127014160156250e+02
-1.896127014160156250e+02
-1.896127014160156250e+02
-1.896127014160156250e+02
-1.896127014160156250e+02
-1.896127014160156250e+02
-1.896127014160156250e+02
-1.896127014160156250e+02
-1.896127014160156250e+02
-1.896127014160156250e+02
-1.896127014160156250e+02
-1.896127014160156250e+02
-1.896127014160156250e+02
-1.896127014160156250e+02
-1.896127014160156250e+02
-1.896127014160156250e+02
-1.896127014160156250e+02
-1.896127014160156250e+02
-1.896127014160156250e+02
-1.896127014160156250e+02
-1.896127014160156250e+02
-1.896127014160156250e+02
-1.896127014160156250e+02
-1.896127014160156250e+02
-1.896127014160156250e+02
-1.896127014160156250e+02
-1.896127014160156250e+02
-1.896127014160156250e+02
-1.896127014160156250e+02
-1.896127014160156250e+02
-1.896127014160156250e+02
-1.896127014160156250e+02
-1.896127014160156250e+02
-1.896127014160156250e+02
-1.896127014160156250e+02
-1.896127014160156250e+02
-1.896127014160156250e+02
-1.896127014160156250e+02
-1.896127014160156250e+02
-1.896127014160156250e+02
-1.896127014160156250e+02
-1.896127014160156250e+02
-1.896127014160156250e+02
-1.896127014160156250e+02
-1.896127014160156250e+02
-1.896127014160156250e+02
-1.896127014160156250e+02
-1.896127014160156250e+02
-1.896127014160156250e+02
-1.896127014160156250e+02
-1.896127014160156250e+02
-1.896127014160156250e+02
-1.896127014160156250e+02
-1.896127014160156250e+02
-1.896127014160156250e+02
-1.896127014160156250e+02
-1.896127014160156250e+02
-1.896127014160156250e+02
-1.896127014160156250e+02
-1.896127014160156250e+02
-1.896127014160156250e+02
-1.896127014160156250e+02
-1.896127014160156250e+02
-1.896127014160156250e+02
-1.896127014160156250e+02
-1.896127014160156250e+02
-1.896127014160156250e+02
-1.896127014160156250e+02
-1.896127014160156250e+02
-1.896127014160156250e+02
-1.896127014160156250e+02
-1.896127014160156250e+02
-1.896127014160156250e+02
-1.896127014160156250e+02
-1.896127014160156250e+02
-1.896127014160156250e+02
-1.896127014160156250e+02
-1.896127014160156250e+02
-1.896127014160156250e+02
-1.896127014160156250e+02
-1.896127014160156250e+02
-1.896127014160156250e+02
-1.896127014160156250e+02
-1.896127014160156250e+02
-1.896127014160156250e+02
-1.896127014160156250e+02
-1.896127014160156250e+02
-1.896127014160156250e+02
-1.896127014160156250e+02
-1.896127014160156250e+02
-1.896127014160156250e+02
-1.896127014160156250e+02
-1.896127014160156250e+02
-1.896127014160156250e+02
-1.896127014160156250e+02
-1.896127014160156250e+02
-1.896127014160156250e+02
-1.896127014160156250e+02
-1.896127014160156250e+02
-1.896127014160156250e+02
-1.896127014160156250e+02
-1.896127014160156250e+02
-1.896127014160156250e+02
-1.896127014160156250e+02
-1.896127014160156250e+02
-1.896127014160156250e+02
-1.896127014160156250e+02
-1.896127014160156250e+02
-1.896127014160156250e+02
-1.896127014160156250e+02
-1.896127014160156250e+02
-1.896127014160156250e+02
-1.896127014160156250e+02
-1.896127014160156250e+02
-1.896127014160156250e+02
-1.896127014160156250e+02
-1.896127014160156250e+02
-1.896127014160156250e+02
-1.896127014160156250e+02
-1.896127014160156250e+02
-1.896127014160156250e+02
-1.896127014160156250e+02
-1.896127014160156250e+02
-1.896127014160156250e+02
-1.896127014160156250e+02
-1.896127014160156250e+02
-1.896127014160156250e+02
-1.896127014160156250e+02
-1.896127014160156250e+02
-1.896127014160156250e+02
-1.896127014160156250e+02
-1.896127014160156250e+02
-1.896127014160156250e+02
-1.896127014160156250e+02
-1.896127014160156250e+02
-1.896127014160156250e+02
-1.896127014160156250e+02
-1.896127014160156250e+02
-1.896127014160156250e+02
-1.896127014160156250e+02
-1.896127014160156250e+02
-1.896127014160156250e+02
-1.896127014160156250e+02
-1.896127014160156250e+02
-1.896127014160156250e+02
-1.896127014160156250e+02
-1.896127014160156250e+02
-1.896127014160156250e+02
-1.896127014160156250e+02
-1.896127014160156250e+02
-1.896127014160156250e+02
-1.896127014160156250e+02
-1.896127014160156250e+02
-1.896127014160156250e+02
-1.896127014160156250e+02
-1.896127014160156250e+02
-1.896127014160156250e+02
-1.896127014160156250e+02
-1.896127014160156250e+02
-1.896127014160156250e+02
-1.896127014160156250e+02
-1.896127014160156250e+02
-1.896127014160156250e+02
-1.896127014160156250e+02
-1.896127014160156250e+02
-1.896127014160156250e+02
-1.896127014160156250e+02
-1.896127014160156250e+02
-1.896127014160156250e+02
-1.896127014160156250e+02
-1.896127014160156250e+02
-1.896127014160156250e+02
-1.896127014160156250e+02
-1.896127014160156250e+02
-1.896127014160156250e+02
-1.896127014160156250e+02
-1.896127014160156250e+02
-1.896127014160156250e+02
-1.896127014160156250e+02
-1.896127014160156250e+02
-1.896127014160156250e+02
-1.896127014160156250e+02
-1.896127014160156250e+02
-1.896127014160156250e+02
-1.896127014160156250e+02
-1.896127014160156250e+02
-1.896127014160156250e+02
-1.896127014160156250e+02
-1.896127014160156250e+02
-1.896127014160156250e+02
-1.896127014160156250e+02
-1.896127014160156250e+02
-1.896127014160156250e+02
-1.896127014160156250e+02
-1.896127014160156250e+02
-1.896127014160156250e+02
-1.896127014160156250e+02
-1.896127014160156250e+02
-1.896127014160156250e+02
-1.896127014160156250e+02
-1.896127014160156250e+02
-1.896127014160156250e+02
-1.896127014160156250e+02
-1.896127014160156250e+02
-1.896127014160156250e+02
-1.896127014160156250e+02
-1.896127014160156250e+02
-1.896127014160156250e+02
-1.896127014160156250e+02
-1.896127014160156250e+02
-1.896127014160156250e+02
-1.896127014160156250e+02
-1.896127014160156250e+02
-1.896127014160156250e+02
-1.896127014160156250e+02
-1.896127014160156250e+02
-1.896127014160156250e+02
-1.896127014160156250e+02
-1.896127014160156250e+02
-1.896127014160156250e+02
-1.896127014160156250e+02
-1.896127014160156250e+02
-1.896127014160156250e+02
-1.896127014160156250e+02
-1.896127014160156250e+02
-1.896127014160156250e+02
-1.896127014160156250e+02
-1.896127014160156250e+02
-1.896127014160156250e+02
-1.896127014160156250e+02
-1.896127014160156250e+02
-1.896127014160156250e+02
-1.896127014160156250e+02
-1.896127014160156250e+02
-1.896127014160156250e+02
-1.896127014160156250e+02
-1.896127014160156250e+02
-1.896127014160156250e+02
-1.896127014160156250e+02
-1.896127014160156250e+02
-1.896127014160156250e+02
-1.896127014160156250e+02
-1.896127014160156250e+02
-1.896127014160156250e+02
-1.896127014160156250e+02
-1.896127014160156250e+02
-1.896127014160156250e+02
-1.896127014160156250e+02
-1.896127014160156250e+02
-1.896127014160156250e+02
-1.896127014160156250e+02
-1.896127014160156250e+02
-1.896127014160156250e+02
-1.896127014160156250e+02
-1.896127014160156250e+02
-1.896127014160156250e+02
-1.896127014160156250e+02
-1.896127014160156250e+02
-1.896127014160156250e+02
-1.896127014160156250e+02
-1.896127014160156250e+02
-1.896127014160156250e+02
-1.896127014160156250e+02
-1.896127014160156250e+02
-1.896127014160156250e+02
-1.896127014160156250e+02
-1.896127014160156250e+02
-1.896127014160156250e+02
-1.896127014160156250e+02
-1.896127014160156250e+02
-1.896127014160156250e+02
-1.896127014160156250e+02
-1.896127014160156250e+02
-1.896127014160156250e+02
-1.896127014160156250e+02
-1.896127014160156250e+02
-1.896127014160156250e+02
-1.896127014160156250e+02
-1.896127014160156250e+02
-1.896127014160156250e+02
-1.896127014160156250e+02
-1.896127014160156250e+02
-1.896127014160156250e+02
-1.896127014160156250e+02
-1.896127014160156250e+02
-1.896127014160156250e+02
-1.896127014160156250e+02
-1.896127014160156250e+02
-1.896127014160156250e+02
-1.896127014160156250e+02
-1.896127014160156250e+02
-1.896127014160156250e+02
-1.896127014160156250e+02
-1.896127014160156250e+02
-1.896127014160156250e+02
-1.896127014160156250e+02
-1.896127014160156250e+02
-1.896127014160156250e+02
-1.896127014160156250e+02
-1.896127014160156250e+02
-1.896127014160156250e+02
-1.896127014160156250e+02
-1.896127014160156250e+02
-1.896127014160156250e+02
-1.896127014160156250e+02
-1.896127014160156250e+02
-1.896127014160156250e+02
-1.896127014160156250e+02
-1.896127014160156250e+02
-1.896127014160156250e+02
-1.896127014160156250e+02
-1.896127014160156250e+02
-1.896127014160156250e+02
-1.896127014160156250e+02
-1.896127014160156250e+02
-1.896127014160156250e+02
-1.896127014160156250e+02
-1.896127014160156250e+02
-1.896127014160156250e+02
-1.896127014160156250e+02
-1.896127014160156250e+02
-1.896127014160156250e+02
-1.896127014160156250e+02
-1.896127014160156250e+02
-1.896127014160156250e+02
-1.896127014160156250e+02
-1.896127014160156250e+02
-1.896127014160156250e+02
-1.896127014160156250e+02
-1.896127014160156250e+02
-1.896127014160156250e+02
-1.896127014160156250e+02
-1.896127014160156250e+02
-1.896127014160156250e+02
-1.896127014160156250e+02
-1.896127014160156250e+02
-1.896127014160156250e+02
-1.896127014160156250e+02
-1.896127014160156250e+02
-1.896127014160156250e+02
-1.896127014160156250e+02
-1.896127014160156250e+02
-1.896127014160156250e+02
-1.896127014160156250e+02
-1.896127014160156250e+02
-1.896127014160156250e+02
-1.896127014160156250e+02
-1.896127014160156250e+02
-1.896127014160156250e+02
-1.896127014160156250e+02
-1.896127014160156250e+02
-1.896127014160156250e+02
-1.896127014160156250e+02
-1.896127014160156250e+02
-1.896127014160156250e+02
-1.896127014160156250e+02
-1.896127014160156250e+02
-1.896127014160156250e+02
-1.896127014160156250e+02
-1.896127014160156250e+02
-1.896127014160156250e+02
-1.896127014160156250e+02
-1.896127014160156250e+02
-1.896127014160156250e+02
-1.896127014160156250e+02
-1.896127014160156250e+02
-1.896127014160156250e+02
-1.896127014160156250e+02
-1.896127014160156250e+02
-1.896127014160156250e+02
-1.896127014160156250e+02
-1.896127014160156250e+02
-1.896127014160156250e+02
-1.896127014160156250e+02
-1.896127014160156250e+02
-1.896127014160156250e+02
-1.896127014160156250e+02
-1.896127014160156250e+02
-1.896127014160156250e+02
-1.896127014160156250e+02
-1.896127014160156250e+02
-1.896127014160156250e+02
-1.896127014160156250e+02
-1.896127014160156250e+02
-1.896127014160156250e+02
-1.896127014160156250e+02
-1.896127014160156250e+02
-1.896127014160156250e+02
-1.896127014160156250e+02
-1.896127014160156250e+02
-1.896127014160156250e+02
-1.896127014160156250e+02
-1.896127014160156250e+02
-1.896127014160156250e+02
-1.896127014160156250e+02
-1.896127014160156250e+02
-1.896127014160156250e+02
-1.896127014160156250e+02
-1.896127014160156250e+02
-1.896127014160156250e+02
-1.896127014160156250e+02
-1.896127014160156250e+02
-1.896127014160156250e+02
-1.896127014160156250e+02
-1.896127014160156250e+02
-1.896127014160156250e+02
-1.896127014160156250e+02
-1.896127014160156250e+02
-1.896127014160156250e+02
-1.896127014160156250e+02
-1.896127014160156250e+02
-1.896127014160156250e+02
-1.896127014160156250e+02
-1.896127014160156250e+02
-1.896127014160156250e+02
-1.896127014160156250e+02
-1.896127014160156250e+02
-1.896127014160156250e+02
-1.896127014160156250e+02
-1.896127014160156250e+02
-1.896127014160156250e+02
-1.896127014160156250e+02
-1.896127014160156250e+02
-1.896127014160156250e+02
-1.896127014160156250e+02
-1.896127014160156250e+02
-1.896127014160156250e+02
-1.896127014160156250e+02
-1.896127014160156250e+02
-1.896127014160156250e+02
-1.896127014160156250e+02
-1.896127014160156250e+02
-1.896127014160156250e+02
-1.896127014160156250e+02
-1.896127014160156250e+02
-1.896127014160156250e+02
-1.896127014160156250e+02
-1.896127014160156250e+02
-1.896127014160156250e+02
-1.896127014160156250e+02
-1.896127014160156250e+02
-1.896127014160156250e+02
-1.896127014160156250e+02
-1.896127014160156250e+02
-1.896127014160156250e+02
-1.896127014160156250e+02
-1.896127014160156250e+02
-1.896127014160156250e+02
-1.896127014160156250e+02
-1.896127014160156250e+02
-1.896127014160156250e+02
-1.896127014160156250e+02
-1.896127014160156250e+02
-1.896127014160156250e+02
-1.896127014160156250e+02
-1.896127014160156250e+02
-1.896127014160156250e+02
-1.896127014160156250e+02
-1.896127014160156250e+02
-1.896127014160156250e+02
-1.896127014160156250e+02
-1.896127014160156250e+02
-1.896127014160156250e+02
-1.896127014160156250e+02
-1.896127014160156250e+02
-1.896127014160156250e+02
-1.896127014160156250e+02
-1.896127014160156250e+02
-1.896127014160156250e+02
-1.896127014160156250e+02
-1.896127014160156250e+02
-1.896127014160156250e+02
-1.896127014160156250e+02
-1.896127014160156250e+02
-1.896127014160156250e+02
-1.896127014160156250e+02
-1.896127014160156250e+02
-1.896127014160156250e+02
-1.896127014160156250e+02
-1.896127014160156250e+02
-1.896127014160156250e+02
-1.896127014160156250e+02
-1.896127014160156250e+02
-1.896127014160156250e+02
-1.896127014160156250e+02
-1.896127014160156250e+02
-1.896127014160156250e+02
-1.896127014160156250e+02
-1.896127014160156250e+02
-1.896127014160156250e+02
-1.896127014160156250e+02
-1.896127014160156250e+02
-1.896127014160156250e+02
-1.896127014160156250e+02
-1.896127014160156250e+02
-1.896127014160156250e+02
-1.896127014160156250e+02
-1.896127014160156250e+02
-1.896127014160156250e+02
-1.896127014160156250e+02
-1.896127014160156250e+02
-1.896127014160156250e+02
-1.896127014160156250e+02
-1.896127014160156250e+02
-1.896127014160156250e+02
-1.896127014160156250e+02
-1.896127014160156250e+02
-1.896127014160156250e+02
-1.899331817626953125e+02
-1.899411926269531250e+02
-1.899491882324218750e+02
-1.899491882324218750e+02
-1.899571990966796875e+02
-1.899652099609375000e+02
-1.899732208251953125e+02
-1.899812316894531250e+02
-1.899892425537109375e+02
-1.899892425537109375e+02
-1.900052490234375000e+02
-1.900212707519531250e+02
-1.900212707519531250e+02
-1.900292816162109375e+02
-1.900292816162109375e+02
-1.900532989501953125e+02
-1.900613098144531250e+02
-1.900693206787109375e+02
-1.900773315429687500e+02
-1.900853271484375000e+02
-1.900933380126953125e+02
-1.900933380126953125e+02
-1.901093597412109375e+02
-1.901173706054687500e+02
-1.901253814697265625e+02
-1.901333770751953125e+02
-1.901413879394531250e+02
-1.901493988037109375e+02
-1.901574096679687500e+02
-1.901574096679687500e+02
-1.901734161376953125e+02
-1.901814270019531250e+02
-1.901894378662109375e+02
-1.901974487304687500e+02
-1.902054595947265625e+02
-1.902054595947265625e+02
-1.902214660644531250e+02
-1.902294769287109375e+02
-1.902374877929687500e+02
-1.902454986572265625e+02
-1.902615203857421875e+02
-1.902615203857421875e+02
-1.902615203857421875e+02
-1.902695159912109375e+02
-1.902775268554687500e+02
-1.902855377197265625e+02
-1.903015594482421875e+02
-1.903095550537109375e+02
-1.903095550537109375e+02
-1.903175659179687500e+02
-1.903335876464843750e+02
-1.903415985107421875e+02
-1.903496093750000000e+02
-1.903496093750000000e+02
-1.903736267089843750e+02
-1.903736267089843750e+02
-1.903816375732421875e+02
-1.903896484375000000e+02
-1.903896484375000000e+02
-1.904056549072265625e+02
-1.904136657714843750e+02
-1.904216766357421875e+02
-1.904376983642578125e+02
-1.904376983642578125e+02
-1.904456939697265625e+02
-1.904456939697265625e+02
-1.904617156982421875e+02
-1.904697265625000000e+02
-1.904777374267578125e+02
-1.904857482910156250e+02
-1.905017547607421875e+02
-1.905017547607421875e+02
-1.905097656250000000e+02
-1.905097656250000000e+02
-1.905257873535156250e+02
-1.905257873535156250e+02
-1.905337982177734375e+02
-1.905498046875000000e+02
-1.905578155517578125e+02
-1.905658264160156250e+02
-1.905738372802734375e+02
-1.905818328857421875e+02
-1.905898437500000000e+02
-1.905978546142578125e+02
-1.905978546142578125e+02
-1.906138763427734375e+02
-1.906218872070312500e+02
-1.906298828125000000e+02
-1.906378936767578125e+02
-1.906459045410156250e+02
-1.906539154052734375e+02
-1.906619262695312500e+02
-1.906779327392578125e+02
-1.906779327392578125e+02
-1.906779327392578125e+02
-1.907019653320312500e+02
-1.907019653320312500e+02
-1.907019653320312500e+02
-1.907099761962890625e+02
-1.907259826660156250e+02
-1.907259826660156250e+02
-1.907339935302734375e+02
-1.907500152587890625e+02
-1.907500152587890625e+02
-1.907660217285156250e+02
-1.907740325927734375e+02
-1.907820434570312500e+02
-1.907900543212890625e+02
-1.907900543212890625e+02
-1.908060760498046875e+02
-1.908140716552734375e+02
-1.908220825195312500e+02
-1.908220825195312500e+02
-1.908381042480468750e+02
-1.908461151123046875e+02
-1.908541107177734375e+02
-1.908541107177734375e+02
-1.908621215820312500e+02
-1.908781433105468750e+02
-1.908781433105468750e+02
-1.908861541748046875e+02
-1.909101715087890625e+02
-1.909101715087890625e+02
-1.909342041015625000e+02
-1.909342041015625000e+02
-1.909422149658203125e+02
-1.909422149658203125e+02
-1.909582214355468750e+02
-1.909662322998046875e+02
-1.909742431640625000e+02
-1.909822540283203125e+02
-1.909902496337890625e+02
-1.909902496337890625e+02
-1.909902496337890625e+02
-1.910062713623046875e+02
-1.910142822265625000e+02
-1.910222930908203125e+02
-1.910222930908203125e+02
-1.910382995605468750e+02
-1.910382995605468750e+02
-1.910543212890625000e+02
-1.910543212890625000e+02
-1.910543212890625000e+02
-1.910623321533203125e+02
-1.910783386230468750e+02
-1.910863494873046875e+02
-1.910943603515625000e+02
-1.911103820800781250e+02
-1.911103820800781250e+02
-1.911183929443359375e+02
-1.911343994140625000e+02
-1.911424102783203125e+02
-1.911504211425781250e+02
-1.911504211425781250e+02
-1.911744384765625000e+02
-1.911744384765625000e+02
-1.911824493408203125e+02
-1.911824493408203125e+02
-1.912064819335937500e+02
-1.912064819335937500e+02
-1.912144775390625000e+02
-1.912144775390625000e+02
-1.912304992675781250e+02
-1.912385101318359375e+02
-1.912465209960937500e+02
-1.912545318603515625e+02
-1.912625274658203125e+02
-1.912705383300781250e+02
-1.912785491943359375e+02
-1.912785491943359375e+02
-1.912945709228515625e+02
-1.913025817871093750e+02
-1.913025817871093750e+02
-1.913185882568359375e+02
-1.913265991210937500e+02
-1.913265991210937500e+02
-1.913426208496093750e+02
-1.913586273193359375e+02
-1.913586273193359375e+02
-1.913666381835937500e+02
-1.913666381835937500e+02
-1.913826599121093750e+02
-1.913906707763671875e+02
-1.913906707763671875e+02
-1.914066772460937500e+02
-1.914146881103515625e+02
-1.914146881103515625e+02
-1.914307098388671875e+02
-1.914387207031250000e+02
-1.914467163085937500e+02
-1.914547271728515625e+02
-1.914627380371093750e+02
-1.914707489013671875e+02
-1.914787597656250000e+02
-1.914787597656250000e+02
-1.914947662353515625e+02
-1.915027770996093750e+02
-1.915027770996093750e+02
-1.915187988281250000e+02
-1.915348052978515625e+02
-1.915348052978515625e+02
-1.915428161621093750e+02
-1.915428161621093750e+02
-1.915588378906250000e+02
-1.915668487548828125e+02
-1.915668487548828125e+02
-1.915828552246093750e+02
-1.915988769531250000e+02
-1.915988769531250000e+02
-1.916068878173828125e+02
-1.916228942871093750e+02
-1.916228942871093750e+02
-1.916228942871093750e+02
-1.916309051513671875e+02
-1.916469268798828125e+02
-1.916549377441406250e+02
-1.916629486083984375e+02
-1.916709442138671875e+02
-1.916709442138671875e+02
-1.916869659423828125e+02
-1.916949768066406250e+02
-1.916949768066406250e+02
-1.917029876708984375e+02
-1.917189941406250000e+02
-1.917270050048828125e+02
-1.917350158691406250e+02
-1.917510375976562500e+02
-1.917510375976562500e+02
-1.917590332031250000e+02
-1.917670440673828125e+02
-1.917750549316406250e+02
-1.917830657958984375e+02
-1.917910766601562500e+02
-1.917990875244140625e+02
-1.918070831298828125e+02
-1.918150939941406250e+02
-1.918231048583984375e+02
-1.918391265869140625e+02
-1.918391265869140625e+02
-1.918471374511718750e+02
-1.918551330566406250e+02
-1.918631439208984375e+02
-1.918711547851562500e+02
-1.918791656494140625e+02
-1.918871765136718750e+02
-1.919031829833984375e+02
-1.919031829833984375e+02
-1.919111938476562500e+02
-1.919111938476562500e+02
-1.919272155761718750e+02
-1.919352264404296875e+02
-1.919432220458984375e+02
-1.919512329101562500e+02
-1.919592437744140625e+02
-1.919592437744140625e+02
-1.919752655029296875e+02
-1.919832763671875000e+02
-1.919832763671875000e+02
-1.919992828369140625e+02
-1.920072937011718750e+02
-1.920153045654296875e+02
-1.920233154296875000e+02
-1.920313110351562500e+02
-1.920393218994140625e+02
-1.920393218994140625e+02
-1.920553436279296875e+02
-1.920633544921875000e+02
-1.920793609619140625e+02
-1.920793609619140625e+02
-1.920793609619140625e+02
-1.920793609619140625e+02
-1.921033935546875000e+02
-1.921114044189453125e+02
-1.921114044189453125e+02
-1.921274108886718750e+02
-1.921274108886718750e+02
-1.921274108886718750e+02
-1.921434326171875000e+02
-1.921514434814453125e+02
-1.921674499511718750e+02
-1.921674499511718750e+02
-1.921674499511718750e+02
-1.921914825439453125e+02
-1.922075042724609375e+02
-1.922075042724609375e+02
-1.922154998779296875e+02
-1.922315216064453125e+02
-1.922315216064453125e+02
-1.922395324707031250e+02
-1.922395324707031250e+02
-1.922555541992187500e+02
-1.922635498046875000e+02
-1.922715606689453125e+02
-1.922795715332031250e+02
-1.922955932617187500e+02
-1.922955932617187500e+02
-1.923035888671875000e+02
-1.923035888671875000e+02
-1.923196105957031250e+02
-1.923276214599609375e+02
-1.923276214599609375e+02
-1.923436431884765625e+02
-1.923596496582031250e+02
-1.923596496582031250e+02
-1.923676605224609375e+02
-1.923756713867187500e+02
-1.923836822509765625e+02
-1.923916931152343750e+02
-1.923916931152343750e+02
-1.924076995849609375e+02
-1.924076995849609375e+02
-1.924157104492187500e+02
-1.924317321777343750e+02
-1.924317321777343750e+02
-1.924477386474609375e+02
-1.924557495117187500e+02
-1.924557495117187500e+02
-1.924717712402343750e+02
-1.924797821044921875e+02
-1.924797821044921875e+02
-1.924957885742187500e+02
-1.924957885742187500e+02
-1.925118103027343750e+02
-1.925198211669921875e+02
-1.925198211669921875e+02
-1.925358276367187500e+02
-1.925438385009765625e+02
-1.925518493652343750e+02
-1.925598602294921875e+02
-1.925598602294921875e+02
-1.925598602294921875e+02
-1.925838775634765625e+02
-1.925918884277343750e+02
-1.925998992919921875e+02
-1.926079101562500000e+02
-1.926159210205078125e+02
-1.926239166259765625e+02
-1.926319274902343750e+02
-1.926399383544921875e+02
-1.926479492187500000e+02
-1.926479492187500000e+02
-1.926639709472656250e+02
-1.926719665527343750e+02
-1.926799774169921875e+02
-1.926879882812500000e+02
-1.926959991455078125e+02
-1.926959991455078125e+02
-1.927120056152343750e+02
-1.927280273437500000e+02
-1.927280273437500000e+02
-1.927360382080078125e+02
-1.927360382080078125e+02
-1.927520599365234375e+02
-1.927520599365234375e+02
-1.927600555419921875e+02
-1.927680664062500000e+02
-1.927760772705078125e+02
-1.927840881347656250e+02
-1.927920989990234375e+02
-1.927920989990234375e+02
-1.928081054687500000e+02
-1.928161163330078125e+02
-1.928401489257812500e+02
-1.928401489257812500e+02
-1.928481445312500000e+02
-1.928561553955078125e+02
-1.928641662597656250e+02
-1.928641662597656250e+02
-1.928721771240234375e+02
-1.928881988525390625e+02
-1.928961944580078125e+02
-1.929042053222656250e+02
-1.929122161865234375e+02
-1.929282379150390625e+02
-1.929282379150390625e+02
-1.929282379150390625e+02
-1.929362487792968750e+02
-1.929522552490234375e+02
-1.929682769775390625e+02
-1.929682769775390625e+02
-1.929762878417968750e+02
-1.929762878417968750e+02
-1.929922943115234375e+02
-1.930003051757812500e+02
-1.930003051757812500e+02
-1.930163269042968750e+02
-1.930243377685546875e+02
-1.930323333740234375e+02
-1.930403442382812500e+02
-1.930563659667968750e+02
-1.930563659667968750e+02
-1.930643768310546875e+02
-1.930723876953125000e+02
-1.930803833007812500e+02
-1.930883941650390625e+02
-1.930964050292968750e+02
-1.931044158935546875e+02
-1.931124267578125000e+02
-1.931204223632812500e+02
-1.931204223632812500e+02
-1.931444549560546875e+02
-1.931444549560546875e+02
-1.931444549560546875e+02
-1.931684722900390625e+02
-1.931684722900390625e+02
-1.931684722900390625e+02
-1.931764831542968750e+02
-1.931925048828125000e+02
-1.932005157470703125e+02
-1.932085266113281250e+02
-1.932085266113281250e+02
-1.932325439453125000e+02
-1.932325439453125000e+02
-1.932405548095703125e+02
-1.932405548095703125e+02
-1.932565612792968750e+02
-1.932645721435546875e+02
-1.932725830078125000e+02
-1.932805938720703125e+02
-1.932805938720703125e+02
-1.932966156005859375e+02
-1.933046112060546875e+02
-1.933126220703125000e+02
-1.933206329345703125e+02
-1.933286437988281250e+02
-1.933366546630859375e+02
-1.933446655273437500e+02
-1.933446655273437500e+02
-1.933606719970703125e+02
-1.933606719970703125e+02
-1.933606719970703125e+02
-1.933606719970703125e+02
-1.933606719970703125e+02
-1.933606719970703125e+02
-1.933606719970703125e+02
-1.933606719970703125e+02
-1.933606719970703125e+02
-1.933606719970703125e+02
-1.933606719970703125e+02
-1.933606719970703125e+02
-1.933606719970703125e+02
-1.933606719970703125e+02
-1.933606719970703125e+02
-1.933606719970703125e+02
-1.933606719970703125e+02
-1.933606719970703125e+02
-1.933606719970703125e+02
-1.933606719970703125e+02
-1.933606719970703125e+02
-1.933606719970703125e+02
-1.933606719970703125e+02
-1.933606719970703125e+02
-1.933606719970703125e+02
-1.933606719970703125e+02
-1.933606719970703125e+02
-1.933606719970703125e+02
-1.933606719970703125e+02
-1.933606719970703125e+02
-1.933606719970703125e+02
-1.933606719970703125e+02
-1.933606719970703125e+02
-1.933606719970703125e+02
-1.933606719970703125e+02
-1.933606719970703125e+02
-1.933606719970703125e+02
-1.933606719970703125e+02
-1.933606719970703125e+02
-1.933606719970703125e+02
-1.933606719970703125e+02
-1.933606719970703125e+02
-1.933606719970703125e+02
-1.933606719970703125e+02
-1.933606719970703125e+02
-1.933606719970703125e+02
-1.933606719970703125e+02
-1.933606719970703125e+02
-1.933606719970703125e+02
-1.933606719970703125e+02
-1.933606719970703125e+02
-1.933606719970703125e+02
-1.933606719970703125e+02
-1.933606719970703125e+02
-1.933606719970703125e+02
-1.933606719970703125e+02
-1.933606719970703125e+02
-1.933606719970703125e+02
-1.933606719970703125e+02
-1.933606719970703125e+02
-1.933606719970703125e+02
-1.933606719970703125e+02
-1.933606719970703125e+02
-1.933606719970703125e+02
-1.933606719970703125e+02
-1.933606719970703125e+02
-1.933606719970703125e+02
-1.933606719970703125e+02
-1.933606719970703125e+02
-1.933606719970703125e+02
-1.933606719970703125e+02
-1.933606719970703125e+02
-1.933606719970703125e+02
-1.933606719970703125e+02
-1.933606719970703125e+02
-1.933606719970703125e+02
-1.933606719970703125e+02
-1.933606719970703125e+02
-1.933606719970703125e+02
-1.933606719970703125e+02
-1.933606719970703125e+02
-1.933606719970703125e+02
-1.933606719970703125e+02
-1.933606719970703125e+02
-1.933606719970703125e+02
-1.933606719970703125e+02
-1.933606719970703125e+02
-1.933606719970703125e+02
-1.933606719970703125e+02
-1.933606719970703125e+02
-1.933606719970703125e+02
-1.933606719970703125e+02
-1.933606719970703125e+02
-1.933606719970703125e+02
-1.933606719970703125e+02
-1.933606719970703125e+02
-1.933606719970703125e+02
-1.933606719970703125e+02
-1.933606719970703125e+02
-1.933606719970703125e+02
-1.933606719970703125e+02
-1.933606719970703125e+02
-1.933606719970703125e+02
-1.933606719970703125e+02
-1.933606719970703125e+02
-1.933606719970703125e+02
-1.933606719970703125e+02
-1.933606719970703125e+02
-1.933606719970703125e+02
-1.933606719970703125e+02
-1.933606719970703125e+02
-1.933606719970703125e+02
-1.933606719970703125e+02
-1.933606719970703125e+02
-1.933606719970703125e+02
-1.933606719970703125e+02
-1.933606719970703125e+02
-1.933606719970703125e+02
-1.933606719970703125e+02
-1.933606719970703125e+02
-1.933606719970703125e+02
-1.933606719970703125e+02
-1.933606719970703125e+02
-1.933606719970703125e+02
-1.933606719970703125e+02
-1.933606719970703125e+02
-1.933606719970703125e+02
-1.933606719970703125e+02
-1.933606719970703125e+02
-1.933606719970703125e+02
-1.933606719970703125e+02
-1.933606719970703125e+02
-1.933606719970703125e+02
-1.933606719970703125e+02
-1.933606719970703125e+02
-1.933606719970703125e+02
-1.933606719970703125e+02
-1.933606719970703125e+02
-1.933606719970703125e+02
-1.933606719970703125e+02
-1.933606719970703125e+02
-1.933606719970703125e+02
-1.933606719970703125e+02
-1.933606719970703125e+02
-1.933606719970703125e+02
-1.933606719970703125e+02
-1.933606719970703125e+02
-1.933606719970703125e+02
-1.933606719970703125e+02
-1.933606719970703125e+02
-1.933606719970703125e+02
-1.933606719970703125e+02
-1.933606719970703125e+02
-1.933606719970703125e+02
-1.933606719970703125e+02
-1.933606719970703125e+02
-1.933606719970703125e+02
-1.933606719970703125e+02
-1.933606719970703125e+02
-1.933606719970703125e+02
-1.933606719970703125e+02
-1.933606719970703125e+02
-1.933606719970703125e+02
-1.933606719970703125e+02
-1.933606719970703125e+02
-1.933606719970703125e+02
-1.933606719970703125e+02
-1.933606719970703125e+02
-1.933606719970703125e+02
-1.933606719970703125e+02
-1.933606719970703125e+02
-1.933606719970703125e+02
-1.933606719970703125e+02
-1.933606719970703125e+02
-1.933606719970703125e+02
-1.933606719970703125e+02
-1.933606719970703125e+02
-1.933606719970703125e+02
-1.933606719970703125e+02
-1.933606719970703125e+02
-1.933606719970703125e+02
-1.933606719970703125e+02
-1.933606719970703125e+02
-1.933606719970703125e+02
-1.933606719970703125e+02
-1.933606719970703125e+02
-1.933606719970703125e+02
-1.933606719970703125e+02
-1.933606719970703125e+02
-1.933606719970703125e+02
-1.933606719970703125e+02
-1.933606719970703125e+02
-1.933606719970703125e+02
-1.933606719970703125e+02
-1.933606719970703125e+02
-1.933606719970703125e+02
-1.933606719970703125e+02
-1.933606719970703125e+02
-1.933606719970703125e+02
-1.933606719970703125e+02
-1.933606719970703125e+02
-1.933606719970703125e+02
-1.933606719970703125e+02
-1.933606719970703125e+02
-1.933606719970703125e+02
-1.933606719970703125e+02
-1.933606719970703125e+02
-1.933606719970703125e+02
-1.933606719970703125e+02
-1.933606719970703125e+02
-1.933606719970703125e+02
-1.933606719970703125e+02
-1.933606719970703125e+02
-1.933606719970703125e+02
-1.933606719970703125e+02
-1.933606719970703125e+02
-1.933606719970703125e+02
-1.933606719970703125e+02
-1.933606719970703125e+02
-1.933606719970703125e+02
-1.933606719970703125e+02
-1.933606719970703125e+02
-1.933606719970703125e+02
-1.933606719970703125e+02
-1.933606719970703125e+02
-1.933606719970703125e+02
-1.933606719970703125e+02
-1.933606719970703125e+02
-1.933606719970703125e+02
-1.933606719970703125e+02
-1.933606719970703125e+02
-1.933606719970703125e+02
-1.933606719970703125e+02
-1.933606719970703125e+02
-1.933606719970703125e+02
-1.933606719970703125e+02
-1.933606719970703125e+02
-1.933606719970703125e+02
-1.933606719970703125e+02
-1.933606719970703125e+02
-1.933606719970703125e+02
-1.933606719970703125e+02
-1.933606719970703125e+02
-1.933606719970703125e+02
-1.933606719970703125e+02
-1.933606719970703125e+02
-1.933606719970703125e+02
-1.933606719970703125e+02
-1.933606719970703125e+02
-1.933606719970703125e+02
-1.933606719970703125e+02
-1.933606719970703125e+02
-1.933606719970703125e+02
-1.933606719970703125e+02
-1.933606719970703125e+02
-1.933606719970703125e+02
-1.933606719970703125e+02
-1.933606719970703125e+02
-1.933606719970703125e+02
-1.933606719970703125e+02
-1.933606719970703125e+02
-1.933606719970703125e+02
-1.933606719970703125e+02
-1.933606719970703125e+02
-1.933606719970703125e+02
-1.933606719970703125e+02
-1.933606719970703125e+02
-1.933606719970703125e+02
-1.933606719970703125e+02
-1.933606719970703125e+02
-1.933606719970703125e+02
-1.933606719970703125e+02
-1.933606719970703125e+02
-1.933606719970703125e+02
-1.933606719970703125e+02
-1.933606719970703125e+02
-1.933606719970703125e+02
-1.933606719970703125e+02
-1.933606719970703125e+02
-1.933606719970703125e+02
-1.933606719970703125e+02
-1.933606719970703125e+02
-1.933606719970703125e+02
-1.933606719970703125e+02
-1.933606719970703125e+02
-1.933606719970703125e+02
-1.933606719970703125e+02
-1.933606719970703125e+02
-1.933606719970703125e+02
-1.933606719970703125e+02
-1.933606719970703125e+02
-1.933606719970703125e+02
-1.933606719970703125e+02
-1.933606719970703125e+02
-1.933606719970703125e+02
-1.933606719970703125e+02
-1.933606719970703125e+02
-1.933606719970703125e+02
-1.933606719970703125e+02
-1.933606719970703125e+02
-1.933606719970703125e+02
-1.933606719970703125e+02
-1.933606719970703125e+02
-1.933606719970703125e+02
-1.933606719970703125e+02
-1.933606719970703125e+02
-1.933606719970703125e+02
-1.933606719970703125e+02
-1.933606719970703125e+02
-1.933606719970703125e+02
-1.933606719970703125e+02
-1.933606719970703125e+02
-1.933606719970703125e+02
-1.933606719970703125e+02
-1.933606719970703125e+02
-1.933606719970703125e+02
-1.933606719970703125e+02
-1.933606719970703125e+02
-1.933606719970703125e+02
-1.933606719970703125e+02
-1.933606719970703125e+02
-1.933606719970703125e+02
-1.933606719970703125e+02
-1.933606719970703125e+02
-1.933606719970703125e+02
-1.933606719970703125e+02
-1.933606719970703125e+02
-1.933606719970703125e+02
-1.933606719970703125e+02
-1.933606719970703125e+02
-1.933606719970703125e+02
-1.933606719970703125e+02
-1.933606719970703125e+02
-1.933606719970703125e+02
-1.933606719970703125e+02
-1.933606719970703125e+02
-1.933606719970703125e+02
-1.933606719970703125e+02
-1.933606719970703125e+02
-1.933606719970703125e+02
-1.933606719970703125e+02
-1.933606719970703125e+02
-1.933606719970703125e+02
-1.933606719970703125e+02
-1.933606719970703125e+02
-1.933606719970703125e+02
-1.933606719970703125e+02
-1.933606719970703125e+02
-1.933606719970703125e+02
-1.933606719970703125e+02
-1.933606719970703125e+02
-1.933606719970703125e+02
-1.933606719970703125e+02
-1.933606719970703125e+02
-1.933606719970703125e+02
-1.933606719970703125e+02
-1.933606719970703125e+02
-1.933606719970703125e+02
-1.933606719970703125e+02
-1.933606719970703125e+02
-1.933606719970703125e+02
-1.933606719970703125e+02
-1.933606719970703125e+02
-1.933606719970703125e+02
-1.933606719970703125e+02
-1.933606719970703125e+02
-1.933606719970703125e+02
-1.933606719970703125e+02
-1.933606719970703125e+02
-1.933606719970703125e+02
-1.933606719970703125e+02
-1.933606719970703125e+02
-1.933606719970703125e+02
-1.933606719970703125e+02
-1.933606719970703125e+02
-1.933606719970703125e+02
-1.933606719970703125e+02
-1.933606719970703125e+02
-1.933606719970703125e+02
-1.933606719970703125e+02
-1.933606719970703125e+02
-1.933606719970703125e+02
-1.933606719970703125e+02
-1.933606719970703125e+02
-1.933606719970703125e+02
-1.933606719970703125e+02
-1.933606719970703125e+02
-1.933606719970703125e+02
-1.933606719970703125e+02
-1.933606719970703125e+02
-1.933606719970703125e+02
-1.933606719970703125e+02
-1.933606719970703125e+02
-1.933606719970703125e+02
-1.933606719970703125e+02
-1.933606719970703125e+02
-1.933606719970703125e+02
-1.933606719970703125e+02
-1.933606719970703125e+02
-1.933606719970703125e+02
-1.933606719970703125e+02
-1.933606719970703125e+02
-1.933606719970703125e+02
-1.933606719970703125e+02
-1.933606719970703125e+02
-1.933606719970703125e+02
-1.933606719970703125e+02
-1.933606719970703125e+02
-1.933606719970703125e+02
-1.933606719970703125e+02
-1.933606719970703125e+02
-1.933606719970703125e+02
-1.933606719970703125e+02
-1.933606719970703125e+02
-1.933606719970703125e+02
-1.933606719970703125e+02
-1.933606719970703125e+02
-1.933606719970703125e+02
-1.933606719970703125e+02
-1.933606719970703125e+02
-1.933606719970703125e+02
-1.933606719970703125e+02
-1.933606719970703125e+02
-1.933606719970703125e+02
-1.933606719970703125e+02
-1.933606719970703125e+02
-1.933606719970703125e+02
-1.933606719970703125e+02
-1.933606719970703125e+02
-1.933606719970703125e+02
-1.933606719970703125e+02
-1.933606719970703125e+02
-1.933606719970703125e+02
-1.933606719970703125e+02
-1.933606719970703125e+02
-1.933606719970703125e+02
-1.933606719970703125e+02
-1.933606719970703125e+02
-1.933606719970703125e+02
-1.933606719970703125e+02
-1.933606719970703125e+02
-1.933606719970703125e+02
-1.933606719970703125e+02
-1.933606719970703125e+02
-1.933606719970703125e+02
-1.933606719970703125e+02
-1.933606719970703125e+02
-1.933606719970703125e+02
-1.933606719970703125e+02
-1.933606719970703125e+02
-1.933606719970703125e+02
-1.933606719970703125e+02
-1.933606719970703125e+02
-1.933606719970703125e+02
-1.933606719970703125e+02
-1.933606719970703125e+02
-1.933606719970703125e+02
-1.933606719970703125e+02
-1.933606719970703125e+02
-1.933606719970703125e+02
-1.933606719970703125e+02
-1.933606719970703125e+02
-1.933606719970703125e+02
-1.933606719970703125e+02
-1.933606719970703125e+02
-1.933606719970703125e+02
-1.933606719970703125e+02
-1.933606719970703125e+02
-1.933606719970703125e+02
-1.933606719970703125e+02
-1.933606719970703125e+02
-1.933606719970703125e+02
-1.933606719970703125e+02
-1.933606719970703125e+02
-1.933606719970703125e+02
-1.933606719970703125e+02
-1.933606719970703125e+02
-1.933606719970703125e+02
-1.933606719970703125e+02
-1.933606719970703125e+02
-1.933606719970703125e+02
-1.933606719970703125e+02
-1.933606719970703125e+02
-1.933606719970703125e+02
-1.933606719970703125e+02
-1.933606719970703125e+02
-1.933606719970703125e+02
-1.933606719970703125e+02
-1.933606719970703125e+02
-1.933606719970703125e+02
-1.933606719970703125e+02
-1.933606719970703125e+02
-1.933606719970703125e+02
-1.933606719970703125e+02
-1.933606719970703125e+02
-1.933606719970703125e+02
-1.933606719970703125e+02
-1.933606719970703125e+02
-1.933606719970703125e+02
-1.933606719970703125e+02
-1.933606719970703125e+02
-1.933606719970703125e+02
-1.933606719970703125e+02
-1.933606719970703125e+02
-1.933606719970703125e+02
-1.933606719970703125e+02
-1.933606719970703125e+02
-1.933606719970703125e+02
-1.933606719970703125e+02
-1.933606719970703125e+02
-1.933606719970703125e+02
-1.933606719970703125e+02
-1.933606719970703125e+02
-1.933606719970703125e+02
-1.933606719970703125e+02
-1.933606719970703125e+02
-1.933606719970703125e+02
-1.933606719970703125e+02
-1.933606719970703125e+02
-1.933606719970703125e+02
-1.933606719970703125e+02
-1.933606719970703125e+02
-1.933606719970703125e+02
-1.933606719970703125e+02
-1.933606719970703125e+02
-1.933606719970703125e+02
-1.933606719970703125e+02
-1.933606719970703125e+02
-1.933606719970703125e+02
-1.933606719970703125e+02
-1.933606719970703125e+02
-1.933606719970703125e+02
-1.933606719970703125e+02
-1.933606719970703125e+02
-1.933606719970703125e+02
-1.933606719970703125e+02
-1.933606719970703125e+02
-1.933606719970703125e+02
-1.933606719970703125e+02
-1.933606719970703125e+02
-1.933606719970703125e+02
-1.933606719970703125e+02
-1.933606719970703125e+02
-1.933606719970703125e+02
-1.933606719970703125e+02
-1.933606719970703125e+02
-1.933606719970703125e+02
-1.933606719970703125e+02
-1.933606719970703125e+02
-1.933606719970703125e+02
-1.933606719970703125e+02
-1.933606719970703125e+02
-1.933606719970703125e+02
-1.933606719970703125e+02
-1.933606719970703125e+02
-1.933606719970703125e+02
-1.933606719970703125e+02
-1.933606719970703125e+02
-1.933606719970703125e+02
-1.933606719970703125e+02
-1.933606719970703125e+02
-1.933606719970703125e+02
-1.933606719970703125e+02
-1.933606719970703125e+02
-1.933606719970703125e+02
-1.933606719970703125e+02
-1.933606719970703125e+02
-1.933606719970703125e+02
-1.933606719970703125e+02
-1.933606719970703125e+02
-1.933606719970703125e+02
-1.933606719970703125e+02
-1.933606719970703125e+02
-1.933606719970703125e+02
-1.933606719970703125e+02
-1.933606719970703125e+02
-1.933606719970703125e+02
-1.933606719970703125e+02
-1.933606719970703125e+02
-1.933606719970703125e+02
-1.933606719970703125e+02
-1.933606719970703125e+02
-1.933606719970703125e+02
-1.933606719970703125e+02
-1.933606719970703125e+02
-1.933606719970703125e+02
-1.933606719970703125e+02
-1.933606719970703125e+02
-1.933606719970703125e+02
-1.933606719970703125e+02
-1.933606719970703125e+02
-1.933606719970703125e+02
-1.933606719970703125e+02
-1.933606719970703125e+02
-1.933606719970703125e+02
-1.933606719970703125e+02
-1.933606719970703125e+02
-1.933606719970703125e+02
-1.933606719970703125e+02
-1.933606719970703125e+02
-1.933606719970703125e+02
-1.933606719970703125e+02
-1.933606719970703125e+02
-1.933606719970703125e+02
-1.933606719970703125e+02
-1.933606719970703125e+02
-1.933606719970703125e+02
-1.933606719970703125e+02
-1.933606719970703125e+02
-1.933606719970703125e+02
-1.933606719970703125e+02
-1.933606719970703125e+02
-1.933606719970703125e+02
-1.933606719970703125e+02
-1.933606719970703125e+02
-1.933606719970703125e+02
-1.933606719970703125e+02
-1.933606719970703125e+02
-1.933606719970703125e+02
-1.933606719970703125e+02
-1.933606719970703125e+02
-1.933606719970703125e+02
-1.933606719970703125e+02
-1.933606719970703125e+02
-1.933606719970703125e+02
-1.933606719970703125e+02
-1.933606719970703125e+02
-1.933606719970703125e+02
-1.933606719970703125e+02
-1.933606719970703125e+02
-1.933606719970703125e+02
-1.933606719970703125e+02
-1.933606719970703125e+02
-1.933606719970703125e+02
-1.933606719970703125e+02
-1.933606719970703125e+02
-1.933606719970703125e+02
-1.933606719970703125e+02
-1.933606719970703125e+02
-1.933606719970703125e+02
-1.933606719970703125e+02
-1.933606719970703125e+02
-1.933606719970703125e+02
-1.933606719970703125e+02
-1.933606719970703125e+02
-1.933606719970703125e+02
-1.933606719970703125e+02
-1.933606719970703125e+02
-1.933606719970703125e+02
-1.933606719970703125e+02
-1.933606719970703125e+02
-1.933606719970703125e+02
-1.933606719970703125e+02
-1.933606719970703125e+02
-1.933606719970703125e+02
-1.933606719970703125e+02
-1.933606719970703125e+02
-1.933606719970703125e+02
-1.933606719970703125e+02
-1.933606719970703125e+02
-1.933606719970703125e+02
-1.933606719970703125e+02
-1.933606719970703125e+02
-1.933606719970703125e+02
-1.933606719970703125e+02
-1.933606719970703125e+02
-1.933606719970703125e+02
-1.933606719970703125e+02
-1.933606719970703125e+02
-1.933606719970703125e+02
-1.933606719970703125e+02
-1.933606719970703125e+02
-1.933606719970703125e+02
-1.933606719970703125e+02
-1.933606719970703125e+02
-1.933606719970703125e+02
-1.933606719970703125e+02
-1.933606719970703125e+02
-1.933606719970703125e+02
-1.933606719970703125e+02
-1.933606719970703125e+02
-1.933606719970703125e+02
-1.933606719970703125e+02
-1.933606719970703125e+02
-1.933606719970703125e+02
-1.933606719970703125e+02
-1.933606719970703125e+02
-1.933606719970703125e+02
-1.933606719970703125e+02
-1.933606719970703125e+02
-1.933606719970703125e+02
-1.933606719970703125e+02
-1.933606719970703125e+02
-1.933606719970703125e+02
-1.933606719970703125e+02
-1.933606719970703125e+02
-1.933606719970703125e+02
-1.933606719970703125e+02
-1.933606719970703125e+02
-1.933606719970703125e+02
-1.933606719970703125e+02
-1.933606719970703125e+02
-1.933606719970703125e+02
-1.933606719970703125e+02
-1.933606719970703125e+02
-1.933606719970703125e+02
-1.933606719970703125e+02
-1.933606719970703125e+02
-1.933606719970703125e+02
-1.933606719970703125e+02
-1.933606719970703125e+02
-1.933606719970703125e+02
-1.933606719970703125e+02
-1.933606719970703125e+02
-1.933606719970703125e+02
-1.933606719970703125e+02
-1.933606719970703125e+02
-1.933606719970703125e+02
-1.933606719970703125e+02
-1.933606719970703125e+02
-1.933606719970703125e+02
-1.933606719970703125e+02
-1.933606719970703125e+02
-1.933606719970703125e+02
-1.933606719970703125e+02
-1.933606719970703125e+02
-1.933606719970703125e+02
-1.933606719970703125e+02
-1.933606719970703125e+02
-1.933606719970703125e+02
-1.933606719970703125e+02
-1.933606719970703125e+02
-1.933606719970703125e+02
-1.933606719970703125e+02
-1.933606719970703125e+02
-1.933606719970703125e+02
-1.933606719970703125e+02
-1.933606719970703125e+02
-1.933606719970703125e+02
-1.933606719970703125e+02
-1.933606719970703125e+02
-1.933606719970703125e+02
-1.933606719970703125e+02
-1.933606719970703125e+02
-1.933606719970703125e+02
-1.933606719970703125e+02
-1.933606719970703125e+02
-1.933606719970703125e+02
-1.933606719970703125e+02
-1.933606719970703125e+02
-1.933606719970703125e+02
-1.933606719970703125e+02
-1.933606719970703125e+02
-1.933606719970703125e+02
-1.933606719970703125e+02
-1.933606719970703125e+02
-1.933606719970703125e+02
-1.933606719970703125e+02
-1.933606719970703125e+02
-1.933606719970703125e+02
-1.933606719970703125e+02
-1.933606719970703125e+02
-1.933606719970703125e+02
-1.933606719970703125e+02
-1.933606719970703125e+02
-1.933606719970703125e+02
-1.933606719970703125e+02
-1.933606719970703125e+02
-1.933606719970703125e+02
-1.933606719970703125e+02
-1.933606719970703125e+02
-1.933606719970703125e+02
-1.933606719970703125e+02
-1.933606719970703125e+02
-1.933606719970703125e+02
-1.933606719970703125e+02
-1.933606719970703125e+02
-1.933606719970703125e+02
-1.933606719970703125e+02
-1.933606719970703125e+02
-1.933606719970703125e+02
-1.933606719970703125e+02
-1.933606719970703125e+02
-1.933606719970703125e+02
-1.933606719970703125e+02
-1.933606719970703125e+02
-1.933606719970703125e+02
-1.933606719970703125e+02
-1.933606719970703125e+02
-1.933606719970703125e+02
-1.933606719970703125e+02
-1.933606719970703125e+02
-1.933606719970703125e+02
-1.933606719970703125e+02
-1.933606719970703125e+02
-1.933606719970703125e+02
-1.933606719970703125e+02
-1.933606719970703125e+02
-1.933606719970703125e+02
-1.933606719970703125e+02
-1.933606719970703125e+02
-1.933606719970703125e+02
-1.933606719970703125e+02
-1.933606719970703125e+02
-1.933606719970703125e+02
-1.933606719970703125e+02
-1.933606719970703125e+02
-1.933606719970703125e+02
-1.933606719970703125e+02
-1.933606719970703125e+02
-1.933606719970703125e+02
-1.933606719970703125e+02
-1.936370849609375000e+02
-1.936440429687500000e+02
-1.936579589843750000e+02
-1.936718750000000000e+02
-1.936718750000000000e+02
-1.936718750000000000e+02
-1.936788177490234375e+02
-1.936857757568359375e+02
-1.936927185058593750e+02
-1.936996459960937500e+02
-1.937065887451171875e+02
-1.937135162353515625e+02
-1.937204284667968750e+02
-1.937273406982421875e+02
-1.937411499023437500e+02
-1.937480316162109375e+02
-1.937617950439453125e+02
-1.937617950439453125e+02
-1.937617950439453125e+02
-1.937686462402343750e+02
-1.937754974365234375e+02
-1.937891693115234375e+02
-1.937959899902343750e+02
-1.937959899902343750e+02
-1.938027954101562500e+02
-1.938095703125000000e+02
-1.938163604736328125e+02
-1.938231201171875000e+02
-1.938298645019531250e+02
-1.938365936279296875e+02
-1.938500061035156250e+02
-1.938566894531250000e+02
-1.938633575439453125e+02
-1.938633575439453125e+02
-1.938766326904296875e+02
-1.938766326904296875e+02
-1.938832397460937500e+02
-1.938898315429687500e+02
-1.938963928222656250e+02
-1.939029388427734375e+02
-1.939094696044921875e+02
-1.939159851074218750e+02
-1.939224700927734375e+02
-1.939289245605468750e+02
-1.939353637695312500e+02
-1.939417877197265625e+02
-1.939481811523437500e+02
-1.939545593261718750e+02
-1.939609069824218750e+02
-1.939672393798828125e+02
-1.939735412597656250e+02
-1.939860534667968750e+02
-1.939922790527343750e+02
-1.940046539306640625e+02
-1.940046539306640625e+02
-1.940046539306640625e+02
-1.940108032226562500e+02
-1.940169219970703125e+02
-1.940230102539062500e+02
-1.940290679931640625e+02
-1.940351104736328125e+02
-1.940411071777343750e+02
-1.940411071777343750e+02
-1.940530395507812500e+02
-1.940589447021484375e+02
-1.940589447021484375e+02
-1.940648345947265625e+02
-1.940706939697265625e+02
-1.940765228271484375e+02
-1.940823059082031250e+02
-1.940880737304687500e+02
-1.941051635742187500e+02
-1.941051635742187500e+02
-1.941163940429687500e+02
-1.941163940429687500e+02
-1.941219635009765625e+02
-1.941330413818359375e+02
-1.941330413818359375e+02
-1.941385345458984375e+02
-1.941494750976562500e+02
-1.941494750976562500e+02
-1.941494750976562500e+02
-1.941603546142578125e+02
-1.941603546142578125e+02
-1.941657714843750000e+02
-1.941765747070312500e+02
-1.941819610595703125e+02
-1.941819610595703125e+02
-1.941927185058593750e+02
-1.941980895996093750e+02
-1.942088470458984375e+02
-1.942088470458984375e+02
-1.942142333984375000e+02
-1.942250061035156250e+02
-1.942250061035156250e+02
-1.942358245849609375e+02
-1.942412567138671875e+02
-1.942412567138671875e+02
-1.942521514892578125e+02
-1.942576293945312500e+02
-1.942631225585937500e+02
-1.942686462402343750e+02
-1.942686462402343750e+02
-1.942741851806640625e+02
-1.942853546142578125e+02
-1.942853546142578125e+02
-1.942909698486328125e+02
-1.943023223876953125e+02
-1.943023223876953125e+02
-1.943080444335937500e+02
-1.943195953369140625e+02
-1.943195953369140625e+02
-1.943254241943359375e+02
-1.943312683105468750e+02
-1.943371582031250000e+02
-1.943430786132812500e+02
-1.943549957275390625e+02
-1.943549957275390625e+02
-1.943609924316406250e+02
-1.943730926513671875e+02
-1.943730926513671875e+02
-1.943791656494140625e+02
-1.943852844238281250e+02
-1.943914337158203125e+02
-1.944037780761718750e+02
-1.944037780761718750e+02
-1.944162292480468750e+02
-1.944225006103515625e+02
-1.944225006103515625e+02
-1.944350891113281250e+02
-1.944414215087890625e+02
-1.944414215087890625e+02
-1.944541473388671875e+02
-1.944541473388671875e+02
-1.944605407714843750e+02
-1.944605407714843750e+02
-1.944733734130859375e+02
-1.944798278808593750e+02
-1.944927825927734375e+02
-1.944927825927734375e+02
-1.944927825927734375e+02
-1.945123291015625000e+02
-1.945123291015625000e+02
-1.945188751220703125e+02
-1.945320129394531250e+02
-1.945320129394531250e+02
-1.945386199951171875e+02
-1.945518493652343750e+02
-1.945518493652343750e+02
-1.945584869384765625e+02
-1.945717926025390625e+02
-1.945717926025390625e+02
-1.945851745605468750e+02
-1.945851745605468750e+02
-1.945918884277343750e+02
-1.946053619384765625e+02
-1.946053619384765625e+02
-1.946121215820312500e+02
-1.946256866455078125e+02
-1.946256866455078125e+02
-1.946324920654296875e+02
-1.946461639404296875e+02
-1.946461639404296875e+02
-1.946598815917968750e+02
-1.946667785644531250e+02
-1.946667785644531250e+02
-1.946806030273437500e+02
-1.946806030273437500e+02
-1.946875457763671875e+02
-1.947014617919921875e+02
-1.947014617919921875e+02
-1.947084503173828125e+02
-1.947224884033203125e+02
-1.947224884033203125e+02
-1.947365875244140625e+02
-1.947436523437500000e+02
-1.947507476806640625e+02
-1.947507476806640625e+02
-1.947649841308593750e+02
-1.947721252441406250e+02
-1.947721252441406250e+02
-1.947864837646484375e+02
-1.947936706542968750e+02
-1.947936706542968750e+02
-1.948081207275390625e+02
-1.948153839111328125e+02
-1.948153839111328125e+02
-1.948226470947265625e+02
-1.948372344970703125e+02
-1.948372344970703125e+02
-1.948445587158203125e+02
-1.948592529296875000e+02
-1.948592529296875000e+02
-1.948666229248046875e+02
-1.948814239501953125e+02
-1.948814239501953125e+02
-1.948888397216796875e+02
-1.948962860107421875e+02
-1.948962860107421875e+02
-1.949187011718750000e+02
-1.949187011718750000e+02
-1.949262084960937500e+02
-1.949412536621093750e+02
-1.949412536621093750e+02
-1.949488067626953125e+02
-1.949639739990234375e+02
-1.949639739990234375e+02
-1.949639739990234375e+02
-1.949868164062500000e+02
-1.949868164062500000e+02
-1.949944610595703125e+02
-1.950098114013671875e+02
-1.950175018310546875e+02
-1.950175018310546875e+02
-1.950329284667968750e+02
-1.950406799316406250e+02
-1.950561981201171875e+02
-1.950561981201171875e+02
-1.950639801025390625e+02
-1.950639801025390625e+02
-1.950717773437500000e+02
-1.950874328613281250e+02
-1.950952758789062500e+02
-1.950952758789062500e+02
-1.950952758789062500e+02
-1.951188964843750000e+02
-1.951188964843750000e+02
-1.951347198486328125e+02
-1.951347198486328125e+02
-1.951426391601562500e+02
-1.951585540771484375e+02
-1.951585540771484375e+02
-1.951585540771484375e+02
-1.951825256347656250e+02
-1.951825256347656250e+02
-1.951905364990234375e+02
-1.952066192626953125e+02
-1.952066192626953125e+02
-1.952227630615234375e+02
-1.952227630615234375e+02
-1.952308502197265625e+02
-1.952470703125000000e+02
-1.952470703125000000e+02
-1.952552032470703125e+02
-1.952715148925781250e+02
-1.952715148925781250e+02
-1.952796783447265625e+02
-1.952960662841796875e+02
-1.952960662841796875e+02
-1.953125152587890625e+02
-1.953125152587890625e+02
-1.953207550048828125e+02
-1.953290100097656250e+02
-1.953290100097656250e+02
-1.953455657958984375e+02
-1.953621826171875000e+02
-1.953621826171875000e+02
-1.953788452148437500e+02
-1.953871917724609375e+02
-1.953871917724609375e+02
-1.953955535888671875e+02
-1.953955535888671875e+02
-1.954123229980468750e+02
-1.954207305908203125e+02
-1.954375762939453125e+02
-1.954375762939453125e+02
-1.954544830322265625e+02
-1.954629516601562500e+02
-1.954629516601562500e+02
-1.954714355468750000e+02
-1.954799346923828125e+02
-1.954884338378906250e+02
-1.954884338378906250e+02
-1.955054931640625000e+02
-1.955225982666015625e+02
-1.955311737060546875e+02
-1.955311737060546875e+02
-1.955483398437500000e+02
-1.955569610595703125e+02
-1.955569610595703125e+02
-1.955742034912109375e+02
-1.955742034912109375e+02
-1.955828552246093750e+02
-1.956001892089843750e+02
-1.956001892089843750e+02
-1.956088714599609375e+02
-1.956175537109375000e+02
-1.956262664794921875e+02
-1.956437072753906250e+02
-1.956524505615234375e+02
-1.956524505615234375e+02
-1.956699676513671875e+02
-1.956699676513671875e+02
-1.956787567138671875e+02
-1.956963348388671875e+02
-1.956963348388671875e+02
-1.957139739990234375e+02
-1.957228088378906250e+02
-1.957316589355468750e+02
-1.957316589355468750e+02
-1.957405090332031250e+02
-1.957493743896484375e+02
-1.957671508789062500e+02
-1.957671508789062500e+02
-1.957760467529296875e+02
-1.957760467529296875e+02
-1.957938842773437500e+02
-1.958028259277343750e+02
-1.958028259277343750e+02
-1.958207244873046875e+02
-1.958296813964843750e+02
-1.958386535644531250e+02
-1.958566436767578125e+02
-1.958656463623046875e+02
-1.958656463623046875e+02
-1.958746643066406250e+02
-1.958836975097656250e+02
-1.959017791748046875e+02
-1.959017791748046875e+02
-1.959199066162109375e+02
-1.959199066162109375e+02
-1.959289703369140625e+02
-1.959289703369140625e+02
-1.959471588134765625e+02
-1.959653778076171875e+02
-1.959653778076171875e+02
-1.959745025634765625e+02
-1.959836425781250000e+02
-1.960019378662109375e+02
-1.960019378662109375e+02
-1.960110931396484375e+02
-1.960202789306640625e+02
-1.960294494628906250e+02
-1.960478515625000000e+02
-1.960478515625000000e+02
-1.960662841796875000e+02
-1.960662841796875000e+02
-1.960755004882812500e+02
-1.960939941406250000e+02
-1.961032562255859375e+02
-1.961125183105468750e+02
-1.961125183105468750e+02
-1.961217956542968750e+02
-1.961403808593750000e+02
-1.961403808593750000e+02
-1.961496887207031250e+02
-1.961590118408203125e+02
-1.961776580810546875e+02
-1.961776580810546875e+02
-1.961870117187500000e+02
-1.961963653564453125e+02
-1.962057189941406250e+02
-1.962244873046875000e+02
-1.962244873046875000e+02
-1.962338714599609375e+02
-1.962526855468750000e+02
-1.962526855468750000e+02
-1.962715301513671875e+02
-1.962715301513671875e+02
-1.962809753417968750e+02
-1.963093566894531250e+02
-1.963093566894531250e+02
-1.963093566894531250e+02
-1.963188323974609375e+02
-1.963283233642578125e+02
-1.963378143310546875e+02
-1.963473205566406250e+02
-1.963568267822265625e+02
-1.963663482666015625e+02
-1.963758697509765625e+02
-1.963854064941406250e+02
-1.963949584960937500e+02
-1.964140625000000000e+02
-1.964236145019531250e+02
-1.964236145019531250e+02
-1.964331817626953125e+02
-1.964523315429687500e+02
-1.964523315429687500e+02
-1.964619140625000000e+02
-1.964715118408203125e+02
-1.964810943603515625e+02
-1.964906921386718750e+02
-1.965002899169921875e+02
-1.965195159912109375e+02
-1.965195159912109375e+02
-1.965291290283203125e+02
-1.965387420654296875e+02
-1.965483551025390625e+02
-1.965772247314453125e+02
-1.965772247314453125e+02
-1.965772247314453125e+02
-1.965964813232421875e+02
-1.965964813232421875e+02
-1.966157379150390625e+02
-1.966157379150390625e+02
-1.966157379150390625e+02
-1.966349945068359375e+02
-1.966349945068359375e+02
-1.966349945068359375e+02
-1.966349945068359375e+02
-1.966349945068359375e+02
-1.966349945068359375e+02
-1.966349945068359375e+02
-1.966349945068359375e+02
-1.966349945068359375e+02
-1.966349945068359375e+02
-1.966349945068359375e+02
-1.966349945068359375e+02
-1.966349945068359375e+02
-1.966349945068359375e+02
-1.966349945068359375e+02
-1.966349945068359375e+02
-1.966349945068359375e+02
-1.966349945068359375e+02
-1.966349945068359375e+02
-1.966349945068359375e+02
-1.966349945068359375e+02
-1.966349945068359375e+02
-1.966349945068359375e+02
-1.966349945068359375e+02
-1.966349945068359375e+02
-1.966349945068359375e+02
-1.966349945068359375e+02
-1.966349945068359375e+02
-1.966349945068359375e+02
-1.966349945068359375e+02
-1.966349945068359375e+02
-1.966349945068359375e+02
-1.966349945068359375e+02
-1.966349945068359375e+02
-1.966349945068359375e+02
-1.966349945068359375e+02
-1.966349945068359375e+02
-1.966349945068359375e+02
-1.966349945068359375e+02
-1.966349945068359375e+02
-1.966349945068359375e+02
-1.966349945068359375e+02
-1.966349945068359375e+02
-1.966349945068359375e+02
-1.966349945068359375e+02
-1.966349945068359375e+02
-1.966349945068359375e+02
-1.966349945068359375e+02
-1.966349945068359375e+02
-1.966349945068359375e+02
-1.966349945068359375e+02
-1.966349945068359375e+02
-1.966349945068359375e+02
-1.966349945068359375e+02
-1.966349945068359375e+02
-1.966349945068359375e+02
-1.966349945068359375e+02
-1.966349945068359375e+02
-1.966349945068359375e+02
-1.966349945068359375e+02
-1.966349945068359375e+02
-1.966349945068359375e+02
-1.966349945068359375e+02
-1.966349945068359375e+02
-1.966349945068359375e+02
-1.966349945068359375e+02
-1.966349945068359375e+02
-1.966349945068359375e+02
-1.966349945068359375e+02
-1.966349945068359375e+02
-1.966349945068359375e+02
-1.966349945068359375e+02
-1.966349945068359375e+02
-1.966349945068359375e+02
-1.966349945068359375e+02
-1.966349945068359375e+02
-1.966349945068359375e+02
-1.966349945068359375e+02
-1.966349945068359375e+02
-1.966349945068359375e+02
-1.966349945068359375e+02
-1.966349945068359375e+02
-1.966349945068359375e+02
-1.966349945068359375e+02
-1.966349945068359375e+02
-1.966349945068359375e+02
-1.966349945068359375e+02
-1.966349945068359375e+02
-1.966349945068359375e+02
-1.966349945068359375e+02
-1.966349945068359375e+02
-1.966349945068359375e+02
-1.966349945068359375e+02
-1.966349945068359375e+02
-1.966349945068359375e+02
-1.966349945068359375e+02
-1.966349945068359375e+02
-1.966349945068359375e+02
-1.966349945068359375e+02
-1.966349945068359375e+02
-1.966349945068359375e+02
-1.966349945068359375e+02
-1.966349945068359375e+02
-1.966349945068359375e+02
-1.966349945068359375e+02
-1.966349945068359375e+02
-1.966349945068359375e+02
-1.966349945068359375e+02
-1.966349945068359375e+02
-1.966349945068359375e+02
-1.966349945068359375e+02
-1.966349945068359375e+02
-1.966349945068359375e+02
-1.966349945068359375e+02
-1.966349945068359375e+02
-1.966349945068359375e+02
-1.966349945068359375e+02
