-1.036122244871420328e+01
-1.036122244871420328e+01
-1.036122244871420328e+01
-1.036122244871420328e+01
-1.036122244871420328e+01
-1.036122244871420328e+01
-1.036122244871420328e+01
-1.036122244871420328e+01
-1.036122244871420328e+01
-1.036122244871420328e+01
-1.036122244871420328e+01
-1.036122244871420328e+01
-1.036122244871420328e+01
-1.036122244871420328e+01
-1.036122244871420328e+01
-1.036122244871420328e+01
-1.036122244871420328e+01
-1.036122244871420328e+01
-1.036122244871420328e+01
-1.036122244871420328e+01
-1.036122244871420328e+01
-1.036122244871420328e+01
-1.036122244871420328e+01
-1.036122244871420328e+01
-1.036122244871420328e+01
-1.036122244871420328e+01
-1.036122244871420328e+01
-1.036122244871420328e+01
-1.036122244871420328e+01
-1.036122244871420328e+01
-1.036122244871420328e+01
-1.036122244871420328e+01
-1.036122244871420328e+01
-1.036122244871420328e+01
-1.036122244871420328e+01
-1.036122244871420328e+01
-1.036122244871420328e+01
-1.036122244871420328e+01
-1.036122244871420328e+01
-1.036122244871420328e+01
-1.036122244871420328e+01
-1.036122244871420328e+01
-1.036122244871420328e+01
-1.036122244871420328e+01
-1.036122244871420328e+01
-1.036122244871420328e+01
-1.036122244871420328e+01
-1.036122244871420328e+01
-1.036122244871420328e+01
-1.036122244871420328e+01
-1.036122244871420328e+01
-1.036122244871420328e+01
-1.036122244871420328e+01
-1.036122244871420328e+01
-1.036122244871420328e+01
-1.036122244871420328e+01
-1.036122244871420328e+01
-1.036122244871420328e+01
-1.036122244871420328e+01
-1.036122244871420328e+01
-1.036122244871420328e+01
-1.036122244871420328e+01
-1.036122244871420328e+01
-1.036122244871420328e+01
-1.036122244871420328e+01
-1.036122244871420328e+01
-1.036122244871420328e+01
-1.036122244871420328e+01
-1.036122244871420328e+01
-1.036122244871420328e+01
-1.036122244871420328e+01
-1.036122244871420328e+01
-1.036122244871420328e+01
-1.036122244871420328e+01
-1.036122244871420328e+01
-1.036122244871420328e+01
-1.036122244871420328e+01
-1.036122244871420328e+01
-1.036122244871420328e+01
-1.036122244871420328e+01
-1.036122244871420328e+01
-1.036122244871420328e+01
-1.036122244871420328e+01
-1.036122244871420328e+01
-1.036122244871420328e+01
-1.036122244871420328e+01
-1.036122244871420328e+01
-1.036122244871420328e+01
-1.036122244871420328e+01
-1.036122244871420328e+01
-1.036122244871420328e+01
-1.036122244871420328e+01
-1.036122244871420328e+01
-1.036122244871420328e+01
-1.036122244871420328e+01
-1.036122244871420328e+01
-1.036122244871420328e+01
-1.036122244871420328e+01
-1.036122244871420328e+01
-1.036122244871420328e+01
-1.036122244871420328e+01
-1.036122244871420328e+01
-1.036122244871420328e+01
-1.036122244871420328e+01
-1.036122244871420328e+01
-1.036122244871420328e+01
-1.036122244871420328e+01
-1.036122244871420328e+01
-1.036122244871420328e+01
-1.036122244871420328e+01
-1.036122244871420328e+01
-1.036122244871420328e+01
-1.036122244871420328e+01
-1.036122244871420328e+01
-1.036122244871420328e+01
-1.036122244871420328e+01
-1.036122244871420328e+01
-1.036122244871420328e+01
-1.036122244871420328e+01
-1.036122244871420328e+01
-1.036122244871420328e+01
-1.036122244871420328e+01
-1.036122244871420328e+01
-1.036122244871420328e+01
-1.036122244871420328e+01
-1.036122244871420328e+01
-1.036122244871420328e+01
-1.036122244871420328e+01
-1.036122244871420328e+01
-1.036122244871420328e+01
-1.036122244871420328e+01
-1.036122244871420328e+01
-1.036122244871420328e+01
-1.036122244871420328e+01
-1.036122244871420328e+01
-1.036122244871420328e+01
-1.036122244871420328e+01
-1.036122244871420328e+01
-1.036122244871420328e+01
-1.036122244871420328e+01
-1.036122244871420328e+01
-1.036122244871420328e+01
-1.036122244871420328e+01
-1.036122244871420328e+01
-1.036122244871420328e+01
-1.036122244871420328e+01
-1.036122244871420328e+01
-1.036122244871420328e+01
-1.036122244871420328e+01
-1.036122244871420328e+01
-1.036122244871420328e+01
-1.036122244871420328e+01
-1.036122244871420328e+01
-1.036122244871420328e+01
-1.036122244871420328e+01
-1.036122244871420328e+01
-1.036122244871420328e+01
-1.036122244871420328e+01
-1.036122244871420328e+01
-1.036122244871420328e+01
-1.036122244871420328e+01
-1.036122244871420328e+01
-1.036122244871420328e+01
-1.036122244871420328e+01
-1.036122244871420328e+01
-1.036122244871420328e+01
-1.036122244871420328e+01
-1.036122244871420328e+01
-1.036122244871420328e+01
-1.036122244871420328e+01
-1.036122244871420328e+01
-1.036122244871420328e+01
-1.036122244871420328e+01
-1.036122244871420328e+01
-1.036122244871420328e+01
-1.036122244871420328e+01
-1.036122244871420328e+01
-1.036122244871420328e+01
-1.036122244871420328e+01
-1.036122244871420328e+01
-1.036122244871420328e+01
-1.036122244871420328e+01
-1.036122244871420328e+01
-1.036122244871420328e+01
-1.036122244871420328e+01
-1.036122244871420328e+01
-1.036122244871420328e+01
-1.036122244871420328e+01
-1.036122244871420328e+01
-1.036122244871420328e+01
-1.036122244871420328e+01
-1.036122244871420328e+01
-1.036122244871420328e+01
-1.036122244871420328e+01
-1.036122244871420328e+01
-1.036122244871420328e+01
-1.036122244871420328e+01
-1.036122244871420328e+01
-1.036122244871420328e+01
-1.036122244871420328e+01
-1.036122244871420328e+01
-1.036122244871420328e+01
-1.036122244871420328e+01
-1.036122244871420328e+01
-1.036122244871420328e+01
-1.036122244871420328e+01
-1.036122244871420328e+01
-1.036122244871420328e+01
-1.036122244871420328e+01
-1.036122244871420328e+01
-1.036122244871420328e+01
-1.036122244871420328e+01
-1.036122244871420328e+01
-1.036122244871420328e+01
-1.036122244871420328e+01
-1.036122244871420328e+01
-1.036122244871420328e+01
-1.036122244871420328e+01
-1.036122244871420328e+01
-1.036122244871420328e+01
-1.036122244871420328e+01
-1.036122244871420328e+01
-1.036122244871420328e+01
-1.036122244871420328e+01
-1.036122244871420328e+01
-1.036122244871420328e+01
-1.036122244871420328e+01
-1.036122244871420328e+01
-1.036122244871420328e+01
-1.036122244871420328e+01
-1.036122244871420328e+01
-1.036122244871420328e+01
-1.036122244871420328e+01
-1.036122244871420328e+01
-1.036122244871420328e+01
-1.036122244871420328e+01
-1.036122244871420328e+01
-1.036122244871420328e+01
-1.036122244871420328e+01
-1.036122244871420328e+01
-1.036122244871420328e+01
-1.036122244871420328e+01
-1.036122244871420328e+01
-1.036122244871420328e+01
-1.036122244871420328e+01
-1.036122244871420328e+01
-1.036122244871420328e+01
-1.036122244871420328e+01
-1.036122244871420328e+01
-1.036122244871420328e+01
-1.036122244871420328e+01
-1.036122244871420328e+01
-1.036122244871420328e+01
-1.036122244871420328e+01
-1.036122244871420328e+01
-1.036122244871420328e+01
-1.036122244871420328e+01
-1.036122244871420328e+01
-1.036122244871420328e+01
-1.036122244871420328e+01
-1.036122244871420328e+01
-1.036122244871420328e+01
-1.036122244871420328e+01
-1.036122244871420328e+01
-1.036122244871420328e+01
-1.036122244871420328e+01
-1.036122244871420328e+01
-1.036122244871420328e+01
-1.036122244871420328e+01
-1.036122244871420328e+01
-1.036122244871420328e+01
-1.036122244871420328e+01
-1.036122244871420328e+01
-1.036122244871420328e+01
-1.036122244871420328e+01
-1.036122244871420328e+01
-1.036122244871420328e+01
-1.036122244871420328e+01
-1.036122244871420328e+01
-1.036122244871420328e+01
-1.036122244871420328e+01
-1.036122244871420328e+01
-1.036122244871420328e+01
-1.036122244871420328e+01
-1.036122244871420328e+01
-1.036122244871420328e+01
-1.036122244871420328e+01
-1.036122244871420328e+01
-1.036122244871420328e+01
-1.036122244871420328e+01
-1.036122244871420328e+01
-1.036122244871420328e+01
-1.036122244871420328e+01
-1.036122244871420328e+01
-1.036122244871420328e+01
-1.036122244871420328e+01
-1.036122244871420328e+01
-1.036122244871420328e+01
-1.036122244871420328e+01
-1.036122244871420328e+01
-1.036122244871420328e+01
-1.036122244871420328e+01
-1.036122244871420328e+01
-1.036122244871420328e+01
-1.036122244871420328e+01
-1.036122244871420328e+01
-1.036122244871420328e+01
-1.036122244871420328e+01
-1.036122244871420328e+01
-1.036122244871420328e+01
-1.036122244871420328e+01
-1.036122244871420328e+01
-1.036122244871420328e+01
-1.036122244871420328e+01
-1.036122244871420328e+01
-1.036122244871420328e+01
-1.036122244871420328e+01
-1.036122244871420328e+01
-1.036122244871420328e+01
-1.036122244871420328e+01
-1.036122244871420328e+01
-1.036122244871420328e+01
-1.036122244871420328e+01
-1.036122244871420328e+01
-1.036122244871420328e+01
-1.036122244871420328e+01
-1.036122244871420328e+01
-1.036122244871420328e+01
-1.036122244871420328e+01
-1.036122244871420328e+01
-1.036122244871420328e+01
-1.036122244871420328e+01
-1.036122244871420328e+01
-1.036122244871420328e+01
-1.036122244871420328e+01
-1.036122244871420328e+01
-1.036122244871420328e+01
-1.036122244871420328e+01
-1.036122244871420328e+01
-1.036122244871420328e+01
-1.036122244871420328e+01
-1.036122244871420328e+01
-1.036122244871420328e+01
-1.036122244871420328e+01
-1.036122244871420328e+01
-1.036122244871420328e+01
-1.036122244871420328e+01
-1.036122244871420328e+01
-1.036122244871420328e+01
-1.036122244871420328e+01
-1.036122244871420328e+01
-1.036122244871420328e+01
-1.036122244871420328e+01
-1.036122244871420328e+01
-1.036122244871420328e+01
-1.036122244871420328e+01
-1.036122244871420328e+01
-1.036122244871420328e+01
-1.036122244871420328e+01
-1.036122244871420328e+01
-1.036122244871420328e+01
-1.036122244871420328e+01
-1.036122244871420328e+01
-1.036122244871420328e+01
-1.036122244871420328e+01
-1.036122244871420328e+01
-1.036122244871420328e+01
-1.036122244871420328e+01
-1.036122244871420328e+01
-1.036122244871420328e+01
-1.036122244871420328e+01
-1.036122244871420328e+01
-1.036122244871420328e+01
-1.036122244871420328e+01
-1.036122244871420328e+01
-1.036122244871420328e+01
-1.036122244871420328e+01
-1.036122244871420328e+01
-1.036122244871420328e+01
-1.036122244871420328e+01
-1.036122244871420328e+01
-1.036122244871420328e+01
-1.036122244871420328e+01
-1.036122244871420328e+01
-1.036122244871420328e+01
-1.036122244871420328e+01
-1.036122244871420328e+01
-1.036122244871420328e+01
-1.036122244871420328e+01
-1.036122244871420328e+01
-1.036122244871420328e+01
-1.036122244871420328e+01
-1.036122244871420328e+01
-1.036122244871420328e+01
-1.036122244871420328e+01
-1.036122244871420328e+01
-1.036122244871420328e+01
-1.036122244871420328e+01
-1.036122244871420328e+01
-1.036122244871420328e+01
-1.036122244871420328e+01
-1.036122244871420328e+01
-1.036122244871420328e+01
-1.036122244871420328e+01
-1.036122244871420328e+01
-1.036122244871420328e+01
-1.036122244871420328e+01
-1.036122244871420328e+01
-1.036122244871420328e+01
-1.036122244871420328e+01
-1.036122244871420328e+01
-1.036122244871420328e+01
-1.036122244871420328e+01
-1.036122244871420328e+01
-1.036122244871420328e+01
-1.036122244871420328e+01
-1.036122244871420328e+01
-1.036122244871420328e+01
-1.036122244871420328e+01
-1.036122244871420328e+01
-1.036122244871420328e+01
-1.036122244871420328e+01
-1.036122244871420328e+01
-1.036122244871420328e+01
-1.036122244871420328e+01
-1.036122244871420328e+01
-1.036122244871420328e+01
-1.036122244871420328e+01
-1.036122244871420328e+01
-1.036122244871420328e+01
-1.036122244871420328e+01
-1.036122244871420328e+01
-1.036122244871420328e+01
-1.036122244871420328e+01
-1.036122244871420328e+01
-1.036122244871420328e+01
-1.036122244871420328e+01
-1.036122244871420328e+01
-1.036122244871420328e+01
-1.036122244871420328e+01
-1.036122244871420328e+01
-1.036122244871420328e+01
-1.036122244871420328e+01
-1.036122244871420328e+01
-1.036122244871420328e+01
-1.036122244871420328e+01
-1.036122244871420328e+01
-1.036122244871420328e+01
-1.036122244871420328e+01
-1.036122244871420328e+01
-1.036122244871420328e+01
-1.036122244871420328e+01
-1.036122244871420328e+01
-1.036122244871420328e+01
-1.036122244871420328e+01
-1.036122244871420328e+01
-1.036122244871420328e+01
-1.036122244871420328e+01
-1.036122244871420328e+01
-1.036122244871420328e+01
-1.036122244871420328e+01
-1.036122244871420328e+01
-1.036122244871420328e+01
-1.036122244871420328e+01
-1.036122244871420328e+01
-1.036122244871420328e+01
-1.036122244871420328e+01
-1.036122244871420328e+01
-1.036122244871420328e+01
-1.036122244871420328e+01
-1.036122244871420328e+01
-1.036122244871420328e+01
-1.036122244871420328e+01
-1.036122244871420328e+01
-1.036122244871420328e+01
-1.036122244871420328e+01
-1.036122244871420328e+01
-1.036122244871420328e+01
-1.036122244871420328e+01
-1.036122244871420328e+01
-1.036122244871420328e+01
-1.036122244871420328e+01
-1.036122244871420328e+01
-1.036122244871420328e+01
-1.036122244871420328e+01
-1.036122244871420328e+01
-1.036122244871420328e+01
-1.036122244871420328e+01
-1.036122244871420328e+01
-1.036122244871420328e+01
-1.036122244871420328e+01
-1.036122244871420328e+01
-1.036122244871420328e+01
-1.036122244871420328e+01
-1.036122244871420328e+01
-1.036122244871420328e+01
-1.036122244871420328e+01
-1.036122244871420328e+01
-1.036122244871420328e+01
-1.036122244871420328e+01
-1.036122244871420328e+01
-1.036122244871420328e+01
-1.036122244871420328e+01
-1.036122244871420328e+01
-1.036122244871420328e+01
-1.036122244871420328e+01
-1.036122244871420328e+01
-1.036122244871420328e+01
-1.036122244871420328e+01
-1.036122244871420328e+01
-1.036122244871420328e+01
-1.036122244871420328e+01
-1.036122244871420328e+01
-1.036122244871420328e+01
-1.036122244871420328e+01
-1.036122244871420328e+01
-1.036122244871420328e+01
-1.036122244871420328e+01
-1.036122244871420328e+01
-1.036122244871420328e+01
-1.036122244871420328e+01
-1.036122244871420328e+01
-1.036122244871420328e+01
-1.036122244871420328e+01
-1.036122244871420328e+01
-1.036122244871420328e+01
-1.036122244871420328e+01
-1.036122244871420328e+01
-1.036122244871420328e+01
-1.036122244871420328e+01
-1.036122244871420328e+01
-1.036122244871420328e+01
-1.036122244871420328e+01
-1.036122244871420328e+01
-1.036122244871420328e+01
-1.036122244871420328e+01
-1.036122244871420328e+01
-1.036122244871420328e+01
-1.036122244871420328e+01
-1.036122244871420328e+01
-1.036122244871420328e+01
-1.036122244871420328e+01
-1.036122244871420328e+01
-1.036122244871420328e+01
-1.036122244871420328e+01
-1.036122244871420328e+01
-1.036122244871420328e+01
-1.036122244871420328e+01
-1.036122244871420328e+01
-1.036122244871420328e+01
-1.036122244871420328e+01
-1.036122244871420328e+01
-1.036122244871420328e+01
-1.036122244871420328e+01
-1.036122244871420328e+01
-1.036122244871420328e+01
-1.036122244871420328e+01
-1.036122244871420328e+01
-1.036122244871420328e+01
-1.036122244871420328e+01
-1.036122244871420328e+01
-1.036122244871420328e+01
-1.036122244871420328e+01
-1.036122244871420328e+01
-1.036122244871420328e+01
-1.036122244871420328e+01
-1.036122244871420328e+01
-1.036122244871420328e+01
-1.036122244871420328e+01
-1.036122244871420328e+01
-1.036122244871420328e+01
-1.036122244871420328e+01
-1.036122244871420328e+01
-1.036122244871420328e+01
-1.036122244871420328e+01
-1.036122244871420328e+01
-1.036122244871420328e+01
-1.036122244871420328e+01
-1.036122244871420328e+01
-1.036122244871420328e+01
-1.036122244871420328e+01
-1.036122244871420328e+01
-1.036122244871420328e+01
-1.036122244871420328e+01
-1.036122244871420328e+01
-1.036122244871420328e+01
-1.036122244871420328e+01
-1.036122244871420328e+01
-1.036122244871420328e+01
-1.036122244871420328e+01
-1.036122244871420328e+01
-1.036122244871420328e+01
-1.036122244871420328e+01
-1.036122244871420328e+01
-1.036122244871420328e+01
-1.036122244871420328e+01
-1.036122244871420328e+01
-1.036122244871420328e+01
-1.036122244871420328e+01
-1.036122244871420328e+01
-1.036122244871420328e+01
-1.036122244871420328e+01
-1.036122244871420328e+01
-1.036122244871420328e+01
-1.036122244871420328e+01
-1.036122244871420328e+01
-1.036122244871420328e+01
-1.036122244871420328e+01
-1.036122244871420328e+01
-1.036122244871420328e+01
-1.036122244871420328e+01
-1.036122244871420328e+01
-1.036122244871420328e+01
-1.036122244871420328e+01
-1.036122244871420328e+01
-1.036122244871420328e+01
-1.036122244871420328e+01
-1.036122244871420328e+01
-1.036122244871420328e+01
-1.036122244871420328e+01
-1.036122244871420328e+01
-1.036122244871420328e+01
-1.036122244871420328e+01
-1.036122244871420328e+01
-1.036122244871420328e+01
-1.036122244871420328e+01
-1.036122244871420328e+01
-1.036122244871420328e+01
-1.036122244871420328e+01
-1.036122244871420328e+01
-1.036122244871420328e+01
-1.036122244871420328e+01
-1.036122244871420328e+01
-1.036122244871420328e+01
-1.036122244871420328e+01
-1.036122244871420328e+01
-1.036122244871420328e+01
-1.036122244871420328e+01
-1.036122244871420328e+01
-1.036122244871420328e+01
-1.036122244871420328e+01
-1.036122244871420328e+01
-1.036122244871420328e+01
-1.036122244871420328e+01
-1.036122244871420328e+01
-1.036122244871420328e+01
-1.036122244871420328e+01
-1.036122244871420328e+01
-1.036122244871420328e+01
-1.036122244871420328e+01
-1.036122244871420328e+01
-1.036122244871420328e+01
-1.036122244871420328e+01
-1.036122244871420328e+01
-1.036122244871420328e+01
-1.036122244871420328e+01
-1.036122244871420328e+01
-1.036122244871420328e+01
-1.036122244871420328e+01
-1.036122244871420328e+01
-1.036122244871420328e+01
-1.036122244871420328e+01
-1.036122244871420328e+01
-1.036122244871420328e+01
-1.036122244871420328e+01
-1.036122244871420328e+01
-1.036122244871420328e+01
-1.036122244871420328e+01
-1.036122244871420328e+01
-1.036122244871420328e+01
-1.036122244871420328e+01
-1.036122244871420328e+01
-1.036122244871420328e+01
-1.036122244871420328e+01
-1.036122244871420328e+01
-1.036122244871420328e+01
-1.036122244871420328e+01
-1.036122244871420328e+01
-1.036122244871420328e+01
-1.036122244871420328e+01
-1.036122244871420328e+01
-1.036122244871420328e+01
-1.036122244871420328e+01
-1.036122244871420328e+01
-1.036122244871420328e+01
-1.036122244871420328e+01
-1.036122244871420328e+01
-1.036122244871420328e+01
-1.036122244871420328e+01
-1.036122244871420328e+01
-1.036122244871420328e+01
-1.036122244871420328e+01
-1.036122244871420328e+01
-1.036122244871420328e+01
-1.036122244871420328e+01
-1.036122244871420328e+01
-1.036122244871420328e+01
-1.036122244871420328e+01
-1.036122244871420328e+01
-1.036122244871420328e+01
-1.036122244871420328e+01
-1.036122244871420328e+01
-1.036122244871420328e+01
-1.036122244871420328e+01
-1.036122244871420328e+01
-1.036122244871420328e+01
-1.036122244871420328e+01
-1.036122244871420328e+01
-1.036122244871420328e+01
-1.036122244871420328e+01
-1.036122244871420328e+01
-1.036122244871420328e+01
-1.036122244871420328e+01
-1.036122244871420328e+01
-1.036122244871420328e+01
-1.036122244871420328e+01
-1.036122244871420328e+01
-1.036122244871420328e+01
-1.036122244871420328e+01
-1.036122244871420328e+01
-1.036122244871420328e+01
-1.036122244871420328e+01
-1.036122244871420328e+01
-1.036122244871420328e+01
-1.036122244871420328e+01
-1.036122244871420328e+01
-1.036122244871420328e+01
-1.036122244871420328e+01
-1.036122244871420328e+01
-1.036122244871420328e+01
-1.036122244871420328e+01
-1.036122244871420328e+01
-1.036122244871420328e+01
-1.036122244871420328e+01
-1.036122244871420328e+01
-1.036122244871420328e+01
-1.036122244871420328e+01
-1.036122244871420328e+01
-1.036122244871420328e+01
-1.036122244871420328e+01
-1.036122244871420328e+01
-1.036122244871420328e+01
-1.036122244871420328e+01
-1.036122244871420328e+01
-1.036122244871420328e+01
-1.036122244871420328e+01
-1.036122244871420328e+01
-1.036122244871420328e+01
-1.036122244871420328e+01
-1.036122244871420328e+01
-1.036122244871420328e+01
-1.036122244871420328e+01
-1.036122244871420328e+01
-1.036122244871420328e+01
-1.036122244871420328e+01
-1.036122244871420328e+01
-1.036122244871420328e+01
-1.036122244871420328e+01
-1.036122244871420328e+01
-1.036122244871420328e+01
-1.036122244871420328e+01
-1.036122244871420328e+01
-1.036122244871420328e+01
-1.036122244871420328e+01
-1.036122244871420328e+01
-1.036122244871420328e+01
-1.036122244871420328e+01
-1.036122244871420328e+01
-1.036122244871420328e+01
-1.036122244871420328e+01
-1.036122244871420328e+01
-1.036122244871420328e+01
-1.036122244871420328e+01
-1.036122244871420328e+01
-1.036122244871420328e+01
-1.036122244871420328e+01
-1.036122244871420328e+01
-1.036122244871420328e+01
-1.036122244871420328e+01
-1.036122244871420328e+01
-1.036122244871420328e+01
-1.036122244871420328e+01
-1.036122244871420328e+01
-1.036122244871420328e+01
-1.036122244871420328e+01
-1.036122244871420328e+01
-1.036122244871420328e+01
-1.036122244871420328e+01
-1.036122244871420328e+01
-1.036122244871420328e+01
-1.036122244871420328e+01
-1.036122244871420328e+01
-1.036122244871420328e+01
-1.036122244871420328e+01
-1.036122244871420328e+01
-1.036122244871420328e+01
-1.036122244871420328e+01
-1.036122244871420328e+01
-1.036122244871420328e+01
-1.036122244871420328e+01
-1.036122244871420328e+01
-1.036122244871420328e+01
-1.036122244871420328e+01
-1.036122244871420328e+01
-1.036122244871420328e+01
-1.036122244871420328e+01
-1.036122244871420328e+01
-1.036122244871420328e+01
-1.036122244871420328e+01
-1.036122244871420328e+01
-1.036122244871420328e+01
-1.036122244871420328e+01
-1.036122244871420328e+01
-1.036122244871420328e+01
-1.036122244871420328e+01
-1.036122244871420328e+01
-1.036122244871420328e+01
-1.036122244871420328e+01
-1.036122244871420328e+01
-1.036122244871420328e+01
-1.036122244871420328e+01
-1.036122244871420328e+01
-1.036122244871420328e+01
-1.036122244871420328e+01
-1.036122244871420328e+01
-1.036122244871420328e+01
-1.036122244871420328e+01
-1.036122244871420328e+01
-1.036122244871420328e+01
-1.036122244871420328e+01
-1.036122244871420328e+01
-1.036122244871420328e+01
-1.036122244871420328e+01
-1.036122244871420328e+01
-1.036122244871420328e+01
-1.036122244871420328e+01
-1.036122244871420328e+01
-1.036122244871420328e+01
-1.036122244871420328e+01
-1.036122244871420328e+01
-1.036122244871420328e+01
-1.036122244871420328e+01
-1.036122244871420328e+01
-1.036122244871420328e+01
-1.036122244871420328e+01
-1.036122244871420328e+01
-1.036122244871420328e+01
-1.036122244871420328e+01
-1.036122244871420328e+01
-1.036122244871420328e+01
-1.036122244871420328e+01
-1.036122244871420328e+01
-1.036122244871420328e+01
-1.036122244871420328e+01
-1.036122244871420328e+01
-1.036122244871420328e+01
-1.036122244871420328e+01
-1.036122244871420328e+01
-1.036122244871420328e+01
-1.036122244871420328e+01
-1.036122244871420328e+01
-1.036122244871420328e+01
-1.036122244871420328e+01
-1.036122244871420328e+01
-1.036122244871420328e+01
-1.036122244871420328e+01
-1.036122244871420328e+01
-1.036122244871420328e+01
-1.036122244871420328e+01
-1.036122244871420328e+01
-1.036122244871420328e+01
-1.036122244871420328e+01
-1.036122244871420328e+01
-1.036122244871420328e+01
-1.036122244871420328e+01
-1.036122244871420328e+01
-1.036122244871420328e+01
-1.036122244871420328e+01
-1.036122244871420328e+01
-1.036122244871420328e+01
-1.036122244871420328e+01
-1.036122244871420328e+01
-1.036122244871420328e+01
-1.036122244871420328e+01
-1.036122244871420328e+01
-1.036122244871420328e+01
-1.036122244871420328e+01
-1.036122244871420328e+01
-1.036122244871420328e+01
-1.036122244871420328e+01
-1.036122244871420328e+01
-1.036122244871420328e+01
-1.036122244871420328e+01
-1.036122244871420328e+01
-1.036122244871420328e+01
-1.036122244871420328e+01
-1.036122244871420328e+01
-1.036122244871420328e+01
-1.036122244871420328e+01
-1.036122244871420328e+01
-1.036122244871420328e+01
-1.036122244871420328e+01
-1.036122244871420328e+01
-1.036122244871420328e+01
-1.036122244871420328e+01
-1.036122244871420328e+01
-1.036122244871420328e+01
-1.036122244871420328e+01
-1.036122244871420328e+01
-1.036122244871420328e+01
-1.036122244871420328e+01
-1.036122244871420328e+01
-1.036122244871420328e+01
-1.036122244871420328e+01
-1.036122244871420328e+01
-1.036122244871420328e+01
-1.036122244871420328e+01
-1.036122244871420328e+01
-1.036122244871420328e+01
-1.036122244871420328e+01
-1.036122244871420328e+01
-1.036122244871420328e+01
-1.036122244871420328e+01
-1.036122244871420328e+01
-1.036122244871420328e+01
-1.036122244871420328e+01
-1.036122244871420328e+01
-1.036122244871420328e+01
-1.036122244871420328e+01
-1.036122244871420328e+01
-1.036122244871420328e+01
-1.036122244871420328e+01
-1.036122244871420328e+01
-1.036122244871420328e+01
-1.036122244871420328e+01
-1.036122244871420328e+01
-1.036122244871420328e+01
-1.036122244871420328e+01
-1.036122244871420328e+01
-1.036122244871420328e+01
-1.036122244871420328e+01
-1.036122244871420328e+01
-1.036122244871420328e+01
-1.036122244871420328e+01
-1.036122244871420328e+01
-1.036122244871420328e+01
-1.036122244871420328e+01
-1.036122244871420328e+01
-1.036122244871420328e+01
-1.036122244871420328e+01
-1.036122244871420328e+01
-1.036122244871420328e+01
-1.036122244871420328e+01
-1.036122244871420328e+01
-1.036122244871420328e+01
-1.036122244871420328e+01
-1.036122244871420328e+01
-1.036122244871420328e+01
-1.036122244871420328e+01
-1.036122244871420328e+01
-1.036122244871420328e+01
-1.036122244871420328e+01
-1.036122244871420328e+01
-1.036122244871420328e+01
-1.036122244871420328e+01
-1.036122244871420328e+01
-1.036122244871420328e+01
-1.036122244871420328e+01
-1.036122244871420328e+01
-1.036122244871420328e+01
-1.036122244871420328e+01
-1.036122244871420328e+01
-1.036122244871420328e+01
-1.036122244871420328e+01
-1.036122244871420328e+01
-1.036122244871420328e+01
-1.036122244871420328e+01
-1.036122244871420328e+01
-1.036122244871420328e+01
-1.036122244871420328e+01
-1.036122244871420328e+01
-1.036122244871420328e+01
-1.036122244871420328e+01
-1.036122244871420328e+01
-1.036122244871420328e+01
-1.036122244871420328e+01
-1.036122244871420328e+01
-1.036122244871420328e+01
-1.036122244871420328e+01
-1.036122244871420328e+01
-1.036122244871420328e+01
-1.036122244871420328e+01
-1.036122244871420328e+01
-1.036122244871420328e+01
-1.036122244871420328e+01
-1.036122244871420328e+01
-1.036122244871420328e+01
-1.036122244871420328e+01
-1.036122244871420328e+01
-1.036122244871420328e+01
-1.036122244871420328e+01
-1.036122244871420328e+01
-1.036122244871420328e+01
-1.036122244871420328e+01
-1.036122244871420328e+01
-1.036122244871420328e+01
-1.036122244871420328e+01
-1.036122244871420328e+01
-1.036122244871420328e+01
-1.036122244871420328e+01
-1.036122244871420328e+01
-1.036122244871420328e+01
-1.036122244871420328e+01
-1.036122244871420328e+01
-1.036122244871420328e+01
-1.036122244871420328e+01
-1.036122244871420328e+01
-1.036122244871420328e+01
-1.036122244871420328e+01
-1.036122244871420328e+01
-1.036122244871420328e+01
-1.036122244871420328e+01
-1.036122244871420328e+01
-1.036122244871420328e+01
-1.036122244871420328e+01
-1.036122244871420328e+01
-1.036122244871420328e+01
-1.036122244871420328e+01
-1.036122244871420328e+01
-1.036122244871420328e+01
-1.036122244871420328e+01
-1.036122244871420328e+01
-1.036122244871420328e+01
-1.036122244871420328e+01
-1.036122244871420328e+01
-1.036122244871420328e+01
-1.036122244871420328e+01
-1.036122244871420328e+01
-1.036122244871420328e+01
-1.036122244871420328e+01
-1.036122244871420328e+01
-1.036122244871420328e+01
-1.036122244871420328e+01
-1.036122244871420328e+01
-1.036122244871420328e+01
-1.036122244871420328e+01
-1.036122244871420328e+01
-1.036122244871420328e+01
-1.036122244871420328e+01
-1.036122244871420328e+01
-1.036122244871420328e+01
-1.036122244871420328e+01
-1.036122244871420328e+01
-1.036122244871420328e+01
-1.036122244871420328e+01
-1.036122244871420328e+01
-1.036122244871420328e+01
-1.036122244871420328e+01
-1.036122244871420328e+01
-1.036122244871420328e+01
-1.036122244871420328e+01
-1.036122244871420328e+01
-1.036122244871420328e+01
-1.036122244871420328e+01
-1.036122244871420328e+01
-1.036122244871420328e+01
-1.036122244871420328e+01
-1.036122244871420328e+01
-1.036122244871420328e+01
-1.036122244871420328e+01
-1.036122244871420328e+01
-1.036122244871420328e+01
-1.036122244871420328e+01
-1.036122244871420328e+01
-1.036122244871420328e+01
-1.036122244871420328e+01
-1.036122244871420328e+01
-1.036122244871420328e+01
-1.036122244871420328e+01
-1.036122244871420328e+01
-1.036122244871420328e+01
-1.036122244871420328e+01
-1.036122244871420328e+01
-1.036122244871420328e+01
-1.036122244871420328e+01
-1.036122244871420328e+01
-1.036122244871420328e+01
-1.036122244871420328e+01
-1.036122244871420328e+01
-1.036122244871420328e+01
-1.036122244871420328e+01
-1.036122244871420328e+01
-1.036122244871420328e+01
-1.036122244871420328e+01
-1.036122244871420328e+01
-1.036122244871420328e+01
-1.036122244871420328e+01
-1.036122244871420328e+01
-1.036122244871420328e+01
-1.036122244871420328e+01
-1.036122244871420328e+01
-1.036122244871420328e+01
-1.036122244871420328e+01
-1.036122244871420328e+01
-1.036122244871420328e+01
-1.036122244871420328e+01
-1.036122244871420328e+01
-1.036122244871420328e+01
-1.036122244871420328e+01
-1.036122244871420328e+01
-1.036122244871420328e+01
-1.036122244871420328e+01
-1.036122244871420328e+01
-1.036122244871420328e+01
-1.036122244871420328e+01
-1.036122244871420328e+01
-1.036122244871420328e+01
-1.036122244871420328e+01
-1.036122244871420328e+01
-1.036122244871420328e+01
-1.036122244871420328e+01
-1.036122244871420328e+01
-1.036122244871420328e+01
-1.036122244871420328e+01
-1.036122244871420328e+01
-1.036122244871420328e+01
-1.036122244871420328e+01
-1.036122244871420328e+01
-1.036122244871420328e+01
-1.036122244871420328e+01
-1.036122244871420328e+01
-1.036122244871420328e+01
-1.036122244871420328e+01
-1.036122244871420328e+01
-1.036122244871420328e+01
-1.036122244871420328e+01
-1.036122244871420328e+01
-1.036122244871420328e+01
-1.036122244871420328e+01
-1.036122244871420328e+01
-1.036122244871420328e+01
-1.036122244871420328e+01
-1.036122244871420328e+01
-1.036122244871420328e+01
-1.036122244871420328e+01
-1.036122244871420328e+01
-1.036122244871420328e+01
-1.036122244871420328e+01
-1.036122244871420328e+01
-1.036122244871420328e+01
-1.036122244871420328e+01
-1.036122244871420328e+01
-1.036122244871420328e+01
-1.036122244871420328e+01
-1.036122244871420328e+01
-1.036122244871420328e+01
-1.036122244871420328e+01
-1.036122244871420328e+01
-1.036122244871420328e+01
-1.036122244871420328e+01
-1.036122244871420328e+01
-1.036122244871420328e+01
-1.036122244871420328e+01
-1.036122244871420328e+01
-1.036122244871420328e+01
-1.036122244871420328e+01
-1.036122244871420328e+01
-1.036122244871420328e+01
-1.036122244871420328e+01
-1.036122244871420328e+01
-1.036122244871420328e+01
-1.036122244871420328e+01
-1.036122244871420328e+01
-1.036122244871420328e+01
-1.036122244871420328e+01
-1.036122244871420328e+01
-1.036122244871420328e+01
-1.036122244871420328e+01
-1.036122244871420328e+01
-1.036122244871420328e+01
-1.036122244871420328e+01
-1.036122244871420328e+01
-1.036122244871420328e+01
-1.036122244871420328e+01
-1.036122244871420328e+01
-1.036122244871420328e+01
-1.036122244871420328e+01
-1.036122244871420328e+01
-1.036122244871420328e+01
-1.036122244871420328e+01
-1.036122244871420328e+01
-1.036122244871420328e+01
-1.036122244871420328e+01
-1.036122244871420328e+01
-1.036122244871420328e+01
-1.036122244871420328e+01
-1.036122244871420328e+01
-1.036122244871420328e+01
-1.036122244871420328e+01
-1.036122244871420328e+01
-1.036122244871420328e+01
-1.036122244871420328e+01
-1.036122244871420328e+01
-1.036122244871420328e+01
-1.036122244871420328e+01
-1.036122244871420328e+01
-1.036122244871420328e+01
-1.036122244871420328e+01
-1.036122244871420328e+01
-1.036122244871420328e+01
-1.036122244871420328e+01
-1.036122244871420328e+01
-1.036122244871420328e+01
-1.036122244871420328e+01
-1.036122244871420328e+01
-1.036122244871420328e+01
-1.036122244871420328e+01
-1.036122244871420328e+01
-1.036122244871420328e+01
-1.036122244871420328e+01
-1.036122244871420328e+01
-1.036122244871420328e+01
-1.036122244871420328e+01
-1.036122244871420328e+01
-1.036122244871420328e+01
-1.036122244871420328e+01
-1.036122244871420328e+01
-1.036122244871420328e+01
-1.036122244871420328e+01
-1.036122244871420328e+01
-1.036122244871420328e+01
-1.036122244871420328e+01
-1.036122244871420328e+01
-1.036122244871420328e+01
-1.036122244871420328e+01
-1.036122244871420328e+01
-1.036122244871420328e+01
-1.036122244871420328e+01
-1.036122244871420328e+01
-1.036122244871420328e+01
-1.036122244871420328e+01
-1.036122244871420328e+01
-1.036122244871420328e+01
-1.036122244871420328e+01
-1.036122244871420328e+01
-1.036122244871420328e+01
-1.036122244871420328e+01
-1.036122244871420328e+01
-1.036122244871420328e+01
-1.036122244871420328e+01
-1.036122244871420328e+01
-1.036122244871420328e+01
-1.036122244871420328e+01
-1.036122244871420328e+01
-1.036122244871420328e+01
-1.036122244871420328e+01
-1.036122244871420328e+01
-1.036122244871420328e+01
-1.036122244871420328e+01
-1.036122244871420328e+01
-1.036122244871420328e+01
-1.036122244871420328e+01
-1.036122244871420328e+01
-1.036122244871420328e+01
-1.036122244871420328e+01
-1.036122244871420328e+01
-1.036122244871420328e+01
-1.036122244871420328e+01
-1.036122244871420328e+01
-1.036122244871420328e+01
-1.036122244871420328e+01
-1.036122244871420328e+01
-1.036122244871420328e+01
-1.036122244871420328e+01
-1.036122244871420328e+01
-1.036122244871420328e+01
-1.036122244871420328e+01
-1.036122244871420328e+01
-1.036122244871420328e+01
-1.036122244871420328e+01
-1.036122244871420328e+01
-1.036122244871420328e+01
-1.036122244871420328e+01
-1.036122244871420328e+01
-1.036122244871420328e+01
-1.036122244871420328e+01
-1.036122244871420328e+01
-1.036122244871420328e+01
-1.036122244871420328e+01
-1.036122244871420328e+01
-1.036122244871420328e+01
-1.036122244871420328e+01
-1.036122244871420328e+01
-1.036122244871420328e+01
-1.036122244871420328e+01
-1.036122244871420328e+01
-1.036122244871420328e+01
-1.036122244871420328e+01
-1.036122244871420328e+01
-1.036122244871420328e+01
-1.036122244871420328e+01
-1.036122244871420328e+01
-1.036122244871420328e+01
-1.036122244871420328e+01
-1.036122244871420328e+01
-1.036122244871420328e+01
-1.036122244871420328e+01
-1.036122244871420328e+01
-1.036122244871420328e+01
-1.036122244871420328e+01
-1.036122244871420328e+01
-1.036122244871420328e+01
-1.036122244871420328e+01
-1.036122244871420328e+01
-1.036122244871420328e+01
-1.036122244871420328e+01
-1.036122244871420328e+01
-1.036122244871420328e+01
-1.036122244871420328e+01
-1.036122244871420328e+01
-1.036122244871420328e+01
-1.036122244871420328e+01
-1.036122244871420328e+01
-1.036122244871420328e+01
-1.036122244871420328e+01
-1.036122244871420328e+01
-1.036122244871420328e+01
-1.036122244871420328e+01
-1.036122244871420328e+01
-1.036122244871420328e+01
-1.036122244871420328e+01
-1.036122244871420328e+01
-1.036122244871420328e+01
-1.036122244871420328e+01
-1.036122244871420328e+01
-1.036122244871420328e+01
-1.036122244871420328e+01
-1.036122244871420328e+01
-1.036122244871420328e+01
-1.036122244871420328e+01
-1.036122244871420328e+01
-1.036122244871420328e+01
-1.036122244871420328e+01
-1.036122244871420328e+01
-1.036122244871420328e+01
-1.036122244871420328e+01
-1.036122244871420328e+01
-1.036122244871420328e+01
-1.036122244871420328e+01
-1.036122244871420328e+01
-1.036122244871420328e+01
-1.036122244871420328e+01
-1.036122244871420328e+01
-1.036122244871420328e+01
-1.036122244871420328e+01
-1.036122244871420328e+01
-1.036122244871420328e+01
-1.036122244871420328e+01
-1.036122244871420328e+01
-1.036122244871420328e+01
-1.036122244871420328e+01
-1.036122244871420328e+01
-1.036122244871420328e+01
-1.036122244871420328e+01
-1.036122244871420328e+01
-1.036122244871420328e+01
-1.036122244871420328e+01
-1.036122244871420328e+01
-1.036122244871420328e+01
-1.036122244871420328e+01
-1.036122244871420328e+01
-1.036122244871420328e+01
-1.036122244871420328e+01
-1.036122244871420328e+01
-1.036122244871420328e+01
-1.036122244871420328e+01
-1.036122244871420328e+01
-1.036122244871420328e+01
-1.036122244871420328e+01
-1.036122244871420328e+01
-1.036122244871420328e+01
-1.036122244871420328e+01
-1.036122244871420328e+01
-1.036122244871420328e+01
-1.036122244871420328e+01
-1.036122244871420328e+01
-1.036122244871420328e+01
-1.036122244871420328e+01
-1.036122244871420328e+01
-1.036122244871420328e+01
-1.036122244871420328e+01
-1.036122244871420328e+01
-1.036122244871420328e+01
-1.036122244871420328e+01
-1.036122244871420328e+01
-1.036122244871420328e+01
-1.036122244871420328e+01
-1.036122244871420328e+01
-1.036122244871420328e+01
-1.036122244871420328e+01
-1.036122244871420328e+01
-1.036122244871420328e+01
-1.036122244871420328e+01
-1.036122244871420328e+01
-1.036122244871420328e+01
-1.036122244871420328e+01
-1.036122244871420328e+01
-1.036122244871420328e+01
-1.036122244871420328e+01
-1.036122244871420328e+01
-1.036122244871420328e+01
-1.036122244871420328e+01
-1.036122244871420328e+01
-1.036122244871420328e+01
-1.036122244871420328e+01
-1.036122244871420328e+01
-1.036122244871420328e+01
-1.036122244871420328e+01
-1.036122244871420328e+01
-1.036122244871420328e+01
-1.036122244871420328e+01
-1.036122244871420328e+01
-1.036122244871420328e+01
-1.036122244871420328e+01
-1.036122244871420328e+01
-1.036122244871420328e+01
-1.036122244871420328e+01
-1.036122244871420328e+01
-1.036122244871420328e+01
-1.036122244871420328e+01
-1.036122244871420328e+01
-1.036122244871420328e+01
-1.036122244871420328e+01
-1.036122244871420328e+01
-1.036122244871420328e+01
-1.036122244871420328e+01
-1.036122244871420328e+01
-1.036122244871420328e+01
-9.281943321228027344e+00
-9.281943321228027344e+00
-9.278956413269042969e+00
-9.277462959289550781e+00
-9.275969505310058594e+00
-9.274476051330566406e+00
-9.272982597351074219e+00
-9.271489143371582031e+00
-9.269995689392089844e+00
-9.268502235412597656e+00
-9.265516281127929688e+00
-9.265516281127929688e+00
-9.262529373168945312e+00
-9.261036872863769531e+00
-9.261036872863769531e+00
-9.258050918579101562e+00
-9.256558418273925781e+00
-9.255064964294433594e+00
-9.253572463989257812e+00
-9.253572463989257812e+00
-9.250587463378906250e+00
-9.249094963073730469e+00
-9.249094963073730469e+00
-9.246110916137695312e+00
-9.244618415832519531e+00
-9.243126869201660156e+00
-9.241635322570800781e+00
-9.238652229309082031e+00
-9.238652229309082031e+00
-9.238652229309082031e+00
-9.234177589416503906e+00
-9.234177589416503906e+00
-9.232686996459960938e+00
-9.232686996459960938e+00
-9.229705810546875000e+00
-9.228215217590332031e+00
-9.226724624633789062e+00
-9.225234031677246094e+00
-9.223744392395019531e+00
-9.222254753112792969e+00
-9.220765113830566406e+00
-9.220765113830566406e+00
-9.220765113830566406e+00
-9.216297149658203125e+00
-9.216297149658203125e+00
-9.213319778442382812e+00
-9.210342407226562500e+00
-9.210342407226562500e+00
-9.208854675292968750e+00
-9.208854675292968750e+00
-9.205879211425781250e+00
-9.204391479492187500e+00
-9.204391479492187500e+00
-9.201417922973632812e+00
-9.201417922973632812e+00
-9.199931144714355469e+00
-9.196958541870117188e+00
-9.196958541870117188e+00
-9.193986892700195312e+00
-9.192502021789550781e+00
-9.192502021789550781e+00
-9.189532279968261719e+00
-9.189532279968261719e+00
-9.189532279968261719e+00
-9.186563491821289062e+00
-9.183595657348632812e+00
-9.182112693786621094e+00
-9.182112693786621094e+00
-9.180629730224609375e+00
-9.179146766662597656e+00
-9.177664756774902344e+00
-9.176181793212890625e+00
-9.174700736999511719e+00
-9.173218727111816406e+00
-9.168776512145996094e+00
-9.168776512145996094e+00
-9.168776512145996094e+00
-9.167296409606933594e+00
-9.165816307067871094e+00
-9.162858009338378906e+00
-9.161379814147949219e+00
-9.159901618957519531e+00
-9.159901618957519531e+00
-9.158423423767089844e+00
-9.155468940734863281e+00
-9.155468940734863281e+00
-9.153991699218750000e+00
-9.152515411376953125e+00
-9.152515411376953125e+00
-9.148088455200195312e+00
-9.146613121032714844e+00
-9.146613121032714844e+00
-9.143665313720703125e+00
-9.142191886901855469e+00
-9.140718460083007812e+00
-9.139245986938476562e+00
-9.139245986938476562e+00
-9.137773513793945312e+00
-9.134830474853515625e+00
-9.134830474853515625e+00
-9.131888389587402344e+00
-9.130418777465820312e+00
-9.130418777465820312e+00
-9.127479553222656250e+00
-9.127479553222656250e+00
-9.126010894775390625e+00
-9.123074531555175781e+00
-9.123074531555175781e+00
-9.120141029357910156e+00
-9.118674278259277344e+00
-9.118674278259277344e+00
-9.115743637084960938e+00
-9.115743637084960938e+00
-9.112814903259277344e+00
-9.111351013183593750e+00
-9.111351013183593750e+00
-9.108425140380859375e+00
-9.106962203979492188e+00
-9.105501174926757812e+00
-9.104040145874023438e+00
-9.104040145874023438e+00
-9.102579116821289062e+00
-9.099659919738769531e+00
-9.099659919738769531e+00
-9.096742630004882812e+00
-9.095284461975097656e+00
-9.093827247619628906e+00
-9.092370986938476562e+00
-9.092370986938476562e+00
-9.089459419250488281e+00
-9.088004112243652344e+00
-9.088004112243652344e+00
-9.085095405578613281e+00
-9.083642959594726562e+00
-9.083642959594726562e+00
-9.080738067626953125e+00
-9.080738067626953125e+00
-9.077836036682128906e+00
-9.076385498046875000e+00
-9.076385498046875000e+00
-9.073487281799316406e+00
-9.072039604187011719e+00
-9.070591926574707031e+00
-9.069145202636718750e+00
-9.069145202636718750e+00
-9.067698478698730469e+00
-9.064807891845703125e+00
-9.064807891845703125e+00
-9.063363075256347656e+00
-9.060477256774902344e+00
-9.060477256774902344e+00
-9.057592391967773438e+00
-9.056151390075683594e+00
-9.054711341857910156e+00
-9.053272247314453125e+00
-9.053272247314453125e+00
-9.050395011901855469e+00
-9.048956871032714844e+00
-9.047520637512207031e+00
-9.047520637512207031e+00
-9.043214797973632812e+00
-9.043214797973632812e+00
-9.041780471801757812e+00
-9.040347099304199219e+00
-9.040347099304199219e+00
-9.038914680480957031e+00
-9.037483215332031250e+00
-9.034622192382812500e+00
-9.033192634582519531e+00
-9.033192634582519531e+00
-9.030336380004882812e+00
-9.030336380004882812e+00
-9.027482032775878906e+00
-9.026057243347167969e+00
-9.026057243347167969e+00
-9.023207664489746094e+00
-9.021784782409667969e+00
-9.021784782409667969e+00
-9.018939971923828125e+00
-9.018939971923828125e+00
-9.017519950866699219e+00
-9.014679908752441406e+00
-9.014679908752441406e+00
-9.011844635009765625e+00
-9.010427474975585938e+00
-9.010427474975585938e+00
-9.007596015930175781e+00
-9.006181716918945312e+00
-9.004768371582031250e+00
-9.003355979919433594e+00
-9.003355979919433594e+00
-9.003355979919433594e+00
-8.999123573303222656e+00
-8.997714042663574219e+00
-8.996305465698242188e+00
-8.994898796081542969e+00
-8.993492126464843750e+00
-8.992086410522460938e+00
-8.992086410522460938e+00
-8.989277839660644531e+00
-8.987874031066894531e+00
-8.987874031066894531e+00
-8.985071182250976562e+00
-8.983671188354492188e+00
-8.982271194458007812e+00
-8.980873107910156250e+00
-8.979475975036621094e+00
-8.978078842163085938e+00
-8.976683616638183594e+00
-8.976683616638183594e+00
-8.975288391113281250e+00
-8.972501754760742188e+00
-8.971110343933105469e+00
-8.969718933105468750e+00
-8.968329429626464844e+00
-8.966939926147460938e+00
-8.966939926147460938e+00
-8.962779045104980469e+00
-8.962779045104980469e+00
-8.962779045104980469e+00
-8.961393356323242188e+00
-8.958626747131347656e+00
-8.957243919372558594e+00
-8.957243919372558594e+00
-8.954483032226562500e+00
-8.953104019165039062e+00
-8.951725959777832031e+00
-8.950348854064941406e+00
-8.950348854064941406e+00
-8.948972702026367188e+00
-8.946223258972167969e+00
-8.946223258972167969e+00
-8.944849967956542969e+00
-8.942107200622558594e+00
-8.942107200622558594e+00
-8.939369201660156250e+00
-8.938000679016113281e+00
-8.938000679016113281e+00
-8.935268402099609375e+00
-8.933903694152832031e+00
-8.932540893554687500e+00
-8.931178092956542969e+00
-8.931178092956542969e+00
-8.928456306457519531e+00
-8.927097320556640625e+00
-8.927097320556640625e+00
-8.924382209777832031e+00
-8.923027038574218750e+00
-8.921671867370605469e+00
-8.920318603515625000e+00
-8.920318603515625000e+00
-8.918965339660644531e+00
-8.916264533996582031e+00
-8.916264533996582031e+00
-8.916264533996582031e+00
-8.913566589355468750e+00
-8.912220001220703125e+00
-8.909529685974121094e+00
-8.909529685974121094e+00
-8.906844139099121094e+00
-8.905503273010253906e+00
-8.905503273010253906e+00
-8.902824401855468750e+00
-8.901487350463867188e+00
-8.900150299072265625e+00
-8.898815155029296875e+00
-8.898815155029296875e+00
-8.897480964660644531e+00
-8.897480964660644531e+00
-8.893486976623535156e+00
-8.893486976623535156e+00
-8.892157554626464844e+00
-8.889502525329589844e+00
-8.888176918029785156e+00
-8.886853218078613281e+00
-8.886853218078613281e+00
-8.885529518127441406e+00
-8.882886886596679688e+00
-8.882886886596679688e+00
-8.881567955017089844e+00
-8.880249977111816406e+00
-8.878932952880859375e+00
-8.876302719116210938e+00
-8.876302719116210938e+00
-8.874989509582519531e+00
-8.872367858886718750e+00
-8.872367858886718750e+00
-8.869750022888183594e+00
-8.868443489074707031e+00
-8.867137908935546875e+00
-8.865834236145019531e+00
-8.865834236145019531e+00
-8.864531517028808594e+00
-8.861929893493652344e+00
-8.861929893493652344e+00
-8.859333038330078125e+00
-8.859333038330078125e+00
-8.859333038330078125e+00
-8.855448722839355469e+00
-8.854156494140625000e+00
-8.852865219116210938e+00
-8.851575851440429688e+00
-8.851575851440429688e+00
-8.850287437438964844e+00
-8.847715377807617188e+00
-8.847715377807617188e+00
-8.845149040222167969e+00
-8.843867301940917969e+00
-8.842587471008300781e+00
-8.841308593750000000e+00
-8.841308593750000000e+00
-8.840031623840332031e+00
-8.837481498718261719e+00
-8.837481498718261719e+00
-8.834937095642089844e+00
-8.833666801452636719e+00
-8.832397460937500000e+00
-8.831130027770996094e+00
-8.831130027770996094e+00
-8.829864501953125000e+00
-8.827336311340332031e+00
-8.827336311340332031e+00
-8.826074600219726562e+00
-8.823555946350097656e+00
-8.823555946350097656e+00
-8.821043014526367188e+00
-8.821043014526367188e+00
-8.819787979125976562e+00
-8.817283630371093750e+00
-8.816033363342285156e+00
-8.814785003662109375e+00
-8.814785003662109375e+00
-8.813538551330566406e+00
-8.811048507690429688e+00
-8.811048507690429688e+00
-8.811048507690429688e+00
-8.807325363159179688e+00
-8.807325363159179688e+00
-8.806087493896484375e+00
-8.803615570068359375e+00
-8.803615570068359375e+00
-8.801150321960449219e+00
-8.799919128417968750e+00
-8.798690795898437500e+00
-8.797463417053222656e+00
-8.796236991882324219e+00
-8.795012474060058594e+00
-8.793789863586425781e+00
-8.793789863586425781e+00
-8.791349411010742188e+00
-8.790130615234375000e+00
-8.790130615234375000e+00
-8.787699699401855469e+00
-8.786486625671386719e+00
-8.786486625671386719e+00
-8.784064292907714844e+00
-8.784064292907714844e+00
-8.782855987548828125e+00
-8.780443191528320312e+00
-8.780443191528320312e+00
-8.780443191528320312e+00
-8.776836395263671875e+00
-8.776836395263671875e+00
-8.775637626647949219e+00
-8.774439811706542969e+00
-8.773244857788085938e+00
-8.772049903869628906e+00
-8.769666671752929688e+00
-8.769666671752929688e+00
-8.767290115356445312e+00
-8.767290115356445312e+00
-8.764920234680175781e+00
-8.763737678527832031e+00
-8.763737678527832031e+00
-8.762557029724121094e+00
-8.761377334594726562e+00
-8.760200500488281250e+00
-8.757849693298339844e+00
-8.757849693298339844e+00
-8.755506515502929688e+00
-8.754337310791015625e+00
-8.754337310791015625e+00
-8.752004623413085938e+00
-8.752004623413085938e+00
-8.750841140747070312e+00
-8.748517990112304688e+00
-8.748517990112304688e+00
-8.746202468872070312e+00
-8.745046615600585938e+00
-8.743893623352050781e+00
-8.742741584777832031e+00
-8.741591453552246094e+00
-8.741591453552246094e+00
-8.739295959472656250e+00
-8.739295959472656250e+00
-8.737008094787597656e+00
-8.737008094787597656e+00
-8.737008094787597656e+00
-8.733590126037597656e+00
-8.733590126037597656e+00
-8.731319427490234375e+00
-8.730187416076660156e+00
-8.730187416076660156e+00
-8.729056358337402344e+00
-8.726800918579101562e+00
-8.726800918579101562e+00
-8.724552154541015625e+00
-8.723430633544921875e+00
-8.722311019897460938e+00
-8.721193313598632812e+00
-8.721193313598632812e+00
-8.720077514648437500e+00
-8.717850685119628906e+00
-8.717850685119628906e+00
-8.715631484985351562e+00
-8.715631484985351562e+00
-8.714524269104003906e+00
-8.712316513061523438e+00
-8.711215019226074219e+00
-8.710115432739257812e+00
-8.709018707275390625e+00
-8.709018707275390625e+00
-8.706829071044921875e+00
-8.706829071044921875e+00
-8.705737113952636719e+00
-8.703558921813964844e+00
-8.702472686767578125e+00
-8.701388359069824219e+00
-8.700306892395019531e+00
-8.700306892395019531e+00
-8.698147773742675781e+00
-8.697071075439453125e+00
-8.697071075439453125e+00
-8.694923400878906250e+00
-8.693853378295898438e+00
-8.692784309387207031e+00
-8.691717147827148438e+00
-8.691717147827148438e+00
-8.689589500427246094e+00
-8.688528060913085938e+00
-8.688528060913085938e+00
-8.688528060913085938e+00
-8.685357093811035156e+00
-8.684304237365722656e+00
-8.683253288269042969e+00
-8.683253288269042969e+00
-8.681157112121582031e+00
-8.680111885070800781e+00
-8.679068565368652344e+00
-8.678027153015136719e+00
-8.676988601684570312e+00
-8.676988601684570312e+00
-8.674916267395019531e+00
-8.674916267395019531e+00
-8.673883438110351562e+00
-8.671823501586914062e+00
-8.671823501586914062e+00
-8.669771194458007812e+00
-8.669771194458007812e+00
-8.668748855590820312e+00
-8.666708946228027344e+00
-8.666708946228027344e+00
-8.664677619934082031e+00
-8.664677619934082031e+00
-8.661645889282226562e+00
-8.661645889282226562e+00
-8.661645889282226562e+00
-8.660639762878417969e+00
-8.658633232116699219e+00
-8.658633232116699219e+00
-8.657632827758789062e+00
-8.655639648437500000e+00
-8.654645919799804688e+00
-8.654645919799804688e+00
-8.652664184570312500e+00
-8.651677131652832031e+00
-8.650691986083984375e+00
-8.649708747863769531e+00
-8.649708747863769531e+00
-8.648727416992187500e+00
-8.646772384643554688e+00
-8.646772384643554688e+00
-8.646772384643554688e+00
-8.643855094909667969e+00
-8.642887115478515625e+00
-8.641921043395996094e+00
-8.640956878662109375e+00
-8.639995574951171875e+00
-8.639036178588867188e+00
-8.639036178588867188e+00
-8.638078689575195312e+00
-8.636171340942382812e+00
-8.636171340942382812e+00
-8.634271621704101562e+00
-8.633325576782226562e+00
-8.633325576782226562e+00
-8.631440162658691406e+00
-8.630499839782714844e+00
-8.629562377929687500e+00
-8.628627777099609375e+00
-8.628627777099609375e+00
-8.627695083618164062e+00
-8.625835418701171875e+00
-8.625835418701171875e+00
-8.623985290527343750e+00
-8.623063087463378906e+00
-8.622142791748046875e+00
-8.621225357055664062e+00
-8.621225357055664062e+00
-8.619397163391113281e+00
-8.618486404418945312e+00
-8.618486404418945312e+00
-8.616670608520507812e+00
-8.615766525268554688e+00
-8.615766525268554688e+00
-8.613965034484863281e+00
-8.613066673278808594e+00
-8.612171173095703125e+00
-8.611277580261230469e+00
-8.610386848449707031e+00
-8.609498023986816406e+00
-8.608611106872558594e+00
-8.608611106872558594e+00
-8.607726097106933594e+00
-8.605963706970214844e+00
-8.605963706970214844e+00
-8.604209899902343750e+00
-8.603336334228515625e+00
-8.603336334228515625e+00
-8.602464675903320312e+00
-8.600728034973144531e+00
-8.599863052368164062e+00
-8.598999977111816406e+00
-8.598999977111816406e+00
-8.597280502319335938e+00
-8.596424102783203125e+00
-8.596424102783203125e+00
-8.594717979431152344e+00
-8.593868255615234375e+00
-8.593020439147949219e+00
-8.592175483703613281e+00
-8.592175483703613281e+00
-8.591331481933593750e+00
-8.589651107788085938e+00
-8.589651107788085938e+00
-8.587980270385742188e+00
-8.587147712707519531e+00
-8.586317062377929688e+00
-8.585488319396972656e+00
-8.585488319396972656e+00
-8.583838462829589844e+00
-8.583838462829589844e+00
-8.583017349243164062e+00
-8.581379890441894531e+00
-8.580564498901367188e+00
-8.579751014709472656e+00
-8.578940391540527344e+00
-8.578940391540527344e+00
-8.578131675720214844e+00
-8.576519966125488281e+00
-8.576519966125488281e+00
-8.574916839599609375e+00
-8.574118614196777344e+00
-8.573322296142578125e+00
-8.573322296142578125e+00
-8.573322296142578125e+00
-8.571737289428710938e+00
-8.570159912109375000e+00
-8.568591117858886719e+00
-8.568591117858886719e+00
-8.568591117858886719e+00
-8.566253662109375000e+00
-8.566253662109375000e+00
-8.566253662109375000e+00
-8.565479278564453125e+00
-8.563936233520507812e+00
-8.563167572021484375e+00
-8.562401771545410156e+00
-8.562401771545410156e+00
-8.560874938964843750e+00
-8.560114860534667969e+00
-8.559357643127441406e+00
-8.559357643127441406e+00
-8.557847976684570312e+00
-8.557096481323242188e+00
-8.555600166320800781e+00
-8.555600166320800781e+00
-8.555600166320800781e+00
-8.554854393005371094e+00
-8.553370475769042969e+00
-8.553370475769042969e+00
-8.552632331848144531e+00
-8.551160812377929688e+00
-8.551160812377929688e+00
-8.549697875976562500e+00
-8.548969268798828125e+00
-8.548243522644042969e+00
-8.547518730163574219e+00
-8.547518730163574219e+00
-8.546076774597167969e+00
-8.545359611511230469e+00
-8.545359611511230469e+00
-8.543930053710937500e+00
-8.543218612670898438e+00
-8.543218612670898438e+00
-8.541801452636718750e+00
-8.541095733642578125e+00
-8.541095733642578125e+00
-8.539691925048828125e+00
-8.539691925048828125e+00
-8.538992881774902344e+00
-8.537600517272949219e+00
-8.537600517272949219e+00
-8.536216735839843750e+00
-8.535528182983398438e+00
-8.535528182983398438e+00
-8.534157752990722656e+00
-8.532794952392578125e+00
-8.532794952392578125e+00
-8.532115936279296875e+00
-8.532115936279296875e+00
-8.531439781188964844e+00
-8.530094146728515625e+00
-8.530094146728515625e+00
-8.528756141662597656e+00
-8.528756141662597656e+00
-8.528089523315429688e+00
-8.526763916015625000e+00
-8.526763916015625000e+00
-8.525446891784667969e+00
-8.524791717529296875e+00
-8.524791717529296875e+00
-8.524791717529296875e+00
-8.522836685180664062e+00
-8.522189140319824219e+00
-8.521544456481933594e+00
-8.520259857177734375e+00
-8.520259857177734375e+00
-8.520259857177734375e+00
-8.518348693847656250e+00
-8.518348693847656250e+00
-8.518348693847656250e+00
-8.516455650329589844e+00
-8.516455650329589844e+00
-8.516455650329589844e+00
-8.514580726623535156e+00
-8.514580726623535156e+00
-8.514580726623535156e+00
-8.513959884643554688e+00
-8.512724876403808594e+00
-8.512724876403808594e+00
-8.511497497558593750e+00
-8.510886192321777344e+00
-8.510886192321777344e+00
-8.509671211242675781e+00
-8.509066581726074219e+00
-8.508464813232421875e+00
-8.507863998413085938e+00
-8.507863998413085938e+00
-8.506669044494628906e+00
-8.506074905395507812e+00
-8.506074905395507812e+00
-8.504892349243164062e+00
-8.504303932189941406e+00
-8.503717422485351562e+00
-8.502551078796386719e+00
-8.502551078796386719e+00
-8.501970291137695312e+00
-8.501970291137695312e+00
-8.501392364501953125e+00
-8.500242233276367188e+00
-8.500242233276367188e+00
-8.499670028686523438e+00
-8.498531341552734375e+00
-8.497964859008789062e+00
-8.497401237487792969e+00
-8.496838569641113281e+00
-8.496838569641113281e+00
-8.496838569641113281e+00
-8.496838569641113281e+00
-8.496838569641113281e+00
-8.496838569641113281e+00
-8.496838569641113281e+00
-8.496838569641113281e+00
-8.496838569641113281e+00
-8.496838569641113281e+00
-8.496838569641113281e+00
-8.494609832763671875e+00
-8.494057655334472656e+00
-8.494057655334472656e+00
-8.493507385253906250e+00
-8.492413520812988281e+00
-8.491868972778320312e+00
-8.491326332092285156e+00
-8.490786552429199219e+00
-8.490248680114746094e+00
-8.489711761474609375e+00
-8.489177703857421875e+00
-8.488645553588867188e+00
-8.488115310668945312e+00
-8.487586975097656250e+00
-8.487060546875000000e+00
-8.486536026000976562e+00
-8.486014366149902344e+00
-8.485493659973144531e+00
-8.484974861145019531e+00
-8.484458923339843750e+00
-8.483943939208984375e+00
-8.483431816101074219e+00
-8.482921600341796875e+00
-8.482413291931152344e+00
-8.481905937194824219e+00
-8.481401443481445312e+00
-8.480898857116699219e+00
-8.479900360107421875e+00
-8.479900360107421875e+00
-8.479403495788574219e+00
-8.478908538818359375e+00
-8.478415489196777344e+00
-8.477925300598144531e+00
-8.477436065673828125e+00
-8.476948738098144531e+00
-8.476464271545410156e+00
-8.475981712341308594e+00
-8.475500106811523438e+00
-8.475021362304687500e+00
-8.474544525146484375e+00
-8.474068641662597656e+00
-8.473595619201660156e+00
-8.473124504089355469e+00
-8.472655296325683594e+00
-8.472187995910644531e+00
-8.471722602844238281e+00
-8.471259117126464844e+00
-8.470797538757324219e+00
-8.470337867736816406e+00
-8.469880104064941406e+00
-8.469424247741699219e+00
-8.468971252441406250e+00
-8.468519210815429688e+00
-8.468519210815429688e+00
-8.468069076538085938e+00
-8.468069076538085938e+00
-8.468069076538085938e+00
-8.468069076538085938e+00
-8.468069076538085938e+00
-8.468069076538085938e+00
-8.468069076538085938e+00
-8.468069076538085938e+00
-8.468069076538085938e+00
-8.468069076538085938e+00
-8.468069076538085938e+00
-8.468069076538085938e+00
-8.468069076538085938e+00
-8.677030563354492188e+00
-8.678152084350585938e+00
-8.679272651672363281e+00
-8.680394172668457031e+00
-8.682636260986328125e+00
-8.682636260986328125e+00
-8.682636260986328125e+00
-8.685999870300292969e+00
-8.687121391296386719e+00
-8.687121391296386719e+00
-8.690485954284667969e+00
-8.690485954284667969e+00
-8.691607475280761719e+00
-8.691607475280761719e+00
-8.692728996276855469e+00
-8.693850517272949219e+00
-8.697216033935546875e+00
-8.697216033935546875e+00
-8.697216033935546875e+00
-8.698337554931640625e+00
-8.698337554931640625e+00
-8.701704025268554688e+00
-8.701704025268554688e+00
-8.703948974609375000e+00
-8.705071449279785156e+00
-8.705071449279785156e+00
-8.707316398620605469e+00
-8.707316398620605469e+00
-8.708438873291015625e+00
-8.710685729980468750e+00
-8.710685729980468750e+00
-8.712931632995605469e+00
-8.714055061340332031e+00
-8.715178489685058594e+00
-8.716302871704101562e+00
-8.716302871704101562e+00
-8.718550682067871094e+00
-8.719675064086914062e+00
-8.719675064086914062e+00
-8.721923828125000000e+00
-8.723049163818359375e+00
-8.723049163818359375e+00
-8.725298881530761719e+00
-8.725298881530761719e+00
-8.726424217224121094e+00
-8.728674888610839844e+00
-8.729801177978515625e+00
-8.729801177978515625e+00
-8.730927467346191406e+00
-8.732053756713867188e+00
-8.734306335449218750e+00
-8.735433578491210938e+00
-8.735433578491210938e+00
-8.737688064575195312e+00
-8.738815307617187500e+00
-8.738815307617187500e+00
-8.741071701049804688e+00
-8.741071701049804688e+00
-8.742199897766113281e+00
-8.744457244873046875e+00
-8.744457244873046875e+00
-8.746715545654296875e+00
-8.747845649719238281e+00
-8.748975753784179688e+00
-8.750105857849121094e+00
-8.751235961914062500e+00
-8.752367019653320312e+00
-8.753498077392578125e+00
-8.753498077392578125e+00
-8.754629135131835938e+00
-8.756892204284667969e+00
-8.756892204284667969e+00
-8.759157180786132812e+00
-8.759157180786132812e+00
-8.760290145874023438e+00
-8.762556076049804688e+00
-8.763689994812011719e+00
-8.764824867248535156e+00
-8.765958786010742188e+00
-8.765958786010742188e+00
-8.768228530883789062e+00
-8.769364356994628906e+00
-8.769364356994628906e+00
-8.771636009216308594e+00
-8.772772789001464844e+00
-8.773909568786621094e+00
-8.775047302246093750e+00
-8.776184082031250000e+00
-8.777322769165039062e+00
-8.778460502624511719e+00
-8.778460502624511719e+00
-8.780738830566406250e+00
-8.781878471374511719e+00
-8.781878471374511719e+00
-8.784158706665039062e+00
-8.785299301147460938e+00
-8.785299301147460938e+00
-8.787582397460937500e+00
-8.787582397460937500e+00
-8.787582397460937500e+00
-8.789866447448730469e+00
-8.791008949279785156e+00
-8.792152404785156250e+00
-8.794440269470214844e+00
-8.794440269470214844e+00
-8.796730041503906250e+00
-8.797875404357910156e+00
-8.799020767211914062e+00
-8.800168037414550781e+00
-8.800168037414550781e+00
-8.801314353942871094e+00
-8.804758071899414062e+00
-8.804758071899414062e+00
-8.804758071899414062e+00
-8.804758071899414062e+00
-8.807055473327636719e+00
-8.809355735778808594e+00
-8.809355735778808594e+00
-8.810506820678710938e+00
-8.811657905578613281e+00
-8.812808990478515625e+00
-8.815114021301269531e+00
-8.816267967224121094e+00
-8.817420959472656250e+00
-8.818575859069824219e+00
-8.818575859069824219e+00
-8.819730758666992188e+00
-8.822041511535644531e+00
-8.822041511535644531e+00
-8.825512886047363281e+00
-8.825512886047363281e+00
-8.826670646667480469e+00
-8.827829360961914062e+00
-8.828989028930664062e+00
-8.830148696899414062e+00
-8.831309318542480469e+00
-8.831309318542480469e+00
-8.831309318542480469e+00
-8.834793090820312500e+00
-8.834793090820312500e+00
-8.837119102478027344e+00
-8.838283538818359375e+00
-8.839447975158691406e+00
-8.840613365173339844e+00
-8.841778755187988281e+00
-8.842945098876953125e+00
-8.844112396240234375e+00
-8.844112396240234375e+00
-8.844112396240234375e+00
-8.847617149353027344e+00
-8.847617149353027344e+00
-8.849956512451171875e+00
-8.849956512451171875e+00
-8.851126670837402344e+00
-8.852298736572265625e+00
-8.854642868041992188e+00
-8.854642868041992188e+00
-8.856990814208984375e+00
-8.856990814208984375e+00
-8.858165740966796875e+00
-8.860516548156738281e+00
-8.860516548156738281e+00
-8.862871170043945312e+00
-8.864048957824707031e+00
-8.865227699279785156e+00
-8.866407394409179688e+00
-8.867588043212890625e+00
-8.868768692016601562e+00
-8.869950294494628906e+00
-8.869950294494628906e+00
-8.872315406799316406e+00
-8.873499870300292969e+00
-8.873499870300292969e+00
-8.875869750976562500e+00
-8.877055168151855469e+00
-8.878242492675781250e+00
-8.879429817199707031e+00
-8.881806373596191406e+00
-8.881806373596191406e+00
-8.882996559143066406e+00
-8.882996559143066406e+00
-8.884186744689941406e+00
-8.886570930480957031e+00
-8.887763023376464844e+00
-8.888957023620605469e+00
-8.888957023620605469e+00
-8.891346931457519531e+00
-8.892542839050292969e+00
-8.892542839050292969e+00
-8.893739700317382812e+00
-8.896135330200195312e+00
-8.896135330200195312e+00
-8.898534774780273438e+00
-8.899735450744628906e+00
-8.900937080383300781e+00
-8.902139663696289062e+00
-8.902139663696289062e+00
-8.903342247009277344e+00
-8.905751228332519531e+00
-8.906957626342773438e+00
-8.908164024353027344e+00
-8.909371376037597656e+00
-8.910579681396484375e+00
-8.911788940429687500e+00
-8.911788940429687500e+00
-8.914210319519042969e+00
-8.915422439575195312e+00
-8.915422439575195312e+00
-8.917848587036132812e+00
-8.917848587036132812e+00
-8.919062614440917969e+00
-8.921494483947753906e+00
-8.921494483947753906e+00
-8.922711372375488281e+00
-8.925148963928222656e+00
-8.925148963928222656e+00
-8.927589416503906250e+00
-8.928811073303222656e+00
-8.930033683776855469e+00
-8.931257247924804688e+00
-8.931257247924804688e+00
-8.932481765747070312e+00
-8.933707237243652344e+00
-8.934933662414550781e+00
-8.937389373779296875e+00
-8.938617706298828125e+00
-8.939847946166992188e+00
-8.941079139709472656e+00
-8.942311286926269531e+00
-8.942311286926269531e+00
-8.944778442382812500e+00
-8.944778442382812500e+00
-8.947249412536621094e+00
-8.948486328125000000e+00
-8.948486328125000000e+00
-8.950963020324707031e+00
-8.950963020324707031e+00
-8.953444480895996094e+00
-8.954686164855957031e+00
-8.954686164855957031e+00
-8.957173347473144531e+00
-8.958417892456054688e+00
-8.958417892456054688e+00
-8.960911750793457031e+00
-8.960911750793457031e+00
-8.963408470153808594e+00
-8.963408470153808594e+00
-8.964658737182617188e+00
-8.965909957885742188e+00
-8.969670295715332031e+00
-8.969670295715332031e+00
-8.970925331115722656e+00
-8.970925331115722656e+00
-8.973439216613769531e+00
-8.974698066711425781e+00
-8.974698066711425781e+00
-8.975957870483398438e+00
-8.978480339050292969e+00
-8.978480339050292969e+00
-8.981007575988769531e+00
-8.981007575988769531e+00
-8.983538627624511719e+00
-8.983538627624511719e+00
-8.983538627624511719e+00
-8.987344741821289062e+00
-8.988615036010742188e+00
-8.988615036010742188e+00
-8.989887237548828125e+00
-8.992434501647949219e+00
-8.993709564208984375e+00
-8.994985580444335938e+00
-8.994985580444335938e+00
-8.997542381286621094e+00
-8.997542381286621094e+00
-8.998822212219238281e+00
-9.001385688781738281e+00
-9.002668380737304688e+00
-9.003952980041503906e+00
-9.005238533020019531e+00
-9.005238533020019531e+00
-9.007813453674316406e+00
-9.009102821350097656e+00
-9.009102821350097656e+00
-9.011685371398925781e+00
-9.012977600097656250e+00
-9.012977600097656250e+00
-9.014271736145019531e+00
-9.015566825866699219e+00
-9.016863822937011719e+00
-9.019460678100585938e+00
-9.019460678100585938e+00
-9.019460678100585938e+00
-9.022061347961425781e+00
-9.023364067077636719e+00
-9.024668693542480469e+00
-9.025973320007324219e+00
-9.027279853820800781e+00
-9.028587341308593750e+00
-9.029895782470703125e+00
-9.031206130981445312e+00
-9.032517433166503906e+00
-9.033829689025878906e+00
-9.035143852233886719e+00
-9.036458969116210938e+00
-9.037775993347167969e+00
-9.040411949157714844e+00
-9.040411949157714844e+00
-9.040411949157714844e+00
-9.043054580688476562e+00
-9.045701026916503906e+00
-9.045701026916503906e+00
-9.047026634216308594e+00
-9.048354148864746094e+00
-9.049681663513183594e+00
-9.051011085510253906e+00
-9.052342414855957031e+00
-9.053674697875976562e+00
-9.055007934570312500e+00
-9.056343078613281250e+00
-9.057679176330566406e+00
-9.059016227722167969e+00
-9.060355186462402344e+00
-9.061696052551269531e+00
-9.063036918640136719e+00
-9.064379692077636719e+00
-9.067070007324218750e+00
-9.067070007324218750e+00
-9.068417549133300781e+00
-9.069766044616699219e+00
-9.071115493774414062e+00
-9.072466850280761719e+00
-9.073819160461425781e+00
-9.075173377990722656e+00
-9.076528549194335938e+00
-9.077885627746582031e+00
-9.079243659973144531e+00
-9.080603599548339844e+00
-9.081964492797851562e+00
-9.083327293395996094e+00
-9.084691047668457031e+00
-9.086056709289550781e+00
-9.087423324584960938e+00
-9.087423324584960938e+00
-9.090161323547363281e+00
-9.091532707214355469e+00
-9.092905044555664062e+00
-9.094279289245605469e+00
-9.095654487609863281e+00
-9.097031593322753906e+00
-9.098409652709960938e+00
-9.099789619445800781e+00
-9.101171493530273438e+00
-9.102554321289062500e+00
-9.103939056396484375e+00
-9.105324745178222656e+00
-9.106711387634277344e+00
-9.108100891113281250e+00
-9.109491348266601562e+00
-9.110882759094238281e+00
-9.110882759094238281e+00
-9.113671302795410156e+00
-9.115067481994628906e+00
-9.116465568542480469e+00
-9.117865562438964844e+00
-9.119266510009765625e+00
-9.120668411254882812e+00
-9.122073173522949219e+00
-9.123477935791015625e+00
-9.124885559082031250e+00
-9.126294136047363281e+00
-9.126294136047363281e+00
-9.129116058349609375e+00
-9.131944656372070312e+00
-9.131944656372070312e+00
-9.134779930114746094e+00
-9.134779930114746094e+00
-9.134779930114746094e+00
-9.139043807983398438e+00
-9.139043807983398438e+00
-9.141894340515136719e+00
-9.143321990966796875e+00
-9.144751548767089844e+00
-9.146182060241699219e+00
-9.146182060241699219e+00
-9.147614479064941406e+00
-9.150485038757324219e+00
-9.150485038757324219e+00
-9.150485038757324219e+00
-9.154802322387695312e+00
-9.154802322387695312e+00
-9.156244277954101562e+00
-9.159133911132812500e+00
-9.160581588745117188e+00
-9.160581588745117188e+00
-9.163481712341308594e+00
-9.164933204650878906e+00
-9.164933204650878906e+00
-9.167842864990234375e+00
-9.167842864990234375e+00
-9.170759201049804688e+00
-9.170759201049804688e+00
-9.172220230102539062e+00
-9.175147056579589844e+00
-9.175147056579589844e+00
-9.175147056579589844e+00
-9.179549217224121094e+00
-9.179549217224121094e+00
-9.182493209838867188e+00
-9.183967590332031250e+00
-9.185443878173828125e+00
-9.186921119689941406e+00
-9.186921119689941406e+00
-9.189882278442382812e+00
-9.192850112915039062e+00
-9.192850112915039062e+00
-9.192850112915039062e+00
-9.195824623107910156e+00
-9.197315216064453125e+00
-9.198806762695312500e+00
-9.198806762695312500e+00
-9.201795578002929688e+00
-9.203292846679687500e+00
-9.203292846679687500e+00
-9.206293106079101562e+00
-9.207795143127441406e+00
-9.207795143127441406e+00
-9.209300041198730469e+00
-9.210805892944335938e+00
-9.213823318481445312e+00
-9.215334892272949219e+00
-9.215334892272949219e+00
-9.218363761901855469e+00
-9.218363761901855469e+00
-9.219881057739257812e+00
-9.222920417785644531e+00
-9.222920417785644531e+00
-9.225967407226562500e+00
-9.227493286132812500e+00
-9.227493286132812500e+00
-9.227493286132812500e+00
-9.232083320617675781e+00
-9.232083320617675781e+00
-9.235152244567871094e+00
-9.238228797912597656e+00
-9.238228797912597656e+00
-9.239769935607910156e+00
-9.239769935607910156e+00
-9.242857933044433594e+00
-9.244404792785644531e+00
-9.244404792785644531e+00
-9.245953559875488281e+00
-9.250610351562500000e+00
-9.250610351562500000e+00
-9.250610351562500000e+00
-9.255285263061523438e+00
-9.255285263061523438e+00
-9.255285263061523438e+00
-9.256847381591796875e+00
-9.259977340698242188e+00
-9.261545181274414062e+00
-9.261545181274414062e+00
-9.263114929199218750e+00
-9.267835617065429688e+00
-9.267835617065429688e+00
-9.269413948059082031e+00
-9.269413948059082031e+00
-9.272574424743652344e+00
-9.274158477783203125e+00
-9.275743484497070312e+00
-9.275743484497070312e+00
-9.278921127319335938e+00
-9.280511856079101562e+00
-9.282105445861816406e+00
-9.282105445861816406e+00
-9.285298347473144531e+00
-9.286897659301757812e+00
-9.286897659301757812e+00
-9.290102958679199219e+00
-9.291707992553710938e+00
-9.291707992553710938e+00
-9.294925689697265625e+00
-9.298150062561035156e+00
-9.298150062561035156e+00
-9.298150062561035156e+00
-9.299766540527343750e+00
-9.303003311157226562e+00
-9.304625511169433594e+00
-9.304625511169433594e+00
-9.307874679565429688e+00
-9.309502601623535156e+00
-9.311133384704589844e+00
-9.312765121459960938e+00
-9.314399719238281250e+00
-9.316035270690917969e+00
-9.317673683166503906e+00
-9.317673683166503906e+00
-9.320957183837890625e+00
-9.320957183837890625e+00
-9.320957183837890625e+00
-9.325896263122558594e+00
-9.325896263122558594e+00
-9.329200744628906250e+00
-9.329200744628906250e+00
-9.329200744628906250e+00
-9.334171295166015625e+00
-9.334171295166015625e+00
-9.334171295166015625e+00
-9.339160919189453125e+00
-9.339160919189453125e+00
-9.342497825622558594e+00
-9.344169616699218750e+00
-9.345842361450195312e+00
-9.347518920898437500e+00
-9.347518920898437500e+00
-9.352558135986328125e+00
-9.352558135986328125e+00
-9.354242324829101562e+00
-9.354242324829101562e+00
-9.357616424560546875e+00
-9.357616424560546875e+00
-9.359306335449218750e+00
-9.362692832946777344e+00
-9.362692832946777344e+00
-9.366087913513183594e+00
-9.366087913513183594e+00
-9.371195793151855469e+00
-9.371195793151855469e+00
-9.371195793151855469e+00
-9.372902870178222656e+00
-9.376322746276855469e+00
-9.378036499023437500e+00
-9.379751205444335938e+00
-9.381468772888183594e+00
-9.381468772888183594e+00
-9.384909629821777344e+00
-9.386632919311523438e+00
-9.386632919311523438e+00
-9.390086174011230469e+00
-9.390086174011230469e+00
-9.391816139221191406e+00
-9.395281791687011719e+00
-9.395281791687011719e+00
-9.397017478942871094e+00
-9.400496482849121094e+00
-9.400496482849121094e+00
-9.403983116149902344e+00
-9.405729293823242188e+00
-9.407478332519531250e+00
-9.409228324890136719e+00
-9.409228324890136719e+00
-9.410981178283691406e+00
-9.414492607116699219e+00
-9.414492607116699219e+00
-9.418012619018554688e+00
-9.419775962829589844e+00
-9.421541213989257812e+00
-9.421541213989257812e+00
-9.425078392028808594e+00
-9.426849365234375000e+00
-9.428623199462890625e+00
-9.428623199462890625e+00
-9.432176589965820312e+00
-9.433956146240234375e+00
-9.433956146240234375e+00
-9.437522888183593750e+00
-9.439309120178222656e+00
-9.441097259521484375e+00
-9.442887306213378906e+00
-9.442887306213378906e+00
-9.446474075317382812e+00
-9.448270797729492188e+00
-9.448270797729492188e+00
-9.448270797729492188e+00
-9.451869964599609375e+00
-9.453673362731933594e+00
-9.457284927368164062e+00
-9.457284927368164062e+00
-9.459094047546386719e+00
-9.462718963623046875e+00
-9.462718963623046875e+00
-9.462718963623046875e+00
-9.468171119689941406e+00
-9.468171119689941406e+00
-9.471817016601562500e+00
-9.473643302917480469e+00
-9.475471496582031250e+00
-9.477301597595214844e+00
-9.477301597595214844e+00
-9.480967521667480469e+00
-9.482804298400878906e+00
-9.482804298400878906e+00
-9.486483573913574219e+00
-9.488326072692871094e+00
-9.490170478820800781e+00
-9.490170478820800781e+00
-9.492017745971679688e+00
-9.495718002319335938e+00
-9.497570991516113281e+00
-9.497570991516113281e+00
-9.501283645629882812e+00
-9.503143310546875000e+00
-9.505004882812500000e+00
-9.506868362426757812e+00
-9.508733749389648438e+00
-9.510601997375488281e+00
-9.512472152709960938e+00
-9.512472152709960938e+00
-9.516218185424804688e+00
-9.518094062805175781e+00
-9.519972801208496094e+00
-9.521853446960449219e+00
-9.523736000061035156e+00
-9.523736000061035156e+00
-9.527507781982421875e+00
-9.527507781982421875e+00
-9.529396057128906250e+00
-9.529396057128906250e+00
-9.533180236816406250e+00
-9.536972999572753906e+00
-9.538872718811035156e+00
-9.538872718811035156e+00
-9.542677879333496094e+00
-9.544583320617675781e+00
-9.546491622924804688e+00
-9.548400878906250000e+00
-9.548400878906250000e+00
-9.550312995910644531e+00
-9.554143905639648438e+00
-9.554143905639648438e+00
-9.557982444763183594e+00
-9.559905052185058594e+00
-9.559905052185058594e+00
-9.563756942749023438e+00
-9.563756942749023438e+00
-9.567616462707519531e+00
-9.569549560546875000e+00
-9.569549560546875000e+00
-9.573422431945800781e+00
-9.575362205505371094e+00
-9.577303886413574219e+00
-9.579247474670410156e+00
-9.579247474670410156e+00
-9.583141326904296875e+00
-9.585090637207031250e+00
-9.585090637207031250e+00
-9.588996887207031250e+00
-9.590953826904296875e+00
-9.590953826904296875e+00
-9.594872474670410156e+00
-9.594872474670410156e+00
-9.596835136413574219e+00
-9.600767135620117188e+00
-9.600767135620117188e+00
-9.604707717895507812e+00
-9.606680870056152344e+00
-9.606680870056152344e+00
-9.610633850097656250e+00
-9.610633850097656250e+00
-9.614594459533691406e+00
-9.614594459533691406e+00
-9.614594459533691406e+00
-9.620553016662597656e+00
-9.622542381286621094e+00
-9.622542381286621094e+00
-9.626529693603515625e+00
-9.628525733947753906e+00
-9.630524635314941406e+00
-9.632525444030761719e+00
-9.632525444030761719e+00
-9.636533737182617188e+00
-9.638540267944335938e+00
-9.640549659729003906e+00
-9.642560958862304688e+00
-9.646590232849121094e+00
-9.646590232849121094e+00
-9.648608207702636719e+00
-9.648608207702636719e+00
-9.650627136230468750e+00
-9.652649879455566406e+00
-9.654673576354980469e+00
-9.658727645874023438e+00
-9.660758972167968750e+00
-9.662791252136230469e+00
-9.664825439453125000e+00
-9.664825439453125000e+00
-9.668901443481445312e+00
-9.670942306518554688e+00
-9.670942306518554688e+00
-9.675030708312988281e+00
-9.677078247070312500e+00
-9.677078247070312500e+00
-9.681179046630859375e+00
-9.683233261108398438e+00
-9.685289382934570312e+00
-9.687347412109375000e+00
-9.687347412109375000e+00
-9.689407348632812500e+00
-9.693533897399902344e+00
-9.693533897399902344e+00
-9.697669029235839844e+00
-9.699739456176757812e+00
-9.699739456176757812e+00
-9.703887939453125000e+00
-9.705965042114257812e+00
-9.705965042114257812e+00
-9.710125923156738281e+00
-9.710125923156738281e+00
-9.710125923156738281e+00
-9.716382980346679688e+00
-9.716382980346679688e+00
-9.718472480773925781e+00
-9.722659111022949219e+00
-9.722659111022949219e+00
-9.724755287170410156e+00
-9.726853370666503906e+00
-9.728954315185546875e+00
-9.733161926269531250e+00
-9.735268592834472656e+00
-9.735268592834472656e+00
-9.739488601684570312e+00
-9.741601943969726562e+00
-9.741601943969726562e+00
-9.743717193603515625e+00
-9.743717193603515625e+00
-9.750076293945312500e+00
-9.750076293945312500e+00
-9.754326820373535156e+00
-9.756455421447753906e+00
-9.758585929870605469e+00
-9.758585929870605469e+00
-9.760718345642089844e+00
-9.767127990722656250e+00
-9.767127990722656250e+00
-9.767127990722656250e+00
-9.769268989562988281e+00
-9.773557662963867188e+00
-9.773557662963867188e+00
-9.773557662963867188e+00
-9.780006408691406250e+00
-9.780006408691406250e+00
-9.784317016601562500e+00
-9.786474227905273438e+00
-9.786474227905273438e+00
-9.790797233581542969e+00
-9.790797233581542969e+00
-9.792962074279785156e+00
-9.795128822326660156e+00
-9.799468040466308594e+00
-9.801641464233398438e+00
-9.803816795349121094e+00
-9.803816795349121094e+00
-9.808173179626464844e+00
-9.810355186462402344e+00
-9.812539100646972656e+00
-9.814724922180175781e+00
-9.816912651062011719e+00
-9.816912651062011719e+00
-9.821295738220214844e+00
-9.821295738220214844e+00
-9.825686454772949219e+00
-9.827885627746582031e+00
-9.827885627746582031e+00
-9.832289695739746094e+00
-9.834494590759277344e+00
-9.836702346801757812e+00
-9.838911056518554688e+00
-9.838911056518554688e+00
-9.843337059020996094e+00
-9.845552444458007812e+00
-9.845552444458007812e+00
-9.849990844726562500e+00
-9.852212905883789062e+00
-9.854437828063964844e+00
-9.856664657592773438e+00
-9.856664657592773438e+00
-9.861124038696289062e+00
-9.863357543945312500e+00
-9.863357543945312500e+00
-9.865592002868652344e+00
-9.870069503784179688e+00
-9.872310638427734375e+00
-9.874554634094238281e+00
-9.876800537109375000e+00
-9.879048347473144531e+00
-9.881299018859863281e+00
-9.883551597595214844e+00
-9.885806083679199219e+00
-9.888062477111816406e+00
-9.888062477111816406e+00
-9.890321731567382812e+00
-9.892581939697265625e+00
-9.894845008850097656e+00
-9.899377822875976562e+00
-9.901647567749023438e+00
-9.903919219970703125e+00
-9.906192779541015625e+00
-9.908469200134277344e+00
-9.910747528076171875e+00
-9.913027763366699219e+00
-9.913027763366699219e+00
-9.913027763366699219e+00
-9.917594909667968750e+00
-9.919881820678710938e+00
-9.924461364746093750e+00
-9.926754951477050781e+00
-9.929050445556640625e+00
-9.931347846984863281e+00
-9.931347846984863281e+00
-9.935949325561523438e+00
-9.938253402709960938e+00
-9.938253402709960938e+00
-9.942867279052734375e+00
-9.945178031921386719e+00
-9.947490692138671875e+00
-9.947490692138671875e+00
-9.952122688293457031e+00
-9.954441070556640625e+00
-9.954441070556640625e+00
-9.959086418151855469e+00
-9.961411476135253906e+00
-9.961411476135253906e+00
-9.968400955200195312e+00
-9.968400955200195312e+00
-9.968400955200195312e+00
-9.970735549926757812e+00
-9.975410461425781250e+00
-9.975410461425781250e+00
-9.977750778198242188e+00
-9.982438087463378906e+00
-9.982438087463378906e+00
-9.987134933471679688e+00
-9.989486694335937500e+00
-9.991840362548828125e+00
-9.994195938110351562e+00
-9.996553421020507812e+00
-9.996553421020507812e+00
-1.000127601623535156e+01
-1.000127601623535156e+01
-1.000364017486572266e+01
-1.000837516784667969e+01
-1.000837516784667969e+01
-1.001074600219726562e+01
-1.001549434661865234e+01
-1.001549434661865234e+01
-1.002025127410888672e+01
-1.002263355255126953e+01
-1.002263355255126953e+01
-1.002740287780761719e+01
-1.002979087829589844e+01
-1.002979087829589844e+01
-1.003457450866699219e+01
-1.003457450866699219e+01
-1.003936576843261719e+01
-1.004176425933837891e+01
-1.004176425933837891e+01
-1.004656887054443359e+01
-1.004897499084472656e+01
-1.004897499084472656e+01
-1.005379199981689453e+01
-1.005861854553222656e+01
-1.005861854553222656e+01
-1.006103420257568359e+01
-1.006103420257568359e+01
-1.006587409973144531e+01
-1.006829643249511719e+01
-1.006829643249511719e+01
-1.007314872741699219e+01
-1.007314872741699219e+01
-1.007557773590087891e+01
-1.007800960540771484e+01
-1.008044338226318359e+01
-1.008531665802001953e+01
-1.008775711059570312e+01
-1.009019947052001953e+01
-1.009264373779296875e+01
-1.009264373779296875e+01
-1.009509086608886719e+01
-1.009999084472656250e+01
-1.010244369506835938e+01
-1.010489940643310547e+01
-1.010735702514648438e+01
-1.010735702514648438e+01
-1.011227798461914062e+01
-1.011474227905273438e+01
-1.011474227905273438e+01
-1.011720848083496094e+01
-1.012214756011962891e+01
-1.012462043762207031e+01
-1.012709522247314453e+01
-1.012709522247314453e+01
-1.013205146789550781e+01
-1.013453292846679688e+01
-1.013453292846679688e+01
-1.013950252532958984e+01
-1.013950252532958984e+01
-1.013950252532958984e+01
-1.014697265625000000e+01
-1.014946746826171875e+01
-1.015196418762207031e+01
-1.015446281433105469e+01
-1.015446281433105469e+01
-1.015946674346923828e+01
-1.016197299957275391e+01
-1.016448020935058594e+01
-1.016699028015136719e+01
-1.016699028015136719e+01
-1.017201614379882812e+01
-1.017201614379882812e+01
-1.017453193664550781e+01
-1.017957115173339844e+01
-1.017957115173339844e+01
-1.018209362030029297e+01
-1.018461894989013672e+01
-1.018967533111572266e+01
-1.018967533111572266e+01
-1.019474124908447266e+01
-1.019727706909179688e+01
-1.019981479644775391e+01
-1.020235538482666016e+01
-1.020235538482666016e+01
-1.020744228363037109e+01
-1.020998859405517578e+01
-1.020998859405517578e+01
-1.021508884429931641e+01
-1.021764278411865234e+01
-1.022019767761230469e+01
-1.022019767761230469e+01
-1.022019767761230469e+01
-1.022787761688232422e+01
-1.023044204711914062e+01
-1.023044204711914062e+01
-1.023557662963867188e+01
-1.023557662963867188e+01
-1.023814773559570312e+01
-1.024329566955566406e+01
-1.024329566955566406e+01
-1.024587345123291016e+01
-1.025103473663330078e+01
-1.025103473663330078e+01
-1.025361824035644531e+01
-1.025620460510253906e+01
-1.025620460510253906e+01
-1.026397609710693359e+01
-1.026657104492187500e+01
-1.026657104492187500e+01
-1.027176761627197266e+01
-1.027176761627197266e+01
-1.027436923980712891e+01
-1.027957820892333984e+01
-1.027957820892333984e+01
-1.028479671478271484e+01
-1.028479671478271484e+01
-1.028740882873535156e+01
-1.029264068603515625e+01
-1.029264068603515625e+01
-1.029525947570800781e+01
-1.030050373077392578e+01
-1.030050373077392578e+01
-1.030312919616699219e+01
-1.030575752258300781e+01
-1.030838680267333984e+01
-1.031365299224853516e+01
-1.031628990173339844e+01
-1.031892871856689453e+01
-1.032156944274902344e+01
-1.032156944274902344e+01
-1.032156944274902344e+01
-1.032950496673583984e+01
-1.032950496673583984e+01
-1.032950496673583984e+01
-1.033746051788330078e+01
-1.033746051788330078e+01
-1.034011745452880859e+01
-1.034809875488281250e+01
-1.034809875488281250e+01
-1.035076427459716797e+01
-1.035076427459716797e+01
-1.035610103607177734e+01
-1.035877227783203125e+01
-1.035877227783203125e+01
-1.036412239074707031e+01
-1.036680030822753906e+01
-1.036948108673095703e+01
-1.037216281890869141e+01
-1.037216281890869141e+01
-1.037484836578369141e+01
-1.038022422790527344e+01
-1.038291549682617188e+01
-1.038560867309570312e+01
-1.038830471038818359e+01
-1.039100265502929688e+01
-1.039370250701904297e+01
-1.039640426635742188e+01
-1.039910888671875000e+01
-1.039910888671875000e+01
-1.040181541442871094e+01
-1.040723419189453125e+01
-1.040994644165039062e+01
-1.040994644165039062e+01
-1.041266155242919922e+01
-1.041809749603271484e+01
-1.042081928253173828e+01
-1.042354202270507812e+01
-1.042354202270507812e+01
-1.042899513244628906e+01
-1.043172454833984375e+01
-1.043172454833984375e+01
-1.043718910217285156e+01
-1.044266319274902344e+01
-1.044266319274902344e+01
-1.044266319274902344e+01
-1.044540214538574219e+01
-1.045363426208496094e+01
-1.045363426208496094e+01
-1.045913124084472656e+01
-1.045913124084472656e+01
-1.046188354492187500e+01
-1.046463680267333984e+01
-1.046739292144775391e+01
-1.047015094757080078e+01
-1.047291088104248047e+01
-1.047567272186279297e+01
-1.047843647003173828e+01
-1.048120212554931641e+01
-1.048396968841552734e+01
-1.048396968841552734e+01
-1.048951148986816406e+01
-1.049228477478027344e+01
-1.049228477478027344e+01
-1.049783802032470703e+01
-1.050061702728271484e+01
-1.050339889526367188e+01
-1.050618171691894531e+01
-1.050618171691894531e+01
-1.051175403594970703e+01
-1.051454257965087891e+01
-1.051454257965087891e+01
-1.052012634277343750e+01
-1.052012634277343750e+01
-1.052292156219482422e+01
-1.052851581573486328e+01
-1.052851581573486328e+01
-1.053411865234375000e+01
-1.053692245483398438e+01
-1.053692245483398438e+01
-1.054253578186035156e+01
-1.054534530639648438e+01
-1.054815673828125000e+01
-1.055097007751464844e+01
-1.055097007751464844e+01
-1.055660152435302734e+01
-1.055942058563232422e+01
-1.055942058563232422e+01
-1.056506347656250000e+01
-1.057071304321289062e+01
-1.057071304321289062e+01
-1.057354068756103516e+01
-1.057354068756103516e+01
-1.057354068756103516e+01
-1.058203411102294922e+01
-1.058486843109130859e+01
-1.058770465850830078e+01
-1.059338283538818359e+01
-1.059338283538818359e+01
-1.059622478485107422e+01
-1.059622478485107422e+01
-1.060191345214843750e+01
-1.060476016998291016e+01
-1.060760879516601562e+01
-1.061045837402343750e+01
-1.061331081390380859e+01
-1.061331081390380859e+01
-1.061901950836181641e+01
-1.061901950836181641e+01
-1.062187671661376953e+01
-1.062759590148925781e+01
-1.062759590148925781e+01
-1.063045787811279297e+01
-1.063618659973144531e+01
-1.063905429840087891e+01
-1.064192295074462891e+01
-1.064192295074462891e+01
-1.064479351043701172e+01
-1.064766502380371094e+01
-1.065341377258300781e+01
-1.065629100799560547e+01
-1.066204929351806641e+01
-1.066204929351806641e+01
-1.066204929351806641e+01
-1.066204929351806641e+01
-1.066781425476074219e+01
-1.067647361755371094e+01
-1.067647361755371094e+01
-1.067647361755371094e+01
-1.068225383758544922e+01
-1.068514728546142578e+01
-1.068514728546142578e+01
-1.068804073333740234e+01
-1.069673347473144531e+01
-1.070253562927246094e+01
-1.070543956756591797e+01
-1.070834445953369141e+01
-1.071125030517578125e+01
-1.071706867218017578e+01
-1.071706867218017578e+01
-1.071997928619384766e+01
-1.072289180755615234e+01
-1.072289180755615234e+01
-1.072872161865234375e+01
-1.073455715179443359e+01
-1.073747634887695312e+01
-1.073747634887695312e+01
-1.074039745330810547e+01
-1.074332046508789062e+01
-1.074332046508789062e+01
-1.074917030334472656e+01
-1.074917030334472656e+01
-1.075209808349609375e+01
-1.075502586364746094e+01
-1.075795650482177734e+01
-1.076382064819335938e+01
-1.076382064819335938e+01
-1.076675415039062500e+01
-1.076969051361083984e+01
-1.077262687683105469e+01
-1.077556514739990234e+01
-1.077850532531738281e+01
-1.078438854217529297e+01
-1.078438854217529297e+01
-1.078733253479003906e+01
-1.079027748107910156e+01
-1.079617214202880859e+01
-1.079617214202880859e+01
-1.079912185668945312e+01
-1.080207252502441406e+01
-1.080502414703369141e+01
-1.080797767639160156e+01
-1.081093215942382812e+01
-1.081388759613037109e+01
-1.081684494018554688e+01
-1.082276344299316406e+01
-1.082276344299316406e+01
-1.082868671417236328e+01
-1.082868671417236328e+01
-1.083461570739746094e+01
-1.083461570739746094e+01
-1.083758163452148438e+01
-1.084054946899414062e+01
-1.084351825714111328e+01
-1.084648799896240234e+01
-1.084945869445800781e+01
-1.085243129730224609e+01
-1.085540485382080078e+01
-1.085838031768798828e+01
-1.086135673522949219e+01
-1.086433410644531250e+01
-1.086731243133544922e+01
-1.087029170989990234e+01
-1.087327289581298828e+01
-1.087625503540039062e+01
-1.087923908233642578e+01
-1.088222312927246094e+01
-1.088520908355712891e+01
-1.088819599151611328e+01
-1.089118385314941406e+01
-1.089417362213134766e+01
-1.089716339111328125e+01
-1.090015506744384766e+01
-1.090314769744873047e+01
-1.090614128112792969e+01
-1.090913677215576172e+01
-1.091213321685791016e+01
-1.091512966156005859e+01
-1.091512966156005859e+01
-1.091512966156005859e+01
-1.091512966156005859e+01
-1.091512966156005859e+01
-1.091512966156005859e+01
-1.091512966156005859e+01
-1.091512966156005859e+01
-1.091512966156005859e+01
-1.091512966156005859e+01
-1.091512966156005859e+01
-1.091512966156005859e+01
-1.091512966156005859e+01
-1.091512966156005859e+01
-1.091512966156005859e+01
-1.091512966156005859e+01
-1.091512966156005859e+01
-1.091512966156005859e+01
-1.091512966156005859e+01
-1.091512966156005859e+01
-1.236379909515380859e+01
-1.236679553985595703e+01
-1.236979293823242188e+01
-1.237278938293457031e+01
-1.237578582763671875e+01
-1.238177871704101562e+01
-1.238177871704101562e+01
-1.238777160644531250e+01
-1.238777160644531250e+01
-1.239376544952392578e+01
-1.239376544952392578e+01
-1.239676189422607422e+01
-1.239975833892822266e+01
-1.240575122833251953e+01
-1.240575122833251953e+01
-1.240874767303466797e+01
-1.241474151611328125e+01
-1.241773796081542969e+01
-1.241773796081542969e+01
-1.242073440551757812e+01
-1.242373085021972656e+01
-1.242672729492187500e+01
-1.242972373962402344e+01
-1.243272113800048828e+01
-1.243571758270263672e+01
-1.243871402740478516e+01
-1.244470691680908203e+01
-1.244770336151123047e+01
-1.245069980621337891e+01
-1.245369625091552734e+01
-1.245669364929199219e+01
-1.245969009399414062e+01
-1.246268653869628906e+01
-1.246268653869628906e+01
-1.246867942810058594e+01
-1.247167587280273438e+01
-1.247167587280273438e+01
-1.247766971588134766e+01
-1.248066616058349609e+01
-1.248066616058349609e+01
-1.248665904998779297e+01
-1.249265193939208984e+01
-1.249265193939208984e+01
-1.249564838409423828e+01
-1.249564838409423828e+01
-1.250164222717285156e+01
-1.250463867187500000e+01
-1.250763511657714844e+01
-1.251063156127929688e+01
-1.251362800598144531e+01
-1.251662445068359375e+01
-1.251662445068359375e+01
-1.251962184906005859e+01
-1.252261829376220703e+01
-1.252861118316650391e+01
-1.252861118316650391e+01
-1.253160762786865234e+01
-1.253760051727294922e+01
-1.253760051727294922e+01
-1.253760051727294922e+01
-1.254659080505371094e+01
-1.254958724975585938e+01
-1.254958724975585938e+01
-1.254958724975585938e+01
-1.254958724975585938e+01
-1.256157398223876953e+01
-1.256157398223876953e+01
-1.256157398223876953e+01
-1.257056331634521484e+01
-1.257056331634521484e+01
-1.257655620574951172e+01
-1.257955265045166016e+01
-1.257955265045166016e+01
-1.258554649353027344e+01
-1.258854293823242188e+01
-1.258854293823242188e+01
-1.259453582763671875e+01
-1.259453582763671875e+01
-1.259753227233886719e+01
-1.260352611541748047e+01
-1.260652256011962891e+01
-1.260951900482177734e+01
-1.261251544952392578e+01
-1.261551189422607422e+01
-1.261850833892822266e+01
-1.261850833892822266e+01
-1.262450218200683594e+01
-1.262749862670898438e+01
-1.262749862670898438e+01
-1.263349151611328125e+01
-1.263648796081542969e+01
-1.263948440551757812e+01
-1.264248085021972656e+01
-1.264248085021972656e+01
-1.264547824859619141e+01
-1.265147113800048828e+01
-1.265147113800048828e+01
-1.265746402740478516e+01
-1.266046047210693359e+01
-1.266046047210693359e+01
-1.266645431518554688e+01
-1.266645431518554688e+01
-1.266945075988769531e+01
-1.267544364929199219e+01
-1.267844009399414062e+01
-1.268143653869628906e+01
-1.268443298339843750e+01
-1.268743038177490234e+01
-1.269042682647705078e+01
-1.269042682647705078e+01
-1.269342327117919922e+01
-1.269941616058349609e+01
-1.269941616058349609e+01
-1.270541000366210938e+01
-1.270840644836425781e+01
-1.270840644836425781e+01
-1.271439933776855469e+01
-1.271439933776855469e+01
-1.271739578247070312e+01
-1.272338867187500000e+01
-1.272338867187500000e+01
-1.272938251495361328e+01
-1.273237895965576172e+01
-1.273237895965576172e+01
-1.273837184906005859e+01
-1.273837184906005859e+01
-1.274136829376220703e+01
-1.274736213684082031e+01
-1.275035858154296875e+01
-1.275035858154296875e+01
-1.275335502624511719e+01
-1.276234436035156250e+01
-1.276234436035156250e+01
-1.276234436035156250e+01
-1.276234436035156250e+01
-1.277133464813232422e+01
-1.277133464813232422e+01
-1.277433109283447266e+01
-1.278032398223876953e+01
-1.278032398223876953e+01
-1.278332042694091797e+01
-1.278931427001953125e+01
-1.278931427001953125e+01
-1.279530715942382812e+01
-1.279830360412597656e+01
-1.280130004882812500e+01
-1.280429744720458984e+01
-1.280429744720458984e+01
-1.280729389190673828e+01
-1.281328678131103516e+01
-1.281328678131103516e+01
-1.281927967071533203e+01
-1.282227706909179688e+01
-1.282527351379394531e+01
-1.282826995849609375e+01
-1.282826995849609375e+01
-1.283126640319824219e+01
-1.283725929260253906e+01
-1.283725929260253906e+01
-1.283725929260253906e+01
-1.284624958038330078e+01
-1.284624958038330078e+01
-1.285224246978759766e+01
-1.285523891448974609e+01
-1.285823535919189453e+01
-1.286123275756835938e+01
-1.286123275756835938e+01
-1.286422920227050781e+01
-1.287022209167480469e+01
-1.287022209167480469e+01
-1.287621498107910156e+01
-1.287921237945556641e+01
-1.288220882415771484e+01
-1.288520526885986328e+01
-1.288820171356201172e+01
-1.289119815826416016e+01
-1.289419460296630859e+01
-1.289419460296630859e+01
-1.289419460296630859e+01
-1.290318489074707031e+01
-1.290318489074707031e+01
-1.290917778015136719e+01
-1.291217422485351562e+01
-1.291217422485351562e+01
-1.291517162322998047e+01
-1.292116451263427734e+01
-1.292416095733642578e+01
-1.292416095733642578e+01
-1.292715740203857422e+01
-1.293015384674072266e+01
-1.293614768981933594e+01
-1.293614768981933594e+01
-1.293914413452148438e+01
-1.294513702392578125e+01
-1.294813346862792969e+01
-1.295113086700439453e+01
-1.295113086700439453e+01
-1.295412731170654297e+01
-1.296012020111083984e+01
-1.296012020111083984e+01
-1.296611309051513672e+01
-1.296911048889160156e+01
-1.296911048889160156e+01
-1.297510337829589844e+01
-1.297510337829589844e+01
-1.297510337829589844e+01
-1.298409271240234375e+01
-1.298409271240234375e+01
-1.298709011077880859e+01
-1.299008655548095703e+01
-1.299008655548095703e+01
-1.299308300018310547e+01
-1.299907588958740234e+01
-1.300506973266601562e+01
-1.300506973266601562e+01
-1.300806617736816406e+01
-1.301106262207031250e+01
-1.301705551147460938e+01
-1.301705551147460938e+01
-1.302304935455322266e+01
-1.302904224395751953e+01
-1.302904224395751953e+01
-1.303203868865966797e+01
-1.303503608703613281e+01
-1.303503608703613281e+01
-1.304102897644042969e+01
-1.304102897644042969e+01
-1.304402542114257812e+01
-1.305001831054687500e+01
-1.305001831054687500e+01
-1.305301570892333984e+01
-1.305900859832763672e+01
-1.305900859832763672e+01
-1.306500148773193359e+01
-1.306799888610839844e+01
-1.307099533081054688e+01
-1.307399177551269531e+01
-1.307399177551269531e+01
-1.307998466491699219e+01
-1.308298110961914062e+01
-1.308298110961914062e+01
-1.308897495269775391e+01
-1.309197139739990234e+01
-1.309496784210205078e+01
-1.309796428680419922e+01
-1.309796428680419922e+01
-1.310096168518066406e+01
-1.310695457458496094e+01
-1.310695457458496094e+01
-1.310695457458496094e+01
-1.311594486236572266e+01
-1.311594486236572266e+01
-1.311594486236572266e+01
-1.312493419647216797e+01
-1.312493419647216797e+01
-1.313092803955078125e+01
-1.313392448425292969e+01
-1.313692092895507812e+01
-1.313991737365722656e+01
-1.314291381835937500e+01
-1.314591121673583984e+01
-1.314890766143798828e+01
-1.314890766143798828e+01
-1.315190410614013672e+01
-1.315789699554443359e+01
-1.315789699554443359e+01
-1.316389083862304688e+01
-1.316389083862304688e+01
-1.316389083862304688e+01
-1.317288017272949219e+01
-1.317288017272949219e+01
-1.317587757110595703e+01
-1.318187046051025391e+01
-1.318187046051025391e+01
-1.318786334991455078e+01
-1.318786334991455078e+01
-1.319385719299316406e+01
-1.319685363769531250e+01
-1.319685363769531250e+01
-1.319985008239746094e+01
-1.320584392547607422e+01
-1.320584392547607422e+01
-1.321183681488037109e+01
-1.321483325958251953e+01
-1.321782970428466797e+01
-1.322082710266113281e+01
-1.322382354736328125e+01
-1.322681999206542969e+01
-1.322981643676757812e+01
-1.323281288146972656e+01
-1.323581027984619141e+01
-1.323880672454833984e+01
-1.324180316925048828e+01
-1.324479961395263672e+01
-1.324479961395263672e+01
-1.324779701232910156e+01
-1.325378990173339844e+01
-1.325378990173339844e+01
-1.325978279113769531e+01
-1.326278018951416016e+01
-1.326278018951416016e+01
-1.326877307891845703e+01
-1.327176952362060547e+01
-1.327176952362060547e+01
-1.327476596832275391e+01
-1.327776336669921875e+01
-1.328375625610351562e+01
-1.328675270080566406e+01
-1.328675270080566406e+01
-1.328975009918212891e+01
-1.329274654388427734e+01
-1.329574298858642578e+01
-1.329574298858642578e+01
-1.330473327636718750e+01
-1.330772972106933594e+01
-1.331072616577148438e+01
-1.331072616577148438e+01
-1.331372261047363281e+01
-1.331372261047363281e+01
-1.331971645355224609e+01
-1.332271289825439453e+01
-1.332570934295654297e+01
-1.332870578765869141e+01
-1.333170318603515625e+01
-1.333469963073730469e+01
-1.333769607543945312e+01
-1.334069252014160156e+01
-1.334368991851806641e+01
-1.334668636322021484e+01
-1.335267925262451172e+01
-1.335567665100097656e+01
-1.335867309570312500e+01
-1.336166954040527344e+01
-1.336166954040527344e+01
-1.336466598510742188e+01
-1.336766338348388672e+01
-1.336766338348388672e+01
-1.337065982818603516e+01
-1.337964916229248047e+01
-1.338264656066894531e+01
-1.338564300537109375e+01
-1.338564300537109375e+01
-1.338863945007324219e+01
-1.339163589477539062e+01
-1.339463329315185547e+01
-1.340062618255615234e+01
-1.340362262725830078e+01
-1.340662002563476562e+01
-1.340662002563476562e+01
-1.340961647033691406e+01
-1.341560935974121094e+01
-1.341560935974121094e+01
-1.341860675811767578e+01
-1.342160320281982422e+01
-1.342459964752197266e+01
-1.343059349060058594e+01
-1.343358993530273438e+01
-1.343358993530273438e+01
-1.343658638000488281e+01
-1.343958282470703125e+01
-1.344258022308349609e+01
-1.344557666778564453e+01
-1.344857311248779297e+01
-1.345156955718994141e+01
-1.345456695556640625e+01
-1.345756340026855469e+01
-1.346055984497070312e+01
-1.346355628967285156e+01
-1.346655368804931641e+01
-1.346955013275146484e+01
-1.347254657745361328e+01
-1.347554302215576172e+01
-1.347854042053222656e+01
-1.348153686523437500e+01
-1.348453330993652344e+01
-1.348752975463867188e+01
-1.349052715301513672e+01
-1.349352359771728516e+01
-1.349652004241943359e+01
-1.349951648712158203e+01
-1.350251388549804688e+01
-1.350551033020019531e+01
-1.350850677490234375e+01
-1.351150417327880859e+01
-1.351749706268310547e+01
-1.352049350738525391e+01
-1.352049350738525391e+01
-1.352648735046386719e+01
-1.352648735046386719e+01
-1.352948379516601562e+01
-1.353248023986816406e+01
-1.353547763824462891e+01
-1.353847408294677734e+01
-1.354147052764892578e+01
-1.354446697235107422e+01
-1.354746437072753906e+01
-1.355046081542968750e+01
-1.355345726013183594e+01
-1.355945110321044922e+01
-1.355945110321044922e+01
-1.356544399261474609e+01
-1.356844139099121094e+01
-1.356844139099121094e+01
-1.357443428039550781e+01
-1.357743167877197266e+01
-1.358042812347412109e+01
-1.358342456817626953e+01
-1.358342456817626953e+01
-1.358642101287841797e+01
-1.359241485595703125e+01
-1.359241485595703125e+01
-1.359840869903564453e+01
-1.360140514373779297e+01
-1.360140514373779297e+01
-1.360440158843994141e+01
-1.361039543151855469e+01
-1.361339187622070312e+01
-1.361638832092285156e+01
-1.361638832092285156e+01
-1.362238216400146484e+01
-1.362238216400146484e+01
-1.362837505340576172e+01
-1.363137245178222656e+01
-1.363137245178222656e+01
-1.363436889648437500e+01
-1.364036273956298828e+01
-1.364036273956298828e+01
-1.364635562896728516e+01
-1.364935207366943359e+01
-1.364935207366943359e+01
-1.364935207366943359e+01
-1.365534591674804688e+01
-1.365834236145019531e+01
-1.366133975982666016e+01
-1.366433620452880859e+01
-1.367033004760742188e+01
-1.367332649230957031e+01
-1.367632293701171875e+01
-1.367931938171386719e+01
-1.367931938171386719e+01
-1.368231678009033203e+01
-1.368830966949462891e+01
-1.368830966949462891e+01
-1.369430351257324219e+01
-1.369729995727539062e+01
-1.369729995727539062e+01
-1.370329380035400391e+01
-1.370329380035400391e+01
-1.370629024505615234e+01
-1.371228408813476562e+01
-1.371228408813476562e+01
-1.371528053283691406e+01
-1.372127437591552734e+01
-1.372127437591552734e+01
-1.372726726531982422e+01
-1.373026466369628906e+01
-1.373326110839843750e+01
-1.373625755310058594e+01
-1.373625755310058594e+01
-1.373925495147705078e+01
-1.374225139617919922e+01
-1.374524784088134766e+01
-1.375124168395996094e+01
-1.375423812866210938e+01
-1.375723552703857422e+01
-1.376023197174072266e+01
-1.376023197174072266e+01
-1.376322841644287109e+01
-1.376922225952148438e+01
-1.376922225952148438e+01
-1.377521610260009766e+01
-1.377821254730224609e+01
-1.377821254730224609e+01
-1.378120899200439453e+01
-1.378420639038085938e+01
-1.378720283508300781e+01
-1.379319667816162109e+01
-1.379319667816162109e+01
-1.379619312286376953e+01
-1.380218696594238281e+01
-1.380218696594238281e+01
-1.380817985534667969e+01
-1.380817985534667969e+01
-1.381117725372314453e+01
-1.381717014312744141e+01
-1.381717014312744141e+01
-1.382016754150390625e+01
-1.382616043090820312e+01
-1.382616043090820312e+01
-1.383215427398681641e+01
-1.383515071868896484e+01
-1.383814811706542969e+01
-1.384114456176757812e+01
-1.384114456176757812e+01
-1.384414196014404297e+01
-1.384713840484619141e+01
-1.385013484954833984e+01
-1.385612869262695312e+01
-1.385912513732910156e+01
-1.385912513732910156e+01
-1.386511898040771484e+01
-1.386811542510986328e+01
-1.387111282348632812e+01
-1.387410926818847656e+01
-1.387410926818847656e+01
-1.388010311126708984e+01
-1.388309955596923828e+01
-1.388309955596923828e+01
-1.388909339904785156e+01
-1.388909339904785156e+01
-1.389208984375000000e+01
-1.389808368682861328e+01
-1.389808368682861328e+01
-1.390108013153076172e+01
-1.390707397460937500e+01
-1.390707397460937500e+01
-1.391306781768798828e+01
-1.391306781768798828e+01
-1.391906070709228516e+01
-1.392205810546875000e+01
-1.392505455017089844e+01
-1.392805194854736328e+01
-1.393104839324951172e+01
-1.393704223632812500e+01
-1.393704223632812500e+01
-1.394003868103027344e+01
-1.394303512573242188e+01
-1.394603252410888672e+01
-1.394603252410888672e+01
-1.394902896881103516e+01
-1.395202636718750000e+01
-1.395502281188964844e+01
-1.396101665496826172e+01
-1.396401309967041016e+01
-1.396401309967041016e+01
-1.396700954437255859e+01
-1.397300338745117188e+01
-1.397300338745117188e+01
-1.397899723052978516e+01
-1.397899723052978516e+01
-1.398199367523193359e+01
-1.398798751831054688e+01
-1.398798751831054688e+01
-1.399398136138916016e+01
-1.399697780609130859e+01
-1.399997425079345703e+01
-1.400297164916992188e+01
-1.400596809387207031e+01
-1.400896549224853516e+01
-1.401196193695068359e+01
-1.401196193695068359e+01
-1.401196193695068359e+01
-1.401795578002929688e+01
-1.402394962310791016e+01
-1.402694606781005859e+01
-1.402694606781005859e+01
-1.403293991088867188e+01
-1.403293991088867188e+01
-1.403293991088867188e+01
-1.403293991088867188e+01
-1.404492664337158203e+01
-1.404492664337158203e+01
-1.405092048645019531e+01
-1.405391693115234375e+01
-1.405391693115234375e+01
-1.405991077423095703e+01
-1.405991077423095703e+01
-1.406290721893310547e+01
-1.406890106201171875e+01
-1.406890106201171875e+01
-1.407489490509033203e+01
-1.407789134979248047e+01
-1.407789134979248047e+01
-1.408388519287109375e+01
-1.408388519287109375e+01
-1.408388519287109375e+01
-1.409287548065185547e+01
-1.409287548065185547e+01
-1.409587287902832031e+01
-1.410186576843261719e+01
-1.410186576843261719e+01
-1.410785961151123047e+01
-1.411085700988769531e+01
-1.411385345458984375e+01
-1.411684989929199219e+01
-1.411984729766845703e+01
-1.412284374237060547e+01
-1.412584018707275391e+01
-1.412584018707275391e+01
-1.412883758544921875e+01
-1.412883758544921875e+01
-1.413483142852783203e+01
-1.414082431793212891e+01
-1.414382171630859375e+01
-1.414681816101074219e+01
-1.414981460571289062e+01
-1.414981460571289062e+01
-1.415580844879150391e+01
-1.415880584716796875e+01
-1.415880584716796875e+01
-1.416180229187011719e+01
-1.416479873657226562e+01
-1.416779613494873047e+01
-1.417378997802734375e+01
-1.417678642272949219e+01
-1.417678642272949219e+01
-1.418278026580810547e+01
-1.418278026580810547e+01
-1.418577671051025391e+01
-1.419177055358886719e+01
-1.419177055358886719e+01
-1.419776439666748047e+01
-1.420076084136962891e+01
-1.420076084136962891e+01
-1.420675468444824219e+01
-1.420675468444824219e+01
-1.420975112915039062e+01
-1.421574497222900391e+01
-1.421574497222900391e+01
-1.421874141693115234e+01
-1.422173881530761719e+01
-1.422773170471191406e+01
-1.423072910308837891e+01
-1.423372554779052734e+01
-1.423372554779052734e+01
-1.423971939086914062e+01
-1.424271583557128906e+01
-1.424571323394775391e+01
-1.424870967864990234e+01
-1.424870967864990234e+01
-1.425470352172851562e+01
-1.425769996643066406e+01
-1.426069641113281250e+01
-1.426369380950927734e+01
-1.426369380950927734e+01
-1.426669025421142578e+01
-1.427268409729003906e+01
-1.427268409729003906e+01
-1.427568054199218750e+01
-1.428167438507080078e+01
-1.428167438507080078e+01
-1.428766822814941406e+01
-1.428766822814941406e+01
-1.429066467285156250e+01
-1.429665851593017578e+01
-1.429665851593017578e+01
-1.430265140533447266e+01
-1.430564880371093750e+01
-1.430864524841308594e+01
-1.431164264678955078e+01
-1.431164264678955078e+01
-1.431463909149169922e+01
-1.432063293457031250e+01
-1.432063293457031250e+01
-1.432662582397460938e+01
-1.432962322235107422e+01
-1.433261966705322266e+01
-1.433561611175537109e+01
-1.434160995483398438e+01
-1.434160995483398438e+01
-1.434160995483398438e+01
-1.435060024261474609e+01
-1.435060024261474609e+01
-1.435060024261474609e+01
-1.435959053039550781e+01
-1.435959053039550781e+01
-1.435959053039550781e+01
-1.436258792877197266e+01
-1.436258792877197266e+01
-1.436858081817626953e+01
-1.437157821655273438e+01
-1.437757110595703125e+01
-1.437757110595703125e+01
-1.438356494903564453e+01
-1.438656139373779297e+01
-1.438656139373779297e+01
-1.438955879211425781e+01
-1.439555168151855469e+01
-1.439555168151855469e+01
-1.440154552459716797e+01
-1.440454196929931641e+01
-1.440753936767578125e+01
-1.441053581237792969e+01
-1.441053581237792969e+01
-1.441353225708007812e+01
-1.441952610015869141e+01
-1.441952610015869141e+01
-1.442551994323730469e+01
-1.442851638793945312e+01
-1.443151283264160156e+01
-1.443451023101806641e+01
-1.443451023101806641e+01
-1.443750667572021484e+01
-1.444350051879882812e+01
-1.444649696350097656e+01
-1.444949340820312500e+01
-1.445249080657958984e+01
-1.445548725128173828e+01
-1.445848369598388672e+01
-1.445848369598388672e+01
-1.446447753906250000e+01
-1.446747398376464844e+01
-1.446747398376464844e+01
-1.447346782684326172e+01
-1.447646427154541016e+01
-1.447646427154541016e+01
-1.447946071624755859e+01
-1.448245811462402344e+01
-1.448545455932617188e+01
-1.449144840240478516e+01
-1.449144840240478516e+01
-1.449444484710693359e+01
-1.450043869018554688e+01
-1.450343513488769531e+01
-1.450643157958984375e+01
-1.450643157958984375e+01
-1.451242542266845703e+01
-1.451242542266845703e+01
-1.452141571044921875e+01
-1.452141571044921875e+01
-1.452441215515136719e+01
-1.452441215515136719e+01
-1.452740859985351562e+01
-1.453340244293212891e+01
-1.453340244293212891e+01
-1.453639888763427734e+01
-1.453939533233642578e+01
-1.453939533233642578e+01
-1.454538917541503906e+01
-1.454838562011718750e+01
-1.455138301849365234e+01
-1.455737590789794922e+01
-1.455737590789794922e+01
-1.456037235260009766e+01
-1.456336975097656250e+01
-1.456636619567871094e+01
-1.456936264038085938e+01
-1.457236003875732422e+01
-1.457535648345947266e+01
-1.457835292816162109e+01
-1.458134937286376953e+01
-1.458434677124023438e+01
-1.458734321594238281e+01
-1.459333610534667969e+01
-1.459633350372314453e+01
-1.459633350372314453e+01
-1.460232639312744141e+01
-1.460532283782958984e+01
-1.460532283782958984e+01
-1.461131668090820312e+01
-1.461131668090820312e+01
-1.461431312561035156e+01
-1.461730957031250000e+01
-1.461730957031250000e+01
-1.461730957031250000e+01
-1.461730957031250000e+01
-1.461730957031250000e+01
-1.461730957031250000e+01
-1.461730957031250000e+01
-1.461730957031250000e+01
-1.461730957031250000e+01
-1.461730957031250000e+01
-1.461730957031250000e+01
-1.461730957031250000e+01
-1.461730957031250000e+01
-1.604994583129882812e+01
-1.604994583129882812e+01
-1.605294227600097656e+01
-1.605294227600097656e+01
-1.605294227600097656e+01
-1.606193351745605469e+01
-1.606193351745605469e+01
-1.606492996215820312e+01
-1.607391929626464844e+01
-1.607391929626464844e+01
-1.607691574096679688e+01
-1.607691574096679688e+01
-1.608290863037109375e+01
-1.608590507507324219e+01
-1.608890342712402344e+01
-1.609189987182617188e+01
-1.609189987182617188e+01
-1.609189987182617188e+01
-1.610088920593261719e+01
-1.610088920593261719e+01
-1.610388565063476562e+01
-1.610987854003906250e+01
-1.610987854003906250e+01
-1.611587142944335938e+01
-1.611886787414550781e+01
-1.611886787414550781e+01
-1.612486267089843750e+01
-1.612785911560058594e+01
-1.612785911560058594e+01
-1.613385200500488281e+01
-1.613684844970703125e+01
-1.613984489440917969e+01
-1.614284133911132812e+01
-1.614883422851562500e+01
-1.614883422851562500e+01
-1.615183067321777344e+01
-1.615183067321777344e+01
-1.615782546997070312e+01
-1.616082191467285156e+01
-1.616381835937500000e+01
-1.616381835937500000e+01
-1.616981124877929688e+01
-1.617280769348144531e+01
-1.617580413818359375e+01
-1.617580413818359375e+01
-1.618179702758789062e+01
-1.618479537963867188e+01
-1.618779182434082031e+01
-1.619078826904296875e+01
-1.619378471374511719e+01
-1.619678115844726562e+01
-1.619977760314941406e+01
-1.620277404785156250e+01
-1.620577049255371094e+01
-1.620577049255371094e+01
-1.620876693725585938e+01
-1.621176338195800781e+01
-1.621775817871093750e+01
-1.622375106811523438e+01
-1.622375106811523438e+01
-1.622375106811523438e+01
-1.622674751281738281e+01
-1.623274040222167969e+01
-1.623873329162597656e+01
-1.623873329162597656e+01
-1.624172973632812500e+01
-1.624172973632812500e+01
-1.624772262573242188e+01
-1.625072097778320312e+01
-1.625371742248535156e+01
-1.625671386718750000e+01
-1.625971031188964844e+01
-1.626270675659179688e+01
-1.626270675659179688e+01
-1.627169609069824219e+01
-1.627169609069824219e+01
-1.627469253540039062e+01
-1.627469253540039062e+01
-1.627768898010253906e+01
-1.628368377685546875e+01
-1.628368377685546875e+01
-1.628967666625976562e+01
-1.629267311096191406e+01
-1.629566955566406250e+01
-1.629866600036621094e+01
-1.630465888977050781e+01
-1.630465888977050781e+01
-1.630765533447265625e+01
-1.630765533447265625e+01
-1.631365013122558594e+01
-1.631664657592773438e+01
-1.631664657592773438e+01
-1.632263946533203125e+01
-1.632263946533203125e+01
-1.632563591003417969e+01
-1.633162879943847656e+01
-1.633462524414062500e+01
-1.633762168884277344e+01
-1.634061813354492188e+01
-1.634061813354492188e+01
-1.634661293029785156e+01
-1.635260581970214844e+01
-1.635260581970214844e+01
-1.635560226440429688e+01
-1.635560226440429688e+01
-1.636159515380859375e+01
-1.636459159851074219e+01
-1.636459159851074219e+01
-1.637058448791503906e+01
-1.637358093261718750e+01
-1.637657928466796875e+01
-1.637957572937011719e+01
-1.637957572937011719e+01
-1.638257217407226562e+01
-1.638856506347656250e+01
-1.638856506347656250e+01
-1.639156150817871094e+01
-1.639755439758300781e+01
-1.640055084228515625e+01
-1.640354728698730469e+01
-1.640654563903808594e+01
-1.640954208374023438e+01
-1.641253852844238281e+01
-1.641853141784667969e+01
-1.641853141784667969e+01
-1.642152786254882812e+01
-1.642152786254882812e+01
-1.642752075195312500e+01
-1.643051719665527344e+01
-1.643051719665527344e+01
-1.643651199340820312e+01
-1.644250488281250000e+01
-1.644250488281250000e+01
-1.644550132751464844e+01
-1.644550132751464844e+01
-1.644849777221679688e+01
-1.645449066162109375e+01
-1.645449066162109375e+01
-1.645748710632324219e+01
-1.646048355102539062e+01
-1.646647834777832031e+01
-1.646947479248046875e+01
-1.647247123718261719e+01
-1.647546768188476562e+01
-1.647846412658691406e+01
-1.647846412658691406e+01
-1.648445701599121094e+01
-1.648745346069335938e+01
-1.649044990539550781e+01
-1.649344635009765625e+01
-1.649644470214843750e+01
-1.649944114685058594e+01
-1.650243759155273438e+01
-1.650243759155273438e+01
-1.650843048095703125e+01
-1.650843048095703125e+01
-1.651142692565917969e+01
-1.651442337036132812e+01
-1.652041625976562500e+01
-1.652341270446777344e+01
-1.652641105651855469e+01
-1.653240394592285156e+01
-1.653240394592285156e+01
-1.653540039062500000e+01
-1.653540039062500000e+01
-1.654139328002929688e+01
-1.654438972473144531e+01
-1.654738616943359375e+01
-1.655038261413574219e+01
-1.655637741088867188e+01
-1.655637741088867188e+01
-1.655937385559082031e+01
-1.656237030029296875e+01
-1.656536674499511719e+01
-1.657135963439941406e+01
-1.657435607910156250e+01
-1.657435607910156250e+01
-1.657735252380371094e+01
-1.657735252380371094e+01
-1.658334732055664062e+01
-1.658334732055664062e+01
-1.658934020996093750e+01
-1.659233665466308594e+01
-1.659233665466308594e+01
-1.659832954406738281e+01
-1.660432243347167969e+01
-1.660432243347167969e+01
-1.660731887817382812e+01
-1.660731887817382812e+01
-1.661331367492675781e+01
-1.661631011962890625e+01
-1.661631011962890625e+01
-1.662230300903320312e+01
-1.662529945373535156e+01
-1.662829589843750000e+01
-1.663129234313964844e+01
-1.663129234313964844e+01
-1.663129234313964844e+01
-1.664028358459472656e+01
-1.664028358459472656e+01
-1.664627647399902344e+01
-1.664927291870117188e+01
-1.665226936340332031e+01
-1.665526580810546875e+01
-1.665826225280761719e+01
-1.666125869750976562e+01
-1.666425514221191406e+01
-1.666725349426269531e+01
-1.667024993896484375e+01
-1.667324638366699219e+01
-1.667324638366699219e+01
-1.667923927307128906e+01
-1.668223571777343750e+01
-1.668223571777343750e+01
-1.668822860717773438e+01
-1.669122695922851562e+01
-1.669422340393066406e+01
-1.669721984863281250e+01
-1.670321273803710938e+01
-1.670321273803710938e+01
-1.670620918273925781e+01
-1.670620918273925781e+01
-1.671220207214355469e+01
-1.671519851684570312e+01
-1.671819686889648438e+01
-1.672119331359863281e+01
-1.672418975830078125e+01
-1.672718620300292969e+01
-1.673018264770507812e+01
-1.673617553710937500e+01
-1.673617553710937500e+01
-1.673917198181152344e+01
-1.674216842651367188e+01
-1.674516677856445312e+01
-1.674816322326660156e+01
-1.675115966796875000e+01
-1.675415611267089844e+01
-1.675415611267089844e+01
-1.676014900207519531e+01
-1.676314544677734375e+01
-1.676614189147949219e+01
-1.676914024353027344e+01
-1.677513313293457031e+01
-1.677513313293457031e+01
-1.677812957763671875e+01
-1.677812957763671875e+01
-1.678112602233886719e+01
-1.678711891174316406e+01
-1.679011535644531250e+01
-1.679311180114746094e+01
-1.679611015319824219e+01
-1.679910659790039062e+01
-1.680210304260253906e+01
-1.680210304260253906e+01
-1.680809593200683594e+01
-1.680809593200683594e+01
-1.681408882141113281e+01
-1.681708526611328125e+01
-1.682008361816406250e+01
-1.682308006286621094e+01
-1.682607650756835938e+01
-1.683206939697265625e+01
-1.683206939697265625e+01
-1.683506584167480469e+01
-1.683506584167480469e+01
-1.683506584167480469e+01
-1.684405708312988281e+01
-1.684405708312988281e+01
-1.685004997253417969e+01
-1.685304641723632812e+01
-1.685304641723632812e+01
-1.685903930664062500e+01
-1.686203575134277344e+01
-1.686503219604492188e+01
-1.686803054809570312e+01
-1.686803054809570312e+01
-1.687402343750000000e+01
-1.687701988220214844e+01
-1.688001632690429688e+01
-1.688301277160644531e+01
-1.688600921630859375e+01
-1.688900566101074219e+01
-1.689200401306152344e+01
-1.689200401306152344e+01
-1.689200401306152344e+01
-1.689799690246582031e+01
-1.690099334716796875e+01
-1.690698623657226562e+01
-1.690698623657226562e+01
-1.691297912597656250e+01
-1.691597747802734375e+01
-1.691597747802734375e+01
-1.692197036743164062e+01
-1.692496681213378906e+01
-1.692496681213378906e+01
-1.693095970153808594e+01
-1.693395614624023438e+01
-1.693695259094238281e+01
-1.693995094299316406e+01
-1.694594383239746094e+01
-1.694594383239746094e+01
-1.694894027709960938e+01
-1.694894027709960938e+01
-1.695493316650390625e+01
-1.695792961120605469e+01
-1.695792961120605469e+01
-1.696392440795898438e+01
-1.696692085266113281e+01
-1.696991729736328125e+01
-1.697291374206542969e+01
-1.697291374206542969e+01
-1.697890663146972656e+01
-1.697890663146972656e+01
-1.697890663146972656e+01
-1.698789787292480469e+01
-1.699089431762695312e+01
-1.699089431762695312e+01
-1.699688720703125000e+01
-1.699688720703125000e+01
-1.700288009643554688e+01
-1.700587844848632812e+01
-1.700587844848632812e+01
-1.701187133789062500e+01
-1.701486778259277344e+01
-1.701486778259277344e+01
-1.702086067199707031e+01
-1.702086067199707031e+01
-1.702385711669921875e+01
-1.702985191345214844e+01
-1.702985191345214844e+01
-1.703584480285644531e+01
-1.703884124755859375e+01
-1.704183769226074219e+01
-1.704483413696289062e+01
-1.704783248901367188e+01
-1.704783248901367188e+01
-1.705382537841796875e+01
-1.705682182312011719e+01
-1.705981826782226562e+01
-1.706281471252441406e+01
-1.706281471252441406e+01
-1.706880950927734375e+01
-1.707180595397949219e+01
-1.707480239868164062e+01
-1.707779884338378906e+01
-1.708079528808593750e+01
-1.708379173278808594e+01
-1.708678817749023438e+01
-1.709278297424316406e+01
-1.709278297424316406e+01
-1.709577941894531250e+01
-1.709577941894531250e+01
-1.710177230834960938e+01
-1.710476875305175781e+01
-1.710776519775390625e+01
-1.711076354980468750e+01
-1.711375999450683594e+01
-1.711375999450683594e+01
-1.711975288391113281e+01
-1.711975288391113281e+01
-1.712574577331542969e+01
-1.712874412536621094e+01
-1.712874412536621094e+01
-1.713473701477050781e+01
-1.713773345947265625e+01
-1.714072990417480469e+01
-1.714372634887695312e+01
-1.714672279357910156e+01
-1.714972114562988281e+01
-1.715271759033203125e+01
-1.715271759033203125e+01
-1.715871047973632812e+01
-1.716170692443847656e+01
-1.716170692443847656e+01
-1.716769981384277344e+01
-1.717069816589355469e+01
-1.717069816589355469e+01
-1.717669105529785156e+01
-1.717669105529785156e+01
-1.718268394470214844e+01
-1.718568038940429688e+01
-1.718568038940429688e+01
-1.719766807556152344e+01
-1.719766807556152344e+01
-1.720366096496582031e+01
-1.720965576171875000e+01
-1.720965576171875000e+01
-1.721564865112304688e+01
-1.721564865112304688e+01
-1.722164154052734375e+01
-1.722164154052734375e+01
-1.722463989257812500e+01
-1.722763633728027344e+01
-1.723063278198242188e+01
-1.723362922668457031e+01
-1.723662567138671875e+01
-1.723962211608886719e+01
-1.724261856079101562e+01
-1.724561691284179688e+01
-1.724861335754394531e+01
-1.725160980224609375e+01
-1.725460624694824219e+01
-1.725760269165039062e+01
-1.726059913635253906e+01
-1.726059913635253906e+01
-1.726359748840332031e+01
-1.726959037780761719e+01
-1.727258682250976562e+01
-1.727558326721191406e+01
-1.727857971191406250e+01
-1.727857971191406250e+01
-1.728457450866699219e+01
-1.728757095336914062e+01
-1.729056739807128906e+01
-1.729356384277343750e+01
-1.729656028747558594e+01
-1.729955863952636719e+01
-1.729955863952636719e+01
-1.730255508422851562e+01
-1.730555152893066406e+01
-1.730854797363281250e+01
-1.731454277038574219e+01
-1.731753921508789062e+01
-1.732053565979003906e+01
-1.732053565979003906e+01
-1.732652854919433594e+01
-1.732952499389648438e+01
-1.733252334594726562e+01
-1.733551979064941406e+01
-1.733851623535156250e+01
-1.734151268005371094e+01
-1.734450912475585938e+01
-1.734750556945800781e+01
-1.735050392150878906e+01
-1.735350036621093750e+01
-1.735649681091308594e+01
-1.735949325561523438e+01
-1.736248970031738281e+01
-1.736548805236816406e+01
-1.736848449707031250e+01
-1.737148094177246094e+01
-1.737447738647460938e+01
-1.737447738647460938e+01
-1.738047027587890625e+01
-1.738346862792968750e+01
-1.738646507263183594e+01
-1.738646507263183594e+01
-1.739245796203613281e+01
-1.739545440673828125e+01
-1.739845275878906250e+01
-1.740144920349121094e+01
-1.740444564819335938e+01
-1.740744209289550781e+01
-1.741043853759765625e+01
-1.741343498229980469e+01
-1.741643333435058594e+01
-1.741942977905273438e+01
-1.742242622375488281e+01
-1.742542266845703125e+01
-1.742841911315917969e+01
-1.743141746520996094e+01
-1.743441390991210938e+01
-1.743741035461425781e+01
-1.744040679931640625e+01
-1.744340324401855469e+01
-1.744639968872070312e+01
-1.744939804077148438e+01
-1.745239448547363281e+01
-1.745539093017578125e+01
-1.745838737487792969e+01
-1.746138381958007812e+01
-1.746438217163085938e+01
-1.746438217163085938e+01
-1.747037506103515625e+01
-1.747337150573730469e+01
-1.747936630249023438e+01
-1.747936630249023438e+01
-1.748236274719238281e+01
-1.748835563659667969e+01
-1.749135208129882812e+01
-1.749135208129882812e+01
-1.749135208129882812e+01
-1.749734687805175781e+01
-1.750034332275390625e+01
-1.750333976745605469e+01
-1.750333976745605469e+01
-1.750633621215820312e+01
-1.751233100891113281e+01
-1.751233100891113281e+01
-1.751832389831542969e+01
-1.752132034301757812e+01
-1.752731513977050781e+01
-1.752731513977050781e+01
-1.753031158447265625e+01
-1.753630447387695312e+01
-1.753630447387695312e+01
-1.753930282592773438e+01
-1.754529571533203125e+01
-1.754529571533203125e+01
-1.755128860473632812e+01
-1.755128860473632812e+01
-1.755428695678710938e+01
-1.755728340148925781e+01
-1.756027984619140625e+01
-1.756327629089355469e+01
-1.756627273559570312e+01
-1.756927108764648438e+01
-1.757226753234863281e+01
-1.757826042175292969e+01
-1.757826042175292969e+01
-1.758125686645507812e+01
-1.758425521850585938e+01
-1.758725166320800781e+01
-1.759324455261230469e+01
-1.759324455261230469e+01
-1.759324455261230469e+01
-1.759624099731445312e+01
-1.760223579406738281e+01
-1.760523223876953125e+01
-1.760523223876953125e+01
-1.761122703552246094e+01
-1.761721992492675781e+01
-1.761721992492675781e+01
-1.762021636962890625e+01
-1.762621116638183594e+01
-1.762621116638183594e+01
-1.762920761108398438e+01
-1.763520050048828125e+01
-1.763520050048828125e+01
-1.763819694519042969e+01
-1.764419174194335938e+01
-1.764419174194335938e+01
-1.764718818664550781e+01
-1.765018463134765625e+01
-1.765018463134765625e+01
-1.765917587280273438e+01
-1.765917587280273438e+01
-1.766217231750488281e+01
-1.766516876220703125e+01
-1.766816711425781250e+01
-1.767416000366210938e+01
-1.767416000366210938e+01
-1.767715644836425781e+01
-1.768315124511718750e+01
-1.768315124511718750e+01
-1.768614768981933594e+01
-1.768914413452148438e+01
-1.769214057922363281e+01
-1.769513702392578125e+01
-1.769513702392578125e+01
-1.770113182067871094e+01
-1.770712471008300781e+01
-1.770712471008300781e+01
-1.771012115478515625e+01
-1.771311950683593750e+01
-1.771611595153808594e+01
-1.772210884094238281e+01
-1.772210884094238281e+01
-1.772510719299316406e+01
-1.773110008239746094e+01
-1.773110008239746094e+01
-1.773409652709960938e+01
-1.773709297180175781e+01
-1.774009132385253906e+01
-1.774608421325683594e+01
-1.774608421325683594e+01
-1.774908065795898438e+01
-1.775207710266113281e+01
-1.775507545471191406e+01
-1.775807189941406250e+01
-1.776406478881835938e+01
-1.776406478881835938e+01
-1.776706314086914062e+01
-1.777005958557128906e+01
-1.777305603027343750e+01
-1.777305603027343750e+01
-1.777904891967773438e+01
-1.778204727172851562e+01
-1.778804016113281250e+01
-1.778804016113281250e+01
-1.779103660583496094e+01
-1.779703140258789062e+01
-1.779703140258789062e+01
-1.780302429199218750e+01
-1.780302429199218750e+01
-1.780602073669433594e+01
-1.781201553344726562e+01
-1.781201553344726562e+01
-1.781501197814941406e+01
-1.782100486755371094e+01
-1.782100486755371094e+01
-1.782400321960449219e+01
-1.782999610900878906e+01
-1.782999610900878906e+01
-1.782999610900878906e+01
-1.782999610900878906e+01
-1.783898735046386719e+01
-1.784198379516601562e+01
-1.784498023986816406e+01
-1.784797668457031250e+01
-1.785097312927246094e+01
-1.785696792602539062e+01
-1.786296081542968750e+01
-1.786296081542968750e+01
-1.786595916748046875e+01
-1.786595916748046875e+01
-1.786895561218261719e+01
-1.787195205688476562e+01
-1.787494850158691406e+01
-1.787794494628906250e+01
-1.788094329833984375e+01
-1.788393974304199219e+01
-1.788693618774414062e+01
-1.788993263244628906e+01
-1.788993263244628906e+01
-1.789592742919921875e+01
-1.789892387390136719e+01
-1.790192031860351562e+01
-1.790192031860351562e+01
-1.790791320800781250e+01
-1.791091156005859375e+01
-1.791390800476074219e+01
-1.791690444946289062e+01
-1.791690444946289062e+01
-1.792289733886718750e+01
-1.792589569091796875e+01
-1.792889213562011719e+01
-1.793188858032226562e+01
-1.793488502502441406e+01
-1.793788146972656250e+01
-1.794087982177734375e+01
-1.794387626647949219e+01
-1.794687271118164062e+01
-1.794986915588378906e+01
-1.795286750793457031e+01
-1.795586395263671875e+01
-1.795886039733886719e+01
-1.796185684204101562e+01
-1.796485328674316406e+01
-1.796785163879394531e+01
-1.797084808349609375e+01
-1.797384452819824219e+01
-1.797684097290039062e+01
-1.797983741760253906e+01
-1.798283576965332031e+01
-1.798583221435546875e+01
-1.798882865905761719e+01
-1.799182510375976562e+01
-1.799781990051269531e+01
-1.799781990051269531e+01
-1.800381278991699219e+01
-1.800381278991699219e+01
-1.800680923461914062e+01
-1.800680923461914062e+01
-1.801580047607421875e+01
-1.801879692077636719e+01
-1.801879692077636719e+01
-1.802179336547851562e+01
-1.802478981018066406e+01
-1.803078460693359375e+01
-1.803078460693359375e+01
-1.803378105163574219e+01
-1.803677749633789062e+01
-1.803977394104003906e+01
-1.803977394104003906e+01
-1.804576873779296875e+01
-1.804876518249511719e+01
-1.805176162719726562e+01
-1.805475807189941406e+01
-1.805775451660156250e+01
-1.806374931335449219e+01
-1.806374931335449219e+01
-1.806674575805664062e+01
-1.806974220275878906e+01
-1.807273864746093750e+01
-1.807273864746093750e+01
-1.807873344421386719e+01
-1.808172988891601562e+01
-1.808472633361816406e+01
-1.808772277832031250e+01
-1.809071922302246094e+01
-1.809671401977539062e+01
-1.809671401977539062e+01
-1.809971046447753906e+01
-1.810270690917968750e+01
-1.810570335388183594e+01
-1.811169815063476562e+01
-1.811169815063476562e+01
-1.811469459533691406e+01
-1.812068748474121094e+01
-1.812068748474121094e+01
-1.812368392944335938e+01
-1.812668228149414062e+01
-1.812967872619628906e+01
-1.813567161560058594e+01
-1.813567161560058594e+01
-1.813866806030273438e+01
-1.814466285705566406e+01
-1.814466285705566406e+01
-1.814765930175781250e+01
-1.815365219116210938e+01
-1.815365219116210938e+01
-1.815664863586425781e+01
-1.815964698791503906e+01
-1.816264343261718750e+01
-1.816863632202148438e+01
-1.816863632202148438e+01
-1.817163276672363281e+01
-1.817462921142578125e+01
-1.817762756347656250e+01
-1.818062400817871094e+01
-1.818062400817871094e+01
-1.818661689758300781e+01
-1.819260978698730469e+01
-1.819260978698730469e+01
-1.819560813903808594e+01
-1.819560813903808594e+01
-1.820160102844238281e+01
-1.820459747314453125e+01
-1.820459747314453125e+01
-1.821059036254882812e+01
-1.821658515930175781e+01
-1.821658515930175781e+01
-1.821958160400390625e+01
-1.822557449340820312e+01
-1.822557449340820312e+01
-1.822857093811035156e+01
-1.823156738281250000e+01
-1.823156738281250000e+01
-1.824055862426757812e+01
-1.824055862426757812e+01
-1.824355506896972656e+01
-1.824954795837402344e+01
-1.824954795837402344e+01
-1.825254631042480469e+01
-1.825853919982910156e+01
-1.825853919982910156e+01
-1.826453208923339844e+01
-1.826453208923339844e+01
-1.826453208923339844e+01
-1.827352333068847656e+01
-1.827352333068847656e+01
-1.827651977539062500e+01
-1.827651977539062500e+01
-1.828251266479492188e+01
-1.828550910949707031e+01
-1.828850555419921875e+01
-1.828850555419921875e+01
-1.829150199890136719e+01
-1.829749679565429688e+01
-1.830049324035644531e+01
-1.830648612976074219e+01
-1.830648612976074219e+01
-1.830648612976074219e+01
-1.830948257446289062e+01
-1.831547546386718750e+01
-1.831847381591796875e+01
-1.832147026062011719e+01
-1.832147026062011719e+01
-1.832746315002441406e+01
-1.833045959472656250e+01
-1.833345603942871094e+01
-1.833945083618164062e+01
-1.833945083618164062e+01
-1.834244728088378906e+01
-1.834844017028808594e+01
-1.834844017028808594e+01
-1.835143661499023438e+01
-1.835443305969238281e+01
-1.835742950439453125e+01
-1.836342430114746094e+01
-1.836642074584960938e+01
-1.836642074584960938e+01
-1.837241363525390625e+01
-1.837241363525390625e+01
-1.837541007995605469e+01
-1.838140296936035156e+01
-1.838140296936035156e+01
-1.838140296936035156e+01
-1.839039421081542969e+01
-1.839339065551757812e+01
-1.839339065551757812e+01
-1.839638710021972656e+01
-1.839938354492187500e+01
-1.840237998962402344e+01
-1.840537643432617188e+01
-1.840837287902832031e+01
-1.841136932373046875e+01
-1.841436576843261719e+01
-1.842036056518554688e+01
-1.842036056518554688e+01
-1.842335700988769531e+01
-1.842335700988769531e+01
-1.842934989929199219e+01
-1.843234634399414062e+01
-1.843833923339843750e+01
-1.843833923339843750e+01
-1.844433212280273438e+01
-1.844433212280273438e+01
-1.844732856750488281e+01
-1.845332336425781250e+01
-1.845332336425781250e+01
-1.845631980895996094e+01
-1.846231269836425781e+01
-1.846231269836425781e+01
-1.846530914306640625e+01
-1.846830558776855469e+01
-1.847130203247070312e+01
-1.847130203247070312e+01
-1.847729492187500000e+01
-1.848029136657714844e+01
-1.848628616333007812e+01
-1.848628616333007812e+01
-1.848928260803222656e+01
-1.849227905273437500e+01
-1.849527549743652344e+01
-1.850126838684082031e+01
-1.850126838684082031e+01
-1.850426483154296875e+01
-1.851025772094726562e+01
-1.851025772094726562e+01
-1.851025772094726562e+01
-1.851924705505371094e+01
-1.851924705505371094e+01
-1.852224349975585938e+01
-1.852523994445800781e+01
-1.852823829650878906e+01
-1.852823829650878906e+01
-1.853423118591308594e+01
-1.853722763061523438e+01
-1.854322052001953125e+01
-1.854322052001953125e+01
-1.854621696472167969e+01
-1.855220985412597656e+01
-1.855220985412597656e+01
-1.855520629882812500e+01
-1.855820274353027344e+01
-1.856119918823242188e+01
-1.856719207763671875e+01
-1.856719207763671875e+01
-1.857018852233886719e+01
-1.857618141174316406e+01
-1.857618141174316406e+01
-1.857917785644531250e+01
-1.857917785644531250e+01
-1.858517074584960938e+01
-1.858816909790039062e+01
-1.858816909790039062e+01
-1.859416198730468750e+01
-1.860015487670898438e+01
-1.860015487670898438e+01
-1.860015487670898438e+01
-1.860614776611328125e+01
-1.860914421081542969e+01
-1.861513710021972656e+01
-1.861513710021972656e+01
-1.861513710021972656e+01
-1.862112998962402344e+01
-1.862412643432617188e+01
-1.862712287902832031e+01
-1.863011932373046875e+01
-1.863311576843261719e+01
-1.863611221313476562e+01
-1.864210510253906250e+01
-1.864210510253906250e+01
-1.864510154724121094e+01
-1.865109443664550781e+01
-1.865109443664550781e+01
-1.865109443664550781e+01
-1.866008377075195312e+01
-1.866008377075195312e+01
-1.866008377075195312e+01
-1.866607666015625000e+01
-1.866907310485839844e+01
-1.867506599426269531e+01
-1.867506599426269531e+01
-1.867806243896484375e+01
-1.868405532836914062e+01
-1.868405532836914062e+01
-1.868705177307128906e+01
-1.869304466247558594e+01
-1.869304466247558594e+01
-1.869604110717773438e+01
-1.869903755187988281e+01
-1.870203399658203125e+01
-1.870503044128417969e+01
-1.870802688598632812e+01
-1.871102333068847656e+01
-1.871701622009277344e+01
-1.871701622009277344e+01
-1.871701622009277344e+01
-1.872600555419921875e+01
-1.872600555419921875e+01
-1.872600555419921875e+01
-1.873199844360351562e+01
-1.873499488830566406e+01
-1.874098777770996094e+01
-1.874098777770996094e+01
-1.874398422241210938e+01
-1.874698066711425781e+01
-1.874997711181640625e+01
-1.875597000122070312e+01
-1.875597000122070312e+01
-1.875896453857421875e+01
-1.876495742797851562e+01
-1.876495742797851562e+01
-1.876795387268066406e+01
-1.877095031738281250e+01
-1.877394676208496094e+01
-1.877993965148925781e+01
-1.877993965148925781e+01
-1.878293609619140625e+01
-1.878892898559570312e+01
-1.878892898559570312e+01
-1.879192543029785156e+01
-1.879492187500000000e+01
-1.879791831970214844e+01
-1.880091476440429688e+01
-1.880391120910644531e+01
-1.880690765380859375e+01
-1.880990409851074219e+01
-1.880990409851074219e+01
-1.881589508056640625e+01
-1.882188796997070312e+01
-1.882188796997070312e+01
-1.882488441467285156e+01
-1.882788085937500000e+01
-1.883087730407714844e+01
-1.883387374877929688e+01
-1.883687019348144531e+01
-1.883986663818359375e+01
-1.884585952758789062e+01
-1.884585952758789062e+01
-1.884885597229003906e+01
-1.885484695434570312e+01
-1.885484695434570312e+01
-1.885784339904785156e+01
-1.886083984375000000e+01
-1.886383628845214844e+01
-1.886383628845214844e+01
-1.886982917785644531e+01
-1.886982917785644531e+01
-1.887881851196289062e+01
-1.887881851196289062e+01
-1.888480949401855469e+01
-1.888480949401855469e+01
-1.888780593872070312e+01
-1.889379882812500000e+01
-1.889379882812500000e+01
-1.889679527282714844e+01
-1.890278816223144531e+01
-1.890278816223144531e+01
-1.890578460693359375e+01
-1.890877914428710938e+01
-1.890877914428710938e+01
-1.891477203369140625e+01
-1.892076492309570312e+01
-1.892376136779785156e+01
-1.892376136779785156e+01
-1.892975425720214844e+01
-1.892975425720214844e+01
-1.893574523925781250e+01
-1.893574523925781250e+01
-1.893874168395996094e+01
-1.894473457336425781e+01
-1.894473457336425781e+01
-1.894773101806640625e+01
-1.895372200012207031e+01
-1.895372200012207031e+01
-1.895671844482421875e+01
-1.895971488952636719e+01
-1.896271133422851562e+01
-1.896870422363281250e+01
-1.896870422363281250e+01
-1.897170066833496094e+01
-1.897469520568847656e+01
-1.897469520568847656e+01
-1.898368453979492188e+01
-1.898368453979492188e+01
-1.898668098449707031e+01
-1.898967742919921875e+01
-1.899267196655273438e+01
-1.899866485595703125e+01
-1.899866485595703125e+01
-1.900166130065917969e+01
-1.900166130065917969e+01
-1.900765419006347656e+01
-1.901064872741699219e+01
-1.901364517211914062e+01
-1.901664161682128906e+01
-1.901963806152343750e+01
-1.902563095092773438e+01
-1.902563095092773438e+01
-1.902862548828125000e+01
-1.903461837768554688e+01
-1.903461837768554688e+01
-1.903761482238769531e+01
-1.904061126708984375e+01
-1.904360771179199219e+01
-1.904660224914550781e+01
-1.904959869384765625e+01
-1.905259513854980469e+01
-1.905858802795410156e+01
-1.905858802795410156e+01
-1.906158256530761719e+01
-1.906757545471191406e+01
-1.906757545471191406e+01
-1.907057189941406250e+01
-1.907656478881835938e+01
-1.907656478881835938e+01
-1.907955932617187500e+01
-1.908255577087402344e+01
-1.908555221557617188e+01
-1.909154510498046875e+01
-1.909154510498046875e+01
-1.909453964233398438e+01
-1.910053253173828125e+01
-1.910053253173828125e+01
-1.910053253173828125e+01
-1.910952186584472656e+01
-1.911251640319824219e+01
-1.911251640319824219e+01
-1.911850929260253906e+01
-1.911850929260253906e+01
-1.912150573730468750e+01
-1.912450218200683594e+01
-1.912749671936035156e+01
-1.913348960876464844e+01
-1.913348960876464844e+01
-1.913648605346679688e+01
-1.913948249816894531e+01
-1.914247703552246094e+01
-1.914247703552246094e+01
-1.914846992492675781e+01
-1.915146636962890625e+01
-1.915745735168457031e+01
-1.915745735168457031e+01
-1.916045379638671875e+01
-1.916644668579101562e+01
-1.916644668579101562e+01
-1.916944313049316406e+01
-1.917543411254882812e+01
-1.917543411254882812e+01
-1.917843055725097656e+01
-1.917843055725097656e+01
-1.918442344665527344e+01
-1.918442344665527344e+01
-1.918741798400878906e+01
-1.919640731811523438e+01
-1.919640731811523438e+01
-1.919940376281738281e+01
-1.920239830017089844e+01
-1.920539474487304688e+01
-1.920839118957519531e+01
-1.921438407897949219e+01
-1.921438407897949219e+01
-1.921738052368164062e+01
-1.922037506103515625e+01
-1.922337150573730469e+01
-1.922636795043945312e+01
-1.922936439514160156e+01
-1.922936439514160156e+01
-1.923535537719726562e+01
-1.923835182189941406e+01
-1.924134826660156250e+01
-1.924734115600585938e+01
-1.924734115600585938e+01
-1.925033569335937500e+01
-1.925033569335937500e+01
-1.925632858276367188e+01
-1.926232147216796875e+01
-1.926232147216796875e+01
-1.926531600952148438e+01
-1.926831245422363281e+01
-1.927130889892578125e+01
-1.927430534362792969e+01
-1.927730178833007812e+01
-1.928029632568359375e+01
-1.928628921508789062e+01
-1.928628921508789062e+01
-1.928928565979003906e+01
-1.929527854919433594e+01
-1.929527854919433594e+01
-1.929827308654785156e+01
-1.929827308654785156e+01
-1.930426597595214844e+01
-1.931025886535644531e+01
-1.931025886535644531e+01
-1.931325340270996094e+01
-1.931624984741210938e+01
-1.931924629211425781e+01
-1.932224273681640625e+01
-1.932523918151855469e+01
-1.932823562622070312e+01
-1.933422660827636719e+01
-1.933422660827636719e+01
-1.933722305297851562e+01
-1.934021949768066406e+01
-1.934321594238281250e+01
-1.934321594238281250e+01
-1.934920692443847656e+01
-1.934920692443847656e+01
-1.935819625854492188e+01
-1.935819625854492188e+01
-1.936119270324707031e+01
-1.936718368530273438e+01
-1.936718368530273438e+01
-1.937018013000488281e+01
-1.937317657470703125e+01
-1.937617301940917969e+01
-1.938216400146484375e+01
-1.938216400146484375e+01
-1.938516044616699219e+01
-1.939115333557128906e+01
-1.939115333557128906e+01
-1.939414978027343750e+01
-1.939714622497558594e+01
-1.940014266967773438e+01
-1.940313720703125000e+01
-1.940613365173339844e+01
-1.940913009643554688e+01
-1.941512298583984375e+01
-1.941512298583984375e+01
-1.941811943054199219e+01
-1.942411041259765625e+01
-1.942411041259765625e+01
-1.942710685729980469e+01
-1.943010330200195312e+01
-1.943309974670410156e+01
-1.943909263610839844e+01
-1.943909263610839844e+01
-1.944208908081054688e+01
-1.944808006286621094e+01
-1.944808006286621094e+01
-1.945107650756835938e+01
-1.945407295227050781e+01
-1.945706939697265625e+01
-1.946006584167480469e+01
-1.946306228637695312e+01
-1.946605682373046875e+01
-1.947204971313476562e+01
-1.947204971313476562e+01
-1.947504615783691406e+01
-1.948103904724121094e+01
-1.948103904724121094e+01
-1.948403549194335938e+01
-1.949002838134765625e+01
-1.949002838134765625e+01
-1.949302291870117188e+01
-1.949601936340332031e+01
-1.949901580810546875e+01
-1.950500869750976562e+01
-1.950500869750976562e+01
-1.950800514221191406e+01
-1.951100158691406250e+01
-1.951399803161621094e+01
-1.951399803161621094e+01
-1.951999092102050781e+01
-1.952298545837402344e+01
-1.952897834777832031e+01
-1.952897834777832031e+01
-1.953197479248046875e+01
-1.953796768188476562e+01
-1.953796768188476562e+01
-1.954096412658691406e+01
-1.954096412658691406e+01
-1.954695701599121094e+01
-1.954995346069335938e+01
-1.955294990539550781e+01
-1.955594635009765625e+01
-1.955594635009765625e+01
-1.956193733215332031e+01
-1.956493377685546875e+01
-1.957092666625976562e+01
-1.957092666625976562e+01
-1.957691955566406250e+01
-1.957691955566406250e+01
-1.957691955566406250e+01
-1.958590888977050781e+01
-1.958590888977050781e+01
-1.958890533447265625e+01
-1.959489822387695312e+01
-1.959489822387695312e+01
-1.959789466857910156e+01
-1.960388755798339844e+01
-1.960388755798339844e+01
-1.960688400268554688e+01
-1.960688400268554688e+01
-1.961287689208984375e+01
-1.961587333679199219e+01
-1.961886978149414062e+01
-1.962186622619628906e+01
-1.962785911560058594e+01
-1.962785911560058594e+01
-1.963085556030273438e+01
-1.963385200500488281e+01
-1.963684844970703125e+01
-1.964284133911132812e+01
-1.964284133911132812e+01
-1.964284133911132812e+01
-1.965183067321777344e+01
-1.965183067321777344e+01
-1.965482711791992188e+01
-1.966082000732421875e+01
-1.966082000732421875e+01
-1.966681289672851562e+01
-1.966681289672851562e+01
-1.967280578613281250e+01
-1.967580223083496094e+01
-1.967580223083496094e+01
-1.967879867553710938e+01
-1.968179512023925781e+01
-1.968479156494140625e+01
-1.968479156494140625e+01
-1.969078445434570312e+01
-1.969078445434570312e+01
-1.969677734375000000e+01
-1.969977378845214844e+01
-1.970277023315429688e+01
-1.970576667785644531e+01
-1.970876312255859375e+01
-1.971175956726074219e+01
-1.971175956726074219e+01
-1.971775245666503906e+01
-1.972075080871582031e+01
-1.972374725341796875e+01
-1.972674369812011719e+01
-1.972974014282226562e+01
-1.973273658752441406e+01
-1.973573303222656250e+01
-1.973872947692871094e+01
-1.974172592163085938e+01
-1.974472236633300781e+01
-1.974771881103515625e+01
-1.975071525573730469e+01
-1.975371360778808594e+01
-1.975671005249023438e+01
-1.975970649719238281e+01
-1.976270294189453125e+01
-1.976569938659667969e+01
-1.976869583129882812e+01
-1.977169227600097656e+01
-1.977468872070312500e+01
-1.977768516540527344e+01
-1.978068351745605469e+01
-1.978367996215820312e+01
-1.978367996215820312e+01
-1.978967285156250000e+01
-1.979266929626464844e+01
-1.979566574096679688e+01
-1.979566574096679688e+01
-1.980166053771972656e+01
-1.980765342712402344e+01
-1.980765342712402344e+01
-1.981064987182617188e+01
-1.981364631652832031e+01
-1.981364631652832031e+01
-1.982263755798339844e+01
-1.982263755798339844e+01
-1.982563400268554688e+01
-1.983162689208984375e+01
-1.983162689208984375e+01
-1.983462524414062500e+01
-1.983462524414062500e+01
-1.983762168884277344e+01
-1.984361457824707031e+01
-1.984661102294921875e+01
-1.984661102294921875e+01
-1.985260581970214844e+01
-1.985560226440429688e+01
-1.985859870910644531e+01
-1.986159706115722656e+01
-1.986758995056152344e+01
-1.986758995056152344e+01
-1.987058639526367188e+01
-1.987358474731445312e+01
-1.987658119201660156e+01
-1.987957763671875000e+01
-1.988557243347167969e+01
-1.988557243347167969e+01
-1.989156532287597656e+01
-1.989156532287597656e+01
-1.989156532287597656e+01
-1.990055656433105469e+01
-1.990055656433105469e+01
-1.990355300903320312e+01
-1.990954780578613281e+01
-1.990954780578613281e+01
-1.991254425048828125e+01
-1.991853904724121094e+01
-1.991853904724121094e+01
-1.992453193664550781e+01
-1.992453193664550781e+01
-1.992753028869628906e+01
-1.992753028869628906e+01
-1.993352317810058594e+01
-1.993652153015136719e+01
-1.994251441955566406e+01
-1.994251441955566406e+01
-1.994551277160644531e+01
-1.995150566101074219e+01
-1.995150566101074219e+01
-1.995450401306152344e+01
-1.995450401306152344e+01
-1.996049880981445312e+01
-1.996049880981445312e+01
-1.996649169921875000e+01
-1.996949005126953125e+01
-1.997548294067382812e+01
-1.997548294067382812e+01
-1.997848129272460938e+01
-1.998447608947753906e+01
-1.998447608947753906e+01
-1.999046897888183594e+01
-1.999046897888183594e+01
-1.999346733093261719e+01
-1.999946212768554688e+01
-1.999946212768554688e+01
-2.000245857238769531e+01
-2.000845336914062500e+01
-2.000845336914062500e+01
-2.001144981384277344e+01
-2.001144981384277344e+01
-2.001444816589355469e+01
-2.002044296264648438e+01
-2.002343940734863281e+01
-2.002643775939941406e+01
-2.002643775939941406e+01
-2.002943420410156250e+01
-2.003542900085449219e+01
-2.003842735290527344e+01
-2.004142379760742188e+01
-2.004442214965820312e+01
-2.004741859436035156e+01
-2.005041694641113281e+01
-2.005641174316406250e+01
-2.005641174316406250e+01
-2.005940818786621094e+01
-2.006240653991699219e+01
-2.006240653991699219e+01
-2.006540298461914062e+01
-2.007139778137207031e+01
-2.007439613342285156e+01
-2.007439613342285156e+01
-2.008039093017578125e+01
-2.008338928222656250e+01
-2.008638572692871094e+01
-2.008938407897949219e+01
-2.009537887573242188e+01
-2.009537887573242188e+01
-2.009837722778320312e+01
-2.009837722778320312e+01
-2.010437202453613281e+01
-2.010736846923828125e+01
-2.010736846923828125e+01
-2.011336517333984375e+01
-2.011636161804199219e+01
-2.011935997009277344e+01
-2.012235641479492188e+01
-2.012535476684570312e+01
-2.012835311889648438e+01
-2.013134956359863281e+01
-2.013734626770019531e+01
-2.013734626770019531e+01
-2.014034271240234375e+01
-2.014334106445312500e+01
-2.014633941650390625e+01
-2.015233421325683594e+01
-2.015233421325683594e+01
-2.015533256530761719e+01
-2.016132736206054688e+01
-2.016132736206054688e+01
-2.016432571411132812e+01
-2.017032051086425781e+01
-2.017032051086425781e+01
-2.017331886291503906e+01
-2.017631721496582031e+01
-2.017931365966796875e+01
-2.018531036376953125e+01
-2.018531036376953125e+01
-2.018830871582031250e+01
-2.018830871582031250e+01
-2.019430351257324219e+01
-2.019730186462402344e+01
-2.020030021667480469e+01
-2.020329666137695312e+01
-2.020929336547851562e+01
-2.020929336547851562e+01
-2.021229171752929688e+01
-2.021229171752929688e+01
-2.021828651428222656e+01
-2.022128486633300781e+01
-2.022728157043457031e+01
-2.022728157043457031e+01
-2.022728157043457031e+01
-2.022728157043457031e+01
-2.023627471923828125e+01
-2.024227142333984375e+01
-2.024227142333984375e+01
-2.024227142333984375e+01
-2.025426483154296875e+01
-2.026025962829589844e+01
-2.026025962829589844e+01
-2.026325798034667969e+01
-2.026325798034667969e+01
-2.026925468444824219e+01
-2.027225303649902344e+01
-2.027824974060058594e+01
-2.028424644470214844e+01
-2.028424644470214844e+01
-2.028724479675292969e+01
-2.029024314880371094e+01
-2.029024314880371094e+01
-2.029324150085449219e+01
-2.029923820495605469e+01
-2.029923820495605469e+01
-2.030523490905761719e+01
-2.030823326110839844e+01
-2.030823326110839844e+01
-2.031422996520996094e+01
-2.031722831726074219e+01
-2.032022666931152344e+01
-2.032022666931152344e+01
-2.032622337341308594e+01
-2.032622337341308594e+01
-2.032922172546386719e+01
-2.033521842956542969e+01
-2.033521842956542969e+01
-2.033821678161621094e+01
-2.034121513366699219e+01
-2.034421348571777344e+01
-2.034721183776855469e+01
-2.035021018981933594e+01
-2.035620689392089844e+01
-2.035920524597167969e+01
-2.035920524597167969e+01
-2.036220359802246094e+01
-2.036520385742187500e+01
-2.037120056152343750e+01
-2.037120056152343750e+01
-2.037419891357421875e+01
-2.037719726562500000e+01
-2.038319396972656250e+01
-2.038319396972656250e+01
-2.038619232177734375e+01
-2.038919258117675781e+01
-2.039518928527832031e+01
-2.039518928527832031e+01
-2.039818763732910156e+01
-2.040418434143066406e+01
-2.040418434143066406e+01
-2.040718460083007812e+01
-2.041018295288085938e+01
-2.041318130493164062e+01
-2.041917800903320312e+01
-2.042217636108398438e+01
-2.042217636108398438e+01
-2.042517662048339844e+01
-2.043117332458496094e+01
-2.043417167663574219e+01
-2.043417167663574219e+01
-2.043417167663574219e+01
-2.043417167663574219e+01
-2.043417167663574219e+01
-2.043417167663574219e+01
-2.043417167663574219e+01
-2.043417167663574219e+01
-2.043417167663574219e+01
-2.043417167663574219e+01
-2.043417167663574219e+01
-2.043417167663574219e+01
-2.043417167663574219e+01
-2.043417167663574219e+01
-2.043417167663574219e+01
-2.043417167663574219e+01
-2.043417167663574219e+01
-2.043417167663574219e+01
-2.043417167663574219e+01
-2.043417167663574219e+01
-2.043417167663574219e+01
-2.043417167663574219e+01
-2.043417167663574219e+01
-2.043417167663574219e+01
-2.143345451354980469e+01
-2.143641471862792969e+01
-2.143641471862792969e+01
-2.143641471862792969e+01
-2.144085502624511719e+01
-2.144085502624511719e+01
-2.144233512878417969e+01
-2.144381332397460938e+01
-2.144529342651367188e+01
-2.144677352905273438e+01
-2.144825363159179688e+01
-2.144973373413085938e+01
-2.145269203186035156e+01
-2.145269203186035156e+01
-2.145417213439941406e+01
-2.145713043212890625e+01
-2.145713043212890625e+01
-2.145860862731933594e+01
-2.146008872985839844e+01
-2.146156692504882812e+01
-2.146304702758789062e+01
-2.146452522277832031e+01
-2.146600341796875000e+01
-2.146896171569824219e+01
-2.146896171569824219e+01
-2.147043991088867188e+01
-2.147339630126953125e+01
-2.147339630126953125e+01
-2.147487258911132812e+01
-2.147782897949218750e+01
-2.147782897949218750e+01
-2.147930526733398438e+01
-2.147930526733398438e+01
-2.148225975036621094e+01
-2.148373794555664062e+01
-2.148521423339843750e+01
-2.148669052124023438e+01
-2.148669052124023438e+01
-2.148964309692382812e+01
-2.149111938476562500e+01
-2.149111938476562500e+01
-2.149111938476562500e+01
-2.149554634094238281e+01
-2.149702072143554688e+01
-2.149702072143554688e+01
-2.150144577026367188e+01
-2.150144577026367188e+01
-2.150292015075683594e+01
-2.150586700439453125e+01
-2.150586700439453125e+01
-2.150734138488769531e+01
-2.151028633117675781e+01
-2.151028633117675781e+01
-2.151175880432128906e+01
-2.151175880432128906e+01
-2.151470375061035156e+01
-2.151470375061035156e+01
-2.151764678955078125e+01
-2.151911926269531250e+01
-2.152206039428710938e+01
-2.152206039428710938e+01
-2.152353096008300781e+01
-2.152353096008300781e+01
-2.152647018432617188e+01
-2.152793884277343750e+01
-2.152793884277343750e+01
-2.153087806701660156e+01
-2.153087806701660156e+01
-2.153381347656250000e+01
-2.153674888610839844e+01
-2.153674888610839844e+01
-2.153821563720703125e+01
-2.153821563720703125e+01
-2.154114723205566406e+01
-2.154261398315429688e+01
-2.154554367065429688e+01
-2.154554367065429688e+01
-2.154700851440429688e+01
-2.154993629455566406e+01
-2.154993629455566406e+01
-2.155286407470703125e+01
-2.155286407470703125e+01
-2.155432701110839844e+01
-2.155725097656250000e+01
-2.155725097656250000e+01
-2.155871200561523438e+01
-2.156017303466796875e+01
-2.156163215637207031e+01
-2.156309318542480469e+01
-2.156455230712890625e+01
-2.156601142883300781e+01
-2.156747055053710938e+01
-2.156892776489257812e+01
-2.157038497924804688e+01
-2.157184219360351562e+01
-2.157329940795898438e+01
-2.157475662231445312e+01
-2.157475662231445312e+01
-2.157475662231445312e+01
-2.158057594299316406e+01
-2.158202934265136719e+01
-2.158202934265136719e+01
-2.158348274230957031e+01
-2.158493423461914062e+01
-2.158638763427734375e+01
-2.158783912658691406e+01
-2.158929061889648438e+01
-2.159074020385742188e+01
-2.159218978881835938e+01
-2.159363937377929688e+01
-2.159508895874023438e+01
-2.159653663635253906e+01
-2.159798431396484375e+01
-2.159798431396484375e+01
-2.160087776184082031e+01
-2.160232353210449219e+01
-2.160376930236816406e+01
-2.160665893554687500e+01
-2.160665893554687500e+01
-2.160810089111328125e+01
-2.160954475402832031e+01
-2.161098670959472656e+01
-2.161242866516113281e+01
-2.161386871337890625e+01
-2.161531066894531250e+01
-2.161674880981445312e+01
-2.161818885803222656e+01
-2.161962699890136719e+01
-2.162106513977050781e+01
-2.162250328063964844e+01
-2.162681007385253906e+01
-2.162824440002441406e+01
-2.162824440002441406e+01
-2.162824440002441406e+01
-2.163111114501953125e+01
-2.163254356384277344e+01
-2.163397598266601562e+01
-2.163683700561523438e+01
-2.163683700561523438e+01
-2.163826560974121094e+01
-2.163826560974121094e+01
-2.164112281799316406e+01
-2.164112281799316406e+01
-2.164255142211914062e+01
-2.164397811889648438e+01
-2.164540290832519531e+01
-2.164682769775390625e+01
-2.164825248718261719e+01
-2.164967727661132812e+01
-2.165110015869140625e+01
-2.165252113342285156e+01
-2.165394401550292969e+01
-2.165536308288574219e+01
-2.165678405761718750e+01
-2.165962028503417969e+01
-2.165962028503417969e+01
-2.166103935241699219e+01
-2.166387176513671875e+01
-2.166387176513671875e+01
-2.166528511047363281e+01
-2.166670036315917969e+01
-2.166811370849609375e+01
-2.167093849182128906e+01
-2.167093849182128906e+01
-2.167234802246093750e+01
-2.167516899108886719e+01
-2.167516899108886719e+01
-2.167657661437988281e+01
-2.167798423767089844e+01
-2.167798423767089844e+01
-2.168220138549804688e+01
-2.168220138549804688e+01
-2.168360519409179688e+01
-2.168500900268554688e+01
-2.168781280517578125e+01
-2.168781280517578125e+01
-2.168921279907226562e+01
-2.169201087951660156e+01
-2.169201087951660156e+01
-2.169340896606445312e+01
-2.169340896606445312e+01
-2.169620132446289062e+01
-2.169898986816406250e+01
-2.169898986816406250e+01
-2.170038414001464844e+01
-2.170177459716796875e+01
-2.170316696166992188e+01
-2.170594596862792969e+01
-2.170594596862792969e+01
-2.170733451843261719e+01
-2.171010780334472656e+01
-2.171010780334472656e+01
-2.171149444580078125e+01
-2.171287727355957031e+01
-2.171426200866699219e+01
-2.171564483642578125e+01
-2.171702575683593750e+01
-2.171840667724609375e+01
-2.172116279602050781e+01
-2.172116279602050781e+01
-2.172254180908203125e+01
-2.172529220581054688e+01
-2.172529220581054688e+01
-2.172666740417480469e+01
-2.172941207885742188e+01
-2.172941207885742188e+01
-2.173078346252441406e+01
-2.173215293884277344e+01
-2.173352241516113281e+01
-2.173625755310058594e+01
-2.173625755310058594e+01
-2.173762321472167969e+01
-2.174035072326660156e+01
-2.174035072326660156e+01
-2.174171447753906250e+01
-2.174307632446289062e+01
-2.174443626403808594e+01
-2.174715232849121094e+01
-2.174715232849121094e+01
-2.174851036071777344e+01
-2.175122070312500000e+01
-2.175122070312500000e+01
-2.175257492065429688e+01
-2.175392723083496094e+01
-2.175527763366699219e+01
-2.175797843933105469e+01
-2.175797843933105469e+01
-2.175932502746582031e+01
-2.176201820373535156e+01
-2.176201820373535156e+01
-2.176336288452148438e+01
-2.176470565795898438e+01
-2.176604652404785156e+01
-2.176738739013671875e+01
-2.176872825622558594e+01
-2.177006530761718750e+01
-2.177273941040039062e+01
-2.177273941040039062e+01
-2.177407455444335938e+01
-2.177674102783203125e+01
-2.177674102783203125e+01
-2.177807044982910156e+01
-2.177940177917480469e+01
-2.178072929382324219e+01
-2.178338241577148438e+01
-2.178338241577148438e+01
-2.178470802307128906e+01
-2.178735351562500000e+01
-2.178735351562500000e+01
-2.178867530822753906e+01
-2.178999519348144531e+01
-2.179131317138671875e+01
-2.179394721984863281e+01
-2.179394721984863281e+01
-2.179526138305664062e+01
-2.179788780212402344e+01
-2.179788780212402344e+01
-2.179919815063476562e+01
-2.180050659179687500e+01
-2.180181503295898438e+01
-2.180442810058593750e+01
-2.180442810058593750e+01
-2.180573081970214844e+01
-2.180703353881835938e+01
-2.180833625793457031e+01
-2.181093406677246094e+01
-2.181093406677246094e+01
-2.181223106384277344e+01
-2.181352806091308594e+01
-2.181482315063476562e+01
-2.181611633300781250e+01
-2.181869697570800781e+01
-2.181869697570800781e+01
-2.181998634338378906e+01
-2.182127380371093750e+01
-2.182256126403808594e+01
-2.182256126403808594e+01
-2.182384490966796875e+01
-2.182384490966796875e+01
-2.182896995544433594e+01
-2.182896995544433594e+01
-2.183024787902832031e+01
-2.183279991149902344e+01
-2.183279991149902344e+01
-2.183407402038574219e+01
-2.183407402038574219e+01
-2.183661460876464844e+01
-2.183915138244628906e+01
-2.183915138244628906e+01
-2.184041786193847656e+01
-2.184294509887695312e+01
-2.184294509887695312e+01
-2.184546661376953125e+01
-2.184546661376953125e+01
-2.184546661376953125e+01
-2.184923934936523438e+01
-2.184923934936523438e+01
-2.185049247741699219e+01
-2.185299682617187500e+01
-2.185299682617187500e+01
-2.185424613952636719e+01
-2.185674095153808594e+01
-2.185674095153808594e+01
-2.185798454284667969e+01
-2.185922813415527344e+01
-2.186046981811523438e+01
-2.186171150207519531e+01
-2.186294937133789062e+01
-2.186418724060058594e+01
-2.186665534973144531e+01
-2.186665534973144531e+01
-2.186788749694824219e+01
-2.186788749694824219e+01
-2.187034797668457031e+01
-2.187157630920410156e+01
-2.187280082702636719e+01
-2.187280082702636719e+01
-2.187646865844726562e+01
-2.187646865844726562e+01
-2.187768936157226562e+01
-2.187890625000000000e+01
-2.188012313842773438e+01
-2.188133811950683594e+01
-2.188133811950683594e+01
-2.188376045227050781e+01
-2.188497161865234375e+01
-2.188617897033691406e+01
-2.188738441467285156e+01
-2.188979339599609375e+01
-2.188979339599609375e+01
-2.189099311828613281e+01
-2.189339065551757812e+01
-2.189339065551757812e+01
-2.189458656311035156e+01
-2.189458656311035156e+01
-2.189697456359863281e+01
-2.189935493469238281e+01
-2.189935493469238281e+01
-2.190054130554199219e+01
-2.190291213989257812e+01
-2.190291213989257812e+01
-2.190409469604492188e+01
-2.190645408630371094e+01
-2.190645408630371094e+01
-2.190763092041015625e+01
-2.190880584716796875e+01
-2.190997886657714844e+01
-2.190997886657714844e+01
-2.191232109069824219e+01
-2.191349029541015625e+01
-2.191582107543945312e+01
-2.191582107543945312e+01
-2.191698265075683594e+01
-2.191814422607421875e+01
-2.191930389404296875e+01
-2.192046165466308594e+01
-2.192161560058593750e+01
-2.192276954650878906e+01
-2.192507171630859375e+01
-2.192507171630859375e+01
-2.192621994018554688e+01
-2.192851257324218750e+01
-2.192851257324218750e+01
-2.192851257324218750e+01
-2.193079566955566406e+01
-2.193193435668945312e+01
-2.193420600891113281e+01
-2.193420600891113281e+01
-2.193534088134765625e+01
-2.193647193908691406e+01
-2.193760108947753906e+01
-2.193872833251953125e+01
-2.194097900390625000e+01
-2.194097900390625000e+01
-2.194210052490234375e+01
-2.194433975219726562e+01
-2.194545555114746094e+01
-2.194545555114746094e+01
-2.194656944274902344e+01
-2.194768142700195312e+01
-2.194990158081054688e+01
-2.194990158081054688e+01
-2.195100784301757812e+01
-2.195100784301757812e+01
-2.195321464538574219e+01
-2.195431518554687500e+01
-2.195541381835937500e+01
-2.195651054382324219e+01
-2.195869827270507812e+01
-2.195869827270507812e+01
-2.195869827270507812e+01
-2.196196556091308594e+01
-2.196196556091308594e+01
-2.196413230895996094e+01
-2.196413230895996094e+01
-2.196413230895996094e+01
-2.196736907958984375e+01
-2.196736907958984375e+01
-2.196736907958984375e+01
-2.197058677673339844e+01
-2.197058677673339844e+01
-2.197165489196777344e+01
-2.197378540039062500e+01
-2.197378540039062500e+01
-2.197590827941894531e+01
-2.197590827941894531e+01
-2.197696685791015625e+01
-2.197907638549804688e+01
-2.197907638549804688e+01
-2.198012924194335938e+01
-2.198222732543945312e+01
-2.198222732543945312e+01
-2.198327255249023438e+01
-2.198431587219238281e+01
-2.198535728454589844e+01
-2.198743438720703125e+01
-2.198743438720703125e+01
-2.198846817016601562e+01
-2.198950195312500000e+01
-2.199053192138671875e+01
-2.199053192138671875e+01
-2.199361228942871094e+01
-2.199361228942871094e+01
-2.199463462829589844e+01
-2.199565505981445312e+01
-2.199667167663574219e+01
-2.199870109558105469e+01
-2.199870109558105469e+01
-2.199971199035644531e+01
-2.200172996520996094e+01
-2.200172996520996094e+01
-2.200273323059082031e+01
-2.200373649597167969e+01
-2.200473594665527344e+01
-2.200673103332519531e+01
-2.200673103332519531e+01
-2.200772476196289062e+01
-2.200970458984375000e+01
-2.200970458984375000e+01
-2.201069259643554688e+01
-2.201167678833007812e+01
-2.201265907287597656e+01
-2.201265907287597656e+01
-2.201461791992187500e+01
-2.201559257507324219e+01
-2.201753807067871094e+01
-2.201753807067871094e+01
-2.201850700378417969e+01
-2.202043724060058594e+01
-2.202043724060058594e+01
-2.202139854431152344e+01
-2.202139854431152344e+01
-2.202331733703613281e+01
-2.202522468566894531e+01
-2.202522468566894531e+01
-2.202617454528808594e+01
-2.202806854248046875e+01
-2.202806854248046875e+01
-2.202901268005371094e+01
-2.202995300292968750e+01
-2.203089141845703125e+01
-2.203276252746582031e+01
-2.203276252746582031e+01
-2.203369331359863281e+01
-2.203462219238281250e+01
-2.203554916381835938e+01
-2.203647422790527344e+01
-2.203739738464355469e+01
-2.203831672668457031e+01
-2.203923416137695312e+01
-2.204014968872070312e+01
-2.204106140136718750e+01
-2.204288101196289062e+01
-2.204288101196289062e+01
-2.204378509521484375e+01
-2.204378509521484375e+01
-2.204378509521484375e+01
-2.204648971557617188e+01
-2.204648971557617188e+01
-2.204827880859375000e+01
-2.205006027221679688e+01
-2.205006027221679688e+01
-2.205094718933105469e+01
-2.205094718933105469e+01
-2.205271339416503906e+01
-2.205447006225585938e+01
-2.205447006225585938e+01
-2.205534553527832031e+01
-2.205708885192871094e+01
-2.205708885192871094e+01
-2.205795669555664062e+01
-2.205968666076660156e+01
-2.205968666076660156e+01
-2.206054687500000000e+01
-2.206140708923339844e+01
-2.206226348876953125e+01
-2.206311607360839844e+01
-2.206311607360839844e+01
-2.206396865844726562e+01
-2.206481742858886719e+01
-2.206651115417480469e+01
-2.206735229492187500e+01
-2.206903076171875000e+01
-2.206903076171875000e+01
-2.207069969177246094e+01
-2.207069969177246094e+01
-2.207153129577636719e+01
-2.207318496704101562e+01
-2.207318496704101562e+01
-2.207400894165039062e+01
-2.207565116882324219e+01
-2.207565116882324219e+01
-2.207646751403808594e+01
-2.207728195190429688e+01
-2.207809448242187500e+01
-2.207971382141113281e+01
-2.207971382141113281e+01
-2.208051872253417969e+01
-2.208212280273437500e+01
-2.208212280273437500e+01
-2.208292198181152344e+01
-2.208371734619140625e+01
-2.208451271057128906e+01
-2.208609390258789062e+01
-2.208609390258789062e+01
-2.208609390258789062e+01
-2.208922958374023438e+01
-2.208922958374023438e+01
-2.209000778198242188e+01
-2.209000778198242188e+01
-2.209078216552734375e+01
-2.209232711791992188e+01
-2.209232711791992188e+01
-2.209309577941894531e+01
-2.209309577941894531e+01
-2.209309577941894531e+01
-2.209539031982421875e+01
-2.209614944458007812e+01
-2.209614944458007812e+01
-2.209841537475585938e+01
-2.209841537475585938e+01
-2.209916687011718750e+01
-2.210066032409667969e+01
-2.210066032409667969e+01
-2.210140419006347656e+01
-2.210288619995117188e+01
-2.210288619995117188e+01
-2.210362434387207031e+01
-2.210362434387207031e+01
-2.210509109497070312e+01
-2.210582160949707031e+01
-2.210582160949707031e+01
-2.210655021667480469e+01
-2.210872077941894531e+01
-2.210872077941894531e+01
-2.210943984985351562e+01
-2.211087226867675781e+01
-2.211087226867675781e+01
-2.211158370971679688e+01
-2.211229324340820312e+01
-2.211300277709960938e+01
-2.211441040039062500e+01
-2.211441040039062500e+01
-2.211511230468750000e+01
-2.211650848388671875e+01
-2.211650848388671875e+01
-2.211720275878906250e+01
-2.211858558654785156e+01
-2.211858558654785156e+01
-2.211927223205566406e+01
-2.212064170837402344e+01
-2.212064170837402344e+01
-2.212064170837402344e+01
-2.212200164794921875e+01
-2.212267875671386719e+01
-2.212402534484863281e+01
-2.212402534484863281e+01
-2.212469482421875000e+01
-2.212602806091308594e+01
-2.212602806091308594e+01
-2.212735366821289062e+01
-2.212735366821289062e+01
-2.212801170349121094e+01
-2.212866783142089844e+01
-2.212932395935058594e+01
-2.212997627258300781e+01
-2.213127326965332031e+01
-2.213127326965332031e+01
-2.213191986083984375e+01
-2.213320350646972656e+01
-2.213320350646972656e+01
-2.213384246826171875e+01
-2.213447952270507812e+01
-2.213511466979980469e+01
-2.213637733459472656e+01
-2.213637733459472656e+01
-2.213700485229492188e+01
-2.213825416564941406e+01
-2.213825416564941406e+01
-2.213887596130371094e+01
-2.214011383056640625e+01
-2.214011383056640625e+01
-2.214072799682617188e+01
-2.214134025573730469e+01
-2.214195060729980469e+01
-2.214316558837890625e+01
-2.214316558837890625e+01
-2.214377021789550781e+01
-2.214437103271484375e+01
-2.214497184753417969e+01
-2.214556884765625000e+01
-2.214616394042968750e+01
-2.214675712585449219e+01
-2.214793777465820312e+01
-2.214793777465820312e+01
-2.214852333068847656e+01
-2.214969062805175781e+01
-2.214969062805175781e+01
-2.215027046203613281e+01
-2.215142440795898438e+01
-2.215142440795898438e+01
-2.215199851989746094e+01
-2.215199851989746094e+01
-2.215313911437988281e+01
-2.215427017211914062e+01
-2.215427017211914062e+01
-2.215483283996582031e+01
-2.215595245361328125e+01
-2.215595245361328125e+01
-2.215650939941406250e+01
-2.215706253051757812e+01
-2.215761566162109375e+01
-2.215871238708496094e+01
-2.215871238708496094e+01
-2.215925979614257812e+01
-2.215980339050292969e+01
-2.216034317016601562e+01
-2.216088294982910156e+01
-2.216195487976074219e+01
-2.216195487976074219e+01
-2.216248703002929688e+01
-2.216301918029785156e+01
-2.216354751586914062e+01
-2.216407394409179688e+01
-2.216459846496582031e+01
-2.216511917114257812e+01
-2.216615867614746094e+01
-2.216615867614746094e+01
-2.216667366027832031e+01
-2.216769790649414062e+01
-2.216769790649414062e+01
-2.216820716857910156e+01
-2.216871452331542969e+01
-2.216921997070312500e+01
-2.216921997070312500e+01
-2.217022514343261719e+01
-2.217072296142578125e+01
-2.217171478271484375e+01
-2.217171478271484375e+01
-2.217220687866210938e+01
-2.217269706726074219e+01
-2.217318534851074219e+01
-2.217415618896484375e+01
-2.217415618896484375e+01
-2.217463684082031250e+01
-2.217559432983398438e+01
-2.217559432983398438e+01
-2.217607116699218750e+01
-2.217701530456542969e+01
-2.217701530456542969e+01
-2.217748451232910156e+01
-2.217748451232910156e+01
-2.217841720581054688e+01
-2.217934036254882812e+01
-2.217980003356933594e+01
-2.218025588989257812e+01
-2.218025588989257812e+01
-2.218071174621582031e+01
-2.218116378784179688e+01
-2.218161392211914062e+01
-2.218206214904785156e+01
-2.218250846862792969e+01
-2.218250846862792969e+01
-2.218339538574218750e+01
-2.218427467346191406e+01
-2.218427467346191406e+01
-2.218470954895019531e+01
-2.218557548522949219e+01
-2.218557548522949219e+01
-2.218600463867187500e+01
-2.218600463867187500e+01
-2.218643188476562500e+01
-2.218770408630371094e+01
-2.218770408630371094e+01
-2.218812179565429688e+01
-2.218812179565429688e+01
-2.218895530700683594e+01
-2.218936920166015625e+01
-2.218977928161621094e+01
-2.219018936157226562e+01
-2.219099998474121094e+01
-2.219099998474121094e+01
-2.219140434265136719e+01
-2.219180488586425781e+01
-2.219180488586425781e+01
-2.219260025024414062e+01
-2.219338798522949219e+01
-2.219338798522949219e+01
-2.219416618347167969e+01
-2.219416618347167969e+01
-2.219455337524414062e+01
-2.219532012939453125e+01
-2.219532012939453125e+01
-2.219532012939453125e+01
-2.219645500183105469e+01
-2.219645500183105469e+01
-2.219682884216308594e+01
-2.219720077514648438e+01
-2.219757080078125000e+01
-2.219830513000488281e+01
-2.219830513000488281e+01
-2.219866943359375000e+01
-2.219939231872558594e+01
-2.219939231872558594e+01
-2.219975090026855469e+01
-2.220046043395996094e+01
-2.220046043395996094e+01
-2.220081138610839844e+01
-2.220081138610839844e+01
-2.220150947570800781e+01
-2.220150947570800781e+01
-2.220150947570800781e+01
-2.220219993591308594e+01
-2.220288085937500000e+01
-2.220321846008300781e+01
-2.220388984680175781e+01
-2.220388984680175781e+01
-2.220388984680175781e+01
-2.220487785339355469e+01
-2.220487785339355469e+01
-2.220520401000976562e+01
-2.220585060119628906e+01
-2.220585060119628906e+01
-2.220616912841796875e+01
-2.220648765563964844e+01
-2.220680236816406250e+01
-2.220742797851562500e+01
-2.220742797851562500e+01
-2.220773887634277344e+01
-2.220835304260253906e+01
-2.220835304260253906e+01
-2.220865631103515625e+01
-2.220895767211914062e+01
-2.220925712585449219e+01
-2.220955657958984375e+01
-2.220985221862792969e+01
-2.221014595031738281e+01
-2.221072769165039062e+01
-2.221072769165039062e+01
-2.221072769165039062e+01
-2.221130180358886719e+01
-2.221130180358886719e+01
-2.221186637878417969e+01
-2.221214675903320312e+01
-2.221242523193359375e+01
-2.221297645568847656e+01
-2.221297645568847656e+01
-2.221324729919433594e+01
-2.221378707885742188e+01
-2.221378707885742188e+01
-2.221378707885742188e+01
-2.221431732177734375e+01
-2.221457862854003906e+01
-2.221509742736816406e+01
-2.221509742736816406e+01
-2.221509742736816406e+01
-2.221586227416992188e+01
-2.221586227416992188e+01
-2.221611213684082031e+01
-2.221660804748535156e+01
-2.221660804748535156e+01
-2.221685218811035156e+01
-2.221709442138671875e+01
-2.221733665466308594e+01
-2.221781158447265625e+01
-2.221781158447265625e+01
-2.221804618835449219e+01
-2.221851158142089844e+01
-2.221851158142089844e+01
-2.221874046325683594e+01
-2.221874046325683594e+01
-2.221919250488281250e+01
-2.221963691711425781e+01
-2.221963691711425781e+01
-2.221963691711425781e+01
-2.222029113769531250e+01
-2.222029113769531250e+01
-2.222050476074218750e+01
-2.222092628479003906e+01
-2.222092628479003906e+01
-2.222113418579101562e+01
-2.222154426574707031e+01
-2.222154426574707031e+01
-2.222174644470214844e+01
-2.222194671630859375e+01
-2.222214508056640625e+01
-2.222253608703613281e+01
-2.222253608703613281e+01
-2.222272872924804688e+01
-2.222272872924804688e+01
-2.222291946411132812e+01
-2.222329521179199219e+01
-2.222366333007812500e+01
-2.222366333007812500e+01
-2.222384452819824219e+01
-2.222402381896972656e+01
-2.222420120239257812e+01
-2.222454833984375000e+01
-2.222454833984375000e+01
-2.222472000122070312e+01
-2.222505760192871094e+01
-2.222505760192871094e+01
-2.222522354125976562e+01
-2.222538757324218750e+01
-2.222554969787597656e+01
-2.222586822509765625e+01
-2.222586822509765625e+01
-2.222602653503417969e+01
-2.222618103027343750e+01
-2.222633361816406250e+01
-2.222648429870605469e+01
-2.222663307189941406e+01
-2.222677993774414062e+01
-2.222706794738769531e+01
-2.222706794738769531e+01
-2.222720909118652344e+01
-2.222748756408691406e+01
-2.222748756408691406e+01
-2.222762298583984375e+01
-2.222788810729980469e+01
-2.222788810729980469e+01
-2.222801780700683594e+01
-2.222814750671386719e+01
-2.222827339172363281e+01
-2.222852134704589844e+01
-2.222852134704589844e+01
-2.222864151000976562e+01
-2.222864151000976562e+01
-2.222887802124023438e+01
-2.222910690307617188e+01
-2.222910690307617188e+01
-2.222921752929687500e+01
-2.222943496704101562e+01
-2.222943496704101562e+01
-2.222954177856445312e+01
-2.222954177856445312e+01
-2.222964477539062500e+01
-2.222984695434570312e+01
-2.222994613647460938e+01
-2.223004341125488281e+01
-2.223023033142089844e+01
-2.223023033142089844e+01
-2.223032188415527344e+01
-2.223049926757812500e+01
-2.223049926757812500e+01
-2.223058509826660156e+01
-2.223075103759765625e+01
-2.223075103759765625e+01
-2.223083114624023438e+01
-2.223090934753417969e+01
-2.223098564147949219e+01
-2.223106002807617188e+01
-2.223113250732421875e+01
-2.223120307922363281e+01
-2.223134040832519531e+01
-2.223134040832519531e+01
-2.223140525817871094e+01
-2.223153114318847656e+01
-2.223153114318847656e+01
-2.223159217834472656e+01
-2.223170661926269531e+01
-2.223170661926269531e+01
-2.223176002502441406e+01
-2.223181343078613281e+01
-2.223186492919921875e+01
-2.223196029663085938e+01
-2.223196029663085938e+01
-2.223200607299804688e+01
-2.223204994201660156e+01
-2.223209190368652344e+01
-2.223213195800781250e+01
-2.223217010498046875e+01
-2.223220634460449219e+01
-2.223227500915527344e+01
-2.223230552673339844e+01
-2.223230552673339844e+01
-2.223233413696289062e+01
-2.223236274719238281e+01
-2.223238754272460938e+01
-2.223243331909179688e+01
-2.223243331909179688e+01
-2.223243331909179688e+01
-2.223249053955078125e+01
-2.223249053955078125e+01
-2.223249053955078125e+01
-2.223253822326660156e+01
-2.223253822326660156e+01
-2.223255348205566406e+01
-2.223255348205566406e+01
-2.223255348205566406e+01
-2.223255729675292969e+01
-2.223255920410156250e+01
-2.223256111145019531e+01
-2.223255920410156250e+01
-2.223255920410156250e+01
-2.223255538940429688e+01
-2.223254585266113281e+01
-2.223253631591796875e+01
-2.223252677917480469e+01
-2.223251533508300781e+01
-2.223251533508300781e+01
-2.223248672485351562e+01
-2.223246955871582031e+01
-2.223246955871582031e+01
-2.223243141174316406e+01
-2.223240852355957031e+01
-2.223240852355957031e+01
-2.223238372802734375e+01
-2.223233032226562500e+01
-2.223230171203613281e+01
-2.223227119445800781e+01
-2.223223876953125000e+01
-2.223223876953125000e+01
-2.223220252990722656e+01
-2.223212814331054688e+01
-2.223212814331054688e+01
-2.223208999633789062e+01
-2.223200416564941406e+01
-2.223195838928222656e+01
-2.223195838928222656e+01
-2.223186302185058594e+01
-2.223181343078613281e+01
-2.223176193237304688e+01
-2.223176193237304688e+01
-2.223165130615234375e+01
-2.223159408569335938e+01
-2.223153495788574219e+01
-2.223147392272949219e+01
-2.223141098022460938e+01
-2.223134613037109375e+01
-2.223128128051757812e+01
-2.223121261596679688e+01
-2.223114204406738281e+01
-2.223107147216796875e+01
-2.223099899291992188e+01
-2.223092269897460938e+01
-2.223084640502929688e+01
-2.223084640502929688e+01
-2.223076820373535156e+01
-2.223060607910156250e+01
-2.223043632507324219e+01
-2.223043632507324219e+01
-2.223034858703613281e+01
-2.223034858703613281e+01
-2.223025894165039062e+01
-2.223016929626464844e+01
-2.222988510131835938e+01
-2.222988510131835938e+01
-2.222978782653808594e+01
-2.222968673706054688e+01
-2.222958564758300781e+01
-2.222937774658203125e+01
-2.222927093505859375e+01
-2.222927093505859375e+01
-2.222905158996582031e+01
-2.222905158996582031e+01
-2.222893905639648438e+01
-2.222871017456054688e+01
-2.222871017456054688e+01
-2.222847366333007812e+01
-2.222847366333007812e+01
-2.222835350036621094e+01
-2.222835350036621094e+01
-2.222835350036621094e+01
-2.222797966003417969e+01
-2.222785186767578125e+01
-2.222772216796875000e+01
-2.222759056091308594e+01
-2.222732162475585938e+01
-2.222732162475585938e+01
-2.222718429565429688e+01
-2.222690582275390625e+01
-2.222690582275390625e+01
-2.222676277160644531e+01
-2.222661972045898438e+01
-2.222647285461425781e+01
-2.222617721557617188e+01
-2.222617721557617188e+01
-2.222602462768554688e+01
-2.222571754455566406e+01
-2.222571754455566406e+01
-2.222556114196777344e+01
-2.222524261474609375e+01
-2.222524261474609375e+01
-2.222508239746093750e+01
-2.222475242614746094e+01
-2.222475242614746094e+01
-2.222441673278808594e+01
-2.222441673278808594e+01
-2.222424697875976562e+01
-2.222407341003417969e+01
-2.222389984130859375e+01
-2.222372436523437500e+01
-2.222336578369140625e+01
-2.222336578369140625e+01
-2.222318458557128906e+01
-2.222300148010253906e+01
-2.222281646728515625e+01
-2.222281646728515625e+01
-2.222244262695312500e+01
-2.222244262695312500e+01
-2.222186660766601562e+01
-2.222186660766601562e+01
-2.222147369384765625e+01
-2.222147369384765625e+01
-2.222127342224121094e+01
-2.222087097167968750e+01
-2.222087097167968750e+01
-2.222066688537597656e+01
-2.222046089172363281e+01
-2.222025299072265625e+01
-2.222004318237304688e+01
-2.221961784362792969e+01
-2.221961784362792969e+01
-2.221940231323242188e+01
-2.221918487548828125e+01
-2.221896553039550781e+01
-2.221874618530273438e+01
-2.221852302551269531e+01
-2.221829986572265625e+01
-2.221784591674804688e+01
-2.221784591674804688e+01
-2.221784591674804688e+01
-2.221715164184570312e+01
-2.221715164184570312e+01
-2.221691703796386719e+01
-2.221668052673339844e+01
-2.221644210815429688e+01
-2.221595954895019531e+01
-2.221595954895019531e+01
-2.221571731567382812e+01
-2.221522331237792969e+01
-2.221522331237792969e+01
-2.221497535705566406e+01
-2.221472358703613281e+01
-2.221447181701660156e+01
-2.221421623229980469e+01
-2.221396064758300781e+01
-2.221370124816894531e+01
-2.221318054199218750e+01
-2.221318054199218750e+01
-2.221265220642089844e+01
-2.221265220642089844e+01
-2.221238517761230469e+01
-2.221184539794921875e+01
-2.221184539794921875e+01
-2.221157264709472656e+01
-2.221102333068847656e+01
-2.221102333068847656e+01
-2.221074485778808594e+01
-2.221018409729003906e+01
-2.221018409729003906e+01
-2.220961570739746094e+01
-2.220961570739746094e+01
-2.220903968811035156e+01
-2.220903968811035156e+01
-2.220874977111816406e+01
-2.220845794677734375e+01
-2.220816421508789062e+01
-2.220786857604980469e+01
-2.220727157592773438e+01
-2.220727157592773438e+01
-2.220697021484375000e+01
-2.220666694641113281e+01
-2.220636177062988281e+01
-2.220605659484863281e+01
-2.220574760437011719e+01
-2.220543670654296875e+01
-2.220481109619140625e+01
-2.220481109619140625e+01
-2.220449638366699219e+01
-2.220385932922363281e+01
-2.220385932922363281e+01
-2.220353889465332031e+01
-2.220353889465332031e+01
-2.220321655273437500e+01
-2.220256423950195312e+01
-2.220223617553710938e+01
-2.220190620422363281e+01
-2.220157432556152344e+01
-2.220124053955078125e+01
-2.220090675354003906e+01
-2.220022964477539062e+01
-2.220022964477539062e+01
-2.219988822937011719e+01
-2.219920158386230469e+01
-2.219920158386230469e+01
-2.219850730895996094e+01
-2.219850730895996094e+01
-2.219815826416015625e+01
-2.219745254516601562e+01
-2.219745254516601562e+01
-2.219709777832031250e+01
-2.219638252258300781e+01
-2.219638252258300781e+01
-2.219602012634277344e+01
-2.219565773010253906e+01
-2.219529342651367188e+01
-2.219456100463867188e+01
-2.219456100463867188e+01
-2.219419097900390625e+01
-2.219344520568847656e+01
-2.219344520568847656e+01
-2.219307136535644531e+01
-2.219269371032714844e+01
-2.219231414794921875e+01
-2.219193458557128906e+01
-2.219155120849609375e+01
-2.219116783142089844e+01
-2.219039344787597656e+01
-2.219000434875488281e+01
-2.219000434875488281e+01
-2.218922042846679688e+01
-2.218922042846679688e+01
-2.218882369995117188e+01
-2.218842697143554688e+01
-2.218842697143554688e+01
-2.218842697143554688e+01
-2.218842697143554688e+01
-2.218842697143554688e+01
-2.218842697143554688e+01
-2.218762779235839844e+01
-2.218722534179687500e+01
-2.218682289123535156e+01
-2.218641662597656250e+01
-2.218600845336914062e+01
-2.218559837341308594e+01
-2.218518829345703125e+01
-2.218435859680175781e+01
-2.218435859680175781e+01
-2.218394279479980469e+01
-2.218352317810058594e+01
-2.218268013000488281e+01
-2.218268013000488281e+01
-2.218183135986328125e+01
-2.218183135986328125e+01
-2.218097305297851562e+01
-2.218097305297851562e+01
-2.218054199218750000e+01
-2.217967414855957031e+01
-2.217967414855957031e+01
-2.217923736572265625e+01
-2.217879867553710938e+01
-2.217835807800292969e+01
-2.217791557312011719e+01
-2.217747116088867188e+01
-2.217657852172851562e+01
-2.217657852172851562e+01
-2.217612838745117188e+01
-2.217567634582519531e+01
-2.217522430419921875e+01
-2.217476844787597656e+01
-2.217431259155273438e+01
-2.217385292053222656e+01
-2.217339324951171875e+01
-2.217246627807617188e+01
-2.217246627807617188e+01
-2.217200088500976562e+01
-2.217200088500976562e+01
-2.217200088500976562e+01
-2.217200088500976562e+01
-2.217200088500976562e+01
-2.217200088500976562e+01
-2.217200088500976562e+01
-2.217200088500976562e+01
-2.217200088500976562e+01
-2.217200088500976562e+01
-2.217200088500976562e+01
-2.217200088500976562e+01
-2.217200088500976562e+01
-2.217200088500976562e+01
-2.217200088500976562e+01
-2.196374320983886719e+01
-2.196327781677246094e+01
-2.196281242370605469e+01
-2.196141624450683594e+01
-2.196141624450683594e+01
-2.196141624450683594e+01
-2.196048736572265625e+01
-2.196048736572265625e+01
-2.196002197265625000e+01
-2.195955657958984375e+01
-2.195909118652343750e+01
-2.195816230773925781e+01
-2.195816230773925781e+01
-2.195769691467285156e+01
-2.195676612854003906e+01
-2.195630073547363281e+01
-2.195583724975585938e+01
-2.195537185668945312e+01
-2.195537185668945312e+01
-2.195490646362304688e+01
-2.195444107055664062e+01
-2.195397567749023438e+01
-2.195304679870605469e+01
-2.195304679870605469e+01
-2.195258140563964844e+01
-2.195165061950683594e+01
-2.195165061950683594e+01
-2.195118713378906250e+01
-2.195025634765625000e+01
-2.195025634765625000e+01
-2.194979095458984375e+01
-2.194932556152343750e+01
-2.194886016845703125e+01
-2.194793128967285156e+01
-2.194793128967285156e+01
-2.194746589660644531e+01
-2.194653511047363281e+01
-2.194653511047363281e+01
-2.194607162475585938e+01
-2.194514083862304688e+01
-2.194514083862304688e+01
-2.194421005249023438e+01
-2.194374656677246094e+01
-2.194328117370605469e+01
-2.194328117370605469e+01
-2.194235038757324219e+01
-2.194188499450683594e+01
-2.194141960144042969e+01
-2.194141960144042969e+01
-2.194049072265625000e+01
-2.194002532958984375e+01
-2.194002532958984375e+01
-2.193909454345703125e+01
-2.193909454345703125e+01
-2.193863105773925781e+01
-2.193770027160644531e+01
-2.193770027160644531e+01
-2.193770027160644531e+01
-2.193630599975585938e+01
-2.193630599975585938e+01
-2.193537521362304688e+01
-2.193537521362304688e+01
-2.193490982055664062e+01
-2.193397903442382812e+01
-2.193397903442382812e+01
-2.193351554870605469e+01
-2.193258476257324219e+01
-2.193258476257324219e+01
-2.193165397644042969e+01
-2.193119049072265625e+01
-2.193119049072265625e+01
-2.193025970458984375e+01
-2.193025970458984375e+01
-2.192979431152343750e+01
-2.192886543273925781e+01
-2.192886543273925781e+01
-2.192793464660644531e+01
-2.192793464660644531e+01
-2.192746925354003906e+01
-2.192654037475585938e+01
-2.192607498168945312e+01
-2.192607498168945312e+01
-2.192514419555664062e+01
-2.192467880249023438e+01
-2.192467880249023438e+01
-2.192467880249023438e+01
-2.192374992370605469e+01
-2.192328453063964844e+01
-2.192235374450683594e+01
-2.192235374450683594e+01
-2.192142486572265625e+01
-2.192142486572265625e+01
-2.192095947265625000e+01
-2.192002868652343750e+01
-2.192002868652343750e+01
-2.191956329345703125e+01
-2.191863441467285156e+01
-2.191863441467285156e+01
-2.191770362854003906e+01
-2.191770362854003906e+01
-2.191723823547363281e+01
-2.191630935668945312e+01
-2.191630935668945312e+01
-2.191584396362304688e+01
-2.191491317749023438e+01
-2.191491317749023438e+01
-2.191444778442382812e+01
-2.191351890563964844e+01
-2.191351890563964844e+01
-2.191351890563964844e+01
-2.191212272644042969e+01
-2.191212272644042969e+01
-2.191119384765625000e+01
-2.191119384765625000e+01
-2.191072845458984375e+01
-2.190979766845703125e+01
-2.190979766845703125e+01
-2.190886878967285156e+01
-2.190840339660644531e+01
-2.190840339660644531e+01
-2.190840339660644531e+01
-2.190747261047363281e+01
-2.190700912475585938e+01
-2.190607833862304688e+01
-2.190607833862304688e+01
-2.190514755249023438e+01
-2.190468406677246094e+01
-2.190468406677246094e+01
-2.190468406677246094e+01
-2.190421867370605469e+01
-2.190328788757324219e+01
-2.190235900878906250e+01
-2.190235900878906250e+01
-2.190142822265625000e+01
-2.190096282958984375e+01
-2.190096282958984375e+01
-2.190003395080566406e+01
-2.190003395080566406e+01
-2.189956855773925781e+01
-2.189863777160644531e+01
-2.189863777160644531e+01
-2.189817237854003906e+01
-2.189770889282226562e+01
-2.189677810668945312e+01
-2.189677810668945312e+01
-2.189631271362304688e+01
-2.189584732055664062e+01
-2.189491844177246094e+01
-2.189491844177246094e+01
-2.189445304870605469e+01
-2.189352226257324219e+01
-2.189352226257324219e+01
-2.189305686950683594e+01
-2.189212799072265625e+01
-2.189212799072265625e+01
-2.189212799072265625e+01
-2.189073181152343750e+01
-2.189073181152343750e+01
-2.188980293273925781e+01
-2.188980293273925781e+01
-2.188933753967285156e+01
-2.188840675354003906e+01
-2.188840675354003906e+01
-2.188794326782226562e+01
-2.188701248168945312e+01
-2.188701248168945312e+01
-2.188608169555664062e+01
-2.188561820983886719e+01
-2.188561820983886719e+01
-2.188468742370605469e+01
-2.188468742370605469e+01
-2.188468742370605469e+01
-2.188329315185546875e+01
-2.188329315185546875e+01
-2.188236236572265625e+01
-2.188189697265625000e+01
-2.188189697265625000e+01
-2.188096809387207031e+01
-2.188096809387207031e+01
-2.188050270080566406e+01
-2.187957191467285156e+01
-2.187910842895507812e+01
-2.187910842895507812e+01
-2.187817764282226562e+01
-2.187817764282226562e+01
-2.187771224975585938e+01
-2.187678337097167969e+01
-2.187678337097167969e+01
-2.187585258483886719e+01
-2.187585258483886719e+01
-2.187538719177246094e+01
-2.187538719177246094e+01
-2.187538719177246094e+01
-2.187399291992187500e+01
-2.187306213378906250e+01
-2.187306213378906250e+01
-2.187213325500488281e+01
-2.187166786193847656e+01
-2.187166786193847656e+01
-2.187073707580566406e+01
-2.187027168273925781e+01
-2.186980819702148438e+01
-2.186980819702148438e+01
-2.186887741088867188e+01
-2.186841201782226562e+01
-2.186841201782226562e+01
-2.186748313903808594e+01
-2.186701774597167969e+01
-2.186701774597167969e+01
-2.186655235290527344e+01
-2.186655235290527344e+01
-2.186562347412109375e+01
-2.186515808105468750e+01
-2.186422729492187500e+01
-2.186422729492187500e+01
-2.186376190185546875e+01
-2.186283302307128906e+01
-2.186283302307128906e+01
-2.186236763000488281e+01
-2.186143684387207031e+01
-2.186143684387207031e+01
-2.186050796508789062e+01
-2.186050796508789062e+01
-2.186004257202148438e+01
-2.185911369323730469e+01
-2.185911369323730469e+01
-2.185818290710449219e+01
-2.185771751403808594e+01
-2.185771751403808594e+01
-2.185678863525390625e+01
-2.185678863525390625e+01
-2.185632324218750000e+01
-2.185585784912109375e+01
-2.185539245605468750e+01
-2.185492706298828125e+01
-2.185446357727050781e+01
-2.185446357727050781e+01
-2.185306739807128906e+01
-2.185306739807128906e+01
-2.185260391235351562e+01
-2.185167312622070312e+01
-2.185167312622070312e+01
-2.185120773315429688e+01
-2.185027885437011719e+01
-2.185027885437011719e+01
-2.185027885437011719e+01
-2.184934806823730469e+01
-2.184888267517089844e+01
-2.184795379638671875e+01
-2.184795379638671875e+01
-2.184748840332031250e+01
-2.184655761718750000e+01
-2.184655761718750000e+01
-2.184562873840332031e+01
-2.184516334533691406e+01
-2.184516334533691406e+01
-2.184423255920410156e+01
-2.184423255920410156e+01
-2.184376907348632812e+01
-2.184376907348632812e+01
-2.184283828735351562e+01
-2.184283828735351562e+01
-2.184144401550292969e+01
-2.184097862243652344e+01
-2.184051322937011719e+01
-2.184051322937011719e+01
-2.184004783630371094e+01
-2.183911895751953125e+01
-2.183911895751953125e+01
-2.183865356445312500e+01
-2.183772468566894531e+01
-2.183772468566894531e+01
-2.183725929260253906e+01
-2.183632850646972656e+01
-2.183632850646972656e+01
-2.183539962768554688e+01
-2.183493423461914062e+01
-2.183446884155273438e+01
-2.183400344848632812e+01
-2.183400344848632812e+01
-2.183353996276855469e+01
-2.183307456970214844e+01
-2.183260917663574219e+01
-2.183214378356933594e+01
-2.183121490478515625e+01
-2.183121490478515625e+01
-2.183028411865234375e+01
-2.182981872558593750e+01
-2.182981872558593750e+01
-2.182888984680175781e+01
-2.182842445373535156e+01
-2.182795906066894531e+01
-2.182749557495117188e+01
-2.182749557495117188e+01
-2.182703018188476562e+01
-2.182609939575195312e+01
-2.182609939575195312e+01
-2.182517051696777344e+01
-2.182470512390136719e+01
-2.182423973083496094e+01
-2.182377624511718750e+01
-2.182377624511718750e+01
-2.182331085205078125e+01
-2.182238006591796875e+01
-2.182238006591796875e+01
-2.182191467285156250e+01
-2.182098579406738281e+01
-2.182098579406738281e+01
-2.182005500793457031e+01
-2.182005500793457031e+01
-2.181959152221679688e+01
-2.181866073608398438e+01
-2.181866073608398438e+01
-2.181773185729980469e+01
-2.181726646423339844e+01
-2.181726646423339844e+01
-2.181633567810058594e+01
-2.181633567810058594e+01
-2.181587219238281250e+01
-2.181494140625000000e+01
-2.181494140625000000e+01
-2.181447601318359375e+01
-2.181354713439941406e+01
-2.181354713439941406e+01
-2.181308174133300781e+01
-2.181215286254882812e+01
-2.181215286254882812e+01
-2.181122207641601562e+01
-2.181122207641601562e+01
-2.181122207641601562e+01
-2.180982780456542969e+01
-2.180982780456542969e+01
-2.180936241149902344e+01
-2.180843162536621094e+01
-2.180843162536621094e+01
-2.180796813964843750e+01
-2.180703735351562500e+01
-2.180703735351562500e+01
-2.180610847473144531e+01
-2.180610847473144531e+01
-2.180564308166503906e+01
-2.180471229553222656e+01
-2.180471229553222656e+01
-2.180424880981445312e+01
-2.180331802368164062e+01
-2.180331802368164062e+01
-2.180238914489746094e+01
-2.180192375183105469e+01
-2.180192375183105469e+01
-2.180099296569824219e+01
-2.180099296569824219e+01
-2.180052947998046875e+01
-2.179959869384765625e+01
-2.179959869384765625e+01
-2.179913330078125000e+01
-2.179913330078125000e+01
-2.179820442199707031e+01
-2.179727363586425781e+01
-2.179727363586425781e+01
-2.179681015014648438e+01
-2.179587936401367188e+01
-2.179587936401367188e+01
-2.179541587829589844e+01
-2.179448509216308594e+01
-2.179448509216308594e+01
-2.179448509216308594e+01
-2.179309082031250000e+01
-2.179309082031250000e+01
-2.179216003417968750e+01
-2.179216003417968750e+01
-2.179169654846191406e+01
-2.179076576232910156e+01
-2.179076576232910156e+01
-2.179030036926269531e+01
-2.178937149047851562e+01
-2.178937149047851562e+01
-2.178844070434570312e+01
-2.178844070434570312e+01
-2.178797721862792969e+01
-2.178704643249511719e+01
-2.178658103942871094e+01
-2.178611755371093750e+01
-2.178611755371093750e+01
-2.178472328186035156e+01
-2.178472328186035156e+01
-2.178472328186035156e+01
-2.178379249572753906e+01
-2.178379249572753906e+01
-2.178332710266113281e+01
-2.178286361694335938e+01
-2.178193283081054688e+01
-2.178193283081054688e+01
-2.178146743774414062e+01
-2.178053855895996094e+01
-2.178053855895996094e+01
-2.178007316589355469e+01
-2.177914428710937500e+01
-2.177914428710937500e+01
-2.177821350097656250e+01
-2.177775001525878906e+01
-2.177775001525878906e+01
-2.177681922912597656e+01
-2.177681922912597656e+01
-2.177635383605957031e+01
-2.177542495727539062e+01
-2.177542495727539062e+01
-2.177495956420898438e+01
-2.177403068542480469e+01
-2.177403068542480469e+01
-2.177309989929199219e+01
-2.177309989929199219e+01
-2.177263641357421875e+01
-2.177263641357421875e+01
-2.177263641357421875e+01
-2.177077674865722656e+01
-2.177031135559082031e+01
-2.177031135559082031e+01
-2.176938247680664062e+01
-2.176938247680664062e+01
-2.176938247680664062e+01
-2.176798629760742188e+01
-2.176752281188964844e+01
-2.176705741882324219e+01
-2.176659202575683594e+01
-2.176659202575683594e+01
-2.176566314697265625e+01
-2.176566314697265625e+01
-2.176519775390625000e+01
-2.176426887512207031e+01
-2.176426887512207031e+01
-2.176380348205566406e+01
-2.176287269592285156e+01
-2.176287269592285156e+01
-2.176240921020507812e+01
-2.176147842407226562e+01
-2.176147842407226562e+01
-2.176101493835449219e+01
-2.176054954528808594e+01
-2.176008415222167969e+01
-2.175915527343750000e+01
-2.175915527343750000e+01
-2.175868988037109375e+01
-2.175776100158691406e+01
-2.175776100158691406e+01
-2.175683021545410156e+01
-2.175683021545410156e+01
-2.175636672973632812e+01
-2.175543594360351562e+01
-2.175497055053710938e+01
-2.175497055053710938e+01
-2.175404167175292969e+01
-2.175404167175292969e+01
-2.175311279296875000e+01
-2.175311279296875000e+01
-2.175264739990234375e+01
-2.175171852111816406e+01
-2.175171852111816406e+01
-2.175125312805175781e+01
-2.175125312805175781e+01
-2.175032234191894531e+01
-2.174985885620117188e+01
-2.174892807006835938e+01
-2.174892807006835938e+01
-2.174892807006835938e+01
-2.174753379821777344e+01
-2.174753379821777344e+01
-2.174660491943359375e+01
-2.174660491943359375e+01
-2.174613952636718750e+01
-2.174613952636718750e+01
-2.174521064758300781e+01
-2.174474525451660156e+01
-2.174427986145019531e+01
-2.174381637573242188e+01
-2.174288558959960938e+01
-2.174288558959960938e+01
-2.174242210388183594e+01
-2.174149131774902344e+01
-2.174149131774902344e+01
-2.174056243896484375e+01
-2.173963165283203125e+01
-2.173963165283203125e+01
-2.173963165283203125e+01
-2.173870277404785156e+01
-2.173870277404785156e+01
-2.173777389526367188e+01
-2.173730850219726562e+01
-2.173730850219726562e+01
-2.173637962341308594e+01
-2.173637962341308594e+01
-2.173637962341308594e+01
-2.173498344421386719e+01
-2.173498344421386719e+01
-2.173498344421386719e+01
-2.173405456542968750e+01
-2.173358917236328125e+01
-2.173266029357910156e+01
-2.173266029357910156e+01
-2.173219490051269531e+01
-2.173173141479492188e+01
-2.173126602172851562e+01
-2.173033714294433594e+01
-2.172987174987792969e+01
-2.172987174987792969e+01
-2.172894096374511719e+01
-2.172894096374511719e+01
-2.172847747802734375e+01
-2.172754669189453125e+01
-2.172754669189453125e+01
-2.172708320617675781e+01
-2.172661781311035156e+01
-2.172661781311035156e+01
-2.172522354125976562e+01
-2.172522354125976562e+01
-2.172429466247558594e+01
-2.172429466247558594e+01
-2.172382926940917969e+01
-2.172336387634277344e+01
-2.172336387634277344e+01
-2.172243499755859375e+01
-2.172150611877441406e+01
-2.172104072570800781e+01
-2.172104072570800781e+01
-2.172010993957519531e+01
-2.172010993957519531e+01
-2.171964645385742188e+01
-2.171871566772460938e+01
-2.171871566772460938e+01
-2.171778678894042969e+01
-2.171732139587402344e+01
-2.171732139587402344e+01
-2.171639251708984375e+01
-2.171639251708984375e+01
-2.171592712402343750e+01
-2.171499824523925781e+01
-2.171499824523925781e+01
-2.171453285217285156e+01
-2.171360397338867188e+01
-2.171360397338867188e+01
-2.171267318725585938e+01
-2.171220970153808594e+01
-2.171220970153808594e+01
-2.171127891540527344e+01
-2.171127891540527344e+01
-2.171081542968750000e+01
-2.170988464355468750e+01
-2.170988464355468750e+01
-2.170942115783691406e+01
-2.170849037170410156e+01
-2.170802688598632812e+01
-2.170802688598632812e+01
-2.170709609985351562e+01
-2.170663261413574219e+01
-2.170663261413574219e+01
-2.170570182800292969e+01
-2.170570182800292969e+01
-2.170477294921875000e+01
-2.170430755615234375e+01
-2.170430755615234375e+01
-2.170337867736816406e+01
-2.170337867736816406e+01
-2.170291328430175781e+01
-2.170198440551757812e+01
-2.170198440551757812e+01
-2.170151901245117188e+01
-2.170059013366699219e+01
-2.170059013366699219e+01
-2.169965934753417969e+01
-2.169965934753417969e+01
-2.169919586181640625e+01
-2.169826507568359375e+01
-2.169826507568359375e+01
-2.169780158996582031e+01
-2.169687080383300781e+01
-2.169687080383300781e+01
-2.169640541076660156e+01
-2.169547653198242188e+01
-2.169501113891601562e+01
-2.169454765319824219e+01
-2.169454765319824219e+01
-2.169315338134765625e+01
-2.169315338134765625e+01
-2.169268798828125000e+01
-2.169268798828125000e+01
-2.169175910949707031e+01
-2.169175910949707031e+01
-2.169082832336425781e+01
-2.169082832336425781e+01
-2.169036293029785156e+01
-2.168943405151367188e+01
-2.168943405151367188e+01
-2.168896865844726562e+01
-2.168803977966308594e+01
-2.168803977966308594e+01
-2.168711090087890625e+01
-2.168664550781250000e+01
-2.168664550781250000e+01
-2.168571662902832031e+01
-2.168525123596191406e+01
-2.168525123596191406e+01
-2.168432044982910156e+01
-2.168432044982910156e+01
-2.168385696411132812e+01
-2.168292617797851562e+01
-2.168292617797851562e+01
-2.168246269226074219e+01
-2.168153190612792969e+01
-2.168153190612792969e+01
-2.168060302734375000e+01
-2.168060302734375000e+01
-2.168013763427734375e+01
-2.167920875549316406e+01
-2.167920875549316406e+01
-2.167874336242675781e+01
-2.167781448364257812e+01
-2.167781448364257812e+01
-2.167688369750976562e+01
-2.167688369750976562e+01
-2.167688369750976562e+01
-2.167548942565917969e+01
-2.167548942565917969e+01
-2.167456054687500000e+01
-2.167456054687500000e+01
-2.167456054687500000e+01
-2.167316627502441406e+01
-2.167316627502441406e+01
-2.167270088195800781e+01
-2.167177200317382812e+01
-2.167177200317382812e+01
-2.167130661010742188e+01
-2.167037582397460938e+01
-2.167037582397460938e+01
-2.166991233825683594e+01
-2.166898155212402344e+01
-2.166898155212402344e+01
-2.166805267333984375e+01
-2.166758728027343750e+01
-2.166758728027343750e+01
-2.166665840148925781e+01
-2.166665840148925781e+01
-2.166572761535644531e+01
-2.166526412963867188e+01
-2.166526412963867188e+01
-2.166433334350585938e+01
-2.166433334350585938e+01
-2.166386795043945312e+01
-2.166386795043945312e+01
-2.166386795043945312e+01
-2.166293907165527344e+01
-2.166154479980468750e+01
-2.166154479980468750e+01
-2.166107940673828125e+01
-2.166061401367187500e+01
-2.166015052795410156e+01
-2.165921974182128906e+01
-2.165921974182128906e+01
-2.165921974182128906e+01
-2.165782546997070312e+01
-2.165782546997070312e+01
-2.165689659118652344e+01
-2.165643119812011719e+01
-2.165643119812011719e+01
-2.165550041198730469e+01
-2.165550041198730469e+01
-2.165503692626953125e+01
-2.165410614013671875e+01
-2.165410614013671875e+01
-2.165317726135253906e+01
-2.165271186828613281e+01
-2.165271186828613281e+01
-2.165224647521972656e+01
-2.165224647521972656e+01
-2.165131759643554688e+01
-2.165131759643554688e+01
-2.165038681030273438e+01
-2.164992332458496094e+01
-2.164899253845214844e+01
-2.164852714538574219e+01
-2.164806365966796875e+01
-2.164806365966796875e+01
-2.164759826660156250e+01
-2.164666748046875000e+01
-2.164620399475097656e+01
-2.164620399475097656e+01
-2.164527320861816406e+01
-2.164527320861816406e+01
-2.164434432983398438e+01
-2.164434432983398438e+01
-2.164387893676757812e+01
-2.164341354370117188e+01
-2.164294815063476562e+01
-2.164248466491699219e+01
-2.164155387878417969e+01
-2.164155387878417969e+01
-2.164108848571777344e+01
-2.164015960693359375e+01
-2.164015960693359375e+01
-2.163922882080078125e+01
-2.163876533508300781e+01
-2.163876533508300781e+01
-2.163783454895019531e+01
-2.163783454895019531e+01
-2.163783454895019531e+01
-2.163644027709960938e+01
-2.163644027709960938e+01
-2.163597488403320312e+01
-2.163504600524902344e+01
-2.163504600524902344e+01
-2.163458061218261719e+01
-2.163364982604980469e+01
-2.163364982604980469e+01
-2.163272094726562500e+01
-2.163272094726562500e+01
-2.163225555419921875e+01
-2.163132667541503906e+01
-2.163132667541503906e+01
-2.163086128234863281e+01
-2.162993049621582031e+01
-2.162993049621582031e+01
-2.162946510314941406e+01
-2.162853622436523438e+01
-2.162853622436523438e+01
-2.162760543823242188e+01
-2.162760543823242188e+01
-2.162714195251464844e+01
-2.162621116638183594e+01
-2.162621116638183594e+01
-2.162574577331542969e+01
-2.162481689453125000e+01
-2.162481689453125000e+01
-2.162388610839843750e+01
-2.162388610839843750e+01
-2.162388610839843750e+01
-2.162249183654785156e+01
-2.162249183654785156e+01
-2.162156105041503906e+01
-2.162156105041503906e+01
-2.162016677856445312e+01
-2.162016677856445312e+01
-2.162016677856445312e+01
-2.162016677856445312e+01
-2.161877059936523438e+01
-2.161877059936523438e+01
-2.161830711364746094e+01
-2.161737632751464844e+01
-2.161691093444824219e+01
-2.161691093444824219e+01
-2.161598205566406250e+01
-2.161598205566406250e+01
-2.161551666259765625e+01
-2.161458587646484375e+01
-2.161458587646484375e+01
-2.161365699768066406e+01
-2.161365699768066406e+01
-2.161319160461425781e+01
-2.161319160461425781e+01
-2.161319160461425781e+01
-2.161319160461425781e+01
-2.161133003234863281e+01
-2.160993576049804688e+01
-2.160947036743164062e+01
-2.160900497436523438e+01
-2.160854148864746094e+01
-2.160807609558105469e+01
-2.160807609558105469e+01
-2.160807609558105469e+01
-2.160761070251464844e+01
-2.160714530944824219e+01
-2.160667991638183594e+01
-2.160621452331542969e+01
-2.160575103759765625e+01
-2.160528564453125000e+01
-2.160482025146484375e+01
-2.160435485839843750e+01
-2.160388946533203125e+01
-2.160342407226562500e+01
-2.160296058654785156e+01
-2.160249519348144531e+01
-2.160202980041503906e+01
-2.160109901428222656e+01
-2.160063362121582031e+01
-2.160063362121582031e+01
-2.160017013549804688e+01
-2.159970474243164062e+01
-2.159923934936523438e+01
-2.159923934936523438e+01
-2.159923934936523438e+01
-2.159923934936523438e+01
-2.159923934936523438e+01
-2.159923934936523438e+01
-2.159923934936523438e+01
-2.159923934936523438e+01
-2.159923934936523438e+01
-2.159923934936523438e+01
-2.159923934936523438e+01
-2.159923934936523438e+01
-2.103097534179687500e+01
-2.102694892883300781e+01
-2.102694892883300781e+01
-2.102493476867675781e+01
-2.102090644836425781e+01
-2.102090644836425781e+01
-2.101889228820800781e+01
-2.101687812805175781e+01
-2.101486396789550781e+01
-2.101284980773925781e+01
-2.101083564758300781e+01
-2.100882148742675781e+01
-2.100479316711425781e+01
-2.100479316711425781e+01
-2.100277900695800781e+01
-2.099875068664550781e+01
-2.099875068664550781e+01
-2.099673461914062500e+01
-2.099472045898437500e+01
-2.099270629882812500e+01
-2.098867607116699219e+01
-2.098867607116699219e+01
-2.098666000366210938e+01
-2.098262786865234375e+01
-2.098262786865234375e+01
-2.098061370849609375e+01
-2.097658157348632812e+01
-2.097658157348632812e+01
-2.097456550598144531e+01
-2.097053146362304688e+01
-2.097053146362304688e+01
-2.096649742126464844e+01
-2.096649742126464844e+01
-2.096448135375976562e+01
-2.096044540405273438e+01
-2.096044540405273438e+01
-2.095842742919921875e+01
-2.095439147949218750e+01
-2.095439147949218750e+01
-2.095237350463867188e+01
-2.095035552978515625e+01
-2.095035552978515625e+01
-2.094833564758300781e+01
-2.094429779052734375e+01
-2.094227790832519531e+01
-2.093823814392089844e+01
-2.093823814392089844e+01
-2.093621635437011719e+01
-2.093217468261718750e+01
-2.093217468261718750e+01
-2.093217468261718750e+01
-2.092610931396484375e+01
-2.092610931396484375e+01
-2.092408752441406250e+01
-2.092206382751464844e+01
-2.092004203796386719e+01
-2.091599464416503906e+01
-2.091599464416503906e+01
-2.091397094726562500e+01
-2.090992164611816406e+01
-2.090992164611816406e+01
-2.090789604187011719e+01
-2.090384483337402344e+01
-2.090384483337402344e+01
-2.090181922912597656e+01
-2.089776611328125000e+01
-2.089776611328125000e+01
-2.089371109008789062e+01
-2.089168167114257812e+01
-2.089168167114257812e+01
-2.088762474060058594e+01
-2.088762474060058594e+01
-2.088559532165527344e+01
-2.088356590270996094e+01
-2.088153457641601562e+01
-2.087747383117675781e+01
-2.087747383117675781e+01
-2.087544059753417969e+01
-2.087137603759765625e+01
-2.087137603759765625e+01
-2.086934280395507812e+01
-2.086527633666992188e+01
-2.086527633666992188e+01
-2.086324119567871094e+01
-2.085917091369628906e+01
-2.085713386535644531e+01
-2.085713386535644531e+01
-2.085306167602539062e+01
-2.085306167602539062e+01
-2.085306167602539062e+01
-2.084694671630859375e+01
-2.084490776062011719e+01
-2.084490776062011719e+01
-2.084286689758300781e+01
-2.083878517150878906e+01
-2.083878517150878906e+01
-2.083674430847167969e+01
-2.083266067504882812e+01
-2.083266067504882812e+01
-2.083061599731445312e+01
-2.082652854919433594e+01
-2.082652854919433594e+01
-2.082243728637695312e+01
-2.082243728637695312e+01
-2.082039070129394531e+01
-2.081629753112792969e+01
-2.081629753112792969e+01
-2.081424903869628906e+01
-2.081220054626464844e+01
-2.081015014648437500e+01
-2.080809974670410156e+01
-2.080604934692382812e+01
-2.080399703979492188e+01
-2.080194664001464844e+01
-2.079989242553710938e+01
-2.079784011840820312e+01
-2.079578590393066406e+01
-2.079167556762695312e+01
-2.079167556762695312e+01
-2.078961944580078125e+01
-2.078756141662597656e+01
-2.078344535827636719e+01
-2.078344535827636719e+01
-2.078138732910156250e+01
-2.077726554870605469e+01
-2.077726554870605469e+01
-2.077520370483398438e+01
-2.077108001708984375e+01
-2.077108001708984375e+01
-2.076901626586914062e+01
-2.076695060729980469e+01
-2.076488685607910156e+01
-2.076075363159179688e+01
-2.076075363159179688e+01
-2.075661659240722656e+01
-2.075661659240722656e+01
-2.075454902648925781e+01
-2.075040817260742188e+01
-2.075040817260742188e+01
-2.074833488464355469e+01
-2.074419021606445312e+01
-2.074419021606445312e+01
-2.074211502075195312e+01
-2.073796463012695312e+01
-2.073796463012695312e+01
-2.073588752746582031e+01
-2.073381042480468750e+01
-2.072757148742675781e+01
-2.072549057006835938e+01
-2.072549057006835938e+01
-2.072340965270996094e+01
-2.072132682800292969e+01
-2.072132682800292969e+01
-2.072132682800292969e+01
-2.072132682800292969e+01
-2.071715736389160156e+01
-2.071298599243164062e+01
-2.071089744567871094e+01
-2.070880889892578125e+01
-2.070880889892578125e+01
-2.070462989807128906e+01
-2.070253753662109375e+01
-2.070044517517089844e+01
-2.069835281372070312e+01
-2.069625854492187500e+01
-2.069625854492187500e+01
-2.069206619262695312e+01
-2.068997001647949219e+01
-2.068997001647949219e+01
-2.068577194213867188e+01
-2.068367195129394531e+01
-2.068367195129394531e+01
-2.067946815490722656e+01
-2.067736434936523438e+01
-2.067736434936523438e+01
-2.067315483093261719e+01
-2.067104911804199219e+01
-2.066894149780273438e+01
-2.066683197021484375e+01
-2.066472244262695312e+01
-2.066261291503906250e+01
-2.066050148010253906e+01
-2.065838813781738281e+01
-2.065838813781738281e+01
-2.065415954589843750e+01
-2.065204238891601562e+01
-2.065204238891601562e+01
-2.064780807495117188e+01
-2.064568901062011719e+01
-2.064356803894042969e+01
-2.064144515991210938e+01
-2.063932228088378906e+01
-2.063719940185546875e+01
-2.063507461547851562e+01
-2.063294792175292969e+01
-2.063294792175292969e+01
-2.062869071960449219e+01
-2.062656211853027344e+01
-2.062443161010742188e+01
-2.062229919433593750e+01
-2.062016487121582031e+01
-2.061803054809570312e+01
-2.061803054809570312e+01
-2.061375808715820312e+01
-2.061161994934082031e+01
-2.060948181152343750e+01
-2.060733985900878906e+01
-2.060519790649414062e+01
-2.060305595397949219e+01
-2.060091209411621094e+01
-2.059876632690429688e+01
-2.059661865234375000e+01
-2.059447097778320312e+01
-2.059232139587402344e+01
-2.059232139587402344e+01
-2.058801841735839844e+01
-2.058586692810058594e+01
-2.058371162414550781e+01
-2.058155632019042969e+01
-2.058155632019042969e+01
-2.057723999023437500e+01
-2.057508087158203125e+01
-2.057291984558105469e+01
-2.057075691223144531e+01
-2.056859397888183594e+01
-2.056859397888183594e+01
-2.056642913818359375e+01
-2.056209564208984375e+01
-2.056209564208984375e+01
-2.055775642395019531e+01
-2.055558395385742188e+01
-2.055341148376464844e+01
-2.055123710632324219e+01
-2.054906082153320312e+01
-2.054688262939453125e+01
-2.054688262939453125e+01
-2.054252433776855469e+01
-2.054034233093261719e+01
-2.053816032409667969e+01
-2.053816032409667969e+01
-2.053160285949707031e+01
-2.053160285949707031e+01
-2.052941513061523438e+01
-2.052941513061523438e+01
-2.052503204345703125e+01
-2.052284049987792969e+01
-2.051844978332519531e+01
-2.051844978332519531e+01
-2.051405334472656250e+01
-2.051405334472656250e+01
-2.051185226440429688e+01
-2.051185226440429688e+01
-2.050744819641113281e+01
-2.050524330139160156e+01
-2.050082969665527344e+01
-2.050082969665527344e+01
-2.049861907958984375e+01
-2.049419593811035156e+01
-2.049419593811035156e+01
-2.049198150634765625e+01
-2.048755073547363281e+01
-2.048755073547363281e+01
-2.048533058166503906e+01
-2.048088836669921875e+01
-2.048088836669921875e+01
-2.047644042968750000e+01
-2.047421455383300781e+01
-2.047421455383300781e+01
-2.046975708007812500e+01
-2.046975708007812500e+01
-2.046975708007812500e+01
-2.046305847167968750e+01
-2.046082115173339844e+01
-2.046082115173339844e+01
-2.045634460449218750e+01
-2.045634460449218750e+01
-2.045186042785644531e+01
-2.045186042785644531e+01
-2.044961738586425781e+01
-2.044512367248535156e+01
-2.044512367248535156e+01
-2.044287300109863281e+01
-2.043836975097656250e+01
-2.043836975097656250e+01
-2.043836975097656250e+01
-2.043385887145996094e+01
-2.043160247802734375e+01
-2.042708015441894531e+01
-2.042708015441894531e+01
-2.042481803894042969e+01
-2.042255401611328125e+01
-2.042255401611328125e+01
-2.041801834106445312e+01
-2.041574859619140625e+01
-2.041347694396972656e+01
-2.041347694396972656e+01
-2.040892982482910156e+01
-2.040665245056152344e+01
-2.040665245056152344e+01
-2.040209388732910156e+01
-2.039981079101562500e+01
-2.039524078369140625e+01
-2.039524078369140625e+01
-2.039524078369140625e+01
-2.039066314697265625e+01
-2.038837242126464844e+01
-2.038378524780273438e+01
-2.038378524780273438e+01
-2.038148880004882812e+01
-2.038148880004882812e+01
-2.038148880004882812e+01
-2.037458801269531250e+01
-2.036997795104980469e+01
-2.036997795104980469e+01
-2.036997795104980469e+01
-2.036536026000976562e+01
-2.036304855346679688e+01
-2.036304855346679688e+01
-2.035841941833496094e+01
-2.035610198974609375e+01
-2.035146141052246094e+01
-2.035146141052246094e+01
-2.034681510925292969e+01
-2.034681510925292969e+01
-2.034448814392089844e+01
-2.033982849121093750e+01
-2.033982849121093750e+01
-2.033749580383300781e+01
-2.033282470703125000e+01
-2.033282470703125000e+01
-2.032814598083496094e+01
-2.032580375671386719e+01
-2.032580375671386719e+01
-2.032111167907714844e+01
-2.032111167907714844e+01
-2.031876373291015625e+01
-2.031876373291015625e+01
-2.031406211853027344e+01
-2.030935096740722656e+01
-2.030935096740722656e+01
-2.030699157714843750e+01
-2.030699157714843750e+01
-2.029990386962890625e+01
-2.029753875732421875e+01
-2.029516983032226562e+01
-2.029516983032226562e+01
-2.029279899597167969e+01
-2.028805160522460938e+01
-2.028805160522460938e+01
-2.028567504882812500e+01
-2.028091430664062500e+01
-2.028091430664062500e+01
-2.027614593505859375e+01
-2.027614593505859375e+01
-2.027375793457031250e+01
-2.026897811889648438e+01
-2.026897811889648438e+01
-2.026418876647949219e+01
-2.026179122924804688e+01
-2.026179122924804688e+01
-2.025938987731933594e+01
-2.025698852539062500e+01
-2.025458335876464844e+01
-2.024976921081542969e+01
-2.024976921081542969e+01
-2.024494552612304688e+01
-2.024494552612304688e+01
-2.024252891540527344e+01
-2.024011230468750000e+01
-2.024011230468750000e+01
-2.023527145385742188e+01
-2.023042106628417969e+01
-2.023042106628417969e+01
-2.022799110412597656e+01
-2.022312927246093750e+01
-2.022312927246093750e+01
-2.022069358825683594e+01
-2.022069358825683594e+01
-2.021581649780273438e+01
-2.021337509155273438e+01
-2.021092987060546875e+01
-2.020848464965820312e+01
-2.020358467102050781e+01
-2.020358467102050781e+01
-2.020113182067871094e+01
-2.019867515563964844e+01
-2.019375801086425781e+01
-2.019375801086425781e+01
-2.019129562377929688e+01
-2.018883132934570312e+01
-2.018389320373535156e+01
-2.018142318725585938e+01
-2.018142318725585938e+01
-2.017647171020507812e+01
-2.017647171020507812e+01
-2.017399406433105469e+01
-2.017151260375976562e+01
-2.016902923583984375e+01
-2.016405487060546875e+01
-2.016405487060546875e+01
-2.016405487060546875e+01
-2.015657615661621094e+01
-2.015657615661621094e+01
-2.015407752990722656e+01
-2.015407752990722656e+01
-2.015407752990722656e+01
-2.014657020568847656e+01
-2.014406394958496094e+01
-2.014155387878417969e+01
-2.013652610778808594e+01
-2.013652610778808594e+01
-2.013401031494140625e+01
-2.013149070739746094e+01
-2.012896728515625000e+01
-2.012391662597656250e+01
-2.012391662597656250e+01
-2.012138748168945312e+01
-2.011632156372070312e+01
-2.011632156372070312e+01
-2.011378479003906250e+01
-2.010870361328125000e+01
-2.010870361328125000e+01
-2.010615921020507812e+01
-2.010106277465820312e+01
-2.010106277465820312e+01
-2.009851074218750000e+01
-2.009595680236816406e+01
-2.009339904785156250e+01
-2.009339904785156250e+01
-2.008827781677246094e+01
-2.008571243286132812e+01
-2.008057594299316406e+01
-2.008057594299316406e+01
-2.007800483703613281e+01
-2.007285308837890625e+01
-2.007285308837890625e+01
-2.007285308837890625e+01
-2.006769180297851562e+01
-2.006510734558105469e+01
-2.005993080139160156e+01
-2.005993080139160156e+01
-2.005733871459960938e+01
-2.005214691162109375e+01
-2.005214691162109375e+01
-2.004954719543457031e+01
-2.004434013366699219e+01
-2.004434013366699219e+01
-2.003912353515625000e+01
-2.003912353515625000e+01
-2.003651237487792969e+01
-2.003128051757812500e+01
-2.003128051757812500e+01
-2.002865982055664062e+01
-2.002341461181640625e+01
-2.002341461181640625e+01
-2.002078819274902344e+01
-2.001552581787109375e+01
-2.001552581787109375e+01
-2.001289176940917969e+01
-2.001025581359863281e+01
-2.000761604309082031e+01
-2.000233078002929688e+01
-2.000233078002929688e+01
-1.999968338012695312e+01
-1.999438285827636719e+01
-1.999438285827636719e+01
-1.998907279968261719e+01
-1.998907279968261719e+01
-1.998641395568847656e+01
-1.998108863830566406e+01
-1.998108863830566406e+01
-1.997842216491699219e+01
-1.997308349609375000e+01
-1.997308349609375000e+01
-1.997040939331054688e+01
-1.996505546569824219e+01
-1.996505546569824219e+01
-1.995969009399414062e+01
-1.995969009399414062e+01
-1.995700454711914062e+01
-1.995431709289550781e+01
-1.995162582397460938e+01
-1.994893455505371094e+01
-1.994354057312011719e+01
-1.994083976745605469e+01
-1.994083976745605469e+01
-1.993543243408203125e+01
-1.993543243408203125e+01
-1.993272399902343750e+01
-1.992730331420898438e+01
-1.992730331420898438e+01
-1.992187118530273438e+01
-1.992187118530273438e+01
-1.991915130615234375e+01
-1.991370391845703125e+01
-1.991370391845703125e+01
-1.991097831726074219e+01
-1.990551757812500000e+01
-1.990551757812500000e+01
-1.990004730224609375e+01
-1.990004730224609375e+01
-1.990004730224609375e+01
-1.989182281494140625e+01
-1.989182281494140625e+01
-1.989182281494140625e+01
-1.988357925415039062e+01
-1.988357925415039062e+01
-1.987807083129882812e+01
-1.987807083129882812e+01
-1.987531280517578125e+01
-1.986978912353515625e+01
-1.986978912353515625e+01
-1.986702346801757812e+01
-1.986148643493652344e+01
-1.986148643493652344e+01
-1.985871505737304688e+01
-1.985316467285156250e+01
-1.985316467285156250e+01
-1.984760284423828125e+01
-1.984760284423828125e+01
-1.984482002258300781e+01
-1.983924484252929688e+01
-1.983924484252929688e+01
-1.983645439147949219e+01
-1.983086395263671875e+01
-1.983086395263671875e+01
-1.982806587219238281e+01
-1.982246398925781250e+01
-1.982246398925781250e+01
-1.981685066223144531e+01
-1.981404113769531250e+01
-1.981122970581054688e+01
-1.981122970581054688e+01
-1.980559730529785156e+01
-1.980559730529785156e+01
-1.979995727539062500e+01
-1.979995727539062500e+01
-1.979713249206542969e+01
-1.979430770874023438e+01
-1.979430770874023438e+01
-1.978581428527832031e+01
-1.978297996520996094e+01
-1.978297996520996094e+01
-1.978014183044433594e+01
-1.977730178833007812e+01
-1.977445983886718750e+01
-1.977161407470703125e+01
-1.976876831054687500e+01
-1.976591873168945312e+01
-1.976306724548339844e+01
-1.976021385192871094e+01
-1.975735664367675781e+01
-1.975449752807617188e+01
-1.975163650512695312e+01
-1.974877357482910156e+01
-1.974590873718261719e+01
-1.974304199218750000e+01
-1.974017143249511719e+01
-1.973729896545410156e+01
-1.973442459106445312e+01
-1.973154640197753906e+01
-1.972866821289062500e+01
-1.972578620910644531e+01
-1.972290229797363281e+01
-1.972001647949218750e+01
-1.971712875366210938e+01
-1.971423721313476562e+01
-1.971134567260742188e+01
-1.970845031738281250e+01
-1.970555305480957031e+01
-1.970265197753906250e+01
-1.969975090026855469e+01
-1.969684600830078125e+01
-1.969393920898437500e+01
-1.969103050231933594e+01
-1.968520545959472656e+01
-1.968520545959472656e+01
-1.968229103088378906e+01
-1.967645263671875000e+01
-1.967645263671875000e+01
-1.967353057861328125e+01
-1.966767883300781250e+01
-1.966474914550781250e+01
-1.966474914550781250e+01
-1.965888404846191406e+01
-1.965594863891601562e+01
-1.965301132202148438e+01
-1.965301132202148438e+01
-1.965007019042968750e+01
-1.964712715148925781e+01
-1.964418220520019531e+01
-1.963828659057617188e+01
-1.963533401489257812e+01
-1.963533401489257812e+01
-1.963238143920898438e+01
-1.962646675109863281e+01
-1.962350654602050781e+01
-1.962350654602050781e+01
-1.961757850646972656e+01
-1.961757850646972656e+01
-1.961461067199707031e+01
-1.960867118835449219e+01
-1.960867118835449219e+01
-1.960569572448730469e+01
-1.959974288940429688e+01
-1.959974288940429688e+01
-1.959676170349121094e+01
-1.959079360961914062e+01
-1.959079360961914062e+01
-1.958780670166015625e+01
-1.958182716369628906e+01
-1.958182716369628906e+01
-1.957583618164062500e+01
-1.957583618164062500e+01
-1.957283973693847656e+01
-1.956983947753906250e+01
-1.956683540344238281e+01
-1.956383132934570312e+01
-1.956082534790039062e+01
-1.955781555175781250e+01
-1.955480384826660156e+01
-1.954877471923828125e+01
-1.954877471923828125e+01
-1.954273796081542969e+01
-1.954273796081542969e+01
-1.953971481323242188e+01
-1.953366470336914062e+01
-1.953366470336914062e+01
-1.953063583374023438e+01
-1.952457237243652344e+01
-1.952457237243652344e+01
-1.951849937438964844e+01
-1.951849937438964844e+01
-1.951545906066894531e+01
-1.951545906066894531e+01
-1.951545906066894531e+01
-1.950632858276367188e+01
-1.950022888183593750e+01
-1.950022888183593750e+01
-1.949412345886230469e+01
-1.949412345886230469e+01
-1.949106597900390625e+01
-1.948494529724121094e+01
-1.948494529724121094e+01
-1.948494529724121094e+01
-1.947574996948242188e+01
-1.947574996948242188e+01
-1.947268104553222656e+01
-1.946653366088867188e+01
-1.946653366088867188e+01
-1.946038055419921875e+01
-1.946038055419921875e+01
-1.945730018615722656e+01
-1.945113372802734375e+01
-1.945113372802734375e+01
-1.944804573059082031e+01
-1.944186592102050781e+01
-1.944186592102050781e+01
-1.943567848205566406e+01
-1.943567848205566406e+01
-1.943567848205566406e+01
-1.942638015747070312e+01
-1.942638015747070312e+01
-1.942327690124511719e+01
-1.941706275939941406e+01
-1.941706275939941406e+01
-1.941395187377929688e+01
-1.941084098815917969e+01
-1.940772628784179688e+01
-1.940149116516113281e+01
-1.940149116516113281e+01
-1.939837074279785156e+01
-1.939212417602539062e+01
-1.939212417602539062e+01
-1.938899612426757812e+01
-1.938586807250976562e+01
-1.938273620605468750e+01
-1.937960433959960938e+01
-1.937646865844726562e+01
-1.937333106994628906e+01
-1.936705017089843750e+01
-1.936705017089843750e+01
-1.936390686035156250e+01
-1.936076164245605469e+01
-1.935446357727050781e+01
-1.935446357727050781e+01
-1.935131263732910156e+01
-1.934815788269042969e+01
-1.934184455871582031e+01
-1.934184455871582031e+01
-1.933868408203125000e+01
-1.933868408203125000e+01
-1.933868408203125000e+01
-1.932602310180664062e+01
-1.932602310180664062e+01
-1.932285308837890625e+01
-1.931650543212890625e+01
-1.931650543212890625e+01
-1.931332969665527344e+01
-1.930697059631347656e+01
-1.930697059631347656e+01
-1.930378723144531250e+01
-1.929741668701171875e+01
-1.929741668701171875e+01
-1.929103660583496094e+01
-1.929103660583496094e+01
-1.928784370422363281e+01
-1.928784370422363281e+01
-1.928464889526367188e+01
-1.927825164794921875e+01
-1.927184867858886719e+01
-1.927184867858886719e+01
-1.926864242553710938e+01
-1.926543617248535156e+01
-1.926222610473632812e+01
-1.925580215454101562e+01
-1.925580215454101562e+01
-1.925258636474609375e+01
-1.925258636474609375e+01
-1.925258636474609375e+01
-1.924292945861816406e+01
-1.923970603942871094e+01
-1.923648071289062500e+01
-1.923002433776855469e+01
-1.923002433776855469e+01
-1.922679328918457031e+01
-1.922032356262207031e+01
-1.922032356262207031e+01
-1.921708679199218750e+01
-1.921060562133789062e+01
-1.921060562133789062e+01
-1.921060562133789062e+01
-1.920411682128906250e+01
-1.920411682128906250e+01
-1.919437026977539062e+01
-1.919437026977539062e+01
-1.919111633300781250e+01
-1.918460464477539062e+01
-1.918460464477539062e+01
-1.917808341979980469e+01
-1.917481994628906250e+01
-1.917481994628906250e+01
-1.916828727722167969e+01
-1.916828727722167969e+01
-1.916501998901367188e+01
-1.915847587585449219e+01
-1.915847587585449219e+01
-1.915519905090332031e+01
-1.915192222595214844e+01
-1.914536285400390625e+01
-1.914208030700683594e+01
-1.914208030700683594e+01
-1.913879585266113281e+01
-1.913550949096679688e+01
-1.913221931457519531e+01
-1.912892913818359375e+01
-1.912234115600585938e+01
-1.912234115600585938e+01
-1.911904525756835938e+01
-1.911244583129882812e+01
-1.911244583129882812e+01
-1.910914421081542969e+01
-1.910253334045410156e+01
-1.909922599792480469e+01
-1.909922599792480469e+01
-1.909260368347167969e+01
-1.908928871154785156e+01
-1.908928871154785156e+01
-1.908597373962402344e+01
-1.907933616638183594e+01
-1.907933616638183594e+01
-1.907601356506347656e+01
-1.907268905639648438e+01
-1.906936454772949219e+01
-1.906603622436523438e+01
-1.905937576293945312e+01
-1.905937576293945312e+01
-1.905604362487792969e+01
-1.904936981201171875e+01
-1.904936981201171875e+01
-1.904269027709960938e+01
-1.904269027709960938e+01
-1.903934860229492188e+01
-1.903600311279296875e+01
-1.902930831909179688e+01
-1.902260589599609375e+01
-1.901589584350585938e+01
-1.901589584350585938e+01
-1.901253700256347656e+01
-1.900581550598144531e+01
-1.900581550598144531e+01
-1.900245094299316406e+01
-1.899571800231933594e+01
-1.899571800231933594e+01
-1.899234962463378906e+01
-1.898897743225097656e+01
-1.898560523986816406e+01
-1.897885322570800781e+01
-1.897885322570800781e+01
-1.897547531127929688e+01
-1.897547531127929688e+01
-1.897547531127929688e+01
-1.896194076538085938e+01
-1.895855331420898438e+01
-1.895855331420898438e+01
-1.895177078247070312e+01
-1.895177078247070312e+01
-1.894837760925292969e+01
-1.894158554077148438e+01
-1.894158554077148438e+01
-1.894158554077148438e+01
-1.893138122558593750e+01
-1.893138122558593750e+01
-1.892457008361816406e+01
-1.892457008361816406e+01
-1.892116165161132812e+01
-1.891433906555175781e+01
-1.891433906555175781e+01
-1.891092491149902344e+01
-1.890409088134765625e+01
-1.890409088134765625e+01
-1.889725112915039062e+01
-1.889725112915039062e+01
-1.889382743835449219e+01
-1.888697624206542969e+01
-1.888697624206542969e+01
-1.888011550903320312e+01
-1.888011550903320312e+01
-1.888011550903320312e+01
-1.886981391906738281e+01
-1.886981391906738281e+01
-1.886637687683105469e+01
-1.885949516296386719e+01
-1.885949516296386719e+01
-1.885605239868164062e+01
-1.884915924072265625e+01
-1.884915924072265625e+01
-1.884226036071777344e+01
-1.883880805969238281e+01
-1.883880805969238281e+01
-1.883189773559570312e+01
-1.883189773559570312e+01
-1.882844161987304688e+01
-1.882151985168457031e+01
-1.882151985168457031e+01
-1.881805610656738281e+01
-1.881459236145019531e+01
-1.881459236145019531e+01
-1.880418586730957031e+01
-1.880418586730957031e+01
-1.880071449279785156e+01
-1.880071449279785156e+01
-1.879376602172851562e+01
-1.879028701782226562e+01
-1.878332710266113281e+01
-1.878332710266113281e+01
-1.877984428405761719e+01
-1.877635955810546875e+01
-1.877287292480468750e+01
-1.876589584350585938e+01
-1.876589584350585938e+01
-1.876240348815917969e+01
-1.875541496276855469e+01
-1.875541496276855469e+01
-1.875541496276855469e+01
-1.874491882324218750e+01
-1.874491882324218750e+01
-1.873791122436523438e+01
-1.873791122436523438e+01
-1.873440551757812500e+01
-1.872738838195800781e+01
-1.872738838195800781e+01
-1.872036361694335938e+01
-1.872036361694335938e+01
-1.871684837341308594e+01
-1.870981216430664062e+01
-1.870981216430664062e+01
-1.870629119873046875e+01
-1.869924545288085938e+01
-1.869924545288085938e+01
-1.869572067260742188e+01
-1.869219207763671875e+01
-1.868866348266601562e+01
-1.868513107299804688e+01
-1.867806434631347656e+01
-1.867806434631347656e+01
-1.867098808288574219e+01
-1.866744804382324219e+01
-1.866744804382324219e+01
-1.866036224365234375e+01
-1.866036224365234375e+01
-1.865681648254394531e+01
-1.865326881408691406e+01
-1.864971923828125000e+01
-1.864261627197265625e+01
-1.864261627197265625e+01
-1.863906097412109375e+01
-1.863194656372070312e+01
-1.862838745117187500e+01
-1.862482452392578125e+01
-1.862482452392578125e+01
-1.861412811279296875e+01
-1.861412811279296875e+01
-1.861412811279296875e+01
-1.861055946350097656e+01
-1.860341644287109375e+01
-1.860341644287109375e+01
-1.859984207153320312e+01
-1.859268760681152344e+01
-1.859268760681152344e+01
-1.858910751342773438e+01
-1.858194160461425781e+01
-1.858194160461425781e+01
-1.857476997375488281e+01
-1.857118034362792969e+01
-1.857118034362792969e+01
-1.856399726867675781e+01
-1.856399726867675781e+01
-1.856040382385253906e+01
-1.855320930480957031e+01
-1.855320930480957031e+01
-1.854961013793945312e+01
-1.854600906372070312e+01
-1.854240417480468750e+01
-1.853519248962402344e+01
-1.853519248962402344e+01
-1.853158378601074219e+01
-1.852436065673828125e+01
-1.852436065673828125e+01
-1.852074623107910156e+01
-1.851713180541992188e+01
-1.851351356506347656e+01
-1.850627136230468750e+01
-1.850627136230468750e+01
-1.850264930725097656e+01
-1.849539756774902344e+01
-1.849539756774902344e+01
-1.849176788330078125e+01
-1.848450660705566406e+01
-1.848450660705566406e+01
-1.848450660705566406e+01
-1.847359848022460938e+01
-1.847359848022460938e+01
-1.846995925903320312e+01
-1.846631813049316406e+01
-1.846631813049316406e+01
-1.845538330078125000e+01
-1.845538330078125000e+01
-1.845173454284667969e+01
-1.844443130493164062e+01
-1.844443130493164062e+01
-1.843712234497070312e+01
-1.843712234497070312e+01
-1.843346405029296875e+01
-1.842614364624023438e+01
-1.842614364624023438e+01
-1.842247962951660156e+01
-1.841514968872070312e+01
-1.841514968872070312e+01
-1.840781021118164062e+01
-1.840781021118164062e+01
-1.840413856506347656e+01
-1.839678764343261719e+01
-1.839678764343261719e+01
-1.839311027526855469e+01
-1.838943099975585938e+01
-1.838574981689453125e+01
-1.837838172912597656e+01
-1.837469673156738281e+01
-1.837469673156738281e+01
-1.837100791931152344e+01
-1.836362457275390625e+01
-1.836362457275390625e+01
-1.835623550415039062e+01
-1.835623550415039062e+01
-1.835253715515136719e+01
-1.834513664245605469e+01
-1.834513664245605469e+01
-1.834143447875976562e+01
-1.833402252197265625e+01
-1.833402252197265625e+01
-1.833031463623046875e+01
-1.832289314270019531e+01
-1.832289314270019531e+01
-1.831917762756347656e+01
-1.830802536010742188e+01
-1.830802536010742188e+01
-1.830802536010742188e+01
-1.829685592651367188e+01
-1.829685592651367188e+01
-1.829685592651367188e+01
-1.829313087463378906e+01
-1.828940200805664062e+01
-1.828940200805664062e+01
-1.828193855285644531e+01
-1.828193855285644531e+01
-1.828193855285644531e+01
-1.827073287963867188e+01
-1.826325225830078125e+01
-1.826325225830078125e+01
-1.825950813293457031e+01
-1.825576400756835938e+01
-1.825201797485351562e+01
-1.824451828002929688e+01
-1.824451828002929688e+01
-1.824076652526855469e+01
-1.823325729370117188e+01
-1.823325729370117188e+01
-1.822949790954589844e+01
-1.822197723388671875e+01
-1.822197723388671875e+01
-1.821445083618164062e+01
-1.821068382263183594e+01
-1.821068382263183594e+01
-1.820314407348632812e+01
-1.820314407348632812e+01
-1.819937324523925781e+01
-1.819182205200195312e+01
-1.819182205200195312e+01
-1.818804550170898438e+01
-1.818048477172851562e+01
-1.818048477172851562e+01
-1.817291641235351562e+01
-1.817291641235351562e+01
-1.816912841796875000e+01
-1.816155052185058594e+01
-1.816155052185058594e+01
-1.815775680541992188e+01
-1.815016746520996094e+01
-1.815016746520996094e+01
-1.814636993408203125e+01
-1.814257049560546875e+01
-1.813876914978027344e+01
-1.813116073608398438e+01
-1.813116073608398438e+01
-1.812735366821289062e+01
-1.811973381042480469e+01
-1.811973381042480469e+01
-1.811592102050781250e+01
-1.810829162597656250e+01
-1.810829162597656250e+01
-1.810065460205078125e+01
-1.810065460205078125e+01
-1.809683227539062500e+01
-1.808918380737304688e+01
-1.808918380737304688e+01
-1.808535575866699219e+01
-1.808152770996093750e+01
-1.807769775390625000e+01
-1.807003021240234375e+01
-1.807003021240234375e+01
-1.806619453430175781e+01
-1.805851554870605469e+01
-1.805851554870605469e+01
-1.805467414855957031e+01
-1.804698562622070312e+01
-1.804698562622070312e+01
-1.803928947448730469e+01
-1.803543853759765625e+01
-1.803158569335937500e+01
-1.803158569335937500e+01
-1.802773094177246094e+01
-1.802387428283691406e+01
-1.802001571655273438e+01
-1.801615715026855469e+01
-1.801229476928710938e+01
-1.800456428527832031e+01
-1.800456428527832031e+01
-1.800456428527832031e+01
-1.799295806884765625e+01
-1.799295806884765625e+01
-1.798908424377441406e+01
-1.798133277893066406e+01
-1.798133277893066406e+01
-1.797357368469238281e+01
-1.797357368469238281e+01
-1.797357368469238281e+01
-1.796192169189453125e+01
-1.796192169189453125e+01
-1.795803451538085938e+01
-1.795025444030761719e+01
-1.795025444030761719e+01
-1.794636154174804688e+01
-1.793857002258300781e+01
-1.793857002258300781e+01
-1.793467140197753906e+01
-1.793077087402343750e+01
-1.792686843872070312e+01
-1.791905784606933594e+01
-1.791514968872070312e+01
-1.791514968872070312e+01
-1.790732955932617188e+01
-1.790732955932617188e+01
-1.790341567993164062e+01
-1.789558219909667969e+01
-1.789558219909667969e+01
-1.788774299621582031e+01
-1.788382148742675781e+01
-1.788382148742675781e+01
-1.787597084045410156e+01
-1.787597084045410156e+01
-1.787204170227050781e+01
-1.786417961120605469e+01
-1.786417961120605469e+01
-1.786024665832519531e+01
-1.785237312316894531e+01
-1.785237312316894531e+01
-1.784449386596679688e+01
-1.784449386596679688e+01
-1.784055137634277344e+01
-1.783265876770019531e+01
-1.783265876770019531e+01
-1.782476043701171875e+01
-1.782080841064453125e+01
-1.782080841064453125e+01
-1.781685447692871094e+01
-1.780894088745117188e+01
-1.780894088745117188e+01
-1.780498123168945312e+01
-1.780101966857910156e+01
-1.779705810546875000e+01
-1.778912544250488281e+01
-1.778912544250488281e+01
-1.778515625000000000e+01
-1.778118705749511719e+01
-1.777721405029296875e+01
-1.777721405029296875e+01
-1.776926422119140625e+01
-1.776528549194335938e+01
-1.775732421875000000e+01
-1.775732421875000000e+01
-1.775333976745605469e+01
-1.774935531616210938e+01
-1.774536895751953125e+01
-1.773738861083984375e+01
-1.773738861083984375e+01
-1.773339462280273438e+01
-1.772540473937988281e+01
-1.772540473937988281e+01
-1.772540473937988281e+01
-1.771740531921386719e+01
-1.771340370178222656e+01
-1.770539474487304688e+01
-1.770539474487304688e+01
-1.770138740539550781e+01
-1.769336700439453125e+01
-1.769336700439453125e+01
-1.768935394287109375e+01
-1.768533897399902344e+01
-1.768132209777832031e+01
-1.767328262329101562e+01
-1.767328262329101562e+01
-1.766926002502441406e+01
-1.766120910644531250e+01
-1.766120910644531250e+01
-1.766120910644531250e+01
-1.764912033081054688e+01
-1.764912033081054688e+01
-1.764105033874511719e+01
-1.764105033874511719e+01
-1.763701438903808594e+01
-1.762893486022949219e+01
-1.762893486022949219e+01
-1.762489128112792969e+01
-1.761680030822753906e+01
-1.761680030822753906e+01
-1.761275100708007812e+01
-1.761275100708007812e+01
-1.760464859008789062e+01
-1.759654045104980469e+01
-1.759654045104980469e+01
-1.759248161315917969e+01
-1.759248161315917969e+01
-1.758029747009277344e+01
-1.757623291015625000e+01
-1.757623291015625000e+01
-1.757216644287109375e+01
-1.756809806823730469e+01
-1.756402587890625000e+01
-1.755180358886718750e+01
-1.755180358886718750e+01
-1.755180358886718750e+01
-1.754772567749023438e+01
-1.753956413269042969e+01
-1.753956413269042969e+01
-1.753548049926757812e+01
-1.753139495849609375e+01
-1.752730751037597656e+01
-1.752321815490722656e+01
-1.751912689208984375e+01
-1.751503372192382812e+01
-1.751093864440917969e+01
-1.750684165954589844e+01
-1.750274467468261719e+01
-1.749864387512207031e+01
-1.749454116821289062e+01
-1.749043655395507812e+01
-1.748633003234863281e+01
-1.748222351074218750e+01
-1.747811317443847656e+01
-1.747400093078613281e+01
-1.746988868713378906e+01
-1.746577262878417969e+01
-1.746165657043457031e+01
-1.745753669738769531e+01
-1.745341491699218750e+01
-1.744929313659667969e+01
-1.744516754150390625e+01
-1.744104194641113281e+01
-1.743691253662109375e+01
-1.743278312683105469e+01
-1.742865180969238281e+01
-1.742451667785644531e+01
-1.741624450683593750e+01
-1.741624450683593750e+01
-1.741210365295410156e+01
-1.740796279907226562e+01
-1.740382003784179688e+01
-1.739967346191406250e+01
-1.739552688598632812e+01
-1.739137840270996094e+01
-1.738722801208496094e+01
-1.738722801208496094e+01
-1.738722801208496094e+01
-1.738722801208496094e+01
-1.738722801208496094e+01
-1.738722801208496094e+01
-1.738722801208496094e+01
-1.738722801208496094e+01
-1.738722801208496094e+01
-1.738722801208496094e+01
-1.738722801208496094e+01
-1.738722801208496094e+01
-1.552533721923828125e+01
-1.552533721923828125e+01
-1.551980113983154297e+01
-1.551426601409912109e+01
-1.550873088836669922e+01
-1.550319480895996094e+01
-1.549765968322753906e+01
-1.549212455749511719e+01
-1.548658847808837891e+01
-1.548105335235595703e+01
-1.547551727294921875e+01
-1.546998119354248047e+01
-1.546444606781005859e+01
-1.545890998840332031e+01
-1.545337390899658203e+01
-1.544783782958984375e+01
-1.544230175018310547e+01
-1.543676567077636719e+01
-1.543122959136962891e+01
-1.542569351196289062e+01
-1.542015743255615234e+01
-1.540908336639404297e+01
-1.540908336639404297e+01
-1.540354728698730469e+01
-1.539247322082519531e+01
-1.539247322082519531e+01
-1.538693618774414062e+01
-1.537586116790771484e+01
-1.537586116790771484e+01
-1.537032318115234375e+01
-1.536478519439697266e+01
-1.535924720764160156e+01
-1.534817123413085938e+01
-1.534817123413085938e+01
-1.534263324737548828e+01
-1.533709430694580078e+01
-1.533155536651611328e+01
-1.532601642608642578e+01
-1.532601642608642578e+01
-1.532047653198242188e+01
-1.530385780334472656e+01
-1.530385780334472656e+01
-1.530385780334472656e+01
-1.528723716735839844e+01
-1.528723716735839844e+01
-1.528169631958007812e+01
-1.528169631958007812e+01
-1.527061367034912109e+01
-1.526507186889648438e+01
-1.526507186889648438e+01
-1.525398826599121094e+01
-1.524844551086425781e+01
-1.524290275573730469e+01
-1.523736000061035156e+01
-1.522627353668212891e+01
-1.522627353668212891e+01
-1.522072982788085938e+01
-1.520964050292968750e+01
-1.520964050292968750e+01
-1.520409584045410156e+01
-1.519855117797851562e+01
-1.519300556182861328e+01
-1.518745994567871094e+01
-1.518191337585449219e+01
-1.517636680603027344e+01
-1.516527271270751953e+01
-1.516527271270751953e+01
-1.515972518920898438e+01
-1.514862918853759766e+01
-1.514862918853759766e+01
-1.513753128051757812e+01
-1.513753128051757812e+01
-1.513198184967041016e+01
-1.513198184967041016e+01
-1.512088203430175781e+01
-1.511533164978027344e+01
-1.510422897338867188e+01
-1.510422897338867188e+01
-1.510422897338867188e+01
-1.508757209777832031e+01
-1.508757209777832031e+01
-1.508201885223388672e+01
-1.508201885223388672e+01
-1.507646560668945312e+01
-1.507091140747070312e+01
-1.505980205535888672e+01
-1.505424594879150391e+01
-1.504313373565673828e+01
-1.504313373565673828e+01
-1.503757762908935547e+01
-1.502646160125732422e+01
-1.502646160125732422e+01
-1.502090358734130859e+01
-1.501534461975097656e+01
-1.500978565216064453e+01
-1.499866485595703125e+01
-1.499866485595703125e+01
-1.499310398101806641e+01
-1.498198032379150391e+01
-1.498198032379150391e+01
-1.497641849517822266e+01
-1.497085475921630859e+01
-1.496529102325439453e+01
-1.496529102325439453e+01
-1.496529102325439453e+01
-1.494859695434570312e+01
-1.494303131103515625e+01
-1.493746471405029297e+01
-1.492076110839843750e+01
-1.492076110839843750e+01
-1.492076110839843750e+01
-1.491519260406494141e+01
-1.490962314605712891e+01
-1.490405273437500000e+01
-1.489848232269287109e+01
-1.489291095733642578e+01
-1.489291095733642578e+01
-1.489291095733642578e+01
-1.487619304656982422e+01
-1.487619304656982422e+01
-1.487061882019042969e+01
-1.485946941375732422e+01
-1.485946941375732422e+01
-1.484831714630126953e+01
-1.484831714630126953e+01
-1.484273910522460938e+01
-1.483158302307128906e+01
-1.482600402832031250e+01
-1.482042407989501953e+01
-1.481484317779541016e+01
-1.481484317779541016e+01
-1.480367946624755859e+01
-1.479809665679931641e+01
-1.479251289367675781e+01
-1.479251289367675781e+01
-1.478134346008300781e+01
-1.477575778961181641e+01
-1.477575778961181641e+01
-1.476458454132080078e+01
-1.475899600982666016e+01
-1.475899600982666016e+01
-1.474781799316406250e+01
-1.474781799316406250e+01
-1.473663616180419922e+01
-1.473104476928710938e+01
-1.472545146942138672e+01
-1.471985816955566406e+01
-1.471426391601562500e+01
-1.471426391601562500e+01
-1.470307350158691406e+01
-1.470307350158691406e+01
-1.469187927246093750e+01
-1.468628025054931641e+01
-1.468628025054931641e+01
-1.467508125305175781e+01
-1.467508125305175781e+01
-1.466387844085693359e+01
-1.466387844085693359e+01
-1.465267276763916016e+01
-1.464706802368164062e+01
-1.464706802368164062e+01
-1.464146327972412109e+01
-1.463024997711181641e+01
-1.462464237213134766e+01
-1.462464237213134766e+01
-1.461342334747314453e+01
-1.460781288146972656e+01
-1.460220146179199219e+01
-1.460220146179199219e+01
-1.459097576141357422e+01
-1.458536148071289062e+01
-1.457974720001220703e+01
-1.457413101196289062e+01
-1.456851387023925781e+01
-1.456289577484130859e+01
-1.456289577484130859e+01
-1.455165672302246094e+01
-1.454603576660156250e+01
-1.454041385650634766e+01
-1.453479099273681641e+01
-1.453479099273681641e+01
-1.452354240417480469e+01
-1.451791667938232422e+01
-1.451229000091552734e+01
-1.450666236877441406e+01
-1.450103378295898438e+01
-1.449540424346923828e+01
-1.448977279663085938e+01
-1.448977279663085938e+01
-1.447850799560546875e+01
-1.447287464141845703e+01
-1.446723937988281250e+01
-1.446723937988281250e+01
-1.445596599578857422e+01
-1.445032787322998047e+01
-1.445032787322998047e+01
-1.443904876708984375e+01
-1.443340778350830078e+01
-1.442776489257812500e+01
-1.442212200164794922e+01
-1.441647720336914062e+01
-1.441083145141601562e+01
-1.440518474578857422e+01
-1.440518474578857422e+01
-1.439953708648681641e+01
-1.439388751983642578e+01
-1.438258647918701172e+01
-1.437128067016601562e+01
-1.437128067016601562e+01
-1.436562538146972656e+01
-1.435431289672851562e+01
-1.435431289672851562e+01
-1.434865474700927734e+01
-1.434865474700927734e+01
-1.433733558654785156e+01
-1.433167362213134766e+01
-1.432601070404052734e+01
-1.431468200683593750e+01
-1.431468200683593750e+01
-1.430901527404785156e+01
-1.429767894744873047e+01
-1.429767894744873047e+01
-1.429200935363769531e+01
-1.428066539764404297e+01
-1.428066539764404297e+01
-1.427499198913574219e+01
-1.426931667327880859e+01
-1.426364040374755859e+01
-1.425796318054199219e+01
-1.425796318054199219e+01
-1.424660491943359375e+01
-1.424660491943359375e+01
-1.423524093627929688e+01
-1.422955703735351562e+01
-1.421818637847900391e+01
-1.421818637847900391e+01
-1.420680999755859375e+01
-1.420680999755859375e+01
-1.420111942291259766e+01
-1.418973541259765625e+01
-1.418973541259765625e+01
-1.418404102325439453e+01
-1.417264938354492188e+01
-1.417264938354492188e+01
-1.416695117950439453e+01
-1.416125202178955078e+01
-1.415555095672607422e+01
-1.414414501190185547e+01
-1.414414501190185547e+01
-1.413844108581542969e+01
-1.412702655792236328e+01
-1.412702655792236328e+01
-1.412702655792236328e+01
-1.411560726165771484e+01
-1.410989570617675781e+01
-1.409846878051757812e+01
-1.409846878051757812e+01
-1.409275245666503906e+01
-1.408131694793701172e+01
-1.408131694793701172e+01
-1.407559680938720703e+01
-1.406987476348876953e+01
-1.406987476348876953e+01
-1.405842781066894531e+01
-1.404697418212890625e+01
-1.404697418212890625e+01
-1.404124546051025391e+01
-1.403551483154296875e+01
-1.402978324890136719e+01
-1.401831531524658203e+01
-1.401831531524658203e+01
-1.401831531524658203e+01
-1.400110244750976562e+01
-1.400110244750976562e+01
-1.399536228179931641e+01
-1.399536228179931641e+01
-1.398387622833251953e+01
-1.397238445281982422e+01
-1.397238445281982422e+01
-1.396663665771484375e+01
-1.395513534545898438e+01
-1.395513534545898438e+01
-1.394938278198242188e+01
-1.393787288665771484e+01
-1.393787288665771484e+01
-1.393211555480957031e+01
-1.392059516906738281e+01
-1.392059516906738281e+01
-1.390907001495361328e+01
-1.390907001495361328e+01
-1.390330410003662109e+01
-1.389176845550537109e+01
-1.389176845550537109e+01
-1.388599872589111328e+01
-1.387445354461669922e+01
-1.387445354461669922e+01
-1.386867904663085938e+01
-1.386290264129638672e+01
-1.385712432861328125e+01
-1.385712432861328125e+01
-1.384556293487548828e+01
-1.383977985382080078e+01
-1.383977985382080078e+01
-1.383399486541748047e+01
-1.382242012023925781e+01
-1.382242012023925781e+01
-1.382242012023925781e+01
-1.380504608154296875e+01
-1.379925155639648438e+01
-1.379345417022705078e+01
-1.378765678405761719e+01
-1.378185653686523438e+01
-1.377605533599853516e+01
-1.377025127410888672e+01
-1.377025127410888672e+01
-1.375864028930664062e+01
-1.375283145904541016e+01
-1.374702072143554688e+01
-1.374702072143554688e+01
-1.373539543151855469e+01
-1.372957992553710938e+01
-1.372957992553710938e+01
-1.371212291717529297e+01
-1.371212291717529297e+01
-1.370630073547363281e+01
-1.369465065002441406e+01
-1.369465065002441406e+01
-1.368882274627685547e+01
-1.368299293518066406e+01
-1.368299293518066406e+01
-1.367132854461669922e+01
-1.365965652465820312e+01
-1.365965652465820312e+01
-1.365381717681884766e+01
-1.365381717681884766e+01
-1.364213466644287109e+01
-1.363629055023193359e+01
-1.363044452667236328e+01
-1.362459659576416016e+01
-1.361289501190185547e+01
-1.361289501190185547e+01
-1.360704135894775391e+01
-1.360118675231933594e+01
-1.359532928466796875e+01
-1.358360958099365234e+01
-1.358360958099365234e+01
-1.357774639129638672e+01
-1.356601524353027344e+01
-1.356601524353027344e+01
-1.356014633178710938e+01
-1.354840373992919922e+01
-1.354840373992919922e+01
-1.354840373992919922e+01
-1.353077411651611328e+01
-1.353077411651611328e+01
-1.352489471435546875e+01
-1.352489471435546875e+01
-1.351312828063964844e+01
-1.350135421752929688e+01
-1.350135421752929688e+01
-1.349546432495117188e+01
-1.348367881774902344e+01
-1.348367881774902344e+01
-1.347778224945068359e+01
-1.346598434448242188e+01
-1.346598434448242188e+01
-1.346008300781250000e+01
-1.344827270507812500e+01
-1.344827270507812500e+01
-1.344236469268798828e+01
-1.343645477294921875e+01
-1.343054294586181641e+01
-1.341871261596679688e+01
-1.341871261596679688e+01
-1.341279506683349609e+01
-1.340687465667724609e+01
-1.340095233917236328e+01
-1.339502811431884766e+01
-1.338317394256591797e+01
-1.338317394256591797e+01
-1.337724304199218750e+01
-1.336537551879882812e+01
-1.336537551879882812e+01
-1.335943889617919922e+01
-1.335350036621093750e+01
-1.334755897521972656e+01
-1.334161663055419922e+01
-1.333567142486572266e+01
-1.332972431182861328e+01
-1.331782341003417969e+01
-1.331782341003417969e+01
-1.331187057495117188e+01
-1.329995727539062500e+01
-1.329995727539062500e+01
-1.329399681091308594e+01
-1.328207111358642578e+01
-1.328207111358642578e+01
-1.327610588073730469e+01
-1.326416683197021484e+01
-1.326416683197021484e+01
-1.325819492340087891e+01
-1.325222015380859375e+01
-1.324624347686767578e+01
-1.323428440093994141e+01
-1.323428440093994141e+01
-1.323428440093994141e+01
-1.321632862091064453e+01
-1.321632862091064453e+01
-1.321033954620361328e+01
-1.319835472106933594e+01
-1.319835472106933594e+01
-1.318636035919189453e+01
-1.318636035919189453e+01
-1.318036079406738281e+01
-1.316835403442382812e+01
-1.316835403442382812e+01
-1.316234779357910156e+01
-1.315032863616943359e+01
-1.315032863616943359e+01
-1.313830089569091797e+01
-1.313830089569091797e+01
-1.313228321075439453e+01
-1.312024307250976562e+01
-1.312024307250976562e+01
-1.311421871185302734e+01
-1.310216522216796875e+01
-1.310216522216796875e+01
-1.309613513946533203e+01
-1.309010314941406250e+01
-1.308406829833984375e+01
-1.307199287414550781e+01
-1.307199287414550781e+01
-1.306595230102539062e+01
-1.305386352539062500e+01
-1.305386352539062500e+01
-1.304781627655029297e+01
-1.303571510314941406e+01
-1.303571510314941406e+01
-1.302966117858886719e+01
-1.302360439300537109e+01
-1.301754570007324219e+01
-1.300542259216308594e+01
-1.300542259216308594e+01
-1.299935817718505859e+01
-1.298722171783447266e+01
-1.298722171783447266e+01
-1.297507572174072266e+01
-1.297507572174072266e+01
-1.296899986267089844e+01
-1.295075893402099609e+01
-1.295075893402099609e+01
-1.294467449188232422e+01
-1.294467449188232422e+01
-1.294467449188232422e+01
-1.293249797821044922e+01
-1.292640686035156250e+01
-1.292031288146972656e+01
-1.290811920166015625e+01
-1.290811920166015625e+01
-1.290201854705810547e+01
-1.288981151580810547e+01
-1.288981151580810547e+01
-1.288370418548583984e+01
-1.287759494781494141e+01
-1.287148380279541016e+01
-1.285925388336181641e+01
-1.285925388336181641e+01
-1.285313606262207031e+01
-1.284089279174804688e+01
-1.284089279174804688e+01
-1.283476829528808594e+01
-1.282251167297363281e+01
-1.282251167297363281e+01
-1.281638050079345703e+01
-1.281638050079345703e+01
-1.280411052703857422e+01
-1.279183101654052734e+01
-1.279183101654052734e+01
-1.279183101654052734e+01
-1.277339553833007812e+01
-1.277339553833007812e+01
-1.277339553833007812e+01
-1.276109409332275391e+01
-1.276109409332275391e+01
-1.274262523651123047e+01
-1.274262523651123047e+01
-1.273646354675292969e+01
-1.272413539886474609e+01
-1.272413539886474609e+01
-1.271796703338623047e+01
-1.270562458038330078e+01
-1.270562458038330078e+01
-1.269945049285888672e+01
-1.269945049285888672e+01
-1.268709373474121094e+01
-1.267472839355468750e+01
-1.267472839355468750e+01
-1.266854190826416016e+01
-1.265616321563720703e+01
-1.265616321563720703e+01
-1.264997005462646484e+01
-1.263757705688476562e+01
-1.263757705688476562e+01
-1.263757705688476562e+01
-1.261897087097167969e+01
-1.261897087097167969e+01
-1.261276340484619141e+01
-1.260655498504638672e+01
-1.260034275054931641e+01
-1.258791351318359375e+01
-1.258791351318359375e+01
-1.258169460296630859e+01
-1.256925106048583984e+01
-1.256925106048583984e+01
-1.256302547454833984e+01
-1.255679798126220703e+01
-1.255056762695312500e+01
-1.253810024261474609e+01
-1.253810024261474609e+01
-1.253186321258544922e+01
-1.252562427520751953e+01
-1.251313877105712891e+01
-1.251313877105712891e+01
-1.250689220428466797e+01
-1.249439239501953125e+01
-1.249439239501953125e+01
-1.248813915252685547e+01
-1.248813915252685547e+01
-1.247562503814697266e+01
-1.246310138702392578e+01
-1.246310138702392578e+01
-1.245683670043945312e+01
-1.244429874420166016e+01
-1.244429874420166016e+01
-1.243802642822265625e+01
-1.243802642822265625e+01
-1.243175220489501953e+01
-1.241291332244873047e+01
-1.241291332244873047e+01
-1.240662956237792969e+01
-1.240034294128417969e+01
-1.239405441284179688e+01
-1.238776302337646484e+01
-1.237517356872558594e+01
-1.237517356872558594e+01
-1.236887454986572266e+01
-1.236887454986572266e+01
-1.236887454986572266e+01
-1.234996509552001953e+01
-1.233103466033935547e+01
-1.233103466033935547e+01
-1.232471942901611328e+01
-1.232471942901611328e+01
-1.231840133666992188e+01
-1.230575942993164062e+01
-1.230575942993164062e+01
-1.229943466186523438e+01
-1.228677845001220703e+01
-1.228677845001220703e+01
-1.228044605255126953e+01
-1.227411174774169922e+01
-1.226777458190917969e+01
-1.226143550872802734e+01
-1.225509452819824219e+01
-1.225509452819824219e+01
-1.224240398406982422e+01
-1.223605442047119141e+01
-1.222970390319824219e+01
-1.221699333190917969e+01
-1.221699333190917969e+01
-1.221063518524169922e+01
-1.219791030883789062e+01
-1.219791030883789062e+01
-1.219154453277587891e+01
-1.217880535125732422e+01
-1.217880535125732422e+01
-1.217243289947509766e+01
-1.215967845916748047e+01
-1.215967845916748047e+01
-1.215329837799072266e+01
-1.214052963256835938e+01
-1.214052963256835938e+01
-1.212775135040283203e+01
-1.212775135040283203e+01
-1.212135887145996094e+01
-1.210856628417968750e+01
-1.210856628417968750e+01
-1.210216617584228516e+01
-1.209576320648193359e+01
-1.208935832977294922e+01
-1.207654094696044922e+01
-1.207654094696044922e+01
-1.207012844085693359e+01
-1.205729579925537109e+01
-1.205729579925537109e+01
-1.205087566375732422e+01
-1.203802871704101562e+01
-1.203802871704101562e+01
-1.203160095214843750e+01
-1.202517127990722656e+01
-1.201873874664306641e+01
-1.200586700439453125e+01
-1.200586700439453125e+01
-1.199942684173583984e+01
-1.198653984069824219e+01
-1.198653984069824219e+01
-1.198009300231933594e+01
-1.197364330291748047e+01
-1.196719074249267578e+01
-1.195427894592285156e+01
-1.195427894592285156e+01
-1.194781875610351562e+01
-1.193489170074462891e+01
-1.193489170074462891e+01
-1.192842483520507812e+01
-1.192195415496826172e+01
-1.191548252105712891e+01
-1.190252971649169922e+01
-1.190252971649169922e+01
-1.189605045318603516e+01
-1.188308238983154297e+01
-1.188308238983154297e+01
-1.187659549713134766e+01
-1.186361217498779297e+01
-1.186361217498779297e+01
-1.185062026977539062e+01
-1.185062026977539062e+01
-1.184412002563476562e+01
-1.183111190795898438e+01
-1.183111190795898438e+01
-1.182460403442382812e+01
-1.181158065795898438e+01
-1.181158065795898438e+01
-1.179854774475097656e+01
-1.179854774475097656e+01
-1.179202747344970703e+01
-1.177897834777832031e+01
-1.177897834777832031e+01
-1.177245044708251953e+01
-1.175938606262207031e+01
-1.175938606262207031e+01
-1.174631214141845703e+01
-1.174631214141845703e+01
-1.173977088928222656e+01
-1.173977088928222656e+01
-1.172668170928955078e+01
-1.172013282775878906e+01
-1.170702743530273438e+01
-1.170702743530273438e+01
-1.170047092437744141e+01
-1.169391250610351562e+01
-1.168735027313232422e+01
-1.168078613281250000e+01
-1.167422008514404297e+01
-1.166765022277832031e+01
-1.165450382232666016e+01
-1.165450382232666016e+01
-1.164792728424072266e+01
-1.163476467132568359e+01
-1.163476467132568359e+01
-1.162818050384521484e+01
-1.162818050384521484e+01
-1.162818050384521484e+01
-1.160840988159179688e+01
-1.160181427001953125e+01
-1.159521675109863281e+01
-1.158201313018798828e+01
-1.158201313018798828e+01
-1.157540702819824219e+01
-1.156218814849853516e+01
-1.156218814849853516e+01
-1.155557441711425781e+01
-1.154233932495117188e+01
-1.154233932495117188e+01
-1.154233932495117188e+01
-1.154233932495117188e+01
-1.152246761322021484e+01
-1.150920581817626953e+01
-1.150920581817626953e+01
-1.150920581817626953e+01
-1.148929405212402344e+01
-1.148929405212402344e+01
-1.148265171051025391e+01
-1.147600650787353516e+01
-1.146935939788818359e+01
-1.146270847320556641e+01
-1.145605564117431641e+01
-1.144939994812011719e+01
-1.143607997894287109e+01
-1.143607997894287109e+01
-1.142941665649414062e+01
-1.142941665649414062e+01
-1.141608142852783203e+01
-1.140940952301025391e+01
-1.139605808258056641e+01
-1.139605808258056641e+01
-1.138937854766845703e+01
-1.138269615173339844e+01
-1.137601184844970703e+01
-1.136263370513916016e+01
-1.136263370513916016e+01
-1.135594081878662109e+01
-1.134254646301269531e+01
-1.134254646301269531e+01
-1.133584594726562500e+01
-1.132243537902832031e+01
-1.132243537902832031e+01
-1.131572628021240234e+01
-1.130901432037353516e+01
-1.130901432037353516e+01
-1.130230045318603516e+01
-1.128886318206787109e+01
-1.128214073181152344e+01
-1.126868724822998047e+01
-1.126868724822998047e+01
-1.126195716857910156e+01
-1.126195716857910156e+01
-1.124848747253417969e+01
-1.124174880981445312e+01
-1.123500728607177734e+01
-1.122826385498046875e+01
-1.121476745605468750e+01
-1.121476745605468750e+01
-1.120801448822021484e+01
-1.119450187683105469e+01
-1.119450187683105469e+01
-1.118097877502441406e+01
-1.118097877502441406e+01
-1.117421245574951172e+01
-1.116744422912597656e+01
-1.116744422912597656e+01
-1.115389823913574219e+01
-1.114034175872802734e+01
-1.114034175872802734e+01
-1.112677478790283203e+01
-1.112677478790283203e+01
-1.111998653411865234e+01
-1.110640335083007812e+01
-1.110640335083007812e+01
-1.109960746765136719e+01
-1.109960746765136719e+01
-1.108600711822509766e+01
-1.107920265197753906e+01
-1.107239627838134766e+01
-1.106558609008789062e+01
-1.106558609008789062e+01
-1.106558609008789062e+01
-1.104514026641845703e+01
-1.103831958770751953e+01
-1.103149604797363281e+01
-1.102466964721679688e+01
-1.101100921630859375e+01
-1.100417423248291016e+01
-1.100417423248291016e+01
-1.099049663543701172e+01
-1.099049663543701172e+01
-1.098365402221679688e+01
-1.097680759429931641e+01
-1.096995925903320312e+01
-1.095625400543212891e+01
-1.095625400543212891e+01
-1.094939804077148438e+01
-1.093567657470703125e+01
-1.093567657470703125e+01
-1.092881202697753906e+01
-1.092194461822509766e+01
-1.091507434844970703e+01
-1.090132713317871094e+01
-1.090132713317871094e+01
-1.090132713317871094e+01
-1.088068580627441406e+01
-1.088068580627441406e+01
-1.088068580627441406e+01
-1.086002159118652344e+01
-1.086002159118652344e+01
-1.085312938690185547e+01
-1.084623336791992188e+01
-1.083933544158935547e+01
-1.082553291320800781e+01
-1.082553291320800781e+01
-1.081862735748291016e+01
-1.081862735748291016e+01
-1.081171989440917969e+01
-1.079098224639892578e+01
-1.079098224639892578e+01
-1.078406524658203125e+01
-1.077022361755371094e+01
-1.077022361755371094e+01
-1.076329994201660156e+01
-1.074944496154785156e+01
-1.074944496154785156e+01
-1.074251365661621094e+01
-1.073558044433593750e+01
-1.072864532470703125e+01
-1.071476840972900391e+01
-1.071476840972900391e+01
-1.070782661437988281e+01
-1.070088195800781250e+01
-1.069393539428710938e+01
-1.068698692321777344e+01
-1.068698692321777344e+01
-1.067308425903320312e+01
-1.067308425903320312e+01
-1.065917301177978516e+01
-1.065221405029296875e+01
-1.064525318145751953e+01
-1.063828945159912109e+01
-1.063132476806640625e+01
-1.061738872528076172e+01
-1.061738872528076172e+01
-1.061041736602783203e+01
-1.060344505310058594e+01
-1.059646987915039062e+01
-1.059646987915039062e+01
-1.058251476287841797e+01
-1.057553386688232422e+01
-1.056156730651855469e+01
-1.056156730651855469e+01
-1.055458068847656250e+01
-1.054060268402099609e+01
-1.054060268402099609e+01
-1.053361129760742188e+01
-1.052661800384521484e+01
-1.051962280273437500e+01
-1.051262569427490234e+01
-1.050562667846679688e+01
-1.049862670898437500e+01
-1.048462009429931641e+01
-1.048462009429931641e+01
-1.047761440277099609e+01
-1.046359825134277344e+01
-1.046359825134277344e+01
-1.045658779144287109e+01
-1.044957542419433594e+01
-1.044256210327148438e+01
-1.043554687500000000e+01
-1.042852973937988281e+01
-1.042151069641113281e+01
-1.040746879577636719e+01
-1.040746879577636719e+01
-1.040044593811035156e+01
-1.039342117309570312e+01
-1.038639545440673828e+01
-1.037233829498291016e+01
-1.037233829498291016e+01
-1.036530780792236328e+01
-1.035124206542968750e+01
-1.035124206542968750e+01
-1.035124206542968750e+01
-1.033013343811035156e+01
-1.033013343811035156e+01
-1.032309436798095703e+01
-1.030901241302490234e+01
-1.030901241302490234e+01
-1.030196952819824219e+01
-1.028787994384765625e+01
-1.028787994384765625e+01
-1.028083324432373047e+01
-1.027378463745117188e+01
-1.026673603057861328e+01
-1.025263404846191406e+01
-1.025263404846191406e+01
-1.023852634429931641e+01
-1.023852634429931641e+01
-1.023147106170654297e+01
-1.021735763549804688e+01
-1.021735763549804688e+01
-1.021029853820800781e+01
-1.019617843627929688e+01
-1.019617843627929688e+01
-1.018911647796630859e+01
-1.017498874664306641e+01
-1.017498874664306641e+01
-1.016085815429687500e+01
-1.016085815429687500e+01
-1.015379142761230469e+01
-1.013965415954589844e+01
-1.013965415954589844e+01
-1.013258361816406250e+01
-1.012551307678222656e+01
-1.011844158172607422e+01
-1.011844158172607422e+01
-1.011844158172607422e+01
-1.009722042083740234e+01
-1.008306884765625000e+01
-1.008306884765625000e+01
-1.008306884765625000e+01
-1.006183528900146484e+01
-1.006183528900146484e+01
-1.005475521087646484e+01
-1.004059410095214844e+01
-1.004059410095214844e+01
-1.003351306915283203e+01
-1.002643013000488281e+01
-1.001934719085693359e+01
-1.001226329803466797e+01
-1.000517845153808594e+01
-9.998093605041503906e+00
-9.991006851196289062e+00
-9.983921051025390625e+00
-9.983921051025390625e+00
-9.969745635986328125e+00
-9.969745635986328125e+00
-9.948478698730468750e+00
-9.948478698730468750e+00
-9.941389083862304688e+00
-9.927206993103027344e+00
-9.920115470886230469e+00
-9.920115470886230469e+00
-9.905930519104003906e+00
-9.905930519104003906e+00
-9.898838043212890625e+00
-9.891744613647460938e+00
-9.891744613647460938e+00
-9.877555847167968750e+00
-9.870461463928222656e+00
-9.870461463928222656e+00
-9.856270790100097656e+00
-9.842079162597656250e+00
-9.842079162597656250e+00
-9.834981918334960938e+00
-9.834981918334960938e+00
-9.820788383483886719e+00
-9.813691139221191406e+00
-9.806593894958496094e+00
-9.799495697021484375e+00
-9.792397499084472656e+00
-9.785299301147460938e+00
-9.778200149536132812e+00
-9.771101951599121094e+00
-9.764002799987792969e+00
-9.756903648376464844e+00
-9.749804496765136719e+00
-9.742705345153808594e+00
-9.735606193542480469e+00
-9.728506088256835938e+00
-9.721406936645507812e+00
-9.714306831359863281e+00
-9.707206726074218750e+00
-9.700107574462890625e+00
-9.700107574462890625e+00
-9.685907363891601562e+00
-9.685907363891601562e+00
-9.671708106994628906e+00
-9.664608001708984375e+00
-9.657508850097656250e+00
-9.650408744812011719e+00
-9.636209487915039062e+00
-9.636209487915039062e+00
-9.629110336303710938e+00
-9.622011184692382812e+00
-9.614912033081054688e+00
-9.607812881469726562e+00
-9.600714683532714844e+00
-9.600714683532714844e+00
-9.586517333984375000e+00
-9.586517333984375000e+00
-9.579419136047363281e+00
-9.558126449584960938e+00
-9.558126449584960938e+00
-9.558126449584960938e+00
-9.551029205322265625e+00
-9.551029205322265625e+00
-9.536835670471191406e+00
-9.515547752380371094e+00
-9.515547752380371094e+00
-9.508452415466308594e+00
-9.501358032226562500e+00
-9.494263648986816406e+00
-9.494263648986816406e+00
-9.480075836181640625e+00
-9.472982406616210938e+00
-9.458797454833984375e+00
-9.458797454833984375e+00
-9.451705932617187500e+00
-9.444614410400390625e+00
-9.437523841857910156e+00
-9.423344612121582031e+00
-9.423344612121582031e+00
-9.416254997253417969e+00
-9.402078628540039062e+00
-9.402078628540039062e+00
-9.394990921020507812e+00
-9.380818367004394531e+00
-9.380818367004394531e+00
-9.373733520507812500e+00
-9.366648674011230469e+00
-9.359564781188964844e+00
-9.345397949218750000e+00
-9.345397949218750000e+00
-9.338316917419433594e+00
-9.324154853820800781e+00
-9.324154853820800781e+00
-9.309996604919433594e+00
-9.309996604919433594e+00
-9.302918434143066406e+00
-9.302918434143066406e+00
-9.288764953613281250e+00
-9.281688690185546875e+00
-9.267539978027343750e+00
-9.267539978027343750e+00
-9.253395080566406250e+00
-9.253395080566406250e+00
-9.246324539184570312e+00
-9.232184410095214844e+00
-9.232184410095214844e+00
-9.225116729736328125e+00
-9.203917503356933594e+00
-9.203917503356933594e+00
-9.203917503356933594e+00
-9.196853637695312500e+00
-9.189789772033691406e+00
-9.175666809082031250e+00
-9.175666809082031250e+00
-9.168606758117675781e+00
-9.168606758117675781e+00
-9.154490470886230469e+00
-9.147433280944824219e+00
-9.147433280944824219e+00
-9.133323669433593750e+00
-9.119218826293945312e+00
-9.119218826293945312e+00
-9.112167358398437500e+00
-9.112167358398437500e+00
-9.098069190979003906e+00
-9.091022491455078125e+00
-9.083976745605468750e+00
-9.076931953430175781e+00
-9.062847137451171875e+00
-9.062847137451171875e+00
-9.055806159973144531e+00
-9.041728973388671875e+00
-9.041728973388671875e+00
-9.034692764282226562e+00
-9.027657508850097656e+00
-9.020624160766601562e+00
-9.006560325622558594e+00
-9.006560325622558594e+00
-8.999530792236328125e+00
-8.985476493835449219e+00
-8.985476493835449219e+00
-8.971427917480468750e+00
-8.971427917480468750e+00
-8.964406013488769531e+00
-8.950366020202636719e+00
-8.950366020202636719e+00
-8.943348884582519531e+00
-8.929319381713867188e+00
-8.929319381713867188e+00
-8.922306060791015625e+00
-8.901278495788574219e+00
-8.901278495788574219e+00
-8.894272804260253906e+00
-8.894272804260253906e+00
-8.887268066406250000e+00
-8.887268066406250000e+00
-8.873264312744140625e+00
-8.866265296936035156e+00
-8.852272033691406250e+00
-8.852272033691406250e+00
-8.845278739929199219e+00
-8.831295967102050781e+00
-8.831295967102050781e+00
-8.824307441711425781e+00
-8.817320823669433594e+00
-8.810336112976074219e+00
-8.796372413635253906e+00
-8.796372413635253906e+00
-8.789393424987792969e+00
-8.775440216064453125e+00
-8.775440216064453125e+00
-8.768466949462890625e+00
-8.761495590209960938e+00
-8.754526138305664062e+00
-8.747558593750000000e+00
-8.740592956542968750e+00
-8.740592956542968750e+00
-8.719709396362304688e+00
-8.719709396362304688e+00
-8.712751388549804688e+00
-8.698843002319335938e+00
-8.698843002319335938e+00
-8.691892623901367188e+00
-8.684943199157714844e+00
-8.677996635437011719e+00
-8.664109230041503906e+00
-8.664109230041503906e+00
-8.657169342041015625e+00
-8.643295288085937500e+00
-8.643295288085937500e+00
-8.636361122131347656e+00
-8.622500419616699219e+00
-8.622500419616699219e+00
-8.608649253845214844e+00
-8.608649253845214844e+00
-8.601726531982421875e+00
-8.587889671325683594e+00
-8.587889671325683594e+00
-8.580973625183105469e+00
-8.574061393737792969e+00
-8.567150115966796875e+00
-8.560241699218750000e+00
-8.553336143493652344e+00
-8.546432495117187500e+00
-8.539531707763671875e+00
-8.532633781433105469e+00
-8.525737762451171875e+00
-8.511952400207519531e+00
-8.511952400207519531e+00
-8.505064010620117188e+00
-8.491294860839843750e+00
-8.491294860839843750e+00
-8.484414100646972656e+00
-8.477535247802734375e+00
-8.470659255981445312e+00
-8.456915855407714844e+00
-8.456915855407714844e+00
-8.456915855407714844e+00
-8.436320304870605469e+00
-8.436320304870605469e+00
-8.429460525512695312e+00
-8.422602653503417969e+00
-8.415748596191406250e+00
-8.415748596191406250e+00
-8.402047157287597656e+00
-8.395200729370117188e+00
-8.388357162475585938e+00
-8.381516456604003906e+00
-8.374678611755371094e+00
-8.374678611755371094e+00
-8.367843627929687500e+00
-8.361010551452636719e+00
-8.361010551452636719e+00
-8.347354888916015625e+00
-8.347354888916015625e+00
-8.347354888916015625e+00
-8.347354888916015625e+00
-8.333709716796875000e+00
-8.326891899108886719e+00
-8.320076942443847656e+00
-8.313264846801757812e+00
-8.306454658508300781e+00
-8.299648284912109375e+00
-8.286044120788574219e+00
-8.286044120788574219e+00
-8.279245376586914062e+00
-8.265658378601074219e+00
-8.265658378601074219e+00
-8.265658378601074219e+00
-8.252082824707031250e+00
-8.245298385620117188e+00
-8.238517761230468750e+00
-8.231739997863769531e+00
-8.224964141845703125e+00
-8.218192100524902344e+00
-8.211421966552734375e+00
-8.204655647277832031e+00
-8.197891235351562500e+00
-8.197891235351562500e+00
-8.184371948242187500e+00
-8.177616119384765625e+00
-8.170863151550292969e+00
-8.170863151550292969e+00
-8.157366752624511719e+00
-8.143880844116210938e+00
-8.143880844116210938e+00
-8.137141227722167969e+00
-8.130405426025390625e+00
-8.123672485351562500e+00
-8.116941452026367188e+00
-8.110214233398437500e+00
-8.103488922119140625e+00
-8.103488922119140625e+00
-8.083331108093261719e+00
-8.083331108093261719e+00
-8.069905281066894531e+00
-8.069905281066894531e+00
-8.063197135925292969e+00
-8.049788475036621094e+00
-8.049788475036621094e+00
-8.036390304565429688e+00
-8.029695510864257812e+00
-8.029695510864257812e+00
-8.023003578186035156e+00
-8.016314506530761719e+00
-8.002943992614746094e+00
-8.002943992614746094e+00
-7.982908248901367188e+00
-7.982908248901367188e+00
-7.982908248901367188e+00
-7.982908248901367188e+00
-7.982908248901367188e+00
-7.982908248901367188e+00
-7.982908248901367188e+00
-7.982908248901367188e+00
-7.982908248901367188e+00
-7.982908248901367188e+00
-7.982908248901367188e+00
-7.982908248901367188e+00
-7.982908248901367188e+00
-5.914369106292724609e+00
-5.914369106292724609e+00
-5.914369106292724609e+00
-5.906604766845703125e+00
-5.891075611114501953e+00
-5.883311271667480469e+00
-5.875546932220458984e+00
-5.867782115936279297e+00
-5.867782115936279297e+00
-5.860017776489257812e+00
-5.844488620758056641e+00
-5.836723804473876953e+00
-5.836723804473876953e+00
-5.836723804473876953e+00
-5.821193695068359375e+00
-5.813428401947021484e+00
-5.797898292541503906e+00
-5.790132522583007812e+00
-5.782367229461669922e+00
-5.774601459503173828e+00
-5.774601459503173828e+00
-5.766835212707519531e+00
-5.751303195953369141e+00
-5.751303195953369141e+00
-5.735770225524902344e+00
-5.735770225524902344e+00
-5.728003501892089844e+00
-5.712469100952148438e+00
-5.712469100952148438e+00
-5.704701423645019531e+00
-5.696934223175048828e+00
-5.689166069030761719e+00
-5.673629760742187500e+00
-5.665861129760742188e+00
-5.658092021942138672e+00
-5.650322914123535156e+00
-5.650322914123535156e+00
-5.642553329467773438e+00
-5.627013683319091797e+00
-5.627013683319091797e+00
-5.619243144989013672e+00
-5.603701591491699219e+00
-5.603701591491699219e+00
-5.588158130645751953e+00
-5.580386161804199219e+00
-5.580386161804199219e+00
-5.564841270446777344e+00
-5.564841270446777344e+00
-5.549294471740722656e+00
-5.541520595550537109e+00
-5.541520595550537109e+00
-5.525971412658691406e+00
-5.525971412658691406e+00
-5.518196105957031250e+00
-5.502644538879394531e+00
-5.502644538879394531e+00
-5.494868278503417969e+00
-5.479313850402832031e+00
-5.479313850402832031e+00
-5.471536159515380859e+00
-5.455979347229003906e+00
-5.455979347229003906e+00
-5.440420150756835938e+00
-5.432640075683593750e+00
-5.424859046936035156e+00
-5.417078018188476562e+00
-5.417078018188476562e+00
-5.401513576507568359e+00
-5.393731117248535156e+00
-5.393731117248535156e+00
-5.378163337707519531e+00
-5.378163337707519531e+00
-5.370378971099853516e+00
-5.354807853698730469e+00
-5.354807853698730469e+00
-5.347021579742431641e+00
-5.331447124481201172e+00
-5.331447124481201172e+00
-5.315870285034179688e+00
-5.308080673217773438e+00
-5.308080673217773438e+00
-5.292500019073486328e+00
-5.292500019073486328e+00
-5.284708499908447266e+00
-5.269124031066894531e+00
-5.269124031066894531e+00
-5.261330604553222656e+00
-5.245741367340087891e+00
-5.245741367340087891e+00
-5.230149745941162109e+00
-5.230149745941162109e+00
-5.222352981567382812e+00
-5.206756591796875000e+00
-5.206756591796875000e+00
-5.198957443237304688e+00
-5.183356761932373047e+00
-5.183356761932373047e+00
-5.167753219604492188e+00
-5.167753219604492188e+00
-5.159950256347656250e+00
-5.152146339416503906e+00
-5.144341945648193359e+00
-5.136536121368408203e+00
-5.120923042297363281e+00
-5.120923042297363281e+00
-5.105306148529052734e+00
-5.097496509552001953e+00
-5.097496509552001953e+00
-5.081874847412109375e+00
-5.081874847412109375e+00
-5.074062347412109375e+00
-5.058435440063476562e+00
-5.058435440063476562e+00
-5.058435440063476562e+00
-5.034987449645996094e+00
-5.034987449645996094e+00
-5.019351482391357422e+00
-5.019351482391357422e+00
-5.003711223602294922e+00
-5.003711223602294922e+00
-4.995889663696289062e+00
-4.988067150115966797e+00
-4.972419261932373047e+00
-4.964593887329101562e+00
-4.956767559051513672e+00
-4.948940277099609375e+00
-4.941111564636230469e+00
-4.933282375335693359e+00
-4.933282375335693359e+00
-4.925451755523681641e+00
-4.909787654876708984e+00
-4.909787654876708984e+00
-4.894119262695312500e+00
-4.894119262695312500e+00
-4.886283397674560547e+00
-4.878446578979492188e+00
-4.870608806610107422e+00
-4.862769603729248047e+00
-4.847087860107421875e+00
-4.847087860107421875e+00
-4.831402301788330078e+00
-4.831402301788330078e+00
-4.823557376861572266e+00
-4.815711498260498047e+00
-4.792167186737060547e+00
-4.792167186737060547e+00
-4.792167186737060547e+00
-4.776464939117431641e+00
-4.768611907958984375e+00
-4.768611907958984375e+00
-4.760757923126220703e+00
-4.752902507781982422e+00
-4.745046138763427734e+00
-4.737188339233398438e+00
-4.729329586029052734e+00
-4.721469402313232422e+00
-4.713607788085937500e+00
-4.705744743347167969e+00
-4.697880744934082031e+00
-4.690015792846679688e+00
-4.682148933410644531e+00
-4.674281120300292969e+00
-4.658541679382324219e+00
-4.650669574737548828e+00
-4.650669574737548828e+00
-4.642796516418457031e+00
-4.634922027587890625e+00
-4.627046108245849609e+00
-4.627046108245849609e+00
-4.611290454864501953e+00
-4.603410720825195312e+00
-4.595529556274414062e+00
-4.587646961212158203e+00
-4.579762935638427734e+00
-4.571877479553222656e+00
-4.563990592956542969e+00
-4.556102275848388672e+00
-4.548212528228759766e+00
-4.540321350097656250e+00
-4.532428741455078125e+00
-4.524534702301025391e+00
-4.516639232635498047e+00
-4.508742332458496094e+00
-4.500844001770019531e+00
-4.485042572021484375e+00
-4.485042572021484375e+00
-4.477139949798583984e+00
-4.469235420227050781e+00
-4.453422069549560547e+00
-4.445513248443603516e+00
-4.437602996826171875e+00
-4.437602996826171875e+00
-4.421777248382568359e+00
-4.413862228393554688e+00
-4.405945301055908203e+00
-4.398026943206787109e+00
-4.398026943206787109e+00
-4.382185935974121094e+00
-4.374262809753417969e+00
-4.374262809753417969e+00
-4.358411788940429688e+00
-4.350483894348144531e+00
-4.350483894348144531e+00
-4.334622859954833984e+00
-4.326690196990966797e+00
-4.326690196990966797e+00
-4.326690196990966797e+00
-4.310819149017333984e+00
-4.302881240844726562e+00
-4.287000656127929688e+00
-4.287000656127929688e+00
-4.271112918853759766e+00
-4.263166427612304688e+00
-4.263166427612304688e+00
-4.255218505859375000e+00
-4.247268676757812500e+00
-4.239316940307617188e+00
-4.223408699035644531e+00
-4.215451717376708984e+00
-4.215451717376708984e+00
-4.199532985687255859e+00
-4.191570758819580078e+00
-4.191570758819580078e+00
-4.175640583038330078e+00
-4.175640583038330078e+00
-4.167673110961914062e+00
-4.151732444763183594e+00
-4.151732444763183594e+00
-4.143759250640869141e+00
-4.127807617187500000e+00
-4.127807617187500000e+00
-4.119828701019287109e+00
-4.111848354339599609e+00
-4.103865623474121094e+00
-4.087895393371582031e+00
-4.087895393371582031e+00
-4.079906940460205078e+00
-4.063925266265869141e+00
-4.063925266265869141e+00
-4.047935485839843750e+00
-4.039937496185302734e+00
-4.039937496185302734e+00
-4.023936271667480469e+00
-4.015932559967041016e+00
-4.007926940917968750e+00
-3.999919414520263672e+00
-3.999919414520263672e+00
-3.983898162841796875e+00
-3.975884675979614258e+00
-3.975884675979614258e+00
-3.967868804931640625e+00
-3.959851264953613281e+00
-3.943809747695922852e+00
-3.943809747695922852e+00
-3.927760124206542969e+00
-3.919732332229614258e+00
-3.911702156066894531e+00
-3.911702156066894531e+00
-3.895636081695556641e+00
-3.887599706649780273e+00
-3.879561424255371094e+00
-3.871520757675170898e+00
-3.871520757675170898e+00
-3.855433464050292969e+00
-3.847386598587036133e+00
-3.847386598587036133e+00
-3.831286430358886719e+00
-3.823232889175415039e+00
-3.815177440643310547e+00
-3.807119607925415039e+00
-3.807119607925415039e+00
-3.799059867858886719e+00
-3.782933473587036133e+00
-3.782933473587036133e+00
-3.766798019409179688e+00
-3.766798019409179688e+00
-3.758727073669433594e+00
-3.758727073669433594e+00
-3.742578506469726562e+00
-3.734500885009765625e+00
-3.718338489532470703e+00
-3.718338489532470703e+00
-3.702167272567749023e+00
-3.702167272567749023e+00
-3.694078207015991211e+00
-3.677892923355102539e+00
-3.677892923355102539e+00
-3.669796943664550781e+00
-3.653597831726074219e+00
-3.653597831726074219e+00
-3.637389659881591797e+00
-3.637389659881591797e+00
-3.637389659881591797e+00
-3.613059997558593750e+00
-3.613059997558593750e+00
-3.596828937530517578e+00
-3.596828937530517578e+00
-3.588709831237792969e+00
-3.580588579177856445e+00
-3.564338922500610352e+00
-3.564338922500610352e+00
-3.548080444335937500e+00
-3.548080444335937500e+00
-3.539947748184204102e+00
-3.523675680160522461e+00
-3.523675680160522461e+00
-3.515536308288574219e+00
-3.499250411987304688e+00
-3.499250411987304688e+00
-3.491104364395141602e+00
-3.474805116653442383e+00
-3.474805116653442383e+00
-3.458497047424316406e+00
-3.458497047424316406e+00
-3.450339555740356445e+00
-3.434018135070800781e+00
-3.434018135070800781e+00
-3.425854206085205078e+00
-3.409519433975219727e+00
-3.409519433975219727e+00
-3.393175601959228516e+00
-3.385000467300415039e+00
-3.385000467300415039e+00
-3.368643760681152344e+00
-3.368643760681152344e+00
-3.360461950302124023e+00
-3.344091892242431641e+00
-3.344091892242431641e+00
-3.327713012695312500e+00
-3.319520473480224609e+00
-3.319520473480224609e+00
-3.303128480911254883e+00
-3.303128480911254883e+00
-3.294929265975952148e+00
-3.278524398803710938e+00
-3.278524398803710938e+00
-3.262110948562622070e+00
-3.253900766372680664e+00
-3.253900766372680664e+00
-3.245688676834106445e+00
-3.229258060455322266e+00
-3.221039295196533203e+00
-3.221039295196533203e+00
-3.212818622589111328e+00
-3.204595804214477539e+00
-3.188143491744995117e+00
-3.188143491744995117e+00
-3.171682834625244141e+00
-3.171682834625244141e+00
-3.163449525833129883e+00
-3.163449525833129883e+00
-3.146975994110107422e+00
-3.138736248016357422e+00
-3.130494117736816406e+00
-3.114003896713256836e+00
-3.105755805969238281e+00
-3.097505331039428711e+00
-3.097505331039428711e+00
-3.089252948760986328e+00
-3.080998420715332031e+00
-3.072741746902465820e+00
-3.056222200393676758e+00
-3.056222200393676758e+00
-3.047959327697753906e+00
-3.039694309234619141e+00
-3.031427383422851562e+00
-3.023158311843872070e+00
-3.006613969802856445e+00
-3.006613969802856445e+00
-2.998338699340820312e+00
-2.981781959533691406e+00
-2.981781959533691406e+00
-2.965217113494873047e+00
-2.956931591033935547e+00
-2.956931591033935547e+00
-2.940354347229003906e+00
-2.940354347229003906e+00
-2.932062864303588867e+00
-2.932062864303588867e+00
-2.915473461151123047e+00
-2.907175779342651367e+00
-2.898876190185546875e+00
-2.890574455261230469e+00
-2.873965024948120117e+00
-2.873965024948120117e+00
-2.865657091140747070e+00
-2.849035739898681641e+00
-2.840721845626831055e+00
-2.832406044006347656e+00
-2.824088335037231445e+00
-2.824088335037231445e+00
-2.815768718719482422e+00
-2.799123287200927734e+00
-2.799123287200927734e+00
-2.799123287200927734e+00
-2.774140119552612305e+00
-2.765808582305908203e+00
-2.757475137710571289e+00
-2.757475137710571289e+00
-2.749139547348022461e+00
-2.749139547348022461e+00
-2.732462644577026367e+00
-2.715777873992919922e+00
-2.707432508468627930e+00
-2.707432508468627930e+00
-2.690736055374145508e+00
-2.682384967803955078e+00
-2.682384967803955078e+00
-2.665677070617675781e+00
-2.665677070617675781e+00
-2.657320022583007812e+00
-2.640600442886352539e+00
-2.640600442886352539e+00
-2.623873233795166016e+00
-2.615506649017333984e+00
-2.615506649017333984e+00
-2.598767995834350586e+00
-2.598767995834350586e+00
-2.590395689010620117e+00
-2.573645591735839844e+00
-2.573645591735839844e+00
-2.556887865066528320e+00
-2.548506259918212891e+00
-2.548506259918212891e+00
-2.531737089157104492e+00
-2.531737089157104492e+00
-2.523349761962890625e+00
-2.506569623947143555e+00
-2.506569623947143555e+00
-2.498176574707031250e+00
-2.481385231018066406e+00
-2.481385231018066406e+00
-2.472986698150634766e+00
-2.456183910369873047e+00
-2.456183910369873047e+00
-2.439373970031738281e+00
-2.430966138839721680e+00
-2.430966138839721680e+00
-2.414144992828369141e+00
-2.414144992828369141e+00
-2.405731916427612305e+00
-2.388899803161621094e+00
-2.388899803161621094e+00
-2.380481004714965820e+00
-2.372060298919677734e+00
-2.363637924194335938e+00
-2.346787691116333008e+00
-2.338359832763671875e+00
-2.329930305480957031e+00
-2.329930305480957031e+00
-2.321498870849609375e+00
-2.313065528869628906e+00
-2.296193599700927734e+00
-2.287755012512207031e+00
-2.279314756393432617e+00
-2.279314756393432617e+00
-2.262428522109985352e+00
-2.253982782363891602e+00
-2.253982782363891602e+00
-2.245535135269165039e+00
-2.228634834289550781e+00
-2.228634834289550781e+00
-2.211727380752563477e+00
-2.203271150588989258e+00
-2.203271150588989258e+00
-2.186353206634521484e+00
-2.186353206634521484e+00
-2.177891731262207031e+00
-2.169428348541259766e+00
-2.160963296890258789e+00
-2.144027948379516602e+00
-2.135557651519775391e+00
-2.127085447311401367e+00
-2.127085447311401367e+00
-2.118611812591552734e+00
-2.101659059524536133e+00
-2.101659059524536133e+00
-2.093180179595947266e+00
-2.084699630737304688e+00
-2.067733287811279297e+00
-2.067733287811279297e+00
-2.050760030746459961e+00
-2.050760030746459961e+00
-2.042270898818969727e+00
-2.025287628173828125e+00
-2.025287628173828125e+00
-2.008297443389892578e+00
-1.999799966812133789e+00
-1.999799966812133789e+00
-1.982799768447875977e+00
-1.974297165870666504e+00
-1.974297165870666504e+00
-1.965792894363403320e+00
-1.957286953926086426e+00
-1.948779344558715820e+00
-1.931759238243103027e+00
-1.931759238243103027e+00
-1.923246622085571289e+00
-1.914732456207275391e+00
-1.906216621398925781e+00
-1.889179944992065430e+00
-1.880659103393554688e+00
-1.880659103393554688e+00
-1.863612651824951172e+00
-1.863612651824951172e+00
-1.855087041854858398e+00
-1.838030815124511719e+00
-1.838030815124511719e+00
-1.829500198364257812e+00
-1.820968151092529297e+00
-1.812434315681457520e+00
-1.795361995697021484e+00
-1.778283238410949707e+00
-1.778283238410949707e+00
-1.769741415977478027e+00
-1.769741415977478027e+00
-1.761198043823242188e+00
-1.744106531143188477e+00
-1.744106531143188477e+00
-1.727008700370788574e+00
-1.727008700370788574e+00
-1.718457341194152832e+00
-1.701350092887878418e+00
-1.701350092887878418e+00
-1.692794084548950195e+00
-1.675677299499511719e+00
-1.675677299499511719e+00
-1.658554434776306152e+00
-1.658554434776306152e+00
-1.658554434776306152e+00
-1.649990558624267578e+00
-1.632858395576477051e+00
-1.624289870262145996e+00
-1.624289870262145996e+00
-1.607148408889770508e+00
-1.590000867843627930e+00
-1.581424713134765625e+00
-1.572847127914428711e+00
-1.564267992973327637e+00
-1.564267992973327637e+00
-1.555687308311462402e+00
-1.538521409034729004e+00
-1.538521409034729004e+00
-1.529936194419860840e+00
-1.512761354446411133e+00
-1.512761354446411133e+00
-1.512761354446411133e+00
-1.486987709999084473e+00
-1.478393554687500000e+00
-1.478393554687500000e+00
-1.461200714111328125e+00
-1.452602148056030273e+00
-1.444002032279968262e+00
-1.435400366783142090e+00
-1.426797389984130859e+00
-1.426797389984130859e+00
-1.400979399681091309e+00
-1.400979399681091309e+00
-1.400979399681091309e+00
-1.392370581626892090e+00
-1.375148415565490723e+00
-1.375148415565490723e+00
-1.366535186767578125e+00
-1.349304318428039551e+00
-1.349304318428039551e+00
-1.340686798095703125e+00
-1.323447346687316895e+00
-1.323447346687316895e+00
-1.306202173233032227e+00
-1.297577500343322754e+00
-1.297577500343322754e+00
-1.288951277732849121e+00
-1.280323743820190430e+00
-1.271694779396057129e+00
-1.254432559013366699e+00
-1.254432559013366699e+00
-1.254432559013366699e+00
-1.228528738021850586e+00
-1.228528738021850586e+00
-1.211252331733703613e+00
-1.202612042427062988e+00
-1.202612042427062988e+00
-1.185327172279357910e+00
-1.185327172279357910e+00
-1.176682591438293457e+00
-1.159389257431030273e+00
-1.159389257431030273e+00
-1.142090320587158203e+00
-1.142090320587158203e+00
-1.133438706398010254e+00
-1.116131186485290527e+00
-1.116131186485290527e+00
-1.107475280761718750e+00
-1.098818063735961914e+00
-1.090159416198730469e+00
-1.072837710380554199e+00
-1.072837710380554199e+00
-1.064174890518188477e+00
-1.046844720840454102e+00
-1.046844720840454102e+00
-1.038177609443664551e+00
-1.020839095115661621e+00
-1.020839095115661621e+00
-1.003494858741760254e+00
-9.948206543922424316e-01
-9.861450195312500000e-01
-9.774680137634277344e-01
-9.774680137634277344e-01
-9.687895774841308594e-01
-9.514284133911132812e-01
-9.514284133911132812e-01
-9.340617060661315918e-01
-9.340617060661315918e-01
-9.340617060661315918e-01
-9.080010056495666504e-01
-9.080010056495666504e-01
-8.993113040924072266e-01
-8.906201720237731934e-01
-8.819276690483093262e-01
-8.645383715629577637e-01
-8.645383715629577637e-01
-8.558416366577148438e-01
-8.384438753128051758e-01
-8.384438753128051758e-01
-8.297429084777832031e-01
-8.123368024826049805e-01
-8.123368024826049805e-01
-7.949249744415283203e-01
-7.862169742584228516e-01
-7.862169742584228516e-01
-7.687968015670776367e-01
-7.687968015670776367e-01
-7.600845694541931152e-01
-7.426559329032897949e-01
-7.426559329032897949e-01
-7.252216935157775879e-01
-7.165024876594543457e-01
-7.165024876594543457e-01
-6.990597844123840332e-01
-6.990597844123840332e-01
-6.903363466262817383e-01
-6.728852987289428711e-01
-6.728852987289428711e-01
-6.641576290130615234e-01
-6.466981172561645508e-01
-6.466981172561645508e-01
-6.292330026626586914e-01
-6.292330026626586914e-01
-6.204983592033386230e-01
-6.030248403549194336e-01
-5.942860245704650879e-01
-5.942860245704650879e-01
-5.855457782745361328e-01
-5.680610537528991699e-01
-5.680610537528991699e-01
-5.505707263946533203e-01
-5.505707263946533203e-01
-5.330748558044433594e-01
-5.243247747421264648e-01
-5.243247747421264648e-01
-5.068204998970031738e-01
-4.980662465095520020e-01
-4.980662465095520020e-01
-4.805535674095153809e-01
-4.805535674095153809e-01
-4.717951118946075439e-01
-4.542740583419799805e-01
-4.542740583419799805e-01
-4.455114305019378662e-01
-4.279819726943969727e-01
-4.279819726943969727e-01
-4.192151725292205811e-01
-4.016773402690887451e-01
-4.016773402690887451e-01
-3.841339349746704102e-01
-3.841339349746704102e-01
-3.753601610660552979e-01
-3.578083813190460205e-01
-3.578083813190460205e-01
-3.402510285377502441e-01
-3.314702808856964111e-01
-3.314702808856964111e-01
-3.139045536518096924e-01
-3.139045536518096924e-01
-3.051196038722991943e-01
-2.875455617904663086e-01
-2.875455617904663086e-01
-2.699659168720245361e-01
-2.611739933490753174e-01
-2.611739933490753174e-01
-2.435860186815261841e-01
-2.347899377346038818e-01
-2.347899377346038818e-01
-2.171935886144638062e-01
-2.171935886144638062e-01
-2.083933353424072266e-01
-1.907886564731597900e-01
-1.907886564731597900e-01
-1.731784194707870483e-01
-1.731784194707870483e-01
-1.643712073564529419e-01
-1.467526257038116455e-01
-1.467526257038116455e-01
-1.379412561655044556e-01
-1.203143447637557983e-01
-1.203143447637557983e-01
-1.026818752288818359e-01
-9.386356174945831299e-02
-9.386356174945831299e-02
-7.622276991605758667e-02
-7.622276991605758667e-02
-6.740029156208038330e-02
-4.975117370486259460e-02
-4.975117370486259460e-02
-4.092453792691230774e-02
-3.209651261568069458e-02
-3.209651261568069458e-02
-5.604123696684837341e-03
3.229443915188312531e-03
3.229443915188312531e-03
2.090073563158512115e-02
2.090073563158512115e-02
2.973845787346363068e-02
3.857756406068801880e-02
4.741805791854858398e-02
5.625993385910987854e-02
7.394783943891525269e-02
7.394783943891525269e-02
8.279386907815933228e-02
9.164127707481384277e-02
1.093402504920959473e-01
1.181918084621429443e-01
1.181918084621429443e-01
1.358990669250488281e-01
1.358990669250488281e-01
1.447547823190689087e-01
1.536118686199188232e-01
1.624703407287597656e-01
1.713301837444305420e-01
1.801914274692535400e-01
1.890540271997451782e-01
1.979180276393890381e-01
1.979180276393890381e-01
2.156501561403274536e-01
2.245182842016220093e-01
2.245182842016220093e-01
2.245182842016220093e-01
2.511309683322906494e-01
2.511309683322906494e-01
2.688796520233154297e-01
2.777560651302337646e-01
2.866338491439819336e-01
2.955130338668823242e-01
3.043935596942901611e-01
3.132754862308502197e-01
3.221587836742401123e-01
3.310434818267822266e-01
3.399295210838317871e-01
3.488169610500335693e-01
3.577057719230651855e-01
3.665959537029266357e-01
3.754875063896179199e-01
3.932747542858123779e-01
3.932747542858123779e-01
4.021704494953155518e-01
4.110675156116485596e-01
4.199659526348114014e-01
4.288657903671264648e-01
4.377669692039489746e-01
4.466695189476013184e-01
4.644787907600402832e-01
4.644787907600402832e-01
4.733854830265045166e-01
4.822935461997985840e-01
4.912029802799224854e-01
5.001137852668762207e-01
5.090259313583374023e-01
5.179395079612731934e-01
5.268544554710388184e-01
5.357707142829895020e-01
5.446884036064147949e-01
5.536074638366699219e-01
5.714496374130249023e-01
5.714496374130249023e-01
5.803728103637695312e-01
5.892973542213439941e-01
6.071504950523376465e-01
6.071504950523376465e-01
6.160791516304016113e-01
6.250091791152954102e-01
6.339405179023742676e-01
6.339405179023742676e-01
6.339405179023742676e-01
6.339405179023742676e-01
6.339405179023742676e-01
6.339405179023742676e-01
6.339405179023742676e-01
6.339405179023742676e-01
6.339405179023742676e-01
2.332304954528808594e+00
2.340430498123168945e+00
2.348555803298950195e+00
2.356681346893310547e+00
2.364806652069091797e+00
2.372931957244873047e+00
2.389182090759277344e+00
2.389182090759277344e+00
2.405431747436523438e+00
2.413556337356567383e+00
2.421680688858032227e+00
2.421680688858032227e+00
2.446052551269531250e+00
2.446052551269531250e+00
2.446052551269531250e+00
2.470422029495239258e+00
2.470422029495239258e+00
2.478544712066650391e+00
2.486666917800903320e+00
2.494788885116577148e+00
2.511031627655029297e+00
2.511031627655029297e+00
2.519152402877807617e+00
2.535392761230468750e+00
2.535392761230468750e+00
2.535392761230468750e+00
2.543512105941772461e+00
2.559749841690063477e+00
2.567867755889892578e+00
2.575985431671142578e+00
2.584102392196655273e+00
2.592218875885009766e+00
2.592218875885009766e+00
2.608450174331665039e+00
2.616564750671386719e+00
2.624678850173950195e+00
2.632792472839355469e+00
2.632792472839355469e+00
2.649017333984375000e+00
2.657128810882568359e+00
2.657128810882568359e+00
2.673349618911743164e+00
2.681458950042724609e+00
2.689567565917968750e+00
2.697675228118896484e+00
2.713888406753540039e+00
2.713888406753540039e+00
2.721993684768676758e+00
2.730098247528076172e+00
2.738201856613159180e+00
2.746304750442504883e+00
2.746304750442504883e+00
2.770607709884643555e+00
2.770607709884643555e+00
2.778706789016723633e+00
2.786804914474487305e+00
2.786804914474487305e+00
2.802998304367065430e+00
2.802998304367065430e+00
2.802998304367065430e+00
2.827280759811401367e+00
2.843463659286499023e+00
2.843463659286499023e+00
2.851553678512573242e+00
2.859642267227172852e+00
2.867729902267456055e+00
2.875816345214843750e+00
2.883901834487915039e+00
2.891985893249511719e+00
2.900068759918212891e+00
2.908150434494018555e+00
2.916230916976928711e+00
2.932388067245483398e+00
2.932388067245483398e+00
2.948540210723876953e+00
2.948540210723876953e+00
2.956614255905151367e+00
2.972758293151855469e+00
2.972758293151855469e+00
2.980828285217285156e+00
2.996963977813720703e+00
2.996963977813720703e+00
2.996963977813720703e+00
3.021157026290893555e+00
3.021157026290893555e+00
3.037278175354003906e+00
3.037278175354003906e+00
3.045336723327636719e+00
3.045336723327636719e+00
3.061448812484741211e+00
3.069502592086791992e+00
3.069502592086791992e+00
3.085605382919311523e+00
3.101701736450195312e+00
3.101701736450195312e+00
3.109747409820556641e+00
3.125833749771118164e+00
3.125833749771118164e+00
3.133874654769897461e+00
3.133874654769897461e+00
3.149950742721557617e+00
3.149950742721557617e+00
3.149950742721557617e+00
3.174051761627197266e+00
3.190110206604003906e+00
3.190110206604003906e+00
3.198136806488037109e+00
3.214184045791625977e+00
3.214184045791625977e+00
3.222204923629760742e+00
3.222204923629760742e+00
3.238240957260131836e+00
3.246256113052368164e+00
3.254269361495971680e+00
3.262280464172363281e+00
3.278296947479248047e+00
3.278296947479248047e+00
3.286302089691162109e+00
3.286302089691162109e+00
3.302306175231933594e+00
3.310305356979370117e+00
3.318302154541015625e+00
3.326297044754028320e+00
3.342280149459838867e+00
3.342280149459838867e+00
3.350268602371215820e+00
3.366238832473754883e+00
3.366238832473754883e+00
3.374220609664916992e+00
3.382200002670288086e+00
3.390177488327026367e+00
3.390177488327026367e+00
3.390177488327026367e+00
3.414095640182495117e+00
3.414095640182495117e+00
3.422063827514648438e+00
3.437993288040161133e+00
3.445954322814941406e+00
3.453912973403930664e+00
3.469823360443115234e+00
3.469823360443115234e+00
3.469823360443115234e+00
3.477774858474731445e+00
3.493670463562011719e+00
3.501614570617675781e+00
3.509556055068969727e+00
3.517495155334472656e+00
3.525431632995605469e+00
3.533365726470947266e+00
3.541296958923339844e+00
3.557152032852172852e+00
3.588830471038818359e+00
3.588830471038818359e+00
3.596743345260620117e+00
3.604653596878051758e+00
3.620465755462646484e+00
3.620465755462646484e+00
3.628367900848388672e+00
3.644163370132446289e+00
3.644163370132446289e+00
3.652056932449340820e+00
3.652056932449340820e+00
3.667835712432861328e+00
3.675720691680908203e+00
3.683603048324584961e+00
3.691482305526733398e+00
3.707231998443603516e+00
3.707231998443603516e+00
3.715102672576904297e+00
3.722970008850097656e+00
3.730834722518920898e+00
3.738696098327636719e+00
3.754410266876220703e+00
3.754410266876220703e+00
3.762262582778930664e+00
3.770112037658691406e+00
3.777958393096923828e+00
3.785801649093627930e+00
3.793641567230224609e+00
3.801478624343872070e+00
3.809312343597412109e+00
3.817142963409423828e+00
3.824970245361328125e+00
3.832794666290283203e+00
3.840615510940551758e+00
3.848433256149291992e+00
3.856247901916503906e+00
3.864058971405029297e+00
3.871866941452026367e+00
3.879671573638916016e+00
3.887472867965698242e+00
3.895270824432373047e+00
3.903065443038940430e+00
3.910856723785400391e+00
3.918644428253173828e+00
3.926428794860839844e+00
3.934209823608398438e+00
3.941987514495849609e+00
3.949761629104614258e+00
3.957532405853271484e+00
3.965299606323242188e+00
3.973063468933105469e+00
3.980823993682861328e+00
3.988581180572509766e+00
3.996334791183471680e+00
4.004085063934326172e+00
4.011832237243652344e+00
4.019575595855712891e+00
4.027315616607666016e+00
4.027315616607666016e+00
4.042785644531250000e+00
4.050515651702880859e+00
4.058242321014404297e+00
4.065965175628662109e+00
4.073685169219970703e+00
4.081401824951171875e+00
4.089114665985107422e+00
4.096824645996093750e+00
4.104530811309814453e+00
4.112233638763427734e+00
4.119933605194091797e+00
4.127629756927490234e+00
4.135322570800781250e+00
4.143012046813964844e+00
4.150698184967041016e+00
4.158380985260009766e+00
4.166060924530029297e+00
4.173737049102783203e+00
4.181409835815429688e+00
4.189079284667968750e+00
4.196745395660400391e+00
4.204408168792724609e+00
4.212067604064941406e+00
4.219724178314208984e+00
4.227376937866210938e+00
4.235026359558105469e+00
4.242672920227050781e+00
4.250315666198730469e+00
4.257955551147460938e+00
4.265591621398925781e+00
4.273224830627441406e+00
4.280854225158691406e+00
4.288480758666992188e+00
4.296103954315185547e+00
4.303723812103271484e+00
4.311340332031250000e+00
4.318953514099121094e+00
4.334170341491699219e+00
4.334170341491699219e+00
4.341773509979248047e+00
4.356970787048339844e+00
4.364564418792724609e+00
4.364564418792724609e+00
4.379741668701171875e+00
4.387325286865234375e+00
4.387325286865234375e+00
4.394906044006347656e+00
4.402483463287353516e+00
4.417628288269042969e+00
4.417628288269042969e+00
4.432759761810302734e+00
4.432759761810302734e+00
4.440320968627929688e+00
4.455433368682861328e+00
4.455433368682861328e+00
4.462984561920166016e+00
4.478077411651611328e+00
4.478077411651611328e+00
4.485619068145751953e+00
4.500692844390869141e+00
4.500692844390869141e+00
4.515753746032714844e+00
4.515753746032714844e+00
4.523279190063476562e+00
4.538320541381835938e+00
4.538320541381835938e+00
4.545836448669433594e+00
4.560858726501464844e+00
4.560858726501464844e+00
4.568365097045898438e+00
4.575868129730224609e+00
4.583368301391601562e+00
4.598358631134033203e+00
4.598358631134033203e+00
4.605849266052246094e+00
4.620820522308349609e+00
4.620820522308349609e+00
4.628301143646240234e+00
4.643253326416015625e+00
4.643253326416015625e+00
4.650724887847900391e+00
4.665657997131347656e+00
4.665657997131347656e+00
4.673120021820068359e+00
4.688034057617187500e+00
4.688034057617187500e+00
4.702935695648193359e+00
4.702935695648193359e+00
4.710381984710693359e+00
4.725265026092529297e+00
4.725265026092529297e+00
4.732701778411865234e+00
4.740135192871093750e+00
4.740135192871093750e+00
4.762417316436767578e+00
4.762417316436767578e+00
4.769838333129882812e+00
4.784671306610107422e+00
4.784671306610107422e+00
4.792082786560058594e+00
4.799491405487060547e+00
4.799491405487060547e+00
4.821698665618896484e+00
4.821698665618896484e+00
4.829094886779785156e+00
4.843878269195556641e+00
4.843878269195556641e+00
4.851264953613281250e+00
4.866029739379882812e+00
4.866029739379882812e+00
4.866029739379882812e+00
4.880782127380371094e+00
4.888153553009033203e+00
4.902887344360351562e+00
4.902887344360351562e+00
4.910249710083007812e+00
4.924964904785156250e+00
4.924964904785156250e+00
4.932318210601806641e+00
4.947015285491943359e+00
4.947015285491943359e+00
4.954359054565429688e+00
4.954359054565429688e+00
4.969038009643554688e+00
4.983704566955566406e+00
4.983704566955566406e+00
4.991033077239990234e+00
5.005681514739990234e+00
5.005681514739990234e+00
5.020317554473876953e+00
5.020317554473876953e+00
5.027631282806396484e+00
5.042249679565429688e+00
5.042249679565429688e+00
5.049553871154785156e+00
5.064154148101806641e+00
5.064154148101806641e+00
5.078742027282714844e+00
5.086031436920166016e+00
5.086031436920166016e+00
5.100601196289062500e+00
5.100601196289062500e+00
5.107882022857666016e+00
5.115159511566162109e+00
5.122433662414550781e+00
5.129705429077148438e+00
5.129705429077148438e+00
5.129705429077148438e+00
5.151502132415771484e+00
5.166018486022949219e+00
5.166018486022949219e+00
5.173272132873535156e+00
5.180522441864013672e+00
5.180522441864013672e+00
5.195014953613281250e+00
5.209495544433593750e+00
5.209495544433593750e+00
5.216731548309326172e+00
5.231194496154785156e+00
5.231194496154785156e+00
5.245645999908447266e+00
5.245645999908447266e+00
5.260085105895996094e+00
5.260085105895996094e+00
5.267300605773925781e+00
5.281722545623779297e+00
5.288928985595703125e+00
5.288928985595703125e+00
5.296132564544677734e+00
5.303333282470703125e+00
5.310530662536621094e+00
5.324917793273925781e+00
5.324917793273925781e+00
5.332106590270996094e+00
5.346476078033447266e+00
5.346476078033447266e+00
5.346476078033447266e+00
5.360833644866943359e+00
5.368008136749267578e+00
5.382348537445068359e+00
5.382348537445068359e+00
5.389514446258544922e+00
5.403837680816650391e+00
5.403837680816650391e+00
5.410994529724121094e+00
5.425300598144531250e+00
5.425300598144531250e+00
5.439594745635986328e+00
5.439594745635986328e+00
5.446737766265869141e+00
5.461014747619628906e+00
5.461014747619628906e+00
5.468148708343505859e+00
5.482408523559570312e+00
5.482408523559570312e+00
5.489533901214599609e+00
5.503776073455810547e+00
5.503776073455810547e+00
5.518006801605224609e+00
5.518006801605224609e+00
5.525117874145507812e+00
5.539330959320068359e+00
5.539330959320068359e+00
5.546432971954345703e+00
5.553532600402832031e+00
5.553532600402832031e+00
5.574812889099121094e+00
5.574812889099121094e+00
5.574812889099121094e+00
5.596066951751708984e+00
5.596066951751708984e+00
5.603145599365234375e+00
5.617294311523437500e+00
5.617294311523437500e+00
5.624364376068115234e+00
5.638495445251464844e+00
5.638495445251464844e+00
5.638495445251464844e+00
5.652615070343017578e+00
5.659669876098632812e+00
5.673771858215332031e+00
5.673771858215332031e+00
5.680818080902099609e+00
5.694901943206787109e+00
5.694901943206787109e+00
5.701939105987548828e+00
5.716005325317382812e+00
5.716005325317382812e+00
5.730059146881103516e+00
5.730059146881103516e+00
5.737082004547119141e+00
5.751118183135986328e+00
5.751118183135986328e+00
5.758131504058837891e+00
5.772150039672851562e+00
5.772150039672851562e+00
5.786156177520751953e+00
5.786156177520751953e+00
5.793154716491699219e+00
5.800150394439697266e+00
5.807143211364746094e+00
5.814132690429687500e+00
5.814132690429687500e+00
5.828103065490722656e+00
5.828103065490722656e+00
5.842061042785644531e+00
5.849035739898681641e+00
5.849035739898681641e+00
5.862975597381591797e+00
5.869941234588623047e+00
5.883862972259521484e+00
5.883862972259521484e+00
5.890819072723388672e+00
5.904722690582275391e+00
5.904722690582275391e+00
5.911670207977294922e+00
5.918614387512207031e+00
5.925555229187011719e+00
5.932493686676025391e+00
5.939428329467773438e+00
5.946360588073730469e+00
5.960215568542480469e+00
5.960215568542480469e+00
5.967138290405273438e+00
5.980974674224853516e+00
5.980974674224853516e+00
5.980974674224853516e+00
6.001706123352050781e+00
6.001706123352050781e+00
6.008610725402832031e+00
6.015511989593505859e+00
6.022410392761230469e+00
6.036197662353515625e+00
6.036197662353515625e+00
6.043086528778076172e+00
6.056855201721191406e+00
6.056855201721191406e+00
6.070611476898193359e+00
6.070611476898193359e+00
6.077485084533691406e+00
6.091222763061523438e+00
6.091222763061523438e+00
6.098086833953857422e+00
6.104948043823242188e+00
6.111805915832519531e+00
6.125512599945068359e+00
6.125512599945068359e+00
6.132360935211181641e+00
6.146049022674560547e+00
6.146049022674560547e+00
6.152888298034667969e+00
6.166557312011718750e+00
6.166557312011718750e+00
6.173387050628662109e+00
6.187037467956542969e+00
6.187037467956542969e+00
6.200675010681152344e+00
6.200675010681152344e+00
6.207489013671875000e+00
6.221107959747314453e+00
6.221107959747314453e+00
6.227912425994873047e+00
6.241512298583984375e+00
6.248307704925537109e+00
6.248307704925537109e+00
6.261888504028320312e+00
6.261888504028320312e+00
6.268674373626708984e+00
6.275456905364990234e+00
6.282236099243164062e+00
6.295785427093505859e+00
6.295785427093505859e+00
6.302555084228515625e+00
6.302555084228515625e+00
6.316085338592529297e+00
6.322845458984375000e+00
6.329602718353271484e+00
6.336356639862060547e+00
6.343107223510742188e+00
6.349854946136474609e+00
6.356598854064941406e+00
6.370078086853027344e+00
6.370078086853027344e+00
6.376812934875488281e+00
6.390272617340087891e+00
6.390272617340087891e+00
6.396997451782226562e+00
6.410438060760498047e+00
6.410438060760498047e+00
6.423865318298339844e+00
6.423865318298339844e+00
6.430574417114257812e+00
6.443982601165771484e+00
6.443982601165771484e+00
6.450681686401367188e+00
6.464070796966552734e+00
6.464070796966552734e+00
6.470759868621826172e+00
6.470759868621826172e+00
6.484129428863525391e+00
6.497485637664794922e+00
6.497485637664794922e+00
6.510828971862792969e+00
6.510828971862792969e+00
6.517495632171630859e+00
6.530819416046142578e+00
6.537476539611816406e+00
6.537476539611816406e+00
6.550780773162841797e+00
6.550780773162841797e+00
6.557427883148193359e+00
6.570712566375732422e+00
6.570712566375732422e+00
6.577349662780761719e+00
6.590614318847656250e+00
6.590614318847656250e+00
6.603866100311279297e+00
6.603866100311279297e+00
6.610486984252929688e+00
6.623719215393066406e+00
6.623719215393066406e+00
6.630330085754394531e+00
6.643542289733886719e+00
6.643542289733886719e+00
6.650143146514892578e+00
6.663335323333740234e+00
6.663335323333740234e+00
6.676514625549316406e+00
6.676514625549316406e+00
6.683098793029785156e+00
6.696258068084716797e+00
6.696258068084716797e+00
6.702832698822021484e+00
6.715971946716308594e+00
6.715971946716308594e+00
6.722536087036132812e+00
6.729097366333007812e+00
6.735655307769775391e+00
6.748761177062988281e+00
6.748761177062988281e+00
6.748761177062988281e+00
6.768394470214843750e+00
6.768394470214843750e+00
6.768394470214843750e+00
6.787998199462890625e+00
6.787998199462890625e+00
6.794525623321533203e+00
6.801050186157226562e+00
6.807570934295654297e+00
6.820602893829345703e+00
6.820602893829345703e+00
6.827114105224609375e+00
6.840125560760498047e+00
6.840125560760498047e+00
6.846626281738281250e+00
6.859618186950683594e+00
6.859618186950683594e+00
6.872596263885498047e+00
6.879080295562744141e+00
6.879080295562744141e+00
6.885560512542724609e+00
6.892037868499755859e+00
6.898511886596679688e+00
6.911449432373046875e+00
6.911449432373046875e+00
6.917912960052490234e+00
6.930830478668212891e+00
6.930830478668212891e+00
6.937283992767333984e+00
6.943734169006347656e+00
6.950181007385253906e+00
6.963064670562744141e+00
6.963064670562744141e+00
6.969501495361328125e+00
6.982364654541015625e+00
6.982364654541015625e+00
6.988790988922119141e+00
7.001634120941162109e+00
7.001634120941162109e+00
7.001634120941162109e+00
7.014463424682617188e+00
7.020873069763183594e+00
7.033681869506835938e+00
7.033681869506835938e+00
7.040081501007080078e+00
7.052870273590087891e+00
7.052870273590087891e+00
7.059259414672851562e+00
7.072027683258056641e+00
7.072027683258056641e+00
7.084782123565673828e+00
7.084782123565673828e+00
7.091154575347900391e+00
7.103888988494873047e+00
7.103888988494873047e+00
7.110250949859619141e+00
7.122964859008789062e+00
7.122964859008789062e+00
7.135664939880371094e+00
7.135664939880371094e+00
7.142009735107421875e+00
7.154689788818359375e+00
7.154689788818359375e+00
7.161024570465087891e+00
7.173684120178222656e+00
7.173684120178222656e+00
7.180008411407470703e+00
7.192647457122802734e+00
7.198961734771728516e+00
7.198961734771728516e+00
7.205272674560546875e+00
7.217884063720703125e+00
7.217884063720703125e+00
7.224184513092041016e+00
7.230482101440429688e+00
7.243065834045410156e+00
7.243065834045410156e+00
7.255636692047119141e+00
7.255636692047119141e+00
7.261916637420654297e+00
7.274466514587402344e+00
7.274466514587402344e+00
7.280736446380615234e+00
7.293265819549560547e+00
7.293265819549560547e+00
7.299525260925292969e+00
7.312034130096435547e+00
7.312034130096435547e+00
7.324529170989990234e+00
7.324529170989990234e+00
7.330771446228027344e+00
7.343245983123779297e+00
7.343245983123779297e+00
7.349478244781494141e+00
7.361931800842285156e+00
7.361931800842285156e+00
7.374372005462646484e+00
7.374372005462646484e+00
7.380587100982666016e+00
7.393006324768066406e+00
7.393006324768066406e+00
7.399210929870605469e+00
7.411609649658203125e+00
7.411609649658203125e+00
7.423994541168212891e+00
7.423994541168212891e+00
7.430181980133056641e+00
7.442546367645263672e+00
7.442546367645263672e+00
7.454896926879882812e+00
7.454896926879882812e+00
7.461066722869873047e+00
7.473396778106689453e+00
7.473396778106689453e+00
7.479556560516357422e+00
7.491865634918212891e+00
7.491865634918212891e+00
7.498014926910400391e+00
7.504160881042480469e+00
7.510303020477294922e+00
7.516442298889160156e+00
7.516442298889160156e+00
7.522577762603759766e+00
7.540963172912597656e+00
7.540963172912597656e+00
7.553203105926513672e+00
7.559318065643310547e+00
7.559318065643310547e+00
7.565429210662841797e+00
7.571537017822265625e+00
7.577641487121582031e+00
7.577641487121582031e+00
7.589839458465576172e+00
7.595933437347412109e+00
7.608110904693603516e+00
7.608110904693603516e+00
7.614194393157958984e+00
7.620274543762207031e+00
7.626350879669189453e+00
7.638493537902832031e+00
7.638493537902832031e+00
7.644559383392333984e+00
7.650622367858886719e+00
7.650622367858886719e+00
7.662736892700195312e+00
7.674838066101074219e+00
7.674838066101074219e+00
7.674838066101074219e+00
7.692963123321533203e+00
7.692963123321533203e+00
7.705029010772705078e+00
7.705029010772705078e+00
7.711056709289550781e+00
7.723102092742919922e+00
7.723102092742919922e+00
7.729119300842285156e+00
7.729119300842285156e+00
7.741143226623535156e+00
7.747149944305419922e+00
7.753153324127197266e+00
7.759153366088867188e+00
7.771142482757568359e+00
7.771142482757568359e+00
7.777132034301757812e+00
7.783117771148681641e+00
7.795078754425048828e+00
7.795078754425048828e+00
7.807025909423828125e+00
7.807025909423828125e+00
7.818959236145019531e+00
7.818959236145019531e+00
7.824920654296875000e+00
7.836832523345947266e+00
7.836832523345947266e+00
7.842783451080322266e+00
7.854674816131591797e+00
7.854674816131591797e+00
7.866551876068115234e+00
7.866551876068115234e+00
7.872485160827636719e+00
7.884340763092041016e+00
7.884340763092041016e+00
7.896183013916015625e+00
7.896183013916015625e+00
7.902098655700683594e+00
7.908010482788085938e+00
7.919824600219726562e+00
7.919824600219726562e+00
7.931623935699462891e+00
7.931623935699462891e+00
7.937518596649169922e+00
7.949297428131103516e+00
7.949297428131103516e+00
7.955181121826171875e+00
7.966938495635986328e+00
7.966938495635986328e+00
7.978682041168212891e+00
7.978682041168212891e+00
7.984548091888427734e+00
7.996270179748535156e+00
7.996270179748535156e+00
8.002125740051269531e+00
8.013827323913574219e+00
8.013827323913574219e+00
8.025513648986816406e+00
8.025513648986816406e+00
8.031352043151855469e+00
8.043017387390136719e+00
8.043017387390136719e+00
8.048845291137695312e+00
8.060489654541015625e+00
8.060489654541015625e+00
8.072119712829589844e+00
8.072119712829589844e+00
8.077929496765136719e+00
8.089538574218750000e+00
8.089538574218750000e+00
8.095336914062500000e+00
8.101132392883300781e+00
8.106925010681152344e+00
8.112712860107421875e+00
8.118497848510742188e+00
8.124279975891113281e+00
8.135831832885742188e+00
8.135831832885742188e+00
8.141602516174316406e+00
8.153133392333984375e+00
8.153133392333984375e+00
8.164649009704589844e+00
8.164649009704589844e+00
8.170402526855468750e+00
8.181897163391113281e+00
8.181897163391113281e+00
8.187639236450195312e+00
8.199112892150878906e+00
8.199112892150878906e+00
8.204844474792480469e+00
8.216297149658203125e+00
8.216297149658203125e+00
8.227734565734863281e+00
8.227734565734863281e+00
8.233448982238769531e+00
8.244865417480468750e+00
8.244865417480468750e+00
8.250568389892578125e+00
8.261962890625000000e+00
8.261962890625000000e+00
8.273344039916992188e+00
8.273344039916992188e+00
8.279028892517089844e+00
8.284709930419921875e+00
8.290388107299804688e+00
8.296062469482421875e+00
8.307399749755859375e+00
8.307399749755859375e+00
8.313063621520996094e+00
8.313063621520996094e+00
8.313063621520996094e+00
8.330032348632812500e+00
8.335680961608886719e+00
8.341326713562011719e+00
8.352606773376464844e+00
8.352606773376464844e+00
8.358241081237792969e+00
8.369500160217285156e+00
8.369500160217285156e+00
8.375123977661132812e+00
8.386361122131347656e+00
8.386361122131347656e+00
8.397583007812500000e+00
8.397583007812500000e+00
8.403188705444335938e+00
8.414389610290527344e+00
8.414389610290527344e+00
8.419984817504882812e+00
8.431163787841796875e+00
8.431163787841796875e+00
8.431163787841796875e+00
8.447905540466308594e+00
8.447905540466308594e+00
8.459048271179199219e+00
8.459048271179199219e+00
8.464614868164062500e+00
8.464614868164062500e+00
8.475735664367675781e+00
8.481290817260742188e+00
8.492390632629394531e+00
8.492390632629394531e+00
8.492390632629394531e+00
8.509013175964355469e+00
8.509013175964355469e+00
8.509013175964355469e+00
8.520075798034667969e+00
8.525602340698242188e+00
8.536643981933593750e+00
8.536643981933593750e+00
8.542159080505371094e+00
8.553178787231445312e+00
8.553178787231445312e+00
8.564183235168457031e+00
8.564183235168457031e+00
8.569680213928222656e+00
8.580663681030273438e+00
8.580663681030273438e+00
8.586150169372558594e+00
8.586150169372558594e+00
8.597111701965332031e+00
8.608057975769042969e+00
8.608057975769042969e+00
8.613525390625000000e+00
8.624450683593750000e+00
8.624450683593750000e+00
8.629907608032226562e+00
8.640810012817382812e+00
8.640810012817382812e+00
8.646256446838378906e+00
8.657136917114257812e+00
8.657136917114257812e+00
8.668003082275390625e+00
8.668003082275390625e+00
8.673431396484375000e+00
8.684275627136230469e+00
8.684275627136230469e+00
8.689692497253417969e+00
8.700514793395996094e+00
8.700514793395996094e+00
8.711321830749511719e+00
8.711321830749511719e+00
8.716720581054687500e+00
8.722114562988281250e+00
8.727505683898925781e+00
8.732892990112304688e+00
8.743657112121582031e+00
8.743657112121582031e+00
8.754405021667480469e+00
8.759774208068847656e+00
8.759774208068847656e+00
8.770501136779785156e+00
8.770501136779785156e+00
8.770501136779785156e+00
8.786563873291015625e+00
8.786563873291015625e+00
8.791910171508789062e+00
8.797253608703613281e+00
8.802592277526855469e+00
8.807928085327148438e+00
8.807928085327148438e+00
8.818588256835937500e+00
8.829234123229980469e+00
8.829234123229980469e+00
8.829234123229980469e+00
8.834551811218261719e+00
8.834551811218261719e+00
8.855783462524414062e+00
8.855783462524414062e+00
8.855783462524414062e+00
8.871667861938476562e+00
8.871667861938476562e+00
8.871667861938476562e+00
8.887519836425781250e+00
8.887519836425781250e+00
8.892796516418457031e+00
8.898069381713867188e+00
8.903338432312011719e+00
8.913865089416503906e+00
8.919122695922851562e+00
8.919122695922851562e+00
8.929627418518066406e+00
8.929627418518066406e+00
8.934874534606933594e+00
8.945357322692871094e+00
8.945357322692871094e+00
8.945357322692871094e+00
8.955824851989746094e+00
8.961052894592285156e+00
8.971497535705566406e+00
8.971497535705566406e+00
8.976715087890625000e+00
8.987137794494628906e+00
8.987137794494628906e+00
8.992342948913574219e+00
8.997545242309570312e+00
8.997545242309570312e+00
9.007938385009765625e+00
9.013129234313964844e+00
9.018316268920898438e+00
9.028678894042968750e+00
9.028678894042968750e+00
9.033855438232421875e+00
9.044196128845214844e+00
9.044196128845214844e+00
9.054521560668945312e+00
9.059679031372070312e+00
9.059679031372070312e+00
9.069981575012207031e+00
9.069981575012207031e+00
9.075127601623535156e+00
9.085408210754394531e+00
9.085408210754394531e+00
9.090542793273925781e+00
9.095673561096191406e+00
9.100801467895507812e+00
9.111043930053710938e+00
9.116160392761230469e+00
9.116160392761230469e+00
9.126380920410156250e+00
9.126380920410156250e+00
9.131484985351562500e+00
9.141683578491210938e+00
9.141683578491210938e+00
9.146777153015136719e+00
9.156951904296875000e+00
9.156951904296875000e+00
9.167112350463867188e+00
9.167112350463867188e+00
9.172186851501464844e+00
9.182324409484863281e+00
9.182324409484863281e+00
9.187388420104980469e+00
9.197503089904785156e+00
9.197503089904785156e+00
9.202554702758789062e+00
9.212647438049316406e+00
9.212647438049316406e+00
9.217688560485839844e+00
9.227758407592773438e+00
9.227758407592773438e+00
9.237812995910644531e+00
9.237812995910644531e+00
9.242834091186523438e+00
9.252866744995117188e+00
9.252866744995117188e+00
9.257876396179199219e+00
9.267886161804199219e+00
9.267886161804199219e+00
9.277880668640136719e+00
9.277880668640136719e+00
9.282871246337890625e+00
9.282871246337890625e+00
9.292842864990234375e+00
9.297822952270507812e+00
9.307771682739257812e+00
9.307771682739257812e+00
9.317705154418945312e+00
9.322666168212890625e+00
9.327623367309570312e+00
9.327623367309570312e+00
9.337527275085449219e+00
9.337527275085449219e+00
9.342473030090332031e+00
9.347414970397949219e+00
9.352353096008300781e+00
9.362218856811523438e+00
9.362218856811523438e+00
9.372068405151367188e+00
9.372068405151367188e+00
9.376987457275390625e+00
9.386815071105957031e+00
9.386815071105957031e+00
9.391722679138183594e+00
9.401526451110839844e+00
9.401526451110839844e+00
9.406423568725585938e+00
9.411315917968750000e+00
9.416204452514648438e+00
9.425971031188964844e+00
9.425971031188964844e+00
9.430848121643066406e+00
9.440591812133789062e+00
9.440591812133789062e+00
9.445457458496093750e+00
9.455177307128906250e+00
9.455177307128906250e+00
9.464882850646972656e+00
9.464882850646972656e+00
9.469729423522949219e+00
9.479411125183105469e+00
9.479411125183105469e+00
9.484247207641601562e+00
9.493906021118164062e+00
9.493906021118164062e+00
9.503549575805664062e+00
9.503549575805664062e+00
9.508365631103515625e+00
9.517987251281738281e+00
9.517987251281738281e+00
9.522791862487792969e+00
9.522791862487792969e+00
9.532389640808105469e+00
9.537182807922363281e+00
9.541972160339355469e+00
9.546757698059082031e+00
9.556317329406738281e+00
9.556317329406738281e+00
9.561091423034667969e+00
9.570627212524414062e+00
9.570627212524414062e+00
9.575389862060546875e+00
9.584903717041015625e+00
9.584903717041015625e+00
9.589653968811035156e+00
9.599144935607910156e+00
9.599144935607910156e+00
9.608619689941406250e+00
9.608619689941406250e+00
9.613350868225097656e+00
9.622802734375000000e+00
9.622802734375000000e+00
9.627523422241210938e+00
9.636951446533203125e+00
9.636951446533203125e+00
9.641660690307617188e+00
9.646365165710449219e+00
9.651065826416015625e+00
9.660455703735351562e+00
9.660455703735351562e+00
9.665144920349121094e+00
9.674511909484863281e+00
9.674511909484863281e+00
9.679189682006835938e+00
9.688533782958984375e+00
9.688533782958984375e+00
9.697861671447753906e+00
9.697861671447753906e+00
9.697861671447753906e+00
9.711825370788574219e+00
9.711825370788574219e+00
9.716471672058105469e+00
9.725753784179687500e+00
9.725753784179687500e+00
9.725753784179687500e+00
9.739647865295410156e+00
9.739647865295410156e+00
9.748890876770019531e+00
9.748890876770019531e+00
9.753506660461425781e+00
9.762726783752441406e+00
9.762726783752441406e+00
9.767330169677734375e+00
9.776527404785156250e+00
9.776527404785156250e+00
9.785708427429199219e+00
9.790292739868164062e+00
9.790292739868164062e+00
9.794873237609863281e+00
9.804023742675781250e+00
9.804023742675781250e+00
9.813158035278320312e+00
9.813158035278320312e+00
9.817719459533691406e+00
9.826829910278320312e+00
9.826829910278320312e+00
9.835926055908203125e+00
9.835926055908203125e+00
9.840467453002929688e+00
9.840467453002929688e+00
9.849539756774902344e+00
9.849539756774902344e+00
9.863119125366210938e+00
9.863119125366210938e+00
9.867637634277343750e+00
9.872151374816894531e+00
9.876662254333496094e+00
9.876662254333496094e+00
9.885672569274902344e+00
9.890171051025390625e+00
9.899157524108886719e+00
9.899157524108886719e+00
9.899157524108886719e+00
9.912607192993164062e+00
9.912607192993164062e+00
9.917082786560058594e+00
9.921554565429687500e+00
9.921554565429687500e+00
9.934946060180664062e+00
9.934946060180664062e+00
9.939401626586914062e+00
9.943854331970214844e+00
9.948302268981933594e+00
9.948302268981933594e+00
9.957186698913574219e+00
9.966054916381835938e+00
9.966054916381835938e+00
9.979329109191894531e+00
9.979329109191894531e+00
9.979329109191894531e+00
9.979329109191894531e+00
9.992568016052246094e+00
9.992568016052246094e+00
1.000137329101562500e+01
1.000577068328857422e+01
1.001016426086425781e+01
1.001016426086425781e+01
1.001893806457519531e+01
1.001893806457519531e+01
1.002332019805908203e+01
1.002769756317138672e+01
1.003207111358642578e+01
1.003644084930419922e+01
1.003644084930419922e+01
1.004516792297363281e+01
1.004952526092529297e+01
1.005387973785400391e+01
1.005822944641113281e+01
1.006257534027099609e+01
1.006257534027099609e+01
1.007125568389892578e+01
1.007558917999267578e+01
1.007991981506347656e+01
1.008424568176269531e+01
1.008856773376464844e+01
1.008856773376464844e+01
1.009720039367675781e+01
1.010151100158691406e+01
1.010581779479980469e+01
1.010581779479980469e+01
1.011441898345947266e+01
1.011871337890625000e+01
1.011871337890625000e+01
1.012729072570800781e+01
1.013157367706298828e+01
1.013585281372070312e+01
1.014012718200683594e+01
1.014439868927001953e+01
1.014866542816162109e+01
1.015292835235595703e+01
1.015292835235595703e+01
1.016144275665283203e+01
1.016569328308105469e+01
1.016994094848632812e+01
1.016994094848632812e+01
1.017418384552001953e+01
1.017418384552001953e+01
1.017418384552001953e+01
1.017418384552001953e+01
1.017418384552001953e+01
1.076467514038085938e+01
1.077029705047607422e+01
1.077591991424560547e+01
1.078154277801513672e+01
1.078716564178466797e+01
1.079278850555419922e+01
1.079841232299804688e+01
1.080966091156005859e+01
1.080966091156005859e+01
1.081528568267822266e+01
1.082091045379638672e+01
1.082653713226318359e+01
1.083216381072998047e+01
1.084341907501220703e+01
1.084341907501220703e+01
1.085467815399169922e+01
1.085467815399169922e+01
1.086030960083007812e+01
1.087157440185546875e+01
1.087157440185546875e+01
1.087720870971679688e+01
1.088848018646240234e+01
1.088848018646240234e+01
1.089411830902099609e+01
1.090539836883544922e+01
1.090539836883544922e+01
1.091104030609130859e+01
1.092232894897460938e+01
1.092232894897460938e+01
1.092797565460205078e+01
1.093927478790283203e+01
1.094492721557617188e+01
1.094492721557617188e+01
1.095058059692382812e+01
1.095623683929443359e+01
1.096189403533935547e+01
1.096755409240722656e+01
1.097887992858886719e+01
1.097887992858886719e+01
1.098454666137695312e+01
1.099588584899902344e+01
1.099588584899902344e+01
1.100155925750732422e+01
1.101291275024414062e+01
1.101291275024414062e+01
1.101291275024414062e+01
1.101859378814697266e+01
1.102427673339843750e+01
1.104134273529052734e+01
1.104703712463378906e+01
1.105273437500000000e+01
1.105843353271484375e+01
1.105843353271484375e+01
1.106413650512695312e+01
1.107555198669433594e+01
1.107555198669433594e+01
1.108697986602783203e+01
1.109269809722900391e+01
1.109269809722900391e+01
1.110414600372314453e+01
1.110987472534179688e+01
1.110987472534179688e+01
1.112134361267089844e+01
1.112134361267089844e+01
1.112708282470703125e+01
1.113857269287109375e+01
1.113857269287109375e+01
1.115007781982421875e+01
1.115007781982421875e+01
1.115583610534667969e+01
1.116736507415771484e+01
1.116736507415771484e+01
1.117313575744628906e+01
1.118468856811523438e+01
1.118468856811523438e+01
1.119625854492187500e+01
1.120205020904541016e+01
1.120205020904541016e+01
1.121364688873291016e+01
1.121945190429687500e+01
1.122526168823242188e+01
1.123107528686523438e+01
1.123107528686523438e+01
1.124271774291992188e+01
1.124854564666748047e+01
1.124854564666748047e+01
1.126021671295166016e+01
1.126021671295166016e+01
1.127190780639648438e+01
1.127776145935058594e+01
1.127776145935058594e+01
1.128361892700195312e+01
1.129535102844238281e+01
1.129535102844238281e+01
1.130710506439208984e+01
1.130710506439208984e+01
1.131298923492431641e+01
1.132477474212646484e+01
1.132477474212646484e+01
1.133067607879638672e+01
1.133658313751220703e+01
1.134841442108154297e+01
1.135433864593505859e+01
1.136026859283447266e+01
1.136026859283447266e+01
1.137214660644531250e+01
1.137809371948242188e+01
1.137809371948242188e+01
1.139000797271728516e+01
1.139000797271728516e+01
1.139597415924072266e+01
1.140792655944824219e+01
1.140792655944824219e+01
1.141391181945800781e+01
1.142590141296386719e+01
1.142590141296386719e+01
1.143791770935058594e+01
1.143791770935058594e+01
1.144393539428710938e+01
1.144393539428710938e+01
1.145599079132080078e+01
1.145599079132080078e+01
1.147412490844726562e+01
1.148018264770507812e+01
1.148624801635742188e+01
1.148624801635742188e+01
1.149232006072998047e+01
1.149839782714843750e+01
1.151667404174804688e+01
1.151667404174804688e+01
1.151667404174804688e+01
1.153501224517822266e+01
1.153501224517822266e+01
1.153501224517822266e+01
1.154113864898681641e+01
1.155341339111328125e+01
1.155341339111328125e+01
1.155956077575683594e+01
1.157187652587890625e+01
1.157187652587890625e+01
1.157804489135742188e+01
1.159040355682373047e+01
1.159040355682373047e+01
1.160278987884521484e+01
1.160899448394775391e+01
1.160899448394775391e+01
1.162142372131347656e+01
1.162142372131347656e+01
1.162764930725097656e+01
1.164012241363525391e+01
1.164012241363525391e+01
1.165262413024902344e+01
1.165888595581054688e+01
1.165888595581054688e+01
1.167143154144287109e+01
1.167771530151367188e+01
1.168400669097900391e+01
1.169030570983886719e+01
1.169030570983886719e+01
1.169661140441894531e+01
1.170924568176269531e+01
1.170924568176269531e+01
1.172190952301025391e+01
1.172825336456298828e+01
1.172825336456298828e+01
1.174096202850341797e+01
1.174096202850341797e+01
1.174732780456542969e+01
1.176008319854736328e+01
1.176008319854736328e+01
1.176647186279296875e+01
1.177927207946777344e+01
1.177927207946777344e+01
1.179210281372070312e+01
1.179852962493896484e+01
1.179852962493896484e+01
1.179852962493896484e+01
1.181140708923339844e+01
1.181785774230957031e+01
1.183078193664550781e+01
1.183078193664550781e+01
1.184373664855957031e+01
1.185022640228271484e+01
1.185672378540039062e+01
1.186322879791259766e+01
1.186322879791259766e+01
1.186974239349365234e+01
1.188279247283935547e+01
1.188279247283935547e+01
1.189587402343750000e+01
1.189587402343750000e+01
1.190242671966552734e+01
1.191555690765380859e+01
1.191555690765380859e+01
1.192213439941406250e+01
1.193531322479248047e+01
1.193531322479248047e+01
1.194852447509765625e+01
1.195514202117919922e+01
1.195514202117919922e+01
1.196840190887451172e+01
1.196840190887451172e+01
1.197504425048828125e+01
1.198835372924804688e+01
1.198835372924804688e+01
1.200169658660888672e+01
1.200837993621826172e+01
1.201507282257080078e+01
1.202177333831787109e+01
1.202177333831787109e+01
1.202848148345947266e+01
1.204192447662353516e+01
1.204865837097167969e+01
1.204865837097167969e+01
1.206215190887451172e+01
1.206215190887451172e+01
1.207567977905273438e+01
1.207567977905273438e+01
1.208245658874511719e+01
1.209603500366210938e+01
1.209603500366210938e+01
1.210964775085449219e+01
1.211646747589111328e+01
1.212329578399658203e+01
1.213013172149658203e+01
1.213013172149658203e+01
1.213697719573974609e+01
1.214383125305175781e+01
1.215756607055664062e+01
1.216444587707519531e+01
1.217133522033691406e+01
1.217133522033691406e+01
1.217133522033691406e+01
1.219205570220947266e+01
1.219897937774658203e+01
1.220591259002685547e+01
1.220591259002685547e+01
1.221285438537597656e+01
1.222676181793212891e+01
1.222676181793212891e+01
1.223372745513916016e+01
1.224768352508544922e+01
1.224768352508544922e+01
1.226167011260986328e+01
1.226867389678955078e+01
1.226867389678955078e+01
1.228270339965820312e+01
1.228270339965820312e+01
1.229675960540771484e+01
1.230379772186279297e+01
1.230379772186279297e+01
1.231789302825927734e+01
1.232495021820068359e+01
1.232495021820068359e+01
1.233908081054687500e+01
1.234615516662597656e+01
1.235323429107666016e+01
1.236031913757324219e+01
1.236031913757324219e+01
1.237450408935546875e+01
1.238160419464111328e+01
1.238160419464111328e+01
1.239581775665283203e+01
1.239581775665283203e+01
1.240293025970458984e+01
1.241716957092285156e+01
1.241716957092285156e+01
1.243142414093017578e+01
1.243142414093017578e+01
1.243855762481689453e+01
1.245283317565917969e+01
1.245283317565917969e+01
1.245283317565917969e+01
1.247426986694335938e+01
1.247426986694335938e+01
1.248142147064208984e+01
1.249573135375976562e+01
1.249573135375976562e+01
1.251004981994628906e+01
1.251721191406250000e+01
1.251721191406250000e+01
1.253154182434082031e+01
1.253154182434082031e+01
1.254587745666503906e+01
1.255304718017578125e+01
1.255304718017578125e+01
1.255304718017578125e+01
1.256738853454589844e+01
1.257456111907958984e+01
1.258173370361328125e+01
1.260325241088867188e+01
1.260325241088867188e+01
1.260325241088867188e+01
1.262477111816406250e+01
1.262477111816406250e+01
1.262477111816406250e+01
1.263194274902343750e+01
1.264628505706787109e+01
1.264628505706787109e+01
1.265345382690429688e+01
1.266778945922851562e+01
1.266778945922851562e+01
1.267495441436767578e+01
1.268211841583251953e+01
1.268211841583251953e+01
1.268928050994873047e+01
1.270359897613525391e+01
1.271790790557861328e+01
1.272505950927734375e+01
1.272505950927734375e+01
1.274649524688720703e+01
1.275363445281982422e+01
1.276790237426757812e+01
1.277503108978271484e+01
1.278215599060058594e+01
1.278927707672119141e+01
1.278927707672119141e+01
1.280350685119628906e+01
1.281061553955078125e+01
1.281771945953369141e+01
1.282481861114501953e+01
1.283191299438476562e+01
1.283191299438476562e+01
1.284608650207519531e+01
1.285316562652587891e+01
1.286023902893066406e+01
1.286730670928955078e+01
1.287436866760253906e+01
1.288142490386962891e+01
1.288847446441650391e+01
1.289551830291748047e+01
1.290255546569824219e+01
1.290958690643310547e+01
1.291661071777343750e+01
1.292362785339355469e+01
1.292362785339355469e+01
1.293764209747314453e+01
1.294463729858398438e+01
1.295162582397460938e+01
1.295860671997070312e+01
1.296557998657226562e+01
1.297254467010498047e+01
1.297950172424316406e+01
1.297950172424316406e+01
1.298645114898681641e+01
1.300032329559326172e+01
1.300724697113037109e+01
1.301416110992431641e+01
1.302106666564941406e+01
1.302106666564941406e+01
1.303485012054443359e+01
1.304172801971435547e+01
1.304859638214111328e+01
1.305545616149902344e+01
1.306230735778808594e+01
1.306230735778808594e+01
1.306914901733398438e+01
1.308962154388427734e+01
1.308962154388427734e+01
1.309642791748046875e+01
1.309642791748046875e+01
1.311001396179199219e+01
1.311679363250732422e+01
1.312356567382812500e+01
1.312356567382812500e+01
1.313708209991455078e+01
1.314382743835449219e+01
1.315056419372558594e+01
1.315729331970214844e+01
1.315729331970214844e+01
1.317072486877441406e+01
1.317072486877441406e+01
1.317742729187011719e+01
1.319080924987792969e+01
1.320415687561035156e+01
1.320415687561035156e+01
1.321081924438476562e+01
1.321747207641601562e+01
1.321747207641601562e+01
1.323738479614257812e+01
1.323738479614257812e+01
1.324400615692138672e+01
1.325722408294677734e+01
1.325722408294677734e+01
1.326382160186767578e+01
1.327699279785156250e+01
1.327699279785156250e+01
1.328356647491455078e+01
1.329013252258300781e+01
1.329669094085693359e+01
1.330324172973632812e+01
1.330978488922119141e+01
1.330978488922119141e+01
1.332284736633300781e+01
1.332284736633300781e+01
1.333588027954101562e+01
1.334888362884521484e+01
1.334888362884521484e+01
1.335537338256835938e+01
1.336185646057128906e+01
1.336833190917968750e+01
1.337480068206787109e+01
1.338126182556152344e+01
1.338771533966064453e+01
1.340060138702392578e+01
1.340060138702392578e+01
1.340703392028808594e+01
1.341987800598144531e+01
1.341987800598144531e+01
1.343269348144531250e+01
1.343269348144531250e+01
1.343909072875976562e+01
1.345186424255371094e+01
1.345186424255371094e+01
1.345824146270751953e+01
1.347097492218017578e+01
1.347097492218017578e+01
1.347733116149902344e+01
1.348368072509765625e+01
1.349002456665039062e+01
1.350269126892089844e+01
1.350269126892089844e+01
1.350901412963867188e+01
1.352164173126220703e+01
1.352164173126220703e+01
1.352794551849365234e+01
1.353424358367919922e+01
1.353424358367919922e+01
1.354682064056396484e+01
1.355937194824218750e+01
1.356563758850097656e+01
1.356563758850097656e+01
1.357189846038818359e+01
1.357815265655517578e+01
1.358440017700195312e+01
1.359064197540283203e+01
1.360310840606689453e+01
1.360310840606689453e+01
1.360933208465576172e+01
1.362176227569580078e+01
1.362176227569580078e+01
1.362796878814697266e+01
1.364036369323730469e+01
1.364036369323730469e+01
1.364655303955078125e+01
1.365273666381835938e+01
1.365891361236572266e+01
1.367125225067138672e+01
1.367125225067138672e+01
1.367741394042968750e+01
1.368971920013427734e+01
1.368971920013427734e+01
1.369586372375488281e+01
1.370200252532958984e+01
1.370813655853271484e+01
1.371426486968994141e+01
1.372038841247558594e+01
1.372650623321533203e+01
1.373261928558349609e+01
1.373872661590576172e+01
1.374482917785644531e+01
1.375092601776123047e+01
1.375092601776123047e+01
1.376310539245605469e+01
1.376918792724609375e+01
1.377526473999023438e+01
1.378740406036376953e+01
1.378740406036376953e+01
1.379346656799316406e+01
1.380557727813720703e+01
1.380557727813720703e+01
1.381162452697753906e+01
1.382370471954345703e+01
1.382370471954345703e+01
1.383576583862304688e+01
1.383576583862304688e+01
1.384178829193115234e+01
1.385381793975830078e+01
1.385381793975830078e+01
1.385982608795166016e+01
1.386582851409912109e+01
1.387182521820068359e+01
1.388380432128906250e+01
1.388380432128906250e+01
1.388978672027587891e+01
1.389576339721679688e+01
1.390173530578613281e+01
1.390770149230957031e+01
1.391366291046142578e+01
1.391961860656738281e+01
1.393151473999023438e+01
1.393151473999023438e+01
1.393745517730712891e+01
1.394931983947753906e+01
1.394931983947753906e+01
1.395524501800537109e+01
1.396116352081298828e+01
1.396707725524902344e+01
1.397888946533203125e+01
1.397888946533203125e+01
1.398478698730468750e+01
1.399656677246093750e+01
1.399656677246093750e+01
1.400244808197021484e+01
1.400832462310791016e+01
1.401419544219970703e+01
1.402592086791992188e+01
1.402592086791992188e+01
1.403177452087402344e+01
1.404346752166748047e+01
1.404346752166748047e+01
1.404930496215820312e+01
1.405513763427734375e+01
1.406096458435058594e+01
1.406678581237792969e+01
1.407260131835937500e+01
1.407841205596923828e+01
1.409001541137695312e+01
1.409001541137695312e+01
1.409580802917480469e+01
1.410737800598144531e+01
1.410737800598144531e+01
1.411315441131591797e+01
1.411892509460449219e+01
1.412469005584716797e+01
1.412469005584716797e+01
1.413620281219482422e+01
1.414195060729980469e+01
1.414769268035888672e+01
1.415342903137207031e+01
1.415915966033935547e+01
1.416488456726074219e+01
1.417060279846191406e+01
1.418202400207519531e+01
1.418202400207519531e+01
1.418772506713867188e+01
1.419911003112792969e+01
1.419911003112792969e+01
1.420479393005371094e+01
1.421614360809326172e+01
1.421614360809326172e+01
1.422181034088134766e+01
1.423312377929687500e+01
1.423312377929687500e+01
1.423877239227294922e+01
1.424441432952880859e+01
1.425005054473876953e+01
1.425005054473876953e+01
1.426130485534667969e+01
1.426130485534667969e+01
1.427814102172851562e+01
1.427814102172851562e+01
1.427814102172851562e+01
1.428933429718017578e+01
1.429492282867431641e+01
1.430050373077392578e+01
1.430050373077392578e+01
1.431164836883544922e+01
1.432276821136474609e+01
1.432276821136474609e+01
1.432831954956054688e+01
1.433940219879150391e+01
1.433940219879150391e+01
1.435046005249023438e+01
1.435046005249023438e+01
1.435597991943359375e+01
1.436699962615966797e+01
1.436699962615966797e+01
1.437250041961669922e+01
1.438348293304443359e+01
1.438348293304443359e+01
1.439443969726562500e+01
1.439443969726562500e+01
1.439990901947021484e+01
1.441082763671875000e+01
1.441082763671875000e+01
1.441627693176269531e+01
1.442715740203857422e+01
1.442715740203857422e+01
1.443258762359619141e+01
1.443801116943359375e+01
1.444342899322509766e+01
1.444884014129638672e+01
1.445424365997314453e+01
1.445964241027832031e+01
1.447041797637939453e+01
1.447041797637939453e+01
1.447041797637939453e+01
1.448653316497802734e+01
1.448653316497802734e+01
1.449189186096191406e+01
1.449724388122558594e+01
1.449724388122558594e+01
1.451326179504394531e+01
1.451326179504394531e+01
1.451858806610107422e+01
1.452922058105468750e+01
1.452922058105468750e+01
1.453452682495117188e+01
1.453982639312744141e+01
1.454512023925781250e+01
1.455040645599365234e+01
1.455568695068359375e+01
1.456096076965332031e+01
1.457148933410644531e+01
1.457148933410644531e+01
1.457674312591552734e+01
1.458723163604736328e+01
1.458723163604736328e+01
1.459246635437011719e+01
1.460291671752929688e+01
1.460291671752929688e+01
1.460813140869140625e+01
1.461333942413330078e+01
1.461854171752929688e+01
1.462892627716064453e+01
1.462892627716064453e+01
1.463410854339599609e+01
1.464445400238037109e+01
1.464445400238037109e+01
1.464961624145507812e+01
1.465992259979248047e+01
1.465992259979248047e+01
1.467020225524902344e+01
1.467020225524902344e+01
1.467533302307128906e+01
1.468045616149902344e+01
1.468557357788085938e+01
1.469068336486816406e+01
1.470088577270507812e+01
1.470088577270507812e+01
1.470597648620605469e+01
1.471613883972167969e+01
1.471613883972167969e+01
1.471613883972167969e+01
1.473133277893066406e+01
1.473133277893066406e+01
1.473638534545898438e+01
1.474143028259277344e+01
1.474646854400634766e+01
1.475150108337402344e+01
1.475652694702148438e+01
1.476154613494873047e+01
1.477156448364257812e+01
1.477156448364257812e+01
1.477656459808349609e+01
1.478155708312988281e+01
1.478654384613037109e+01
1.479152393341064453e+01
1.479152393341064453e+01
1.480146408081054688e+01
1.481137847900390625e+01
1.481137847900390625e+01
1.481632518768310547e+01
1.482620048522949219e+01
1.482620048522949219e+01
1.483112812042236328e+01
1.484096431732177734e+01
1.484096431732177734e+01
1.484587192535400391e+01
1.485077381134033203e+01
1.485566902160644531e+01
1.486543941497802734e+01
1.486543941497802734e+01
1.487031459808349609e+01
1.488004589080810547e+01
1.488004589080810547e+01
1.488490200042724609e+01
1.488975143432617188e+01
1.489459419250488281e+01
1.489943027496337891e+01
1.490426063537597656e+01
1.490426063537597656e+01
1.491871070861816406e+01
1.491871070861816406e+01
1.492351436614990234e+01
1.493310165405273438e+01
1.493310165405273438e+01
1.493788528442382812e+01
1.494266319274902344e+01
1.494743442535400391e+01
1.495695686340332031e+01
1.495695686340332031e+01
1.496170806884765625e+01
1.496170806884765625e+01
1.497119140625000000e+01
1.497592258453369141e+01
1.498536682128906250e+01
1.498536682128906250e+01
1.499007892608642578e+01
1.499478530883789062e+01
1.499948406219482422e+01
1.500886249542236328e+01
1.500886249542236328e+01
1.501354217529296875e+01
1.502288150787353516e+01
1.502288150787353516e+01
1.502754211425781250e+01
1.503219509124755859e+01
1.503684234619140625e+01
1.504148292541503906e+01
1.504611682891845703e+01
1.504611682891845703e+01
1.505997848510742188e+01
1.505997848510742188e+01
1.506458663940429688e+01
1.506458663940429688e+01
1.506918716430664062e+01
1.508295154571533203e+01
1.508295154571533203e+01
1.508295154571533203e+01
1.509665679931640625e+01
1.509665679931640625e+01
1.510121250152587891e+01
1.511030292510986328e+01
1.511030292510986328e+01
1.511483860015869141e+01
1.512388992309570312e+01
1.512388992309570312e+01
1.512840652465820312e+01
1.513291549682617188e+01
1.513741779327392578e+01
1.513741779327392578e+01
1.514640331268310547e+01
1.514640331268310547e+01
1.515983295440673828e+01
1.515983295440673828e+01
1.516875267028808594e+01
1.516875267028808594e+01
1.516875267028808594e+01
1.518208217620849609e+01
1.518208217620849609e+01
1.518651294708251953e+01
1.519093608856201172e+01
1.519535255432128906e+01
1.519976329803466797e+01
1.520856380462646484e+01
1.520856380462646484e+01
1.520856380462646484e+01
1.520856380462646484e+01
1.522171497344970703e+01
1.523044967651367188e+01
1.523044967651367188e+01
1.523480701446533203e+01
1.523480701446533203e+01
1.524350070953369141e+01
1.524783802032470703e+01
1.525216865539550781e+01
1.525649261474609375e+01
1.526512050628662109e+01
1.526512050628662109e+01
1.526942443847656250e+01
1.527801227569580078e+01
1.527801227569580078e+01
1.528229618072509766e+01
1.529084396362304688e+01
1.529084396362304688e+01
1.529510879516601562e+01
1.529510879516601562e+01
1.530361652374267578e+01
1.530361652374267578e+01
1.530361652374267578e+01
1.531632804870605469e+01
1.532476806640625000e+01
1.532476806640625000e+01
1.533318233489990234e+01
1.533318233489990234e+01
1.533737945556640625e+01
1.534575366973876953e+01
1.534575366973876953e+01
1.534992980957031250e+01
1.535826396942138672e+01
1.535826396942138672e+01
1.536657047271728516e+01
1.536657047271728516e+01
1.537071323394775391e+01
1.537897968292236328e+01
1.537897968292236328e+01
1.538310241699218750e+01
1.539132881164550781e+01
1.539132881164550781e+01
1.539132881164550781e+01
1.539952754974365234e+01
1.540361690521240234e+01
1.540769863128662109e+01
1.541177463531494141e+01
1.541584396362304688e+01
1.542396163940429688e+01
1.542396163940429688e+01
1.542800998687744141e+01
1.543608760833740234e+01
1.543608760833740234e+01
1.544011592864990234e+01
1.544413757324218750e+01
1.544815254211425781e+01
1.545616149902343750e+01
1.545616149902343750e+01
1.546015644073486328e+01
1.546812438964843750e+01
1.546812438964843750e+01
1.547209835052490234e+01
1.547209835052490234e+01
1.548002624511718750e+01
1.548792743682861328e+01
1.548792743682861328e+01
1.549186706542968750e+01
1.549972724914550781e+01
1.549972724914550781e+01
1.550364685058593750e+01
1.550755977630615234e+01
1.551146507263183594e+01
1.551536464691162109e+01
1.551925659179687500e+01
1.552314186096191406e+01
1.553089237213134766e+01
1.553089237213134766e+01
1.553475761413574219e+01
1.553861618041992188e+01
1.554246711730957031e+01
1.554631137847900391e+01
1.555014896392822266e+01
1.555397987365722656e+01
1.555397987365722656e+01
1.556162071228027344e+01
1.556543159484863281e+01
1.556923484802246094e+01
1.557303047180175781e+01
1.557682037353515625e+01
1.558060359954833984e+01
1.558060359954833984e+01
1.558437919616699219e+01
1.559190940856933594e+01
1.559566497802734375e+01
1.560315418243408203e+01
1.560315418243408203e+01
1.560688877105712891e+01
1.561061668395996094e+01
1.561061668395996094e+01
1.561805057525634766e+01
1.561805057525634766e+01
1.562545776367187500e+01
1.563283634185791016e+01
1.563283634185791016e+01
1.563651561737060547e+01
1.564385318756103516e+01
1.564385318756103516e+01
1.564751148223876953e+01
1.565116310119628906e+01
1.565480709075927734e+01
1.566207599639892578e+01
1.566207599639892578e+01
1.566569900512695312e+01
1.567292594909667969e+01
1.567292594909667969e+01
1.567652797698974609e+01
1.568371295928955078e+01
1.568371295928955078e+01
1.569086933135986328e+01
1.569086933135986328e+01
1.569443702697753906e+01
1.570155239105224609e+01
1.570155239105224609e+01
1.570155239105224609e+01
1.570509910583496094e+01
1.571217250823974609e+01
1.571569824218750000e+01
1.571921730041503906e+01
1.572272872924804688e+01
1.572973155975341797e+01
1.572973155975341797e+01
1.573322296142578125e+01
1.574018383026123047e+01
1.574018383026123047e+01
1.574365329742431641e+01
1.575057220458984375e+01
1.575057220458984375e+01
1.575402069091796875e+01
1.575402069091796875e+01
1.576089763641357422e+01
1.576774501800537109e+01
1.576774501800537109e+01
1.577115917205810547e+01
1.577796459197998047e+01
1.577796459197998047e+01
1.578135776519775391e+01
1.578474235534667969e+01
1.578812122344970703e+01
1.579485607147216797e+01
1.579485607147216797e+01
1.579821300506591797e+01
1.580490589141845703e+01
1.580490589141845703e+01
1.580490589141845703e+01
1.580824184417724609e+01
1.581157112121582031e+01
1.582151412963867188e+01
1.582151412963867188e+01
1.582481479644775391e+01
1.582810783386230469e+01
1.583467292785644531e+01
1.583467292785644531e+01
1.583794498443603516e+01
1.584120941162109375e+01
1.584446716308593750e+01
1.585096168518066406e+01
1.585096168518066406e+01
1.585419750213623047e+01
1.585742664337158203e+01
1.586386394500732422e+01
1.586707115173339844e+01
1.586707115173339844e+01
1.587027263641357422e+01
1.587346553802490234e+01
1.587665176391601562e+01
1.587983131408691406e+01
1.588300323486328125e+01
1.588616752624511719e+01
1.588932514190673828e+01
1.589247608184814453e+01
1.589247608184814453e+01
1.589875507354736328e+01
1.590188407897949219e+01
1.590500640869140625e+01
1.590812110900878906e+01
1.591122817993164062e+01
1.591432857513427734e+01
1.591742134094238281e+01
1.592050743103027344e+01
1.592358589172363281e+01
1.592665767669677734e+01
1.592972183227539062e+01
1.593277835845947266e+01
1.593582820892333984e+01
1.593887042999267578e+01
1.594190597534179688e+01
1.594493389129638672e+01
1.594795513153076172e+01
1.595096874237060547e+01
1.595397567749023438e+01
1.595697498321533203e+01
1.595697498321533203e+01
1.596295166015625000e+01
1.596592903137207031e+01
1.596592903137207031e+01
1.597186279296875000e+01
1.597481918334960938e+01
1.597776794433593750e+01
1.598070907592773438e+01
1.598364353179931641e+01
1.598364353179931641e+01
1.598949146270751953e+01
1.599240398406982422e+01
1.599530982971191406e+01
1.599530982971191406e+01
1.600110054016113281e+01
1.600398445129394531e+01
1.600973129272460938e+01
1.600973129272460938e+01
1.601259422302246094e+01
1.601829910278320312e+01
1.601829910278320312e+01
1.601829910278320312e+01
1.602397537231445312e+01
1.602680206298828125e+01
1.603243637084960938e+01
1.603243637084960938e+01
1.603243637084960938e+01
1.604083251953125000e+01
1.604083251953125000e+01
1.604361724853515625e+01
1.604916572570800781e+01
1.604916572570800781e+01
1.605192947387695312e+01
1.605192947387695312e+01
1.605743408203125000e+01
1.606291198730468750e+01
1.606291198730468750e+01
1.606563949584960938e+01
1.607107543945312500e+01
1.607107543945312500e+01
1.607378196716308594e+01
1.607917594909667969e+01
1.607917594909667969e+01
1.608186149597167969e+01
1.608453941345214844e+01
1.608721160888671875e+01
1.608987617492675781e+01
1.609253501892089844e+01
1.609518623352050781e+01
1.610046577453613281e+01
1.610046577453613281e+01
1.610309600830078125e+01
1.610833549499511719e+01
1.610833549499511719e+01
1.611094284057617188e+01
1.611614036560058594e+01
1.611614036560058594e+01
1.612130928039550781e+01
1.612130928039550781e+01
1.612388420104980469e+01
1.612901115417480469e+01
1.612901115417480469e+01
1.613156318664550781e+01
1.613665008544921875e+01
1.613665008544921875e+01
1.613918113708496094e+01
1.614170646667480469e+01
1.614170646667480469e+01
1.614924240112304688e+01
1.614924240112304688e+01
1.615173912048339844e+01
1.615671348571777344e+01
1.615671348571777344e+01
1.615919113159179688e+01
1.615919113159179688e+01
1.615919113159179688e+01
1.616658020019531250e+01
1.616903114318847656e+01
1.617147254943847656e+01
1.617633819580078125e+01
1.617633819580078125e+01
1.617875862121582031e+01
1.618358230590820312e+01
1.618358230590820312e+01
1.618598365783691406e+01
1.619076728820800781e+01
1.619076728820800781e+01
1.619076728820800781e+01
1.619552040100097656e+01
1.619788932800292969e+01
1.620260238647460938e+01
1.620260238647460938e+01
1.620494842529296875e+01
1.620962142944335938e+01
1.620962142944335938e+01
1.621194839477539062e+01
1.621194839477539062e+01
1.621658134460449219e+01
1.621888732910156250e+01
1.622347831726074219e+01
1.622347831726074219e+01
1.622576332092285156e+01
1.622804260253906250e+01
1.623031425476074219e+01
1.623483848571777344e+01
1.623483848571777344e+01
1.623483848571777344e+01
1.624157333374023438e+01
1.624157333374023438e+01
1.624602890014648438e+01
1.624602890014648438e+01
1.624824714660644531e+01
1.625266265869140625e+01
1.625266265869140625e+01
1.625485992431640625e+01
1.625923538208007812e+01
1.625923538208007812e+01
1.626141166687011719e+01
1.626574707031250000e+01
1.626574707031250000e+01
1.626790428161621094e+01
1.627005386352539062e+01
1.627219772338867188e+01
1.627646255493164062e+01
1.627646255493164062e+01
1.627858352661132812e+01
1.628280830383300781e+01
1.628280830383300781e+01
1.628700256347656250e+01
1.628700256347656250e+01
1.628908920288085938e+01
1.629324340820312500e+01
1.629324340820312500e+01
1.629530715942382812e+01
1.629941749572753906e+01
1.629941749572753906e+01
1.630146217346191406e+01
1.630552864074707031e+01
1.630552864074707031e+01
1.630552864074707031e+01
1.630755043029785156e+01
1.631157302856445312e+01
1.631556510925292969e+01
1.631556510925292969e+01
1.631755065917968750e+01
1.632149887084960938e+01
1.632149887084960938e+01
1.632346153259277344e+01
1.632736587524414062e+01
1.632736587524414062e+01
1.632930564880371094e+01
1.632930564880371094e+01
1.632930564880371094e+01
1.633508110046386719e+01
1.633699226379394531e+01
1.633889389038085938e+01
1.634267616271972656e+01
1.634267616271972656e+01
1.634455490112304688e+01
1.634829139709472656e+01
1.634829139709472656e+01
1.635014724731445312e+01
1.635383605957031250e+01
1.635566902160644531e+01
1.635566902160644531e+01
1.635931015014648438e+01
1.635931015014648438e+01
1.635931015014648438e+01
1.635931015014648438e+01
1.635931015014648438e+01
1.636649703979492188e+01
1.636649703979492188e+01
1.637004280090332031e+01
1.637004280090332031e+01
1.637355613708496094e+01
1.637355613708496094e+01
1.637530136108398438e+01
1.637530136108398438e+01
1.638048553466796875e+01
1.638219833374023438e+01
1.638390159606933594e+01
1.638390159606933594e+01
1.638559722900390625e+01
1.638728523254394531e+01
1.639063453674316406e+01
1.639229774475097656e+01
1.639395141601562500e+01
1.639559745788574219e+01
1.639723396301269531e+01
1.639886283874511719e+01
1.640048408508300781e+01
1.640209579467773438e+01
1.640369987487792969e+01
1.640529441833496094e+01
1.640688133239746094e+01
1.640845870971679688e+01
1.641002845764160156e+01
1.641158866882324219e+01
1.641314125061035156e+01
1.641468429565429688e+01
1.641621971130371094e+01
1.641774559020996094e+01
1.641926193237304688e+01
1.642077064514160156e+01
1.642227172851562500e+01
1.642376327514648438e+01
1.642524528503417969e+01
1.642671775817871094e+01
1.642818260192871094e+01
1.642963981628417969e+01
1.643108558654785156e+01
1.643395423889160156e+01
1.643395423889160156e+01
1.643537330627441406e+01
1.643678474426269531e+01
1.643818664550781250e+01
1.643958091735839844e+01
1.644096374511718750e+01
1.644233894348144531e+01
1.644370460510253906e+01
1.644506263732910156e+01
1.644640922546386719e+01
1.644774818420410156e+01
1.644907760620117188e+01
1.645039749145507812e+01
1.645170974731445312e+01
1.645301055908203125e+01
1.645430374145507812e+01
1.645558547973632812e+01
1.645685958862304688e+01
1.645812416076660156e+01
1.645937919616699219e+01
1.646062660217285156e+01
1.646186256408691406e+01
1.646308898925781250e+01
1.646430778503417969e+01
1.646551704406738281e+01
1.646551704406738281e+01
1.646551704406738281e+01
1.646551704406738281e+01
1.646551704406738281e+01
1.646551704406738281e+01
1.646551704406738281e+01
1.662925910949707031e+01
1.663202667236328125e+01
1.663202667236328125e+01
1.663479614257812500e+01
1.663756370544433594e+01
1.664310455322265625e+01
1.664310455322265625e+01
1.665142059326171875e+01
1.665142059326171875e+01
1.665419578552246094e+01
1.665974998474121094e+01
1.665974998474121094e+01
1.666252899169921875e+01
1.666809463500976562e+01
1.666809463500976562e+01
1.667088127136230469e+01
1.667366981506347656e+01
1.667646026611328125e+01
1.667925262451171875e+01
1.668205070495605469e+01
1.668484878540039062e+01
1.668765068054199219e+01
1.668765068054199219e+01
1.669326591491699219e+01
1.669607925415039062e+01
1.669889450073242188e+01
1.670171546936035156e+01
1.670454025268554688e+01
1.670454025268554688e+01
1.671303749084472656e+01
1.671303749084472656e+01
1.671587944030761719e+01
1.672157859802246094e+01
1.672157859802246094e+01
1.672443389892578125e+01
1.672443389892578125e+01
1.673016357421875000e+01
1.673303604125976562e+01
1.673591423034667969e+01
1.673879814147949219e+01
1.673879814147949219e+01
1.674458503723144531e+01
1.674748611450195312e+01
1.675039482116699219e+01
1.675039482116699219e+01
1.675623321533203125e+01
1.676209640502929688e+01
1.676209640502929688e+01
1.676503944396972656e+01
1.677094841003417969e+01
1.677094841003417969e+01
1.677391242980957031e+01
1.677391242980957031e+01
1.677986717224121094e+01
1.677986717224121094e+01
1.678285598754882812e+01
1.678885841369628906e+01
1.678885841369628906e+01
1.679187202453613281e+01
1.679792594909667969e+01
1.680096626281738281e+01
1.680401420593261719e+01
1.681014060974121094e+01
1.681014060974121094e+01
1.681321907043457031e+01
1.681630516052246094e+01
1.681940269470214844e+01
1.682250976562500000e+01
1.682562637329101562e+01
1.682875251770019531e+01
1.683189010620117188e+01
1.683503913879394531e+01
1.683819770812988281e+01
1.684454727172851562e+01
1.684454727172851562e+01
1.684774017333984375e+01
1.685415840148925781e+01
1.685415840148925781e+01
1.685415840148925781e+01
1.685415840148925781e+01
1.686387062072753906e+01
1.686387062072753906e+01
1.687040519714355469e+01
1.687040519714355469e+01
1.688029670715332031e+01
1.688029670715332031e+01
1.688361930847167969e+01
1.688695144653320312e+01
1.689029884338378906e+01
1.689702606201171875e+01
1.689702606201171875e+01
1.690040969848632812e+01
1.690721321105957031e+01
1.690721321105957031e+01
1.691063308715820312e+01
1.691406631469726562e+01
1.691751289367675781e+01
1.691751289367675781e+01
1.692444419860839844e+01
1.692792892456054688e+01
1.693493843078613281e+01
1.693493843078613281e+01
1.693846130371093750e+01
1.693846130371093750e+01
1.694554901123046875e+01
1.695269012451171875e+01
1.695269012451171875e+01
1.695628166198730469e+01
1.696350479125976562e+01
1.696350479125976562e+01
1.696713638305664062e+01
1.696713638305664062e+01
1.697443962097167969e+01
1.697811317443847656e+01
1.698180007934570312e+01
1.698180007934570312e+01
1.699294471740722656e+01
1.699294471740722656e+01
1.699668884277343750e+01
1.699668884277343750e+01
1.700421714782714844e+01
1.701180458068847656e+01
1.701180458068847656e+01
1.701561927795410156e+01
1.702329444885253906e+01
1.702329444885253906e+01
1.702715301513671875e+01
1.703491401672363281e+01
1.703491401672363281e+01
1.703881835937500000e+01
1.704273605346679688e+01
1.704667091369628906e+01
1.705061912536621094e+01
1.705458259582519531e+01
1.705856132507324219e+01
1.705856132507324219e+01
1.706656455993652344e+01
1.707058906555175781e+01
1.707058906555175781e+01
1.707868576049804688e+01
1.708275794982910156e+01
1.708684349060058594e+01
1.709506607055664062e+01
1.709506607055664062e+01
1.709919929504394531e+01
1.710334968566894531e+01
1.710751724243164062e+01
1.711169815063476562e+01
1.711589813232421875e+01
1.712434387207031250e+01
1.712434387207031250e+01
1.712858963012695312e+01
1.713713455200195312e+01
1.713713455200195312e+01
1.714142990112304688e+01
1.715007209777832031e+01
1.715441894531250000e+01
1.715441894531250000e+01
1.716315841674804688e+01
1.716755104064941406e+01
1.716755104064941406e+01
1.717195701599121094e+01
1.717637825012207031e+01
1.718081283569335938e+01
1.718526077270507812e+01
1.718972206115722656e+01
1.719419670104980469e+01
1.719868278503417969e+01
1.720768737792968750e+01
1.720768737792968750e+01
1.721220588684082031e+01
1.722127532958984375e+01
1.722127532958984375e+01
1.722582435607910156e+01
1.722582435607910156e+01
1.723494720458984375e+01
1.723494720458984375e+01
1.724410438537597656e+01
1.724869346618652344e+01
1.724869346618652344e+01
1.725789260864257812e+01
1.726250076293945312e+01
1.727173233032226562e+01
1.727173233032226562e+01
1.727635574340820312e+01
1.728561592102050781e+01
1.728561592102050781e+01
1.729025077819824219e+01
1.729025077819824219e+01
1.729953002929687500e+01
1.730881690979003906e+01
1.730881690979003906e+01
1.731346130371093750e+01
1.732275390625000000e+01
1.732275390625000000e+01
1.732740020751953125e+01
1.732740020751953125e+01
1.733669090270996094e+01
1.734133338928222656e+01
1.734597587585449219e+01
1.735061454772949219e+01
1.735988426208496094e+01
1.735988426208496094e+01
1.736451339721679688e+01
1.737376022338867188e+01
1.737376022338867188e+01
1.737837600708007812e+01
1.737837600708007812e+01
1.738759422302246094e+01
1.739678573608398438e+01
1.739678573608398438e+01
1.740137100219726562e+01
1.741051864624023438e+01
1.741051864624023438e+01
1.741051864624023438e+01
1.741508102416992188e+01
1.742417716979980469e+01
1.742417716979980469e+01
1.743323516845703125e+01
1.743774795532226562e+01
1.744225120544433594e+01
1.744674110412597656e+01
1.745122146606445312e+01
1.746014213562011719e+01
1.746014213562011719e+01
1.746458435058593750e+01
1.746901130676269531e+01
1.747342491149902344e+01
1.747782516479492188e+01
1.748221015930175781e+01
1.748657798767089844e+01
1.749526977539062500e+01
1.749526977539062500e+01
1.749958992004394531e+01
1.749958992004394531e+01
1.750818061828613281e+01
1.751245117187500000e+01
1.751245117187500000e+01
1.752093887329101562e+01
1.752935981750488281e+01
1.752935981750488281e+01
1.753354644775390625e+01
1.754186820983886719e+01
1.755012512207031250e+01
1.755012512207031250e+01
1.755012512207031250e+01
1.755423164367675781e+01
1.755831909179687500e+01
1.756239318847656250e+01
1.756645011901855469e+01
1.757049179077148438e+01
1.757452011108398438e+01
1.757853126525878906e+01
1.757853126525878906e+01
1.758650779724121094e+01
1.759047317504882812e+01
1.759442520141601562e+01
1.759836196899414062e+01
1.760618972778320312e+01
1.760618972778320312e+01
1.761008262634277344e+01
1.761782646179199219e+01
1.761782646179199219e+01
1.762167549133300781e+01
1.762933540344238281e+01
1.762933540344238281e+01
1.763314247131347656e+01
1.763693809509277344e+01
1.764071846008300781e+01
1.764448738098144531e+01
1.764824104309082031e+01
1.765198326110839844e+01
1.765571022033691406e+01
1.765942573547363281e+01
1.766312789916992188e+01
1.766681861877441406e+01
1.767049407958984375e+01
1.767781066894531250e+01
1.767781066894531250e+01
1.768144989013671875e+01
1.768869209289550781e+01
1.768869209289550781e+01
1.769229507446289062e+01
1.769588661193847656e+01
1.769946670532226562e+01
1.770303344726562500e+01
1.770303344726562500e+01
1.771013450622558594e+01
1.771718978881835938e+01
1.771718978881835938e+01
1.772070121765136719e+01
1.772768974304199219e+01
1.772768974304199219e+01
1.773116874694824219e+01
1.773463439941406250e+01
1.773809242248535156e+01
1.774153900146484375e+01
1.774497413635253906e+01
1.774839973449707031e+01
1.775522232055664062e+01
1.775522232055664062e+01
1.775861740112304688e+01
1.776200294494628906e+01
1.776537895202636719e+01
1.776874542236328125e+01
1.777210235595703125e+01
1.777544975280761719e+01
1.778211784362792969e+01
1.778211784362792969e+01
1.778543853759765625e+01
1.779205131530761719e+01
1.779205131530761719e+01
1.779534530639648438e+01
1.779863166809082031e+01
1.780190658569335938e+01
1.780843353271484375e+01
1.780843353271484375e+01
1.781168365478515625e+01
1.781815719604492188e+01
1.781815719604492188e+01
1.782138061523437500e+01
1.782459640502929688e+01
1.782780075073242188e+01
1.783099746704101562e+01
1.783099746704101562e+01
1.783736419677734375e+01
1.784369468688964844e+01
1.784369468688964844e+01
1.784684562683105469e+01
1.784998703002929688e+01
1.785312080383300781e+01
1.785935783386230469e+01
1.785935783386230469e+01
1.786246299743652344e+01
1.786864280700683594e+01
1.786864280700683594e+01
1.787171936035156250e+01
1.787478637695312500e+01
1.787784576416015625e+01
1.787784576416015625e+01
1.788393211364746094e+01
1.788696098327636719e+01
1.788696098327636719e+01
1.789298820495605469e+01
1.789897918701171875e+01
1.789897918701171875e+01
1.790195846557617188e+01
1.790493011474609375e+01
1.790789031982421875e+01
1.791084098815917969e+01
1.791378211975097656e+01
1.791671180725097656e+01
1.791963386535644531e+01
1.792544364929199219e+01
1.792544364929199219e+01
1.792833518981933594e+01
1.793408584594726562e+01
1.793408584594726562e+01
1.793694686889648438e+01
1.793979644775390625e+01
1.793979644775390625e+01
1.794263648986816406e+01
1.794546508789062500e+01
1.795109367370605469e+01
1.795389175415039062e+01
1.795667839050292969e+01
1.795945549011230469e+01
1.796222305297851562e+01
1.796497917175292969e+01
1.796772575378417969e+01
1.797046089172363281e+01
1.797046089172363281e+01
1.797318458557128906e+01
1.797860145568847656e+01
1.798129463195800781e+01
1.798129463195800781e+01
1.798397445678710938e+01
1.798930549621582031e+01
1.799195480346679688e+01
1.799459266662597656e+01
1.799722099304199219e+01
1.799983596801757812e+01
1.800244140625000000e+01
1.800503540039062500e+01
1.800761795043945312e+01
1.801019096374511719e+01
1.801275062561035156e+01
1.801530075073242188e+01
1.801783943176269531e+01
1.802036666870117188e+01
1.802288246154785156e+01
1.802538681030273438e+01
1.802538681030273438e+01
1.803036117553710938e+01
1.803283119201660156e+01
1.803283119201660156e+01
1.803773880004882812e+01
1.803773880004882812e+01
1.804017448425292969e+01
1.804501533508300781e+01
1.804501533508300781e+01
1.804980850219726562e+01
1.804980850219726562e+01
1.805218887329101562e+01
1.805691528320312500e+01
1.805926322937011719e+01
1.805926322937011719e+01
1.806392097473144531e+01
1.806392097473144531e+01
1.806623458862304688e+01
1.807082557678222656e+01
1.807310485839843750e+01
1.807310485839843750e+01
1.807763099670410156e+01
1.807763099670410156e+01
1.807987594604492188e+01
1.808210945129394531e+01
1.808433341979980469e+01
1.808654594421386719e+01
1.808874511718750000e+01
1.809311485290527344e+01
1.809743690490722656e+01
1.809743690490722656e+01
1.809743690490722656e+01
1.810383796691894531e+01
1.810383796691894531e+01
1.810595130920410156e+01
1.810805130004882812e+01
1.811013984680175781e+01
1.811221885681152344e+01
1.811221885681152344e+01
1.811428451538085938e+01
1.812042045593261719e+01
1.812042045593261719e+01
1.812244224548339844e+01
1.812445449829101562e+01
1.812645530700683594e+01
1.812844467163085938e+01
1.813238906860351562e+01
1.813238906860351562e+01
1.813434600830078125e+01
1.813822555541992188e+01
1.813822555541992188e+01
1.813822555541992188e+01
1.814206123352050781e+01
1.814396095275878906e+01
1.814585113525390625e+01
1.814585113525390625e+01
1.814773178100585938e+01
1.814773178100585938e+01
1.815330123901367188e+01
1.815513610839843750e+01
1.815696144104003906e+01
1.815877342224121094e+01
1.816236686706542969e+01
1.816236686706542969e+01
1.816236686706542969e+01
1.816767501831054688e+01
1.816767501831054688e+01
1.816942214965820312e+01
1.817288208007812500e+01
1.817288208007812500e+01
1.817459678649902344e+01
1.817459678649902344e+01
1.817799377441406250e+01
1.817799377441406250e+01
1.817967414855957031e+01
1.818300437927246094e+01
1.818629264831542969e+01
1.818629264831542969e+01
1.818791961669921875e+01
1.819114112854003906e+01
1.819114112854003906e+01
1.819273376464843750e+01
1.819431877136230469e+01
1.819589042663574219e+01
1.819900321960449219e+01
1.819900321960449219e+01
1.820054244995117188e+01
1.820054244995117188e+01
1.820358848571777344e+01
1.820509529113769531e+01
1.820659255981445312e+01
1.820807647705078125e+01
1.820807647705078125e+01
1.820807647705078125e+01
1.821246719360351562e+01
1.821390724182128906e+01
1.821533775329589844e+01
1.821675682067871094e+01
1.821816635131835938e+01
1.821956253051757812e+01
1.822232437133789062e+01
1.822232437133789062e+01
1.822369003295898438e+01
1.822638511657714844e+01
1.822638511657714844e+01
1.822638511657714844e+01
1.822903823852539062e+01
1.823034667968750000e+01
1.823164558410644531e+01
1.823164558410644531e+01
1.823421096801757812e+01
1.823547554016113281e+01
1.823673057556152344e+01
1.823673057556152344e+01
1.823797416687011719e+01
1.824042892456054688e+01
1.824163818359375000e+01
1.824283790588378906e+01
1.824402618408203125e+01
1.824520492553710938e+01
1.824520492553710938e+01
1.824752616882324219e+01
1.824752616882324219e+01
1.824980545043945312e+01
1.825092697143554688e+01
1.825092697143554688e+01
1.825313949584960938e+01
1.825422859191894531e+01
1.825530624389648438e+01
1.825637435913085938e+01
1.825742912292480469e+01
1.825847434997558594e+01
1.825950813293457031e+01
1.826053237915039062e+01
1.826154327392578125e+01
1.826254463195800781e+01
1.826254463195800781e+01
1.826451301574707031e+01
1.826643753051757812e+01
1.826643753051757812e+01
1.826738357543945312e+01
1.826831817626953125e+01
1.826924133300781250e+01
1.827015304565429688e+01
1.827015304565429688e+01
1.827194404602050781e+01
1.827282333374023438e+01
1.827369117736816406e+01
1.827454757690429688e+01
1.827539253234863281e+01
1.827622795104980469e+01
1.827705192565917969e+01
1.827866554260253906e+01
1.827866554260253906e+01
1.827866554260253906e+01
1.828100204467773438e+01
1.828100204467773438e+01
1.828175926208496094e+01
1.828250503540039062e+01
1.828323936462402344e+01
1.828396224975585938e+01
1.828467369079589844e+01
1.828537559509277344e+01
1.828674316406250000e+01
1.828674316406250000e+01
1.828741073608398438e+01
1.828871345520019531e+01
1.828871345520019531e+01
1.828934669494628906e+01
1.828934669494628906e+01
1.829058265686035156e+01
1.829118347167968750e+01
1.829118347167968750e+01
1.829235076904296875e+01
1.829235076904296875e+01
1.829347419738769531e+01
1.829401779174804688e+01
1.829401779174804688e+01
1.829401779174804688e+01
1.829558563232421875e+01
1.829558563232421875e+01
1.829657363891601562e+01
1.829705047607421875e+01
1.829705047607421875e+01
1.829751777648925781e+01
1.829884910583496094e+01
1.829884910583496094e+01
1.829927062988281250e+01
1.829968070983886719e+01
1.830007934570312500e+01
1.830046844482421875e+01
1.830084419250488281e+01
1.830120849609375000e+01
1.830190658569335938e+01
1.830190658569335938e+01
1.830190658569335938e+01
1.830190658569335938e+01
1.830255889892578125e+01
1.830316543579101562e+01
1.830316543579101562e+01
1.830372619628906250e+01
1.830372619628906250e+01
1.830399131774902344e+01
1.830448532104492188e+01
1.830493354797363281e+01
1.830493354797363281e+01
1.830514144897460938e+01
1.830533790588378906e+01
1.830552291870117188e+01
1.830585861206054688e+01
1.830585861206054688e+01
1.830600929260253906e+01
1.830600929260253906e+01
1.830627822875976562e+01
1.830639457702636719e+01
1.830650138854980469e+01
1.830659675598144531e+01
1.830659675598144531e+01
1.830659675598144531e+01
1.830681228637695312e+01
1.830689811706542969e+01
1.830689811706542969e+01
1.830692481994628906e+01
1.830694007873535156e+01
1.830694580078125000e+01
1.830693817138671875e+01
1.830693817138671875e+01
1.830688858032226562e+01
1.830679512023925781e+01
1.830679512023925781e+01
1.830673027038574219e+01
1.830673027038574219e+01
1.830665397644042969e+01
1.830646896362304688e+01
1.830636024475097656e+01
1.830623817443847656e+01
1.830596351623535156e+01
1.830596351623535156e+01
1.830580711364746094e+01
1.830580711364746094e+01
1.830546379089355469e+01
1.830527496337890625e+01
1.830507469177246094e+01
1.830486297607421875e+01
1.830440711975097656e+01
1.830440711975097656e+01
1.830416297912597656e+01
1.830363845825195312e+01
1.830363845825195312e+01
1.830335998535156250e+01
1.830307006835937500e+01
1.830277061462402344e+01
1.830277061462402344e+01
1.830213546752929688e+01
1.830180168151855469e+01
1.830109977722167969e+01
1.830109977722167969e+01
1.830073165893554688e+01
1.830035400390625000e+01
1.829996299743652344e+01
1.829956436157226562e+01
1.829915237426757812e+01
1.829872894287109375e+01
1.829829597473144531e+01
1.829785156250000000e+01
1.829739570617675781e+01
1.829739570617675781e+01
1.829645156860351562e+01
1.829596328735351562e+01
1.829546546936035156e+01
1.829495429992675781e+01
1.829390144348144531e+01
1.829390144348144531e+01
1.829335975646972656e+01
1.829224205017089844e+01
1.829224205017089844e+01
1.829166603088378906e+01
1.829166603088378906e+01
1.829048347473144531e+01
1.828925895690917969e+01
1.828925895690917969e+01
1.828862953186035156e+01
1.828734016418457031e+01
1.828734016418457031e+01
1.828667831420898438e+01
1.828600692749023438e+01
1.828532409667968750e+01
1.828532409667968750e+01
1.828392601013183594e+01
1.828321266174316406e+01
1.828175163269042969e+01
1.828175163269042969e+01
1.828100395202636719e+01
1.828024864196777344e+01
1.827947998046875000e+01
1.827791404724121094e+01
1.827791404724121094e+01
1.827791404724121094e+01
1.827548408508300781e+01
1.827548408508300781e+01
1.827465438842773438e+01
1.827296066284179688e+01
1.827296066284179688e+01
1.827209854125976562e+01
1.827122497558593750e+01
1.827034187316894531e+01
1.826854515075683594e+01
1.826854515075683594e+01
1.826763153076171875e+01
1.826577186584472656e+01
1.826577186584472656e+01
1.826482582092285156e+01
1.826482582092285156e+01
1.826290321350097656e+01
1.826094055175781250e+01
1.826094055175781250e+01
1.825994300842285156e+01
1.825791549682617188e+01
1.825791549682617188e+01
1.825688552856445312e+01
1.825479316711425781e+01
1.825479316711425781e+01
1.825265884399414062e+01
1.825265884399414062e+01
1.825265884399414062e+01
1.824937438964843750e+01
1.824937438964843750e+01
1.824825668334960938e+01
1.824825668334960938e+01
1.824599075317382812e+01
1.824484062194824219e+01
1.824367904663085938e+01
1.824367904663085938e+01
1.824132156372070312e+01
1.824132156372070312e+01
1.823892021179199219e+01
1.823647117614746094e+01
1.823647117614746094e+01
1.823523139953613281e+01
1.823523139953613281e+01
1.823523139953613281e+01
1.823143768310546875e+01
1.823014831542968750e+01
1.822884941101074219e+01
1.822753715515136719e+01
1.822753715515136719e+01
1.822487831115722656e+01
1.822487831115722656e+01
1.822217178344726562e+01
1.822080039978027344e+01
1.822080039978027344e+01
1.821941757202148438e+01
1.821802330017089844e+01
1.821519470214843750e+01
1.821519470214843750e+01
1.821376228332519531e+01
1.821231842041015625e+01
1.821086120605468750e+01
1.820791053771972656e+01
1.820791053771972656e+01
1.820641708374023438e+01
1.820339012145996094e+01
1.820185852050781250e+01
1.820185852050781250e+01
1.820031356811523438e+01
1.819875717163085938e+01
1.819718742370605469e+01
1.819560432434082031e+01
1.819400787353515625e+01
1.819400787353515625e+01
1.819400787353515625e+01
1.814261054992675781e+01
1.814261054992675781e+01
1.814254379272460938e+01
1.814251327514648438e+01
1.814251327514648438e+01
1.814245414733886719e+01
1.814245414733886719e+01
1.814240074157714844e+01
1.814237785339355469e+01
1.814237785339355469e+01
1.814235687255859375e+01
1.814232254028320312e+01
1.814230918884277344e+01
1.814229965209960938e+01
1.814229011535644531e+01
1.814229011535644531e+01
1.814229202270507812e+01
1.814230537414550781e+01
1.814230537414550781e+01
1.814231681823730469e+01
1.814233589172363281e+01
1.814235687255859375e+01
1.814238548278808594e+01
1.814241790771484375e+01
1.814245605468750000e+01
1.814249801635742188e+01
1.814249801635742188e+01
1.814260292053222656e+01
1.814273262023925781e+01
1.814273262023925781e+01
1.814280700683593750e+01
1.814297485351562500e+01
1.814297485351562500e+01
1.814307022094726562e+01
1.814328384399414062e+01
1.814328384399414062e+01
1.814328384399414062e+01
1.814352798461914062e+01
1.814352798461914062e+01
1.814380645751953125e+01
1.814395713806152344e+01
1.814411735534667969e+01
1.814446640014648438e+01
1.814446640014648438e+01
1.814465522766113281e+01
1.814485359191894531e+01
1.814485359191894531e+01
1.814550781250000000e+01
1.814550781250000000e+01
1.814574623107910156e+01
1.814599609375000000e+01
1.814625549316406250e+01
1.814652824401855469e+01
1.814681053161621094e+01
1.814710426330566406e+01
1.814741134643554688e+01
1.814772987365722656e+01
1.814805984497070312e+01
1.814875793457031250e+01
1.814875793457031250e+01
1.814912605285644531e+01
1.814990234375000000e+01
1.814990234375000000e+01
1.815030860900878906e+01
1.815073013305664062e+01
1.815116500854492188e+01
1.815207862854003906e+01
1.815207862854003906e+01
1.815255546569824219e+01
1.815355491638183594e+01
1.815355491638183594e+01
1.815407752990722656e+01
1.815461540222167969e+01
1.815516853332519531e+01
1.815631675720214844e+01
1.815631675720214844e+01
1.815691375732421875e+01
1.815752601623535156e+01
1.815752601623535156e+01
1.815879440307617188e+01
1.815945053100585938e+01
1.816080474853515625e+01
1.816080474853515625e+01
1.816221809387207031e+01
1.816221809387207031e+01
1.816221809387207031e+01
1.816294479370117188e+01
1.816444396972656250e+01
1.816599845886230469e+01
1.816599845886230469e+01
1.816679763793945312e+01
1.816679763793945312e+01
1.816843795776367188e+01
1.817013168334960938e+01
1.817013168334960938e+01
1.817099952697753906e+01
1.817277717590332031e+01
1.817277717590332031e+01
1.817368698120117188e+01
1.817368698120117188e+01
1.817460823059082031e+01
1.817745780944824219e+01
1.817745780944824219e+01
1.817843437194824219e+01
1.818042564392089844e+01
1.818042564392089844e+01
1.818144035339355469e+01
1.818351173400878906e+01
1.818351173400878906e+01
1.818456649780273438e+01
1.818671417236328125e+01
1.818671417236328125e+01
1.818671417236328125e+01
1.818891525268554688e+01
1.819003295898437500e+01
1.819230842590332031e+01
1.819230842590332031e+01
1.819346618652343750e+01
1.819463539123535156e+01
1.819581604003906250e+01
1.819701004028320312e+01
1.819821548461914062e+01
1.819943428039550781e+01
1.820190811157226562e+01
1.820190811157226562e+01
1.820316314697265625e+01
1.820570755004882812e+01
1.820570755004882812e+01
1.820699882507324219e+01
1.820830154418945312e+01
1.820961570739746094e+01
1.821094131469726562e+01
1.821228027343750000e+01
1.821228027343750000e+01
1.821636199951171875e+01
1.821636199951171875e+01
1.821774673461914062e+01
1.821774673461914062e+01
1.822054862976074219e+01
1.822196578979492188e+01
1.822339630126953125e+01
1.822483634948730469e+01
1.822483634948730469e+01
1.822775077819824219e+01
1.822922325134277344e+01
1.823070907592773438e+01
1.823220443725585938e+01
1.823522758483886719e+01
1.823522758483886719e+01
1.823675727844238281e+01
1.823984718322753906e+01
1.823984718322753906e+01
1.823984718322753906e+01
1.824298095703125000e+01
1.824456596374511719e+01
1.824776649475097656e+01
1.824776649475097656e+01
1.824938392639160156e+01
1.825265121459960938e+01
1.825265121459960938e+01
1.825430297851562500e+01
1.825763702392578125e+01
1.825763702392578125e+01
1.825932121276855469e+01
1.825932121276855469e+01
1.826272201538085938e+01
1.826616859436035156e+01
1.826616859436035156e+01
1.826791000366210938e+01
1.827142333984375000e+01
1.827142333984375000e+01
1.827319717407226562e+01
1.827498245239257812e+01
1.827677726745605469e+01
1.827858543395996094e+01
1.828040504455566406e+01
1.828223419189453125e+01
1.828407669067382812e+01
1.828592872619628906e+01
1.828779220581054688e+01
1.828779220581054688e+01
1.828966712951660156e+01
1.829345321655273438e+01
1.829728317260742188e+01
1.829728317260742188e+01
1.829728317260742188e+01
1.830311393737792969e+01
1.830311393737792969e+01
1.830311393737792969e+01
1.830904579162597656e+01
1.831104660034179688e+01
1.831104660034179688e+01
1.831104660034179688e+01
1.831508255004882812e+01
1.831711769104003906e+01
1.831916427612304688e+01
1.832122230529785156e+01
1.832329177856445312e+01
1.832537269592285156e+01
1.832956886291503906e+01
1.832956886291503906e+01
1.833168411254882812e+01
1.833595085144042969e+01
1.833595085144042969e+01
1.833810043334960938e+01
1.834243583679199219e+01
1.834243583679199219e+01
1.834461975097656250e+01
1.834681701660156250e+01
1.834902572631835938e+01
1.835124397277832031e+01
1.835347557067871094e+01
1.835571861267089844e+01
1.836024093627929688e+01
1.836024093627929688e+01
1.836251831054687500e+01
1.836251831054687500e+01
1.836710929870605469e+01
1.836942291259765625e+01
1.837174606323242188e+01
1.837408256530761719e+01
1.837879180908203125e+01
1.837879180908203125e+01
1.838116264343261719e+01
1.838354682922363281e+01
1.838354682922363281e+01
1.838834762573242188e+01
1.839076614379882812e+01
1.839319610595703125e+01
1.839809036254882812e+01
1.839809036254882812e+01
1.840055656433105469e+01
1.840303421020507812e+01
1.840552139282226562e+01
1.841053390502929688e+01
1.841053390502929688e+01
1.841305732727050781e+01
1.841814041137695312e+01
1.841814041137695312e+01
1.842070007324218750e+01
1.842327117919921875e+01
1.842327117919921875e+01
1.842844772338867188e+01
1.843105316162109375e+01
1.843367004394531250e+01
1.843630027770996094e+01
1.843894004821777344e+01
1.844159317016601562e+01
1.844693374633789062e+01
1.844693374633789062e+01
1.844962310791015625e+01
1.845503425598144531e+01
1.845503425598144531e+01
1.845775604248046875e+01
1.845775604248046875e+01
1.846323776245117188e+01
1.846876716613769531e+01
1.846876716613769531e+01
1.847154998779296875e+01
1.847434234619140625e+01
1.847714805603027344e+01
1.847996520996093750e+01
1.847996520996093750e+01
1.848563575744628906e+01
1.848563575744628906e+01
1.849135208129882812e+01
1.849135208129882812e+01
1.850001525878906250e+01
1.850001525878906250e+01
1.850292587280273438e+01
1.850292587280273438e+01
1.850878524780273438e+01
1.851469039916992188e+01
1.851469039916992188e+01
1.851766014099121094e+01
1.852064132690429688e+01
1.852363586425781250e+01
1.852664184570312500e+01
1.852965927124023438e+01
1.853572845458984375e+01
1.853572845458984375e+01
1.853878021240234375e+01
1.854184532165527344e+01
1.854800987243652344e+01
1.854800987243652344e+01
1.855110931396484375e+01
1.855734443664550781e+01
1.855734443664550781e+01
1.856048011779785156e+01
1.856362724304199219e+01
1.856678581237792969e+01
1.856995582580566406e+01
1.857313728332519531e+01
1.857633209228515625e+01
1.857953834533691406e+01
1.858275604248046875e+01
1.858598327636718750e+01
1.859247589111328125e+01
1.859247589111328125e+01
1.859573936462402344e+01
1.860230064392089844e+01
1.860230064392089844e+01
1.860230064392089844e+01
1.860559844970703125e+01
1.861222839355468750e+01
1.861890220642089844e+01
1.861890220642089844e+01
1.862225723266601562e+01
1.862899780273437500e+01
1.862899780273437500e+01
1.863238525390625000e+01
1.863578414916992188e+01
1.863919258117675781e+01
1.864261245727539062e+01
1.864604377746582031e+01
1.864948654174804688e+01
1.865640258789062500e+01
1.865640258789062500e+01
1.865987777709960938e+01
1.865987777709960938e+01
1.866685867309570312e+01
1.867388153076171875e+01
1.867388153076171875e+01
1.867388153076171875e+01
1.868449592590332031e+01
1.868449592590332031e+01
1.868805503845214844e+01
1.868805503845214844e+01
1.869520378112792969e+01
1.869879341125488281e+01
1.870239448547363281e+01
1.870600509643554688e+01
1.870600509643554688e+01
1.871325683593750000e+01
1.871689796447753906e+01
1.872420883178710938e+01
1.872420883178710938e+01
1.872788047790527344e+01
1.873156166076660156e+01
1.873525238037109375e+01
1.873895454406738281e+01
1.874266433715820312e+01
1.874638557434082031e+01
1.875385665893554688e+01
1.875385665893554688e+01
1.875760650634765625e+01
1.876513481140136719e+01
1.876513481140136719e+01
1.876891326904296875e+01
1.877270317077636719e+01
1.877650070190429688e+01
1.878412437438964844e+01
1.878412437438964844e+01
1.878795051574707031e+01
1.878795051574707031e+01
1.879563140869140625e+01
1.879948425292968750e+01
1.880334854125976562e+01
1.880722045898437500e+01
1.881499290466308594e+01
1.881499290466308594e+01
1.881889343261718750e+01
1.882672119140625000e+01
1.882672119140625000e+01
1.883064842224121094e+01
1.883064842224121094e+01
1.883852958679199219e+01
1.884248352050781250e+01
1.884248352050781250e+01
1.885042190551757812e+01
1.885839843750000000e+01
1.885839843750000000e+01
1.886240005493164062e+01
1.887043762207031250e+01
1.887043762207031250e+01
1.887447166442871094e+01
1.887447166442871094e+01
1.888257026672363281e+01
1.888663482666015625e+01
1.888663482666015625e+01
1.889071083068847656e+01
1.890300559997558594e+01
1.890300559997558594e+01
1.890712547302246094e+01
1.891540145874023438e+01
1.891540145874023438e+01
1.891955757141113281e+01
1.891955757141113281e+01
1.892790222167968750e+01
1.893209266662597656e+01
1.893209266662597656e+01
1.894051170349121094e+01
1.894898033142089844e+01
1.894898033142089844e+01
1.895323181152343750e+01
1.895323181152343750e+01
1.896177673339843750e+01
1.896177673339843750e+01
1.896177673339843750e+01
1.897469139099121094e+01
1.897902297973632812e+01
1.898772621154785156e+01
1.898772621154785156e+01
1.899209785461425781e+01
1.899648475646972656e+01
1.899648475646972656e+01
1.900088310241699219e+01
1.901416969299316406e+01
1.901416969299316406e+01
1.901862716674804688e+01
1.902309799194335938e+01
1.902309799194335938e+01
1.903208732604980469e+01
1.903660392761230469e+01
1.904113578796386719e+01
1.904113578796386719e+01
1.904568099975585938e+01
1.905024337768554688e+01
1.905941581726074219e+01
1.905941581726074219e+01
1.906864929199218750e+01
1.907328987121582031e+01
1.907794570922851562e+01
1.907794570922851562e+01
1.908730888366699219e+01
1.908730888366699219e+01
1.909201431274414062e+01
1.910147666931152344e+01
1.910623168945312500e+01
1.910623168945312500e+01
1.911100578308105469e+01
1.911579513549804688e+01
1.912060165405273438e+01
1.912542724609375000e+01
1.913512802124023438e+01
1.914000511169433594e+01
1.914000511169433594e+01
1.914981269836425781e+01
1.914981269836425781e+01
1.915474319458007812e+01
1.916465568542480469e+01
1.916465568542480469e+01
1.916963577270507812e+01
1.917964363098144531e+01
1.918466949462890625e+01
1.918970870971679688e+01
1.918970870971679688e+01
1.919983100891113281e+01
1.919983100891113281e+01
1.920491027832031250e+01
1.921000289916992188e+01
1.921510696411132812e+01
1.922022056579589844e+01
1.922534751892089844e+01
1.923562812805175781e+01
1.923562812805175781e+01
1.924594688415527344e+01
1.925111961364746094e+01
1.925629997253417969e+01
1.926668167114257812e+01
1.926668167114257812e+01
1.927188110351562500e+01
1.927708816528320312e+01
1.928229904174804688e+01
1.928751754760742188e+01
1.929273796081542969e+01
1.929796218872070312e+01
1.930319023132324219e+01
1.930842208862304688e+01
1.931889152526855469e+01
1.931889152526855469e+01
1.932412910461425781e+01
1.933460426330566406e+01
1.933460426330566406e+01
1.933984375000000000e+01
1.935031890869140625e+01
1.935031890869140625e+01
1.935555267333984375e+01
1.935555267333984375e+01
1.936601829528808594e+01
1.937124633789062500e+01
1.937647056579589844e+01
1.938169097900390625e+01
1.938690757751464844e+01
1.938690757751464844e+01
1.940252304077148438e+01
1.940252304077148438e+01
1.940771675109863281e+01
1.941808319091796875e+01
1.941808319091796875e+01
1.942325401306152344e+01
1.942325401306152344e+01
1.943357086181640625e+01
1.943871688842773438e+01
1.944385147094726562e+01
1.944897651672363281e+01
1.945409011840820312e+01
1.945919227600097656e+01
1.946428298950195312e+01
1.947442626953125000e+01
1.947442626953125000e+01
1.947947883605957031e+01
1.948451805114746094e+01
1.948954200744628906e+01
1.949455261230468750e+01
1.949455261230468750e+01
1.950452423095703125e+01
1.950452423095703125e+01
1.950948715209960938e+01
1.951936149597167969e+01
1.951936149597167969e+01
1.952427291870117188e+01
1.953404235839843750e+01
1.954373931884765625e+01
1.954373931884765625e+01
1.954373931884765625e+01
1.955815696716308594e+01
1.955815696716308594e+01
1.956292724609375000e+01
1.956292724609375000e+01
1.957242012023925781e+01
1.958184623718261719e+01
1.958184623718261719e+01
1.958653259277343750e+01
1.958653259277343750e+01
1.959586143493652344e+01
1.960050010681152344e+01
1.960050010681152344e+01
1.960973167419433594e+01
1.961432266235351562e+01
1.961890029907226562e+01
1.962346076965332031e+01
1.962800598144531250e+01
1.963253593444824219e+01
1.963705062866210938e+01
1.964155197143554688e+01
1.964603614807128906e+01
1.965050697326660156e+01
1.965496253967285156e+01
1.965940475463867188e+01
1.966824340820312500e+01
1.966824340820312500e+01
1.967264175415039062e+01
1.967264175415039062e+01
1.968139648437500000e+01
1.968575477600097656e+01
1.969009780883789062e+01
1.969442558288574219e+01
1.969874191284179688e+01
1.970304489135742188e+01
1.970304489135742188e+01
1.971161079406738281e+01
1.971587371826171875e+01
1.971587371826171875e+01
1.972858810424804688e+01
1.972858810424804688e+01
1.972858810424804688e+01
1.973700141906738281e+01
1.974118995666503906e+01
1.974536514282226562e+01
1.974536514282226562e+01
1.974536514282226562e+01
1.974536514282226562e+01
1.975782203674316406e+01
1.976606750488281250e+01
1.977017402648925781e+01
1.977426910400390625e+01
1.977835083007812500e+01
1.978242301940917969e+01
1.978648567199707031e+01
1.979457473754882812e+01
1.979457473754882812e+01
1.979860496520996094e+01
1.980262374877929688e+01
1.980663108825683594e+01
1.981063079833984375e+01
1.981461715698242188e+01
1.981859588623046875e+01
1.981859588623046875e+01
1.982652282714843750e+01
1.982652282714843750e+01
1.983047103881835938e+01
1.983834075927734375e+01
1.984226226806640625e+01
1.984617424011230469e+01
1.985007667541503906e+01
1.985396957397460938e+01
1.985785293579101562e+01
1.986172676086425781e+01
1.986944961547851562e+01
1.986944961547851562e+01
1.987329483032226562e+01
1.987713241577148438e+01
1.988096046447753906e+01
1.988477897644042969e+01
1.988858795166015625e+01
1.989238739013671875e+01
1.989995765686035156e+01
1.989995765686035156e+01
1.989995765686035156e+01
1.990372848510742188e+01
1.991124153137207031e+01
1.991498374938964844e+01
1.991871643066406250e+01
1.992243766784667969e+01
1.992985534667968750e+01
1.992985534667968750e+01
1.993354797363281250e+01
1.994090652465820312e+01
1.994090652465820312e+01
1.994457054138183594e+01
1.995186805725097656e+01
1.995186805725097656e+01
1.995550346374511719e+01
1.996274185180664062e+01
1.996274185180664062e+01
1.996634674072265625e+01
1.996634674072265625e+01
1.997352600097656250e+01
1.998066520690917969e+01
1.998066520690917969e+01
1.998421859741210938e+01
1.998776245117187500e+01
1.999129676818847656e+01
1.999481964111328125e+01
1.999833488464355469e+01
2.000183677673339844e+01
2.000881385803222656e+01
2.000881385803222656e+01
2.001228523254394531e+01
2.001574707031250000e+01
2.001919937133789062e+01
2.002264022827148438e+01
2.002264022827148438e+01
2.002949333190917969e+01
2.003630256652832031e+01
2.003630256652832031e+01
2.003969192504882812e+01
2.003969192504882812e+01
2.004643821716308594e+01
2.004979515075683594e+01
2.005314254760742188e+01
2.005647850036621094e+01
2.006311798095703125e+01
2.006311798095703125e+01
2.006642341613769531e+01
2.006971549987792969e+01
2.007299804687500000e+01
2.007627105712890625e+01
2.007953071594238281e+01
2.007953071594238281e+01
2.008924865722656250e+01
2.008924865722656250e+01
2.009246635437011719e+01
2.009886932373046875e+01
2.009886932373046875e+01
2.009886932373046875e+01
2.010205459594726562e+01
2.010522651672363281e+01
2.011154174804687500e+01
2.011468124389648438e+01
2.011781120300292969e+01
2.012403488159179688e+01
2.012403488159179688e+01
2.012713050842285156e+01
2.013021469116210938e+01
2.013328552246093750e+01
2.013939666748046875e+01
2.013939666748046875e+01
2.014243316650390625e+01
2.014847373962402344e+01
2.014847373962402344e+01
2.015147590637207031e+01
2.015744590759277344e+01
2.015744590759277344e+01
2.016041374206542969e+01
2.016631126403808594e+01
2.016631126403808594e+01
2.016924095153808594e+01
2.016924095153808594e+01
2.017506790161132812e+01
2.017796134948730469e+01
2.017796134948730469e+01
2.018371391296386719e+01
2.018657112121582031e+01
2.018941688537597656e+01
2.019224929809570312e+01
2.019506835937500000e+01
2.019787597656250000e+01
2.020067214965820312e+01
2.020345497131347656e+01
2.020345497131347656e+01
2.021172523498535156e+01
2.021172523498535156e+01
2.021445655822753906e+01
2.021987915039062500e+01
2.021987915039062500e+01
2.022257232666015625e+01
2.022525215148925781e+01
2.022791862487792969e+01
2.023321151733398438e+01
2.023321151733398438e+01
2.023583793640136719e+01
2.023583793640136719e+01
2.024105262756347656e+01
2.024363899230957031e+01
2.024621200561523438e+01
2.024877166748046875e+01
2.025385093688964844e+01
2.025385093688964844e+01
2.025636863708496094e+01
2.025636863708496094e+01
2.026136589050292969e+01
2.026384353637695312e+01
2.026630783081054688e+01
2.026875877380371094e+01
2.027361679077148438e+01
2.027361679077148438e+01
2.027602577209472656e+01
2.028079795837402344e+01
2.028079795837402344e+01
2.028316497802734375e+01
2.028551673889160156e+01
2.028785324096679688e+01
2.029248428344726562e+01
2.029248428344726562e+01
2.029477882385253906e+01
2.029932403564453125e+01
2.029932403564453125e+01
2.029932403564453125e+01
2.030381011962890625e+01
2.030603218078613281e+01
2.030823898315429688e+01
2.030823898315429688e+01
2.031261062622070312e+01
2.031477546691894531e+01
2.031692886352539062e+01
2.031906700134277344e+01
2.031906700134277344e+01
2.032330513000488281e+01
2.032540512084960938e+01
2.032749366760253906e+01
2.032956886291503906e+01
2.033163261413574219e+01
2.033368492126464844e+01
2.033572387695312500e+01
2.033976936340332031e+01
2.033976936340332031e+01
2.034177589416503906e+01
2.034177589416503906e+01
2.034575462341308594e+01
2.034575462341308594e+01
2.034969329833984375e+01
2.035164642333984375e+01
2.035552406311035156e+01
2.035552406311035156e+01
2.035552406311035156e+01
2.036127090454101562e+01
2.036127090454101562e+01
2.036505699157714844e+01
2.036505699157714844e+01
2.036505699157714844e+01
2.036880874633789062e+01
2.037067413330078125e+01
2.037252998352050781e+01
2.037252998352050781e+01
2.037437820434570312e+01
2.037621879577636719e+01
2.037805366516113281e+01
2.038169860839843750e+01
2.038351249694824219e+01
2.038351249694824219e+01
2.038531875610351562e+01
2.038711929321289062e+01
2.038891410827636719e+01
2.039070129394531250e+01
2.039248466491699219e+01
2.039426231384277344e+01
2.039603424072265625e+01
2.039780044555664062e+01
2.039956283569335938e+01
2.040131950378417969e+01
2.040307235717773438e+01
2.040482139587402344e+01
2.040656661987304688e+01
2.040830612182617188e+01
2.041177749633789062e+01
2.041177749633789062e+01
2.041350746154785156e+01
2.041523361206054688e+01
2.041695785522460938e+01
2.042039871215820312e+01
2.042039871215820312e+01
2.042211723327636719e+01
2.042554473876953125e+01
2.042725563049316406e+01
2.043067359924316406e+01
2.043067359924316406e+01
2.043067359924316406e+01
2.043408775329589844e+01
2.043408775329589844e+01
2.043749809265136719e+01
2.043920326232910156e+01
2.043920326232910156e+01
2.043920326232910156e+01
2.043920326232910156e+01
2.043920326232910156e+01
2.043920326232910156e+01
2.043920326232910156e+01
2.043920326232910156e+01
2.043920326232910156e+01
2.043920326232910156e+01
2.043920326232910156e+01
2.043920326232910156e+01
2.043920326232910156e+01
2.043920326232910156e+01
2.043920326232910156e+01
2.043920326232910156e+01
2.043920326232910156e+01
2.043920326232910156e+01
2.043920326232910156e+01
2.043920326232910156e+01
2.043920326232910156e+01
2.043920326232910156e+01
2.043920326232910156e+01
2.043920326232910156e+01
2.043920326232910156e+01
2.043920326232910156e+01
2.043920326232910156e+01
2.043920326232910156e+01
2.043920326232910156e+01
2.043920326232910156e+01
2.043920326232910156e+01
2.043920326232910156e+01
2.043920326232910156e+01
2.043920326232910156e+01
2.043920326232910156e+01
2.043920326232910156e+01
2.043920326232910156e+01
2.043920326232910156e+01
2.043920326232910156e+01
2.043920326232910156e+01
2.043920326232910156e+01
2.043920326232910156e+01
2.043920326232910156e+01
2.043920326232910156e+01
2.043920326232910156e+01
2.043920326232910156e+01
2.043920326232910156e+01
2.043920326232910156e+01
2.043920326232910156e+01
2.043920326232910156e+01
2.043920326232910156e+01
2.043920326232910156e+01
2.043920326232910156e+01
2.043920326232910156e+01
2.043920326232910156e+01
2.043920326232910156e+01
2.043920326232910156e+01
2.043920326232910156e+01
2.043920326232910156e+01
2.043920326232910156e+01
2.043920326232910156e+01
2.043920326232910156e+01
2.043920326232910156e+01
2.043920326232910156e+01
2.043920326232910156e+01
2.043920326232910156e+01
2.043920326232910156e+01
2.043920326232910156e+01
2.043920326232910156e+01
2.043920326232910156e+01
2.043920326232910156e+01
2.043920326232910156e+01
2.043920326232910156e+01
2.043920326232910156e+01
2.043920326232910156e+01
2.043920326232910156e+01
2.043920326232910156e+01
2.043920326232910156e+01
2.043920326232910156e+01
2.043920326232910156e+01
2.043920326232910156e+01
2.043920326232910156e+01
2.043920326232910156e+01
2.043920326232910156e+01
2.043920326232910156e+01
2.043920326232910156e+01
2.043920326232910156e+01
2.043920326232910156e+01
2.043920326232910156e+01
2.043920326232910156e+01
2.043920326232910156e+01
2.043920326232910156e+01
2.043920326232910156e+01
2.043920326232910156e+01
2.043920326232910156e+01
2.043920326232910156e+01
2.043920326232910156e+01
2.043920326232910156e+01
2.043920326232910156e+01
2.043920326232910156e+01
2.043920326232910156e+01
2.043920326232910156e+01
2.043920326232910156e+01
2.043920326232910156e+01
2.043920326232910156e+01
2.043920326232910156e+01
2.043920326232910156e+01
2.043920326232910156e+01
2.043920326232910156e+01
2.043920326232910156e+01
2.043920326232910156e+01
2.043920326232910156e+01
2.043920326232910156e+01
2.043920326232910156e+01
2.043920326232910156e+01
2.043920326232910156e+01
2.043920326232910156e+01
2.043920326232910156e+01
2.043920326232910156e+01
2.043920326232910156e+01
2.043920326232910156e+01
2.043920326232910156e+01
2.043920326232910156e+01
2.043920326232910156e+01
2.043920326232910156e+01
2.043920326232910156e+01
2.043920326232910156e+01
2.043920326232910156e+01
2.043920326232910156e+01
2.043920326232910156e+01
2.043920326232910156e+01
2.043920326232910156e+01
2.043920326232910156e+01
2.043920326232910156e+01
2.043920326232910156e+01
2.043920326232910156e+01
2.043920326232910156e+01
2.043920326232910156e+01
2.043920326232910156e+01
2.043920326232910156e+01
2.043920326232910156e+01
2.043920326232910156e+01
2.043920326232910156e+01
2.043920326232910156e+01
2.043920326232910156e+01
2.043920326232910156e+01
2.043920326232910156e+01
2.043920326232910156e+01
2.043920326232910156e+01
2.043920326232910156e+01
2.043920326232910156e+01
2.043920326232910156e+01
2.043920326232910156e+01
2.043920326232910156e+01
2.043920326232910156e+01
2.043920326232910156e+01
2.043920326232910156e+01
2.043920326232910156e+01
2.043920326232910156e+01
2.043920326232910156e+01
2.043920326232910156e+01
2.043920326232910156e+01
2.043920326232910156e+01
2.043920326232910156e+01
2.043920326232910156e+01
2.043920326232910156e+01
2.043920326232910156e+01
2.043920326232910156e+01
2.043920326232910156e+01
2.043920326232910156e+01
2.043920326232910156e+01
2.043920326232910156e+01
2.043920326232910156e+01
2.043920326232910156e+01
2.043920326232910156e+01
2.043920326232910156e+01
2.043920326232910156e+01
2.043920326232910156e+01
2.043920326232910156e+01
2.043920326232910156e+01
2.043920326232910156e+01
2.043920326232910156e+01
2.043920326232910156e+01
2.043920326232910156e+01
2.043920326232910156e+01
2.043920326232910156e+01
2.043920326232910156e+01
2.043920326232910156e+01
2.043920326232910156e+01
2.043920326232910156e+01
2.043920326232910156e+01
2.043920326232910156e+01
2.043920326232910156e+01
2.043920326232910156e+01
2.043920326232910156e+01
2.043920326232910156e+01
2.043920326232910156e+01
2.043920326232910156e+01
2.043920326232910156e+01
2.043920326232910156e+01
2.043920326232910156e+01
2.043920326232910156e+01
2.043920326232910156e+01
2.043920326232910156e+01
2.043920326232910156e+01
2.043920326232910156e+01
2.043920326232910156e+01
2.043920326232910156e+01
2.043920326232910156e+01
2.043920326232910156e+01
2.043920326232910156e+01
2.043920326232910156e+01
2.043920326232910156e+01
2.043920326232910156e+01
2.043920326232910156e+01
2.043920326232910156e+01
2.043920326232910156e+01
2.043920326232910156e+01
2.043920326232910156e+01
2.043920326232910156e+01
2.043920326232910156e+01
2.043920326232910156e+01
2.043920326232910156e+01
2.043920326232910156e+01
2.043920326232910156e+01
2.043920326232910156e+01
2.043920326232910156e+01
2.043920326232910156e+01
2.043920326232910156e+01
2.043920326232910156e+01
2.043920326232910156e+01
2.043920326232910156e+01
2.043920326232910156e+01
2.043920326232910156e+01
2.043920326232910156e+01
2.043920326232910156e+01
2.043920326232910156e+01
2.043920326232910156e+01
2.043920326232910156e+01
2.043920326232910156e+01
2.043920326232910156e+01
2.043920326232910156e+01
2.043920326232910156e+01
2.043920326232910156e+01
2.043920326232910156e+01
2.043920326232910156e+01
2.043920326232910156e+01
2.043920326232910156e+01
2.043920326232910156e+01
2.043920326232910156e+01
2.043920326232910156e+01
2.043920326232910156e+01
2.043920326232910156e+01
2.043920326232910156e+01
2.043920326232910156e+01
2.043920326232910156e+01
2.043920326232910156e+01
2.043920326232910156e+01
2.043920326232910156e+01
2.043920326232910156e+01
2.043920326232910156e+01
2.043920326232910156e+01
2.043920326232910156e+01
2.043920326232910156e+01
2.043920326232910156e+01
2.043920326232910156e+01
2.043920326232910156e+01
2.043920326232910156e+01
2.043920326232910156e+01
2.043920326232910156e+01
2.043920326232910156e+01
2.043920326232910156e+01
2.043920326232910156e+01
2.043920326232910156e+01
2.043920326232910156e+01
2.043920326232910156e+01
2.043920326232910156e+01
2.043920326232910156e+01
2.043920326232910156e+01
2.043920326232910156e+01
2.043920326232910156e+01
2.043920326232910156e+01
2.043920326232910156e+01
2.043920326232910156e+01
2.043920326232910156e+01
2.043920326232910156e+01
2.043920326232910156e+01
2.043920326232910156e+01
2.043920326232910156e+01
2.043920326232910156e+01
2.043920326232910156e+01
2.043920326232910156e+01
2.043920326232910156e+01
2.043920326232910156e+01
2.043920326232910156e+01
2.043920326232910156e+01
2.043920326232910156e+01
2.043920326232910156e+01
2.043920326232910156e+01
2.043920326232910156e+01
2.043920326232910156e+01
2.043920326232910156e+01
2.043920326232910156e+01
2.043920326232910156e+01
2.043920326232910156e+01
2.043920326232910156e+01
2.043920326232910156e+01
2.043920326232910156e+01
2.043920326232910156e+01
2.043920326232910156e+01
2.043920326232910156e+01
2.043920326232910156e+01
2.043920326232910156e+01
2.043920326232910156e+01
2.043920326232910156e+01
2.043920326232910156e+01
2.043920326232910156e+01
2.043920326232910156e+01
2.043920326232910156e+01
2.043920326232910156e+01
2.043920326232910156e+01
2.043920326232910156e+01
2.043920326232910156e+01
2.043920326232910156e+01
2.043920326232910156e+01
2.043920326232910156e+01
2.043920326232910156e+01
2.043920326232910156e+01
2.043920326232910156e+01
2.043920326232910156e+01
2.043920326232910156e+01
2.043920326232910156e+01
2.043920326232910156e+01
2.043920326232910156e+01
2.043920326232910156e+01
2.043920326232910156e+01
2.043920326232910156e+01
2.043920326232910156e+01
2.043920326232910156e+01
2.043920326232910156e+01
2.043920326232910156e+01
2.043920326232910156e+01
2.043920326232910156e+01
2.043920326232910156e+01
2.043920326232910156e+01
2.043920326232910156e+01
2.043920326232910156e+01
2.043920326232910156e+01
2.043920326232910156e+01
2.043920326232910156e+01
2.043920326232910156e+01
2.043920326232910156e+01
2.043920326232910156e+01
2.043920326232910156e+01
2.043920326232910156e+01
2.043920326232910156e+01
2.043920326232910156e+01
2.043920326232910156e+01
2.043920326232910156e+01
2.043920326232910156e+01
2.043920326232910156e+01
2.043920326232910156e+01
2.043920326232910156e+01
2.043920326232910156e+01
2.043920326232910156e+01
2.043920326232910156e+01
2.043920326232910156e+01
2.043920326232910156e+01
2.043920326232910156e+01
2.043920326232910156e+01
2.043920326232910156e+01
2.043920326232910156e+01
2.043920326232910156e+01
2.043920326232910156e+01
2.043920326232910156e+01
2.043920326232910156e+01
2.043920326232910156e+01
2.043920326232910156e+01
2.043920326232910156e+01
2.043920326232910156e+01
2.043920326232910156e+01
2.043920326232910156e+01
2.043920326232910156e+01
2.043920326232910156e+01
2.043920326232910156e+01
2.043920326232910156e+01
2.043920326232910156e+01
2.043920326232910156e+01
2.043920326232910156e+01
2.043920326232910156e+01
2.043920326232910156e+01
2.043920326232910156e+01
2.043920326232910156e+01
2.043920326232910156e+01
2.043920326232910156e+01
2.043920326232910156e+01
2.043920326232910156e+01
2.043920326232910156e+01
2.043920326232910156e+01
2.043920326232910156e+01
2.043920326232910156e+01
2.043920326232910156e+01
2.043920326232910156e+01
2.043920326232910156e+01
2.043920326232910156e+01
2.043920326232910156e+01
2.043920326232910156e+01
2.043920326232910156e+01
2.043920326232910156e+01
2.043920326232910156e+01
2.043920326232910156e+01
2.043920326232910156e+01
2.043920326232910156e+01
2.043920326232910156e+01
2.043920326232910156e+01
2.043920326232910156e+01
2.043920326232910156e+01
2.043920326232910156e+01
2.043920326232910156e+01
2.043920326232910156e+01
2.043920326232910156e+01
2.043920326232910156e+01
2.043920326232910156e+01
2.043920326232910156e+01
2.043920326232910156e+01
2.043920326232910156e+01
2.043920326232910156e+01
2.043920326232910156e+01
2.043920326232910156e+01
2.043920326232910156e+01
2.043920326232910156e+01
2.043920326232910156e+01
2.043920326232910156e+01
2.043920326232910156e+01
2.043920326232910156e+01
2.043920326232910156e+01
2.043920326232910156e+01
2.043920326232910156e+01
2.043920326232910156e+01
2.043920326232910156e+01
2.043920326232910156e+01
2.043920326232910156e+01
2.043920326232910156e+01
2.043920326232910156e+01
2.043920326232910156e+01
2.043920326232910156e+01
2.043920326232910156e+01
2.043920326232910156e+01
2.043920326232910156e+01
2.043920326232910156e+01
2.043920326232910156e+01
2.043920326232910156e+01
2.043920326232910156e+01
2.043920326232910156e+01
2.043920326232910156e+01
2.043920326232910156e+01
2.043920326232910156e+01
2.043920326232910156e+01
2.043920326232910156e+01
2.043920326232910156e+01
2.043920326232910156e+01
2.043920326232910156e+01
2.043920326232910156e+01
2.043920326232910156e+01
2.043920326232910156e+01
2.043920326232910156e+01
2.043920326232910156e+01
2.043920326232910156e+01
2.043920326232910156e+01
2.043920326232910156e+01
2.043920326232910156e+01
2.043920326232910156e+01
2.043920326232910156e+01
2.043920326232910156e+01
2.043920326232910156e+01
2.043920326232910156e+01
2.043920326232910156e+01
2.043920326232910156e+01
2.043920326232910156e+01
2.043920326232910156e+01
2.043920326232910156e+01
2.043920326232910156e+01
2.043920326232910156e+01
2.043920326232910156e+01
2.043920326232910156e+01
2.056732559204101562e+01
2.056903076171875000e+01
2.057073402404785156e+01
2.057243919372558594e+01
2.057414245605468750e+01
2.057584571838378906e+01
2.057755088806152344e+01
2.057925415039062500e+01
2.058095932006835938e+01
2.058266258239746094e+01
2.058607101440429688e+01
2.058607101440429688e+01
2.058777427673339844e+01
2.059118270874023438e+01
2.059288787841796875e+01
2.059459114074707031e+01
2.059459114074707031e+01
2.059629440307617188e+01
2.059970283508300781e+01
2.059970283508300781e+01
2.060140800476074219e+01
2.060481643676757812e+01
2.060481643676757812e+01
2.060822296142578125e+01
2.060992813110351562e+01
2.060992813110351562e+01
2.061163139343261719e+01
2.061503982543945312e+01
2.061503982543945312e+01
2.061844825744628906e+01
2.062015151977539062e+01
2.062015151977539062e+01
2.062185668945312500e+01
2.062355995178222656e+01
2.062526512145996094e+01
2.062867355346679688e+01
2.062867355346679688e+01
2.063037681579589844e+01
2.063378524780273438e+01
2.063378524780273438e+01
2.063548851013183594e+01
2.063889694213867188e+01
2.063889694213867188e+01
2.064230537414550781e+01
2.064400863647460938e+01
2.064400863647460938e+01
2.064741706848144531e+01
2.064912223815917969e+01
2.065082550048828125e+01
2.065253067016601562e+01
2.065253067016601562e+01
2.065423393249511719e+01
2.065764236450195312e+01
2.065764236450195312e+01
2.065934562683105469e+01
2.066275405883789062e+01
2.066275405883789062e+01
2.066616249084472656e+01
2.066616249084472656e+01
2.066786575317382812e+01
2.067127418518066406e+01
2.067127418518066406e+01
2.067468261718750000e+01
2.067638778686523438e+01
2.067638778686523438e+01
2.067979431152343750e+01
2.067979431152343750e+01
2.068149948120117188e+01
2.068490791320800781e+01
2.068490791320800781e+01
2.068661117553710938e+01
2.068831634521484375e+01
2.069172286987304688e+01
2.069172286987304688e+01
2.069513130187988281e+01
2.069513130187988281e+01
2.069683647155761719e+01
2.070024490356445312e+01
2.070024490356445312e+01
2.070365142822265625e+01
2.070365142822265625e+01
2.070535659790039062e+01
2.070876502990722656e+01
2.070876502990722656e+01
2.071046829223632812e+01
2.071387672424316406e+01
2.071387672424316406e+01
2.071557998657226562e+01
2.071898841857910156e+01
2.071898841857910156e+01
2.072239685058593750e+01
2.072239685058593750e+01
2.072410202026367188e+01
2.072750854492187500e+01
2.072921371459960938e+01
2.072921371459960938e+01
2.073091697692871094e+01
2.073432540893554688e+01
2.073603057861328125e+01
2.073603057861328125e+01
2.073943710327148438e+01
2.074114227294921875e+01
2.074114227294921875e+01
2.074114227294921875e+01
2.074625396728515625e+01
2.074625396728515625e+01
2.074795913696289062e+01
2.075136566162109375e+01
2.075136566162109375e+01
2.075307083129882812e+01
2.075647926330566406e+01
2.075647926330566406e+01
2.075818252563476562e+01
2.076159095764160156e+01
2.076159095764160156e+01
2.076329421997070312e+01
2.076670265197753906e+01
2.076670265197753906e+01
2.077011108398437500e+01
2.077011108398437500e+01
2.077181625366210938e+01
2.077522277832031250e+01
2.077522277832031250e+01
2.077692794799804688e+01
2.077863121032714844e+01
2.078033638000488281e+01
2.078374481201171875e+01
2.078374481201171875e+01
2.078544807434082031e+01
2.078885650634765625e+01
2.078885650634765625e+01
2.079055976867675781e+01
2.079396820068359375e+01
2.079396820068359375e+01
2.079737663269042969e+01
2.079907989501953125e+01
2.079907989501953125e+01
2.080248832702636719e+01
2.080248832702636719e+01
2.080419349670410156e+01
2.080760192871093750e+01
2.080760192871093750e+01
2.080930519104003906e+01
2.081271362304687500e+01
2.081271362304687500e+01
2.081271362304687500e+01
2.081782531738281250e+01
2.081782531738281250e+01
2.082123374938964844e+01
2.082123374938964844e+01
2.082293701171875000e+01
2.082634544372558594e+01
2.082634544372558594e+01
2.082805061340332031e+01
2.083145904541015625e+01
2.083145904541015625e+01
2.083145904541015625e+01
2.083486557006835938e+01
2.083657073974609375e+01
2.083997917175292969e+01
2.083997917175292969e+01
2.084338760375976562e+01
2.084509086608886719e+01
2.084509086608886719e+01
2.084849929809570312e+01
2.084849929809570312e+01
2.085020256042480469e+01
2.085361099243164062e+01
2.085361099243164062e+01
2.085531616210937500e+01
2.085872268676757812e+01
2.085872268676757812e+01
2.086042785644531250e+01
2.086383628845214844e+01
2.086383628845214844e+01
2.086383628845214844e+01
2.086894798278808594e+01
2.086894798278808594e+01
2.087065124511718750e+01
2.087405967712402344e+01
2.087405967712402344e+01
2.087746810913085938e+01
2.087746810913085938e+01
2.087917327880859375e+01
2.088257980346679688e+01
2.088257980346679688e+01
2.088598823547363281e+01
2.088769340515136719e+01
2.088769340515136719e+01
2.089110183715820312e+01
2.089110183715820312e+01
2.089280509948730469e+01
2.089621353149414062e+01
2.089621353149414062e+01
2.089962196350097656e+01
2.089962196350097656e+01
2.090132522583007812e+01
2.090473365783691406e+01
2.090473365783691406e+01
2.090643692016601562e+01
2.090984535217285156e+01
2.090984535217285156e+01
2.091155052185058594e+01
2.091495895385742188e+01
2.091495895385742188e+01
2.091666221618652344e+01
2.092007064819335938e+01
2.092007064819335938e+01
2.092347908020019531e+01
2.092347908020019531e+01
2.092518234252929688e+01
2.092859077453613281e+01
2.092859077453613281e+01
2.093199920654296875e+01
2.093199920654296875e+01
2.093370246887207031e+01
2.093711090087890625e+01
2.093711090087890625e+01
2.093711090087890625e+01
2.094222259521484375e+01
2.094222259521484375e+01
2.094563102722167969e+01
2.094563102722167969e+01
2.094733619689941406e+01
2.095074462890625000e+01
2.095074462890625000e+01
2.095244789123535156e+01
2.095585632324218750e+01
2.095585632324218750e+01
2.095755958557128906e+01
2.095926475524902344e+01
2.096096801757812500e+01
2.096437644958496094e+01
2.096437644958496094e+01
2.096607971191406250e+01
2.096948814392089844e+01
2.097119331359863281e+01
2.097119331359863281e+01
2.097460174560546875e+01
2.097460174560546875e+01
2.097630500793457031e+01
2.097971343994140625e+01
2.097971343994140625e+01
2.098312187194824219e+01
2.098482513427734375e+01
2.098482513427734375e+01
2.098823356628417969e+01
2.098823356628417969e+01
2.098993682861328125e+01
2.099334526062011719e+01
2.099334526062011719e+01
2.099675369262695312e+01
2.099845886230468750e+01
2.099845886230468750e+01
2.100016212463378906e+01
2.100357055664062500e+01
2.100527381896972656e+01
2.100697898864746094e+01
2.100697898864746094e+01
2.100868225097656250e+01
2.101209068298339844e+01
2.101209068298339844e+01
2.101549911499023438e+01
2.101720237731933594e+01
2.101890754699707031e+01
2.101890754699707031e+01
2.102061080932617188e+01
2.102231597900390625e+01
2.102572250366210938e+01
2.102742767333984375e+01
2.102742767333984375e+01
2.103083610534667969e+01
2.103253936767578125e+01
2.103253936767578125e+01
2.103253936767578125e+01
2.103594779968261719e+01
2.103765106201171875e+01
2.103935623168945312e+01
2.104105949401855469e+01
2.104446792602539062e+01
2.104446792602539062e+01
2.104617118835449219e+01
2.104787635803222656e+01
2.104957962036132812e+01
2.105128479003906250e+01
2.105298805236816406e+01
2.105469322204589844e+01
2.105639648437500000e+01
2.105809974670410156e+01
2.105980491638183594e+01
2.106150817871093750e+01
2.106321334838867188e+01
2.106491661071777344e+01
2.106662178039550781e+01
2.106832504272460938e+01
2.107002830505371094e+01
2.107173347473144531e+01
2.107343673706054688e+01
2.107514190673828125e+01
2.107684516906738281e+01
2.107855033874511719e+01
2.108025360107421875e+01
2.108195686340332031e+01
2.108366203308105469e+01
2.108536529541015625e+01
2.108707046508789062e+01
2.108877372741699219e+01
2.109047889709472656e+01
2.109218215942382812e+01
2.109388542175292969e+01
2.109559059143066406e+01
2.109729385375976562e+01
2.110070228576660156e+01
2.110240745544433594e+01
2.110411071777343750e+01
2.110581398010253906e+01
2.110581398010253906e+01
2.110751914978027344e+01
2.111092758178710938e+01
2.111092758178710938e+01
2.111263084411621094e+01
2.111603927612304688e+01
2.111603927612304688e+01
2.111603927612304688e+01
2.112115097045898438e+01
2.112115097045898438e+01
2.112455940246582031e+01
2.112626457214355469e+01
2.112626457214355469e+01
2.112967109680175781e+01
2.112967109680175781e+01
2.113137626647949219e+01
2.113478469848632812e+01
2.113478469848632812e+01
2.113648796081542969e+01
2.113989639282226562e+01
2.113989639282226562e+01
2.114159965515136719e+01
2.114500808715820312e+01
2.114500808715820312e+01
2.114841651916503906e+01
2.114841651916503906e+01
2.115012168884277344e+01
2.115352821350097656e+01
2.115352821350097656e+01
2.115523338317871094e+01
2.115864181518554688e+01
2.115864181518554688e+01
2.116205024719238281e+01
2.116205024719238281e+01
2.116375350952148438e+01
2.116716194152832031e+01
2.116716194152832031e+01
2.116886520385742188e+01
2.117227363586425781e+01
2.117227363586425781e+01
2.117568206787109375e+01
2.117568206787109375e+01
2.117738533020019531e+01
2.118079376220703125e+01
2.118079376220703125e+01
2.118420219421386719e+01
2.118590736389160156e+01
2.118590736389160156e+01
2.118590736389160156e+01
2.118931388854980469e+01
2.119101905822753906e+01
2.119442749023437500e+01
2.119442749023437500e+01
2.119613075256347656e+01
2.119953918457031250e+01
2.119953918457031250e+01
2.119953918457031250e+01
2.120294761657714844e+01
2.120465087890625000e+01
2.120805931091308594e+01
2.120805931091308594e+01
2.120976448059082031e+01
2.121317100524902344e+01
2.121317100524902344e+01
2.121657943725585938e+01
2.121657943725585938e+01
2.121828460693359375e+01
2.122169303894042969e+01
2.122169303894042969e+01
2.122339630126953125e+01
2.122680473327636719e+01
2.122680473327636719e+01
2.123021316528320312e+01
2.123021316528320312e+01
2.123191642761230469e+01
2.123362159729003906e+01
2.123873329162597656e+01
2.123873329162597656e+01
2.124043655395507812e+01
2.124214172363281250e+01
2.124384498596191406e+01
2.124384498596191406e+01
2.124895668029785156e+01
2.124895668029785156e+01
2.124895668029785156e+01
2.125066184997558594e+01
2.125407028198242188e+01
2.125407028198242188e+01
2.125577354431152344e+01
2.125918197631835938e+01
2.125918197631835938e+01
2.126088523864746094e+01
2.126429367065429688e+01
2.126429367065429688e+01
2.126599884033203125e+01
2.126770210266113281e+01
2.126770210266113281e+01
2.127281379699707031e+01
2.127281379699707031e+01
2.127451896667480469e+01
2.127792739868164062e+01
2.127792739868164062e+01
2.127963066101074219e+01
2.128303909301757812e+01
2.128303909301757812e+01
2.128644752502441406e+01
2.128815078735351562e+01
2.128815078735351562e+01
2.129155921936035156e+01
2.129326438903808594e+01
2.129326438903808594e+01
2.129667091369628906e+01
2.129667091369628906e+01
2.130007934570312500e+01
2.130178451538085938e+01
2.130178451538085938e+01
2.130519294738769531e+01
2.130689620971679688e+01
2.130689620971679688e+01
2.131030464172363281e+01
2.131030464172363281e+01
2.131200790405273438e+01
2.131541633605957031e+01
2.131541633605957031e+01
2.131882476806640625e+01
2.131882476806640625e+01
2.132052803039550781e+01
2.132393646240234375e+01
2.132393646240234375e+01
2.132564163208007812e+01
2.132905006408691406e+01
2.132905006408691406e+01
2.133075332641601562e+01
2.133416175842285156e+01
2.133416175842285156e+01
2.133586502075195312e+01
2.133927345275878906e+01
2.133927345275878906e+01
2.134268188476562500e+01
2.134268188476562500e+01
2.134438514709472656e+01
2.134779357910156250e+01
2.134779357910156250e+01
2.135120201110839844e+01
2.135120201110839844e+01
2.135290718078613281e+01
2.135631370544433594e+01
2.135631370544433594e+01
2.135801887512207031e+01
2.136142730712890625e+01
2.136142730712890625e+01
2.136313056945800781e+01
2.136653900146484375e+01
2.136653900146484375e+01
2.136994743347167969e+01
2.137165069580078125e+01
2.137165069580078125e+01
2.137505912780761719e+01
2.137505912780761719e+01
2.137676429748535156e+01
2.138017082214355469e+01
2.138017082214355469e+01
2.138187599182128906e+01
2.138357925415039062e+01
2.138698768615722656e+01
2.138869285583496094e+01
2.138869285583496094e+01
2.139039611816406250e+01
2.139380455017089844e+01
2.139380455017089844e+01
2.139550781250000000e+01
2.139550781250000000e+01
2.139550781250000000e+01
2.140062141418457031e+01
2.140232467651367188e+01
2.140402793884277344e+01
2.140743637084960938e+01
2.140743637084960938e+01
2.140914154052734375e+01
2.141084480285644531e+01
2.141595649719238281e+01
2.141595649719238281e+01
2.141595649719238281e+01
2.141766166687011719e+01
2.142107009887695312e+01
2.142107009887695312e+01
2.142277336120605469e+01
2.142618179321289062e+01
2.142618179321289062e+01
2.142788505554199219e+01
2.143129348754882812e+01
2.143129348754882812e+01
2.143470191955566406e+01
2.143640708923339844e+01
2.143640708923339844e+01
2.143811035156250000e+01
2.143981361389160156e+01
2.144322204589843750e+01
2.144492721557617188e+01
2.144663047790527344e+01
2.144663047790527344e+01
2.145003890991210938e+01
2.145003890991210938e+01
2.145344734191894531e+01
2.145344734191894531e+01
2.145515060424804688e+01
2.145855903625488281e+01
2.145855903625488281e+01
2.146196746826171875e+01
2.146196746826171875e+01
2.146367073059082031e+01
2.146707916259765625e+01
2.146707916259765625e+01
2.146878433227539062e+01
2.147219276428222656e+01
2.147219276428222656e+01
2.147389602661132812e+01
2.147730445861816406e+01
2.147730445861816406e+01
2.147900772094726562e+01
2.148241615295410156e+01
2.148241615295410156e+01
2.148582458496093750e+01
2.148752784729003906e+01
2.148752784729003906e+01
2.149093627929687500e+01
2.149093627929687500e+01
2.149434471130371094e+01
2.149604797363281250e+01
2.149604797363281250e+01
2.149945640563964844e+01
2.149945640563964844e+01
2.150116157531738281e+01
2.150457000732421875e+01
2.150457000732421875e+01
2.150627326965332031e+01
2.150797653198242188e+01
2.150968170166015625e+01
2.151309013366699219e+01
2.151479339599609375e+01
2.151479339599609375e+01
2.151820182800292969e+01
2.151820182800292969e+01
2.151990509033203125e+01
2.152331352233886719e+01
2.152331352233886719e+01
2.152501869201660156e+01
2.152842712402343750e+01
2.152842712402343750e+01
2.153183364868164062e+01
2.153183364868164062e+01
2.153353881835937500e+01
2.153694725036621094e+01
2.153694725036621094e+01
2.153865051269531250e+01
2.154205894470214844e+01
2.154205894470214844e+01
2.154546737670898438e+01
2.154717063903808594e+01
2.154717063903808594e+01
2.155057907104492188e+01
2.155057907104492188e+01
2.155398750305175781e+01
2.155398750305175781e+01
2.155569076538085938e+01
2.155909919738769531e+01
2.155909919738769531e+01
2.156080436706542969e+01
2.156421279907226562e+01
2.156421279907226562e+01
2.156591606140136719e+01
2.156761932373046875e+01
2.156932449340820312e+01
2.157102775573730469e+01
2.157273292541503906e+01
2.157273292541503906e+01
2.157784461975097656e+01
2.157784461975097656e+01
2.157954788208007812e+01
2.158125305175781250e+01
2.158466148376464844e+01
2.158636474609375000e+01
2.158636474609375000e+01
2.158977317810058594e+01
2.158977317810058594e+01
2.159318161010742188e+01
2.159318161010742188e+01
2.159488487243652344e+01
2.159829330444335938e+01
2.159829330444335938e+01
2.160170173645019531e+01
2.160170173645019531e+01
2.160340499877929688e+01
2.160340499877929688e+01
2.160681343078613281e+01
2.160681343078613281e+01
2.161192703247070312e+01
2.161192703247070312e+01
2.161363029479980469e+01
2.161703872680664062e+01
2.161703872680664062e+01
2.162044715881347656e+01
2.162044715881347656e+01
2.162215042114257812e+01
2.162555885314941406e+01
2.162555885314941406e+01
2.162726211547851562e+01
2.163067054748535156e+01
2.163067054748535156e+01
2.163407897949218750e+01
2.163407897949218750e+01
2.163578414916992188e+01
2.163919067382812500e+01
2.163919067382812500e+01
2.164089584350585938e+01
2.164430427551269531e+01
2.164430427551269531e+01
2.164771270751953125e+01
2.164771270751953125e+01
2.164941596984863281e+01
2.164941596984863281e+01
2.164941596984863281e+01
2.165452766418457031e+01
2.165793609619140625e+01
2.165793609619140625e+01
2.165964126586914062e+01
2.166304779052734375e+01
2.166475296020507812e+01
2.166475296020507812e+01
2.166645622253417969e+01
2.166986465454101562e+01
2.166986465454101562e+01
2.167156982421875000e+01
2.167327308654785156e+01
2.167668151855468750e+01
2.167668151855468750e+01
2.168008995056152344e+01
2.168008995056152344e+01
2.168179321289062500e+01
2.168520164489746094e+01
2.168520164489746094e+01
2.168861007690429688e+01
2.169031333923339844e+01
2.169031333923339844e+01
2.169372177124023438e+01
2.169372177124023438e+01
2.169542694091796875e+01
2.169542694091796875e+01
2.169883346557617188e+01
2.170224189758300781e+01
2.170224189758300781e+01
2.170394706726074219e+01
2.170735549926757812e+01
2.170735549926757812e+01
2.170905876159667969e+01
2.171246719360351562e+01
2.171246719360351562e+01
2.171587562561035156e+01
2.171587562561035156e+01
2.171757888793945312e+01
2.171928405761718750e+01
2.172098731994628906e+01
2.172098731994628906e+01
2.172609901428222656e+01
2.172609901428222656e+01
2.172609901428222656e+01
2.173121261596679688e+01
2.173121261596679688e+01
2.173461914062500000e+01
2.173461914062500000e+01
2.173632431030273438e+01
2.173973274230957031e+01
2.173973274230957031e+01
2.174314117431640625e+01
2.174314117431640625e+01
2.174484443664550781e+01
2.174825286865234375e+01
2.174825286865234375e+01
2.175166130065917969e+01
2.175166130065917969e+01
2.175506973266601562e+01
2.175677299499511719e+01
2.175677299499511719e+01
2.175847625732421875e+01
2.176018142700195312e+01
2.176358985900878906e+01
2.176358985900878906e+01
2.176699829101562500e+01
2.176699829101562500e+01
2.176699829101562500e+01
2.177040481567382812e+01
2.177210998535156250e+01
2.177381324768066406e+01
2.177722167968750000e+01
2.177722167968750000e+01
2.177892684936523438e+01
2.178233337402343750e+01
2.178403854370117188e+01
2.178403854370117188e+01
2.178574180603027344e+01
2.178744697570800781e+01
2.179085540771484375e+01
2.179085540771484375e+01
2.179255867004394531e+01
2.179426193237304688e+01
2.179596710205078125e+01
2.179767036437988281e+01
2.180107879638671875e+01
2.180107879638671875e+01
2.180278396606445312e+01
2.180448722839355469e+01
2.180619049072265625e+01
2.180789566040039062e+01
2.180959892272949219e+01
2.181130409240722656e+01
2.181300735473632812e+01
2.181471252441406250e+01
2.181641578674316406e+01
2.181811904907226562e+01
2.181982421875000000e+01
2.182152748107910156e+01
2.182323265075683594e+01
2.182493591308593750e+01
2.182664108276367188e+01
2.182834434509277344e+01
2.183004760742187500e+01
2.183175277709960938e+01
2.183345603942871094e+01
2.183516120910644531e+01
2.183686447143554688e+01
2.183856964111328125e+01
2.184027290344238281e+01
2.184197616577148438e+01
2.184368133544921875e+01
2.184538459777832031e+01
2.184708976745605469e+01
2.184879302978515625e+01
2.185049819946289062e+01
2.185220146179199219e+01
2.185390472412109375e+01
2.185731315612792969e+01
2.185731315612792969e+01
2.186072158813476562e+01
2.186072158813476562e+01
2.186413002014160156e+01
2.186413002014160156e+01
2.186583328247070312e+01
2.186753845214843750e+01
2.186924171447753906e+01
2.186924171447753906e+01
2.187435531616210938e+01
2.187435531616210938e+01
2.187605857849121094e+01
2.187605857849121094e+01
2.187946701049804688e+01
2.188287544250488281e+01
2.188287544250488281e+01
2.188457870483398438e+01
2.188798713684082031e+01
2.188798713684082031e+01
2.188969039916992188e+01
2.189309883117675781e+01
2.189309883117675781e+01
2.189650726318359375e+01
2.189821243286132812e+01
2.189821243286132812e+01
2.189991569519042969e+01
2.190161895751953125e+01
2.190161895751953125e+01
2.190332412719726562e+01
2.190673255920410156e+01
2.190673255920410156e+01
2.191184425354003906e+01
2.191184425354003906e+01
2.191525268554687500e+01
2.191525268554687500e+01
2.191695594787597656e+01
2.191866111755371094e+01
2.191866111755371094e+01
2.192206954956054688e+01
2.192377281188964844e+01
2.192718124389648438e+01
2.192718124389648438e+01
2.193058967590332031e+01
2.193058967590332031e+01
2.193229293823242188e+01
2.193570137023925781e+01
2.193570137023925781e+01
2.193910980224609375e+01
2.194081306457519531e+01
2.194081306457519531e+01
2.194422149658203125e+01
2.194422149658203125e+01
2.194592475891113281e+01
2.194933319091796875e+01
2.194933319091796875e+01
2.195103836059570312e+01
2.195444679260253906e+01
2.195444679260253906e+01
2.195615005493164062e+01
2.195615005493164062e+01
2.195615005493164062e+01
2.195615005493164062e+01
2.195615005493164062e+01
2.195615005493164062e+01
2.195615005493164062e+01
2.195615005493164062e+01
2.195615005493164062e+01
2.195615005493164062e+01
2.195615005493164062e+01
2.195615005493164062e+01
2.195615005493164062e+01
2.195615005493164062e+01
2.195615005493164062e+01
2.195615005493164062e+01
2.195615005493164062e+01
2.195615005493164062e+01
2.195615005493164062e+01
2.195615005493164062e+01
2.195615005493164062e+01
2.195615005493164062e+01
2.195615005493164062e+01
2.195615005493164062e+01
2.195615005493164062e+01
2.195615005493164062e+01
2.195615005493164062e+01
2.195615005493164062e+01
2.195615005493164062e+01
2.195615005493164062e+01
2.195615005493164062e+01
2.195615005493164062e+01
2.195615005493164062e+01
2.195615005493164062e+01
2.195615005493164062e+01
2.195615005493164062e+01
2.195615005493164062e+01
2.195615005493164062e+01
2.195615005493164062e+01
2.195615005493164062e+01
2.195615005493164062e+01
2.195615005493164062e+01
2.195615005493164062e+01
2.195615005493164062e+01
2.195615005493164062e+01
2.195615005493164062e+01
2.195615005493164062e+01
2.195615005493164062e+01
2.195615005493164062e+01
2.195615005493164062e+01
2.195615005493164062e+01
2.195615005493164062e+01
2.195615005493164062e+01
2.195615005493164062e+01
2.195615005493164062e+01
2.195615005493164062e+01
2.195615005493164062e+01
2.195615005493164062e+01
2.195615005493164062e+01
2.195615005493164062e+01
2.195615005493164062e+01
2.195615005493164062e+01
2.195615005493164062e+01
2.195615005493164062e+01
2.195615005493164062e+01
2.195615005493164062e+01
2.195615005493164062e+01
2.195615005493164062e+01
2.195615005493164062e+01
2.195615005493164062e+01
2.195615005493164062e+01
2.195615005493164062e+01
2.195615005493164062e+01
2.195615005493164062e+01
2.195615005493164062e+01
2.195615005493164062e+01
2.195615005493164062e+01
2.195615005493164062e+01
2.195615005493164062e+01
2.195615005493164062e+01
2.195615005493164062e+01
2.195615005493164062e+01
2.195615005493164062e+01
2.195615005493164062e+01
2.195615005493164062e+01
2.195615005493164062e+01
2.195615005493164062e+01
2.195615005493164062e+01
2.195615005493164062e+01
2.195615005493164062e+01
2.195615005493164062e+01
2.195615005493164062e+01
2.195615005493164062e+01
2.195615005493164062e+01
2.195615005493164062e+01
2.195615005493164062e+01
2.195615005493164062e+01
2.195615005493164062e+01
2.195615005493164062e+01
2.195615005493164062e+01
2.195615005493164062e+01
2.195615005493164062e+01
2.195615005493164062e+01
2.195615005493164062e+01
2.195615005493164062e+01
2.195615005493164062e+01
2.195615005493164062e+01
2.195615005493164062e+01
2.195615005493164062e+01
2.195615005493164062e+01
2.195615005493164062e+01
2.195615005493164062e+01
2.195615005493164062e+01
2.195615005493164062e+01
2.195615005493164062e+01
2.195615005493164062e+01
2.195615005493164062e+01
2.195615005493164062e+01
2.195615005493164062e+01
2.195615005493164062e+01
2.195615005493164062e+01
2.195615005493164062e+01
2.195615005493164062e+01
2.195615005493164062e+01
2.195615005493164062e+01
2.195615005493164062e+01
2.195615005493164062e+01
2.195615005493164062e+01
2.195615005493164062e+01
2.195615005493164062e+01
2.195615005493164062e+01
2.195615005493164062e+01
2.195615005493164062e+01
2.195615005493164062e+01
2.195615005493164062e+01
2.195615005493164062e+01
2.195615005493164062e+01
2.195615005493164062e+01
2.195615005493164062e+01
2.195615005493164062e+01
2.195615005493164062e+01
2.195615005493164062e+01
2.195615005493164062e+01
2.195615005493164062e+01
2.195615005493164062e+01
2.195615005493164062e+01
2.195615005493164062e+01
2.195615005493164062e+01
2.195615005493164062e+01
2.195615005493164062e+01
2.195615005493164062e+01
2.195615005493164062e+01
2.195615005493164062e+01
2.195615005493164062e+01
2.195615005493164062e+01
2.195615005493164062e+01
2.195615005493164062e+01
2.195615005493164062e+01
2.195615005493164062e+01
2.195615005493164062e+01
2.195615005493164062e+01
2.195615005493164062e+01
2.195615005493164062e+01
2.195615005493164062e+01
2.195615005493164062e+01
2.195615005493164062e+01
2.195615005493164062e+01
2.195615005493164062e+01
2.195615005493164062e+01
2.195615005493164062e+01
2.195615005493164062e+01
2.195615005493164062e+01
2.195615005493164062e+01
2.195615005493164062e+01
2.195615005493164062e+01
2.195615005493164062e+01
2.195615005493164062e+01
2.195615005493164062e+01
2.195615005493164062e+01
2.195615005493164062e+01
2.195615005493164062e+01
2.195615005493164062e+01
2.195615005493164062e+01
2.195615005493164062e+01
2.195615005493164062e+01
2.195615005493164062e+01
2.195615005493164062e+01
2.195615005493164062e+01
2.195615005493164062e+01
2.195615005493164062e+01
2.195615005493164062e+01
2.195615005493164062e+01
2.195615005493164062e+01
2.195615005493164062e+01
2.195615005493164062e+01
2.195615005493164062e+01
2.195615005493164062e+01
2.195615005493164062e+01
2.195615005493164062e+01
2.195615005493164062e+01
2.195615005493164062e+01
2.195615005493164062e+01
2.195615005493164062e+01
2.195615005493164062e+01
2.195615005493164062e+01
2.195615005493164062e+01
2.195615005493164062e+01
2.195615005493164062e+01
2.195615005493164062e+01
2.195615005493164062e+01
2.195615005493164062e+01
2.195615005493164062e+01
2.195615005493164062e+01
2.195615005493164062e+01
2.195615005493164062e+01
2.195615005493164062e+01
2.195615005493164062e+01
2.195615005493164062e+01
2.195615005493164062e+01
2.195615005493164062e+01
2.195615005493164062e+01
2.195615005493164062e+01
2.195615005493164062e+01
2.195615005493164062e+01
2.195615005493164062e+01
2.195615005493164062e+01
2.195615005493164062e+01
2.195615005493164062e+01
2.195615005493164062e+01
2.195615005493164062e+01
2.195615005493164062e+01
2.195615005493164062e+01
2.195615005493164062e+01
2.195615005493164062e+01
2.195615005493164062e+01
2.195615005493164062e+01
2.195615005493164062e+01
2.195615005493164062e+01
2.195615005493164062e+01
2.195615005493164062e+01
2.195615005493164062e+01
2.195615005493164062e+01
2.195615005493164062e+01
2.195615005493164062e+01
2.195615005493164062e+01
2.195615005493164062e+01
2.195615005493164062e+01
2.195615005493164062e+01
2.195615005493164062e+01
2.195615005493164062e+01
2.195615005493164062e+01
2.195615005493164062e+01
2.195615005493164062e+01
2.195615005493164062e+01
2.195615005493164062e+01
2.195615005493164062e+01
2.195615005493164062e+01
2.195615005493164062e+01
2.195615005493164062e+01
2.195615005493164062e+01
2.195615005493164062e+01
2.195615005493164062e+01
2.195615005493164062e+01
2.195615005493164062e+01
2.195615005493164062e+01
2.195615005493164062e+01
2.195615005493164062e+01
2.195615005493164062e+01
2.195615005493164062e+01
2.195615005493164062e+01
2.195615005493164062e+01
2.195615005493164062e+01
2.195615005493164062e+01
2.195615005493164062e+01
2.195615005493164062e+01
2.195615005493164062e+01
2.195615005493164062e+01
2.195615005493164062e+01
2.195615005493164062e+01
2.195615005493164062e+01
2.195615005493164062e+01
2.195615005493164062e+01
2.195615005493164062e+01
2.195615005493164062e+01
2.195615005493164062e+01
2.195615005493164062e+01
2.195615005493164062e+01
2.195615005493164062e+01
2.195615005493164062e+01
2.195615005493164062e+01
2.195615005493164062e+01
2.195615005493164062e+01
2.195615005493164062e+01
2.195615005493164062e+01
2.195615005493164062e+01
2.195615005493164062e+01
2.195615005493164062e+01
2.195615005493164062e+01
2.195615005493164062e+01
2.195615005493164062e+01
2.195615005493164062e+01
2.195615005493164062e+01
2.195615005493164062e+01
2.195615005493164062e+01
2.195615005493164062e+01
2.195615005493164062e+01
2.195615005493164062e+01
2.195615005493164062e+01
2.195615005493164062e+01
2.195615005493164062e+01
2.195615005493164062e+01
2.195615005493164062e+01
2.195615005493164062e+01
2.195615005493164062e+01
2.195615005493164062e+01
2.195615005493164062e+01
2.195615005493164062e+01
2.195615005493164062e+01
2.195615005493164062e+01
2.195615005493164062e+01
2.195615005493164062e+01
2.195615005493164062e+01
2.195615005493164062e+01
2.195615005493164062e+01
2.195615005493164062e+01
2.195615005493164062e+01
2.216540527343750000e+01
2.216540527343750000e+01
2.216862297058105469e+01
2.216862297058105469e+01
2.217506027221679688e+01
2.217506027221679688e+01
2.218472290039062500e+01
2.218472290039062500e+01
2.219117164611816406e+01
2.219117164611816406e+01
2.219439697265625000e+01
2.220085716247558594e+01
2.220085716247558594e+01
2.220408821105957031e+01
2.221055984497070312e+01
2.221055984497070312e+01
2.221380043029785156e+01
2.222028732299804688e+01
2.222028732299804688e+01
2.222678947448730469e+01
2.223004341125488281e+01
2.223004341125488281e+01
2.223656463623046875e+01
2.223656463623046875e+01
2.223983192443847656e+01
2.224637794494628906e+01
2.224637794494628906e+01
2.224965667724609375e+01
2.225622940063476562e+01
2.225622940063476562e+01
2.226282119750976562e+01
2.226282119750976562e+01
2.226612663269042969e+01
2.227275085449218750e+01
2.227275085449218750e+01
2.227607154846191406e+01
2.228273010253906250e+01
2.228273010253906250e+01
2.228606986999511719e+01
2.229276657104492188e+01
2.229276657104492188e+01
2.229948997497558594e+01
2.229948997497558594e+01
2.230286216735839844e+01
2.230962944030761719e+01
2.230962944030761719e+01
2.231642532348632812e+01
2.231642532348632812e+01
2.231983566284179688e+01
2.232667922973632812e+01
2.232667922973632812e+01
2.232667922973632812e+01
2.233700942993164062e+01
2.233700942993164062e+01
2.234047126770019531e+01
2.234741973876953125e+01
2.234741973876953125e+01
2.235440444946289062e+01
2.235440444946289062e+01
2.235791206359863281e+01
2.236495780944824219e+01
2.236495780944824219e+01
2.237204170227050781e+01
2.237204170227050781e+01
2.237560081481933594e+01
2.237916946411132812e+01
2.238274765014648438e+01
2.238633918762207031e+01
2.239355468750000000e+01
2.239355468750000000e+01
2.239717864990234375e+01
2.240446281433105469e+01
2.240446281433105469e+01
2.241179466247558594e+01
2.241179466247558594e+01
2.241547775268554688e+01
2.242288398742675781e+01
2.242288398742675781e+01
2.242660713195800781e+01
2.243408966064453125e+01
2.243408966064453125e+01
2.243785095214843750e+01
2.244541168212890625e+01
2.244541168212890625e+01
2.245302200317382812e+01
2.245302200317382812e+01
2.245684814453125000e+01
2.246453475952148438e+01
2.246453475952148438e+01
2.246839714050292969e+01
2.246839714050292969e+01
2.247616004943847656e+01
2.248005867004394531e+01
2.248789596557617188e+01
2.248789596557617188e+01
2.249578094482421875e+01
2.249578094482421875e+01
2.249974060058593750e+01
2.250769805908203125e+01
2.250769805908203125e+01
2.251169586181640625e+01
2.251972579956054688e+01
2.251972579956054688e+01
2.252780151367187500e+01
2.252780151367187500e+01
2.253185844421386719e+01
2.254000473022460938e+01
2.254000473022460938e+01
2.254409599304199219e+01
2.254409599304199219e+01
2.255231094360351562e+01
2.255643653869628906e+01
2.256472206115722656e+01
2.256472206115722656e+01
2.257305145263671875e+01
2.257305145263671875e+01
2.257305145263671875e+01
2.258562850952148438e+01
2.258562850952148438e+01
2.258984375000000000e+01
2.259830665588378906e+01
2.259830665588378906e+01
2.260255432128906250e+01
2.260255432128906250e+01
2.260681152343750000e+01
2.261536216735839844e+01
2.261965179443359375e+01
2.262395286560058594e+01
2.262826538085937500e+01
2.263692092895507812e+01
2.263692092895507812e+01
2.264126396179199219e+01
2.264561653137207031e+01
2.264998054504394531e+01
2.265873908996582031e+01
2.265873908996582031e+01
2.266753959655761719e+01
2.266753959655761719e+01
2.266753959655761719e+01
2.268081283569335938e+01
2.268081283569335938e+01
2.268525886535644531e+01
2.269417762756347656e+01
2.269417762756347656e+01
2.269417762756347656e+01
2.269417762756347656e+01
2.270763015747070312e+01
2.271664619445800781e+01
2.271664619445800781e+01
2.272116851806640625e+01
2.273024177551269531e+01
2.273024177551269531e+01
2.273479270935058594e+01
2.274392127990722656e+01
2.274392127990722656e+01
2.275308799743652344e+01
2.275308799743652344e+01
2.275768470764160156e+01
2.275768470764160156e+01
2.276690673828125000e+01
2.277153015136718750e+01
2.278080558776855469e+01
2.278080558776855469e+01
2.279011726379394531e+01
2.279011726379394531e+01
2.279478645324707031e+01
2.280415344238281250e+01
2.280415344238281250e+01
2.280885124206542969e+01
2.281827163696289062e+01
2.281827163696289062e+01
2.282772827148437500e+01
2.282772827148437500e+01
2.283247184753417969e+01
2.284198379516601562e+01
2.284675216674804688e+01
2.284675216674804688e+01
2.285153198242187500e+01
2.285631942749023438e+01
2.286111640930175781e+01
2.286592292785644531e+01
2.287073898315429688e+01
2.287556266784667969e+01
2.288039779663085938e+01
2.288524055480957031e+01
2.289009284973144531e+01
2.289009284973144531e+01
2.289982414245605469e+01
2.290959167480468750e+01
2.290959167480468750e+01
2.291448974609375000e+01
2.291939735412597656e+01
2.292431449890136719e+01
2.292923927307128906e+01
2.293417549133300781e+01
2.293911933898925781e+01
2.294903373718261719e+01
2.294903373718261719e+01
2.295400619506835938e+01
2.295898818969726562e+01
2.296397781372070312e+01
2.297398567199707031e+01
2.297398567199707031e+01
2.297900390625000000e+01
2.298403167724609375e+01
2.298906707763671875e+01
2.299411392211914062e+01
2.299916839599609375e+01
2.300423240661621094e+01
2.300930595397949219e+01
2.301438903808593750e+01
2.301948165893554688e+01
2.302458190917968750e+01
2.303481292724609375e+01
2.303481292724609375e+01
2.303994178771972656e+01
2.304508209228515625e+01
2.305023002624511719e+01
2.305538558959960938e+01
2.306572914123535156e+01
2.306572914123535156e+01
2.307091522216796875e+01
2.307610893249511719e+01
2.308652687072753906e+01
2.308652687072753906e+01
2.309174919128417969e+01
2.310222244262695312e+01
2.310222244262695312e+01
2.310747337341308594e+01
2.311800193786621094e+01
2.311800193786621094e+01
2.312328147888183594e+01
2.313386726379394531e+01
2.313386726379394531e+01
2.313917350769042969e+01
2.313917350769042969e+01
2.314981651306152344e+01
2.316049575805664062e+01
2.316049575805664062e+01
2.316584968566894531e+01
2.317658615112304688e+01
2.317658615112304688e+01
2.318196868896484375e+01
2.319276046752929688e+01
2.319276046752929688e+01
2.319817161560058594e+01
2.320902061462402344e+01
2.320902061462402344e+01
2.321990585327148438e+01
2.321990585327148438e+01
2.322536277770996094e+01
2.322536277770996094e+01
2.322536277770996094e+01
2.324179077148437500e+01
2.324728584289550781e+01
2.324728584289550781e+01
2.325830268859863281e+01
2.326382446289062500e+01
2.326935577392578125e+01
2.326935577392578125e+01
2.326935577392578125e+01
2.328600883483886719e+01
2.329715538024902344e+01
2.329715538024902344e+01
2.330274391174316406e+01
2.331394577026367188e+01
2.331394577026367188e+01
2.332518768310546875e+01
2.332518768310546875e+01
2.333082199096679688e+01
2.334211730957031250e+01
2.334211730957031250e+01
2.335345077514648438e+01
2.335345077514648438e+01
2.335913085937500000e+01
2.337051963806152344e+01
2.337051963806152344e+01
2.337051963806152344e+01
2.338767242431640625e+01
2.338767242431640625e+01
2.339340782165527344e+01
2.340490722656250000e+01
2.340490722656250000e+01
2.341067123413085938e+01
2.342222595214843750e+01
2.342222595214843750e+01
2.343381690979003906e+01
2.343381690979003906e+01
2.343962669372558594e+01
2.345127296447753906e+01
2.345127296447753906e+01
2.345711135864257812e+01
2.346881294250488281e+01
2.346881294250488281e+01
2.347467803955078125e+01
2.348643493652343750e+01
2.348643493652343750e+01
2.349232673645019531e+01
2.349822807312011719e+01
2.350413894653320312e+01
2.351598739624023438e+01
2.351598739624023438e+01
2.352192497253417969e+01
2.352787208557128906e+01
2.352787208557128906e+01
2.354576683044433594e+01
2.354576683044433594e+01
2.355175209045410156e+01
2.356374549865722656e+01
2.356374549865722656e+01
2.356975746154785156e+01
2.358180618286132812e+01
2.358180618286132812e+01
2.358784484863281250e+01
2.359994697570800781e+01
2.359994697570800781e+01
2.361208724975585938e+01
2.361817169189453125e+01
2.361817169189453125e+01
2.363036537170410156e+01
2.363036537170410156e+01
2.363647651672363281e+01
2.364872360229492188e+01
2.364872360229492188e+01
2.366100692749023438e+01
2.366100692749023438e+01
2.366716194152832031e+01
2.367949867248535156e+01
2.367949867248535156e+01
2.368568038940429688e+01
2.369806861877441406e+01
2.369806861877441406e+01
2.371049118041992188e+01
2.371671676635742188e+01
2.371671676635742188e+01
2.372919082641601562e+01
2.372919082641601562e+01
2.373544120788574219e+01
2.374796676635742188e+01
2.374796676635742188e+01
2.375424194335937500e+01
2.376681709289550781e+01
2.376681709289550781e+01
2.377942657470703125e+01
2.377942657470703125e+01
2.378574371337890625e+01
2.379840278625488281e+01
2.379840278625488281e+01
2.380474472045898438e+01
2.381109428405761719e+01
2.381745338439941406e+01
2.382381820678710938e+01
2.383657455444335938e+01
2.384296607971191406e+01
2.384296607971191406e+01
2.385577011108398438e+01
2.385577011108398438e+01
2.386860656738281250e+01
2.386860656738281250e+01
2.387503623962402344e+01
2.388791847229003906e+01
2.388791847229003906e+01
2.390083312988281250e+01
2.390083312988281250e+01
2.390730094909667969e+01
2.392026138305664062e+01
2.392026138305664062e+01
2.392675399780273438e+01
2.393976020812988281e+01
2.393976020812988281e+01
2.395279693603515625e+01
2.395279693603515625e+01
2.395932579040527344e+01
2.397240638732910156e+01
2.397240638732910156e+01
2.397895812988281250e+01
2.399208450317382812e+01
2.399208450317382812e+01
2.399865722656250000e+01
2.401182746887207031e+01
2.401182746887207031e+01
2.401842308044433594e+01
2.402502441406250000e+01
2.403163528442382812e+01
2.404487609863281250e+01
2.404487609863281250e+01
2.405150794982910156e+01
2.405814552307128906e+01
2.407144355773925781e+01
2.407810211181640625e+01
2.407810211181640625e+01
2.409144020080566406e+01
2.409144020080566406e+01
2.409812164306640625e+01
2.410480690002441406e+01
2.411820220947265625e+01
2.412490844726562500e+01
2.413162231445312500e+01
2.413834381103515625e+01
2.413834381103515625e+01
2.414507102966308594e+01
2.415180587768554688e+01
2.415854835510253906e+01
2.416529846191406250e+01
2.417205429077148438e+01
2.417881965637207031e+01
2.418559074401855469e+01
2.419236946105957031e+01
2.419915580749511719e+01
2.420594978332519531e+01
2.421275329589843750e+01
2.421956253051757812e+01
2.422638130187988281e+01
2.423320579528808594e+01
2.424003982543945312e+01
2.424003982543945312e+01
2.425373268127441406e+01
2.426059150695800781e+01
2.426745796203613281e+01
2.427433395385742188e+01
2.428121757507324219e+01
2.428810882568359375e+01
2.429500961303710938e+01
2.430191993713378906e+01
2.430883789062500000e+01
2.431576538085937500e+01
2.432270240783691406e+01
2.433660125732421875e+01
2.433660125732421875e+01
2.435053825378417969e+01
2.435053825378417969e+01
2.436451148986816406e+01
2.436451148986816406e+01
2.437151336669921875e+01
2.437852287292480469e+01
2.438554382324218750e+01
2.439257240295410156e+01
2.439257240295410156e+01
2.440666198730468750e+01
2.440666198730468750e+01
2.441372108459472656e+01
2.442786979675292969e+01
2.443495750427246094e+01
2.444916725158691406e+01
2.444916725158691406e+01
2.446341896057128906e+01
2.446341896057128906e+01
2.447056007385253906e+01
2.448487281799316406e+01
2.448487281799316406e+01
2.449204635620117188e+01
2.450642585754394531e+01
2.450642585754394531e+01
2.452084732055664062e+01
2.452084732055664062e+01
2.452807426452636719e+01
2.453531455993652344e+01
2.454982566833496094e+01
2.454982566833496094e+01
2.456438255310058594e+01
2.456438255310058594e+01
2.457167816162109375e+01
2.458630371093750000e+01
2.458630371093750000e+01
2.458630371093750000e+01
2.460833168029785156e+01
2.460833168029785156e+01
2.461569976806640625e+01
2.463046836853027344e+01
2.463046836853027344e+01
2.464528656005859375e+01
2.465271377563476562e+01
2.465271377563476562e+01
2.466760635375976562e+01
2.466760635375976562e+01
2.467507171630859375e+01
2.468254852294921875e+01
2.469003868103027344e+01
2.469754028320312500e+01
2.469754028320312500e+01
2.471257972717285156e+01
2.472011566162109375e+01
2.473521995544433594e+01
2.473521995544433594e+01
2.474278640747070312e+01
2.475036430358886719e+01
2.475036430358886719e+01
2.475794982910156250e+01
2.477314949035644531e+01
2.478076362609863281e+01
2.479601287841796875e+01
2.479601287841796875e+01
2.481129455566406250e+01
2.481129455566406250e+01
2.481894493103027344e+01
2.483426666259765625e+01
2.483426666259765625e+01
2.484193611145019531e+01
2.485729217529296875e+01
2.485729217529296875e+01
2.487266921997070312e+01
2.487266921997070312e+01
2.488036346435546875e+01
2.489576530456542969e+01
2.489576530456542969e+01
2.490347099304199219e+01
2.491889190673828125e+01
2.491889190673828125e+01
2.492660522460937500e+01
2.494204139709472656e+01
2.494204139709472656e+01
2.495748138427734375e+01
2.496520423889160156e+01
2.496520423889160156e+01
2.498064804077148438e+01
2.498064804077148438e+01
2.498837089538574219e+01
2.500381469726562500e+01
2.500381469726562500e+01
2.501153564453125000e+01
2.502697181701660156e+01
2.502697181701660156e+01
2.504240036010742188e+01
2.504240036010742188e+01
2.505011177062988281e+01
2.506552314758300781e+01
2.506552314758300781e+01
2.507322502136230469e+01
2.508092117309570312e+01
2.509630203247070312e+01
2.509630203247070312e+01
2.510398483276367188e+01
2.510398483276367188e+01
2.512700271606445312e+01
2.512700271606445312e+01
2.513466262817382812e+01
2.514996528625488281e+01
2.514996528625488281e+01
2.515760421752929688e+01
2.517286300659179688e+01
2.517286300659179688e+01
2.518048095703125000e+01
2.519569015502929688e+01
2.519569015502929688e+01
2.521086311340332031e+01
2.521086311340332031e+01
2.521086311340332031e+01
2.523354911804199219e+01
2.523354911804199219e+01
2.524109077453613281e+01
2.526364898681640625e+01
2.526364898681640625e+01
2.526364898681640625e+01
2.527114486694335938e+01
2.527862739562988281e+01
2.528609848022460938e+01
2.529355812072753906e+01
2.530100440979003906e+01
2.531585884094238281e+01
2.531585884094238281e+01
2.532326889038085938e+01
2.533805084228515625e+01
2.533805084228515625e+01
2.535278320312500000e+01
2.536013221740722656e+01
2.536013221740722656e+01
2.537479591369628906e+01
2.537479591369628906e+01
2.538210868835449219e+01
2.539669990539550781e+01
2.539669990539550781e+01
2.541124725341796875e+01
2.541124725341796875e+01
2.541850280761718750e+01
2.543298149108886719e+01
2.543298149108886719e+01
2.544020462036132812e+01
2.545461654663085938e+01
2.545461654663085938e+01
2.546898460388183594e+01
2.546898460388183594e+01
2.546898460388183594e+01
2.549045562744140625e+01
2.549045562744140625e+01
2.549759101867675781e+01
2.549759101867675781e+01
2.551183128356933594e+01
2.551893615722656250e+01
2.552603149414062500e+01
2.553311538696289062e+01
2.554725265502929688e+01
2.554725265502929688e+01
2.555430793762207031e+01
2.556135177612304688e+01
2.556135177612304688e+01
2.556838607788085938e+01
2.558942985534667969e+01
2.558942985534667969e+01
2.560341072082519531e+01
2.560341072082519531e+01
2.561038780212402344e+01
2.562431335449218750e+01
2.562431335449218750e+01
2.563126182556152344e+01
2.564513206481933594e+01
2.564513206481933594e+01
2.565205383300781250e+01
2.566587066650390625e+01
2.566587066650390625e+01
2.567965316772460938e+01
2.567965316772460938e+01
2.568653106689453125e+01
2.568653106689453125e+01
2.570026016235351562e+01
2.570711326599121094e+01
2.572079277038574219e+01
2.572079277038574219e+01
2.573443984985351562e+01
2.573443984985351562e+01
2.574125099182128906e+01
2.575484848022460938e+01
2.575484848022460938e+01
2.576163673400878906e+01
2.577518844604492188e+01
2.577518844604492188e+01
2.578870964050292969e+01
2.578870964050292969e+01
2.579545974731445312e+01
2.580893516540527344e+01
2.580893516540527344e+01
2.581566238403320312e+01
2.582909584045410156e+01
2.582909584045410156e+01
2.583580207824707031e+01
2.584919357299804688e+01
2.584919357299804688e+01
2.586255645751953125e+01
2.586255645751953125e+01
2.586922645568847656e+01
2.587589073181152344e+01
2.588254737854003906e+01
2.588919830322265625e+01
2.590247726440429688e+01
2.590247726440429688e+01
2.591572761535644531e+01
2.591572761535644531e+01
2.592234230041503906e+01
2.593554878234863281e+01
2.593554878234863281e+01
2.594214248657226562e+01
2.594872665405273438e+01
2.595530509948730469e+01
2.595530509948730469e+01
2.597499656677246094e+01
2.598154640197753906e+01
2.598154640197753906e+01
2.598154640197753906e+01
2.599462318420410156e+01
2.600115013122558594e+01
2.600766944885253906e+01
2.601418113708496094e+01
2.602068710327148438e+01
2.602718353271484375e+01
2.603367424011230469e+01
2.604663085937500000e+01
2.604663085937500000e+01
2.604663085937500000e+01
2.606601142883300781e+01
2.606601142883300781e+01
2.607889366149902344e+01
2.607889366149902344e+01
2.607889366149902344e+01
2.609815788269042969e+01
2.609815788269042969e+01
2.610456466674804688e+01
2.610456466674804688e+01
2.611096382141113281e+01
2.612373924255371094e+01
2.613648223876953125e+01
2.613648223876953125e+01
2.613648223876953125e+01
2.614919471740722656e+01
2.615553855895996094e+01
2.616820526123046875e+01
2.616820526123046875e+01
2.617452621459960938e+01
2.618714332580566406e+01
2.618714332580566406e+01
2.619344139099121094e+01
2.620601081848144531e+01
2.620601081848144531e+01
2.621854972839355469e+01
2.621854972839355469e+01
2.622480773925781250e+01
2.623729705810546875e+01
2.623729705810546875e+01
2.624353027343750000e+01
2.624975585937500000e+01
2.625597190856933594e+01
2.626838111877441406e+01
2.626838111877441406e+01
2.627457237243652344e+01
2.627457237243652344e+01
2.628693389892578125e+01
2.629925918579101562e+01
2.629925918579101562e+01
2.630541038513183594e+01
2.631768798828125000e+01
2.631768798828125000e+01
2.632381439208984375e+01
2.633604240417480469e+01
2.633604240417480469e+01
2.634214210510253906e+01
2.635431861877441406e+01
2.635431861877441406e+01
2.636039543151855469e+01
2.636646270751953125e+01
2.637252044677734375e+01
2.638461303710937500e+01
2.638461303710937500e+01
2.638461303710937500e+01
2.640268516540527344e+01
2.640268516540527344e+01
2.641468811035156250e+01
2.641468811035156250e+01
2.642067718505859375e+01
2.643262863159179688e+01
2.643262863159179688e+01
2.643858909606933594e+01
2.644454193115234375e+01
2.644454193115234375e+01
2.646234512329101562e+01
2.646234512329101562e+01
2.646826171875000000e+01
2.648006629943847656e+01
2.648006629943847656e+01
2.648595428466796875e+01
2.649770164489746094e+01
2.649770164489746094e+01
2.650356101989746094e+01
2.650941085815429688e+01
2.651525115966796875e+01
2.652690315246582031e+01
2.652690315246582031e+01
2.653851699829101562e+01
2.654430961608886719e+01
2.654430961608886719e+01
2.655009078979492188e+01
2.655586433410644531e+01
2.656737899780273438e+01
2.657312011718750000e+01
2.657312011718750000e+01
2.657885360717773438e+01
2.657885360717773438e+01
2.659598922729492188e+01
2.659598922729492188e+01
2.660736274719238281e+01
2.660736274719238281e+01
2.661303329467773438e+01
2.662434387207031250e+01
2.662434387207031250e+01
2.662998390197753906e+01
2.663561248779296875e+01
2.664123153686523438e+01
2.665243721008300781e+01
2.665243721008300781e+01
2.665802383422851562e+01
2.666916656494140625e+01
2.666916656494140625e+01
2.667472076416015625e+01
2.668026542663574219e+01
2.668579864501953125e+01
2.669683074951171875e+01
2.669683074951171875e+01
2.670233154296875000e+01
2.670233154296875000e+01
2.671329879760742188e+01
2.672422218322753906e+01
2.672422218322753906e+01
2.672966575622558594e+01
2.673509979248046875e+01
2.673509979248046875e+01
2.674593162536621094e+01
2.675671958923339844e+01
2.675671958923339844e+01
2.676209449768066406e+01
2.677281379699707031e+01
2.677281379699707031e+01
2.677815437316894531e+01
2.678880310058593750e+01
2.678880310058593750e+01
2.679940414428710938e+01
2.679940414428710938e+01
2.680468750000000000e+01
2.681521797180175781e+01
2.681521797180175781e+01
2.682570457458496094e+01
2.682570457458496094e+01
2.683092880249023438e+01
2.684134864807128906e+01
2.684134864807128906e+01
2.684654235839843750e+01
2.685689735412597656e+01
2.685689735412597656e+01
2.686205863952636719e+01
2.687235260009765625e+01
2.687235260009765625e+01
2.687235260009765625e+01
2.688772010803222656e+01
2.688772010803222656e+01
2.689282417297363281e+01
2.689791870117187500e+01
2.690300369262695312e+01
2.691314888000488281e+01
2.691314888000488281e+01
2.691820716857910156e+01
2.692830085754394531e+01
2.692830085754394531e+01
2.693333435058593750e+01
2.694338035583496094e+01
2.694338035583496094e+01
2.695339393615722656e+01
2.695339393615722656e+01
2.695838928222656250e+01
2.696835899353027344e+01
2.696835899353027344e+01
2.697830009460449219e+01
2.697830009460449219e+01
2.698326110839843750e+01
2.698821449279785156e+01
2.699316406250000000e+01
2.699810409545898438e+01
2.700797080993652344e+01
2.700797080993652344e+01
2.701289367675781250e+01
2.702272605895996094e+01
2.702272605895996094e+01
2.702763366699218750e+01
2.703253555297851562e+01
2.703743171691894531e+01
2.704721260070800781e+01
2.704721260070800781e+01
2.705209541320800781e+01
2.706184959411621094e+01
2.706184959411621094e+01
2.706671905517578125e+01
2.707644844055175781e+01
2.707644844055175781e+01
2.708616256713867188e+01
2.708616256713867188e+01
2.709101295471191406e+01
2.710070800781250000e+01
2.710555076599121094e+01
2.711038970947265625e+01
2.711038970947265625e+01
2.711522674560546875e+01
2.712006187438964844e+01
2.712489318847656250e+01
2.712972450256347656e+01
2.712972450256347656e+01
2.713937759399414062e+01
2.714420318603515625e+01
2.715384674072265625e+01
2.715384674072265625e+01
2.715866661071777344e+01
2.716830444335937500e+01
2.716830444335937500e+01
2.717312049865722656e+01
2.718275260925292969e+01
2.718275260925292969e+01
2.719238281250000000e+01
2.719238281250000000e+01
2.719238281250000000e+01
2.719238281250000000e+01
2.719238281250000000e+01
2.719238281250000000e+01
2.719238281250000000e+01
2.719238281250000000e+01
2.719238281250000000e+01
2.719238281250000000e+01
2.719238281250000000e+01
2.719238281250000000e+01
2.719238281250000000e+01
2.719238281250000000e+01
2.719238281250000000e+01
2.719238281250000000e+01
2.719238281250000000e+01
2.719238281250000000e+01
2.719238281250000000e+01
2.719238281250000000e+01
2.719238281250000000e+01
2.719238281250000000e+01
2.719238281250000000e+01
2.719238281250000000e+01
2.719238281250000000e+01
2.719238281250000000e+01
2.719238281250000000e+01
2.719238281250000000e+01
2.719238281250000000e+01
2.719238281250000000e+01
2.719238281250000000e+01
2.719238281250000000e+01
2.719238281250000000e+01
2.719238281250000000e+01
2.719238281250000000e+01
2.719238281250000000e+01
2.719238281250000000e+01
2.719238281250000000e+01
2.719238281250000000e+01
2.719238281250000000e+01
2.719238281250000000e+01
2.719238281250000000e+01
2.719238281250000000e+01
2.719238281250000000e+01
2.719238281250000000e+01
2.719238281250000000e+01
2.719238281250000000e+01
2.719238281250000000e+01
2.719238281250000000e+01
2.719238281250000000e+01
2.719238281250000000e+01
2.719238281250000000e+01
2.719238281250000000e+01
2.719238281250000000e+01
2.719238281250000000e+01
2.719238281250000000e+01
2.719238281250000000e+01
2.719238281250000000e+01
2.719238281250000000e+01
2.719238281250000000e+01
2.719238281250000000e+01
2.719238281250000000e+01
2.719238281250000000e+01
2.719238281250000000e+01
2.719238281250000000e+01
2.719238281250000000e+01
2.719238281250000000e+01
2.719238281250000000e+01
2.719238281250000000e+01
2.719238281250000000e+01
2.719238281250000000e+01
2.719238281250000000e+01
2.719238281250000000e+01
2.719238281250000000e+01
2.719238281250000000e+01
2.719238281250000000e+01
2.719238281250000000e+01
2.719238281250000000e+01
2.719238281250000000e+01
2.719238281250000000e+01
2.719238281250000000e+01
2.719238281250000000e+01
2.719238281250000000e+01
2.719238281250000000e+01
2.719238281250000000e+01
2.719238281250000000e+01
2.719238281250000000e+01
2.719238281250000000e+01
2.719238281250000000e+01
2.719238281250000000e+01
2.719238281250000000e+01
2.719238281250000000e+01
2.719238281250000000e+01
2.719238281250000000e+01
2.719238281250000000e+01
2.719238281250000000e+01
2.719238281250000000e+01
2.719238281250000000e+01
2.719238281250000000e+01
2.719238281250000000e+01
2.719238281250000000e+01
2.719238281250000000e+01
2.719238281250000000e+01
2.719238281250000000e+01
2.719238281250000000e+01
2.719238281250000000e+01
2.719238281250000000e+01
2.719238281250000000e+01
2.719238281250000000e+01
2.719238281250000000e+01
2.719238281250000000e+01
2.719238281250000000e+01
2.719238281250000000e+01
2.719238281250000000e+01
2.719238281250000000e+01
2.719238281250000000e+01
2.719238281250000000e+01
2.719238281250000000e+01
2.719238281250000000e+01
2.719238281250000000e+01
2.719238281250000000e+01
2.719238281250000000e+01
2.719238281250000000e+01
2.719238281250000000e+01
2.719238281250000000e+01
2.719238281250000000e+01
2.719238281250000000e+01
2.719238281250000000e+01
2.719238281250000000e+01
2.719238281250000000e+01
2.719238281250000000e+01
2.719238281250000000e+01
2.719238281250000000e+01
2.719238281250000000e+01
2.719238281250000000e+01
2.719238281250000000e+01
2.719238281250000000e+01
2.719238281250000000e+01
2.719238281250000000e+01
2.719238281250000000e+01
2.719238281250000000e+01
2.719238281250000000e+01
2.719238281250000000e+01
2.719238281250000000e+01
2.719238281250000000e+01
2.719238281250000000e+01
2.719238281250000000e+01
2.719238281250000000e+01
2.719238281250000000e+01
2.719238281250000000e+01
2.719238281250000000e+01
2.719238281250000000e+01
2.719238281250000000e+01
2.719238281250000000e+01
2.719238281250000000e+01
2.719238281250000000e+01
2.719238281250000000e+01
2.719238281250000000e+01
2.719238281250000000e+01
2.719238281250000000e+01
2.719238281250000000e+01
2.719238281250000000e+01
2.719238281250000000e+01
2.719238281250000000e+01
2.719238281250000000e+01
2.719238281250000000e+01
2.719238281250000000e+01
2.719238281250000000e+01
2.719238281250000000e+01
2.719238281250000000e+01
2.719238281250000000e+01
2.719238281250000000e+01
2.719238281250000000e+01
2.719238281250000000e+01
2.719238281250000000e+01
2.719238281250000000e+01
2.719238281250000000e+01
2.719238281250000000e+01
2.719238281250000000e+01
2.719238281250000000e+01
2.719238281250000000e+01
2.719238281250000000e+01
2.719238281250000000e+01
2.719238281250000000e+01
2.719238281250000000e+01
2.719238281250000000e+01
2.719238281250000000e+01
2.719238281250000000e+01
2.719238281250000000e+01
2.719238281250000000e+01
2.719238281250000000e+01
2.719238281250000000e+01
2.719238281250000000e+01
2.719238281250000000e+01
2.719238281250000000e+01
2.719238281250000000e+01
2.719238281250000000e+01
2.719238281250000000e+01
2.719238281250000000e+01
2.719238281250000000e+01
2.719238281250000000e+01
2.719238281250000000e+01
2.719238281250000000e+01
2.719238281250000000e+01
2.719238281250000000e+01
2.719238281250000000e+01
2.719238281250000000e+01
2.719238281250000000e+01
2.719238281250000000e+01
2.719238281250000000e+01
2.719238281250000000e+01
2.719238281250000000e+01
2.719238281250000000e+01
2.719238281250000000e+01
2.719238281250000000e+01
2.719238281250000000e+01
2.719238281250000000e+01
2.719238281250000000e+01
2.719238281250000000e+01
2.719238281250000000e+01
2.719238281250000000e+01
2.719238281250000000e+01
2.719238281250000000e+01
2.719238281250000000e+01
2.719238281250000000e+01
2.719238281250000000e+01
2.719238281250000000e+01
2.719238281250000000e+01
2.719238281250000000e+01
2.719238281250000000e+01
2.719238281250000000e+01
2.719238281250000000e+01
2.719238281250000000e+01
2.719238281250000000e+01
2.719238281250000000e+01
2.719238281250000000e+01
2.719238281250000000e+01
2.719238281250000000e+01
2.719238281250000000e+01
2.719238281250000000e+01
2.719238281250000000e+01
2.719238281250000000e+01
2.719238281250000000e+01
2.719238281250000000e+01
2.719238281250000000e+01
2.719238281250000000e+01
2.719238281250000000e+01
2.719238281250000000e+01
2.719238281250000000e+01
2.719238281250000000e+01
2.719238281250000000e+01
2.719238281250000000e+01
2.719238281250000000e+01
2.719238281250000000e+01
2.719238281250000000e+01
2.719238281250000000e+01
2.719238281250000000e+01
2.719238281250000000e+01
2.719238281250000000e+01
2.719238281250000000e+01
2.719238281250000000e+01
2.719238281250000000e+01
2.719238281250000000e+01
2.719238281250000000e+01
2.719238281250000000e+01
2.719238281250000000e+01
2.719238281250000000e+01
2.719238281250000000e+01
2.719238281250000000e+01
2.719238281250000000e+01
2.719238281250000000e+01
2.719238281250000000e+01
2.719238281250000000e+01
2.719238281250000000e+01
2.719238281250000000e+01
2.719238281250000000e+01
2.719238281250000000e+01
2.719238281250000000e+01
2.719238281250000000e+01
2.719238281250000000e+01
2.719238281250000000e+01
2.719238281250000000e+01
2.719238281250000000e+01
2.719238281250000000e+01
2.719238281250000000e+01
2.719238281250000000e+01
2.719238281250000000e+01
2.719238281250000000e+01
2.719238281250000000e+01
2.719238281250000000e+01
2.719238281250000000e+01
2.719238281250000000e+01
2.719238281250000000e+01
2.719238281250000000e+01
2.719238281250000000e+01
2.719238281250000000e+01
2.719238281250000000e+01
2.719238281250000000e+01
2.719238281250000000e+01
2.719238281250000000e+01
2.719238281250000000e+01
2.719238281250000000e+01
2.719238281250000000e+01
2.719238281250000000e+01
2.719238281250000000e+01
2.719238281250000000e+01
2.719238281250000000e+01
2.719238281250000000e+01
2.719238281250000000e+01
2.719238281250000000e+01
2.719238281250000000e+01
2.719238281250000000e+01
2.719238281250000000e+01
2.719238281250000000e+01
2.719238281250000000e+01
2.719238281250000000e+01
2.719238281250000000e+01
2.719238281250000000e+01
2.719238281250000000e+01
2.719238281250000000e+01
2.719238281250000000e+01
2.719238281250000000e+01
2.719238281250000000e+01
2.719238281250000000e+01
2.719238281250000000e+01
2.719238281250000000e+01
2.719238281250000000e+01
2.719238281250000000e+01
2.719238281250000000e+01
2.719238281250000000e+01
2.719238281250000000e+01
2.719238281250000000e+01
2.719238281250000000e+01
2.719238281250000000e+01
2.719238281250000000e+01
2.719238281250000000e+01
2.719238281250000000e+01
2.719238281250000000e+01
2.719238281250000000e+01
2.719238281250000000e+01
2.719238281250000000e+01
2.719238281250000000e+01
2.719238281250000000e+01
2.719238281250000000e+01
2.719238281250000000e+01
2.719238281250000000e+01
2.719238281250000000e+01
2.719238281250000000e+01
2.719238281250000000e+01
2.755628013610839844e+01
2.755628013610839844e+01
2.758083534240722656e+01
2.758083534240722656e+01
2.759311676025390625e+01
2.759311676025390625e+01
2.759926033020019531e+01
2.760540580749511719e+01
2.761155128479003906e+01
2.761769866943359375e+01
2.762384796142578125e+01
2.763615417480468750e+01
2.763615417480468750e+01
2.764231109619140625e+01
2.765463256835937500e+01
2.766079902648925781e+01
2.766079902648925781e+01
2.767313957214355469e+01
2.767313957214355469e+01
2.767931556701660156e+01
2.769167709350585938e+01
2.769167709350585938e+01
2.769786453247070312e+01
2.771025276184082031e+01
2.771025276184082031e+01
2.771645355224609375e+01
2.772886848449707031e+01
2.772886848449707031e+01
2.774130630493164062e+01
2.774130630493164062e+01
2.774753379821777344e+01
2.775376510620117188e+01
2.776624870300292969e+01
2.777249908447265625e+01
2.777249908447265625e+01
2.779129028320312500e+01
2.779129028320312500e+01
2.779129028320312500e+01
2.779756736755371094e+01
2.779756736755371094e+01
2.781644248962402344e+01
2.781644248962402344e+01
2.782906532287597656e+01
2.783538818359375000e+01
2.784171867370605469e+01
2.784805870056152344e+01
2.784805870056152344e+01
2.785440635681152344e+01
2.786713027954101562e+01
2.786713027954101562e+01
2.787350463867187500e+01
2.788628387451171875e+01
2.788628387451171875e+01
2.789909934997558594e+01
2.790552330017089844e+01
2.790552330017089844e+01
2.791839981079101562e+01
2.791839981079101562e+01
2.792485427856445312e+01
2.793779563903808594e+01
2.793779563903808594e+01
2.795078086853027344e+01
2.795729064941406250e+01
2.795729064941406250e+01
2.797034454345703125e+01
2.797689056396484375e+01
2.797689056396484375e+01
2.799001312255859375e+01
2.799001312255859375e+01
2.799659347534179688e+01
2.800978851318359375e+01
2.800978851318359375e+01
2.802303314208984375e+01
2.802967262268066406e+01
2.803632354736328125e+01
2.804298782348632812e+01
2.804966545104980469e+01
2.805635452270507812e+01
2.806305503845214844e+01
2.806305503845214844e+01
2.806976890563964844e+01
2.808323287963867188e+01
2.808998489379882812e+01
2.809674835205078125e+01
2.810352516174316406e+01
2.811031341552734375e+01
2.811711692810058594e+01
2.811711692810058594e+01
2.813076019287109375e+01
2.813759994506835938e+01
2.813759994506835938e+01
2.815132141113281250e+01
2.815820121765136719e+01
2.816509437561035156e+01
2.817200279235839844e+01
2.817200279235839844e+01
2.817892265319824219e+01
2.819280242919921875e+01
2.819280242919921875e+01
2.820673751831054688e+01
2.821372413635253906e+01
2.821372413635253906e+01
2.822774124145507812e+01
2.822774124145507812e+01
2.823476982116699219e+01
2.824181175231933594e+01
2.826302337646484375e+01
2.826302337646484375e+01
2.826302337646484375e+01
2.827723503112792969e+01
2.827723503112792969e+01
2.828436088562011719e+01
2.829150199890136719e+01
2.829865837097167969e+01
2.830582809448242188e+01
2.831301116943359375e+01
2.832020950317382812e+01
2.832742309570312500e+01
2.833465003967285156e+01
2.834189224243164062e+01
2.834914970397949219e+01
2.835642051696777344e+01
2.836370658874511719e+01
2.837100791931152344e+01
2.837832450866699219e+01
2.838565635681152344e+01
2.839300155639648438e+01
2.840036201477050781e+01
2.840773773193359375e+01
2.841512870788574219e+01
2.842253303527832031e+01
2.842995262145996094e+01
2.843738365173339844e+01
2.843738365173339844e+01
2.845974922180175781e+01
2.845974922180175781e+01
2.846722793579101562e+01
2.847471809387207031e+01
2.848221778869628906e+01
2.848972702026367188e+01
2.849724388122558594e+01
2.850477218627929688e+01
2.851230812072753906e+01
2.851984977722167969e+01
2.853495788574218750e+01
2.853495788574218750e+01
2.855009269714355469e+01
2.855009269714355469e+01
2.855009269714355469e+01
2.857283210754394531e+01
2.858041954040527344e+01
2.858801078796386719e+01
2.859560585021972656e+01
2.860320472717285156e+01
2.860320472717285156e+01
2.861080360412597656e+01
2.862600708007812500e+01
2.862600708007812500e+01
2.863360977172851562e+01
2.864881515502929688e+01
2.864881515502929688e+01
2.865641593933105469e+01
2.867161560058593750e+01
2.867161560058593750e+01
2.867921257019042969e+01
2.869439697265625000e+01
2.869439697265625000e+01
2.870956611633300781e+01
2.871714401245117188e+01
2.872471618652343750e+01
2.873228454589843750e+01
2.873228454589843750e+01
2.874740028381347656e+01
2.875494766235351562e+01
2.875494766235351562e+01
2.877001953125000000e+01
2.877754402160644531e+01
2.877754402160644531e+01
2.879256248474121094e+01
2.879256248474121094e+01
2.880005836486816406e+01
2.881501770019531250e+01
2.881501770019531250e+01
2.882993125915527344e+01
2.883736991882324219e+01
2.883736991882324219e+01
2.884479522705078125e+01
2.885220718383789062e+01
2.886699104309082031e+01
2.887436103820800781e+01
2.887436103820800781e+01
2.888171577453613281e+01
2.889637947082519531e+01
2.889637947082519531e+01
2.891098022460937500e+01
2.891825675964355469e+01
2.891825675964355469e+01
2.892551994323730469e+01
2.893276596069335938e+01
2.894721603393554688e+01
2.894721603393554688e+01
2.896160697937011719e+01
2.896878051757812500e+01
2.896878051757812500e+01
2.897594070434570312e+01
2.899021530151367188e+01
2.899021530151367188e+01
2.899733161926269531e+01
2.900443458557128906e+01
2.901152420043945312e+01
2.902566146850585938e+01
2.902566146850585938e+01
2.903270912170410156e+01
2.904676628112792969e+01
2.904676628112792969e+01
2.905377578735351562e+01
2.906775283813476562e+01
2.906775283813476562e+01
2.906775283813476562e+01
2.908862495422363281e+01
2.908862495422363281e+01
2.910247611999511719e+01
2.910938453674316406e+01
2.911627960205078125e+01
2.912316322326660156e+01
2.912316322326660156e+01
2.913689231872558594e+01
2.914374160766601562e+01
2.915057754516601562e+01
2.915740203857421875e+01
2.915740203857421875e+01
2.916421508789062500e+01
2.917101860046386719e+01
2.918458938598632812e+01
2.919135856628417969e+01
2.919135856628417969e+01
2.921160125732421875e+01
2.921160125732421875e+01
2.921160125732421875e+01
2.921832847595214844e+01
2.923175048828125000e+01
2.923175048828125000e+01
2.923844528198242188e+01
2.925180816650390625e+01
2.925180816650390625e+01
2.925180816650390625e+01
2.927177810668945312e+01
2.927177810668945312e+01
2.927841567993164062e+01
2.929166221618652344e+01
2.929166221618652344e+01
2.930487251281738281e+01
2.930487251281738281e+01
2.931804847717285156e+01
2.932462310791015625e+01
2.932462310791015625e+01
2.933774566650390625e+01
2.934429550170898438e+01
2.935083389282226562e+01
2.935736656188964844e+01
2.935736656188964844e+01
2.936388969421386719e+01
2.936388969421386719e+01
2.937690925598144531e+01
2.938340377807617188e+01
2.939636993408203125e+01
2.939636993408203125e+01
2.940283966064453125e+01
2.941575241088867188e+01
2.941575241088867188e+01
2.942862892150878906e+01
2.942862892150878906e+01
2.943505287170410156e+01
2.944787216186523438e+01
2.944787216186523438e+01
2.945426940917968750e+01
2.946703338623046875e+01
2.946703338623046875e+01
2.947340011596679688e+01
2.948610687255859375e+01
2.948610687255859375e+01
2.949877548217773438e+01
2.949877548217773438e+01
2.949877548217773438e+01
2.951770591735839844e+01
2.951770591735839844e+01
2.952399635314941406e+01
2.953027725219726562e+01
2.954280853271484375e+01
2.954905891418457031e+01
2.954905891418457031e+01
2.955529975891113281e+01
2.956775093078613281e+01
2.956775093078613281e+01
2.957396125793457031e+01
2.958635139465332031e+01
2.958635139465332031e+01
2.959869956970214844e+01
2.959869956970214844e+01
2.959869956970214844e+01
2.961714363098144531e+01
2.961714363098144531e+01
2.961714363098144531e+01
2.963549423217773438e+01
2.963549423217773438e+01
2.965374755859375000e+01
2.965374755859375000e+01
2.965374755859375000e+01
2.965980911254882812e+01
2.966586112976074219e+01
2.967190361022949219e+01
2.967793273925781250e+01
2.968395233154296875e+01
2.968996047973632812e+01
2.969595718383789062e+01
2.970194435119628906e+01
2.970791816711425781e+01
2.971388244628906250e+01
2.972577476501464844e+01
2.973170471191406250e+01
2.973170471191406250e+01
2.973762321472167969e+01
2.974353027343750000e+01
2.975531005859375000e+01
2.975531005859375000e+01
2.976118278503417969e+01
2.977289390563964844e+01
2.977289390563964844e+01
2.978455924987792969e+01
2.979037475585937500e+01
2.979037475585937500e+01
2.979617881774902344e+01
2.980197143554687500e+01
2.980775260925292969e+01
2.981928062438964844e+01
2.981928062438964844e+01
2.983648872375488281e+01
2.983648872375488281e+01
2.984220123291015625e+01
2.984790229797363281e+01
2.984790229797363281e+01
2.985359382629394531e+01
2.985927200317382812e+01
2.987059402465820312e+01
2.987623977661132812e+01
2.987623977661132812e+01
2.988187217712402344e+01
2.989310264587402344e+01
2.989310264587402344e+01
2.989870262145996094e+01
2.990986442565917969e+01
2.990986442565917969e+01
2.992098236083984375e+01
2.992652320861816406e+01
2.992652320861816406e+01
2.993757247924804688e+01
2.993757247924804688e+01
2.994307899475097656e+01
2.995405960083007812e+01
2.995405960083007812e+01
2.995405960083007812e+01
2.997044181823730469e+01
2.997044181823730469e+01
2.997588157653808594e+01
2.998672294616699219e+01
2.998672294616699219e+01
2.999752044677734375e+01
3.000290107727050781e+01
3.000290107727050781e+01
3.001362800598144531e+01
3.001362800598144531e+01
3.002430915832519531e+01
3.002963447570800781e+01
3.002963447570800781e+01
3.004024696350097656e+01
3.004024696350097656e+01
3.004553604125976562e+01
3.005607986450195312e+01
3.005607986450195312e+01
3.006133460998535156e+01
3.007180976867675781e+01
3.007180976867675781e+01
3.008223915100097656e+01
3.008743667602539062e+01
3.008743667602539062e+01
3.009779548645019531e+01
3.010295867919921875e+01
3.010295867919921875e+01
3.011324882507324219e+01
3.011324882507324219e+01
3.011837768554687500e+01
3.012859916687011719e+01
3.012859916687011719e+01
3.013877487182617188e+01
3.014384460449218750e+01
3.014890480041503906e+01
3.015395164489746094e+01
3.015898704528808594e+01
3.016401100158691406e+01
3.016902160644531250e+01
3.016902160644531250e+01
3.017402267456054688e+01
3.018398857116699219e+01
3.018398857116699219e+01
3.019390869140625000e+01
3.019885063171386719e+01
3.020378112792968750e+01
3.020870018005371094e+01
3.020870018005371094e+01
3.021360588073730469e+01
3.022338485717773438e+01
3.022338485717773438e+01
3.023311614990234375e+01
3.023796463012695312e+01
3.023796463012695312e+01
3.024762535095214844e+01
3.024762535095214844e+01
3.025243949890136719e+01
3.026202964782714844e+01
3.026202964782714844e+01
3.026680564880371094e+01
3.027632522583007812e+01
3.027632522583007812e+01
3.028579711914062500e+01
3.029051399230957031e+01
3.029051399230957031e+01
3.029991531372070312e+01
3.030459785461425781e+01
3.030926704406738281e+01
3.030926704406738281e+01
3.031857109069824219e+01
3.032320594787597656e+01
3.032320594787597656e+01
3.032782936096191406e+01
3.033243942260742188e+01
3.033703804016113281e+01
3.034162330627441406e+01
3.035076141357421875e+01
3.035076141357421875e+01
3.035531234741210938e+01
3.036437606811523438e+01
3.036437606811523438e+01
3.037339210510253906e+01
3.037788200378417969e+01
3.037788200378417969e+01
3.038682746887207031e+01
3.039128112792968750e+01
3.039572334289550781e+01
3.040015220642089844e+01
3.040015220642089844e+01
3.040456962585449219e+01
3.041336822509765625e+01
3.041336822509765625e+01
3.041336822509765625e+01
3.042647361755371094e+01
3.043081855773925781e+01
3.043515014648437500e+01
3.043515014648437500e+01
3.043947029113769531e+01
3.044807434082031250e+01
3.044807434082031250e+01
3.045662879943847656e+01
3.045662879943847656e+01
3.046088600158691406e+01
3.046513366699218750e+01
3.046936798095703125e+01
3.047358894348144531e+01
3.048199462890625000e+01
3.048617935180664062e+01
3.049035263061523438e+01
3.049451255798339844e+01
3.049451255798339844e+01
3.050279426574707031e+01
3.050279426574707031e+01
3.050691604614257812e+01
3.051512527465820312e+01
3.051512527465820312e+01
3.052328300476074219e+01
3.052328300476074219e+01
3.052734375000000000e+01
3.053542709350585938e+01
3.053944969177246094e+01
3.053944969177246094e+01
3.054745674133300781e+01
3.054745674133300781e+01
3.055144309997558594e+01
3.055937576293945312e+01
3.055937576293945312e+01
3.056332206726074219e+01
3.057118034362792969e+01
3.057508850097656250e+01
3.057898521423339844e+01
3.057898521423339844e+01
3.058287048339843750e+01
3.059060096740722656e+01
3.059060096740722656e+01
3.059444808959960938e+01
3.060210227966308594e+01
3.060210227966308594e+01
3.060970497131347656e+01
3.061348915100097656e+01
3.061348915100097656e+01
3.062101554870605469e+01
3.062101554870605469e+01
3.062475967407226562e+01
3.063220977783203125e+01
3.063220977783203125e+01
3.063961029052734375e+01
3.064328956604003906e+01
3.064328956604003906e+01
3.065061187744140625e+01
3.065061187744140625e+01
3.065425300598144531e+01
3.066149902343750000e+01
3.066149902343750000e+01
3.066869163513183594e+01
3.067226982116699219e+01
3.067226982116699219e+01
3.067938613891601562e+01
3.067938613891601562e+01
3.068292427062988281e+01
3.068996429443359375e+01
3.068996429443359375e+01
3.069695091247558594e+01
3.070042610168457031e+01
3.070042610168457031e+01
3.070733833312988281e+01
3.071077537536621094e+01
3.071419906616210938e+01
3.071761131286621094e+01
3.071761131286621094e+01
3.072439575195312500e+01
3.072439575195312500e+01
3.072776985168457031e+01
3.073113059997558594e+01
3.073447799682617188e+01
3.073781394958496094e+01
3.074444770812988281e+01
3.074444770812988281e+01
3.074774360656738281e+01
3.075430297851562500e+01
3.075430297851562500e+01
3.076081085205078125e+01
3.076404571533203125e+01
3.076404571533203125e+01
3.077047729492187500e+01
3.077367591857910156e+01
3.077686119079589844e+01
3.078003311157226562e+01
3.078003311157226562e+01
3.078319358825683594e+01
3.078947830200195312e+01
3.078947830200195312e+01
3.079571151733398438e+01
3.080189514160156250e+01
3.080189514160156250e+01
3.080496978759765625e+01
3.080803108215332031e+01
3.081108093261718750e+01
3.081108093261718750e+01
3.081411743164062500e+01
3.082015419006347656e+01
3.082315444946289062e+01
3.082315444946289062e+01
3.082911682128906250e+01
3.083208084106445312e+01
3.083208084106445312e+01
3.083797073364257812e+01
3.083797073364257812e+01
3.084089660644531250e+01
3.084671401977539062e+01
3.084671401977539062e+01
3.084960365295410156e+01
3.085534858703613281e+01
3.085534858703613281e+01
3.086104393005371094e+01
3.086387252807617188e+01
3.086669158935546875e+01
3.086949729919433594e+01
3.086949729919433594e+01
3.087228965759277344e+01
3.087784004211425781e+01
3.087784004211425781e+01
3.088059616088867188e+01
3.088607025146484375e+01
3.088607025146484375e+01
3.089149475097656250e+01
3.089418792724609375e+01
3.089418792724609375e+01
3.089686775207519531e+01
3.089953613281250000e+01
3.089953613281250000e+01
3.090745925903320312e+01
3.090745925903320312e+01
3.091267585754394531e+01
3.091526412963867188e+01
3.091526412963867188e+01
3.092039871215820312e+01
3.092039871215820312e+01
3.092039871215820312e+01
3.092799949645996094e+01
3.092799949645996094e+01
3.093050575256347656e+01
3.093547630310058594e+01
3.093547630310058594e+01
3.094038963317871094e+01
3.094038963317871094e+01
3.094282531738281250e+01
3.094765472412109375e+01
3.094765472412109375e+01
3.095242500305175781e+01
3.095478820800781250e+01
3.095478820800781250e+01
3.095947074890136719e+01
3.096179008483886719e+01
3.096409416198730469e+01
3.096638298034667969e+01
3.096638298034667969e+01
3.096865844726562500e+01
3.097316169738769531e+01
3.097316169738769531e+01
3.097538948059082031e+01
3.097980117797851562e+01
3.098198318481445312e+01
3.098198318481445312e+01
3.098414993286132812e+01
3.098629951477050781e+01
3.099055480957031250e+01
3.099055480957031250e+01
3.099474716186523438e+01
3.099681854248046875e+01
3.099681854248046875e+01
3.100091171264648438e+01
3.100091171264648438e+01
3.100091171264648438e+01
3.100494194030761719e+01
3.100693321228027344e+01
3.100693321228027344e+01
3.101280403137207031e+01
3.101280403137207031e+01
3.101472663879394531e+01
3.101852416992187500e+01
3.101852416992187500e+01
3.102039718627929688e+01
3.102225494384765625e+01
3.102225494384765625e+01
3.102772903442382812e+01
3.102772903442382812e+01
3.102952194213867188e+01
3.103306198120117188e+01
3.103306198120117188e+01
3.103654289245605469e+01
3.103826332092285156e+01
3.103996849060058594e+01
3.104166030883789062e+01
3.104166030883789062e+01
3.104333877563476562e+01
3.104665565490722656e+01
3.104665565490722656e+01
3.104992294311523438e+01
3.104992294311523438e+01
3.105153846740722656e+01
3.105473327636718750e+01
3.105473327636718750e+01
3.105631256103515625e+01
3.105944061279296875e+01
3.105944061279296875e+01
3.106252670288085938e+01
3.106405448913574219e+01
3.106405448913574219e+01
3.106708145141601562e+01
3.106858062744140625e+01
3.106858062744140625e+01
3.107155227661132812e+01
3.107155227661132812e+01
3.107302665710449219e+01
3.107594871520996094e+01
3.107594871520996094e+01
3.107884025573730469e+01
3.107884025573730469e+01
3.107884025573730469e+01
3.108312606811523438e+01
3.108312606811523438e+01
3.108595085144042969e+01
3.108735275268554688e+01
3.108735275268554688e+01
3.109014320373535156e+01
3.109153175354003906e+01
3.109291458129882812e+01
3.109429359436035156e+01
3.109429359436035156e+01
3.109429359436035156e+01
3.109840393066406250e+01
3.109840393066406250e+01
3.109976768493652344e+01
3.110248374938964844e+01
3.110383796691894531e+01
3.110519027709960938e+01
3.110519027709960938e+01
3.110654067993164062e+01
3.110923576354980469e+01
3.110923576354980469e+01
3.111192512512207031e+01
3.111326789855957031e+01
3.111461067199707031e+01
3.111595344543457031e+01
3.111595344543457031e+01
3.111595344543457031e+01
3.111595344543457031e+01
3.111595344543457031e+01
3.111595344543457031e+01
3.111595344543457031e+01
3.111595344543457031e+01
3.111595344543457031e+01
3.111595344543457031e+01
3.111595344543457031e+01
3.111595344543457031e+01
3.111595344543457031e+01
3.111595344543457031e+01
3.111595344543457031e+01
3.111595344543457031e+01
3.111595344543457031e+01
3.111595344543457031e+01
3.111595344543457031e+01
3.111595344543457031e+01
3.111595344543457031e+01
3.111595344543457031e+01
3.111595344543457031e+01
3.111595344543457031e+01
3.111595344543457031e+01
3.111595344543457031e+01
3.111595344543457031e+01
3.111595344543457031e+01
3.111595344543457031e+01
3.111595344543457031e+01
3.111595344543457031e+01
3.111595344543457031e+01
3.111595344543457031e+01
3.111595344543457031e+01
3.111595344543457031e+01
3.111595344543457031e+01
3.111595344543457031e+01
3.111595344543457031e+01
3.111595344543457031e+01
3.111595344543457031e+01
3.111595344543457031e+01
3.111595344543457031e+01
3.111595344543457031e+01
3.111595344543457031e+01
3.111595344543457031e+01
3.111595344543457031e+01
3.111595344543457031e+01
3.111595344543457031e+01
3.111595344543457031e+01
3.111595344543457031e+01
3.111595344543457031e+01
3.111595344543457031e+01
3.111595344543457031e+01
3.111595344543457031e+01
3.111595344543457031e+01
3.111595344543457031e+01
3.111595344543457031e+01
3.111595344543457031e+01
3.111595344543457031e+01
3.111595344543457031e+01
3.111595344543457031e+01
3.111595344543457031e+01
3.111595344543457031e+01
3.111595344543457031e+01
3.111595344543457031e+01
3.111595344543457031e+01
3.111595344543457031e+01
3.111595344543457031e+01
3.111595344543457031e+01
3.111595344543457031e+01
3.111595344543457031e+01
3.111595344543457031e+01
3.111595344543457031e+01
3.111595344543457031e+01
3.111595344543457031e+01
3.111595344543457031e+01
3.111595344543457031e+01
3.111595344543457031e+01
3.111595344543457031e+01
3.111595344543457031e+01
3.111595344543457031e+01
3.111595344543457031e+01
3.111595344543457031e+01
3.111595344543457031e+01
3.111595344543457031e+01
3.111595344543457031e+01
3.111595344543457031e+01
3.111595344543457031e+01
3.111595344543457031e+01
3.111595344543457031e+01
3.111595344543457031e+01
3.111595344543457031e+01
3.111595344543457031e+01
3.111595344543457031e+01
3.111595344543457031e+01
3.111595344543457031e+01
3.111595344543457031e+01
3.111595344543457031e+01
3.111595344543457031e+01
3.111595344543457031e+01
3.111595344543457031e+01
3.111595344543457031e+01
3.111595344543457031e+01
3.111595344543457031e+01
3.111595344543457031e+01
3.111595344543457031e+01
3.111595344543457031e+01
3.111595344543457031e+01
3.111595344543457031e+01
3.111595344543457031e+01
3.111595344543457031e+01
3.111595344543457031e+01
3.111595344543457031e+01
3.111595344543457031e+01
3.111595344543457031e+01
3.111595344543457031e+01
3.111595344543457031e+01
3.111595344543457031e+01
3.111595344543457031e+01
3.111595344543457031e+01
3.111595344543457031e+01
3.111595344543457031e+01
3.111595344543457031e+01
3.111595344543457031e+01
3.111595344543457031e+01
3.111595344543457031e+01
3.111595344543457031e+01
3.111595344543457031e+01
3.111595344543457031e+01
3.111595344543457031e+01
3.111595344543457031e+01
3.111595344543457031e+01
3.111595344543457031e+01
3.111595344543457031e+01
3.111595344543457031e+01
3.111595344543457031e+01
3.111595344543457031e+01
3.111595344543457031e+01
3.111595344543457031e+01
3.111595344543457031e+01
3.111595344543457031e+01
3.111595344543457031e+01
3.111595344543457031e+01
3.111595344543457031e+01
3.111595344543457031e+01
3.111595344543457031e+01
3.111595344543457031e+01
3.111595344543457031e+01
3.111595344543457031e+01
3.111595344543457031e+01
3.111595344543457031e+01
3.111595344543457031e+01
3.111595344543457031e+01
3.111595344543457031e+01
3.111595344543457031e+01
3.111595344543457031e+01
3.111595344543457031e+01
3.111595344543457031e+01
3.111595344543457031e+01
3.111595344543457031e+01
3.111595344543457031e+01
3.111595344543457031e+01
3.111595344543457031e+01
3.111595344543457031e+01
3.111595344543457031e+01
3.111595344543457031e+01
3.111595344543457031e+01
3.111595344543457031e+01
3.111595344543457031e+01
3.111595344543457031e+01
3.111595344543457031e+01
3.111595344543457031e+01
3.111595344543457031e+01
3.111595344543457031e+01
3.111595344543457031e+01
3.111595344543457031e+01
3.111595344543457031e+01
3.111595344543457031e+01
3.111595344543457031e+01
3.111595344543457031e+01
3.111595344543457031e+01
3.111595344543457031e+01
3.111595344543457031e+01
3.111595344543457031e+01
3.111595344543457031e+01
3.111595344543457031e+01
3.111595344543457031e+01
3.111595344543457031e+01
3.111595344543457031e+01
3.111595344543457031e+01
3.111595344543457031e+01
3.111595344543457031e+01
3.111595344543457031e+01
3.111595344543457031e+01
3.111595344543457031e+01
3.111595344543457031e+01
3.111595344543457031e+01
3.111595344543457031e+01
3.111595344543457031e+01
3.111595344543457031e+01
3.111595344543457031e+01
3.111595344543457031e+01
3.111595344543457031e+01
3.111595344543457031e+01
3.111595344543457031e+01
3.111595344543457031e+01
3.111595344543457031e+01
3.111595344543457031e+01
3.111595344543457031e+01
3.111595344543457031e+01
3.111595344543457031e+01
3.111595344543457031e+01
3.111595344543457031e+01
3.111595344543457031e+01
3.111595344543457031e+01
3.111595344543457031e+01
3.111595344543457031e+01
3.111595344543457031e+01
3.111595344543457031e+01
3.111595344543457031e+01
3.111595344543457031e+01
3.111595344543457031e+01
3.111595344543457031e+01
3.111595344543457031e+01
3.111595344543457031e+01
3.111595344543457031e+01
3.111595344543457031e+01
3.111595344543457031e+01
3.111595344543457031e+01
3.111595344543457031e+01
3.111595344543457031e+01
3.111595344543457031e+01
3.111595344543457031e+01
3.111595344543457031e+01
3.111595344543457031e+01
3.111595344543457031e+01
3.111595344543457031e+01
3.111595344543457031e+01
3.111595344543457031e+01
3.111595344543457031e+01
3.111595344543457031e+01
3.111595344543457031e+01
3.111595344543457031e+01
3.111595344543457031e+01
3.111595344543457031e+01
3.111595344543457031e+01
3.111595344543457031e+01
3.111595344543457031e+01
3.111595344543457031e+01
3.111595344543457031e+01
3.111595344543457031e+01
3.111595344543457031e+01
3.111595344543457031e+01
3.111595344543457031e+01
3.111595344543457031e+01
3.111595344543457031e+01
3.111595344543457031e+01
3.111595344543457031e+01
3.111595344543457031e+01
3.111595344543457031e+01
3.111595344543457031e+01
3.111595344543457031e+01
3.111595344543457031e+01
3.111595344543457031e+01
3.111595344543457031e+01
3.111595344543457031e+01
3.111595344543457031e+01
3.111595344543457031e+01
3.111595344543457031e+01
3.111595344543457031e+01
3.111595344543457031e+01
3.111595344543457031e+01
3.111595344543457031e+01
3.111595344543457031e+01
3.111595344543457031e+01
3.111595344543457031e+01
3.111595344543457031e+01
3.111595344543457031e+01
3.111595344543457031e+01
3.111595344543457031e+01
3.111595344543457031e+01
3.111595344543457031e+01
3.111595344543457031e+01
3.111595344543457031e+01
3.111595344543457031e+01
3.111595344543457031e+01
3.111595344543457031e+01
3.111595344543457031e+01
3.111595344543457031e+01
3.111595344543457031e+01
3.111595344543457031e+01
3.111595344543457031e+01
3.111595344543457031e+01
3.111595344543457031e+01
3.111595344543457031e+01
3.111595344543457031e+01
3.111595344543457031e+01
3.111595344543457031e+01
3.111595344543457031e+01
3.111595344543457031e+01
3.111595344543457031e+01
3.111595344543457031e+01
3.111595344543457031e+01
3.111595344543457031e+01
3.111595344543457031e+01
3.111595344543457031e+01
3.111595344543457031e+01
3.111595344543457031e+01
3.111595344543457031e+01
3.111595344543457031e+01
3.111595344543457031e+01
3.111595344543457031e+01
3.111595344543457031e+01
3.111595344543457031e+01
3.111595344543457031e+01
3.111595344543457031e+01
3.111595344543457031e+01
3.111595344543457031e+01
3.111595344543457031e+01
3.111595344543457031e+01
3.111595344543457031e+01
3.111595344543457031e+01
3.111595344543457031e+01
3.111595344543457031e+01
3.111595344543457031e+01
3.111595344543457031e+01
3.111595344543457031e+01
3.111595344543457031e+01
3.111595344543457031e+01
3.111595344543457031e+01
3.111595344543457031e+01
3.111595344543457031e+01
3.111595344543457031e+01
3.111595344543457031e+01
3.111595344543457031e+01
3.111595344543457031e+01
3.111595344543457031e+01
3.111595344543457031e+01
3.111595344543457031e+01
3.111595344543457031e+01
3.111595344543457031e+01
3.111595344543457031e+01
3.111595344543457031e+01
3.111595344543457031e+01
3.111595344543457031e+01
3.111595344543457031e+01
3.111595344543457031e+01
3.111595344543457031e+01
3.111595344543457031e+01
3.111595344543457031e+01
3.111595344543457031e+01
3.111595344543457031e+01
3.111595344543457031e+01
3.111595344543457031e+01
3.111595344543457031e+01
3.111595344543457031e+01
3.111595344543457031e+01
3.111595344543457031e+01
3.111595344543457031e+01
3.111595344543457031e+01
3.111595344543457031e+01
3.111595344543457031e+01
3.111595344543457031e+01
3.111595344543457031e+01
3.111595344543457031e+01
3.111595344543457031e+01
3.111595344543457031e+01
3.111595344543457031e+01
3.111595344543457031e+01
3.111595344543457031e+01
3.111595344543457031e+01
3.111595344543457031e+01
3.111595344543457031e+01
3.111595344543457031e+01
3.111595344543457031e+01
3.111595344543457031e+01
3.111595344543457031e+01
3.111595344543457031e+01
3.111595344543457031e+01
3.111595344543457031e+01
3.111595344543457031e+01
3.111595344543457031e+01
3.111595344543457031e+01
3.111595344543457031e+01
3.111595344543457031e+01
3.111595344543457031e+01
3.111595344543457031e+01
3.111595344543457031e+01
3.111595344543457031e+01
3.111595344543457031e+01
3.111595344543457031e+01
3.111595344543457031e+01
3.111595344543457031e+01
3.111595344543457031e+01
3.111595344543457031e+01
3.111595344543457031e+01
3.111595344543457031e+01
3.111595344543457031e+01
3.111595344543457031e+01
3.111595344543457031e+01
3.111595344543457031e+01
3.111595344543457031e+01
3.111595344543457031e+01
3.111595344543457031e+01
3.111595344543457031e+01
3.111595344543457031e+01
3.111595344543457031e+01
3.111595344543457031e+01
3.111595344543457031e+01
3.111595344543457031e+01
3.111595344543457031e+01
3.111595344543457031e+01
3.111595344543457031e+01
3.111595344543457031e+01
3.111595344543457031e+01
3.111595344543457031e+01
3.111595344543457031e+01
3.111595344543457031e+01
3.111595344543457031e+01
3.111595344543457031e+01
3.111595344543457031e+01
3.111595344543457031e+01
3.111595344543457031e+01
3.111595344543457031e+01
3.111595344543457031e+01
3.111595344543457031e+01
3.111595344543457031e+01
3.111595344543457031e+01
3.111595344543457031e+01
3.111595344543457031e+01
3.111595344543457031e+01
3.111595344543457031e+01
3.111595344543457031e+01
3.111595344543457031e+01
3.111595344543457031e+01
3.111595344543457031e+01
3.111595344543457031e+01
3.111595344543457031e+01
3.111595344543457031e+01
3.111595344543457031e+01
3.111595344543457031e+01
3.111595344543457031e+01
3.111595344543457031e+01
3.111595344543457031e+01
3.111595344543457031e+01
3.111595344543457031e+01
3.111595344543457031e+01
3.111595344543457031e+01
3.111595344543457031e+01
3.111595344543457031e+01
3.111595344543457031e+01
3.111595344543457031e+01
3.111595344543457031e+01
3.111595344543457031e+01
3.111595344543457031e+01
3.111595344543457031e+01
3.111595344543457031e+01
3.111595344543457031e+01
3.111595344543457031e+01
3.111595344543457031e+01
3.111595344543457031e+01
3.111595344543457031e+01
3.111595344543457031e+01
3.111595344543457031e+01
3.111595344543457031e+01
3.111595344543457031e+01
3.111595344543457031e+01
3.111595344543457031e+01
3.111595344543457031e+01
3.111595344543457031e+01
3.111595344543457031e+01
3.111595344543457031e+01
3.111595344543457031e+01
3.111595344543457031e+01
3.111595344543457031e+01
3.111595344543457031e+01
3.111595344543457031e+01
3.111595344543457031e+01
3.111595344543457031e+01
3.111595344543457031e+01
3.111595344543457031e+01
3.111595344543457031e+01
3.111595344543457031e+01
3.111595344543457031e+01
3.111595344543457031e+01
3.111595344543457031e+01
3.111595344543457031e+01
3.111595344543457031e+01
3.111595344543457031e+01
3.125069618225097656e+01
3.125356483459472656e+01
3.125643539428710938e+01
3.125930786132812500e+01
3.126218414306640625e+01
3.126506042480468750e+01
3.126793861389160156e+01
3.127082061767578125e+01
3.127370643615722656e+01
3.127659606933593750e+01
3.127948760986328125e+01
3.128238487243652344e+01
3.128528594970703125e+01
3.128819274902343750e+01
3.129110336303710938e+01
3.129401969909667969e+01
3.129694175720214844e+01
3.129694175720214844e+01
3.129987144470214844e+01
3.130574607849121094e+01
3.130574607849121094e+01
3.130869483947753906e+01
3.131461334228515625e+01
3.131758499145507812e+01
3.132056427001953125e+01
3.132056427001953125e+01
3.132654953002929688e+01
3.132955551147460938e+01
3.133559608459472656e+01
3.133559608459472656e+01
3.133863258361816406e+01
3.134473609924316406e+01
3.134473609924316406e+01
3.134780502319335938e+01
3.135397529602050781e+01
3.135397529602050781e+01
3.135397529602050781e+01
3.136332321166992188e+01
3.136646461486816406e+01
3.136646461486816406e+01
3.137278747558593750e+01
3.137278747558593750e+01
3.137597084045410156e+01
3.138237953186035156e+01
3.138560676574707031e+01
3.138560676574707031e+01
3.139210510253906250e+01
3.139537811279296875e+01
3.139537811279296875e+01
3.139866828918457031e+01
3.140197372436523438e+01
3.140529632568359375e+01
3.140863609313964844e+01
3.141199493408203125e+01
3.141536903381347656e+01
3.141876220703125000e+01
3.142217445373535156e+01
3.142905235290527344e+01
3.142905235290527344e+01
3.143251800537109375e+01
3.143950080871582031e+01
3.143950080871582031e+01
3.144301986694335938e+01
3.144655609130859375e+01
3.145368003845214844e+01
3.145368003845214844e+01
3.145726776123046875e+01
3.146087265014648438e+01
3.146087265014648438e+01
3.146813392639160156e+01
3.147546195983886719e+01
3.147546195983886719e+01
3.147915267944335938e+01
3.148657989501953125e+01
3.148657989501953125e+01
3.149031829833984375e+01
3.149784469604492188e+01
3.149784469604492188e+01
3.150543403625488281e+01
3.150543403625488281e+01
3.150925445556640625e+01
3.151693916320800781e+01
3.151693916320800781e+01
3.152080535888671875e+01
3.152858352661132812e+01
3.152858352661132812e+01
3.153249549865722656e+01
3.153642272949218750e+01
3.154036521911621094e+01
3.154036521911621094e+01
3.154829597473144531e+01
3.154829597473144531e+01
3.156030082702636719e+01
3.156030082702636719e+01
3.156837844848632812e+01
3.156837844848632812e+01
3.157243919372558594e+01
3.158060073852539062e+01
3.158060073852539062e+01
3.158470344543457031e+01
3.159295082092285156e+01
3.159295082092285156e+01
3.159709548950195312e+01
3.160542488098144531e+01
3.160542488098144531e+01
3.160960960388183594e+01
3.161380767822265625e+01
3.161801910400390625e+01
3.162648200988769531e+01
3.162648200988769531e+01
3.162648200988769531e+01
3.163073348999023438e+01
3.163073348999023438e+01
3.164356231689453125e+01
3.164356231689453125e+01
3.165217971801757812e+01
3.166084861755371094e+01
3.166084861755371094e+01
3.166520309448242188e+01
3.167394828796386719e+01
3.167394828796386719e+01
3.167834091186523438e+01
3.168716239929199219e+01
3.168716239929199219e+01
3.169159317016601562e+01
3.169603729248046875e+01
3.169603729248046875e+01
3.170944595336914062e+01
3.170944595336914062e+01
3.171393966674804688e+01
3.172296905517578125e+01
3.172296905517578125e+01
3.172750282287597656e+01
3.173204994201660156e+01
3.173661041259765625e+01
3.174576950073242188e+01
3.174576950073242188e+01
3.175036811828613281e+01
3.175498008728027344e+01
3.176424217224121094e+01
3.176889419555664062e+01
3.176889419555664062e+01
3.177355766296386719e+01
3.177823448181152344e+01
3.177823448181152344e+01
3.178762817382812500e+01
3.179707336425781250e+01
3.179707336425781250e+01
3.180181503295898438e+01
3.181134033203125000e+01
3.181134033203125000e+01
3.182091712951660156e+01
3.182091712951660156e+01
3.182572364807128906e+01
3.183538055419921875e+01
3.183538055419921875e+01
3.184022712707519531e+01
3.184996223449707031e+01
3.184996223449707031e+01
3.185484886169433594e+01
3.185975074768066406e+01
3.186466407775878906e+01
3.186959075927734375e+01
3.187453079223632812e+01
3.187948417663574219e+01
3.188445091247558594e+01
3.188942909240722656e+01
3.189442253112792969e+01
3.190444946289062500e+01
3.190444946289062500e+01
3.190948295593261719e+01
3.191958808898925781e+01
3.191958808898925781e+01
3.192466163635253906e+01
3.192974662780761719e+01
3.193484687805175781e+01
3.194508552551269531e+01
3.194508552551269531e+01
3.195022392272949219e+01
3.195537567138671875e+01
3.195537567138671875e+01
3.196054267883300781e+01
3.197611808776855469e+01
3.197611808776855469e+01
3.198656845092773438e+01
3.198656845092773438e+01
3.198656845092773438e+01
3.200234222412109375e+01
3.200234222412109375e+01
3.200762939453125000e+01
3.201823806762695312e+01
3.201823806762695312e+01
3.202355957031250000e+01
3.202889633178710938e+01
3.203424835205078125e+01
3.204498672485351562e+01
3.204498672485351562e+01
3.204498672485351562e+01
3.206119537353515625e+01
3.206119537353515625e+01
3.206662368774414062e+01
3.207752227783203125e+01
3.207752227783203125e+01
3.208847045898437500e+01
3.208847045898437500e+01
3.209396743774414062e+01
3.210499191284179688e+01
3.210499191284179688e+01
3.211052703857421875e+01
3.212163162231445312e+01
3.212163162231445312e+01
3.212163162231445312e+01
3.213278961181640625e+01
3.213838958740234375e+01
3.214962768554687500e+01
3.214962768554687500e+01
3.215526199340820312e+01
3.216657638549804688e+01
3.216657638549804688e+01
3.217225265502929688e+01
3.217794418334960938e+01
3.218364715576171875e+01
3.218364715576171875e+01
3.218364715576171875e+01
3.220083236694335938e+01
3.221235275268554688e+01
3.221235275268554688e+01
3.221813201904296875e+01
3.222973251342773438e+01
3.222973251342773438e+01
3.224137878417968750e+01
3.224137878417968750e+01
3.224722290039062500e+01
3.225894927978515625e+01
3.225894927978515625e+01
3.226483154296875000e+01
3.226483154296875000e+01
3.227663040161132812e+01
3.228847885131835938e+01
3.228847885131835938e+01
3.229442214965820312e+01
3.230037689208984375e+01
3.230037689208984375e+01
3.231232452392578125e+01
3.232431793212890625e+01
3.232431793212890625e+01
3.233636093139648438e+01
3.233636093139648438e+01
3.234239959716796875e+01
3.234844589233398438e+01
3.234844589233398438e+01
3.236058425903320312e+01
3.237276458740234375e+01
3.237276458740234375e+01
3.237887191772460938e+01
3.239112091064453125e+01
3.239112091064453125e+01
3.239726257324218750e+01
3.240341567993164062e+01
3.240957641601562500e+01
3.241575241088867188e+01
3.242193984985351562e+01
3.242813491821289062e+01
3.244055938720703125e+01
3.244055938720703125e+01
3.244678878784179688e+01
3.245928192138671875e+01
3.245928192138671875e+01
3.246554183959960938e+01
3.247181320190429688e+01
3.247809600830078125e+01
3.248438644409179688e+01
3.249069213867187500e+01
3.249700546264648438e+01
3.250966262817382812e+01
3.250966262817382812e+01
3.251600646972656250e+01
3.252872467041015625e+01
3.252872467041015625e+01
3.254148101806640625e+01
3.254148101806640625e+01
3.254787445068359375e+01
3.256069183349609375e+01
3.256069183349609375e+01
3.256711578369140625e+01
3.257354736328125000e+01
3.257354736328125000e+01
3.258644104003906250e+01
3.259937667846679688e+01
3.259937667846679688e+01
3.260586166381835938e+01
3.261235427856445312e+01
3.261885833740234375e+01
3.263190078735351562e+01
3.263190078735351562e+01
3.263843917846679688e+01
3.265155029296875000e+01
3.265155029296875000e+01
3.265812301635742188e+01
3.266470718383789062e+01
3.267130279541015625e+01
3.268453216552734375e+01
3.268453216552734375e+01
3.269116592407226562e+01
3.270446777343750000e+01
3.270446777343750000e+01
3.271113967895507812e+01
3.271113967895507812e+01
3.272452163696289062e+01
3.272452163696289062e+01
3.273795318603515625e+01
3.274468994140625000e+01
3.275820922851562500e+01
3.275820922851562500e+01
3.276498794555664062e+01
3.277858734130859375e+01
3.277858734130859375e+01
3.278540802001953125e+01
3.279909896850585938e+01
3.279909896850585938e+01
3.280596160888671875e+01
3.281284332275390625e+01
3.281974029541015625e+01
3.283358001708984375e+01
3.283358001708984375e+01
3.284052276611328125e+01
3.285445785522460938e+01
3.285445785522460938e+01
3.286845779418945312e+01
3.286845779418945312e+01
3.287548065185546875e+01
3.288957595825195312e+01
3.288957595825195312e+01
3.289665222167968750e+01
3.291085052490234375e+01
3.291085052490234375e+01
3.291797637939453125e+01
3.293228149414062500e+01
3.293228149414062500e+01
3.293945693969726562e+01
3.294665527343750000e+01
3.295386886596679688e+01
3.295386886596679688e+01
3.296834945678710938e+01
3.297561645507812500e+01
3.299020004272460938e+01
3.299020004272460938e+01
3.299751281738281250e+01
3.300484085083007812e+01
3.301218414306640625e+01
3.302690505981445312e+01
3.302690505981445312e+01
3.303428649902343750e+01
3.304907608032226562e+01
3.304907608032226562e+01
3.305648803710937500e+01
3.307133865356445312e+01
3.307133865356445312e+01
3.308621978759765625e+01
3.308621978759765625e+01
3.309366989135742188e+01
3.310859298706054688e+01
3.310859298706054688e+01
3.311605834960937500e+01
3.312353134155273438e+01
3.313100814819335938e+01
3.314596557617187500e+01
3.314596557617187500e+01
3.315345001220703125e+01
3.316841888427734375e+01
3.316841888427734375e+01
3.317590332031250000e+01
3.319086837768554688e+01
3.319086837768554688e+01
3.319834899902343750e+01
3.319834899902343750e+01
3.319834899902343750e+01
3.321329879760742188e+01
3.321329879760742188e+01
3.323569107055664062e+01
3.324314498901367188e+01
3.325059509277343750e+01
3.325803375244140625e+01
3.328030395507812500e+01
3.328030395507812500e+01
3.328770828247070312e+01
3.328770828247070312e+01
3.329510498046875000e+01
3.329510498046875000e+01
3.330986022949218750e+01
3.331721878051757812e+01
3.333190155029296875e+01
3.333190155029296875e+01
3.334652328491210938e+01
3.334652328491210938e+01
3.335381317138671875e+01
3.336834335327148438e+01
3.336834335327148438e+01
3.337557983398437500e+01
3.339000701904296875e+01
3.339000701904296875e+01
3.340435791015625000e+01
3.340435791015625000e+01
3.341150665283203125e+01
3.342575454711914062e+01
3.342575454711914062e+01
3.343285369873046875e+01
3.344699478149414062e+01
3.344699478149414062e+01
3.345404434204101562e+01
3.346107482910156250e+01
3.346808624267578125e+01
3.347508621215820312e+01
3.348206710815429688e+01
3.348903274536132812e+01
3.350291442871093750e+01
3.350291442871093750e+01
3.350983428955078125e+01
3.352362442016601562e+01
3.352362442016601562e+01
3.353049468994140625e+01
3.354419326782226562e+01
3.354419326782226562e+01
3.355783462524414062e+01
3.355783462524414062e+01
3.356463241577148438e+01
3.357818603515625000e+01
3.357818603515625000e+01
3.358494186401367188e+01
3.359168624877929688e+01
3.359841156005859375e+01
3.361182785034179688e+01
3.361182785034179688e+01
3.361851882934570312e+01
3.363185501098632812e+01
3.363185501098632812e+01
3.363850402832031250e+01
3.365176391601562500e+01
3.365176391601562500e+01
3.366497039794921875e+01
3.366497039794921875e+01
3.367155838012695312e+01
3.367813491821289062e+01
3.369124603271484375e+01
3.369124603271484375e+01
3.370431518554687500e+01
3.370431518554687500e+01
3.371083068847656250e+01
3.372383117675781250e+01
3.372383117675781250e+01
3.373031616210937500e+01
3.373678970336914062e+01
3.374325180053710938e+01
3.375614547729492188e+01
3.375614547729492188e+01
3.376257705688476562e+01
3.377540969848632812e+01
3.377540969848632812e+01
3.378820419311523438e+01
3.378820419311523438e+01
3.378820419311523438e+01
3.380731964111328125e+01
3.380731964111328125e+01
3.381367111206054688e+01
3.382634353637695312e+01
3.382634353637695312e+01
3.383266448974609375e+01
3.384527587890625000e+01
3.384527587890625000e+01
3.385156631469726562e+01
3.386411666870117188e+01
3.386411666870117188e+01
3.387662506103515625e+01
3.387662506103515625e+01
3.388286209106445312e+01
3.389530563354492188e+01
3.389530563354492188e+01
3.390770721435546875e+01
3.390770721435546875e+01
3.391389083862304688e+01
3.392622756958007812e+01
3.392622756958007812e+01
3.392622756958007812e+01
3.394465255737304688e+01
3.394465255737304688e+01
3.395077133178710938e+01
3.396297836303710938e+01
3.396297836303710938e+01
3.396906661987304688e+01
3.397513961791992188e+01
3.398120498657226562e+01
3.399330139160156250e+01
3.399330139160156250e+01
3.399933242797851562e+01
3.401136016845703125e+01
3.401136016845703125e+01
3.401735687255859375e+01
3.402931594848632812e+01
3.402931594848632812e+01
3.403527832031250000e+01
3.404122924804687500e+01
3.404716873168945312e+01
3.405901336669921875e+01
3.405901336669921875e+01
3.406491851806640625e+01
3.407669448852539062e+01
3.407669448852539062e+01
3.408256530761718750e+01
3.408256530761718750e+01
3.408842086791992188e+01
3.410592651367187500e+01
3.410592651367187500e+01
3.411173629760742188e+01
3.412332153320312500e+01
3.412332153320312500e+01
3.412909698486328125e+01
3.412909698486328125e+01
3.414060974121093750e+01
3.414060974121093750e+01
3.415207290649414062e+01
3.415778350830078125e+01
3.416348266601562500e+01
3.416917037963867188e+01
3.418050765991210938e+01
3.418050765991210938e+01
3.418615722656250000e+01
3.418615722656250000e+01
3.420302963256835938e+01
3.420302963256835938e+01
3.421420669555664062e+01
3.421420669555664062e+01
3.421977996826171875e+01
3.423087692260742188e+01
3.423087692260742188e+01
3.424192428588867188e+01
3.424192428588867188e+01
3.424742507934570312e+01
3.425291061401367188e+01
3.426384735107421875e+01
3.426384735107421875e+01
3.426929092407226562e+01
3.426929092407226562e+01
3.428013992309570312e+01
3.429093170166015625e+01
3.429093170166015625e+01
3.429630661010742188e+01
3.430166625976562500e+01
3.430701065063476562e+01
3.430701065063476562e+01
3.431765365600585938e+01
3.432295227050781250e+01
3.433350753784179688e+01
3.433350753784179688e+01
3.433876037597656250e+01
3.434400177001953125e+01
3.434922409057617188e+01
3.435443496704101562e+01
3.435443496704101562e+01
3.435962677001953125e+01
3.436996459960937500e+01
3.437511062622070312e+01
3.438024139404296875e+01
3.439044952392578125e+01
3.439044952392578125e+01
3.439553451538085938e+01
3.440564727783203125e+01
3.440564727783203125e+01
3.441067886352539062e+01
3.441569519042968750e+01
3.442069625854492188e+01
3.443064498901367188e+01
3.443064498901367188e+01
3.443559646606445312e+01
3.444544601440429688e+01
3.444544601440429688e+01
3.445034790039062500e+01
3.446010589599609375e+01
3.446010589599609375e+01
3.446496582031250000e+01
3.446980667114257812e+01
3.447463607788085938e+01
3.447463607788085938e+01
3.448424911499023438e+01
3.448903656005859375e+01
3.449857330322265625e+01
3.449857330322265625e+01
3.450332260131835938e+01
3.451278305053710938e+01
3.451278305053710938e+01
3.451749801635742188e+01
3.452220153808593750e+01
3.452688980102539062e+01
3.453624343872070312e+01
3.453624343872070312e+01
3.453624343872070312e+01
3.455019378662109375e+01
3.455019378662109375e+01
3.455482482910156250e+01
3.455944824218750000e+01
3.456406021118164062e+01
3.457326507568359375e+01
3.457326507568359375e+01
3.457785415649414062e+01
3.458701324462890625e+01
3.458701324462890625e+01
3.459157943725585938e+01
3.460069656372070312e+01
3.460069656372070312e+01
3.460524749755859375e+01
3.460524749755859375e+01
3.461433029174804688e+01
3.461433029174804688e+01
3.462339019775390625e+01
3.462791442871093750e+01
3.463694763183593750e+01
3.463694763183593750e+01
3.464146041870117188e+01
3.465047454833984375e+01
3.465047454833984375e+01
3.465497589111328125e+01
3.466397476196289062e+01
3.466397476196289062e+01
3.466846847534179688e+01
3.467296218872070312e+01
3.467296218872070312e+01
3.468643951416015625e+01
3.468643951416015625e+01
3.468643951416015625e+01
3.469092941284179688e+01
3.469092941284179688e+01
3.469092941284179688e+01
3.469092941284179688e+01
3.469092941284179688e+01
3.469092941284179688e+01
3.469092941284179688e+01
3.469092941284179688e+01
3.469092941284179688e+01
3.469092941284179688e+01
3.469092941284179688e+01
3.469092941284179688e+01
3.469092941284179688e+01
3.469092941284179688e+01
3.469092941284179688e+01
3.469092941284179688e+01
3.469092941284179688e+01
3.469092941284179688e+01
3.469092941284179688e+01
3.469092941284179688e+01
3.469092941284179688e+01
3.469092941284179688e+01
3.469092941284179688e+01
3.469092941284179688e+01
3.469092941284179688e+01
3.469092941284179688e+01
3.469092941284179688e+01
3.469092941284179688e+01
3.469092941284179688e+01
3.469092941284179688e+01
3.469092941284179688e+01
3.469092941284179688e+01
3.469092941284179688e+01
3.469092941284179688e+01
3.469092941284179688e+01
3.469092941284179688e+01
3.469092941284179688e+01
3.469092941284179688e+01
3.469092941284179688e+01
3.469092941284179688e+01
3.469092941284179688e+01
3.469092941284179688e+01
3.469092941284179688e+01
3.469092941284179688e+01
3.469092941284179688e+01
3.469092941284179688e+01
3.469092941284179688e+01
3.469092941284179688e+01
3.469092941284179688e+01
3.469092941284179688e+01
3.469092941284179688e+01
3.469092941284179688e+01
3.469092941284179688e+01
3.469092941284179688e+01
3.469092941284179688e+01
3.469092941284179688e+01
3.469092941284179688e+01
3.469092941284179688e+01
3.469092941284179688e+01
3.469092941284179688e+01
3.469092941284179688e+01
3.469092941284179688e+01
3.469092941284179688e+01
3.469092941284179688e+01
3.469092941284179688e+01
3.469092941284179688e+01
3.469092941284179688e+01
3.469092941284179688e+01
3.469092941284179688e+01
3.469092941284179688e+01
3.469092941284179688e+01
3.469092941284179688e+01
3.469092941284179688e+01
3.469092941284179688e+01
3.469092941284179688e+01
3.469092941284179688e+01
3.469092941284179688e+01
3.469092941284179688e+01
3.469092941284179688e+01
3.469092941284179688e+01
3.469092941284179688e+01
3.469092941284179688e+01
3.469092941284179688e+01
3.469092941284179688e+01
3.469092941284179688e+01
3.469092941284179688e+01
3.469092941284179688e+01
3.469092941284179688e+01
3.469092941284179688e+01
3.469092941284179688e+01
3.469092941284179688e+01
3.469092941284179688e+01
3.469092941284179688e+01
3.469092941284179688e+01
3.469092941284179688e+01
3.469092941284179688e+01
3.469092941284179688e+01
3.469092941284179688e+01
3.469092941284179688e+01
3.469092941284179688e+01
3.469092941284179688e+01
3.469092941284179688e+01
3.469092941284179688e+01
3.469092941284179688e+01
3.469092941284179688e+01
3.469092941284179688e+01
3.469092941284179688e+01
3.469092941284179688e+01
3.469092941284179688e+01
3.469092941284179688e+01
3.469092941284179688e+01
3.469092941284179688e+01
3.469092941284179688e+01
3.469092941284179688e+01
3.469092941284179688e+01
3.469092941284179688e+01
3.469092941284179688e+01
3.469092941284179688e+01
3.469092941284179688e+01
3.469092941284179688e+01
3.469092941284179688e+01
3.469092941284179688e+01
3.469092941284179688e+01
3.469092941284179688e+01
3.469092941284179688e+01
3.469092941284179688e+01
3.469092941284179688e+01
3.469092941284179688e+01
3.469092941284179688e+01
3.469092941284179688e+01
3.469092941284179688e+01
3.469092941284179688e+01
3.469092941284179688e+01
3.469092941284179688e+01
3.469092941284179688e+01
3.469092941284179688e+01
3.469092941284179688e+01
3.469092941284179688e+01
3.469092941284179688e+01
3.469092941284179688e+01
3.469092941284179688e+01
3.469092941284179688e+01
3.469092941284179688e+01
3.469092941284179688e+01
3.469092941284179688e+01
3.469092941284179688e+01
3.469092941284179688e+01
3.469092941284179688e+01
3.469092941284179688e+01
3.469092941284179688e+01
3.469092941284179688e+01
3.469092941284179688e+01
3.469092941284179688e+01
3.469092941284179688e+01
3.469092941284179688e+01
3.469092941284179688e+01
3.469092941284179688e+01
3.469092941284179688e+01
3.469092941284179688e+01
3.469092941284179688e+01
3.469092941284179688e+01
3.469092941284179688e+01
3.469092941284179688e+01
3.469092941284179688e+01
3.469092941284179688e+01
3.469092941284179688e+01
3.469092941284179688e+01
3.469092941284179688e+01
3.469092941284179688e+01
3.469092941284179688e+01
3.469092941284179688e+01
3.469092941284179688e+01
3.469092941284179688e+01
3.469092941284179688e+01
3.469092941284179688e+01
3.469092941284179688e+01
3.469092941284179688e+01
3.469092941284179688e+01
3.469092941284179688e+01
3.469092941284179688e+01
3.469092941284179688e+01
3.469092941284179688e+01
3.469092941284179688e+01
3.469092941284179688e+01
3.469092941284179688e+01
3.469092941284179688e+01
3.469092941284179688e+01
3.469092941284179688e+01
3.469092941284179688e+01
3.469092941284179688e+01
3.469092941284179688e+01
3.469092941284179688e+01
3.469092941284179688e+01
3.469092941284179688e+01
3.469092941284179688e+01
3.469092941284179688e+01
3.469092941284179688e+01
3.469092941284179688e+01
3.469092941284179688e+01
3.469092941284179688e+01
3.469092941284179688e+01
3.469092941284179688e+01
3.469092941284179688e+01
3.469092941284179688e+01
3.469092941284179688e+01
3.469092941284179688e+01
3.469092941284179688e+01
3.469092941284179688e+01
3.469092941284179688e+01
3.469092941284179688e+01
3.469092941284179688e+01
3.469092941284179688e+01
3.469092941284179688e+01
3.469092941284179688e+01
3.469092941284179688e+01
3.469092941284179688e+01
3.469092941284179688e+01
3.469092941284179688e+01
3.469092941284179688e+01
3.469092941284179688e+01
3.469092941284179688e+01
3.469092941284179688e+01
3.469092941284179688e+01
3.469092941284179688e+01
3.469092941284179688e+01
3.469092941284179688e+01
3.469092941284179688e+01
3.469092941284179688e+01
3.469092941284179688e+01
3.469092941284179688e+01
3.469092941284179688e+01
3.469092941284179688e+01
3.469092941284179688e+01
3.469092941284179688e+01
3.469092941284179688e+01
3.469092941284179688e+01
3.469092941284179688e+01
3.469092941284179688e+01
3.469092941284179688e+01
3.469092941284179688e+01
3.469092941284179688e+01
3.469092941284179688e+01
3.469092941284179688e+01
3.469092941284179688e+01
3.469092941284179688e+01
3.469092941284179688e+01
3.469092941284179688e+01
3.469092941284179688e+01
3.469092941284179688e+01
3.469092941284179688e+01
3.469092941284179688e+01
3.469092941284179688e+01
3.469092941284179688e+01
3.469092941284179688e+01
3.469092941284179688e+01
3.469092941284179688e+01
3.469092941284179688e+01
3.469092941284179688e+01
3.469092941284179688e+01
3.469092941284179688e+01
3.469092941284179688e+01
3.469092941284179688e+01
3.469092941284179688e+01
3.469092941284179688e+01
3.469092941284179688e+01
3.469092941284179688e+01
3.469092941284179688e+01
3.469092941284179688e+01
3.469092941284179688e+01
3.469092941284179688e+01
3.469092941284179688e+01
3.469092941284179688e+01
3.469092941284179688e+01
3.469092941284179688e+01
3.469092941284179688e+01
3.469092941284179688e+01
3.469092941284179688e+01
3.469092941284179688e+01
3.469092941284179688e+01
3.469092941284179688e+01
3.469092941284179688e+01
3.469092941284179688e+01
3.469092941284179688e+01
3.469092941284179688e+01
3.469092941284179688e+01
3.469092941284179688e+01
3.469092941284179688e+01
3.469092941284179688e+01
3.469092941284179688e+01
3.469092941284179688e+01
3.469092941284179688e+01
3.469092941284179688e+01
3.469092941284179688e+01
3.469092941284179688e+01
3.469092941284179688e+01
3.469092941284179688e+01
3.469092941284179688e+01
3.469092941284179688e+01
3.469092941284179688e+01
3.469092941284179688e+01
3.469092941284179688e+01
3.469092941284179688e+01
3.469092941284179688e+01
3.469092941284179688e+01
3.469092941284179688e+01
3.469092941284179688e+01
3.469092941284179688e+01
3.469092941284179688e+01
3.469092941284179688e+01
3.469092941284179688e+01
3.469092941284179688e+01
3.469092941284179688e+01
3.469092941284179688e+01
3.469092941284179688e+01
3.469092941284179688e+01
3.469092941284179688e+01
3.469092941284179688e+01
3.469092941284179688e+01
3.469092941284179688e+01
3.469092941284179688e+01
3.469092941284179688e+01
3.469092941284179688e+01
3.469092941284179688e+01
3.469092941284179688e+01
3.469092941284179688e+01
3.469092941284179688e+01
3.469092941284179688e+01
3.469092941284179688e+01
3.469092941284179688e+01
3.469092941284179688e+01
3.469092941284179688e+01
3.469092941284179688e+01
3.469092941284179688e+01
3.469092941284179688e+01
3.469092941284179688e+01
3.469092941284179688e+01
3.469092941284179688e+01
3.469092941284179688e+01
3.469092941284179688e+01
3.469092941284179688e+01
3.469092941284179688e+01
3.469092941284179688e+01
3.469092941284179688e+01
3.469092941284179688e+01
3.469092941284179688e+01
3.469092941284179688e+01
3.469092941284179688e+01
3.469092941284179688e+01
3.469092941284179688e+01
3.469092941284179688e+01
3.469092941284179688e+01
3.469092941284179688e+01
3.469092941284179688e+01
3.469092941284179688e+01
3.469092941284179688e+01
3.469092941284179688e+01
3.469092941284179688e+01
3.469092941284179688e+01
3.469092941284179688e+01
3.469092941284179688e+01
3.469092941284179688e+01
3.469092941284179688e+01
3.469092941284179688e+01
3.469092941284179688e+01
3.469092941284179688e+01
3.469092941284179688e+01
3.469092941284179688e+01
3.469092941284179688e+01
3.469092941284179688e+01
3.469092941284179688e+01
3.469092941284179688e+01
3.469092941284179688e+01
3.469092941284179688e+01
3.469092941284179688e+01
3.469092941284179688e+01
3.469092941284179688e+01
3.469092941284179688e+01
3.469092941284179688e+01
3.469092941284179688e+01
3.469092941284179688e+01
3.469092941284179688e+01
3.469092941284179688e+01
3.469092941284179688e+01
3.469092941284179688e+01
3.469092941284179688e+01
3.469092941284179688e+01
3.469092941284179688e+01
3.469092941284179688e+01
3.469092941284179688e+01
3.469092941284179688e+01
3.469092941284179688e+01
3.469092941284179688e+01
3.469092941284179688e+01
3.469092941284179688e+01
3.469092941284179688e+01
3.469092941284179688e+01
3.469092941284179688e+01
3.469092941284179688e+01
3.469092941284179688e+01
3.469092941284179688e+01
3.469092941284179688e+01
3.469092941284179688e+01
3.469092941284179688e+01
3.469092941284179688e+01
3.469092941284179688e+01
3.469092941284179688e+01
3.469092941284179688e+01
3.469092941284179688e+01
3.469092941284179688e+01
3.469092941284179688e+01
3.469092941284179688e+01
3.469092941284179688e+01
3.469092941284179688e+01
3.469092941284179688e+01
3.469092941284179688e+01
3.469092941284179688e+01
3.469092941284179688e+01
3.469092941284179688e+01
3.469092941284179688e+01
3.469092941284179688e+01
3.469092941284179688e+01
3.469092941284179688e+01
3.469092941284179688e+01
3.469092941284179688e+01
3.469092941284179688e+01
3.469092941284179688e+01
3.469092941284179688e+01
3.469092941284179688e+01
3.469092941284179688e+01
3.469092941284179688e+01
3.469092941284179688e+01
3.469092941284179688e+01
3.469092941284179688e+01
3.469092941284179688e+01
3.469092941284179688e+01
3.469092941284179688e+01
3.469092941284179688e+01
3.469092941284179688e+01
3.469092941284179688e+01
3.469092941284179688e+01
3.469092941284179688e+01
3.469092941284179688e+01
3.469092941284179688e+01
3.469092941284179688e+01
3.469092941284179688e+01
3.469092941284179688e+01
3.469092941284179688e+01
3.469092941284179688e+01
3.469092941284179688e+01
3.469092941284179688e+01
3.469092941284179688e+01
3.469092941284179688e+01
3.469092941284179688e+01
3.469092941284179688e+01
3.469092941284179688e+01
3.469092941284179688e+01
3.469092941284179688e+01
3.469092941284179688e+01
3.469092941284179688e+01
3.469092941284179688e+01
3.469092941284179688e+01
3.469092941284179688e+01
3.469092941284179688e+01
3.469092941284179688e+01
3.469092941284179688e+01
3.469092941284179688e+01
3.469092941284179688e+01
3.469092941284179688e+01
3.469092941284179688e+01
3.469092941284179688e+01
3.469092941284179688e+01
3.469092941284179688e+01
3.469092941284179688e+01
3.469092941284179688e+01
3.469092941284179688e+01
3.469092941284179688e+01
3.469092941284179688e+01
3.469092941284179688e+01
3.469092941284179688e+01
3.469092941284179688e+01
3.469092941284179688e+01
3.469092941284179688e+01
3.469092941284179688e+01
3.469092941284179688e+01
3.469092941284179688e+01
3.469092941284179688e+01
3.469092941284179688e+01
3.469092941284179688e+01
3.469092941284179688e+01
3.469092941284179688e+01
3.469092941284179688e+01
3.469092941284179688e+01
3.469092941284179688e+01
3.469092941284179688e+01
3.469092941284179688e+01
3.469092941284179688e+01
3.469092941284179688e+01
3.469092941284179688e+01
3.469092941284179688e+01
3.469092941284179688e+01
3.469092941284179688e+01
3.469092941284179688e+01
3.469092941284179688e+01
3.469092941284179688e+01
3.469092941284179688e+01
3.469092941284179688e+01
3.469092941284179688e+01
3.469092941284179688e+01
3.469092941284179688e+01
3.469092941284179688e+01
3.469092941284179688e+01
3.469092941284179688e+01
3.469092941284179688e+01
3.469092941284179688e+01
3.469092941284179688e+01
3.469092941284179688e+01
3.469092941284179688e+01
3.469092941284179688e+01
3.469092941284179688e+01
3.469092941284179688e+01
3.469092941284179688e+01
3.469092941284179688e+01
3.469092941284179688e+01
3.469092941284179688e+01
3.469092941284179688e+01
3.469092941284179688e+01
3.469092941284179688e+01
3.469092941284179688e+01
3.469092941284179688e+01
3.469092941284179688e+01
3.469092941284179688e+01
3.469092941284179688e+01
3.469092941284179688e+01
3.469092941284179688e+01
3.469092941284179688e+01
3.469092941284179688e+01
3.469092941284179688e+01
3.469092941284179688e+01
3.469092941284179688e+01
3.469092941284179688e+01
3.469092941284179688e+01
3.469092941284179688e+01
3.469092941284179688e+01
3.469092941284179688e+01
3.469092941284179688e+01
3.469092941284179688e+01
3.469092941284179688e+01
3.469092941284179688e+01
3.469092941284179688e+01
3.469092941284179688e+01
3.469092941284179688e+01
3.469092941284179688e+01
3.469092941284179688e+01
3.469092941284179688e+01
3.469092941284179688e+01
3.469092941284179688e+01
3.469092941284179688e+01
3.469092941284179688e+01
3.469092941284179688e+01
3.469092941284179688e+01
3.469092941284179688e+01
3.469092941284179688e+01
3.469092941284179688e+01
3.469092941284179688e+01
3.469092941284179688e+01
3.469092941284179688e+01
3.469092941284179688e+01
3.469092941284179688e+01
3.469092941284179688e+01
3.469092941284179688e+01
3.469092941284179688e+01
3.469092941284179688e+01
3.469092941284179688e+01
3.469092941284179688e+01
3.469092941284179688e+01
3.469092941284179688e+01
3.469092941284179688e+01
3.469092941284179688e+01
3.469092941284179688e+01
3.469092941284179688e+01
3.469092941284179688e+01
3.469092941284179688e+01
3.469092941284179688e+01
3.469092941284179688e+01
3.469092941284179688e+01
3.469092941284179688e+01
3.469092941284179688e+01
3.469092941284179688e+01
3.469092941284179688e+01
3.469092941284179688e+01
3.469092941284179688e+01
3.469092941284179688e+01
3.469092941284179688e+01
3.469092941284179688e+01
3.469092941284179688e+01
3.469092941284179688e+01
3.469092941284179688e+01
3.469092941284179688e+01
3.469092941284179688e+01
3.469092941284179688e+01
3.469092941284179688e+01
3.469092941284179688e+01
3.469092941284179688e+01
3.469092941284179688e+01
3.469092941284179688e+01
3.469092941284179688e+01
3.469092941284179688e+01
3.469092941284179688e+01
3.469092941284179688e+01
3.469092941284179688e+01
3.469092941284179688e+01
3.469092941284179688e+01
3.469092941284179688e+01
3.469092941284179688e+01
3.469092941284179688e+01
3.469092941284179688e+01
3.469092941284179688e+01
3.469092941284179688e+01
3.469092941284179688e+01
3.469092941284179688e+01
3.469092941284179688e+01
3.469092941284179688e+01
3.469092941284179688e+01
3.469092941284179688e+01
3.469092941284179688e+01
3.469092941284179688e+01
3.469092941284179688e+01
3.469092941284179688e+01
3.469092941284179688e+01
3.469092941284179688e+01
3.469092941284179688e+01
3.469092941284179688e+01
3.469092941284179688e+01
3.469092941284179688e+01
3.469092941284179688e+01
3.469092941284179688e+01
3.469092941284179688e+01
3.469092941284179688e+01
3.469092941284179688e+01
3.469092941284179688e+01
3.469092941284179688e+01
3.469092941284179688e+01
3.469092941284179688e+01
3.469092941284179688e+01
3.469092941284179688e+01
3.469092941284179688e+01
3.469092941284179688e+01
3.469092941284179688e+01
3.469092941284179688e+01
3.469092941284179688e+01
3.469092941284179688e+01
3.469092941284179688e+01
3.469092941284179688e+01
3.469092941284179688e+01
3.469092941284179688e+01
3.469092941284179688e+01
3.469092941284179688e+01
3.469092941284179688e+01
3.469092941284179688e+01
3.469092941284179688e+01
3.469092941284179688e+01
3.469092941284179688e+01
3.469092941284179688e+01
3.469092941284179688e+01
3.469092941284179688e+01
3.497650527954101562e+01
3.498235321044921875e+01
3.498819732666015625e+01
3.498819732666015625e+01
3.499404525756835938e+01
3.499989318847656250e+01
3.500574493408203125e+01
3.501159667968750000e+01
3.501745223999023438e+01
3.502916717529296875e+01
3.503503036499023438e+01
3.504089736938476562e+01
3.504089736938476562e+01
3.504676818847656250e+01
3.505263900756835938e+01
3.505851745605468750e+01
3.506439971923828125e+01
3.507028579711914062e+01
3.507617950439453125e+01
3.508207702636718750e+01
3.508798217773437500e+01
3.509389114379882812e+01
3.509980392456054688e+01
3.510572433471679688e+01
3.511165618896484375e+01
3.511758804321289062e+01
3.512353134155273438e+01
3.512948226928710938e+01
3.513544082641601562e+01
3.514738082885742188e+01
3.514738082885742188e+01
3.515336608886718750e+01
3.515935516357421875e+01
3.516535949707031250e+01
3.516535949707031250e+01
3.516535949707031250e+01
3.519551467895507812e+01
3.519551467895507812e+01
3.519551467895507812e+01
3.520157623291015625e+01
3.520157623291015625e+01
3.520157623291015625e+01
3.521983337402343750e+01
3.523206329345703125e+01
3.523206329345703125e+01
3.523819732666015625e+01
3.524434280395507812e+01
3.525050354003906250e+01
3.525667572021484375e+01
3.526286315917968750e+01
3.526906585693359375e+01
3.527527999877929688e+01
3.528150939941406250e+01
3.528775405883789062e+01
3.530028915405273438e+01
3.530028915405273438e+01
3.530028915405273438e+01
3.531920242309570312e+01
3.531920242309570312e+01
3.532553863525390625e+01
3.533188629150390625e+01
3.533825302124023438e+01
3.535102844238281250e+01
3.535102844238281250e+01
3.535744094848632812e+01
3.537031173706054688e+01
3.537031173706054688e+01
3.538324737548828125e+01
3.538324737548828125e+01
3.538973999023437500e+01
3.540277481079101562e+01
3.540931320190429688e+01
3.540931320190429688e+01
3.542244720458984375e+01
3.542244720458984375e+01
3.542903518676757812e+01
3.544226837158203125e+01
3.544226837158203125e+01
3.544890975952148438e+01
3.545557022094726562e+01
3.546224594116210938e+01
3.547564697265625000e+01
3.547564697265625000e+01
3.547564697265625000e+01
3.549588394165039062e+01
3.549588394165039062e+01
3.550266265869140625e+01
3.551627731323242188e+01
3.551627731323242188e+01
3.552996444702148438e+01
3.552996444702148438e+01
3.553683471679687500e+01
3.553683471679687500e+01
3.555062866210937500e+01
3.555755233764648438e+01
3.557146072387695312e+01
3.557146072387695312e+01
3.558544158935546875e+01
3.558544158935546875e+01
3.559246063232421875e+01
3.560655212402343750e+01
3.560655212402343750e+01
3.561362838745117188e+01
3.562783813476562500e+01
3.562783813476562500e+01
3.563497161865234375e+01
3.564929199218750000e+01
3.564929199218750000e+01
3.565647888183593750e+01
3.566368103027343750e+01
3.566368103027343750e+01
3.567812728881835938e+01
3.568537139892578125e+01
3.569262695312500000e+01
3.570718002319335938e+01
3.570718002319335938e+01
3.571446990966796875e+01
3.572177124023437500e+01
3.572908020019531250e+01
3.574372482299804688e+01
3.574372482299804688e+01
3.575105667114257812e+01
3.576573944091796875e+01
3.576573944091796875e+01
3.577308654785156250e+01
3.578779220581054688e+01
3.578779220581054688e+01
3.579515075683593750e+01
3.580250930786132812e+01
3.580986785888671875e+01
3.582458877563476562e+01
3.582458877563476562e+01
3.583194351196289062e+01
3.584664916992187500e+01
3.584664916992187500e+01
3.586133956909179688e+01
3.586133956909179688e+01
3.586867904663085938e+01
3.588333511352539062e+01
3.588333511352539062e+01
3.589065170288085938e+01
3.590526199340820312e+01
3.590526199340820312e+01
3.591255187988281250e+01
3.591983032226562500e+01
3.592709732055664062e+01
3.593435287475585938e+01
3.594159698486328125e+01
3.594882583618164062e+01
3.596323776245117188e+01
3.596323776245117188e+01
3.597042083740234375e+01
3.598473739624023438e+01
3.598473739624023438e+01
3.598473739624023438e+01
3.599898147583007812e+01
3.600607299804687500e+01
3.602019882202148438e+01
3.602019882202148438e+01
3.602722930908203125e+01
3.604123687744140625e+01
3.604123687744140625e+01
3.605516815185546875e+01
3.605516815185546875e+01
3.605516815185546875e+01
3.607592391967773438e+01
3.607592391967773438e+01
3.608280563354492188e+01
3.609651184082031250e+01
3.609651184082031250e+01
3.610334014892578125e+01
3.611015319824218750e+01
3.611694335937500000e+01
3.613047790527343750e+01
3.613047790527343750e+01
3.613722229003906250e+01
3.615065383911132812e+01
3.615065383911132812e+01
3.615734863281250000e+01
3.617068481445312500e+01
3.617068481445312500e+01
3.617733001708984375e+01
3.618395996093750000e+01
3.619057083129882812e+01
3.620375442504882812e+01
3.620375442504882812e+01
3.621032333374023438e+01
3.622341537475585938e+01
3.622341537475585938e+01
3.622994232177734375e+01
3.624295043945312500e+01
3.624295043945312500e+01
3.624943161010742188e+01
3.625590133666992188e+01
3.626235580444335938e+01
3.627523040771484375e+01
3.627523040771484375e+01
3.628805160522460938e+01
3.628805160522460938e+01
3.629444122314453125e+01
3.630718994140625000e+01
3.630718994140625000e+01
3.631354522705078125e+01
3.632621765136718750e+01
3.632621765136718750e+01
3.633884811401367188e+01
3.633884811401367188e+01
3.634514617919921875e+01
3.635143280029296875e+01
3.635770797729492188e+01
3.636397552490234375e+01
3.637647247314453125e+01
3.637647247314453125e+01
3.638270187377929688e+01
3.638892364501953125e+01
3.638892364501953125e+01
3.640133285522460938e+01
3.640752029418945312e+01
3.641369628906250000e+01
3.641985702514648438e+01
3.643215179443359375e+01
3.643215179443359375e+01
3.644439697265625000e+01
3.644439697265625000e+01
3.645050430297851562e+01
3.646267700195312500e+01
3.646267700195312500e+01
3.646874618530273438e+01
3.648085021972656250e+01
3.648085021972656250e+01
3.648688125610351562e+01
3.649290084838867188e+01
3.649890899658203125e+01
3.651088714599609375e+01
3.651088714599609375e+01
3.651685714721679688e+01
3.652875900268554688e+01
3.652875900268554688e+01
3.654061126708984375e+01
3.654061126708984375e+01
3.654651641845703125e+01
3.655828857421875000e+01
3.655828857421875000e+01
3.656415557861328125e+01
3.657584762573242188e+01
3.657584762573242188e+01
3.657584762573242188e+01
3.658167648315429688e+01
3.659328842163085938e+01
3.660484695434570312e+01
3.660484695434570312e+01
3.661060714721679688e+01
3.661060714721679688e+01
3.662208175659179688e+01
3.662779617309570312e+01
3.663919067382812500e+01
3.663919067382812500e+01
3.665052413940429688e+01
3.665052413940429688e+01
3.665616989135742188e+01
3.666741943359375000e+01
3.666741943359375000e+01
3.667302322387695312e+01
3.668418502807617188e+01
3.668418502807617188e+01
3.668974304199218750e+01
3.669528961181640625e+01
3.670082092285156250e+01
3.671183776855468750e+01
3.671183776855468750e+01
3.671732711791992188e+01
3.672825622558593750e+01
3.672825622558593750e+01
3.673370361328125000e+01
3.674454498291015625e+01
3.674454498291015625e+01
3.674994659423828125e+01
3.675533294677734375e+01
3.676070404052734375e+01
3.677140426635742188e+01
3.677140426635742188e+01
3.677673339843750000e+01
3.678734970092773438e+01
3.678734970092773438e+01
3.679790496826171875e+01
3.679790496826171875e+01
3.680316162109375000e+01
3.681362915039062500e+01
3.681362915039062500e+01
3.681884384155273438e+01
3.682922363281250000e+01
3.682922363281250000e+01
3.683955001831054688e+01
3.683955001831054688e+01
3.684468841552734375e+01
3.685492706298828125e+01
3.685492706298828125e+01
3.686002349853515625e+01
3.686510848999023438e+01
3.687017440795898438e+01
3.687522888183593750e+01
3.688026809692382812e+01
3.688529205322265625e+01
3.688529205322265625e+01
3.689529800415039062e+01
3.690027999877929688e+01
3.691019821166992188e+01
3.691019821166992188e+01
3.691513824462890625e+01
3.692006301879882812e+01
3.692496871948242188e+01
3.693474578857421875e+01
3.693474578857421875e+01
3.693960952758789062e+01
3.694929885864257812e+01
3.694929885864257812e+01
3.695412063598632812e+01
3.695892715454101562e+01
3.695892715454101562e+01
3.697326278686523438e+01
3.697326278686523438e+01
3.697326278686523438e+01
3.698746490478515625e+01
3.698746490478515625e+01
3.698746490478515625e+01
3.699686050415039062e+01
3.700153732299804688e+01
3.700619888305664062e+01
3.701547622680664062e+01
3.701547622680664062e+01
3.702009201049804688e+01
3.702009201049804688e+01
3.702928161621093750e+01
3.703841400146484375e+01
3.703841400146484375e+01
3.704295730590820312e+01
3.704748535156250000e+01
3.705199813842773438e+01
3.706098175048828125e+01
3.706098175048828125e+01
3.706545257568359375e+01
3.707434463500976562e+01
3.707434463500976562e+01
3.707876968383789062e+01
3.708757400512695312e+01
3.708757400512695312e+01
3.709195327758789062e+01
3.709631729125976562e+01
3.710066604614257812e+01
3.710932159423828125e+01
3.710932159423828125e+01
3.711362457275390625e+01
3.712218856811523438e+01
3.712218856811523438e+01
3.712644577026367188e+01
3.713492202758789062e+01
3.713492202758789062e+01
3.713913345336914062e+01
3.714751815795898438e+01
3.714751815795898438e+01
3.715583801269531250e+01
3.715583801269531250e+01
3.715997695922851562e+01
3.716820907592773438e+01
3.716820907592773438e+01
3.717638015747070312e+01
3.717638015747070312e+01
3.718043899536132812e+01
3.718851852416992188e+01
3.718851852416992188e+01
3.719253540039062500e+01
3.720051956176757812e+01
3.720051956176757812e+01
3.720449066162109375e+01
3.721238708496093750e+01
3.721238708496093750e+01
3.722021865844726562e+01
3.722021865844726562e+01
3.722410964965820312e+01
3.723184967041015625e+01
3.723184967041015625e+01
3.723569869995117188e+01
3.724334335327148438e+01
3.724334335327148438e+01
3.724714279174804688e+01
3.725093078613281250e+01
3.725469589233398438e+01
3.726218795776367188e+01
3.726218795776367188e+01
3.726591110229492188e+01
3.727330780029296875e+01
3.727330780029296875e+01
3.727698135375976562e+01
3.728428649902343750e+01
3.728428649902343750e+01
3.729152679443359375e+01
3.729152679443359375e+01
3.729512023925781250e+01
3.730226516723632812e+01
3.730226516723632812e+01
3.730581665039062500e+01
3.731286621093750000e+01
3.731286621093750000e+01
3.731636810302734375e+01
3.731985092163085938e+01
3.732332229614257812e+01
3.732332229614257812e+01
3.733021163940429688e+01
3.733363342285156250e+01
3.734043121337890625e+01
3.734043121337890625e+01
3.734380340576171875e+01
3.735050201416015625e+01
3.735050201416015625e+01
3.735713958740234375e+01
3.735713958740234375e+01
3.736043167114257812e+01
3.736043167114257812e+01
3.736697006225585938e+01
3.737344360351562500e+01
3.737344360351562500e+01
3.737665557861328125e+01
3.737985229492187500e+01
3.738303375244140625e+01
3.738619995117187500e+01
3.738934707641601562e+01
3.739248275756835938e+01
3.739559936523437500e+01
3.740178298950195312e+01
3.740178298950195312e+01
3.740485382080078125e+01
3.741094589233398438e+01
3.741094589233398438e+01
3.741396713256835938e+01
3.741697311401367188e+01
3.741996383666992188e+01
3.742589569091796875e+01
3.742589569091796875e+01
3.742884063720703125e+01
3.743468093872070312e+01
3.743468093872070312e+01
3.743757629394531250e+01
3.744045639038085938e+01
3.744332122802734375e+01
3.744900512695312500e+01
3.744900512695312500e+01
3.745182418823242188e+01
3.745462799072265625e+01
3.746018600463867188e+01
3.746294403076171875e+01
3.746294403076171875e+01
3.746568298339843750e+01
3.746568298339843750e+01
3.747111892700195312e+01
3.747381591796875000e+01
3.747916030883789062e+01
3.747916030883789062e+01
3.748180770874023438e+01
3.748180770874023438e+01
3.748706054687500000e+01
3.748966217041015625e+01
3.749225234985351562e+01
3.749482345581054688e+01
3.749738311767578125e+01
3.749992370605468750e+01
3.750245285034179688e+01
3.750746154785156250e+01
3.750746154785156250e+01
3.750994491577148438e+01
3.751486206054687500e+01
3.751486206054687500e+01
3.751729965209960938e+01
3.751972198486328125e+01
3.752212524414062500e+01
3.752688980102539062e+01
3.752688980102539062e+01
3.752925109863281250e+01
3.753159332275390625e+01
3.753392028808593750e+01
3.753623199462890625e+01
3.753852844238281250e+01
3.754080581665039062e+01
3.754306793212890625e+01
3.754531097412109375e+01
3.754754257202148438e+01
3.754975509643554688e+01
3.755194854736328125e+01
3.755412673950195312e+01
3.755628585815429688e+01
3.755842971801757812e+01
3.756055831909179688e+01
3.756266784667968750e+01
3.756475830078125000e+01
3.756682968139648438e+01
3.756888580322265625e+01
3.757294464111328125e+01
3.757294464111328125e+01
3.757494354248046875e+01
3.757692718505859375e+01
3.757889175415039062e+01
3.758083724975585938e+01
3.758276748657226562e+01
3.758467483520507812e+01
3.758656692504882812e+01
3.758843612670898438e+01
3.759029006958007812e+01
3.759212112426757812e+01
3.759393310546875000e+01
3.759572982788085938e+01
3.759750366210937500e+01
3.759925842285156250e+01
3.760099411010742188e+01
3.760270690917968750e+01
3.760440444946289062e+01
3.760607910156250000e+01
3.760607910156250000e+01
3.760936737060546875e+01
3.761098098754882812e+01
3.761414718627929688e+01
3.761414718627929688e+01
3.761569976806640625e+01
3.761874008178710938e+01
3.761874008178710938e+01
3.762170028686523438e+01
3.762170028686523438e+01
3.762314987182617188e+01
3.762458038330078125e+01
3.762599182128906250e+01
3.762738418579101562e+01
3.762876129150390625e+01
3.763011550903320312e+01
3.763145828247070312e+01
3.763278198242187500e+01
3.763408660888671875e+01
3.763408660888671875e+01
3.763665390014648438e+01
3.763791275024414062e+01
3.764038848876953125e+01
3.764038848876953125e+01
3.764160537719726562e+01
3.764399719238281250e+01
3.764399719238281250e+01
3.764633941650390625e+01
3.764633941650390625e+01
3.764749145507812500e+01
3.765087890625000000e+01
3.765198516845703125e+01
3.765198516845703125e+01
3.765198516845703125e+01
3.765308380126953125e+01
3.765417480468750000e+01
3.765525054931640625e+01
3.765632247924804688e+01
3.765738296508789062e+01
3.765843963623046875e+01
3.765948486328125000e+01
3.766155624389648438e+01
3.766155624389648438e+01
3.766258239746093750e+01
3.766360092163085938e+01
3.766461563110351562e+01
3.766562652587890625e+01
3.766662979125976562e+01
3.766762924194335938e+01
3.766961669921875000e+01
3.766961669921875000e+01
3.767060470581054688e+01
3.767159271240234375e+01
3.767257690429687500e+01
3.767355728149414062e+01
3.767551803588867188e+01
3.767551803588867188e+01
3.767649459838867188e+01
3.767649459838867188e+01
3.767649459838867188e+01
3.767649459838867188e+01
3.767649459838867188e+01
3.767649459838867188e+01
3.767649459838867188e+01
3.767649459838867188e+01
3.767649459838867188e+01
3.767649459838867188e+01
3.767649459838867188e+01
3.767649459838867188e+01
3.767649459838867188e+01
3.767649459838867188e+01
3.767649459838867188e+01
3.767649459838867188e+01
3.767649459838867188e+01
3.767649459838867188e+01
3.767649459838867188e+01
3.767649459838867188e+01
3.767649459838867188e+01
3.767649459838867188e+01
3.767649459838867188e+01
3.767649459838867188e+01
3.767649459838867188e+01
3.767649459838867188e+01
3.767649459838867188e+01
3.767649459838867188e+01
3.767649459838867188e+01
3.767649459838867188e+01
3.767649459838867188e+01
3.767649459838867188e+01
3.767649459838867188e+01
3.767649459838867188e+01
3.767649459838867188e+01
3.767649459838867188e+01
3.767649459838867188e+01
3.767649459838867188e+01
3.767649459838867188e+01
3.767649459838867188e+01
3.767649459838867188e+01
3.767649459838867188e+01
3.767649459838867188e+01
3.767649459838867188e+01
3.767649459838867188e+01
3.767649459838867188e+01
3.767649459838867188e+01
3.767649459838867188e+01
3.767649459838867188e+01
3.767649459838867188e+01
3.767649459838867188e+01
3.767649459838867188e+01
3.767649459838867188e+01
3.767649459838867188e+01
3.767649459838867188e+01
3.767649459838867188e+01
3.767649459838867188e+01
3.767649459838867188e+01
3.767649459838867188e+01
3.767649459838867188e+01
3.767649459838867188e+01
3.767649459838867188e+01
3.767649459838867188e+01
3.767649459838867188e+01
3.767649459838867188e+01
3.767649459838867188e+01
3.767649459838867188e+01
3.767649459838867188e+01
3.767649459838867188e+01
3.767649459838867188e+01
3.767649459838867188e+01
3.767649459838867188e+01
3.767649459838867188e+01
3.767649459838867188e+01
3.767649459838867188e+01
3.767649459838867188e+01
3.767649459838867188e+01
3.767649459838867188e+01
3.767649459838867188e+01
3.767649459838867188e+01
3.767649459838867188e+01
3.767649459838867188e+01
3.767649459838867188e+01
3.767649459838867188e+01
3.767649459838867188e+01
3.767649459838867188e+01
3.767649459838867188e+01
3.767649459838867188e+01
3.767649459838867188e+01
3.767649459838867188e+01
3.767649459838867188e+01
3.767649459838867188e+01
3.767649459838867188e+01
3.767649459838867188e+01
3.767649459838867188e+01
3.767649459838867188e+01
3.767649459838867188e+01
3.767649459838867188e+01
3.767649459838867188e+01
3.767649459838867188e+01
3.767649459838867188e+01
3.767649459838867188e+01
3.767649459838867188e+01
3.767649459838867188e+01
3.767649459838867188e+01
3.767649459838867188e+01
3.767649459838867188e+01
3.767649459838867188e+01
3.767649459838867188e+01
3.767649459838867188e+01
3.767649459838867188e+01
3.767649459838867188e+01
3.767649459838867188e+01
3.767649459838867188e+01
3.767649459838867188e+01
3.767649459838867188e+01
3.767649459838867188e+01
3.767649459838867188e+01
3.767649459838867188e+01
3.767649459838867188e+01
3.767649459838867188e+01
3.767649459838867188e+01
3.767649459838867188e+01
3.767649459838867188e+01
3.767649459838867188e+01
3.767649459838867188e+01
3.767649459838867188e+01
3.767649459838867188e+01
3.767649459838867188e+01
3.767649459838867188e+01
3.767649459838867188e+01
3.767649459838867188e+01
3.767649459838867188e+01
3.767649459838867188e+01
3.767649459838867188e+01
3.767649459838867188e+01
3.767649459838867188e+01
3.767649459838867188e+01
3.767649459838867188e+01
3.767649459838867188e+01
3.767649459838867188e+01
3.767649459838867188e+01
3.767649459838867188e+01
3.767649459838867188e+01
3.767649459838867188e+01
3.767649459838867188e+01
3.767649459838867188e+01
3.767649459838867188e+01
3.767649459838867188e+01
3.767649459838867188e+01
3.767649459838867188e+01
3.767649459838867188e+01
3.767649459838867188e+01
3.767649459838867188e+01
3.767649459838867188e+01
3.767649459838867188e+01
3.767649459838867188e+01
3.767649459838867188e+01
3.767649459838867188e+01
3.767649459838867188e+01
3.767649459838867188e+01
3.767649459838867188e+01
3.767649459838867188e+01
3.767649459838867188e+01
3.767649459838867188e+01
3.767649459838867188e+01
3.767649459838867188e+01
3.767649459838867188e+01
3.767649459838867188e+01
3.767649459838867188e+01
3.767649459838867188e+01
3.767649459838867188e+01
3.767649459838867188e+01
3.767649459838867188e+01
3.767649459838867188e+01
3.767649459838867188e+01
3.767649459838867188e+01
3.767649459838867188e+01
3.767649459838867188e+01
3.767649459838867188e+01
3.767649459838867188e+01
3.767649459838867188e+01
3.767649459838867188e+01
3.767649459838867188e+01
3.767649459838867188e+01
3.767649459838867188e+01
3.767649459838867188e+01
3.767649459838867188e+01
3.767649459838867188e+01
3.767649459838867188e+01
3.767649459838867188e+01
3.767649459838867188e+01
3.767649459838867188e+01
3.767649459838867188e+01
3.767649459838867188e+01
3.767649459838867188e+01
3.767649459838867188e+01
3.767649459838867188e+01
3.767649459838867188e+01
3.767649459838867188e+01
3.767649459838867188e+01
3.767649459838867188e+01
3.767649459838867188e+01
3.767649459838867188e+01
3.767649459838867188e+01
3.767649459838867188e+01
3.767649459838867188e+01
3.767649459838867188e+01
3.767649459838867188e+01
3.767649459838867188e+01
3.767649459838867188e+01
3.767649459838867188e+01
3.767649459838867188e+01
3.767649459838867188e+01
3.767649459838867188e+01
3.767649459838867188e+01
3.767649459838867188e+01
3.767649459838867188e+01
3.767649459838867188e+01
3.767649459838867188e+01
3.767649459838867188e+01
3.767649459838867188e+01
3.767649459838867188e+01
3.767649459838867188e+01
3.767649459838867188e+01
3.767649459838867188e+01
3.767649459838867188e+01
3.767649459838867188e+01
3.767649459838867188e+01
3.767649459838867188e+01
3.767649459838867188e+01
3.767649459838867188e+01
3.767649459838867188e+01
3.767649459838867188e+01
3.767649459838867188e+01
3.767649459838867188e+01
3.767649459838867188e+01
3.767649459838867188e+01
3.767649459838867188e+01
3.767649459838867188e+01
3.767649459838867188e+01
3.767649459838867188e+01
3.767649459838867188e+01
3.767649459838867188e+01
3.767649459838867188e+01
3.767649459838867188e+01
3.767649459838867188e+01
3.767649459838867188e+01
3.767649459838867188e+01
3.767649459838867188e+01
3.767649459838867188e+01
3.767649459838867188e+01
3.767649459838867188e+01
3.767649459838867188e+01
3.767649459838867188e+01
3.767649459838867188e+01
3.767649459838867188e+01
3.767649459838867188e+01
3.767649459838867188e+01
3.767649459838867188e+01
3.767649459838867188e+01
3.767649459838867188e+01
3.767649459838867188e+01
3.767649459838867188e+01
3.767649459838867188e+01
3.767649459838867188e+01
3.767649459838867188e+01
3.767649459838867188e+01
3.767649459838867188e+01
3.767649459838867188e+01
3.767649459838867188e+01
3.767649459838867188e+01
3.767649459838867188e+01
3.767649459838867188e+01
3.767649459838867188e+01
3.767649459838867188e+01
3.767649459838867188e+01
3.767649459838867188e+01
3.767649459838867188e+01
3.767649459838867188e+01
3.767649459838867188e+01
3.767649459838867188e+01
3.767649459838867188e+01
3.767649459838867188e+01
3.767649459838867188e+01
3.767649459838867188e+01
3.767649459838867188e+01
3.767649459838867188e+01
3.767649459838867188e+01
3.767649459838867188e+01
3.767649459838867188e+01
3.767649459838867188e+01
3.767649459838867188e+01
3.767649459838867188e+01
3.767649459838867188e+01
3.767649459838867188e+01
3.767649459838867188e+01
3.767649459838867188e+01
3.767649459838867188e+01
3.767649459838867188e+01
3.767649459838867188e+01
3.767649459838867188e+01
3.767649459838867188e+01
3.767649459838867188e+01
3.767649459838867188e+01
3.767649459838867188e+01
3.767649459838867188e+01
3.767649459838867188e+01
3.767649459838867188e+01
3.767649459838867188e+01
3.767649459838867188e+01
3.767649459838867188e+01
3.767649459838867188e+01
3.767649459838867188e+01
3.767649459838867188e+01
3.767649459838867188e+01
3.767649459838867188e+01
3.767649459838867188e+01
3.767649459838867188e+01
3.767649459838867188e+01
3.767649459838867188e+01
3.767649459838867188e+01
3.767649459838867188e+01
3.767649459838867188e+01
3.767649459838867188e+01
3.767649459838867188e+01
3.767649459838867188e+01
3.767649459838867188e+01
3.767649459838867188e+01
3.767649459838867188e+01
3.767649459838867188e+01
3.767649459838867188e+01
3.767649459838867188e+01
3.767649459838867188e+01
3.767649459838867188e+01
3.767649459838867188e+01
3.767649459838867188e+01
3.767649459838867188e+01
3.767649459838867188e+01
3.767649459838867188e+01
3.767649459838867188e+01
3.767649459838867188e+01
3.767649459838867188e+01
3.767649459838867188e+01
3.767649459838867188e+01
3.767649459838867188e+01
3.767649459838867188e+01
3.767649459838867188e+01
3.767649459838867188e+01
3.767649459838867188e+01
3.767649459838867188e+01
3.767649459838867188e+01
3.767649459838867188e+01
3.767649459838867188e+01
3.767649459838867188e+01
3.767649459838867188e+01
3.767649459838867188e+01
3.767649459838867188e+01
3.767649459838867188e+01
3.767649459838867188e+01
3.767649459838867188e+01
3.767649459838867188e+01
3.767649459838867188e+01
3.767649459838867188e+01
3.767649459838867188e+01
3.767649459838867188e+01
3.767649459838867188e+01
3.767649459838867188e+01
3.767649459838867188e+01
3.767649459838867188e+01
3.767649459838867188e+01
3.767649459838867188e+01
3.767649459838867188e+01
3.767649459838867188e+01
3.767649459838867188e+01
3.767649459838867188e+01
3.767649459838867188e+01
3.767649459838867188e+01
3.767649459838867188e+01
3.767649459838867188e+01
3.767649459838867188e+01
3.767649459838867188e+01
3.767649459838867188e+01
3.767649459838867188e+01
3.767649459838867188e+01
3.767649459838867188e+01
3.767649459838867188e+01
3.767649459838867188e+01
3.767649459838867188e+01
3.767649459838867188e+01
3.767649459838867188e+01
3.767649459838867188e+01
3.767649459838867188e+01
3.767649459838867188e+01
3.767649459838867188e+01
3.767649459838867188e+01
3.767649459838867188e+01
3.767649459838867188e+01
3.767649459838867188e+01
3.767649459838867188e+01
3.767649459838867188e+01
3.767649459838867188e+01
3.767649459838867188e+01
3.767649459838867188e+01
3.767649459838867188e+01
3.767649459838867188e+01
3.767649459838867188e+01
3.767649459838867188e+01
3.767649459838867188e+01
3.767649459838867188e+01
3.767649459838867188e+01
3.767649459838867188e+01
3.767649459838867188e+01
3.767649459838867188e+01
3.767649459838867188e+01
3.767649459838867188e+01
3.767649459838867188e+01
3.767649459838867188e+01
3.767649459838867188e+01
3.767649459838867188e+01
3.767649459838867188e+01
3.767649459838867188e+01
3.767649459838867188e+01
3.767649459838867188e+01
3.767649459838867188e+01
3.767649459838867188e+01
3.767649459838867188e+01
3.767649459838867188e+01
3.767649459838867188e+01
3.767649459838867188e+01
3.767649459838867188e+01
3.767649459838867188e+01
3.767649459838867188e+01
3.767649459838867188e+01
3.767649459838867188e+01
3.767649459838867188e+01
3.767649459838867188e+01
3.767649459838867188e+01
3.767649459838867188e+01
3.767649459838867188e+01
3.767649459838867188e+01
3.767649459838867188e+01
3.767649459838867188e+01
3.767649459838867188e+01
3.767649459838867188e+01
3.767649459838867188e+01
3.767649459838867188e+01
3.767649459838867188e+01
3.767649459838867188e+01
3.767649459838867188e+01
3.767649459838867188e+01
3.767649459838867188e+01
3.767649459838867188e+01
3.767649459838867188e+01
3.767649459838867188e+01
3.767649459838867188e+01
3.767649459838867188e+01
3.767649459838867188e+01
3.767649459838867188e+01
3.767649459838867188e+01
3.767649459838867188e+01
3.767649459838867188e+01
3.767649459838867188e+01
3.767649459838867188e+01
3.767649459838867188e+01
3.767649459838867188e+01
3.767649459838867188e+01
3.767649459838867188e+01
3.767649459838867188e+01
3.767649459838867188e+01
3.767649459838867188e+01
3.767649459838867188e+01
3.767649459838867188e+01
3.767649459838867188e+01
3.767649459838867188e+01
3.767649459838867188e+01
3.767649459838867188e+01
3.767649459838867188e+01
3.767649459838867188e+01
3.767649459838867188e+01
3.767649459838867188e+01
3.767649459838867188e+01
3.767649459838867188e+01
3.767649459838867188e+01
3.767649459838867188e+01
3.767649459838867188e+01
3.767649459838867188e+01
3.767649459838867188e+01
3.767649459838867188e+01
3.767649459838867188e+01
3.767649459838867188e+01
3.767649459838867188e+01
3.767649459838867188e+01
3.767649459838867188e+01
3.767649459838867188e+01
3.767649459838867188e+01
3.767649459838867188e+01
3.767649459838867188e+01
3.767649459838867188e+01
3.767649459838867188e+01
3.767649459838867188e+01
3.767649459838867188e+01
3.767649459838867188e+01
3.767649459838867188e+01
3.767649459838867188e+01
3.767649459838867188e+01
3.767649459838867188e+01
3.767649459838867188e+01
3.767649459838867188e+01
3.767649459838867188e+01
3.767649459838867188e+01
3.767649459838867188e+01
3.767649459838867188e+01
3.767649459838867188e+01
3.767649459838867188e+01
3.767649459838867188e+01
3.767649459838867188e+01
3.767649459838867188e+01
3.767649459838867188e+01
3.767649459838867188e+01
3.767649459838867188e+01
3.767649459838867188e+01
3.767649459838867188e+01
3.767649459838867188e+01
3.767649459838867188e+01
3.767649459838867188e+01
3.767649459838867188e+01
3.767649459838867188e+01
3.767649459838867188e+01
3.767649459838867188e+01
3.767649459838867188e+01
3.767649459838867188e+01
3.767649459838867188e+01
3.767649459838867188e+01
3.767649459838867188e+01
3.767649459838867188e+01
3.767649459838867188e+01
3.767649459838867188e+01
3.767649459838867188e+01
3.767649459838867188e+01
3.767649459838867188e+01
3.767649459838867188e+01
3.767649459838867188e+01
3.767649459838867188e+01
3.767649459838867188e+01
3.767649459838867188e+01
3.767649459838867188e+01
3.767649459838867188e+01
3.767649459838867188e+01
3.767649459838867188e+01
3.767649459838867188e+01
3.767649459838867188e+01
3.767649459838867188e+01
3.767649459838867188e+01
3.767649459838867188e+01
3.767649459838867188e+01
3.767649459838867188e+01
3.767649459838867188e+01
3.767649459838867188e+01
3.767649459838867188e+01
3.767649459838867188e+01
3.767649459838867188e+01
3.767649459838867188e+01
3.767649459838867188e+01
3.767649459838867188e+01
3.767649459838867188e+01
3.767649459838867188e+01
3.767649459838867188e+01
3.767649459838867188e+01
3.767649459838867188e+01
3.767649459838867188e+01
3.767649459838867188e+01
3.767649459838867188e+01
3.767649459838867188e+01
3.767649459838867188e+01
3.767649459838867188e+01
3.767649459838867188e+01
3.767649459838867188e+01
3.767649459838867188e+01
3.767649459838867188e+01
3.767649459838867188e+01
3.767649459838867188e+01
3.767649459838867188e+01
3.767649459838867188e+01
3.767649459838867188e+01
3.767649459838867188e+01
3.767649459838867188e+01
3.767649459838867188e+01
3.767649459838867188e+01
3.767649459838867188e+01
3.767649459838867188e+01
3.767649459838867188e+01
3.767649459838867188e+01
3.767649459838867188e+01
3.767649459838867188e+01
3.767649459838867188e+01
3.767649459838867188e+01
3.767649459838867188e+01
3.767649459838867188e+01
3.767649459838867188e+01
3.767649459838867188e+01
3.767649459838867188e+01
3.767649459838867188e+01
3.767649459838867188e+01
3.767649459838867188e+01
3.767649459838867188e+01
3.767649459838867188e+01
3.767649459838867188e+01
3.767649459838867188e+01
3.767649459838867188e+01
3.767649459838867188e+01
3.767649459838867188e+01
3.767649459838867188e+01
3.767649459838867188e+01
3.767649459838867188e+01
3.767649459838867188e+01
3.767649459838867188e+01
3.767649459838867188e+01
3.767649459838867188e+01
3.767649459838867188e+01
3.767649459838867188e+01
3.767649459838867188e+01
3.767649459838867188e+01
3.767649459838867188e+01
3.767649459838867188e+01
3.767649459838867188e+01
3.767649459838867188e+01
3.767649459838867188e+01
3.767649459838867188e+01
3.767649459838867188e+01
3.767649459838867188e+01
3.767649459838867188e+01
3.767649459838867188e+01
3.767649459838867188e+01
3.767649459838867188e+01
3.767649459838867188e+01
3.767649459838867188e+01
3.767649459838867188e+01
3.767649459838867188e+01
3.767649459838867188e+01
3.767649459838867188e+01
3.767649459838867188e+01
3.767649459838867188e+01
3.767649459838867188e+01
3.767649459838867188e+01
3.767649459838867188e+01
3.767649459838867188e+01
3.767649459838867188e+01
3.767649459838867188e+01
3.767649459838867188e+01
3.767649459838867188e+01
3.767649459838867188e+01
3.767649459838867188e+01
3.767649459838867188e+01
3.767649459838867188e+01
3.767649459838867188e+01
3.767649459838867188e+01
3.767649459838867188e+01
3.767649459838867188e+01
3.767649459838867188e+01
3.767649459838867188e+01
3.767649459838867188e+01
3.767649459838867188e+01
3.767649459838867188e+01
3.767649459838867188e+01
3.767649459838867188e+01
3.767649459838867188e+01
3.767649459838867188e+01
3.767649459838867188e+01
3.767649459838867188e+01
3.767649459838867188e+01
3.767649459838867188e+01
3.767649459838867188e+01
3.767649459838867188e+01
3.767649459838867188e+01
3.767649459838867188e+01
3.767649459838867188e+01
3.767649459838867188e+01
3.767649459838867188e+01
3.767649459838867188e+01
3.767649459838867188e+01
3.767649459838867188e+01
3.767649459838867188e+01
3.767649459838867188e+01
3.767649459838867188e+01
3.767649459838867188e+01
3.767649459838867188e+01
3.767649459838867188e+01
3.767649459838867188e+01
3.767649459838867188e+01
3.767649459838867188e+01
3.767649459838867188e+01
3.767649459838867188e+01
3.767649459838867188e+01
3.767649459838867188e+01
3.767649459838867188e+01
3.767649459838867188e+01
3.767649459838867188e+01
3.767649459838867188e+01
3.767649459838867188e+01
3.767649459838867188e+01
3.767649459838867188e+01
3.767649459838867188e+01
3.767649459838867188e+01
3.767649459838867188e+01
3.767649459838867188e+01
3.767649459838867188e+01
3.767649459838867188e+01
3.767649459838867188e+01
3.767649459838867188e+01
3.767649459838867188e+01
3.767649459838867188e+01
3.767649459838867188e+01
3.767649459838867188e+01
3.767649459838867188e+01
3.767649459838867188e+01
3.767649459838867188e+01
3.767649459838867188e+01
3.767649459838867188e+01
3.767649459838867188e+01
3.767649459838867188e+01
3.767649459838867188e+01
3.767649459838867188e+01
3.767649459838867188e+01
3.767649459838867188e+01
3.767649459838867188e+01
3.767649459838867188e+01
3.767649459838867188e+01
3.767649459838867188e+01
3.767649459838867188e+01
3.767649459838867188e+01
3.767649459838867188e+01
3.767649459838867188e+01
3.767649459838867188e+01
3.767649459838867188e+01
3.767649459838867188e+01
3.767649459838867188e+01
3.767649459838867188e+01
3.767649459838867188e+01
3.767649459838867188e+01
3.772692108154296875e+01
3.772789764404296875e+01
3.772887420654296875e+01
3.772985458374023438e+01
3.773083114624023438e+01
3.773180770874023438e+01
3.773278427124023438e+01
3.773376464843750000e+01
3.773474121093750000e+01
3.773571777343750000e+01
3.773669433593750000e+01
3.773865127563476562e+01
3.773865127563476562e+01
3.773962783813476562e+01
3.774158477783203125e+01
3.774158477783203125e+01
3.774353790283203125e+01
3.774353790283203125e+01
3.774451446533203125e+01
3.774647140502929688e+01
3.774647140502929688e+01
3.774744796752929688e+01
3.774940109252929688e+01
3.774940109252929688e+01
3.775038146972656250e+01
3.775233459472656250e+01
3.775233459472656250e+01
3.775429153442382812e+01
3.775429153442382812e+01
3.775526809692382812e+01
3.775526809692382812e+01
3.775722122192382812e+01
3.775722122192382812e+01
3.776015472412109375e+01
3.776113128662109375e+01
3.776211166381835938e+01
3.776211166381835938e+01
3.776308822631835938e+01
3.776406478881835938e+01
3.776504135131835938e+01
3.776602172851562500e+01
3.776699829101562500e+01
3.776797485351562500e+01
3.776895141601562500e+01
3.777090835571289062e+01
3.777090835571289062e+01
3.777188491821289062e+01
3.777384185791015625e+01
3.777384185791015625e+01
3.777481842041015625e+01
3.777579498291015625e+01
3.777677154541015625e+01
3.777872848510742188e+01
3.777872848510742188e+01
3.777970504760742188e+01
3.778165817260742188e+01
3.778165817260742188e+01
3.778361511230468750e+01
3.778361511230468750e+01
3.778459167480468750e+01
3.778654861450195312e+01
3.778654861450195312e+01
3.778752517700195312e+01
3.778947830200195312e+01
3.778947830200195312e+01
3.779045867919921875e+01
3.779143524169921875e+01
3.779241180419921875e+01
3.779436874389648438e+01
3.779436874389648438e+01
3.779534530639648438e+01
3.779729843139648438e+01
3.779729843139648438e+01
3.779827880859375000e+01
3.780023193359375000e+01
3.780023193359375000e+01
3.780120849609375000e+01
3.780316543579101562e+01
3.780316543579101562e+01
3.780511856079101562e+01
3.780511856079101562e+01
3.780609512329101562e+01
3.780609512329101562e+01
3.780805206298828125e+01
3.780902862548828125e+01
3.781098556518554688e+01
3.781098556518554688e+01
3.781293869018554688e+01
3.781293869018554688e+01
3.781391525268554688e+01
3.781587219238281250e+01
3.781587219238281250e+01
3.781684875488281250e+01
3.781880569458007812e+01
3.781880569458007812e+01
3.781978225708007812e+01
3.782173538208007812e+01
3.782173538208007812e+01
3.782369232177734375e+01
3.782369232177734375e+01
3.782466888427734375e+01
3.782662582397460938e+01
3.782662582397460938e+01
3.782662582397460938e+01
3.782955551147460938e+01
3.782955551147460938e+01
3.783053207397460938e+01
3.783151245117187500e+01
3.783248901367187500e+01
3.783444213867187500e+01
3.783444213867187500e+01
3.783542251586914062e+01
3.783737564086914062e+01
3.783737564086914062e+01
3.783835220336914062e+01
3.783933258056640625e+01
3.784030914306640625e+01
3.784128570556640625e+01
3.784324264526367188e+01
3.784324264526367188e+01
3.784519577026367188e+01
3.784519577026367188e+01
3.784617233276367188e+01
3.784812927246093750e+01
3.784812927246093750e+01
3.784910583496093750e+01
3.785106277465820312e+01
3.785106277465820312e+01
3.785203933715820312e+01
3.785399246215820312e+01
3.785399246215820312e+01
3.785497283935546875e+01
3.785594940185546875e+01
3.785692596435546875e+01
3.785790252685546875e+01
3.785887908935546875e+01
3.785985946655273438e+01
3.786083602905273438e+01
3.786181259155273438e+01
3.786278915405273438e+01
3.786474609375000000e+01
3.786474609375000000e+01
3.786572265625000000e+01
3.786669921875000000e+01
3.786767959594726562e+01
3.786865615844726562e+01
3.786963272094726562e+01
3.787060928344726562e+01
3.787256622314453125e+01
3.787256622314453125e+01
3.787354278564453125e+01
3.787549972534179688e+01
3.787549972534179688e+01
3.787647628784179688e+01
3.787745285034179688e+01
3.787745285034179688e+01
3.787842941284179688e+01
3.788038635253906250e+01
3.788136291503906250e+01
3.788331985473632812e+01
3.788331985473632812e+01
3.788429641723632812e+01
3.788624954223632812e+01
3.788624954223632812e+01
3.788624954223632812e+01
3.788820648193359375e+01
3.788918304443359375e+01
3.789113616943359375e+01
3.789113616943359375e+01
3.789211654663085938e+01
3.789211654663085938e+01
3.789211654663085938e+01
3.789602661132812500e+01
3.789602661132812500e+01
3.789797973632812500e+01
3.789797973632812500e+01
3.789895629882812500e+01
3.789993667602539062e+01
3.789993667602539062e+01
3.790091323852539062e+01
3.790286636352539062e+01
3.790482330322265625e+01
3.790482330322265625e+01
3.790579986572265625e+01
3.790677642822265625e+01
3.790775680541992188e+01
3.790970993041992188e+01
3.790970993041992188e+01
3.791068649291992188e+01
3.791068649291992188e+01
3.791264343261718750e+01
3.791361999511718750e+01
3.791459655761718750e+01
3.791557312011718750e+01
3.791753005981445312e+01
3.791753005981445312e+01
3.791850662231445312e+01
3.792046356201171875e+01
3.792046356201171875e+01
3.792144012451171875e+01
3.792241668701171875e+01
3.792339324951171875e+01
3.792437362670898438e+01
3.792535018920898438e+01
3.792632675170898438e+01
3.792828369140625000e+01
3.792828369140625000e+01
3.792926025390625000e+01
3.793121337890625000e+01
3.793121337890625000e+01
3.793219375610351562e+01
3.793317031860351562e+01
3.793414688110351562e+01
3.793610382080078125e+01
3.793610382080078125e+01
3.793708038330078125e+01
3.793903350830078125e+01
3.793903350830078125e+01
3.794001388549804688e+01
3.794196701049804688e+01
3.794196701049804688e+01
3.794392013549804688e+01
3.794392013549804688e+01
3.794490051269531250e+01
3.794587707519531250e+01
3.794685363769531250e+01
3.794881057739257812e+01
3.794881057739257812e+01
3.794978713989257812e+01
3.795174026489257812e+01
3.795174026489257812e+01
3.795272064208984375e+01
3.795467376708984375e+01
3.795467376708984375e+01
3.795565032958984375e+01
3.795760726928710938e+01
3.795858383178710938e+01
3.795858383178710938e+01
3.795956039428710938e+01
3.795956039428710938e+01
3.796249389648437500e+01
3.796249389648437500e+01
3.796249389648437500e+01
3.796542739868164062e+01
3.796542739868164062e+01
3.796738052368164062e+01
3.796738052368164062e+01
3.796836090087890625e+01
3.797031402587890625e+01
3.797031402587890625e+01
3.797129058837890625e+01
3.797324752807617188e+01
3.797324752807617188e+01
3.797422409057617188e+01
3.797520065307617188e+01
3.797617721557617188e+01
3.797813415527343750e+01
3.797813415527343750e+01
3.797911071777343750e+01
3.798106765747070312e+01
3.798106765747070312e+01
3.798204421997070312e+01
3.798399734497070312e+01
3.798399734497070312e+01
3.798497772216796875e+01
3.798693084716796875e+01
3.798693084716796875e+01
3.798693084716796875e+01
3.798888778686523438e+01
3.798986434936523438e+01
3.799181747436523438e+01
3.799181747436523438e+01
3.799279785156250000e+01
3.799475097656250000e+01
3.799475097656250000e+01
3.799572753906250000e+01
3.799670410156250000e+01
3.799768447875976562e+01
3.799963760375976562e+01
3.799963760375976562e+01
3.799963760375976562e+01
3.800061416625976562e+01
3.800061416625976562e+01
3.800452423095703125e+01
3.800452423095703125e+01
3.800550460815429688e+01
3.800745773315429688e+01
3.800745773315429688e+01
3.800843429565429688e+01
3.801039123535156250e+01
3.801039123535156250e+01
3.801234436035156250e+01
3.801234436035156250e+01
3.801332473754882812e+01
3.801430130004882812e+01
3.801527786254882812e+01
3.801625442504882812e+01
3.801821136474609375e+01
3.801821136474609375e+01
3.801918792724609375e+01
3.802114486694335938e+01
3.802114486694335938e+01
3.802212142944335938e+01
3.802309799194335938e+01
3.802407455444335938e+01
3.802505111694335938e+01
3.802603149414062500e+01
3.802700805664062500e+01
3.802896118164062500e+01
3.802896118164062500e+01
3.802994155883789062e+01
3.803189468383789062e+01
3.803189468383789062e+01
3.803287124633789062e+01
3.803385162353515625e+01
3.803482818603515625e+01
3.803580474853515625e+01
3.803776168823242188e+01
3.803873825073242188e+01
3.803873825073242188e+01
3.803971481323242188e+01
3.803971481323242188e+01
3.804167175292968750e+01
3.804362487792968750e+01
3.804362487792968750e+01
3.804460144042968750e+01
3.804558181762695312e+01
3.804655838012695312e+01
3.804753494262695312e+01
3.804949188232421875e+01
3.804949188232421875e+01
3.805242156982421875e+01
3.805437850952148438e+01
3.805535507202148438e+01
3.805633163452148438e+01
3.805730819702148438e+01
3.805828857421875000e+01
3.805926513671875000e+01
3.805926513671875000e+01
3.806024169921875000e+01
3.806121826171875000e+01
3.806317520141601562e+01
3.806317520141601562e+01
3.806415176391601562e+01
3.806610870361328125e+01
3.806610870361328125e+01
3.806708526611328125e+01
3.806806182861328125e+01
3.806903839111328125e+01
3.806903839111328125e+01
3.807099533081054688e+01
3.807197189331054688e+01
3.807294845581054688e+01
3.807490539550781250e+01
3.807490539550781250e+01
3.807685852050781250e+01
3.807685852050781250e+01
3.807881546020507812e+01
3.807979202270507812e+01
3.807979202270507812e+01
3.808174514770507812e+01
3.808174514770507812e+01
3.808370208740234375e+01
3.808467864990234375e+01
3.808467864990234375e+01
3.808663558959960938e+01
3.808663558959960938e+01
3.808858871459960938e+01
3.808956527709960938e+01
3.808956527709960938e+01
3.809152221679687500e+01
3.809249877929687500e+01
3.809249877929687500e+01
3.809347534179687500e+01
3.809543228149414062e+01
3.809543228149414062e+01
3.809640884399414062e+01
3.809836578369140625e+01
3.809836578369140625e+01
3.810031890869140625e+01
3.810031890869140625e+01
3.810031890869140625e+01
3.810325241088867188e+01
3.810325241088867188e+01
3.810422897338867188e+01
3.810618591308593750e+01
3.810618591308593750e+01
3.810618591308593750e+01
3.810911560058593750e+01
3.810911560058593750e+01
3.811107254028320312e+01
3.811107254028320312e+01
3.811204910278320312e+01
3.811400222778320312e+01
3.811498260498046875e+01
3.811595916748046875e+01
3.811595916748046875e+01
3.811791229248046875e+01
3.811791229248046875e+01
3.811889266967773438e+01
3.811986923217773438e+01
3.812182235717773438e+01
3.812280273437500000e+01
3.812280273437500000e+01
3.812475585937500000e+01
3.812475585937500000e+01
3.812671279907226562e+01
3.812768936157226562e+01
3.812768936157226562e+01
3.812964248657226562e+01
3.812964248657226562e+01
3.813062286376953125e+01
3.813257598876953125e+01
3.813257598876953125e+01
3.813355255126953125e+01
3.813550949096679688e+01
3.813550949096679688e+01
3.813746261596679688e+01
3.813843917846679688e+01
3.813843917846679688e+01
3.814039611816406250e+01
3.814039611816406250e+01
3.814137268066406250e+01
3.814332962036132812e+01
3.814332962036132812e+01
3.814430618286132812e+01
3.814625930786132812e+01
3.814625930786132812e+01
3.814821624755859375e+01
3.814919281005859375e+01
3.814919281005859375e+01
3.815016937255859375e+01
3.815114974975585938e+01
3.815212631225585938e+01
3.815407943725585938e+01
3.815407943725585938e+01
3.815505981445312500e+01
3.815701293945312500e+01
3.815701293945312500e+01
3.815896987915039062e+01
3.815994644165039062e+01
3.815994644165039062e+01
3.816189956665039062e+01
3.816287994384765625e+01
3.816287994384765625e+01
3.816483306884765625e+01
3.816580963134765625e+01
3.816580963134765625e+01
3.816776657104492188e+01
3.816776657104492188e+01
3.816971969604492188e+01
3.817069625854492188e+01
3.817069625854492188e+01
3.817265319824218750e+01
3.817362976074218750e+01
3.817460632324218750e+01
3.817558670043945312e+01
3.817558670043945312e+01
3.817656326293945312e+01
3.817851638793945312e+01
3.817851638793945312e+01
3.818047332763671875e+01
3.818047332763671875e+01
3.818144989013671875e+01
3.818340682983398438e+01
3.818340682983398438e+01
3.818438339233398438e+01
3.818633651733398438e+01
3.818633651733398438e+01
3.818829345703125000e+01
3.818927001953125000e+01
3.818927001953125000e+01
3.818927001953125000e+01
3.819122314453125000e+01
3.819220352172851562e+01
3.819415664672851562e+01
3.819415664672851562e+01
3.819415664672851562e+01
3.819709014892578125e+01
3.819709014892578125e+01
3.819806671142578125e+01
3.820002365112304688e+01
3.820100021362304688e+01
3.820100021362304688e+01
3.820295333862304688e+01
3.820393371582031250e+01
3.820393371582031250e+01
3.820491027832031250e+01
3.820588684082031250e+01
3.820686340332031250e+01
3.820784378051757812e+01
3.820979690551757812e+01
3.821077346801757812e+01
3.821077346801757812e+01
3.821273040771484375e+01
3.821370697021484375e+01
3.821468353271484375e+01
3.821566390991210938e+01
3.821566390991210938e+01
3.821664047241210938e+01
3.821761703491210938e+01
3.821859359741210938e+01
3.821957015991210938e+01
3.822055053710937500e+01
3.822250366210937500e+01
3.822250366210937500e+01
3.822348022460937500e+01
3.822446060180664062e+01
3.822543716430664062e+01
3.822641372680664062e+01
3.822837066650390625e+01
3.822837066650390625e+01
3.822934722900390625e+01
3.823032379150390625e+01
3.823130035400390625e+01
3.823228073120117188e+01
3.823325729370117188e+01
3.823423385620117188e+01
3.823521041870117188e+01
3.823716735839843750e+01
3.823814392089843750e+01
3.823912048339843750e+01
3.823912048339843750e+01
3.824010086059570312e+01
3.824107742309570312e+01
3.824205398559570312e+01
3.824303054809570312e+01
3.824498748779296875e+01
3.824498748779296875e+01
3.824596405029296875e+01
3.824791717529296875e+01
3.824791717529296875e+01
3.824889755249023438e+01
3.824987411499023438e+01
3.825182723999023438e+01
3.825182723999023438e+01
3.825378417968750000e+01
3.825378417968750000e+01
3.825476074218750000e+01
3.825573730468750000e+01
3.825671768188476562e+01
3.825769424438476562e+01
3.825769424438476562e+01
3.825769424438476562e+01
3.825769424438476562e+01
3.825769424438476562e+01
3.825769424438476562e+01
3.825769424438476562e+01
3.825769424438476562e+01
3.825769424438476562e+01
3.825769424438476562e+01
3.825769424438476562e+01
3.825769424438476562e+01
3.825769424438476562e+01
3.825769424438476562e+01
3.825769424438476562e+01
3.825769424438476562e+01
3.825769424438476562e+01
3.825769424438476562e+01
3.825769424438476562e+01
3.825769424438476562e+01
3.825769424438476562e+01
3.825769424438476562e+01
3.825769424438476562e+01
3.825769424438476562e+01
3.825769424438476562e+01
3.825769424438476562e+01
3.825769424438476562e+01
3.825769424438476562e+01
3.825769424438476562e+01
3.825769424438476562e+01
3.825769424438476562e+01
3.825769424438476562e+01
3.825769424438476562e+01
3.825769424438476562e+01
3.825769424438476562e+01
3.825769424438476562e+01
3.825769424438476562e+01
3.825769424438476562e+01
3.825769424438476562e+01
3.825769424438476562e+01
3.825769424438476562e+01
3.825769424438476562e+01
3.825769424438476562e+01
3.825769424438476562e+01
3.825769424438476562e+01
3.825769424438476562e+01
3.825769424438476562e+01
3.825769424438476562e+01
3.825769424438476562e+01
3.825769424438476562e+01
3.825769424438476562e+01
3.825769424438476562e+01
3.825769424438476562e+01
3.825769424438476562e+01
3.825769424438476562e+01
3.825769424438476562e+01
3.825769424438476562e+01
3.825769424438476562e+01
3.825769424438476562e+01
3.825769424438476562e+01
3.825769424438476562e+01
3.825769424438476562e+01
3.825769424438476562e+01
3.825769424438476562e+01
3.825769424438476562e+01
3.825769424438476562e+01
3.825769424438476562e+01
3.825769424438476562e+01
3.825769424438476562e+01
3.825769424438476562e+01
3.825769424438476562e+01
3.825769424438476562e+01
3.825769424438476562e+01
3.825769424438476562e+01
3.825769424438476562e+01
3.825769424438476562e+01
3.825769424438476562e+01
3.825769424438476562e+01
3.825769424438476562e+01
3.825769424438476562e+01
3.825769424438476562e+01
3.825769424438476562e+01
3.825769424438476562e+01
3.825769424438476562e+01
3.825769424438476562e+01
3.825769424438476562e+01
3.825769424438476562e+01
3.825769424438476562e+01
3.825769424438476562e+01
3.825769424438476562e+01
3.825769424438476562e+01
3.825769424438476562e+01
3.825769424438476562e+01
3.825769424438476562e+01
3.825769424438476562e+01
3.825769424438476562e+01
3.825769424438476562e+01
3.825769424438476562e+01
3.825769424438476562e+01
3.825769424438476562e+01
3.825769424438476562e+01
3.825769424438476562e+01
3.825769424438476562e+01
3.825769424438476562e+01
3.825769424438476562e+01
3.825769424438476562e+01
3.825769424438476562e+01
3.825769424438476562e+01
3.825769424438476562e+01
3.825769424438476562e+01
3.825769424438476562e+01
3.825769424438476562e+01
3.825769424438476562e+01
3.825769424438476562e+01
3.825769424438476562e+01
3.825769424438476562e+01
3.825769424438476562e+01
3.825769424438476562e+01
3.825769424438476562e+01
3.825769424438476562e+01
3.825769424438476562e+01
3.825769424438476562e+01
3.825769424438476562e+01
3.825769424438476562e+01
3.825769424438476562e+01
3.825769424438476562e+01
3.825769424438476562e+01
3.825769424438476562e+01
3.825769424438476562e+01
3.825769424438476562e+01
3.825769424438476562e+01
3.825769424438476562e+01
3.825769424438476562e+01
3.825769424438476562e+01
3.825769424438476562e+01
3.825769424438476562e+01
3.825769424438476562e+01
3.825769424438476562e+01
3.825769424438476562e+01
3.825769424438476562e+01
3.825769424438476562e+01
3.825769424438476562e+01
3.825769424438476562e+01
3.825769424438476562e+01
3.825769424438476562e+01
3.825769424438476562e+01
3.825769424438476562e+01
3.825769424438476562e+01
3.825769424438476562e+01
3.825769424438476562e+01
3.825769424438476562e+01
3.825769424438476562e+01
3.825769424438476562e+01
3.825769424438476562e+01
3.825769424438476562e+01
3.825769424438476562e+01
3.825769424438476562e+01
3.825769424438476562e+01
3.825769424438476562e+01
3.825769424438476562e+01
3.825769424438476562e+01
3.825769424438476562e+01
3.825769424438476562e+01
3.825769424438476562e+01
3.825769424438476562e+01
3.825769424438476562e+01
3.825769424438476562e+01
3.825769424438476562e+01
3.825769424438476562e+01
3.825769424438476562e+01
3.825769424438476562e+01
3.825769424438476562e+01
3.825769424438476562e+01
3.825769424438476562e+01
3.825769424438476562e+01
3.825769424438476562e+01
3.825769424438476562e+01
3.825769424438476562e+01
3.825769424438476562e+01
3.825769424438476562e+01
3.825769424438476562e+01
3.825769424438476562e+01
3.825769424438476562e+01
3.825769424438476562e+01
3.825769424438476562e+01
3.825769424438476562e+01
3.825769424438476562e+01
3.825769424438476562e+01
3.825769424438476562e+01
3.825769424438476562e+01
3.825769424438476562e+01
3.825769424438476562e+01
3.825769424438476562e+01
3.825769424438476562e+01
3.825769424438476562e+01
3.825769424438476562e+01
3.825769424438476562e+01
3.825769424438476562e+01
3.825769424438476562e+01
3.825769424438476562e+01
3.825769424438476562e+01
3.825769424438476562e+01
3.825769424438476562e+01
3.825769424438476562e+01
3.825769424438476562e+01
3.825769424438476562e+01
3.825769424438476562e+01
3.825769424438476562e+01
3.825769424438476562e+01
3.825769424438476562e+01
3.825769424438476562e+01
3.825769424438476562e+01
3.825769424438476562e+01
3.825769424438476562e+01
3.825769424438476562e+01
3.825769424438476562e+01
3.825769424438476562e+01
3.825769424438476562e+01
3.825769424438476562e+01
3.825769424438476562e+01
3.825769424438476562e+01
3.825769424438476562e+01
3.825769424438476562e+01
3.825769424438476562e+01
3.825769424438476562e+01
3.825769424438476562e+01
3.825769424438476562e+01
3.825769424438476562e+01
3.825769424438476562e+01
3.825769424438476562e+01
3.825769424438476562e+01
3.825769424438476562e+01
3.825769424438476562e+01
3.825769424438476562e+01
3.825769424438476562e+01
3.825769424438476562e+01
3.825769424438476562e+01
3.825769424438476562e+01
3.825769424438476562e+01
3.825769424438476562e+01
3.825769424438476562e+01
3.825769424438476562e+01
3.825769424438476562e+01
3.825769424438476562e+01
3.825769424438476562e+01
3.825769424438476562e+01
3.825769424438476562e+01
3.825769424438476562e+01
3.825769424438476562e+01
3.825769424438476562e+01
3.825769424438476562e+01
3.825769424438476562e+01
3.825769424438476562e+01
3.831433868408203125e+01
3.831531524658203125e+01
3.831531524658203125e+01
3.831727218627929688e+01
3.831824874877929688e+01
3.831922531127929688e+01
3.832020568847656250e+01
3.832118225097656250e+01
3.832215881347656250e+01
3.832313537597656250e+01
3.832313537597656250e+01
3.832411575317382812e+01
3.832509231567382812e+01
3.832509231567382812e+01
3.832802581787109375e+01
3.832900238037109375e+01
3.832900238037109375e+01
3.833095550537109375e+01
3.833193588256835938e+01
3.833193588256835938e+01
3.833291244506835938e+01
3.833486557006835938e+01
3.833584213256835938e+01
3.833682250976562500e+01
3.833682250976562500e+01
3.833877563476562500e+01
3.833975219726562500e+01
3.834073257446289062e+01
3.834073257446289062e+01
3.834170913696289062e+01
3.834268569946289062e+01
3.834464263916015625e+01
3.834464263916015625e+01
3.834659576416015625e+01
3.834757232666015625e+01
3.834757232666015625e+01
3.834952926635742188e+01
3.834952926635742188e+01
3.835050582885742188e+01
3.835148239135742188e+01
3.835343933105468750e+01
3.835343933105468750e+01
3.835539245605468750e+01
3.835637283325195312e+01
3.835637283325195312e+01
3.835832595825195312e+01
3.835832595825195312e+01
3.836028289794921875e+01
3.836125946044921875e+01
3.836223602294921875e+01
3.836321258544921875e+01
3.836418914794921875e+01
3.836516952514648438e+01
3.836614608764648438e+01
3.836614608764648438e+01
3.836614608764648438e+01
3.836907958984375000e+01
3.836907958984375000e+01
3.837103271484375000e+01
3.837200927734375000e+01
3.837200927734375000e+01
3.837396621704101562e+01
3.837396621704101562e+01
3.837494277954101562e+01
3.837689971923828125e+01
3.837689971923828125e+01
3.837885284423828125e+01
3.837982940673828125e+01
3.837982940673828125e+01
3.838178634643554688e+01
3.838178634643554688e+01
3.838178634643554688e+01
3.838471984863281250e+01
3.838569641113281250e+01
3.838667297363281250e+01
3.838764953613281250e+01
3.838764953613281250e+01
3.838960647583007812e+01
3.839058303833007812e+01
3.839058303833007812e+01
3.839253616333007812e+01
3.839351654052734375e+01
3.839351654052734375e+01
3.839546966552734375e+01
3.839546966552734375e+01
3.839546966552734375e+01
3.839742660522460938e+01
3.839840316772460938e+01
3.840035629272460938e+01
3.840133666992187500e+01
3.840133666992187500e+01
3.840328979492187500e+01
3.840426635742187500e+01
3.840524673461914062e+01
3.840622329711914062e+01
3.840622329711914062e+01
3.840817642211914062e+01
3.840915679931640625e+01
3.841013336181640625e+01
3.841110992431640625e+01
3.841110992431640625e+01
3.841208648681640625e+01
3.841404342651367188e+01
3.841404342651367188e+01
3.841501998901367188e+01
3.841697311401367188e+01
3.841697311401367188e+01
3.841893005371093750e+01
3.841990661621093750e+01
3.841990661621093750e+01
3.842186355590820312e+01
3.842186355590820312e+01
3.842284011840820312e+01
3.842479324340820312e+01
3.842479324340820312e+01
3.842675018310546875e+01
3.842772674560546875e+01
3.842772674560546875e+01
3.842968368530273438e+01
3.843066024780273438e+01
3.843163681030273438e+01
3.843261337280273438e+01
3.843359375000000000e+01
3.843359375000000000e+01
3.843554687500000000e+01
3.843554687500000000e+01
3.843750381469726562e+01
3.843848037719726562e+01
3.843945693969726562e+01
3.844043350219726562e+01
3.844043350219726562e+01
3.844239044189453125e+01
3.844336700439453125e+01
3.844336700439453125e+01
3.844336700439453125e+01
3.844630050659179688e+01
3.844727706909179688e+01
3.844825363159179688e+01
3.844923019409179688e+01
3.844923019409179688e+01
3.845412063598632812e+01
3.845509719848632812e+01
3.845509719848632812e+01
3.845705032348632812e+01
3.845705032348632812e+01
3.845803070068359375e+01
3.845900726318359375e+01
3.845900726318359375e+01
3.846194076538085938e+01
3.846194076538085938e+01
3.846291732788085938e+01
3.846291732788085938e+01
3.846487045288085938e+01
3.846682739257812500e+01
3.846682739257812500e+01
3.846682739257812500e+01
3.846976089477539062e+01
3.846976089477539062e+01
3.847073745727539062e+01
3.847269058227539062e+01
3.847269058227539062e+01
3.847464752197265625e+01
3.847464752197265625e+01
3.847464752197265625e+01
3.847757720947265625e+01
3.847757720947265625e+01
3.847855758666992188e+01
3.847953414916992188e+01
3.848051071166992188e+01
3.848246765136718750e+01
3.848246765136718750e+01
3.848344421386718750e+01
3.848539733886718750e+01
3.848539733886718750e+01
3.848539733886718750e+01
3.848735427856445312e+01
3.848833084106445312e+01
3.848930740356445312e+01
3.848930740356445312e+01
3.849224090576171875e+01
3.849224090576171875e+01
3.849224090576171875e+01
3.849321746826171875e+01
3.849615097045898438e+01
3.849615097045898438e+01
3.849712753295898438e+01
3.849810791015625000e+01
3.849908447265625000e+01
3.850103759765625000e+01
3.850103759765625000e+01
3.850201416015625000e+01
3.850397109985351562e+01
3.850397109985351562e+01
3.850494766235351562e+01
3.850592422485351562e+01
3.850592422485351562e+01
3.850788116455078125e+01
3.850885772705078125e+01
3.850983428955078125e+01
3.851179122924804688e+01
3.851179122924804688e+01
3.851276779174804688e+01
3.851472473144531250e+01
3.851472473144531250e+01
3.851570129394531250e+01
3.851765441894531250e+01
3.851765441894531250e+01
3.851863479614257812e+01
3.851961135864257812e+01
3.852058792114257812e+01
3.852254486083984375e+01
3.852254486083984375e+01
3.852352142333984375e+01
3.852449798583984375e+01
3.852547454833984375e+01
3.852547454833984375e+01
3.852743148803710938e+01
3.852840805053710938e+01
3.852840805053710938e+01
3.852840805053710938e+01
3.853134155273437500e+01
3.853329467773437500e+01
3.853329467773437500e+01
3.853329467773437500e+01
3.853525161743164062e+01
3.853622817993164062e+01
3.853818130493164062e+01
3.853818130493164062e+01
3.853916168212890625e+01
3.854111480712890625e+01
3.854111480712890625e+01
3.854307174682617188e+01
3.854307174682617188e+01
3.854404830932617188e+01
3.854600143432617188e+01
3.854600143432617188e+01
3.854698181152343750e+01
3.854795837402343750e+01
3.854893493652343750e+01
3.854991149902343750e+01
3.855089187622070312e+01
3.855089187622070312e+01
3.855382156372070312e+01
3.855382156372070312e+01
3.855480194091796875e+01
3.855577850341796875e+01
3.855675506591796875e+01
3.855773162841796875e+01
3.855968856811523438e+01
3.855968856811523438e+01
3.856066513061523438e+01
3.856261825561523438e+01
3.856261825561523438e+01
3.856359863281250000e+01
3.856457519531250000e+01
3.856555175781250000e+01
3.856750869750976562e+01
3.856750869750976562e+01
3.856848526000976562e+01
3.857043838500976562e+01
3.857043838500976562e+01
3.857141876220703125e+01
3.857337188720703125e+01
3.857337188720703125e+01
3.857434844970703125e+01
3.857630538940429688e+01
3.857630538940429688e+01
3.857728195190429688e+01
3.857923889160156250e+01
3.858021545410156250e+01
3.858021545410156250e+01
3.858119201660156250e+01
3.858119201660156250e+01
3.858314895629882812e+01
3.858412551879882812e+01
3.858607864379882812e+01
3.858607864379882812e+01
3.858705520629882812e+01
3.858901214599609375e+01
3.858901214599609375e+01
3.858998870849609375e+01
3.859194564819335938e+01
3.859194564819335938e+01
3.859292221069335938e+01
3.859389877319335938e+01
3.859487533569335938e+01
3.859585571289062500e+01
3.859683227539062500e+01
3.859780883789062500e+01
3.859976577758789062e+01
3.859976577758789062e+01
3.860074234008789062e+01
3.860269546508789062e+01
3.860269546508789062e+01
3.860367584228515625e+01
3.860562896728515625e+01
3.860562896728515625e+01
3.860660552978515625e+01
3.860758590698242188e+01
3.860856246948242188e+01
3.861051559448242188e+01
3.861051559448242188e+01
3.861149215698242188e+01
3.861344909667968750e+01
3.861344909667968750e+01
3.861540222167968750e+01
3.861540222167968750e+01
3.861638259887695312e+01
3.861735916137695312e+01
3.861735916137695312e+01
3.861833572387695312e+01
3.862126922607421875e+01
3.862126922607421875e+01
3.862224578857421875e+01
3.862420272827148438e+01
3.862420272827148438e+01
3.862615585327148438e+01
3.862615585327148438e+01
3.862713241577148438e+01
3.862908935546875000e+01
3.862908935546875000e+01
3.863006591796875000e+01
3.863104248046875000e+01
3.863202285766601562e+01
3.863397598266601562e+01
3.863397598266601562e+01
3.863397598266601562e+01
3.863690948486328125e+01
3.863788604736328125e+01
3.863788604736328125e+01
3.863983917236328125e+01
3.863983917236328125e+01
3.864081954956054688e+01
3.864277267456054688e+01
3.864277267456054688e+01
3.864472961425781250e+01
3.864472961425781250e+01
3.864570617675781250e+01
3.864765930175781250e+01
3.864765930175781250e+01
3.864863967895507812e+01
3.864961624145507812e+01
3.865156936645507812e+01
3.865254974365234375e+01
3.865254974365234375e+01
3.865254974365234375e+01
3.865450286865234375e+01
3.865645980834960938e+01
3.865645980834960938e+01
3.865743637084960938e+01
3.865841293334960938e+01
3.865938949584960938e+01
3.865938949584960938e+01
3.866134643554687500e+01
3.866232299804687500e+01
3.866427993774414062e+01
3.866427993774414062e+01
3.866525650024414062e+01
3.866623306274414062e+01
3.866720962524414062e+01
3.866916656494140625e+01
3.866916656494140625e+01
3.867014312744140625e+01
3.867209625244140625e+01
3.867209625244140625e+01
3.867209625244140625e+01
3.867405319213867188e+01
3.867502975463867188e+01
3.867698669433593750e+01
3.867698669433593750e+01
3.867796325683593750e+01
3.867991638183593750e+01
3.867991638183593750e+01
3.868089675903320312e+01
3.868089675903320312e+01
3.868284988403320312e+01
3.868480682373046875e+01
3.868480682373046875e+01
3.868578338623046875e+01
3.868773651123046875e+01
3.868773651123046875e+01
3.868871688842773438e+01
3.868969345092773438e+01
3.869067001342773438e+01
3.869262695312500000e+01
3.869262695312500000e+01
3.869360351562500000e+01
3.869555664062500000e+01
3.869555664062500000e+01
3.869653320312500000e+01
3.869751358032226562e+01
3.869849014282226562e+01
3.870044326782226562e+01
3.870044326782226562e+01
3.870142364501953125e+01
3.870337677001953125e+01
3.870337677001953125e+01
3.870435333251953125e+01
3.870533370971679688e+01
3.870631027221679688e+01
3.870728683471679688e+01
3.870826339721679688e+01
3.870924377441406250e+01
3.871119689941406250e+01
3.871119689941406250e+01
3.871315383911132812e+01
3.871315383911132812e+01
3.871413040161132812e+01
3.871608352661132812e+01
3.871608352661132812e+01
3.871706390380859375e+01
3.871901702880859375e+01
3.871901702880859375e+01
3.871999359130859375e+01
3.872195053100585938e+01
3.872195053100585938e+01
3.872292709350585938e+01
3.872390365600585938e+01
3.872390365600585938e+01
3.872586059570312500e+01
3.872683715820312500e+01
3.872781372070312500e+01
3.872977066040039062e+01
3.872977066040039062e+01
3.873074722290039062e+01
3.873270034790039062e+01
3.873270034790039062e+01
3.873270034790039062e+01
3.873465728759765625e+01
3.873563385009765625e+01
3.873563385009765625e+01
3.873759078979492188e+01
3.873759078979492188e+01
3.874052047729492188e+01
3.874052047729492188e+01
3.874052047729492188e+01
3.874247741699218750e+01
3.874345397949218750e+01
3.874541091918945312e+01
3.874638748168945312e+01
3.874638748168945312e+01
3.874736404418945312e+01
3.874932098388671875e+01
3.874932098388671875e+01
3.875029754638671875e+01
3.875127410888671875e+01
3.875225067138671875e+01
3.875322723388671875e+01
3.875420761108398438e+01
3.875616073608398438e+01
3.875616073608398438e+01
3.875713729858398438e+01
3.875909423828125000e+01
3.875909423828125000e+01
3.876007080078125000e+01
3.876202774047851562e+01
3.876202774047851562e+01
3.876202774047851562e+01
3.876398086547851562e+01
3.876495742797851562e+01
3.876691436767578125e+01
3.876691436767578125e+01
3.876789093017578125e+01
3.876984786987304688e+01
3.876984786987304688e+01
3.877082443237304688e+01
3.877180099487304688e+01
3.877277755737304688e+01
3.877375793457031250e+01
3.877473449707031250e+01
3.877571105957031250e+01
3.877766799926757812e+01
3.877766799926757812e+01
3.877864456176757812e+01
3.878059768676757812e+01
3.878059768676757812e+01
3.878255462646484375e+01
3.878255462646484375e+01
3.878353118896484375e+01
3.878450775146484375e+01
3.878548431396484375e+01
3.878646469116210938e+01
3.878744125366210938e+01
3.878841781616210938e+01
3.878939437866210938e+01
3.879037475585937500e+01
3.879135131835937500e+01
3.879232788085937500e+01
3.879330444335937500e+01
3.879428482055664062e+01
3.879623794555664062e+01
3.879623794555664062e+01
3.879721450805664062e+01
3.879721450805664062e+01
3.879917144775390625e+01
3.880112457275390625e+01
3.880112457275390625e+01
3.880210494995117188e+01
3.880405807495117188e+01
3.880405807495117188e+01
3.880503463745117188e+01
3.880503463745117188e+01
3.880699157714843750e+01
3.880796813964843750e+01
3.880894470214843750e+01
3.880992126464843750e+01
3.881187820434570312e+01
3.881187820434570312e+01
3.881285476684570312e+01
3.881481170654296875e+01
3.881578826904296875e+01
3.881774139404296875e+01
3.881774139404296875e+01
3.881872177124023438e+01
3.881872177124023438e+01
3.881969833374023438e+01
3.882067489624023438e+01
3.882165145874023438e+01
3.882263183593750000e+01
3.882360839843750000e+01
3.882458496093750000e+01
3.882556152343750000e+01
3.882654190063476562e+01
3.882751846313476562e+01
3.882849502563476562e+01
3.882947158813476562e+01
3.883045196533203125e+01
3.883142852783203125e+01
3.883240509033203125e+01
3.883240509033203125e+01
3.883435821533203125e+01
3.883533859252929688e+01
3.883631515502929688e+01
3.883729171752929688e+01
3.883826828002929688e+01
3.883924865722656250e+01
3.883924865722656250e+01
3.884022521972656250e+01
3.884120178222656250e+01
3.884315872192382812e+01
3.884413528442382812e+01
3.884511184692382812e+01
3.884608840942382812e+01
3.884706878662109375e+01
3.884804534912109375e+01
3.884902191162109375e+01
3.884902191162109375e+01
3.885097885131835938e+01
3.885195541381835938e+01
3.885195541381835938e+01
3.885390853881835938e+01
3.885488891601562500e+01
3.885488891601562500e+01
3.885684204101562500e+01
3.885781860351562500e+01
3.885879898071289062e+01
3.885977554321289062e+01
3.886075210571289062e+01
3.886172866821289062e+01
3.886368560791015625e+01
3.886368560791015625e+01
3.886368560791015625e+01
3.886661529541015625e+01
3.886661529541015625e+01
3.886759567260742188e+01
3.886954879760742188e+01
3.886954879760742188e+01
3.887150573730468750e+01
3.887150573730468750e+01
3.887248229980468750e+01
3.887443542480468750e+01
3.887443542480468750e+01
3.887541580200195312e+01
3.887736892700195312e+01
3.887736892700195312e+01
3.887834548950195312e+01
3.888030242919921875e+01
3.888030242919921875e+01
3.888127899169921875e+01
3.888225555419921875e+01
3.888323593139648438e+01
3.888421249389648438e+01
3.888421249389648438e+01
3.888616561889648438e+01
3.888812255859375000e+01
3.888812255859375000e+01
3.888909912109375000e+01
3.889105224609375000e+01
3.889105224609375000e+01
3.889300918579101562e+01
3.889300918579101562e+01
3.889398574829101562e+01
3.889594268798828125e+01
3.889594268798828125e+01
3.889691925048828125e+01
3.889887237548828125e+01
3.889887237548828125e+01
3.889985275268554688e+01
3.890082931518554688e+01
3.890082931518554688e+01
3.890278244018554688e+01
3.890376281738281250e+01
3.890473937988281250e+01
3.890669250488281250e+01
3.890669250488281250e+01
3.890767288208007812e+01
3.890962600708007812e+01
3.890962600708007812e+01
3.891158294677734375e+01
3.891158294677734375e+01
3.891255950927734375e+01
3.891353607177734375e+01
3.891353607177734375e+01
3.891353607177734375e+01
3.891353607177734375e+01
3.891353607177734375e+01
3.891353607177734375e+01
3.891353607177734375e+01
3.891353607177734375e+01
3.891353607177734375e+01
3.891353607177734375e+01
3.891353607177734375e+01
3.891353607177734375e+01
3.891353607177734375e+01
3.891353607177734375e+01
3.891353607177734375e+01
3.891353607177734375e+01
3.891353607177734375e+01
3.891353607177734375e+01
3.891353607177734375e+01
3.891353607177734375e+01
3.891353607177734375e+01
3.891353607177734375e+01
3.891353607177734375e+01
3.891353607177734375e+01
3.891353607177734375e+01
3.891353607177734375e+01
3.891353607177734375e+01
3.891353607177734375e+01
3.891353607177734375e+01
3.891353607177734375e+01
3.891353607177734375e+01
3.891353607177734375e+01
3.891353607177734375e+01
3.891353607177734375e+01
3.891353607177734375e+01
3.891353607177734375e+01
3.891353607177734375e+01
3.891353607177734375e+01
3.891353607177734375e+01
3.891353607177734375e+01
3.891353607177734375e+01
3.891353607177734375e+01
3.891353607177734375e+01
3.891353607177734375e+01
3.891353607177734375e+01
3.891353607177734375e+01
3.891353607177734375e+01
3.891353607177734375e+01
3.891353607177734375e+01
3.891353607177734375e+01
3.891353607177734375e+01
3.891353607177734375e+01
3.891353607177734375e+01
3.891353607177734375e+01
3.891353607177734375e+01
3.891353607177734375e+01
3.891353607177734375e+01
3.891353607177734375e+01
3.891353607177734375e+01
3.891353607177734375e+01
3.891353607177734375e+01
3.891353607177734375e+01
3.891353607177734375e+01
3.891353607177734375e+01
3.891353607177734375e+01
3.891353607177734375e+01
3.891353607177734375e+01
3.891353607177734375e+01
3.891353607177734375e+01
3.891353607177734375e+01
3.891353607177734375e+01
3.891353607177734375e+01
3.891353607177734375e+01
3.891353607177734375e+01
3.891353607177734375e+01
3.891353607177734375e+01
3.891353607177734375e+01
3.891353607177734375e+01
3.891353607177734375e+01
3.891353607177734375e+01
3.891353607177734375e+01
3.891353607177734375e+01
3.891353607177734375e+01
3.891353607177734375e+01
3.891353607177734375e+01
3.891353607177734375e+01
3.891353607177734375e+01
3.891353607177734375e+01
3.891353607177734375e+01
3.891353607177734375e+01
3.891353607177734375e+01
3.891353607177734375e+01
3.891353607177734375e+01
3.891353607177734375e+01
3.891353607177734375e+01
3.891353607177734375e+01
3.891353607177734375e+01
3.891353607177734375e+01
3.891353607177734375e+01
3.891353607177734375e+01
3.891353607177734375e+01
3.891353607177734375e+01
3.891353607177734375e+01
3.891353607177734375e+01
3.891353607177734375e+01
3.891353607177734375e+01
3.891353607177734375e+01
3.891353607177734375e+01
3.891353607177734375e+01
3.891353607177734375e+01
3.891353607177734375e+01
3.891353607177734375e+01
3.891353607177734375e+01
3.891353607177734375e+01
3.891353607177734375e+01
3.891353607177734375e+01
3.891353607177734375e+01
3.891353607177734375e+01
3.891353607177734375e+01
3.891353607177734375e+01
3.891353607177734375e+01
3.891353607177734375e+01
3.891353607177734375e+01
3.891353607177734375e+01
3.891353607177734375e+01
3.891353607177734375e+01
3.891353607177734375e+01
3.891353607177734375e+01
3.891353607177734375e+01
3.891353607177734375e+01
3.891353607177734375e+01
3.891353607177734375e+01
3.891353607177734375e+01
3.891353607177734375e+01
3.891353607177734375e+01
3.891353607177734375e+01
3.891353607177734375e+01
3.891353607177734375e+01
3.891353607177734375e+01
3.891353607177734375e+01
3.891353607177734375e+01
3.891353607177734375e+01
3.891353607177734375e+01
3.891353607177734375e+01
3.891353607177734375e+01
3.891353607177734375e+01
3.891353607177734375e+01
3.891353607177734375e+01
3.891353607177734375e+01
3.891353607177734375e+01
3.891353607177734375e+01
3.891353607177734375e+01
3.891353607177734375e+01
3.891353607177734375e+01
3.891353607177734375e+01
3.891353607177734375e+01
3.891353607177734375e+01
3.891353607177734375e+01
3.891353607177734375e+01
3.891353607177734375e+01
3.891353607177734375e+01
3.891353607177734375e+01
3.891353607177734375e+01
3.891353607177734375e+01
3.891353607177734375e+01
3.891353607177734375e+01
3.891353607177734375e+01
3.891353607177734375e+01
3.891353607177734375e+01
3.891353607177734375e+01
3.891353607177734375e+01
3.891353607177734375e+01
3.891353607177734375e+01
3.891353607177734375e+01
3.891353607177734375e+01
3.891353607177734375e+01
3.891353607177734375e+01
3.891353607177734375e+01
3.891353607177734375e+01
3.891353607177734375e+01
3.891353607177734375e+01
3.891353607177734375e+01
3.891353607177734375e+01
3.891353607177734375e+01
3.891353607177734375e+01
3.891353607177734375e+01
3.891353607177734375e+01
3.891353607177734375e+01
3.891353607177734375e+01
3.891353607177734375e+01
3.891353607177734375e+01
3.891353607177734375e+01
3.891353607177734375e+01
3.891353607177734375e+01
3.891353607177734375e+01
3.891353607177734375e+01
3.891353607177734375e+01
3.891353607177734375e+01
3.891353607177734375e+01
3.891353607177734375e+01
3.891353607177734375e+01
3.891353607177734375e+01
3.891353607177734375e+01
3.891353607177734375e+01
3.891353607177734375e+01
3.891353607177734375e+01
3.891353607177734375e+01
3.891353607177734375e+01
3.891353607177734375e+01
3.891353607177734375e+01
3.891353607177734375e+01
3.891353607177734375e+01
3.891353607177734375e+01
3.891353607177734375e+01
3.891353607177734375e+01
3.891353607177734375e+01
3.891353607177734375e+01
3.891353607177734375e+01
3.891353607177734375e+01
3.891353607177734375e+01
3.891353607177734375e+01
3.891353607177734375e+01
3.891353607177734375e+01
3.891353607177734375e+01
3.891353607177734375e+01
3.891353607177734375e+01
3.891353607177734375e+01
3.891353607177734375e+01
3.891353607177734375e+01
3.891353607177734375e+01
3.891353607177734375e+01
3.891353607177734375e+01
3.891353607177734375e+01
3.891353607177734375e+01
3.891353607177734375e+01
3.891353607177734375e+01
3.891353607177734375e+01
3.891353607177734375e+01
3.891353607177734375e+01
3.891353607177734375e+01
3.891353607177734375e+01
3.891353607177734375e+01
3.891353607177734375e+01
3.891353607177734375e+01
3.891353607177734375e+01
3.891353607177734375e+01
3.891353607177734375e+01
3.891353607177734375e+01
3.891353607177734375e+01
3.891353607177734375e+01
3.891353607177734375e+01
3.891353607177734375e+01
3.891353607177734375e+01
3.891353607177734375e+01
3.891353607177734375e+01
3.891353607177734375e+01
3.891353607177734375e+01
3.891353607177734375e+01
3.891353607177734375e+01
3.891353607177734375e+01
3.891353607177734375e+01
3.891353607177734375e+01
3.891353607177734375e+01
3.891353607177734375e+01
3.891353607177734375e+01
3.891353607177734375e+01
3.891353607177734375e+01
3.891353607177734375e+01
3.891353607177734375e+01
3.891353607177734375e+01
3.891353607177734375e+01
3.891353607177734375e+01
3.891353607177734375e+01
3.891353607177734375e+01
3.891353607177734375e+01
3.891353607177734375e+01
3.891353607177734375e+01
3.891353607177734375e+01
3.891353607177734375e+01
3.891353607177734375e+01
3.891353607177734375e+01
3.891353607177734375e+01
3.891353607177734375e+01
3.891353607177734375e+01
3.891353607177734375e+01
3.891353607177734375e+01
3.891353607177734375e+01
3.891353607177734375e+01
3.891353607177734375e+01
3.891353607177734375e+01
3.891353607177734375e+01
3.891353607177734375e+01
3.891353607177734375e+01
3.891353607177734375e+01
3.891353607177734375e+01
3.891353607177734375e+01
3.891353607177734375e+01
3.891353607177734375e+01
3.891353607177734375e+01
3.891353607177734375e+01
3.891353607177734375e+01
3.891353607177734375e+01
3.891353607177734375e+01
3.891353607177734375e+01
3.891353607177734375e+01
3.891353607177734375e+01
3.891353607177734375e+01
3.891353607177734375e+01
3.891353607177734375e+01
3.891353607177734375e+01
3.891353607177734375e+01
3.891353607177734375e+01
3.891353607177734375e+01
3.891353607177734375e+01
3.891353607177734375e+01
3.891353607177734375e+01
3.891353607177734375e+01
3.891353607177734375e+01
3.891353607177734375e+01
3.891353607177734375e+01
3.891353607177734375e+01
3.891353607177734375e+01
3.891353607177734375e+01
3.891353607177734375e+01
3.891353607177734375e+01
3.891353607177734375e+01
3.891353607177734375e+01
3.891353607177734375e+01
3.891353607177734375e+01
3.891353607177734375e+01
3.891353607177734375e+01
3.891353607177734375e+01
3.891353607177734375e+01
3.891353607177734375e+01
3.891353607177734375e+01
3.891353607177734375e+01
3.891353607177734375e+01
3.891353607177734375e+01
3.891353607177734375e+01
3.891353607177734375e+01
3.891353607177734375e+01
3.891353607177734375e+01
3.891353607177734375e+01
3.891353607177734375e+01
3.891353607177734375e+01
3.891353607177734375e+01
3.891353607177734375e+01
3.891353607177734375e+01
3.891353607177734375e+01
3.891353607177734375e+01
3.891353607177734375e+01
3.891353607177734375e+01
3.891353607177734375e+01
3.891353607177734375e+01
3.891353607177734375e+01
3.891353607177734375e+01
3.891353607177734375e+01
3.891353607177734375e+01
3.891353607177734375e+01
3.891353607177734375e+01
3.891353607177734375e+01
3.891353607177734375e+01
3.891353607177734375e+01
3.891353607177734375e+01
3.891353607177734375e+01
3.891353607177734375e+01
3.891353607177734375e+01
3.891353607177734375e+01
3.891353607177734375e+01
3.891353607177734375e+01
3.891353607177734375e+01
3.891353607177734375e+01
3.891353607177734375e+01
3.891353607177734375e+01
3.891353607177734375e+01
3.891353607177734375e+01
3.891353607177734375e+01
3.891353607177734375e+01
3.891353607177734375e+01
3.891353607177734375e+01
3.891353607177734375e+01
3.891353607177734375e+01
3.891353607177734375e+01
3.891353607177734375e+01
3.891353607177734375e+01
3.891353607177734375e+01
3.891353607177734375e+01
3.891353607177734375e+01
3.891353607177734375e+01
3.891353607177734375e+01
3.891353607177734375e+01
3.891353607177734375e+01
3.891353607177734375e+01
3.891353607177734375e+01
3.891353607177734375e+01
3.891353607177734375e+01
3.891353607177734375e+01
3.891353607177734375e+01
3.891353607177734375e+01
3.891353607177734375e+01
3.891353607177734375e+01
3.891353607177734375e+01
3.891353607177734375e+01
3.891353607177734375e+01
3.891353607177734375e+01
3.891353607177734375e+01
3.891353607177734375e+01
3.891353607177734375e+01
3.891353607177734375e+01
3.891353607177734375e+01
3.891353607177734375e+01
3.891353607177734375e+01
3.891353607177734375e+01
3.891353607177734375e+01
3.891353607177734375e+01
3.891353607177734375e+01
3.891353607177734375e+01
3.891353607177734375e+01
3.891353607177734375e+01
3.891353607177734375e+01
3.891353607177734375e+01
3.891353607177734375e+01
3.891353607177734375e+01
3.891353607177734375e+01
3.891353607177734375e+01
3.891353607177734375e+01
3.891353607177734375e+01
3.891353607177734375e+01
3.891353607177734375e+01
3.891353607177734375e+01
3.891353607177734375e+01
3.891353607177734375e+01
3.891353607177734375e+01
3.891353607177734375e+01
3.891353607177734375e+01
3.891353607177734375e+01
3.891353607177734375e+01
3.891353607177734375e+01
3.891353607177734375e+01
3.891353607177734375e+01
3.891353607177734375e+01
3.891353607177734375e+01
3.891353607177734375e+01
3.891353607177734375e+01
3.891353607177734375e+01
3.891353607177734375e+01
3.891353607177734375e+01
3.891353607177734375e+01
3.891353607177734375e+01
3.891353607177734375e+01
3.891353607177734375e+01
3.891353607177734375e+01
3.891353607177734375e+01
3.891353607177734375e+01
3.891353607177734375e+01
3.891353607177734375e+01
3.891353607177734375e+01
3.891353607177734375e+01
3.891353607177734375e+01
3.891353607177734375e+01
3.891353607177734375e+01
3.891353607177734375e+01
3.891353607177734375e+01
3.891353607177734375e+01
3.891353607177734375e+01
3.891353607177734375e+01
3.891353607177734375e+01
3.891353607177734375e+01
3.891353607177734375e+01
3.891353607177734375e+01
3.891353607177734375e+01
3.891353607177734375e+01
3.891353607177734375e+01
3.891353607177734375e+01
3.891353607177734375e+01
3.891353607177734375e+01
3.891353607177734375e+01
3.891353607177734375e+01
3.891353607177734375e+01
3.891353607177734375e+01
3.891353607177734375e+01
3.891353607177734375e+01
3.891353607177734375e+01
3.891353607177734375e+01
3.891353607177734375e+01
3.891353607177734375e+01
3.891353607177734375e+01
3.891353607177734375e+01
3.891353607177734375e+01
3.891353607177734375e+01
3.891353607177734375e+01
3.891353607177734375e+01
3.891353607177734375e+01
3.891353607177734375e+01
3.891353607177734375e+01
3.891353607177734375e+01
3.891353607177734375e+01
3.891353607177734375e+01
3.891353607177734375e+01
3.891353607177734375e+01
3.891353607177734375e+01
3.891353607177734375e+01
3.891353607177734375e+01
3.891353607177734375e+01
3.891353607177734375e+01
3.891353607177734375e+01
3.891353607177734375e+01
3.891353607177734375e+01
3.891353607177734375e+01
3.891353607177734375e+01
3.891353607177734375e+01
3.891353607177734375e+01
3.891353607177734375e+01
3.891353607177734375e+01
3.891353607177734375e+01
3.891353607177734375e+01
3.891353607177734375e+01
3.891353607177734375e+01
3.891353607177734375e+01
3.891353607177734375e+01
3.891353607177734375e+01
3.891353607177734375e+01
3.891353607177734375e+01
3.891353607177734375e+01
3.891353607177734375e+01
3.891353607177734375e+01
3.891353607177734375e+01
3.891353607177734375e+01
3.891353607177734375e+01
3.891353607177734375e+01
3.891353607177734375e+01
3.891353607177734375e+01
3.891353607177734375e+01
3.891353607177734375e+01
3.891353607177734375e+01
3.891353607177734375e+01
3.891353607177734375e+01
3.891353607177734375e+01
3.891353607177734375e+01
3.904121398925781250e+01
3.904121398925781250e+01
3.904624938964843750e+01
3.904876708984375000e+01
3.904876708984375000e+01
3.905380630493164062e+01
3.905380630493164062e+01
3.905885696411132812e+01
3.906138610839843750e+01
3.906138610839843750e+01
3.906644821166992188e+01
3.906644821166992188e+01
3.906898498535156250e+01
3.907406997680664062e+01
3.907406997680664062e+01
3.907662200927734375e+01
3.908172988891601562e+01
3.908172988891601562e+01
3.908429336547851562e+01
3.908943176269531250e+01
3.908943176269531250e+01
3.909200668334960938e+01
3.909717941284179688e+01
3.909717941284179688e+01
3.910237503051757812e+01
3.910237503051757812e+01
3.910498428344726562e+01
3.911022186279296875e+01
3.911022186279296875e+01
3.911285400390625000e+01
3.911813735961914062e+01
3.911813735961914062e+01
3.912079238891601562e+01
3.912612533569335938e+01
3.912612533569335938e+01
3.913149261474609375e+01
3.913149261474609375e+01
3.913149261474609375e+01
3.913961791992187500e+01
3.913961791992187500e+01
3.914234924316406250e+01
3.914508438110351562e+01
3.914783477783203125e+01
3.915336608886718750e+01
3.915336608886718750e+01
3.915894699096679688e+01
3.916175079345703125e+01
3.916175079345703125e+01
3.916175079345703125e+01
3.917024612426757812e+01
3.917024612426757812e+01
3.917597198486328125e+01
3.917885589599609375e+01
3.917885589599609375e+01
3.918466567993164062e+01
3.918466567993164062e+01
3.918759155273437500e+01
3.919348526000976562e+01
3.919348526000976562e+01
3.919943618774414062e+01
3.919943618774414062e+01
3.920243835449218750e+01
3.920848464965820312e+01
3.920848464965820312e+01
3.921459579467773438e+01
3.921767425537109375e+01
3.921767425537109375e+01
3.922388076782226562e+01
3.922700881958007812e+01
3.923015213012695312e+01
3.923331069946289062e+01
3.923331069946289062e+01
3.923331069946289062e+01
3.924288177490234375e+01
3.924288177490234375e+01
3.924934005737304688e+01
3.925259017944335938e+01
3.925259017944335938e+01
3.925914001464843750e+01
3.926243591308593750e+01
3.926574707031250000e+01
3.926907730102539062e+01
3.926907730102539062e+01
3.927577209472656250e+01
3.927914428710937500e+01
3.927914428710937500e+01
3.928593063354492188e+01
3.928593063354492188e+01
3.928934478759765625e+01
3.929621887207031250e+01
3.929621887207031250e+01
3.930314636230468750e+01
3.930314636230468750e+01
3.931364822387695312e+01
3.931364822387695312e+01
3.931364822387695312e+01
3.931717681884765625e+01
3.931717681884765625e+01
3.932427215576171875e+01
3.932784271240234375e+01
3.933502197265625000e+01
3.933502197265625000e+01
3.933863067626953125e+01
3.934589004516601562e+01
3.934589004516601562e+01
3.935320281982421875e+01
3.935687637329101562e+01
3.935687637329101562e+01
3.936426544189453125e+01
3.936426544189453125e+01
3.936798095703125000e+01
3.937545013427734375e+01
3.937545013427734375e+01
3.937919998168945312e+01
3.938674163818359375e+01
3.938674163818359375e+01
3.939053344726562500e+01
3.939815139770507812e+01
3.940197753906250000e+01
3.940581512451171875e+01
3.940581512451171875e+01
3.940966796875000000e+01
3.941740417480468750e+01
3.941740417480468750e+01
3.942129135131835938e+01
3.942518997192382812e+01
3.942910003662109375e+01
3.943695449829101562e+01
3.943695449829101562e+01
3.944089889526367188e+01
3.944882202148437500e+01
3.944882202148437500e+01
3.945679092407226562e+01
3.946480560302734375e+01
3.946480560302734375e+01
3.946883010864257812e+01
3.946883010864257812e+01
3.947691345214843750e+01
3.948097229003906250e+01
3.948097229003906250e+01
3.948912429809570312e+01
3.949321746826171875e+01
3.949321746826171875e+01
3.950143814086914062e+01
3.950143814086914062e+01
3.950556564331054688e+01
3.951385879516601562e+01
3.951385879516601562e+01
3.952219390869140625e+01
3.952637863159179688e+01
3.953057861328125000e+01
3.953478622436523438e+01
3.953478622436523438e+01
3.953900527954101562e+01
3.954748153686523438e+01
3.955173873901367188e+01
3.955173873901367188e+01
3.956028366088867188e+01
3.956028366088867188e+01
3.956028366088867188e+01
3.956887817382812500e+01
3.956887817382812500e+01
3.958185195922851562e+01
3.958185195922851562e+01
3.958620071411132812e+01
3.959493255615234375e+01
3.959493255615234375e+01
3.960371398925781250e+01
3.960811996459960938e+01
3.960811996459960938e+01
3.961697006225585938e+01
3.962141418457031250e+01
3.962586593627929688e+01
3.963033294677734375e+01
3.963033294677734375e+01
3.963481140136718750e+01
3.964380264282226562e+01
3.964380264282226562e+01
3.965283966064453125e+01
3.965283966064453125e+01
3.965283966064453125e+01
3.966648483276367188e+01
3.966648483276367188e+01
3.967564010620117188e+01
3.968023681640625000e+01
3.968023681640625000e+01
3.968946456909179688e+01
3.968946456909179688e+01
3.969409561157226562e+01
3.970339584350585938e+01
3.970339584350585938e+01
3.970806121826171875e+01
3.971274185180664062e+01
3.972213363647460938e+01
3.972684860229492188e+01
3.973157882690429688e+01
3.973157882690429688e+01
3.974106597900390625e+01
3.974583053588867188e+01
3.974583053588867188e+01
3.975539016723632812e+01
3.975539016723632812e+01
3.976018905639648438e+01
3.976982116699218750e+01
3.976982116699218750e+01
3.977465438842773438e+01
3.978435516357421875e+01
3.978435516357421875e+01
3.979410934448242188e+01
3.979899978637695312e+01
3.980390548706054688e+01
3.980390548706054688e+01
3.980882263183593750e+01
3.981375122070312500e+01
3.982364654541015625e+01
3.982364654541015625e+01
3.983358383178710938e+01
3.983857345581054688e+01
3.983857345581054688e+01
3.984858322143554688e+01
3.984858322143554688e+01
3.985360717773437500e+01
3.986368942260742188e+01
3.986368942260742188e+01
3.987381744384765625e+01
3.987890243530273438e+01
3.988399505615234375e+01
3.988910293579101562e+01
3.988910293579101562e+01
3.989421844482421875e+01
3.990449142456054688e+01
3.990449142456054688e+01
3.991480636596679688e+01
3.991998291015625000e+01
3.991998291015625000e+01
3.993037414550781250e+01
3.993037414550781250e+01
3.993558502197265625e+01
3.994604110717773438e+01
3.994604110717773438e+01
3.995654678344726562e+01
3.996181869506835938e+01
3.996710205078125000e+01
3.997239303588867188e+01
3.997239303588867188e+01
3.997769927978515625e+01
3.998834609985351562e+01
3.998834609985351562e+01
3.999903869628906250e+01
3.999903869628906250e+01
4.000977706909179688e+01
4.000977706909179688e+01
4.001516723632812500e+01
4.002597427368164062e+01
4.003139877319335938e+01
4.003139877319335938e+01
4.004227828979492188e+01
4.004227828979492188e+01
4.004773330688476562e+01
4.005868530273437500e+01
4.005868530273437500e+01
4.006967926025390625e+01
4.007519531250000000e+01
4.007519531250000000e+01
4.008625793457031250e+01
4.009180831909179688e+01
4.009180831909179688e+01
4.010293960571289062e+01
4.010293960571289062e+01
4.011412048339843750e+01
4.011972427368164062e+01
4.011972427368164062e+01
4.013097000122070312e+01
4.013097000122070312e+01
4.013660812377929688e+01
4.014791870117187500e+01
4.014791870117187500e+01
4.015927124023437500e+01
4.016496276855468750e+01
4.016496276855468750e+01
4.017638397216796875e+01
4.018210983276367188e+01
4.018784332275390625e+01
4.019358825683593750e+01
4.019358825683593750e+01
4.019934844970703125e+01
4.021089172363281250e+01
4.021667861938476562e+01
4.022247695922851562e+01
4.022247695922851562e+01
4.023410797119140625e+01
4.023993682861328125e+01
4.024577713012695312e+01
4.024577713012695312e+01
4.025748443603515625e+01
4.025748443603515625e+01
4.026923370361328125e+01
4.027512359619140625e+01
4.028102111816406250e+01
4.028693389892578125e+01
4.028693389892578125e+01
4.029285049438476562e+01
4.030471801757812500e+01
4.030471801757812500e+01
4.031662368774414062e+01
4.032259368896484375e+01
4.032259368896484375e+01
4.033455657958984375e+01
4.033455657958984375e+01
4.034055328369140625e+01
4.035257339477539062e+01
4.035257339477539062e+01
4.035859680175781250e+01
4.036462783813476562e+01
4.037067031860351562e+01
4.038278579711914062e+01
4.038885498046875000e+01
4.038885498046875000e+01
4.040102005004882812e+01
4.040102005004882812e+01
4.040711593627929688e+01
4.041933822631835938e+01
4.041933822631835938e+01
4.043159484863281250e+01
4.043773651123046875e+01
4.043773651123046875e+01
4.045004272460937500e+01
4.045004272460937500e+01
4.045621109008789062e+01
4.046857452392578125e+01
4.046857452392578125e+01
4.048097610473632812e+01
4.048719024658203125e+01
4.048719024658203125e+01
4.049964904785156250e+01
4.049964904785156250e+01
4.050589370727539062e+01
4.051841354370117188e+01
4.051841354370117188e+01
4.051841354370117188e+01
4.053727340698242188e+01
4.053727340698242188e+01
4.054989624023437500e+01
4.055622482299804688e+01
4.055622482299804688e+01
4.056891632080078125e+01
4.056891632080078125e+01
4.057527923583984375e+01
4.058803939819335938e+01
4.058803939819335938e+01
4.060084915161132812e+01
4.060726928710937500e+01
4.060726928710937500e+01
4.062014770507812500e+01
4.062014770507812500e+01
4.062660598754882812e+01
4.063956069946289062e+01
4.063956069946289062e+01
4.063956069946289062e+01
4.065908432006835938e+01
4.065908432006835938e+01
4.067216491699218750e+01
4.067216491699218750e+01
4.067872619628906250e+01
4.069188690185546875e+01
4.069188690185546875e+01
4.069849014282226562e+01
4.071173477172851562e+01
4.071173477172851562e+01
4.071173477172851562e+01
4.072503280639648438e+01
4.073170471191406250e+01
4.074509048461914062e+01
4.074509048461914062e+01
4.075180816650390625e+01
4.076528167724609375e+01
4.076528167724609375e+01
4.077881240844726562e+01
4.078560256958007812e+01
4.079240798950195312e+01
4.079922866821289062e+01
4.080606460571289062e+01
4.081291580200195312e+01
4.081978607177734375e+01
4.081978607177734375e+01
4.083356857299804688e+01
4.084048461914062500e+01
4.084741592407226562e+01
4.085436248779296875e+01
4.085436248779296875e+01
4.086132812500000000e+01
4.086830902099609375e+01
4.088232040405273438e+01
4.088934707641601562e+01
4.089638900756835938e+01
4.089638900756835938e+01
4.091051101684570312e+01
4.091759490966796875e+01
4.091759490966796875e+01
4.093179321289062500e+01
4.093179321289062500e+01
4.093891143798828125e+01
4.095317459106445312e+01
4.095317459106445312e+01
4.096032333374023438e+01
4.096032333374023438e+01
4.098181915283203125e+01
4.098181915283203125e+01
4.098899841308593750e+01
4.100338363647460938e+01
4.100338363647460938e+01
4.101779174804687500e+01
4.102500534057617188e+01
4.102500534057617188e+01
4.104666900634765625e+01
4.104666900634765625e+01
4.104666900634765625e+01
4.105389404296875000e+01
4.106835937500000000e+01
4.106835937500000000e+01
4.106835937500000000e+01
4.108282852172851562e+01
4.109006500244140625e+01
4.109730148315429688e+01
4.111177062988281250e+01
4.111177062988281250e+01
4.111177062988281250e+01
4.112623596191406250e+01
4.113346481323242188e+01
4.114791107177734375e+01
4.114791107177734375e+01
4.116234207153320312e+01
4.116955184936523438e+01
4.116955184936523438e+01
4.116955184936523438e+01
4.119114303588867188e+01
4.119832611083984375e+01
4.120550537109375000e+01
4.120550537109375000e+01
4.121267318725585938e+01
4.122698211669921875e+01
4.122698211669921875e+01
4.124125289916992188e+01
4.124837493896484375e+01
4.124837493896484375e+01
4.125548553466796875e+01
4.126966857910156250e+01
4.127674102783203125e+01
4.128379821777343750e+01
4.128379821777343750e+01
4.129787826538085938e+01
4.130489349365234375e+01
4.130489349365234375e+01
4.131888198852539062e+01
4.132585525512695312e+01
4.132585525512695312e+01
4.133974456787109375e+01
4.133974456787109375e+01
4.134666824340820312e+01
4.136046218872070312e+01
4.136046218872070312e+01
4.137419128417968750e+01
4.138103103637695312e+01
4.138785934448242188e+01
4.139466857910156250e+01
4.139466857910156250e+01
4.140146255493164062e+01
4.141500854492187500e+01
4.141500854492187500e+01
4.142849349975585938e+01
4.143521118164062500e+01
4.143521118164062500e+01
4.144860839843750000e+01
4.144860839843750000e+01
4.145528411865234375e+01
4.146859359741210938e+01
4.146859359741210938e+01
4.147522735595703125e+01
4.148845291137695312e+01
4.148845291137695312e+01
4.150162506103515625e+01
4.150819015502929688e+01
4.150819015502929688e+01
4.152127838134765625e+01
4.152780532836914062e+01
4.153431701660156250e+01
4.153431701660156250e+01
4.155377578735351562e+01
4.155377578735351562e+01
4.155377578735351562e+01
4.156023788452148438e+01
4.156668853759765625e+01
4.157954788208007812e+01
4.157954788208007812e+01
4.159236145019531250e+01
4.159236145019531250e+01
4.159875106811523438e+01
4.161149215698242188e+01
4.161149215698242188e+01
4.162418746948242188e+01
4.163051986694335938e+01
4.163051986694335938e+01
4.164314651489257812e+01
4.164314651489257812e+01
4.164944458007812500e+01
4.166201019287109375e+01
4.166201019287109375e+01
4.167453002929687500e+01
4.168077468872070312e+01
4.168077468872070312e+01
4.169323348999023438e+01
4.169323348999023438e+01
4.169944763183593750e+01
4.171184921264648438e+01
4.171184921264648438e+01
4.171803283691406250e+01
4.173037719726562500e+01
4.173037719726562500e+01
4.174268341064453125e+01
4.174882125854492188e+01
4.174882125854492188e+01
4.176107406616210938e+01
4.176107406616210938e+01
4.176718521118164062e+01
4.177938079833984375e+01
4.177938079833984375e+01
4.179154205322265625e+01
4.179154205322265625e+01
4.179761123657226562e+01
4.180971527099609375e+01
4.180971527099609375e+01
4.181575393676757812e+01
4.182780456542968750e+01
4.182780456542968750e+01
4.183981704711914062e+01
4.184580993652343750e+01
4.184580993652343750e+01
4.185776901245117188e+01
4.185776901245117188e+01
4.186968612670898438e+01
4.187563323974609375e+01
4.188156890869140625e+01
4.188749313354492188e+01
4.189340972900390625e+01
4.189340972900390625e+01
4.190521621704101562e+01
4.190521621704101562e+01
4.191110229492187500e+01
4.192284774780273438e+01
4.192284774780273438e+01
4.192870712280273438e+01
4.194039535522460938e+01
4.194039535522460938e+01
4.195204162597656250e+01
4.195785140991210938e+01
4.195785140991210938e+01
4.196944046020507812e+01
4.196944046020507812e+01
4.197521972656250000e+01
4.198674774169921875e+01
4.198674774169921875e+01
4.199823379516601562e+01
4.200396347045898438e+01
4.200396347045898438e+01
4.201538848876953125e+01
4.202108764648437500e+01
4.202108764648437500e+01
4.202677536010742188e+01
4.204377746582031250e+01
4.204377746582031250e+01
4.204377746582031250e+01
4.204942321777343750e+01
4.206068420410156250e+01
4.206068420410156250e+01
4.206629943847656250e+01
4.207749938964843750e+01
4.207749938964843750e+01
4.208308410644531250e+01
4.209421920776367188e+01
4.209421920776367188e+01
4.210531234741210938e+01
4.211083984375000000e+01
4.211083984375000000e+01
4.212187194824218750e+01
4.212187194824218750e+01
4.212187194824218750e+01
4.213833236694335938e+01
4.213833236694335938e+01
4.214925384521484375e+01
4.214925384521484375e+01
4.215469741821289062e+01
4.216555023193359375e+01
4.216555023193359375e+01
4.217095947265625000e+01
4.218174362182617188e+01
4.218174362182617188e+01
4.218712234497070312e+01
4.219783782958984375e+01
4.219783782958984375e+01
4.220317840576171875e+01
4.221382522583007812e+01
4.221382522583007812e+01
4.222442626953125000e+01
4.222442626953125000e+01
4.222970581054687500e+01
4.224023437500000000e+01
4.224023437500000000e+01
4.225071334838867188e+01
4.225593566894531250e+01
4.225593566894531250e+01
4.226634216308593750e+01
4.226634216308593750e+01
4.227669525146484375e+01
4.228185653686523438e+01
4.228185653686523438e+01
4.229213714599609375e+01
4.229213714599609375e+01
4.229725646972656250e+01
4.230746078491210938e+01
4.231254196166992188e+01
4.231254196166992188e+01
4.231761169433593750e+01
4.231761169433593750e+01
4.232770919799804688e+01
4.234275817871093750e+01
4.235272216796875000e+01
4.235768508911132812e+01
4.236263275146484375e+01
4.236756896972656250e+01
4.236756896972656250e+01
4.237248992919921875e+01
4.237739944458007812e+01
4.238717269897460938e+01
4.238717269897460938e+01
4.239203643798828125e+01
4.239688873291015625e+01
4.240172576904296875e+01
4.240655136108398438e+01
4.241135787963867188e+01
4.241615295410156250e+01
4.242570114135742188e+01
4.243045043945312500e+01
4.243518829345703125e+01
4.243991088867187500e+01
4.243991088867187500e+01
4.244461822509765625e+01
4.244931030273437500e+01
4.245399093627929688e+01
4.245865249633789062e+01
4.246330261230468750e+01
4.246793365478515625e+01
4.247255325317382812e+01
4.248174667358398438e+01
4.248632431030273438e+01
4.248632431030273438e+01
4.249996948242187500e+01
4.249996948242187500e+01
4.249996948242187500e+01
4.250449371337890625e+01
4.251350021362304688e+01
4.251350021362304688e+01
4.251798629760742188e+01
4.252245712280273438e+01
4.252692031860351562e+01
4.253136825561523438e+01
4.254023361206054688e+01
4.254464721679687500e+01
4.254464721679687500e+01
4.254905319213867188e+01
4.255344772338867188e+01
4.255783081054687500e+01
4.256220626831054688e+01
4.256657028198242188e+01
4.257092666625976562e+01
4.257527160644531250e+01
4.257960510253906250e+01
4.258393478393554688e+01
4.258825302124023438e+01
4.259256362915039062e+01
4.259686660766601562e+01
4.260115814208984375e+01
4.260544586181640625e+01
4.260972595214843750e+01
4.261825942993164062e+01
4.262677001953125000e+01
4.262677001953125000e+01
4.263101196289062500e+01
4.263525009155273438e+01
4.263525009155273438e+01
4.263948440551757812e+01
4.264793395996093750e+01
4.265636062622070312e+01
4.265636062622070312e+01
4.266476821899414062e+01
4.266476821899414062e+01
4.266476821899414062e+01
4.266896438598632812e+01
4.266896438598632812e+01
4.267734909057617188e+01
4.268571853637695312e+01
4.268989944458007812e+01
4.269824981689453125e+01
4.269824981689453125e+01
4.270241928100585938e+01
4.270658874511718750e+01
4.271075439453125000e+01
4.271908569335937500e+01
4.271908569335937500e+01
4.272324752807617188e+01
4.272324752807617188e+01
4.273157119750976562e+01
4.273572921752929688e+01
4.273572921752929688e+01
4.273989105224609375e+01
4.273989105224609375e+01
4.273989105224609375e+01
4.273989105224609375e+01
4.273989105224609375e+01
4.273989105224609375e+01
4.273989105224609375e+01
4.273989105224609375e+01
4.273989105224609375e+01
4.273989105224609375e+01
4.273989105224609375e+01
4.273989105224609375e+01
4.273989105224609375e+01
4.273989105224609375e+01
4.273989105224609375e+01
4.273989105224609375e+01
4.273989105224609375e+01
4.273989105224609375e+01
4.273989105224609375e+01
4.273989105224609375e+01
4.273989105224609375e+01
4.273989105224609375e+01
4.273989105224609375e+01
4.273989105224609375e+01
4.273989105224609375e+01
4.273989105224609375e+01
4.273989105224609375e+01
4.273989105224609375e+01
4.273989105224609375e+01
4.273989105224609375e+01
4.273989105224609375e+01
4.273989105224609375e+01
4.273989105224609375e+01
4.273989105224609375e+01
4.273989105224609375e+01
4.273989105224609375e+01
4.273989105224609375e+01
4.273989105224609375e+01
4.273989105224609375e+01
4.273989105224609375e+01
4.273989105224609375e+01
4.273989105224609375e+01
4.273989105224609375e+01
4.273989105224609375e+01
4.273989105224609375e+01
4.273989105224609375e+01
4.273989105224609375e+01
4.273989105224609375e+01
4.273989105224609375e+01
4.273989105224609375e+01
4.273989105224609375e+01
4.273989105224609375e+01
4.273989105224609375e+01
4.273989105224609375e+01
4.273989105224609375e+01
4.273989105224609375e+01
4.273989105224609375e+01
4.273989105224609375e+01
4.273989105224609375e+01
4.273989105224609375e+01
4.273989105224609375e+01
4.273989105224609375e+01
4.273989105224609375e+01
4.273989105224609375e+01
4.273989105224609375e+01
4.273989105224609375e+01
4.273989105224609375e+01
4.273989105224609375e+01
4.273989105224609375e+01
4.273989105224609375e+01
4.273989105224609375e+01
4.273989105224609375e+01
4.273989105224609375e+01
4.273989105224609375e+01
4.273989105224609375e+01
4.273989105224609375e+01
4.273989105224609375e+01
4.273989105224609375e+01
4.273989105224609375e+01
4.273989105224609375e+01
4.273989105224609375e+01
4.273989105224609375e+01
4.273989105224609375e+01
4.273989105224609375e+01
4.273989105224609375e+01
4.273989105224609375e+01
4.273989105224609375e+01
4.273989105224609375e+01
4.273989105224609375e+01
4.273989105224609375e+01
4.273989105224609375e+01
4.273989105224609375e+01
4.273989105224609375e+01
4.273989105224609375e+01
4.273989105224609375e+01
4.273989105224609375e+01
4.273989105224609375e+01
4.273989105224609375e+01
4.273989105224609375e+01
4.273989105224609375e+01
4.273989105224609375e+01
4.273989105224609375e+01
4.273989105224609375e+01
4.273989105224609375e+01
4.273989105224609375e+01
4.273989105224609375e+01
4.273989105224609375e+01
4.273989105224609375e+01
4.273989105224609375e+01
4.273989105224609375e+01
4.273989105224609375e+01
4.273989105224609375e+01
4.273989105224609375e+01
4.273989105224609375e+01
4.273989105224609375e+01
4.273989105224609375e+01
4.273989105224609375e+01
4.273989105224609375e+01
4.273989105224609375e+01
4.273989105224609375e+01
4.273989105224609375e+01
4.273989105224609375e+01
4.273989105224609375e+01
4.273989105224609375e+01
4.273989105224609375e+01
4.273989105224609375e+01
4.273989105224609375e+01
4.273989105224609375e+01
4.273989105224609375e+01
4.305081939697265625e+01
4.305081939697265625e+01
4.306187057495117188e+01
4.306739807128906250e+01
4.307292556762695312e+01
4.307292556762695312e+01
4.308951950073242188e+01
4.309505462646484375e+01
4.309505462646484375e+01
4.310058975219726562e+01
4.310058975219726562e+01
4.311167526245117188e+01
4.311722183227539062e+01
4.311722183227539062e+01
4.313388061523437500e+01
4.313388061523437500e+01
4.313944244384765625e+01
4.314500808715820312e+01
4.315057754516601562e+01
4.315057754516601562e+01
4.316731643676757812e+01
4.316731643676757812e+01
4.316731643676757812e+01
4.317290878295898438e+01
4.318410873413085938e+01
4.318971633911132812e+01
4.318971633911132812e+01
4.319533538818359375e+01
4.320095825195312500e+01
4.321222305297851562e+01
4.321222305297851562e+01
4.321222305297851562e+01
4.322917938232421875e+01
4.322917938232421875e+01
4.323484802246093750e+01
4.324620819091796875e+01
4.324620819091796875e+01
4.325760650634765625e+01
4.326332092285156250e+01
4.326904296875000000e+01
4.327477645874023438e+01
4.328052139282226562e+01
4.328052139282226562e+01
4.329203796386718750e+01
4.330359649658203125e+01
4.330359649658203125e+01
4.330939483642578125e+01
4.330939483642578125e+01
4.331520462036132812e+01
4.332102584838867188e+01
4.333270263671875000e+01
4.333270263671875000e+01
4.334443283081054688e+01
4.334443283081054688e+01
4.335031509399414062e+01
4.336212539672851562e+01
4.336804962158203125e+01
4.337398910522460938e+01
4.337994003295898438e+01
4.338591003417968750e+01
4.339189147949218750e+01
4.340390014648437500e+01
4.340390014648437500e+01
4.340390014648437500e+01
4.342201995849609375e+01
4.342201995849609375e+01
4.342201995849609375e+01
4.344026947021484375e+01
4.344026947021484375e+01
4.344026947021484375e+01
4.345864105224609375e+01
4.345864105224609375e+01
4.345864105224609375e+01
4.346479415893554688e+01
4.347714233398437500e+01
4.347714233398437500e+01
4.348333358764648438e+01
4.349576187133789062e+01
4.349576187133789062e+01
4.349576187133789062e+01
4.351449966430664062e+01
4.351449966430664062e+01
4.352705764770507812e+01
4.353335571289062500e+01
4.353966522216796875e+01
4.354598999023437500e+01
4.355232620239257812e+01
4.355867385864257812e+01
4.356503677368164062e+01
4.357141113281250000e+01
4.357779693603515625e+01
4.358419418334960938e+01
4.358419418334960938e+01
4.359702682495117188e+01
4.360346221923828125e+01
4.360990524291992188e+01
4.361636352539062500e+01
4.362283325195312500e+01
4.362931442260742188e+01
4.363580703735351562e+01
4.363580703735351562e+01
4.364882659912109375e+01
4.365535354614257812e+01
4.366189193725585938e+01
4.366189193725585938e+01
4.366844177246093750e+01
4.368157577514648438e+01
4.368815612792968750e+01
4.368815612792968750e+01
4.368815612792968750e+01
4.368815612792968750e+01
4.370796966552734375e+01
4.371459579467773438e+01
4.372122955322265625e+01
4.372787475585937500e+01
4.373453140258789062e+01
4.374119949340820312e+01
4.374787521362304688e+01
4.376126098632812500e+01
4.376126098632812500e+01
4.377468490600585938e+01
4.377468490600585938e+01
4.378141021728515625e+01
4.378814697265625000e+01
4.379489517211914062e+01
4.380841827392578125e+01
4.381519317626953125e+01
4.382197952270507812e+01
4.382877349853515625e+01
4.383557891845703125e+01
4.384239578247070312e+01
4.384922027587890625e+01
4.385605239868164062e+01
4.386289978027343750e+01
4.386289978027343750e+01
4.387661743164062500e+01
4.387661743164062500e+01
4.388349151611328125e+01
4.389037704467773438e+01
4.389727020263671875e+01
4.390417480468750000e+01
4.391108703613281250e+01
4.391801071166992188e+01
4.392494583129882812e+01
4.393188858032226562e+01
4.393884277343750000e+01
4.394580459594726562e+01
4.395277786254882812e+01
4.395975875854492188e+01
4.396675109863281250e+01
4.397375488281250000e+01
4.398076629638671875e+01
4.398778915405273438e+01
4.399481964111328125e+01
4.400186157226562500e+01
4.400891494750976562e+01
4.401597595214843750e+01
4.402304840087890625e+01
4.403012847900390625e+01
4.403722000122070312e+01
4.404432296752929688e+01
4.405143356323242188e+01
4.405855560302734375e+01
4.406568527221679688e+01
4.407997894287109375e+01
4.407997894287109375e+01
4.408713912963867188e+01
4.410149002075195312e+01
4.410868072509765625e+01
4.410868072509765625e+01
4.412309265136718750e+01
4.412309265136718750e+01
4.412309265136718750e+01
4.413754272460937500e+01
4.413754272460937500e+01
4.415929031372070312e+01
4.415929031372070312e+01
4.417383956909179688e+01
4.417383956909179688e+01
4.418843078613281250e+01
4.419573974609375000e+01
4.420306015014648438e+01
4.420306015014648438e+01
4.421772766113281250e+01
4.421772766113281250e+01
4.423243713378906250e+01
4.423243713378906250e+01
4.423243713378906250e+01
4.425457382202148438e+01
4.425457382202148438e+01
4.426197052001953125e+01
4.427679824829101562e+01
4.427679824829101562e+01
4.428422546386718750e+01
4.429911041259765625e+01
4.429911041259765625e+01
4.430656814575195312e+01
4.432151031494140625e+01
4.432151031494140625e+01
4.432899856567382812e+01
4.434399795532226562e+01
4.434399795532226562e+01
4.435903930664062500e+01
4.436657333374023438e+01
4.437411880493164062e+01
4.437411880493164062e+01
4.439680862426757812e+01
4.439680862426757812e+01
4.439680862426757812e+01
4.441958618164062500e+01
4.441958618164062500e+01
4.441958618164062500e+01
4.442719650268554688e+01
4.444244766235351562e+01
4.445008850097656250e+01
4.445008850097656250e+01
4.446539688110351562e+01
4.446539688110351562e+01
4.448074340820312500e+01
4.448843002319335938e+01
4.448843002319335938e+01
4.450382995605468750e+01
4.451154708862304688e+01
4.451927185058593750e+01
4.452700424194335938e+01
4.452700424194335938e+01
4.454249954223632812e+01
4.455026245117187500e+01
4.455026245117187500e+01
4.456581497192382812e+01
4.457360458374023438e+01
4.457360458374023438e+01
4.458921051025390625e+01
4.458921051025390625e+01
4.459702682495117188e+01
4.461268997192382812e+01
4.461268997192382812e+01
4.462839126586914062e+01
4.463625335693359375e+01
4.463625335693359375e+01
4.463625335693359375e+01
4.465200805664062500e+01
4.465989685058593750e+01
4.467570495605468750e+01
4.467570495605468750e+01
4.469155120849609375e+01
4.469948577880859375e+01
4.470743179321289062e+01
4.470743179321289062e+01
4.472334671020507812e+01
4.472334671020507812e+01
4.473929595947265625e+01
4.475528335571289062e+01
4.475528335571289062e+01
4.475528335571289062e+01
4.476329040527343750e+01
4.477932739257812500e+01
4.477932739257812500e+01
4.479539871215820312e+01
4.479539871215820312e+01
4.481150054931640625e+01
4.481956863403320312e+01
4.482764053344726562e+01
4.482764053344726562e+01
4.483572006225585938e+01
4.485190963745117188e+01
4.485190963745117188e+01
4.485190963745117188e+01
4.487625122070312500e+01
4.488438034057617188e+01
4.489252090454101562e+01
4.489252090454101562e+01
4.490066528320312500e+01
4.491698074340820312e+01
4.491698074340820312e+01
4.493332672119140625e+01
4.494151306152343750e+01
4.494151306152343750e+01
4.495790481567382812e+01
4.495790481567382812e+01
4.496611404418945312e+01
4.498255157470703125e+01
4.498255157470703125e+01
4.499901962280273438e+01
4.500726699829101562e+01
4.501551818847656250e+01
4.502377700805664062e+01
4.503204727172851562e+01
4.504032135009765625e+01
4.504032135009765625e+01
4.504860305786132812e+01
4.505688858032226562e+01
4.507349014282226562e+01
4.507349014282226562e+01
4.509011459350585938e+01
4.509843826293945312e+01
4.510676956176757812e+01
4.511510848999023438e+01
4.512345123291015625e+01
4.512345123291015625e+01
4.513180541992187500e+01
4.514016342163085938e+01
4.514852523803710938e+01
4.516527557373046875e+01
4.516527557373046875e+01
4.517366027832031250e+01
4.519045257568359375e+01
4.519045257568359375e+01
4.520726776123046875e+01
4.521568679809570312e+01
4.522411346435546875e+01
4.523254776000976562e+01
4.523254776000976562e+01
4.524943923950195312e+01
4.525789260864257812e+01
4.525789260864257812e+01
4.527482986450195312e+01
4.528330612182617188e+01
4.529179382324218750e+01
4.530028915405273438e+01
4.530028915405273438e+01
4.530028915405273438e+01
4.532582092285156250e+01
4.532582092285156250e+01
4.534288024902343750e+01
4.535142517089843750e+01
4.535142517089843750e+01
4.536853408813476562e+01
4.537710571289062500e+01
4.538568115234375000e+01
4.539426803588867188e+01
4.539426803588867188e+01
4.541146469116210938e+01
4.542007827758789062e+01
4.542007827758789062e+01
4.543732833862304688e+01
4.544596862792968750e+01
4.545461654663085938e+01
4.546327590942382812e+01
4.546327590942382812e+01
4.546327590942382812e+01
4.548930358886718750e+01
4.548930358886718750e+01
4.550670623779296875e+01
4.551542282104492188e+01
4.552414703369140625e+01
4.553288269042968750e+01
4.553288269042968750e+01
4.554162597656250000e+01
4.555914688110351562e+01
4.556792068481445312e+01
4.556792068481445312e+01
4.558550262451171875e+01
4.558550262451171875e+01
4.560312652587890625e+01
4.562078857421875000e+01
4.562078857421875000e+01
4.562078857421875000e+01
4.564736938476562500e+01
4.564736938476562500e+01
4.565625000000000000e+01
4.565625000000000000e+01
4.567404556274414062e+01
4.568296051025390625e+01
4.569188690185546875e+01
4.570082092285156250e+01
4.570977020263671875e+01
4.571872711181640625e+01
4.572769165039062500e+01
4.572769165039062500e+01
4.573666763305664062e+01
4.575464630126953125e+01
4.575464630126953125e+01
4.577265548706054688e+01
4.578167343139648438e+01
4.579069519042968750e+01
4.579069519042968750e+01
4.579972457885742188e+01
4.579972457885742188e+01
4.582685470581054688e+01
4.582685470581054688e+01
4.584496307373046875e+01
4.585402679443359375e+01
4.585402679443359375e+01
4.587216567993164062e+01
4.588123703002929688e+01
4.588123703002929688e+01
4.589939498901367188e+01
4.590847396850585938e+01
4.591756057739257812e+01
4.592664337158203125e+01
4.592664337158203125e+01
4.592664337158203125e+01
4.595390319824218750e+01
4.595390319824218750e+01
4.597208023071289062e+01
4.598116683959960938e+01
4.599024963378906250e+01
4.599024963378906250e+01
4.600841522216796875e+01
4.601749801635742188e+01
4.602657318115234375e+01
4.602657318115234375e+01
4.602657318115234375e+01
4.605378723144531250e+01
4.605378723144531250e+01
4.607191085815429688e+01
4.608096313476562500e+01
4.609001541137695312e+01
4.609905624389648438e+01
4.609905624389648438e+01
4.609905624389648438e+01
4.611712646484375000e+01
4.612615203857421875e+01
4.614418029785156250e+01
4.614418029785156250e+01
4.614418029785156250e+01
4.617116546630859375e+01
4.617116546630859375e+01
4.618014144897460938e+01
4.619807052612304688e+01
4.619807052612304688e+01
4.621595764160156250e+01
4.622488784790039062e+01
4.622488784790039062e+01
4.624271011352539062e+01
4.624271011352539062e+01
4.626049041748046875e+01
4.626936340332031250e+01
4.626936340332031250e+01
4.627822494506835938e+01
4.629591751098632812e+01
4.630474472045898438e+01
4.631356430053710938e+01
4.632237243652343750e+01
4.632237243652343750e+01
4.633996200561523438e+01
4.634873962402343750e+01
4.635750579833984375e+01
4.636626434326171875e+01
4.636626434326171875e+01
4.638374710083007812e+01
4.638374710083007812e+01
4.639247512817382812e+01
4.640990066528320312e+01
4.640990066528320312e+01
4.641859817504882812e+01
4.643596649169921875e+01
4.644463729858398438e+01
4.644463729858398438e+01
4.645329666137695312e+01
4.647922134399414062e+01
4.647922134399414062e+01
4.647922134399414062e+01
4.649645614624023438e+01
4.649645614624023438e+01
4.650506210327148438e+01
4.650506210327148438e+01
4.653082275390625000e+01
4.653939437866210938e+01
4.654795455932617188e+01
4.654795455932617188e+01
4.654795455932617188e+01
4.657358551025390625e+01
4.658211517333984375e+01
4.658211517333984375e+01
4.659914398193359375e+01
4.660764694213867188e+01
4.661614227294921875e+01
4.662462615966796875e+01
4.663310623168945312e+01
4.664157867431640625e+01
4.665003967285156250e+01
4.665003967285156250e+01
4.666694259643554688e+01
4.667538452148437500e+01
4.667538452148437500e+01
4.669224166870117188e+01
4.670066070556640625e+01
4.670066070556640625e+01
4.671747589111328125e+01
4.671747589111328125e+01
4.673426055908203125e+01
4.674264526367187500e+01
4.674264526367187500e+01
4.675938796997070312e+01
4.675938796997070312e+01
4.676774978637695312e+01
4.678445434570312500e+01
4.678445434570312500e+01
4.679279327392578125e+01
4.680112838745117188e+01
4.680945587158203125e+01
4.681777572631835938e+01
4.683439636230468750e+01
4.683439636230468750e+01
4.685099029541015625e+01
4.685927200317382812e+01
4.685927200317382812e+01
4.687582397460937500e+01
4.687582397460937500e+01
4.689234161376953125e+01
4.690059280395507812e+01
4.690059280395507812e+01
4.690883255004882812e+01
4.692529678344726562e+01
4.693351364135742188e+01
4.694172668457031250e+01
4.694172668457031250e+01
4.695812988281250000e+01
4.696632003784179688e+01
4.697450256347656250e+01
4.698267745971679688e+01
4.699084472656250000e+01
4.699900817871093750e+01
4.700716018676757812e+01
4.700716018676757812e+01
4.702344131469726562e+01
4.703157043457031250e+01
4.703157043457031250e+01
4.704780578613281250e+01
4.705591583251953125e+01
4.706401443481445312e+01
4.707210540771484375e+01
4.707210540771484375e+01
4.707210540771484375e+01
4.709632873535156250e+01
4.710438919067382812e+01
4.711244201660156250e+01
4.711244201660156250e+01
4.712852096557617188e+01
4.713654708862304688e+01
4.713654708862304688e+01
4.715258026123046875e+01
4.715258026123046875e+01
4.716058349609375000e+01
4.717656326293945312e+01
4.718454360961914062e+01
4.718454360961914062e+01
4.720047760009765625e+01
4.720047760009765625e+01
4.721637725830078125e+01
4.722431564331054688e+01
4.722431564331054688e+01
4.724016571044921875e+01
4.724016571044921875e+01
4.724808120727539062e+01
4.726388168334960938e+01
4.726388168334960938e+01
4.727177047729492188e+01
4.727964782714843750e+01
4.728751754760742188e+01
4.730323028564453125e+01
4.731107711791992188e+01
4.731891250610351562e+01
4.732673645019531250e+01
4.732673645019531250e+01
4.732673645019531250e+01
4.735015869140625000e+01
4.735015869140625000e+01
4.735794830322265625e+01
4.737350082397460938e+01
4.737350082397460938e+01
4.737350082397460938e+01
4.739675140380859375e+01
4.739675140380859375e+01
4.741220855712890625e+01
4.741220855712890625e+01
4.741992187500000000e+01
4.743531417846679688e+01
4.743531417846679688e+01
4.744299697875976562e+01
4.745833206176757812e+01
4.745833206176757812e+01
4.747362518310546875e+01
4.748125839233398438e+01
4.748887634277343750e+01
4.749648666381835938e+01
4.750408935546875000e+01
4.750408935546875000e+01
4.751167678833007812e+01
4.751167678833007812e+01
4.753437805175781250e+01
4.754946136474609375e+01
4.755698394775390625e+01
4.755698394775390625e+01
4.756449508666992188e+01
4.756449508666992188e+01
4.757948684692382812e+01
4.757948684692382812e+01
4.758696746826171875e+01
4.759443283081054688e+01
4.759443283081054688e+01
4.761676788330078125e+01
4.762418746948242188e+01
4.763899612426757812e+01
4.764638137817382812e+01
4.764638137817382812e+01
4.764638137817382812e+01
4.765375518798828125e+01
4.766111373901367188e+01
4.766846466064453125e+01
4.767580032348632812e+01
4.768312454223632812e+01
4.769043731689453125e+01
4.769773864746093750e+01
4.770502853393554688e+01
4.771230316162109375e+01
4.771956634521484375e+01
4.772681427001953125e+01
4.773405456542968750e+01
4.774127960205078125e+01
4.774849700927734375e+01
4.775569915771484375e+01
4.776288986206054688e+01
4.777724075317382812e+01
4.777724075317382812e+01
4.778440093994140625e+01
4.779154968261718750e+01
4.779868698120117188e+01
4.780581665039062500e+01
4.781293487548828125e+01
4.782004547119140625e+01
4.782714462280273438e+01
4.783423614501953125e+01
4.784131622314453125e+01
4.784838867187500000e+01
4.785545349121093750e+01
4.786251068115234375e+01
4.786955642700195312e+01
4.787659835815429688e+01
4.788362884521484375e+01
4.789065170288085938e+01
4.789767074584960938e+01
4.790467834472656250e+01
4.791168212890625000e+01
4.791867828369140625e+01
4.792566680908203125e+01
4.793265151977539062e+01
4.793962860107421875e+01
4.794660186767578125e+01
4.795356369018554688e+01
4.796052551269531250e+01
4.796747970581054688e+01
4.797443008422851562e+01
4.798137664794921875e+01
