1.000000000000000000e+01
1.000000000000000000e+01
1.000000000000000000e+01
1.000000000000000000e+01
1.000000000000000000e+01
1.000000000000000000e+01
1.000000000000000000e+01
1.000000000000000000e+01
1.000000000000000000e+01
1.000000000000000000e+01
1.000000000000000000e+01
1.000000000000000000e+01
1.000000000000000000e+01
1.000000000000000000e+01
1.000000000000000000e+01
1.000000000000000000e+01
1.000000000000000000e+01
1.000000000000000000e+01
1.000000000000000000e+01
1.000000000000000000e+01
1.000000000000000000e+01
1.000000000000000000e+01
1.000000000000000000e+01
1.000000000000000000e+01
1.000000000000000000e+01
1.000000000000000000e+01
1.000000000000000000e+01
1.000000000000000000e+01
1.000000000000000000e+01
1.000000000000000000e+01
1.000000000000000000e+01
1.000000000000000000e+01
1.000000000000000000e+01
1.000000000000000000e+01
1.000000000000000000e+01
1.000000000000000000e+01
1.000000000000000000e+01
1.000000000000000000e+01
1.000000000000000000e+01
1.000000000000000000e+01
1.000000000000000000e+01
1.000000000000000000e+01
1.000000000000000000e+01
1.000000000000000000e+01
1.000000000000000000e+01
1.000000000000000000e+01
1.000000000000000000e+01
1.000000000000000000e+01
1.000000000000000000e+01
1.000000000000000000e+01
1.000000000000000000e+01
1.000000000000000000e+01
1.000000000000000000e+01
1.000000000000000000e+01
1.000000000000000000e+01
1.000000000000000000e+01
1.000000000000000000e+01
1.000000000000000000e+01
1.000000000000000000e+01
1.000000000000000000e+01
1.000000000000000000e+01
1.000000000000000000e+01
1.000000000000000000e+01
1.000000000000000000e+01
1.000000000000000000e+01
1.000000000000000000e+01
1.000000000000000000e+01
1.000000000000000000e+01
1.000000000000000000e+01
1.000000000000000000e+01
1.000000000000000000e+01
1.000000000000000000e+01
1.000000000000000000e+01
1.000000000000000000e+01
1.000000000000000000e+01
1.000000000000000000e+01
1.000000000000000000e+01
1.000000000000000000e+01
1.000000000000000000e+01
1.000000000000000000e+01
1.000000000000000000e+01
1.000000000000000000e+01
1.000000000000000000e+01
1.000000000000000000e+01
1.000000000000000000e+01
1.000000000000000000e+01
1.000000000000000000e+01
1.000000000000000000e+01
1.000000000000000000e+01
1.000000000000000000e+01
1.000000000000000000e+01
1.000000000000000000e+01
1.000000000000000000e+01
1.000000000000000000e+01
1.000000000000000000e+01
1.000000000000000000e+01
1.000000000000000000e+01
1.000000000000000000e+01
1.000000000000000000e+01
1.000000000000000000e+01
1.000000000000000000e+01
1.000000000000000000e+01
1.000000000000000000e+01
1.000000000000000000e+01
1.000000000000000000e+01
1.000000000000000000e+01
1.000000000000000000e+01
1.000000000000000000e+01
1.000000000000000000e+01
1.000000000000000000e+01
1.000000000000000000e+01
1.000000000000000000e+01
1.000000000000000000e+01
1.000000000000000000e+01
1.000000000000000000e+01
1.000000000000000000e+01
1.000000000000000000e+01
1.000000000000000000e+01
1.000000000000000000e+01
1.000000000000000000e+01
1.000000000000000000e+01
1.000000000000000000e+01
1.000000000000000000e+01
1.000000000000000000e+01
1.000000000000000000e+01
1.000000000000000000e+01
1.000000000000000000e+01
1.000000000000000000e+01
1.000000000000000000e+01
1.000000000000000000e+01
1.000000000000000000e+01
1.000000000000000000e+01
1.000000000000000000e+01
1.000000000000000000e+01
1.000000000000000000e+01
1.000000000000000000e+01
1.000000000000000000e+01
1.000000000000000000e+01
1.000000000000000000e+01
1.000000000000000000e+01
1.000000000000000000e+01
1.000000000000000000e+01
1.000000000000000000e+01
1.000000000000000000e+01
1.000000000000000000e+01
1.000000000000000000e+01
1.000000000000000000e+01
1.000000000000000000e+01
1.000000000000000000e+01
1.000000000000000000e+01
1.000000000000000000e+01
1.000000000000000000e+01
1.000000000000000000e+01
1.000000000000000000e+01
1.000000000000000000e+01
1.000000000000000000e+01
1.000000000000000000e+01
1.000000000000000000e+01
1.000000000000000000e+01
1.000000000000000000e+01
1.000000000000000000e+01
1.000000000000000000e+01
1.000000000000000000e+01
1.000000000000000000e+01
1.000000000000000000e+01
1.000000000000000000e+01
1.000000000000000000e+01
1.000000000000000000e+01
1.000000000000000000e+01
1.000000000000000000e+01
1.000000000000000000e+01
1.000000000000000000e+01
1.000000000000000000e+01
1.000000000000000000e+01
1.000000000000000000e+01
1.000000000000000000e+01
1.000000000000000000e+01
1.000000000000000000e+01
1.000000000000000000e+01
1.000000000000000000e+01
1.000000000000000000e+01
1.000000000000000000e+01
1.000000000000000000e+01
1.000000000000000000e+01
1.000000000000000000e+01
1.000000000000000000e+01
1.000000000000000000e+01
1.000000000000000000e+01
1.000000000000000000e+01
1.000000000000000000e+01
1.000000000000000000e+01
1.000000000000000000e+01
1.000000000000000000e+01
1.000000000000000000e+01
1.000000000000000000e+01
1.000000000000000000e+01
1.000000000000000000e+01
1.000000000000000000e+01
1.000000000000000000e+01
1.000000000000000000e+01
1.000000000000000000e+01
1.000000000000000000e+01
1.000000000000000000e+01
1.000000000000000000e+01
1.000000000000000000e+01
1.000000000000000000e+01
1.000000000000000000e+01
1.000000000000000000e+01
1.000000000000000000e+01
1.000000000000000000e+01
1.000000000000000000e+01
1.000000000000000000e+01
1.000000000000000000e+01
1.000000000000000000e+01
1.000000000000000000e+01
1.000000000000000000e+01
1.000000000000000000e+01
1.000000000000000000e+01
1.000000000000000000e+01
1.000000000000000000e+01
1.000000000000000000e+01
1.000000000000000000e+01
1.000000000000000000e+01
1.000000000000000000e+01
1.000000000000000000e+01
1.000000000000000000e+01
1.000000000000000000e+01
1.000000000000000000e+01
1.000000000000000000e+01
1.000000000000000000e+01
1.000000000000000000e+01
1.000000000000000000e+01
1.000000000000000000e+01
1.000000000000000000e+01
1.000000000000000000e+01
1.000000000000000000e+01
1.000000000000000000e+01
1.000000000000000000e+01
1.000000000000000000e+01
1.000000000000000000e+01
1.000000000000000000e+01
1.000000000000000000e+01
1.000000000000000000e+01
1.000000000000000000e+01
1.000000000000000000e+01
1.000000000000000000e+01
1.000000000000000000e+01
1.000000000000000000e+01
1.000000000000000000e+01
1.000000000000000000e+01
1.000000000000000000e+01
1.000000000000000000e+01
1.000000000000000000e+01
1.000000000000000000e+01
1.000000000000000000e+01
1.000000000000000000e+01
1.000000000000000000e+01
1.000000000000000000e+01
1.000000000000000000e+01
1.000000000000000000e+01
1.000000000000000000e+01
1.000000000000000000e+01
1.000000000000000000e+01
1.000000000000000000e+01
1.000000000000000000e+01
1.000000000000000000e+01
1.000000000000000000e+01
1.000000000000000000e+01
1.000000000000000000e+01
1.000000000000000000e+01
1.000000000000000000e+01
1.000000000000000000e+01
1.000000000000000000e+01
1.000000000000000000e+01
1.000000000000000000e+01
1.000000000000000000e+01
1.000000000000000000e+01
1.000000000000000000e+01
1.000000000000000000e+01
1.000000000000000000e+01
1.000000000000000000e+01
1.000000000000000000e+01
1.000000000000000000e+01
1.000000000000000000e+01
1.000000000000000000e+01
1.000000000000000000e+01
1.000000000000000000e+01
1.000000000000000000e+01
1.000000000000000000e+01
1.000000000000000000e+01
1.000000000000000000e+01
1.000000000000000000e+01
1.000000000000000000e+01
1.000000000000000000e+01
1.000000000000000000e+01
1.000000000000000000e+01
1.000000000000000000e+01
1.000000000000000000e+01
1.000000000000000000e+01
1.000000000000000000e+01
1.000000000000000000e+01
1.000000000000000000e+01
1.000000000000000000e+01
1.000000000000000000e+01
1.000000000000000000e+01
1.000000000000000000e+01
1.000000000000000000e+01
1.000000000000000000e+01
1.000000000000000000e+01
1.000000000000000000e+01
1.000000000000000000e+01
1.000000000000000000e+01
1.000000000000000000e+01
1.000000000000000000e+01
1.000000000000000000e+01
1.000000000000000000e+01
1.000000000000000000e+01
1.000000000000000000e+01
1.000000000000000000e+01
1.000000000000000000e+01
1.000000000000000000e+01
1.000000000000000000e+01
1.000000000000000000e+01
1.000000000000000000e+01
1.000000000000000000e+01
1.000000000000000000e+01
1.000000000000000000e+01
1.000000000000000000e+01
1.000000000000000000e+01
1.000000000000000000e+01
1.000000000000000000e+01
1.000000000000000000e+01
1.000000000000000000e+01
1.000000000000000000e+01
1.000000000000000000e+01
1.000000000000000000e+01
1.000000000000000000e+01
1.000000000000000000e+01
1.000000000000000000e+01
1.000000000000000000e+01
1.000000000000000000e+01
1.000000000000000000e+01
1.000000000000000000e+01
1.000000000000000000e+01
1.000000000000000000e+01
1.000000000000000000e+01
1.000000000000000000e+01
1.000000000000000000e+01
1.000000000000000000e+01
1.000000000000000000e+01
1.000000000000000000e+01
1.000000000000000000e+01
1.000000000000000000e+01
1.000000000000000000e+01
1.000000000000000000e+01
1.000000000000000000e+01
1.000000000000000000e+01
1.000000000000000000e+01
1.000000000000000000e+01
1.000000000000000000e+01
1.000000000000000000e+01
1.000000000000000000e+01
1.000000000000000000e+01
1.000000000000000000e+01
1.000000000000000000e+01
1.000000000000000000e+01
1.000000000000000000e+01
1.000000000000000000e+01
1.000000000000000000e+01
1.000000000000000000e+01
1.000000000000000000e+01
1.000000000000000000e+01
1.000000000000000000e+01
1.000000000000000000e+01
1.000000000000000000e+01
1.000000000000000000e+01
1.000000000000000000e+01
1.000000000000000000e+01
1.000000000000000000e+01
1.000000000000000000e+01
1.000000000000000000e+01
1.000000000000000000e+01
1.000000000000000000e+01
1.000000000000000000e+01
1.000000000000000000e+01
1.000000000000000000e+01
1.000000000000000000e+01
1.000000000000000000e+01
1.000000000000000000e+01
1.000000000000000000e+01
1.000000000000000000e+01
1.000000000000000000e+01
1.000000000000000000e+01
1.000000000000000000e+01
1.000000000000000000e+01
1.000000000000000000e+01
1.000000000000000000e+01
1.000000000000000000e+01
1.000000000000000000e+01
1.000000000000000000e+01
1.000000000000000000e+01
1.000000000000000000e+01
1.000000000000000000e+01
1.000000000000000000e+01
1.000000000000000000e+01
1.000000000000000000e+01
1.000000000000000000e+01
1.000000000000000000e+01
1.000000000000000000e+01
1.000000000000000000e+01
1.000000000000000000e+01
1.000000000000000000e+01
1.000000000000000000e+01
1.000000000000000000e+01
1.000000000000000000e+01
1.000000000000000000e+01
1.000000000000000000e+01
1.000000000000000000e+01
1.000000000000000000e+01
1.000000000000000000e+01
1.000000000000000000e+01
1.000000000000000000e+01
1.000000000000000000e+01
1.000000000000000000e+01
1.000000000000000000e+01
1.000000000000000000e+01
1.000000000000000000e+01
1.000000000000000000e+01
1.000000000000000000e+01
1.000000000000000000e+01
1.000000000000000000e+01
1.000000000000000000e+01
1.000000000000000000e+01
1.000000000000000000e+01
1.000000000000000000e+01
1.000000000000000000e+01
1.000000000000000000e+01
1.000000000000000000e+01
1.000000000000000000e+01
1.000000000000000000e+01
1.000000000000000000e+01
1.000000000000000000e+01
1.000000000000000000e+01
1.000000000000000000e+01
1.000000000000000000e+01
1.000000000000000000e+01
1.000000000000000000e+01
1.000000000000000000e+01
1.000000000000000000e+01
1.000000000000000000e+01
1.000000000000000000e+01
1.000000000000000000e+01
1.000000000000000000e+01
1.000000000000000000e+01
1.000000000000000000e+01
1.000000000000000000e+01
1.000000000000000000e+01
1.000000000000000000e+01
1.000000000000000000e+01
1.000000000000000000e+01
1.000000000000000000e+01
1.000000000000000000e+01
1.000000000000000000e+01
1.000000000000000000e+01
1.000000000000000000e+01
1.000000000000000000e+01
1.000000000000000000e+01
1.000000000000000000e+01
1.000000000000000000e+01
1.000000000000000000e+01
1.000000000000000000e+01
1.000000000000000000e+01
1.000000000000000000e+01
1.000000000000000000e+01
1.000000000000000000e+01
1.000000000000000000e+01
1.000000000000000000e+01
1.000000000000000000e+01
1.000000000000000000e+01
1.000000000000000000e+01
1.000000000000000000e+01
1.000000000000000000e+01
1.000000000000000000e+01
1.000000000000000000e+01
1.000000000000000000e+01
1.000000000000000000e+01
1.000000000000000000e+01
1.000000000000000000e+01
1.000000000000000000e+01
1.000000000000000000e+01
1.000000000000000000e+01
1.000000000000000000e+01
1.000000000000000000e+01
1.000000000000000000e+01
1.000000000000000000e+01
1.000000000000000000e+01
1.000000000000000000e+01
1.000000000000000000e+01
1.000000000000000000e+01
1.000000000000000000e+01
1.000000000000000000e+01
1.000000000000000000e+01
1.000000000000000000e+01
1.000000000000000000e+01
1.000000000000000000e+01
1.000000000000000000e+01
1.000000000000000000e+01
1.000000000000000000e+01
1.000000000000000000e+01
1.000000000000000000e+01
1.000000000000000000e+01
1.000000000000000000e+01
1.000000000000000000e+01
1.000000000000000000e+01
1.000000000000000000e+01
1.000000000000000000e+01
1.000000000000000000e+01
1.000000000000000000e+01
1.000000000000000000e+01
1.000000000000000000e+01
1.000000000000000000e+01
1.000000000000000000e+01
1.000000000000000000e+01
1.000000000000000000e+01
1.000000000000000000e+01
1.000000000000000000e+01
1.000000000000000000e+01
1.000000000000000000e+01
1.000000000000000000e+01
1.000000000000000000e+01
1.000000000000000000e+01
1.000000000000000000e+01
1.000000000000000000e+01
1.000000000000000000e+01
1.000000000000000000e+01
1.000000000000000000e+01
1.000000000000000000e+01
1.000000000000000000e+01
1.000000000000000000e+01
1.000000000000000000e+01
1.000000000000000000e+01
1.000000000000000000e+01
1.000000000000000000e+01
1.000000000000000000e+01
1.000000000000000000e+01
1.000000000000000000e+01
1.000000000000000000e+01
1.000000000000000000e+01
1.000000000000000000e+01
1.000000000000000000e+01
1.000000000000000000e+01
1.000000000000000000e+01
1.000000000000000000e+01
1.000000000000000000e+01
1.000000000000000000e+01
1.000000000000000000e+01
1.000000000000000000e+01
1.000000000000000000e+01
1.000000000000000000e+01
1.000000000000000000e+01
1.000000000000000000e+01
1.000000000000000000e+01
1.000000000000000000e+01
1.000000000000000000e+01
1.000000000000000000e+01
1.000000000000000000e+01
1.000000000000000000e+01
1.000000000000000000e+01
1.000000000000000000e+01
1.000000000000000000e+01
1.000000000000000000e+01
1.000000000000000000e+01
1.000000000000000000e+01
1.000000000000000000e+01
1.000000000000000000e+01
1.000000000000000000e+01
1.000000000000000000e+01
1.000000000000000000e+01
1.000000000000000000e+01
1.000000000000000000e+01
1.000000000000000000e+01
1.000000000000000000e+01
1.000000000000000000e+01
1.000000000000000000e+01
1.000000000000000000e+01
1.000000000000000000e+01
1.000000000000000000e+01
1.000000000000000000e+01
1.000000000000000000e+01
1.000000000000000000e+01
1.000000000000000000e+01
1.000000000000000000e+01
1.000000000000000000e+01
1.000000000000000000e+01
1.000000000000000000e+01
1.000000000000000000e+01
1.000000000000000000e+01
1.000000000000000000e+01
1.000000000000000000e+01
1.000000000000000000e+01
1.000000000000000000e+01
1.000000000000000000e+01
1.000000000000000000e+01
1.000000000000000000e+01
1.000000000000000000e+01
1.000000000000000000e+01
1.000000000000000000e+01
1.000000000000000000e+01
1.000000000000000000e+01
1.000000000000000000e+01
1.000000000000000000e+01
1.000000000000000000e+01
1.000000000000000000e+01
1.000000000000000000e+01
1.000000000000000000e+01
1.000000000000000000e+01
1.000000000000000000e+01
1.000000000000000000e+01
1.000000000000000000e+01
1.000000000000000000e+01
1.000000000000000000e+01
1.000000000000000000e+01
1.000000000000000000e+01
1.000000000000000000e+01
1.000000000000000000e+01
1.000000000000000000e+01
1.000000000000000000e+01
1.000000000000000000e+01
1.000000000000000000e+01
1.000000000000000000e+01
1.000000000000000000e+01
1.000000000000000000e+01
1.000000000000000000e+01
1.000000000000000000e+01
1.000000000000000000e+01
1.000000000000000000e+01
1.000000000000000000e+01
1.000000000000000000e+01
1.000000000000000000e+01
1.000000000000000000e+01
1.000000000000000000e+01
1.000000000000000000e+01
1.000000000000000000e+01
1.000000000000000000e+01
1.000000000000000000e+01
1.000000000000000000e+01
1.000000000000000000e+01
1.000000000000000000e+01
1.000000000000000000e+01
1.000000000000000000e+01
1.000000000000000000e+01
1.000000000000000000e+01
1.000000000000000000e+01
1.000000000000000000e+01
1.000000000000000000e+01
1.000000000000000000e+01
1.000000000000000000e+01
1.000000000000000000e+01
1.000000000000000000e+01
1.000000000000000000e+01
1.000000000000000000e+01
1.000000000000000000e+01
1.000000000000000000e+01
1.000000000000000000e+01
1.000000000000000000e+01
1.000000000000000000e+01
1.000000000000000000e+01
1.000000000000000000e+01
1.000000000000000000e+01
1.000000000000000000e+01
1.000000000000000000e+01
1.000000000000000000e+01
1.000000000000000000e+01
1.000000000000000000e+01
1.000000000000000000e+01
1.000000000000000000e+01
1.000000000000000000e+01
1.000000000000000000e+01
1.000000000000000000e+01
1.000000000000000000e+01
1.000000000000000000e+01
1.000000000000000000e+01
1.000000000000000000e+01
1.000000000000000000e+01
1.000000000000000000e+01
1.000000000000000000e+01
1.000000000000000000e+01
1.000000000000000000e+01
1.000000000000000000e+01
1.000000000000000000e+01
1.000000000000000000e+01
1.000000000000000000e+01
1.000000000000000000e+01
1.000000000000000000e+01
1.000000000000000000e+01
1.000000000000000000e+01
1.000000000000000000e+01
1.000000000000000000e+01
1.000000000000000000e+01
1.000000000000000000e+01
1.000000000000000000e+01
1.000000000000000000e+01
1.000000000000000000e+01
1.000000000000000000e+01
1.000000000000000000e+01
1.000000000000000000e+01
1.000000000000000000e+01
1.000000000000000000e+01
1.000000000000000000e+01
1.000000000000000000e+01
1.000000000000000000e+01
1.000000000000000000e+01
1.000000000000000000e+01
1.000000000000000000e+01
1.000000000000000000e+01
1.000000000000000000e+01
1.000000000000000000e+01
1.000000000000000000e+01
1.000000000000000000e+01
1.000000000000000000e+01
1.000000000000000000e+01
1.000000000000000000e+01
1.000000000000000000e+01
1.000000000000000000e+01
1.000000000000000000e+01
1.000000000000000000e+01
1.000000000000000000e+01
1.000000000000000000e+01
1.000000000000000000e+01
1.000000000000000000e+01
1.000000000000000000e+01
1.000000000000000000e+01
1.000000000000000000e+01
1.000000000000000000e+01
1.000000000000000000e+01
1.000000000000000000e+01
1.000000000000000000e+01
1.000000000000000000e+01
1.000000000000000000e+01
1.000000000000000000e+01
1.000000000000000000e+01
1.000000000000000000e+01
1.000000000000000000e+01
1.000000000000000000e+01
1.000000000000000000e+01
1.000000000000000000e+01
1.000000000000000000e+01
1.000000000000000000e+01
1.000000000000000000e+01
1.000000000000000000e+01
1.000000000000000000e+01
1.000000000000000000e+01
1.000000000000000000e+01
1.000000000000000000e+01
1.000000000000000000e+01
1.000000000000000000e+01
1.000000000000000000e+01
1.000000000000000000e+01
1.000000000000000000e+01
1.000000000000000000e+01
1.000000000000000000e+01
1.000000000000000000e+01
1.000000000000000000e+01
1.000000000000000000e+01
1.000000000000000000e+01
1.000000000000000000e+01
1.000000000000000000e+01
1.000000000000000000e+01
1.000000000000000000e+01
1.000000000000000000e+01
1.000000000000000000e+01
1.000000000000000000e+01
1.000000000000000000e+01
1.000000000000000000e+01
1.000000000000000000e+01
1.000000000000000000e+01
1.000000000000000000e+01
1.000000000000000000e+01
1.000000000000000000e+01
1.000000000000000000e+01
1.000000000000000000e+01
1.000000000000000000e+01
1.000000000000000000e+01
1.000000000000000000e+01
1.000000000000000000e+01
1.000000000000000000e+01
1.000000000000000000e+01
1.000000000000000000e+01
1.000000000000000000e+01
1.000000000000000000e+01
1.000000000000000000e+01
1.000000000000000000e+01
1.000000000000000000e+01
1.000000000000000000e+01
1.000000000000000000e+01
1.000000000000000000e+01
1.000000000000000000e+01
1.000000000000000000e+01
1.000000000000000000e+01
1.000000000000000000e+01
1.000000000000000000e+01
1.000000000000000000e+01
1.000000000000000000e+01
1.000000000000000000e+01
1.000000000000000000e+01
1.000000000000000000e+01
1.000000000000000000e+01
1.000000000000000000e+01
1.000000000000000000e+01
1.000000000000000000e+01
1.000000000000000000e+01
1.000000000000000000e+01
1.000000000000000000e+01
1.000000000000000000e+01
1.000000000000000000e+01
1.000000000000000000e+01
1.000000000000000000e+01
1.000000000000000000e+01
1.000000000000000000e+01
1.000000000000000000e+01
1.000000000000000000e+01
1.000000000000000000e+01
1.000000000000000000e+01
1.000000000000000000e+01
1.000000000000000000e+01
1.000000000000000000e+01
1.000000000000000000e+01
1.000000000000000000e+01
1.000000000000000000e+01
1.000000000000000000e+01
1.000000000000000000e+01
1.000000000000000000e+01
1.000000000000000000e+01
1.000000000000000000e+01
1.000000000000000000e+01
1.000000000000000000e+01
1.000000000000000000e+01
1.000000000000000000e+01
1.000000000000000000e+01
1.000000000000000000e+01
1.000000000000000000e+01
1.000000000000000000e+01
1.000000000000000000e+01
1.000000000000000000e+01
1.000000000000000000e+01
1.000000000000000000e+01
1.000000000000000000e+01
1.000000000000000000e+01
1.000000000000000000e+01
1.000000000000000000e+01
1.000000000000000000e+01
1.000000000000000000e+01
1.000000000000000000e+01
1.000000000000000000e+01
1.000000000000000000e+01
1.000000000000000000e+01
1.000000000000000000e+01
1.000000000000000000e+01
1.000000000000000000e+01
1.000000000000000000e+01
1.000000000000000000e+01
1.000000000000000000e+01
1.000000000000000000e+01
1.000000000000000000e+01
1.000000000000000000e+01
1.000000000000000000e+01
1.000000000000000000e+01
1.000000000000000000e+01
1.000000000000000000e+01
1.000000000000000000e+01
1.000000000000000000e+01
1.000000000000000000e+01
1.000000000000000000e+01
1.000000000000000000e+01
1.000000000000000000e+01
1.000000000000000000e+01
1.000000000000000000e+01
1.000000000000000000e+01
1.000000000000000000e+01
1.000000000000000000e+01
1.000000000000000000e+01
1.000000000000000000e+01
1.000000000000000000e+01
1.000000000000000000e+01
1.000000000000000000e+01
1.000000000000000000e+01
1.000000000000000000e+01
1.000000000000000000e+01
1.000000000000000000e+01
1.000000000000000000e+01
1.000000000000000000e+01
1.000000000000000000e+01
1.000000000000000000e+01
1.000000000000000000e+01
1.000000000000000000e+01
1.000000000000000000e+01
1.000000000000000000e+01
1.000000000000000000e+01
1.000000000000000000e+01
1.000000000000000000e+01
1.000000000000000000e+01
1.000000000000000000e+01
1.000000000000000000e+01
1.000000000000000000e+01
1.000000000000000000e+01
1.000000000000000000e+01
1.000000000000000000e+01
1.000000000000000000e+01
1.000000000000000000e+01
1.000000000000000000e+01
1.000000000000000000e+01
1.000000000000000000e+01
1.000000000000000000e+01
1.000000000000000000e+01
1.000000000000000000e+01
1.000000000000000000e+01
1.000000000000000000e+01
1.000000000000000000e+01
1.000000000000000000e+01
1.000000000000000000e+01
1.000000000000000000e+01
1.000000000000000000e+01
1.000000000000000000e+01
1.000000000000000000e+01
1.000000000000000000e+01
1.000000000000000000e+01
1.000000000000000000e+01
1.000000000000000000e+01
1.000000000000000000e+01
1.000000000000000000e+01
1.000000000000000000e+01
1.000000000000000000e+01
1.000000000000000000e+01
1.000000000000000000e+01
1.000000000000000000e+01
1.000000000000000000e+01
1.000000000000000000e+01
1.000000000000000000e+01
1.000000000000000000e+01
1.000000000000000000e+01
1.000000000000000000e+01
1.000000000000000000e+01
1.000000000000000000e+01
1.000000000000000000e+01
1.000000000000000000e+01
1.000000000000000000e+01
1.000000000000000000e+01
1.000000000000000000e+01
1.000000000000000000e+01
1.000000000000000000e+01
1.000000000000000000e+01
1.000000000000000000e+01
1.000000000000000000e+01
1.000000000000000000e+01
1.000000000000000000e+01
1.000000000000000000e+01
1.000000000000000000e+01
1.000000000000000000e+01
1.000000000000000000e+01
1.000000000000000000e+01
1.000000000000000000e+01
1.000000000000000000e+01
1.000000000000000000e+01
1.000000000000000000e+01
1.000000000000000000e+01
1.000000000000000000e+01
1.000000000000000000e+01
1.000000000000000000e+01
1.000000000000000000e+01
1.000000000000000000e+01
1.000000000000000000e+01
1.000000000000000000e+01
1.000000000000000000e+01
1.000000000000000000e+01
1.000000000000000000e+01
1.000000000000000000e+01
1.000000000000000000e+01
1.000000000000000000e+01
1.000000000000000000e+01
1.000000000000000000e+01
1.000000000000000000e+01
1.000000000000000000e+01
1.000000000000000000e+01
1.000000000000000000e+01
1.000000000000000000e+01
1.000000000000000000e+01
1.000000000000000000e+01
1.000000000000000000e+01
1.000000000000000000e+01
1.000000000000000000e+01
1.000000000000000000e+01
1.000000000000000000e+01
1.000000000000000000e+01
1.000000000000000000e+01
1.000000000000000000e+01
1.000000000000000000e+01
1.000000000000000000e+01
1.000000000000000000e+01
1.000000000000000000e+01
1.000000000000000000e+01
1.000000000000000000e+01
1.000000000000000000e+01
1.000000000000000000e+01
1.000000000000000000e+01
1.000000000000000000e+01
1.000000000000000000e+01
1.000000000000000000e+01
1.000000000000000000e+01
1.000000000000000000e+01
1.000000000000000000e+01
1.000000000000000000e+01
1.000000000000000000e+01
1.000000000000000000e+01
1.000000000000000000e+01
1.000000000000000000e+01
1.000000000000000000e+01
1.000000000000000000e+01
1.000000000000000000e+01
1.000000000000000000e+01
1.000000000000000000e+01
1.000000000000000000e+01
1.000000000000000000e+01
1.000000000000000000e+01
1.000000000000000000e+01
1.000000000000000000e+01
1.000000000000000000e+01
1.000000000000000000e+01
1.000000000000000000e+01
1.000000000000000000e+01
1.000000000000000000e+01
1.000000000000000000e+01
1.000000000000000000e+01
1.000000000000000000e+01
1.000000000000000000e+01
1.000000000000000000e+01
1.000000000000000000e+01
1.000000000000000000e+01
1.000000000000000000e+01
1.000000000000000000e+01
1.000000000000000000e+01
1.000000000000000000e+01
1.000000000000000000e+01
1.000000000000000000e+01
1.000000000000000000e+01
1.000000000000000000e+01
1.000000000000000000e+01
1.000000000000000000e+01
1.000000000000000000e+01
1.000000000000000000e+01
1.000000000000000000e+01
1.000000000000000000e+01
1.000000000000000000e+01
1.000000000000000000e+01
1.000000000000000000e+01
1.000000000000000000e+01
1.000000000000000000e+01
1.000000000000000000e+01
1.000000000000000000e+01
1.000000000000000000e+01
1.000000000000000000e+01
1.000000000000000000e+01
1.000000000000000000e+01
1.000000000000000000e+01
1.000000000000000000e+01
1.000000000000000000e+01
1.000000000000000000e+01
1.000000000000000000e+01
1.000000000000000000e+01
1.000000000000000000e+01
1.000000000000000000e+01
1.000000000000000000e+01
1.000000000000000000e+01
1.000000000000000000e+01
1.000000000000000000e+01
1.000000000000000000e+01
1.000000000000000000e+01
1.000000000000000000e+01
1.000000000000000000e+01
1.000000000000000000e+01
1.000000000000000000e+01
1.000000000000000000e+01
1.000000000000000000e+01
1.000000000000000000e+01
1.000000000000000000e+01
1.000000000000000000e+01
1.000000000000000000e+01
1.000000000000000000e+01
1.000000000000000000e+01
1.000000000000000000e+01
1.000000000000000000e+01
1.000000000000000000e+01
1.000000000000000000e+01
1.000000000000000000e+01
1.000000000000000000e+01
1.000000000000000000e+01
1.000000000000000000e+01
1.000000000000000000e+01
1.000000000000000000e+01
1.000000000000000000e+01
1.000000000000000000e+01
1.000000000000000000e+01
1.000000000000000000e+01
1.000000000000000000e+01
1.000000000000000000e+01
1.000000000000000000e+01
1.000000000000000000e+01
1.000000000000000000e+01
1.000000000000000000e+01
1.000000000000000000e+01
1.000000000000000000e+01
1.000000000000000000e+01
1.000000000000000000e+01
1.000000000000000000e+01
1.000000000000000000e+01
1.000000000000000000e+01
1.000000000000000000e+01
1.000000000000000000e+01
1.000000000000000000e+01
1.000000000000000000e+01
1.000000000000000000e+01
1.000000000000000000e+01
1.000000000000000000e+01
1.000000000000000000e+01
1.000000000000000000e+01
1.000000000000000000e+01
1.000000000000000000e+01
1.000000000000000000e+01
1.000000000000000000e+01
1.000000000000000000e+01
1.000000000000000000e+01
1.000000000000000000e+01
1.000000000000000000e+01
1.000000000000000000e+01
1.000000000000000000e+01
1.000000000000000000e+01
1.000000000000000000e+01
1.000000000000000000e+01
1.000000000000000000e+01
1.000000000000000000e+01
1.000000000000000000e+01
1.000000000000000000e+01
1.000000000000000000e+01
1.000000000000000000e+01
1.000000000000000000e+01
1.000000000000000000e+01
1.000000000000000000e+01
1.000000000000000000e+01
1.000000000000000000e+01
1.000000000000000000e+01
1.000000000000000000e+01
1.000000000000000000e+01
1.000000000000000000e+01
1.000000000000000000e+01
1.000000000000000000e+01
1.000000000000000000e+01
1.000000000000000000e+01
1.000000000000000000e+01
1.000000000000000000e+01
1.000000000000000000e+01
1.000000000000000000e+01
1.000000000000000000e+01
1.000000000000000000e+01
1.000000000000000000e+01
1.000000000000000000e+01
1.000000000000000000e+01
1.000000000000000000e+01
1.000000000000000000e+01
1.000000000000000000e+01
1.000000000000000000e+01
1.000000000000000000e+01
1.000000000000000000e+01
1.000000000000000000e+01
1.000000000000000000e+01
1.000000000000000000e+01
1.000000000000000000e+01
1.000000000000000000e+01
1.000000000000000000e+01
1.000000000000000000e+01
1.000000000000000000e+01
1.000000000000000000e+01
1.000000000000000000e+01
1.000000000000000000e+01
1.000000000000000000e+01
1.000000000000000000e+01
1.000000000000000000e+01
1.000000000000000000e+01
1.000000000000000000e+01
1.000000000000000000e+01
1.000000000000000000e+01
1.000000000000000000e+01
1.000000000000000000e+01
1.000000000000000000e+01
1.000000000000000000e+01
1.000000000000000000e+01
1.000000000000000000e+01
1.000000000000000000e+01
1.000000000000000000e+01
1.000000000000000000e+01
1.000000000000000000e+01
1.000000000000000000e+01
1.000000000000000000e+01
1.000000000000000000e+01
1.000000000000000000e+01
1.000000000000000000e+01
1.000000000000000000e+01
1.000000000000000000e+01
1.000000000000000000e+01
1.000000000000000000e+01
1.000000000000000000e+01
1.000000000000000000e+01
1.000000000000000000e+01
1.000000000000000000e+01
1.000000000000000000e+01
1.000000000000000000e+01
1.000000000000000000e+01
1.000000000000000000e+01
1.000000000000000000e+01
1.000000000000000000e+01
1.000000000000000000e+01
1.000000000000000000e+01
1.000000000000000000e+01
1.000000000000000000e+01
1.000000000000000000e+01
1.000000000000000000e+01
1.000000000000000000e+01
1.000000000000000000e+01
1.000000000000000000e+01
1.000000000000000000e+01
1.000000000000000000e+01
1.000000000000000000e+01
1.000000000000000000e+01
1.000000000000000000e+01
1.000000000000000000e+01
1.000000000000000000e+01
1.000000000000000000e+01
1.000000000000000000e+01
1.000000000000000000e+01
1.000000000000000000e+01
1.000000000000000000e+01
1.000000000000000000e+01
1.000000000000000000e+01
1.000000000000000000e+01
1.000000000000000000e+01
1.000000000000000000e+01
1.000000000000000000e+01
1.000000000000000000e+01
1.000000000000000000e+01
1.000000000000000000e+01
1.000000000000000000e+01
1.000000000000000000e+01
1.000000000000000000e+01
1.000000000000000000e+01
1.000000000000000000e+01
1.000000000000000000e+01
1.000000000000000000e+01
1.000000000000000000e+01
1.000000000000000000e+01
1.000000000000000000e+01
1.000000000000000000e+01
1.000000000000000000e+01
1.000000000000000000e+01
1.000000000000000000e+01
1.000000000000000000e+01
1.000000000000000000e+01
1.000000000000000000e+01
1.000000000000000000e+01
1.000000000000000000e+01
1.000000000000000000e+01
1.000000000000000000e+01
1.000000000000000000e+01
1.000000000000000000e+01
1.000000000000000000e+01
1.000000000000000000e+01
1.000000000000000000e+01
1.000000000000000000e+01
1.000000000000000000e+01
1.000000000000000000e+01
1.000000000000000000e+01
1.000000000000000000e+01
1.000000000000000000e+01
1.000000000000000000e+01
1.000000000000000000e+01
1.000000000000000000e+01
1.000000000000000000e+01
1.000000000000000000e+01
1.000000000000000000e+01
1.000000000000000000e+01
1.000000000000000000e+01
1.000000000000000000e+01
1.000000000000000000e+01
1.000000000000000000e+01
1.000000000000000000e+01
1.000000000000000000e+01
1.000000000000000000e+01
1.000000000000000000e+01
1.000000000000000000e+01
1.000000000000000000e+01
1.000000000000000000e+01
1.000000000000000000e+01
1.000000000000000000e+01
1.000000000000000000e+01
1.000000000000000000e+01
1.000000000000000000e+01
1.000000000000000000e+01
1.000000000000000000e+01
1.000000000000000000e+01
1.000000000000000000e+01
1.000000000000000000e+01
1.000000000000000000e+01
1.000000000000000000e+01
1.000000000000000000e+01
1.000000000000000000e+01
1.000000000000000000e+01
1.000000000000000000e+01
1.000000000000000000e+01
1.000000000000000000e+01
1.000000000000000000e+01
1.000000000000000000e+01
1.000000000000000000e+01
1.000000000000000000e+01
1.000000000000000000e+01
1.000000000000000000e+01
1.000000000000000000e+01
1.000000000000000000e+01
1.000000000000000000e+01
1.000000000000000000e+01
1.000000000000000000e+01
1.000000000000000000e+01
1.000000000000000000e+01
1.000000000000000000e+01
1.000000000000000000e+01
1.000000000000000000e+01
1.000000000000000000e+01
1.000000000000000000e+01
1.000000000000000000e+01
1.000000000000000000e+01
1.000000000000000000e+01
1.000000000000000000e+01
1.000000000000000000e+01
1.000000000000000000e+01
1.000000000000000000e+01
1.000000000000000000e+01
1.000000000000000000e+01
1.000000000000000000e+01
1.000000000000000000e+01
1.000000000000000000e+01
1.000000000000000000e+01
1.000000000000000000e+01
1.000000000000000000e+01
1.000000000000000000e+01
1.000000000000000000e+01
1.000000000000000000e+01
1.000000000000000000e+01
1.000000000000000000e+01
1.000000000000000000e+01
1.000000000000000000e+01
1.000000000000000000e+01
1.000000000000000000e+01
1.000000000000000000e+01
1.000000000000000000e+01
1.000000000000000000e+01
1.000000000000000000e+01
1.000000000000000000e+01
1.000000000000000000e+01
1.000000000000000000e+01
1.000000000000000000e+01
1.000000000000000000e+01
1.000000000000000000e+01
1.000000000000000000e+01
1.000000000000000000e+01
1.000000000000000000e+01
1.000000000000000000e+01
1.000000000000000000e+01
1.000000000000000000e+01
1.000000000000000000e+01
1.000000000000000000e+01
1.000000000000000000e+01
1.000000000000000000e+01
1.000000000000000000e+01
1.000000000000000000e+01
1.000000000000000000e+01
1.000000000000000000e+01
1.000000000000000000e+01
1.000000000000000000e+01
1.000000000000000000e+01
1.000000000000000000e+01
1.000000000000000000e+01
1.000000000000000000e+01
1.000000000000000000e+01
1.000000000000000000e+01
1.000000000000000000e+01
1.000000000000000000e+01
1.000000000000000000e+01
1.000000000000000000e+01
1.000000000000000000e+01
1.000000000000000000e+01
1.041202735900878906e+01
1.041439914703369141e+01
1.041439914703369141e+01
1.041676998138427734e+01
1.041914176940917969e+01
1.042151355743408203e+01
1.042388534545898438e+01
1.042862892150878906e+01
1.043100070953369141e+01
1.043100070953369141e+01
1.043574523925781250e+01
1.043574523925781250e+01
1.044049167633056641e+01
1.044286441802978516e+01
1.044286441802978516e+01
1.044523811340332031e+01
1.044761180877685547e+01
1.045236015319824219e+01
1.045473480224609375e+01
1.045473480224609375e+01
1.045711040496826172e+01
1.046186161041259766e+01
1.046186161041259766e+01
1.046661472320556641e+01
1.046661472320556641e+01
1.046899223327636719e+01
1.047374820709228516e+01
1.047612667083740234e+01
1.047612667083740234e+01
1.048088645935058594e+01
1.048326683044433594e+01
1.048326683044433594e+01
1.048802947998046875e+01
1.048802947998046875e+01
1.049279403686523438e+01
1.049279403686523438e+01
1.049517822265625000e+01
1.049994659423828125e+01
1.050233268737792969e+01
1.050471878051757812e+01
1.050471878051757812e+01
1.050710582733154297e+01
1.051188278198242188e+01
1.051427173614501953e+01
1.051666259765625000e+01
1.051905345916748047e+01
1.051905345916748047e+01
1.052144622802734375e+01
1.052383899688720703e+01
1.052862739562988281e+01
1.052862739562988281e+01
1.053102302551269531e+01
1.053341960906982422e+01
1.053821563720703125e+01
1.053821563720703125e+01
1.054061603546142578e+01
1.054301643371582031e+01
1.054541778564453125e+01
1.054782104492187500e+01
1.055262947082519531e+01
1.055262947082519531e+01
1.055503559112548828e+01
1.055744266510009766e+01
1.056226062774658203e+01
1.056226062774658203e+01
1.056467151641845703e+01
1.056708335876464844e+01
1.057191181182861328e+01
1.057191181182861328e+01
1.057674407958984375e+01
1.057674407958984375e+01
1.057916259765625000e+01
1.058400344848632812e+01
1.058400344848632812e+01
1.058884906768798828e+01
1.059127426147460938e+01
1.059127426147460938e+01
1.059612941741943359e+01
1.059855842590332031e+01
1.059855842590332031e+01
1.060098934173583984e+01
1.060585594177246094e+01
1.060585594177246094e+01
1.061072826385498047e+01
1.061316680908203125e+01
1.061560726165771484e+01
1.061560726165771484e+01
1.062049293518066406e+01
1.062293720245361328e+01
1.062293720245361328e+01
1.062783241271972656e+01
1.063028240203857422e+01
1.063028240203857422e+01
1.063518810272216797e+01
1.063764286041259766e+01
1.063764286041259766e+01
1.064010047912597656e+01
1.064501953125000000e+01
1.064501953125000000e+01
1.064748191833496094e+01
1.064994621276855469e+01
1.065241241455078125e+01
1.065488052368164062e+01
1.065982246398925781e+01
1.065982246398925781e+01
1.066229629516601562e+01
1.066724967956542969e+01
1.066972923278808594e+01
1.066972923278808594e+01
1.067469501495361328e+01
1.067718029022216797e+01
1.067966842651367188e+01
1.067966842651367188e+01
1.068215847015380859e+01
1.068714427947998047e+01
1.068964004516601562e+01
1.068964004516601562e+01
1.069213867187500000e+01
1.069714260101318359e+01
1.069964694976806641e+01
1.070215415954589844e+01
1.070215415954589844e+01
1.070717525482177734e+01
1.070968914031982422e+01
1.070968914031982422e+01
1.071472454071044922e+01
1.071724510192871094e+01
1.071976852416992188e+01
1.071976852416992188e+01
1.072482299804687500e+01
1.072482299804687500e+01
1.072988605499267578e+01
1.072988605499267578e+01
1.073495960235595703e+01
1.073495960235595703e+01
1.074004268646240234e+01
1.074004268646240234e+01
1.074513626098632812e+01
1.074513626098632812e+01
1.074768638610839844e+01
1.075279521942138672e+01
1.075279521942138672e+01
1.075535297393798828e+01
1.076047801971435547e+01
1.076047801971435547e+01
1.076304435729980469e+01
1.076561260223388672e+01
1.076818466186523438e+01
1.077075862884521484e+01
1.077333545684814453e+01
1.077591609954833984e+01
1.078108406066894531e+01
1.078108406066894531e+01
1.078367233276367188e+01
1.078885746002197266e+01
1.079145336151123047e+01
1.079145336151123047e+01
1.079665660858154297e+01
1.079665660858154297e+01
1.079926204681396484e+01
1.080448150634765625e+01
1.080448150634765625e+01
1.080971336364746094e+01
1.081233406066894531e+01
1.081233406066894531e+01
1.081758403778076172e+01
1.082021331787109375e+01
1.082284641265869141e+01
1.082548236846923828e+01
1.082548236846923828e+01
1.082812118530273438e+01
1.083340835571289062e+01
1.083340835571289062e+01
1.083605670928955078e+01
1.083870887756347656e+01
1.084402179718017578e+01
1.084402179718017578e+01
1.084934806823730469e+01
1.085201549530029297e+01
1.085201549530029297e+01
1.085736179351806641e+01
1.085736179351806641e+01
1.086003971099853516e+01
1.086272048950195312e+01
1.086540603637695312e+01
1.086809349060058594e+01
1.087348079681396484e+01
1.087348079681396484e+01
1.087888050079345703e+01
1.087888050079345703e+01
1.088429546356201172e+01
1.088700771331787109e+01
1.088700771331787109e+01
1.089244365692138672e+01
1.089244365692138672e+01
1.089516639709472656e+01
1.090062427520751953e+01
1.090062427520751953e+01
1.090609550476074219e+01
1.090609550476074219e+01
1.090883731842041016e+01
1.091433143615722656e+01
1.091433143615722656e+01
1.091708374023437500e+01
1.091983985900878906e+01
1.092536449432373047e+01
1.092536449432373047e+01
1.092813205718994141e+01
1.093367958068847656e+01
1.093367958068847656e+01
1.093645858764648438e+01
1.094202899932861328e+01
1.094481945037841797e+01
1.094761466979980469e+01
1.094761466979980469e+01
1.095321655273437500e+01
1.095321655273437500e+01
1.095883464813232422e+01
1.096164894104003906e+01
1.096164894104003906e+01
1.096446800231933594e+01
1.096729087829589844e+01
1.097011852264404297e+01
1.097578525543212891e+01
1.097862434387207031e+01
1.097862434387207031e+01
1.098431587219238281e+01
1.098431587219238281e+01
1.098716831207275391e+01
1.099002456665039062e+01
1.099288463592529297e+01
1.099861907958984375e+01
1.099861907958984375e+01
1.100149250030517578e+01
1.100725173950195312e+01
1.101013851165771484e+01
1.101013851165771484e+01
1.101302909851074219e+01
1.101882362365722656e+01
1.101882362365722656e+01
1.102172756195068359e+01
1.102754783630371094e+01
1.102754783630371094e+01
1.103338718414306641e+01
1.103338718414306641e+01
1.103924274444580078e+01
1.103924274444580078e+01
1.104217815399169922e+01
1.104511642456054688e+01
1.104806041717529297e+01
1.105100822448730469e+01
1.105396080017089844e+01
1.105691719055175781e+01
1.105987739562988281e+01
1.106284332275390625e+01
1.106878662109375000e+01
1.106878662109375000e+01
1.107474708557128906e+01
1.107773399353027344e+01
1.108072566986083984e+01
1.108072566986083984e+01
1.108372116088867188e+01
1.108672142028808594e+01
1.108972549438476562e+01
1.109574604034423828e+01
1.109574604034423828e+01
1.110178470611572266e+01
1.110480976104736328e+01
1.110783958435058594e+01
1.110783958435058594e+01
1.111087417602539062e+01
1.111391258239746094e+01
1.111695480346679688e+01
1.112000179290771484e+01
1.112305259704589844e+01
1.112610816955566406e+01
1.113223171234130859e+01
1.113529968261718750e+01
1.113837146759033203e+01
1.114144802093505859e+01
1.114452838897705078e+01
1.114761352539062500e+01
1.115070247650146484e+01
1.115379524230957031e+01
1.115689277648925781e+01
1.115999412536621094e+01
1.116310024261474609e+01
1.116621017456054688e+01
1.116932392120361328e+01
1.116932392120361328e+01
1.117244243621826172e+01
1.117869091033935547e+01
1.117869091033935547e+01
1.118495655059814453e+01
1.118809509277343750e+01
1.118809509277343750e+01
1.119123840332031250e+01
1.119753646850585938e+01
1.120069122314453125e+01
1.120069122314453125e+01
1.120385074615478516e+01
1.120701503753662109e+01
1.121335411071777344e+01
1.121335411071777344e+01
1.121970939636230469e+01
1.122289371490478516e+01
1.122289371490478516e+01
1.122608089447021484e+01
1.123246955871582031e+01
1.123246955871582031e+01
1.123887348175048828e+01
1.123887348175048828e+01
1.124529361724853516e+01
1.124851036071777344e+01
1.124851036071777344e+01
1.125172996520996094e+01
1.125495433807373047e+01
1.125818252563476562e+01
1.126141452789306641e+01
1.126789188385009766e+01
1.127113533020019531e+01
1.127113533020019531e+01
1.127438354492187500e+01
1.127763557434082031e+01
1.128415203094482422e+01
1.128741645812988281e+01
1.129068470001220703e+01
1.129068470001220703e+01
1.129723167419433594e+01
1.129723167419433594e+01
1.130379581451416016e+01
1.130708312988281250e+01
1.130708312988281250e+01
1.131367015838623047e+01
1.131696987152099609e+01
1.132027339935302734e+01
1.132358074188232422e+01
1.132689189910888672e+01
1.132689189910888672e+01
1.133352565765380859e+01
1.133352565765380859e+01
1.134017467498779297e+01
1.134350585937500000e+01
1.134683990478515625e+01
1.135017776489257812e+01
1.135017776489257812e+01
1.135686588287353516e+01
1.136021614074707031e+01
1.136021614074707031e+01
1.136692714691162109e+01
1.137028789520263672e+01
1.137365341186523438e+01
1.137702178955078125e+01
1.138039493560791016e+01
1.138039493560791016e+01
1.138377094268798828e+01
1.139053535461425781e+01
1.139392280578613281e+01
1.139392280578613281e+01
1.140071010589599609e+01
1.140410900115966797e+01
1.140751266479492188e+01
1.141091918945312500e+01
1.141432952880859375e+01
1.141432952880859375e+01
1.141774368286132812e+01
1.142458343505859375e+01
1.142800807952880859e+01
1.142800807952880859e+01
1.143143749237060547e+01
1.143487071990966797e+01
1.144174671173095703e+01
1.144174671173095703e+01
1.144863891601562500e+01
1.145209026336669922e+01
1.145554542541503906e+01
1.145900344848632812e+01
1.146246623992919922e+01
1.146593189239501953e+01
1.146940231323242188e+01
1.147287559509277344e+01
1.147635269165039062e+01
1.147983264923095703e+01
1.147983264923095703e+01
1.148680496215820312e+01
1.149029636383056641e+01
1.149029636383056641e+01
1.149729061126708984e+01
1.149729061126708984e+01
1.150429916381835938e+01
1.150780868530273438e+01
1.151132202148437500e+01
1.151483917236328125e+01
1.151483917236328125e+01
1.152188396453857422e+01
1.152541160583496094e+01
1.152894210815429688e+01
1.153247737884521484e+01
1.153247737884521484e+01
1.153955745697021484e+01
1.154310226440429688e+01
1.154310226440429688e+01
1.154665184020996094e+01
1.155376052856445312e+01
1.155731964111328125e+01
1.156088256835937500e+01
1.156088256835937500e+01
1.156801986694335938e+01
1.157159328460693359e+01
1.157517051696777344e+01
1.157517051696777344e+01
1.157875061035156250e+01
1.158592224121093750e+01
1.158951377868652344e+01
1.159310817718505859e+01
1.159310817718505859e+01
1.160030746459960938e+01
1.160030746459960938e+01
1.160752105712890625e+01
1.160752105712890625e+01
1.161113262176513672e+01
1.161836719512939453e+01
1.162198925018310547e+01
1.162198925018310547e+01
1.162561511993408203e+01
1.163287639617919922e+01
1.163287639617919922e+01
1.163651180267333984e+01
1.164015102386474609e+01
1.164379405975341797e+01
1.164743995666503906e+01
1.165474224090576172e+01
1.165839767456054688e+01
1.166205787658691406e+01
1.166205787658691406e+01
1.166938686370849609e+01
1.167305660247802734e+01
1.167305660247802734e+01
1.168040561676025391e+01
1.168408584594726562e+01
1.168776798248291016e+01
1.168776798248291016e+01
1.169514465332031250e+01
1.169514465332031250e+01
1.170253372192382812e+01
1.170253372192382812e+01
1.170993614196777344e+01
1.171364212036132812e+01
1.171735191345214844e+01
1.172106456756591797e+01
1.172106456756591797e+01
1.172478008270263672e+01
1.173222255706787109e+01
1.173222255706787109e+01
1.173967742919921875e+01
1.173967742919921875e+01
1.174714565277099609e+01
1.175088405609130859e+01
1.175462627410888672e+01
1.175837135314941406e+01
1.175837135314941406e+01
1.176587200164794922e+01
1.176962661743164062e+01
1.177338504791259766e+01
1.177338504791259766e+01
1.178091049194335938e+01
1.178467845916748047e+01
1.178844928741455078e+01
1.178844928741455078e+01
1.179600143432617188e+01
1.179978179931640625e+01
1.180356502532958984e+01
1.180735206604003906e+01
1.181114196777343750e+01
1.181493473052978516e+01
1.181493473052978516e+01
1.182253074645996094e+01
1.182633304595947266e+01
1.183013916015625000e+01
1.183394718170166016e+01
1.183775997161865234e+01
1.184157466888427734e+01
1.184539222717285156e+01
1.184921360015869141e+01
1.185303878784179688e+01
1.185686588287353516e+01
1.186069679260253906e+01
1.186069679260253906e+01
1.186836719512939453e+01
1.187220668792724609e+01
1.187604999542236328e+01
1.187989616394042969e+01
1.188374614715576172e+01
1.188759803771972656e+01
1.188759803771972656e+01
1.189531326293945312e+01
1.189917469024658203e+01
1.190303993225097656e+01
1.190690803527832031e+01
1.191077899932861328e+01
1.191465377807617188e+01
1.191853141784667969e+01
1.192241191864013672e+01
1.192629623413085938e+01
1.193018245697021484e+01
1.193407249450683594e+01
1.193796634674072266e+01
1.193796634674072266e+01
1.194576168060302734e+01
1.194966506958007812e+01
1.195357036590576172e+01
1.195747947692871094e+01
1.196139144897460938e+01
1.196530723571777344e+01
1.196530723571777344e+01
1.196922492980957031e+01
1.197707176208496094e+01
1.198099899291992188e+01
1.198099899291992188e+01
1.198886394500732422e+01
1.198886394500732422e+01
1.199674129486083984e+01
1.199674129486083984e+01
1.200463199615478516e+01
1.200858211517333984e+01
1.200858211517333984e+01
1.201253509521484375e+01
1.201649093627929688e+01
1.202044963836669922e+01
1.202441215515136719e+01
1.203234672546386719e+01
1.203631877899169922e+01
1.204029369354248047e+01
1.204427146911621094e+01
1.204825305938720703e+01
1.205223751068115234e+01
1.205622482299804688e+01
1.205622482299804688e+01
1.206021595001220703e+01
1.206420993804931641e+01
1.207220745086669922e+01
1.207621097564697266e+01
1.208021736145019531e+01
1.208422660827636719e+01
1.208422660827636719e+01
1.208823966979980469e+01
1.209225559234619141e+01
1.210029697418212891e+01
1.210029697418212891e+01
1.210835170745849609e+01
1.211238384246826172e+01
1.211641883850097656e+01
1.212045669555664062e+01
1.212449836730957031e+01
1.212854290008544922e+01
1.213259029388427734e+01
1.213664054870605469e+01
1.214069461822509766e+01
1.214069461822509766e+01
1.214475250244140625e+01
1.215287590026855469e+01
1.215287590026855469e+01
1.216101264953613281e+01
1.216508579254150391e+01
1.216508579254150391e+01
1.217324161529541016e+01
1.217324161529541016e+01
1.217732334136962891e+01
1.218549823760986328e+01
1.218549823760986328e+01
1.218959045410156250e+01
1.219368553161621094e+01
1.220188522338867188e+01
1.220599079132080078e+01
1.221009826660156250e+01
1.221009826660156250e+01
1.221420955657958984e+01
1.222244167327880859e+01
1.222656154632568359e+01
1.223068618774414062e+01
1.223481273651123047e+01
1.223894309997558594e+01
1.224307632446289062e+01
1.224307632446289062e+01
1.225135231018066406e+01
1.225549602508544922e+01
1.225964164733886719e+01
1.225964164733886719e+01
1.226794338226318359e+01
1.227209949493408203e+01
1.227209949493408203e+01
1.227625846862792969e+01
1.228458499908447266e+01
1.228875350952148438e+01
1.229292583465576172e+01
1.229292583465576172e+01
1.230127811431884766e+01
1.230545902252197266e+01
1.230545902252197266e+01
1.230964374542236328e+01
1.231383132934570312e+01
1.232221603393554688e+01
1.232641315460205078e+01
1.233061313629150391e+01
1.233481693267822266e+01
1.233481693267822266e+01
1.234323406219482422e+01
1.234323406219482422e+01
1.235166358947753906e+01
1.235588264465332031e+01
1.236010551452636719e+01
1.236433124542236328e+01
1.236856079101562500e+01
1.237279319763183594e+01
1.237279319763183594e+01
1.238126754760742188e+01
1.238550949096679688e+01
1.238550949096679688e+01
1.238975429534912109e+01
1.239400291442871094e+01
1.240250873565673828e+01
1.240676689147949219e+01
1.240676689147949219e+01
1.241529273986816406e+01
1.241529273986816406e+01
1.242383098602294922e+01
1.242383098602294922e+01
1.242810440063476562e+01
1.243666267395019531e+01
1.243666267395019531e+01
1.244094562530517578e+01
1.244523334503173828e+01
1.244952297210693359e+01
1.245811271667480469e+01
1.246241283416748047e+01
1.246671485900878906e+01
1.246671485900878906e+01
1.247533035278320312e+01
1.247964286804199219e+01
1.248395919799804688e+01
1.248827838897705078e+01
1.248827838897705078e+01
1.249692535400390625e+01
1.250125408172607422e+01
1.250558662414550781e+01
1.250992107391357422e+01
1.251425933837890625e+01
1.251860141754150391e+01
1.252294540405273438e+01
1.252729415893554688e+01
1.253164482116699219e+01
1.253599929809570312e+01
1.254035663604736328e+01
1.254471778869628906e+01
1.254908180236816406e+01
1.255344963073730469e+01
1.255782032012939453e+01
1.256219387054443359e+01
1.256657028198242188e+01
1.256657028198242188e+01
1.257095050811767578e+01
1.257972145080566406e+01
1.258411121368408203e+01
1.258850383758544922e+01
1.258850383758544922e+01
1.259730052947998047e+01
1.260170269012451172e+01
1.260610866546630859e+01
1.261051845550537109e+01
1.261051845550537109e+01
1.261493110656738281e+01
1.262376594543457031e+01
1.262818813323974609e+01
1.263261318206787109e+01
1.263261318206787109e+01
1.264147377014160156e+01
1.264590930938720703e+01
1.265034770965576172e+01
1.265034770965576172e+01
1.265923404693603516e+01
1.266368293762207031e+01
1.266813373565673828e+01
1.267258834838867188e+01
1.267258834838867188e+01
1.267704677581787109e+01
1.268597221374511719e+01
1.269044017791748047e+01
1.269044017791748047e+01
1.269491100311279297e+01
1.269938468933105469e+01
1.270834255218505859e+01
1.271282672882080078e+01
1.271282672882080078e+01
1.272180366516113281e+01
1.272180366516113281e+01
1.272629737854003906e+01
1.273529434204101562e+01
1.273529434204101562e+01
1.273979759216308594e+01
1.274881458282470703e+01
1.275332736968994141e+01
1.275784397125244141e+01
1.276236343383789062e+01
1.276688671112060547e+01
1.276688671112060547e+01
1.277594184875488281e+01
1.278047466278076172e+01
1.278501033782958984e+01
1.278954982757568359e+01
1.278954982757568359e+01
1.279863834381103516e+01
1.280773925781250000e+01
1.280773925781250000e+01
1.280773925781250000e+01
1.281229496002197266e+01
1.282141494750976562e+01
1.282598018646240234e+01
1.282598018646240234e+01
1.283054924011230469e+01
1.283512115478515625e+01
1.283969593048095703e+01
1.284427452087402344e+01
1.284885597229003906e+01
1.285344028472900391e+01
1.285802841186523438e+01
1.286721515655517578e+01
1.286721515655517578e+01
1.287641334533691406e+01
1.288101863861083984e+01
1.288101863861083984e+01
1.288562583923339844e+01
1.289485073089599609e+01
1.289485073089599609e+01
1.289946842193603516e+01
1.290408897399902344e+01
1.290871334075927734e+01
1.291334056854248047e+01
1.291797065734863281e+01
1.292260456085205078e+01
1.292724227905273438e+01
1.292724227905273438e+01
1.292724227905273438e+01
1.292724227905273438e+01
1.292724227905273438e+01
1.292724227905273438e+01
1.292724227905273438e+01
1.292724227905273438e+01
1.419384956359863281e+01
1.419980907440185547e+01
1.420576763153076172e+01
1.421172714233398438e+01
1.421768569946289062e+01
1.422364521026611328e+01
1.422960472106933594e+01
1.423556423187255859e+01
1.424152374267578125e+01
1.424748325347900391e+01
1.425344276428222656e+01
1.425940322875976562e+01
1.426536273956298828e+01
1.427132320404052734e+01
1.427728462219238281e+01
1.428324508666992188e+01
1.428920650482177734e+01
1.429516792297363281e+01
1.430112934112548828e+01
1.430709075927734375e+01
1.431305313110351562e+01
1.431901550292968750e+01
1.432497882843017578e+01
1.433094215393066406e+01
1.433690547943115234e+01
1.434286975860595703e+01
1.434883403778076172e+01
1.435479927062988281e+01
1.436076450347900391e+01
1.436673069000244141e+01
1.437269687652587891e+01
1.437866306304931641e+01
1.438463020324707031e+01
1.439059829711914062e+01
1.439656639099121094e+01
1.440253543853759766e+01
1.440850448608398438e+01
1.441447448730468750e+01
1.442044544219970703e+01
1.442641639709472656e+01
1.443238830566406250e+01
1.443836021423339844e+01
1.444433307647705078e+01
1.445030689239501953e+01
1.445628166198730469e+01
1.446225643157958984e+01
1.446823215484619141e+01
1.447420883178710938e+01
1.448018646240234375e+01
1.448616409301757812e+01
1.449214363098144531e+01
1.449812316894531250e+01
1.450410366058349609e+01
1.451008510589599609e+01
1.451606655120849609e+01
1.452204990386962891e+01
1.452803325653076172e+01
1.453401851654052734e+01
1.454000377655029297e+01
1.454599094390869141e+01
1.455197811126708984e+01
1.455796623229980469e+01
1.456395626068115234e+01
1.456994628906250000e+01
1.457593727111816406e+01
1.458193016052246094e+01
1.458792400360107422e+01
1.459391784667968750e+01
1.459991359710693359e+01
1.460591030120849609e+01
1.461190795898437500e+01
1.461790657043457031e+01
1.462390708923339844e+01
1.462990760803222656e+01
1.463591003417968750e+01
1.464191341400146484e+01
1.464791774749755859e+01
1.465392398834228516e+01
1.465993118286132812e+01
1.466593933105468750e+01
1.467194843292236328e+01
1.467795944213867188e+01
1.468397140502929688e+01
1.468998432159423828e+01
1.469599914550781250e+01
1.470201492309570312e+01
1.470803260803222656e+01
1.471405124664306641e+01
1.472007083892822266e+01
1.472609233856201172e+01
1.473211479187011719e+01
1.473813915252685547e+01
1.474416542053222656e+01
1.475019264221191406e+01
1.475622081756591797e+01
1.476225090026855469e+01
1.476828193664550781e+01
1.477431583404541016e+01
1.478034973144531250e+01
1.478638648986816406e+01
1.479242420196533203e+01
1.479846286773681641e+01
1.480450344085693359e+01
1.481054592132568359e+01
1.481659030914306641e+01
1.482263660430908203e+01
1.482868385314941406e+01
1.483473300933837891e+01
1.484078311920166016e+01
1.484683609008789062e+01
1.485289001464843750e+01
1.485894584655761719e+01
1.486500358581542969e+01
1.487106227874755859e+01
1.487712383270263672e+01
1.488318634033203125e+01
1.488925170898437500e+01
1.489531803131103516e+01
1.490138626098632812e+01
1.490745639801025391e+01
1.491352844238281250e+01
1.492567825317382812e+01
1.492567825317382812e+01
1.493175601959228516e+01
1.493783664703369141e+01
1.494391822814941406e+01
1.495000171661376953e+01
1.495608711242675781e+01
1.496217536926269531e+01
1.496826457977294922e+01
1.497435665130615234e+01
1.498044967651367188e+01
1.498654556274414062e+01
1.499264335632324219e+01
1.499874401092529297e+01
1.500484561920166016e+01
1.501095008850097656e+01
1.501705646514892578e+01
1.502316474914550781e+01
1.502927494049072266e+01
1.503538799285888672e+01
1.504150295257568359e+01
1.504761981964111328e+01
1.505373954772949219e+01
1.505986118316650391e+01
1.506598567962646484e+01
1.507211112976074219e+01
1.507824039459228516e+01
1.508437061309814453e+01
1.509050369262695312e+01
1.509663963317871094e+01
1.510277748107910156e+01
1.510891723632812500e+01
1.511505985260009766e+01
1.512120532989501953e+01
1.512735271453857422e+01
1.513350200653076172e+01
1.513965415954589844e+01
1.514580917358398438e+01
1.515196609497070312e+01
1.515812587738037109e+01
1.516428852081298828e+01
1.517045307159423828e+01
1.517662048339843750e+01
1.518278980255126953e+01
1.518896293640136719e+01
1.519513797760009766e+01
1.520131492614746094e+01
1.521367835998535156e+01
1.521367835998535156e+01
1.521986389160156250e+01
1.522605228424072266e+01
1.523224258422851562e+01
1.523843669891357422e+01
1.524463272094726562e+01
1.525083160400390625e+01
1.527565479278564453e+01
1.528186798095703125e+01
1.528186798095703125e+01
1.529430198669433594e+01
1.530052375793457031e+01
1.531297492980957031e+01
1.531297492980957031e+01
1.531920433044433594e+01
1.532543754577636719e+01
1.532543754577636719e+01
1.533791255950927734e+01
1.534415435791015625e+01
1.534415435791015625e+01
1.535039901733398438e+01
1.536289691925048828e+01
1.536915111541748047e+01
1.537540817260742188e+01
1.537540817260742188e+01
1.538793087005615234e+01
1.539419651031494141e+01
1.540046596527099609e+01
1.540046596527099609e+01
1.540673828125000000e+01
1.541301345825195312e+01
1.541929149627685547e+01
1.542557334899902344e+01
1.543185806274414062e+01
1.543814659118652344e+01
1.544443798065185547e+01
1.545073223114013672e+01
1.545703029632568359e+01
1.546333122253417969e+01
1.546963500976562500e+01
1.547594261169433594e+01
1.548225307464599609e+01
1.548856735229492188e+01
1.549488544464111328e+01
1.550120639801025391e+01
1.550753021240234375e+01
1.551385784149169922e+01
1.552018928527832031e+01
1.552652359008789062e+01
1.553286075592041016e+01
1.553920269012451172e+01
1.554554748535156250e+01
1.555189514160156250e+01
1.555824661254882812e+01
1.556460189819335938e+01
1.557096099853515625e+01
1.557732295989990234e+01
1.558368873596191406e+01
1.559005832672119141e+01
1.559643173217773438e+01
1.560280799865722656e+01
1.560918807983398438e+01
1.561557197570800781e+01
1.562195968627929688e+01
1.562835025787353516e+01
1.563474559783935547e+01
1.564114379882812500e+01
1.564754581451416016e+01
1.565395164489746094e+01
1.566036128997802734e+01
1.566677379608154297e+01
1.567319011688232422e+01
1.567961120605468750e+01
1.568603420257568359e+01
1.569246196746826172e+01
1.569889259338378906e+01
1.570532798767089844e+01
1.571176624298095703e+01
1.572465324401855469e+01
1.572465324401855469e+01
1.573110198974609375e+01
1.573755455017089844e+01
1.574401092529296875e+01
1.575047016143798828e+01
1.575693321228027344e+01
1.576340007781982422e+01
1.576987075805664062e+01
1.577634429931640625e+01
1.578282165527343750e+01
1.578930187225341797e+01
1.579578685760498047e+01
1.580876636505126953e+01
1.580876636505126953e+01
1.581526088714599609e+01
1.582175922393798828e+01
1.582826137542724609e+01
1.583476638793945312e+01
1.584778785705566406e+01
1.584778785705566406e+01
1.585430335998535156e+01
1.586082267761230469e+01
1.586734580993652344e+01
1.587387180328369141e+01
1.588040161132812500e+01
1.588693428039550781e+01
1.589347171783447266e+01
1.590001106262207031e+01
1.590655422210693359e+01
1.591310119628906250e+01
1.591965198516845703e+01
1.592620563507080078e+01
1.593276214599609375e+01
1.593932342529296875e+01
1.594588661193847656e+01
1.595245456695556641e+01
1.595902442932128906e+01
1.596559906005859375e+01
1.597217655181884766e+01
1.597875690460205078e+01
1.598534107208251953e+01
1.599192905426025391e+01
1.599851989746093750e+01
1.600511360168457031e+01
1.601171112060546875e+01
1.601831245422363281e+01
1.602491569519042969e+01
1.603152465820312500e+01
1.603813552856445312e+01
1.604475021362304688e+01
1.605136680603027344e+01
1.605798721313476562e+01
1.606461143493652344e+01
1.607786941528320312e+01
1.607786941528320312e+01
1.608450317382812500e+01
1.609114074707031250e+01
1.609778213500976562e+01
1.610442543029785156e+01
1.611107254028320312e+01
1.611772346496582031e+01
1.612437629699707031e+01
1.613103294372558594e+01
1.613769340515136719e+01
1.614435768127441406e+01
1.615102386474609375e+01
1.615769386291503906e+01
1.616436576843261719e+01
1.617104339599609375e+01
1.617772293090820312e+01
1.618440437316894531e+01
1.619109153747558594e+01
1.619778060913085938e+01
1.620447158813476562e+01
1.621116828918457031e+01
1.621786689758300781e+01
1.622456741333007812e+01
1.623127365112304688e+01
1.623798179626464844e+01
1.624469184875488281e+01
1.625140762329101562e+01
1.625812530517578125e+01
1.626484489440917969e+01
1.627157020568847656e+01
1.627829551696777344e+01
1.628502655029296875e+01
1.629175949096679688e+01
1.629849624633789062e+01
1.630523490905761719e+01
1.631197738647460938e+01
1.631872367858886719e+01
1.632547378540039062e+01
1.633222389221191406e+01
1.633897972106933594e+01
1.634573745727539062e+01
1.635249900817871094e+01
1.635926246643066406e+01
1.636602973937988281e+01
1.637280082702636719e+01
1.637957382202148438e+01
1.638635063171386719e+01
1.639312934875488281e+01
1.639991188049316406e+01
1.640669822692871094e+01
1.641348648071289062e+01
1.642027854919433594e+01
1.642707252502441406e+01
1.643387031555175781e+01
1.644067001342773438e+01
1.644747543334960938e+01
1.645428085327148438e+01
1.646109008789062500e+01
1.646790313720703125e+01
1.647471809387207031e+01
1.648153686523437500e+01
1.648835945129394531e+01
1.649518394470214844e+01
1.650201034545898438e+01
1.650884056091308594e+01
1.651567459106445312e+01
1.652251052856445312e+01
1.652935028076171875e+01
1.653619194030761719e+01
1.654303741455078125e+01
1.654988479614257812e+01
1.655673599243164062e+01
1.656358909606933594e+01
1.657044601440429688e+01
1.657730674743652344e+01
1.658416938781738281e+01
1.659103393554687500e+01
1.659790229797363281e+01
1.660477256774902344e+01
1.661164665222167969e+01
1.661852455139160156e+01
1.662540435791015625e+01
1.663228607177734375e+01
1.663917160034179688e+01
1.664606094360351562e+01
1.665984535217285156e+01
1.665984535217285156e+01
1.666674232482910156e+01
1.667364120483398438e+01
1.668054389953613281e+01
1.668745040893554688e+01
1.669435691833496094e+01
1.670126914978027344e+01
1.670818138122558594e+01
1.671509933471679688e+01
1.672201728820800781e+01
1.672893905639648438e+01
1.673586463928222656e+01
1.674279212951660156e+01
1.674972343444824219e+01
1.675665664672851562e+01
1.676359176635742188e+01
1.677053070068359375e+01
1.677747154235839844e+01
1.678441619873046875e+01
1.679136276245117188e+01
1.679831123352050781e+01
1.680526351928710938e+01
1.681221961975097656e+01
1.681917762756347656e+01
1.682613754272460938e+01
1.683310127258300781e+01
1.684006690979003906e+01
1.684703445434570312e+01
1.685400581359863281e+01
1.686098098754882812e+01
1.686795616149902344e+01
1.687493515014648438e+01
1.688191795349121094e+01
1.688890266418457031e+01
1.689588928222656250e+01
1.690287971496582031e+01
1.690987205505371094e+01
1.691686630249023438e+01
1.692386436462402344e+01
1.693086624145507812e+01
1.693786811828613281e+01
1.694487380981445312e+01
1.695188140869140625e+01
1.695889282226562500e+01
1.696590614318847656e+01
1.697292327880859375e+01
1.697994041442871094e+01
1.698696327209472656e+01
1.700101280212402344e+01
1.700101280212402344e+01
1.700804138183593750e+01
1.701507377624511719e+01
1.702210807800292969e+01
1.702914428710937500e+01
1.703618240356445312e+01
1.704322433471679688e+01
1.705027008056640625e+01
1.705731582641601562e+01
1.706436538696289062e+01
1.707141685485839844e+01
1.707847213745117188e+01
1.708552742004394531e+01
1.709258842468261719e+01
1.709964942932128906e+01
1.710671424865722656e+01
1.711378097534179688e+01
1.712084960937500000e+01
1.712792205810546875e+01
1.713499641418457031e+01
1.714207267761230469e+01
1.714915275573730469e+01
1.715623474121093750e+01
1.717040443420410156e+01
1.717040443420410156e+01
1.718458557128906250e+01
1.718458557128906250e+01
1.719167900085449219e+01
1.719877624511718750e+01
1.720587348937988281e+01
1.721297645568847656e+01
1.722007942199707031e+01
1.722718429565429688e+01
1.723429298400878906e+01
1.724140357971191406e+01
1.724851799011230469e+01
1.725563240051269531e+01
1.726275062561035156e+01
1.726987266540527344e+01
1.727699470520019531e+01
1.728412055969238281e+01
1.729124832153320312e+01
1.729837799072265625e+01
1.730550956726074219e+01
1.731264495849609375e+01
1.731978225708007812e+01
1.732692337036132812e+01
1.733406448364257812e+01
1.734120941162109375e+01
1.734835624694824219e+01
1.735550498962402344e+01
1.736265754699707031e+01
1.737696838378906250e+01
1.737696838378906250e+01
1.738412857055664062e+01
1.739128875732421875e+01
1.739845275878906250e+01
1.740561866760253906e+01
1.741278839111328125e+01
1.741996002197265625e+01
1.742713356018066406e+01
1.743430900573730469e+01
1.744148635864257812e+01
1.744866752624511719e+01
1.745585060119628906e+01
1.746303749084472656e+01
1.747022438049316406e+01
1.747741508483886719e+01
1.748460769653320312e+01
1.749180412292480469e+01
1.749900054931640625e+01
1.750620079040527344e+01
1.751340484619140625e+01
1.752060890197753906e+01
1.752781677246093750e+01
1.753502655029296875e+01
1.754223823547363281e+01
1.754945373535156250e+01
1.755666923522949219e+01
1.756388854980468750e+01
1.757111167907714844e+01
1.757833480834960938e+01
1.758556175231933594e+01
1.759279060363769531e+01
1.760002326965332031e+01
1.760725593566894531e+01
1.761449241638183594e+01
1.762173271179199219e+01
1.762897300720214844e+01
1.763621711730957031e+01
1.764346313476562500e+01
1.765071105957031250e+01
1.765796279907226562e+01
1.766521453857421875e+01
1.767247009277343750e+01
1.767972946166992188e+01
1.768698883056640625e+01
1.769425201416015625e+01
1.770151710510253906e+01
1.770878601074218750e+01
1.771605491638183594e+01
1.772332763671875000e+01
1.773060417175292969e+01
1.773788070678710938e+01
1.774516105651855469e+01
1.775244331359863281e+01
1.775972747802734375e+01
1.776701354980468750e+01
1.777430343627929688e+01
1.778159523010253906e+01
1.778889083862304688e+01
1.779618644714355469e+01
1.780348587036132812e+01
1.781078720092773438e+01
1.781809234619140625e+01
1.782539749145507812e+01
1.783270645141601562e+01
1.784001731872558594e+01
1.784733200073242188e+01
1.785464859008789062e+01
1.786196708679199219e+01
1.786928749084472656e+01
1.787660980224609375e+01
1.788393592834472656e+01
1.789126396179199219e+01
1.790592765808105469e+01
1.790592765808105469e+01
1.791326332092285156e+01
1.792060089111328125e+01
1.792794227600097656e+01
1.793528366088867188e+01
1.794262886047363281e+01
1.794997787475585938e+01
1.795732688903808594e+01
1.796467971801757812e+01
1.797203445434570312e+01
1.797939109802246094e+01
1.798675155639648438e+01
1.799411201477050781e+01
1.800147819519042969e+01
1.800884437561035156e+01
1.801621246337890625e+01
1.802358436584472656e+01
1.803096008300781250e+01
1.804571533203125000e+01
1.804571533203125000e+01
1.806048011779785156e+01
1.806786537170410156e+01
1.807525444030761719e+01
1.807525444030761719e+01
1.809003829956054688e+01
1.809003829956054688e+01
1.809743499755859375e+01
1.810483360290527344e+01
1.811963653564453125e+01
1.811963653564453125e+01
1.812704277038574219e+01
1.813445091247558594e+01
1.814186096191406250e+01
1.814927291870117188e+01
1.816410636901855469e+01
1.816410636901855469e+01
1.817152595520019531e+01
1.817894935607910156e+01
1.818637466430664062e+01
1.820123100280761719e+01
1.820123100280761719e+01
1.821609878540039062e+01
1.821609878540039062e+01
1.823097419738769531e+01
1.823841667175292969e+01
1.823841667175292969e+01
1.825330734252929688e+01
1.825330734252929688e+01
1.826075553894042969e+01
1.826820755004882812e+01
1.827566146850585938e+01
1.828311729431152344e+01
1.829057693481445312e+01
1.831296730041503906e+01
1.831296730041503906e+01
1.831296730041503906e+01
1.832043647766113281e+01
1.832790756225585938e+01
1.833538055419921875e+01
1.834285545349121094e+01
1.835033416748046875e+01
1.835781478881835938e+01
1.836529731750488281e+01
1.837278366088867188e+01
1.838027000427246094e+01
1.838776016235351562e+01
1.839525413513183594e+01
1.840274810791015625e+01
1.841024589538574219e+01
1.841774559020996094e+01
1.842524909973144531e+01
1.843275260925292969e+01
1.844025993347167969e+01
1.844777107238769531e+01
1.845528221130371094e+01
1.846279716491699219e+01
1.847031402587890625e+01
1.847783279418945312e+01
1.848535537719726562e+01
1.849287796020507812e+01
1.850040435791015625e+01
1.850793457031250000e+01
1.851546478271484375e+01
1.852299880981445312e+01
1.853053474426269531e+01
1.853807449340820312e+01
1.854561614990234375e+01
1.855315971374511719e+01
1.856070518493652344e+01
1.856825256347656250e+01
1.857580375671386719e+01
1.858335685729980469e+01
1.859091186523437500e+01
1.859847068786621094e+01
1.860603141784667969e+01
1.861359405517578125e+01
1.862115859985351562e+01
1.862872695922851562e+01
1.863629722595214844e+01
1.864386940002441406e+01
1.865902328491210938e+01
1.865902328491210938e+01
1.866660308837890625e+01
1.867418479919433594e+01
1.868176841735839844e+01
1.868935585021972656e+01
1.869694519042968750e+01
1.870453834533691406e+01
1.871213150024414062e+01
1.871972846984863281e+01
1.872732734680175781e+01
1.873493003845214844e+01
1.874253463745117188e+01
1.875014114379882812e+01
1.875774955749511719e+01
1.876535987854003906e+01
1.877297401428222656e+01
1.878059005737304688e+01
1.878820991516113281e+01
1.879582977294921875e+01
1.880345344543457031e+01
1.881107902526855469e+01
1.881870841979980469e+01
1.882633781433105469e+01
1.883397102355957031e+01
1.884160804748535156e+01
1.884924507141113281e+01
1.885688591003417969e+01
1.886452865600585938e+01
1.887217330932617188e+01
1.887982177734375000e+01
1.888747215270996094e+01
1.889512443542480469e+01
1.890277862548828125e+01
1.891043663024902344e+01
1.891809654235839844e+01
1.892575836181640625e+01
1.893342399597167969e+01
1.894108963012695312e+01
1.894875907897949219e+01
1.895643234252929688e+01
1.896410560607910156e+01
1.897178268432617188e+01
1.897946166992187500e+01
1.898714447021484375e+01
1.899482727050781250e+01
1.900251388549804688e+01
1.901020240783691406e+01
1.901789474487304688e+01
1.902558898925781250e+01
1.903328514099121094e+01
1.904098320007324219e+01
1.904868316650390625e+01
1.905638694763183594e+01
1.906409263610839844e+01
1.907180213928222656e+01
1.907951164245605469e+01
1.908722496032714844e+01
1.909494018554687500e+01
1.910265731811523438e+01
1.911037826538085938e+01
1.911810111999511719e+01
1.912582588195800781e+01
1.913355255126953125e+01
1.914128303527832031e+01
1.914901542663574219e+01
1.915674972534179688e+01
1.916448783874511719e+01
1.917222595214843750e+01
1.917996788024902344e+01
1.918771171569824219e+01
1.919545936584472656e+01
1.920320701599121094e+01
1.921095848083496094e+01
1.921871376037597656e+01
1.922646903991699219e+01
1.923422813415527344e+01
1.924198913574218750e+01
1.924975204467773438e+01
1.925751686096191406e+01
1.926528549194335938e+01
1.927305603027343750e+01
1.928082847595214844e+01
1.928860473632812500e+01
1.929638099670410156e+01
1.930416107177734375e+01
1.931194496154785156e+01
1.931972885131835938e+01
1.932751655578613281e+01
1.933530616760253906e+01
1.934309768676757812e+01
1.935089111328125000e+01
1.935868835449218750e+01
1.936648750305175781e+01
1.937428855895996094e+01
1.938209152221679688e+01
1.938989830017089844e+01
1.939770698547363281e+01
1.940551757812500000e+01
1.941333007812500000e+01
1.942114639282226562e+01
1.942896461486816406e+01
1.943678474426269531e+01
1.944460678100585938e+01
1.945243263244628906e+01
1.946808815002441406e+01
1.946808815002441406e+01
1.947592163085937500e+01
1.949159240722656250e+01
1.949159240722656250e+01
1.949943161010742188e+01
1.950727272033691406e+01
1.951511573791503906e+01
1.952296257019042969e+01
1.953081130981445312e+01
1.953866195678710938e+01
1.954651451110839844e+01
1.955437088012695312e+01
1.956222915649414062e+01
1.957008934020996094e+01
1.957795143127441406e+01
1.958581542968750000e+01
1.959368324279785156e+01
1.960155296325683594e+01
1.960942459106445312e+01
1.961730003356933594e+01
1.962517547607421875e+01
1.963305473327636719e+01
1.964093589782714844e+01
1.964881896972656250e+01
1.965670585632324219e+01
1.966459465026855469e+01
1.967248535156250000e+01
1.968037796020507812e+01
1.968827247619628906e+01
1.969617080688476562e+01
1.970407104492187500e+01
1.971197319030761719e+01
1.971987724304199219e+01
1.972778511047363281e+01
1.973569297790527344e+01
1.974360466003417969e+01
1.975151824951171875e+01
1.975943565368652344e+01
1.976735305786132812e+01
1.977527427673339844e+01
1.978319740295410156e+01
1.979112243652343750e+01
1.979905128479003906e+01
1.980698013305664062e+01
1.981491279602050781e+01
1.982284736633300781e+01
1.983078575134277344e+01
1.983872413635253906e+01
1.984666633605957031e+01
1.985461044311523438e+01
1.986255645751953125e+01
1.987050437927246094e+01
1.987845611572265625e+01
1.988640785217285156e+01
1.989436340332031250e+01
1.990232276916503906e+01
1.991028213500976562e+01
1.991824340820312500e+01
1.992620849609375000e+01
1.993417549133300781e+01
1.994214439392089844e+01
1.995011711120605469e+01
1.995808982849121094e+01
1.996606636047363281e+01
1.997404479980468750e+01
1.998202514648437500e+01
1.999000930786132812e+01
1.999799346923828125e+01
2.000598144531250000e+01
2.001397132873535156e+01
2.002196311950683594e+01
2.002995872497558594e+01
2.003795433044433594e+01
2.004595375061035156e+01
2.005395507812500000e+01
2.006195831298828125e+01
2.006996536254882812e+01
2.007797241210937500e+01
2.008598327636718750e+01
2.009399604797363281e+01
2.010201072692871094e+01
2.011002922058105469e+01
2.011804771423339844e+01
2.012607002258300781e+01
2.013409423828125000e+01
2.014212036132812500e+01
2.015014839172363281e+01
2.015818023681640625e+01
2.016621208190917969e+01
2.017424774169921875e+01
2.018228530883789062e+01
2.019032478332519531e+01
2.019836807250976562e+01
2.020641326904296875e+01
2.021445846557617188e+01
2.022250747680664062e+01
2.023861312866210938e+01
2.023861312866210938e+01
2.024666786193847656e+01
2.025472640991210938e+01
2.026278686523437500e+01
2.027084922790527344e+01
2.027891349792480469e+01
2.028698158264160156e+01
2.029504966735839844e+01
2.030312156677246094e+01
2.031119537353515625e+01
2.031927108764648438e+01
2.032735061645507812e+01
2.033543014526367188e+01
2.034351348876953125e+01
2.035159873962402344e+01
2.035968589782714844e+01
2.036777496337890625e+01
2.037586784362792969e+01
2.038396072387695312e+01
2.039205741882324219e+01
2.040015602111816406e+01
2.040825653076171875e+01
2.041635894775390625e+01
2.042446517944335938e+01
2.043257141113281250e+01
2.044068145751953125e+01
2.044879341125488281e+01
2.045690727233886719e+01
2.046502304077148438e+01
2.047314262390136719e+01
2.048126411437988281e+01
2.048938560485839844e+01
2.049751091003417969e+01
2.050564002990722656e+01
2.051376914978027344e+01
2.052190017700195312e+01
2.053003501892089844e+01
2.053817176818847656e+01
2.054631042480468750e+01
2.055445098876953125e+01
2.056259346008300781e+01
2.057073974609375000e+01
2.057888603210449219e+01
2.058703613281250000e+01
2.059518814086914062e+01
2.060334205627441406e+01
2.061149787902832031e+01
2.061965751647949219e+01
2.062781715393066406e+01
2.063598060607910156e+01
2.064414596557617188e+01
2.065231323242187500e+01
2.066048240661621094e+01
2.066865348815917969e+01
2.067682838439941406e+01
2.068500518798828125e+01
2.069318389892578125e+01
2.070136260986328125e+01
2.070954704284667969e+01
2.071773147583007812e+01
2.072591781616210938e+01
2.073410797119140625e+01
2.074230003356933594e+01
2.075049400329589844e+01
2.075868988037109375e+01
2.076688766479492188e+01
2.077508735656738281e+01
2.078329086303710938e+01
2.079149436950683594e+01
2.079970169067382812e+01
2.080791091918945312e+01
2.081612205505371094e+01
2.082433509826660156e+01
2.083255195617675781e+01
2.084076881408691406e+01
2.084898948669433594e+01
2.085721206665039062e+01
2.086543655395507812e+01
2.087366294860839844e+01
2.088189125061035156e+01
2.089012145996093750e+01
2.089835548400878906e+01
2.090658950805664062e+01
2.091482734680175781e+01
2.092306709289550781e+01
2.093130874633789062e+01
2.093955230712890625e+01
2.094779777526855469e+01
2.095604705810546875e+01
2.096429634094238281e+01
2.097254943847656250e+01
2.098080253601074219e+01
2.098905944824218750e+01
2.099731826782226562e+01
2.100557899475097656e+01
2.101384353637695312e+01
2.102210807800292969e+01
2.103037452697753906e+01
2.103864479064941406e+01
2.105518913269042969e+01
2.105518913269042969e+01
2.106346511840820312e+01
2.107174301147460938e+01
2.108002281188964844e+01
2.108830451965332031e+01
2.109658813476562500e+01
2.110487556457519531e+01
2.111316299438476562e+01
2.112145423889160156e+01
2.112974739074707031e+01
2.113804054260253906e+01
2.115463638305664062e+01
2.115463638305664062e+01
2.116293716430664062e+01
2.117123985290527344e+01
2.117954444885253906e+01
2.118785285949707031e+01
2.119616127014160156e+01
2.120447158813476562e+01
2.121278572082519531e+01
2.122110176086425781e+01
2.122941780090332031e+01
2.123773765563964844e+01
2.124605941772460938e+01
2.125438308715820312e+01
2.126270866394042969e+01
2.127103614807128906e+01
2.127936553955078125e+01
2.128769683837890625e+01
2.129603195190429688e+01
2.130436706542968750e+01
2.131270408630371094e+01
2.132104492187500000e+01
2.132938575744628906e+01
2.133773040771484375e+01
2.134607696533203125e+01
2.135442352294921875e+01
2.136277389526367188e+01
2.137112617492675781e+01
2.137948036193847656e+01
2.138783645629882812e+01
2.139619445800781250e+01
2.140455436706542969e+01
2.141291618347167969e+01
2.142127990722656250e+01
2.142964553833007812e+01
2.143801307678222656e+01
2.144638442993164062e+01
2.145475578308105469e+01
2.146312904357910156e+01
2.147150611877441406e+01
2.147988319396972656e+01
2.148826408386230469e+01
2.149664497375488281e+01
2.150502967834472656e+01
2.151341438293457031e+01
2.152180290222167969e+01
2.153019332885742188e+01
2.153858375549316406e+01
2.154697799682617188e+01
2.155537414550781250e+01
2.156377220153808594e+01
2.157217025756835938e+01
2.158057212829589844e+01
2.158897590637207031e+01
2.159738159179687500e+01
2.160578918457031250e+01
2.161419677734375000e+01
2.162260818481445312e+01
2.163102149963378906e+01
2.163943672180175781e+01
2.164785385131835938e+01
2.165627288818359375e+01
2.166469383239746094e+01
2.167311668395996094e+01
2.168154144287109375e+01
2.168996810913085938e+01
2.169839668273925781e+01
2.170682716369628906e+01
2.171525955200195312e+01
2.172369384765625000e+01
2.173213005065917969e+01
2.174056816101074219e+01
2.174900817871093750e+01
2.175745010375976562e+01
2.176589393615722656e+01
2.177433967590332031e+01
2.178278732299804688e+01
2.179123497009277344e+01
2.179968643188476562e+01
2.180813980102539062e+01
2.181659507751464844e+01
2.183351135253906250e+01
2.183351135253906250e+01
2.185043334960937500e+01
2.185043334960937500e+01
2.185889816284179688e+01
2.186736488342285156e+01
2.187583351135253906e+01
2.188430213928222656e+01
2.189277458190917969e+01
2.190124893188476562e+01
2.190972328186035156e+01
2.191820144653320312e+01
2.192668151855468750e+01
2.193516159057617188e+01
2.194364547729492188e+01
2.195212936401367188e+01
2.196061515808105469e+01
2.196910476684570312e+01
2.197759437561035156e+01
2.198608589172363281e+01
2.199458122253417969e+01
2.200307655334472656e+01
2.201157379150390625e+01
2.202007293701171875e+01
2.202857398986816406e+01
2.203707695007324219e+01
2.204558181762695312e+01
2.205408859252929688e+01
2.206259727478027344e+01
2.207110786437988281e+01
2.207961845397949219e+01
2.208813285827636719e+01
2.209664916992187500e+01
2.211368560791015625e+01
2.211368560791015625e+01
2.212220573425292969e+01
2.213072776794433594e+01
2.213925361633300781e+01
2.214777946472167969e+01
2.215630722045898438e+01
2.216483688354492188e+01
2.218190193176269531e+01
2.218190193176269531e+01
2.219043731689453125e+01
2.219897460937500000e+01
2.220751380920410156e+01
2.221605300903320312e+01
2.222459602355957031e+01
2.223313903808593750e+01
2.224168586730957031e+01
2.225023269653320312e+01
2.225878143310546875e+01
2.226733207702636719e+01
2.227588462829589844e+01
2.228443908691406250e+01
2.229299545288085938e+01
2.230155372619628906e+01
2.231011390686035156e+01
2.231867408752441406e+01
2.232723808288574219e+01
2.233580207824707031e+01
2.234436798095703125e+01
2.235293579101562500e+01
2.236150741577148438e+01
2.237007904052734375e+01
2.237865066528320312e+01
2.238722610473632812e+01
2.239580345153808594e+01
2.240438079833984375e+01
2.241296195983886719e+01
2.242154312133789062e+01
2.243012619018554688e+01
2.243871116638183594e+01
2.244729804992675781e+01
2.245588684082031250e+01
2.246447753906250000e+01
2.247307014465332031e+01
2.248166275024414062e+01
2.249025917053222656e+01
2.249885559082031250e+01
2.250745391845703125e+01
2.251605415344238281e+01
2.252465629577636719e+01
2.253326034545898438e+01
2.254186439514160156e+01
2.255047225952148438e+01
2.255908012390136719e+01
2.256768989562988281e+01
2.257630348205566406e+01
2.258491706848144531e+01
2.259353065490722656e+01
2.260214805603027344e+01
2.261076736450195312e+01
2.261938667297363281e+01
2.262800788879394531e+01
2.263663101196289062e+01
2.264525604248046875e+01
2.265388298034667969e+01
2.266251182556152344e+01
2.267114067077636719e+01
2.267977333068847656e+01
2.268840599060058594e+01
2.269704055786132812e+01
2.270567703247070312e+01
2.272295379638671875e+01
2.272295379638671875e+01
2.274023818969726562e+01
2.274888229370117188e+01
2.274888229370117188e+01
2.275752830505371094e+01
2.276617622375488281e+01
2.277482414245605469e+01
2.278347587585449219e+01
2.279212760925292969e+01
2.280078125000000000e+01
2.280943679809570312e+01
2.281809425354003906e+01
2.282675170898437500e+01
2.283541297912597656e+01
2.284407424926757812e+01
2.285273742675781250e+01
2.286140251159667969e+01
2.287006950378417969e+01
2.287873840332031250e+01
2.288740730285644531e+01
2.289608001708984375e+01
2.290475273132324219e+01
2.291342735290527344e+01
2.292210388183593750e+01
2.293078231811523438e+01
2.293946075439453125e+01
2.294814300537109375e+01
2.295682525634765625e+01
2.296551132202148438e+01
2.297419738769531250e+01
2.298288536071777344e+01
2.299157524108886719e+01
2.300026512145996094e+01
2.300895881652832031e+01
2.301765441894531250e+01
2.302635002136230469e+01
2.303504753112792969e+01
2.304374885559082031e+01
2.305245018005371094e+01
2.306115341186523438e+01
2.306985855102539062e+01
2.307856559753417969e+01
2.308727264404296875e+01
2.309598350524902344e+01
2.310469436645507812e+01
2.311340904235839844e+01
2.312212371826171875e+01
2.313084220886230469e+01
2.313956069946289062e+01
2.314828109741210938e+01
2.315700340270996094e+01
2.316572761535644531e+01
2.317445373535156250e+01
2.318318176269531250e+01
2.319190979003906250e+01
2.320064163208007812e+01
2.320937538146972656e+01
2.322684669494628906e+01
2.322684669494628906e+01
2.324432563781738281e+01
2.324432563781738281e+01
2.325306701660156250e+01
2.326181030273437500e+01
2.327055549621582031e+01
2.327930450439453125e+01
2.328805351257324219e+01
2.329680442810058594e+01
2.330555725097656250e+01
2.331431198120117188e+01
2.332306861877441406e+01
2.333182716369628906e+01
2.334058761596679688e+01
2.334934997558593750e+01
2.335811424255371094e+01
2.336687850952148438e+01
2.337564659118652344e+01
2.338441658020019531e+01
2.339318847656250000e+01
2.340196228027343750e+01
2.341073608398437500e+01
2.341951370239257812e+01
2.342829322814941406e+01
2.343707466125488281e+01
2.344585609436035156e+01
2.346342849731445312e+01
2.346342849731445312e+01
2.347221755981445312e+01
2.348979949951171875e+01
2.348979949951171875e+01
2.349859428405761719e+01
2.350739097595214844e+01
2.351618957519531250e+01
2.352498817443847656e+01
2.353379058837890625e+01
2.354259490966796875e+01
2.355140113830566406e+01
2.356020927429199219e+01
2.356901931762695312e+01
2.357783126831054688e+01
2.359546089172363281e+01
2.359546089172363281e+01
2.360427856445312500e+01
2.361309814453125000e+01
2.363074302673339844e+01
2.363074302673339844e+01
2.363957023620605469e+01
2.364839744567871094e+01
2.365722656250000000e+01
2.366605949401855469e+01
2.367489242553710938e+01
2.368372917175292969e+01
2.369256591796875000e+01
2.370140647888183594e+01
2.371024894714355469e+01
2.371909141540527344e+01
2.372793769836425781e+01
2.373678588867187500e+01
2.374563598632812500e+01
2.375448799133300781e+01
2.377219963073730469e+01
2.377219963073730469e+01
2.378105735778808594e+01
2.378991699218750000e+01
2.379878044128417969e+01
2.380764389038085938e+01
2.381651115417480469e+01
2.382538032531738281e+01
2.383425140380859375e+01
2.384312248229980469e+01
2.385199928283691406e+01
2.386087608337402344e+01
2.386975479125976562e+01
2.387863540649414062e+01
2.388751983642578125e+01
2.389640426635742188e+01
2.390529251098632812e+01
2.391418266296386719e+01
2.392307472229003906e+01
2.393196868896484375e+01
2.394086456298828125e+01
2.394976234436035156e+01
2.395866394042968750e+01
2.396756553649902344e+01
2.397647094726562500e+01
2.398537826538085938e+01
2.399428749084472656e+01
2.400319862365722656e+01
2.401211166381835938e+01
2.402102851867675781e+01
2.402994537353515625e+01
2.403886604309082031e+01
2.404778861999511719e+01
2.405671310424804688e+01
2.406563949584960938e+01
2.407456779479980469e+01
2.408349990844726562e+01
2.409243392944335938e+01
2.410136795043945312e+01
2.411030578613281250e+01
2.411924552917480469e+01
2.412818908691406250e+01
2.413713264465332031e+01
2.414608001708984375e+01
2.415502929687500000e+01
2.416398048400878906e+01
2.417293357849121094e+01
2.418188858032226562e+01
2.419084739685058594e+01
2.419980812072753906e+01
2.420877075195312500e+01
2.421773529052734375e+01
2.422670173645019531e+01
2.423567199707031250e+01
2.424464416503906250e+01
2.425361824035644531e+01
2.426259422302246094e+01
2.428055381774902344e+01
2.428055381774902344e+01
2.428953552246093750e+01
2.430751037597656250e+01
2.430751037597656250e+01
2.431649971008300781e+01
2.432549285888671875e+01
2.433448791503906250e+01
2.435248374938964844e+01
2.435248374938964844e+01
2.436148643493652344e+01
2.437049102783203125e+01
2.437949752807617188e+01
2.438850593566894531e+01
2.439751625061035156e+01
2.440653038024902344e+01
2.441554641723632812e+01
2.442456436157226562e+01
2.443358612060546875e+01
2.444260978698730469e+01
2.445163536071777344e+01
2.446066284179687500e+01
2.446969413757324219e+01
2.448776054382324219e+01
2.448776054382324219e+01
2.449679946899414062e+01
2.450583839416503906e+01
2.451488113403320312e+01
2.452392578125000000e+01
2.453297424316406250e+01
2.454202270507812500e+01
2.455107498168945312e+01
2.456012916564941406e+01
2.456918716430664062e+01
2.457824707031250000e+01
2.458730888366699219e+01
2.459637260437011719e+01
2.460544013977050781e+01
2.461450958251953125e+01
2.462358093261718750e+01
2.463265609741210938e+01
2.464173126220703125e+01
2.465081214904785156e+01
2.465989303588867188e+01
2.466897773742675781e+01
2.470533943176269531e+01
2.473263740539550781e+01
2.475995826721191406e+01
2.475995826721191406e+01
2.477818489074707031e+01
2.479642105102539062e+01
2.481466865539550781e+01
2.481466865539550781e+01
2.484205818176269531e+01
2.484205818176269531e+01
2.486947059631347656e+01
2.487861442565917969e+01
2.487861442565917969e+01
2.487861442565917969e+01
2.487861442565917969e+01
2.489690780639648438e+01
2.490605735778808594e+01
2.491521072387695312e+01
2.492436599731445312e+01
2.494268417358398438e+01
2.495184707641601562e+01
2.495184707641601562e+01
2.497018051147460938e+01
2.497018051147460938e+01
2.498852348327636719e+01
2.498852348327636719e+01
2.499769783020019531e+01
2.501605415344238281e+01
2.501605415344238281e+01
2.502523612976074219e+01
2.503442001342773438e+01
2.504360771179199219e+01
2.505279541015625000e+01
2.506198501586914062e+01
2.508037376403808594e+01
2.508957099914550781e+01
2.508957099914550781e+01
2.509876823425292969e+01
2.510796928405761719e+01
2.511717414855957031e+01
2.512637901306152344e+01
2.513558578491210938e+01
2.514479446411132812e+01
2.515400505065917969e+01
2.517243385314941406e+01
2.517243385314941406e+01
2.518165016174316406e+01
2.519086837768554688e+01
2.520009040832519531e+01
2.520931243896484375e+01
2.521853637695312500e+01
2.523698997497558594e+01
2.523698997497558594e+01
2.525544929504394531e+01
2.525544929504394531e+01
2.526468276977539062e+01
2.527391815185546875e+01
2.529239082336425781e+01
2.529239082336425781e+01
2.531087112426757812e+01
2.532011413574218750e+01
2.532935714721679688e+01
2.533860397338867188e+01
2.534785079956054688e+01
2.535709953308105469e+01
2.535709953308105469e+01
2.537560081481933594e+01
2.537560081481933594e+01
2.538485336303710938e+01
2.540336227416992188e+01
2.540336227416992188e+01
2.542187690734863281e+01
2.543113708496093750e+01
2.543113708496093750e+01
2.544965934753417969e+01
2.544965934753417969e+01
2.545892333984375000e+01
2.546818733215332031e+01
2.548671913146972656e+01
2.549598693847656250e+01
2.549598693847656250e+01
2.550525665283203125e+01
2.551452636718750000e+01
2.552379798889160156e+01
2.554234313964843750e+01
2.554234313964843750e+01
2.555161666870117188e+01
2.556089210510253906e+01
2.557016754150390625e+01
2.558872413635253906e+01
2.558872413635253906e+01
2.560728263854980469e+01
2.560728263854980469e+01
2.561656188964843750e+01
2.562584495544433594e+01
2.563512611389160156e+01
2.564440917968750000e+01
2.565369224548339844e+01
2.566297721862792969e+01
2.567226219177246094e+01
2.568154907226562500e+01
2.570012283325195312e+01
2.570012283325195312e+01
2.570941162109375000e+01
2.572798919677734375e+01
2.572798919677734375e+01
2.573727798461914062e+01
2.574656867980957031e+01
2.576515007019042969e+01
2.577444267272949219e+01
2.578373336791992188e+01
2.578373336791992188e+01
2.579302597045898438e+01
2.580231857299804688e+01
2.581161308288574219e+01
2.582090568542480469e+01
2.582090568542480469e+01
2.582090568542480469e+01
2.582090568542480469e+01
2.582090568542480469e+01
2.582090568542480469e+01
2.582090568542480469e+01
2.582090568542480469e+01
2.582090568542480469e+01
2.784814643859863281e+01
2.785673713684082031e+01
2.786532592773437500e+01
2.787391662597656250e+01
2.788250541687011719e+01
2.789109611511230469e+01
2.789968490600585938e+01
2.790827560424804688e+01
2.791686439514160156e+01
2.792545318603515625e+01
2.793404388427734375e+01
2.794263267517089844e+01
2.795122146606445312e+01
2.795981025695800781e+01
2.796839904785156250e+01
2.797698783874511719e+01
2.798557662963867188e+01
2.798557662963867188e+01
2.800275421142578125e+01
2.801134109497070312e+01
2.801992988586425781e+01
2.802851676940917969e+01
2.803710556030273438e+01
2.804569244384765625e+01
2.805427932739257812e+01
2.806286621093750000e+01
2.807145309448242188e+01
2.808003807067871094e+01
2.808862495422363281e+01
2.809720993041992188e+01
2.810579490661621094e+01
2.811437988281250000e+01
2.812296485900878906e+01
2.813154983520507812e+01
2.814013481140136719e+01
2.814871788024902344e+01
2.815730094909667969e+01
2.816588401794433594e+01
2.817446708679199219e+01
2.818305015563964844e+01
2.819163131713867188e+01
2.820021247863769531e+01
2.820879364013671875e+01
2.821737480163574219e+01
2.822595596313476562e+01
2.823453521728515625e+01
2.824311447143554688e+01
2.825169372558593750e+01
2.826027297973632812e+01
2.826885032653808594e+01
2.827742767333984375e+01
2.827742767333984375e+01
2.829458045959472656e+01
2.831173324584960938e+01
2.831173324584960938e+01
2.832030868530273438e+01
2.832888221740722656e+01
2.833745574951171875e+01
2.834602928161621094e+01
2.835460281372070312e+01
2.835460281372070312e+01
2.837174606323242188e+01
2.838031768798828125e+01
2.838888740539550781e+01
2.839745712280273438e+01
2.840602684020996094e+01
2.841459465026855469e+01
2.842316246032714844e+01
2.843173027038574219e+01
2.844029617309570312e+01
2.844886207580566406e+01
2.845742607116699219e+01
2.846599197387695312e+01
2.847455596923828125e+01
2.848311805725097656e+01
2.849168014526367188e+01
2.850024223327636719e+01
2.850880241394042969e+01
2.851736259460449219e+01
2.852592277526855469e+01
2.853448104858398438e+01
2.854303741455078125e+01
2.855159568786621094e+01
2.856015205383300781e+01
2.856870651245117188e+01
2.857726097106933594e+01
2.858581542968750000e+01
2.859436798095703125e+01
2.860291862487792969e+01
2.861147117614746094e+01
2.862001991271972656e+01
2.862857055664062500e+01
2.863711738586425781e+01
2.864566612243652344e+01
2.865421295166015625e+01
2.866275787353515625e+01
2.867130279541015625e+01
2.867984580993652344e+01
2.868838882446289062e+01
2.869693183898925781e+01
2.870547294616699219e+01
2.871401214599609375e+01
2.872255134582519531e+01
2.873108863830566406e+01
2.873962593078613281e+01
2.874816131591796875e+01
2.875669670104980469e+01
2.876523017883300781e+01
2.877376365661621094e+01
2.878229522705078125e+01
2.879082679748535156e+01
2.879935646057128906e+01
2.880788421630859375e+01
2.881641197204589844e+01
2.882493782043457031e+01
2.883346366882324219e+01
2.884198760986328125e+01
2.885050964355468750e+01
2.885903167724609375e+01
2.886755180358886719e+01
2.887607192993164062e+01
2.888459014892578125e+01
2.889310836791992188e+01
2.889310836791992188e+01
2.891013908386230469e+01
2.891865158081054688e+01
2.892716407775878906e+01
2.893567466735839844e+01
2.894418525695800781e+01
2.895269393920898438e+01
2.896120071411132812e+01
2.896970748901367188e+01
2.897821235656738281e+01
2.897821235656738281e+01
2.899521636962890625e+01
2.899521636962890625e+01
2.900371742248535156e+01
2.902071571350097656e+01
2.902921295166015625e+01
2.903770828247070312e+01
2.904620170593261719e+01
2.905469512939453125e+01
2.906318664550781250e+01
2.907167625427246094e+01
2.908016586303710938e+01
2.908865356445312500e+01
2.909713935852050781e+01
2.910562324523925781e+01
2.911410522460937500e+01
2.912258720397949219e+01
2.913106727600097656e+01
2.913954544067382812e+01
2.914802360534667969e+01
2.916497230529785156e+01
2.916497230529785156e+01
2.916497230529785156e+01
2.917344474792480469e+01
2.919038581848144531e+01
2.919885444641113281e+01
2.920732116699218750e+01
2.921578598022460938e+01
2.922424888610839844e+01
2.923271179199218750e+01
2.924117088317871094e+01
2.924962997436523438e+01
2.925808715820312500e+01
2.926654243469238281e+01
2.927499580383300781e+01
2.928344917297363281e+01
2.929189872741699219e+01
2.930034828186035156e+01
2.930879592895507812e+01
2.931724166870117188e+01
2.932568550109863281e+01
2.933412742614746094e+01
2.934256744384765625e+01
2.935100555419921875e+01
2.935944366455078125e+01
2.936787796020507812e+01
2.937631225585937500e+01
2.937631225585937500e+01
2.939317512512207031e+01
2.940160369873046875e+01
2.940160369873046875e+01
2.941845512390136719e+01
2.942687797546386719e+01
2.943529891967773438e+01
2.944371795654296875e+01
2.945213508605957031e+01
2.946055030822753906e+01
2.946055030822753906e+01
2.947737693786621094e+01
2.948578643798828125e+01
2.948578643798828125e+01
2.950260162353515625e+01
2.951100730895996094e+01
2.951940917968750000e+01
2.952780914306640625e+01
2.953620910644531250e+01
2.954460525512695312e+01
2.955300140380859375e+01
2.956139373779296875e+01
2.956978416442871094e+01
2.957817268371582031e+01
2.958656120300292969e+01
2.959494590759277344e+01
2.960332870483398438e+01
2.961170959472656250e+01
2.962008857727050781e+01
2.962846565246582031e+01
2.963684082031250000e+01
2.964521408081054688e+01
2.965358543395996094e+01
2.966195297241210938e+01
2.967032051086425781e+01
2.967868423461914062e+01
2.968704795837402344e+01
2.969540786743164062e+01
2.970376586914062500e+01
2.971212196350097656e+01
2.972047615051269531e+01
2.972882843017578125e+01
2.973717880249023438e+01
2.974552536010742188e+01
2.975387191772460938e+01
2.976221466064453125e+01
2.977055549621582031e+01
2.977889442443847656e+01
2.978723144531250000e+01
2.979556655883789062e+01
2.980389785766601562e+01
2.981222915649414062e+01
2.982055664062500000e+01
2.982888221740722656e+01
2.983720397949218750e+01
2.984552574157714844e+01
2.985384368896484375e+01
2.986216163635253906e+01
2.987047386169433594e+01
2.987047386169433594e+01
2.987878608703613281e+01
2.988709640502929688e+01
2.990370750427246094e+01
2.991201019287109375e+01
2.991201019287109375e+01
2.992031097412109375e+01
2.993690299987792969e+01
2.994519615173339844e+01
2.995348739624023438e+01
2.996177482604980469e+01
2.997006225585937500e+01
2.997834587097167969e+01
2.998662567138671875e+01
2.999490547180175781e+01
3.000318145751953125e+01
3.001145553588867188e+01
3.001972579956054688e+01
3.002799415588378906e+01
3.003626060485839844e+01
3.004452514648437500e+01
3.004452514648437500e+01
3.006104469299316406e+01
3.007755470275878906e+01
3.007755470275878906e+01
3.007755470275878906e+01
3.009405517578125000e+01
3.010230255126953125e+01
3.011878776550292969e+01
3.011878776550292969e+01
3.012702560424804688e+01
3.012702560424804688e+01
3.014349555969238281e+01
3.015172576904296875e+01
3.015995407104492188e+01
3.016818046569824219e+01
3.017640304565429688e+01
3.018462371826171875e+01
3.019284057617187500e+01
3.020105552673339844e+01
3.020105552673339844e+01
3.021747970581054688e+01
3.021747970581054688e+01
3.023389053344726562e+01
3.024209213256835938e+01
3.025029182434082031e+01
3.025848770141601562e+01
3.026668167114257812e+01
3.027487182617187500e+01
3.028306198120117188e+01
3.029124641418457031e+01
3.029942893981933594e+01
3.030760955810546875e+01
3.031578636169433594e+01
3.032396125793457031e+01
3.033213233947753906e+01
3.034030151367187500e+01
3.034846878051757812e+01
3.035663223266601562e+01
3.036479187011718750e+01
3.037294960021972656e+01
3.038110542297363281e+01
3.038925743103027344e+01
3.039740562438964844e+01
3.040555191040039062e+01
3.041369628906250000e+01
3.042183685302734375e+01
3.042997360229492188e+01
3.043810844421386719e+01
3.044624137878417969e+01
3.045437049865722656e+01
3.046249580383300781e+01
3.047061920166015625e+01
3.047873878479003906e+01
3.048685646057128906e+01
3.049497222900390625e+01
3.050308227539062500e+01
3.051119041442871094e+01
3.051929664611816406e+01
3.052739906311035156e+01
3.053549766540527344e+01
3.053549766540527344e+01
3.055168914794921875e+01
3.055977821350097656e+01
3.056786727905273438e+01
3.056786727905273438e+01
3.058403205871582031e+01
3.059210968017578125e+01
3.060018539428710938e+01
3.060825729370117188e+01
3.060825729370117188e+01
3.062439346313476562e+01
3.063245582580566406e+01
3.064051628112792969e+01
3.064857292175292969e+01
3.065662574768066406e+01
3.066467666625976562e+01
3.067272377014160156e+01
3.068076705932617188e+01
3.068880844116210938e+01
3.069684600830078125e+01
3.070488166809082031e+01
3.071291351318359375e+01
3.072094154357910156e+01
3.072896575927734375e+01
3.073698806762695312e+01
3.074500656127929688e+01
3.075302124023437500e+01
3.076103401184082031e+01
3.076904296875000000e+01
3.077704811096191406e+01
3.078505134582519531e+01
3.079305076599121094e+01
3.080104637145996094e+01
3.080903816223144531e+01
3.081702804565429688e+01
3.082501411437988281e+01
3.083299636840820312e+01
3.084097671508789062e+01
3.084895324707031250e+01
3.085692405700683594e+01
3.086489486694335938e+01
3.087285995483398438e+01
3.088082313537597656e+01
3.088878250122070312e+01
3.089673805236816406e+01
3.090468978881835938e+01
3.091263961791992188e+01
3.092058563232421875e+01
3.092852783203125000e+01
3.093646621704101562e+01
3.094440269470214844e+01
3.095233345031738281e+01
3.096026229858398438e+01
3.096818733215332031e+01
3.097610855102539062e+01
3.098402786254882812e+01
3.099194145202636719e+01
3.099985313415527344e+01
3.100776100158691406e+01
3.101566505432128906e+01
3.102356529235839844e+01
3.103146171569824219e+01
3.103935623168945312e+01
3.104724693298339844e+01
3.105513191223144531e+01
3.106301498413085938e+01
3.107089424133300781e+01
3.107877159118652344e+01
3.108664321899414062e+01
3.109451103210449219e+01
3.110237693786621094e+01
3.111023712158203125e+01
3.111809539794921875e+01
3.112594985961914062e+01
3.113380050659179688e+01
3.114164733886718750e+01
3.114949035644531250e+01
3.115732955932617188e+01
3.116516494750976562e+01
3.117299842834472656e+01
3.118082618713378906e+01
3.118865013122558594e+01
3.119647216796875000e+01
3.120428848266601562e+01
3.121210289001464844e+01
3.121991348266601562e+01
3.122771835327148438e+01
3.123552131652832031e+01
3.124332046508789062e+01
3.125111389160156250e+01
3.125890541076660156e+01
3.126669311523437500e+01
3.127447700500488281e+01
3.128225708007812500e+01
3.129003143310546875e+01
3.129780387878417969e+01
3.130557250976562500e+01
3.131333732604980469e+01
3.132109832763671875e+01
3.132885360717773438e+01
3.133660697937011719e+01
3.134435653686523438e+01
3.135210037231445312e+01
3.135984230041503906e+01
3.136758041381835938e+01
3.137531280517578125e+01
3.138304328918457031e+01
3.139076805114746094e+01
3.139848899841308594e+01
3.140620803833007812e+01
3.141392135620117188e+01
3.142163085937500000e+01
3.142933654785156250e+01
3.143703842163085938e+01
3.144473648071289062e+01
3.145243072509765625e+01
3.146012115478515625e+01
3.146780586242675781e+01
3.147548866271972656e+01
3.148316574096679688e+01
3.149083900451660156e+01
3.149851036071777344e+01
3.150617599487304688e+01
3.151383590698242188e+01
3.152149391174316406e+01
3.152914810180664062e+01
3.153679656982421875e+01
3.154444313049316406e+01
3.155208396911621094e+01
3.155972099304199219e+01
3.156735420227050781e+01
3.157498359680175781e+01
3.158260726928710938e+01
3.159022712707519531e+01
3.159784507751464844e+01
3.160545730590820312e+01
3.161306571960449219e+01
3.162066841125488281e+01
3.162826919555664062e+01
3.163586616516113281e+01
3.164345741271972656e+01
3.165104675292968750e+01
3.165863037109375000e+01
3.166621208190917969e+01
3.167378807067871094e+01
3.168136215209960938e+01
3.168893051147460938e+01
3.169649696350097656e+01
3.170405769348144531e+01
3.171161651611328125e+01
3.171917152404785156e+01
3.172672271728515625e+01
3.172672271728515625e+01
3.174181556701660156e+01
3.174935722351074219e+01
3.175689506530761719e+01
3.176442909240722656e+01
3.177195930480957031e+01
3.177948760986328125e+01
3.178701210021972656e+01
3.179453277587890625e+01
3.180205154418945312e+01
3.180956649780273438e+01
3.181707763671875000e+01
3.182458686828613281e+01
3.183209419250488281e+01
3.183959579467773438e+01
3.184709548950195312e+01
3.185459327697753906e+01
3.186208724975585938e+01
3.186957931518554688e+01
3.187706756591796875e+01
3.188455390930175781e+01
3.189203643798828125e+01
3.189203643798828125e+01
3.190699386596679688e+01
3.191447067260742188e+01
3.192194175720214844e+01
3.192941284179687500e+01
3.193688011169433594e+01
3.194434547424316406e+01
3.195180892944335938e+01
3.195926856994628906e+01
3.196672630310058594e+01
3.197418212890625000e+01
3.198163604736328125e+01
3.198908615112304688e+01
3.198908615112304688e+01
3.199653625488281250e+01
3.200398254394531250e+01
3.201887130737304688e+01
3.202630996704101562e+01
3.202630996704101562e+01
3.204118728637695312e+01
3.204118728637695312e+01
3.205605316162109375e+01
3.206348419189453125e+01
3.207091522216796875e+01
3.207834243774414062e+01
3.208576583862304688e+01
3.209318923950195312e+01
3.210061264038085938e+01
3.210803222656250000e+01
3.211545181274414062e+01
3.212286758422851562e+01
3.213028335571289062e+01
3.213028335571289062e+01
3.214511108398437500e+01
3.215252304077148438e+01
3.215993499755859375e+01
3.216734313964843750e+01
3.217475128173828125e+01
3.218215560913085938e+01
3.218215560913085938e+01
3.218955993652343750e+01
3.220436859130859375e+01
3.221176910400390625e+01
3.221916961669921875e+01
3.222657012939453125e+01
3.222657012939453125e+01
3.224136352539062500e+01
3.224876022338867188e+01
3.225615692138671875e+01
3.226354980468750000e+01
3.227094268798828125e+01
3.227833557128906250e+01
3.228572845458984375e+01
3.229312133789062500e+01
3.230051040649414062e+01
3.230790328979492188e+01
3.231529235839843750e+01
3.232268142700195312e+01
3.233007049560546875e+01
3.233745574951171875e+01
3.234484481811523438e+01
3.235223007202148438e+01
3.235223007202148438e+01
3.236700439453125000e+01
3.236700439453125000e+01
3.238177490234375000e+01
3.238916397094726562e+01
3.238916397094726562e+01
3.240393447875976562e+01
3.241131973266601562e+01
3.241870117187500000e+01
3.242608642578125000e+01
3.243347167968750000e+01
3.243347167968750000e+01
3.244824218750000000e+01
3.245562744140625000e+01
3.246301269531250000e+01
3.246301269531250000e+01
3.247778320312500000e+01
3.248516845703125000e+01
3.249255752563476562e+01
3.249255752563476562e+01
3.250732803344726562e+01
3.251471710205078125e+01
3.252210617065429688e+01
3.252949142456054688e+01
3.252949142456054688e+01
3.254426956176757812e+01
3.255165863037109375e+01
3.255905151367187500e+01
3.256644058227539062e+01
3.257383346557617188e+01
3.258122634887695312e+01
3.258861923217773438e+01
3.259601211547851562e+01
3.260340881347656250e+01
3.261080551147460938e+01
3.261820220947265625e+01
3.262559890747070312e+01
3.263299560546875000e+01
3.264039611816406250e+01
3.264779663085937500e+01
3.265519714355468750e+01
3.266260147094726562e+01
3.267000579833984375e+01
3.267741012573242188e+01
3.268481826782226562e+01
3.269222640991210938e+01
3.269963455200195312e+01
3.270704650878906250e+01
3.271445846557617188e+01
3.272187042236328125e+01
3.272928619384765625e+01
3.273670196533203125e+01
3.274411773681640625e+01
3.275153732299804688e+01
3.275896072387695312e+01
3.276638031005859375e+01
3.277380752563476562e+01
3.278123092651367188e+01
3.278866195678710938e+01
3.279608917236328125e+01
3.280352020263671875e+01
3.281095504760742188e+01
3.281838989257812500e+01
3.282582855224609375e+01
3.283326721191406250e+01
3.284070968627929688e+01
3.284815216064453125e+01
3.285559463500976562e+01
3.286304473876953125e+01
3.287049484252929688e+01
3.287794494628906250e+01
3.288539886474609375e+01
3.289285659790039062e+01
3.290031433105468750e+01
3.290777587890625000e+01
3.291524124145507812e+01
3.292270660400390625e+01
3.293017196655273438e+01
3.293764495849609375e+01
3.293764495849609375e+01
3.294511795043945312e+01
3.296007156372070312e+01
3.296755218505859375e+01
3.297503662109375000e+01
3.298252487182617188e+01
3.299001312255859375e+01
3.299750518798828125e+01
3.300500106811523438e+01
3.301250076293945312e+01
3.302000045776367188e+01
3.302750396728515625e+01
3.303501129150390625e+01
3.304252243041992188e+01
3.305003356933593750e+01
3.305754852294921875e+01
3.306506729125976562e+01
3.307258987426757812e+01
3.308011627197265625e+01
3.308764648437500000e+01
3.309517669677734375e+01
3.310271072387695312e+01
3.311025238037109375e+01
3.311779403686523438e+01
3.312533950805664062e+01
3.313288879394531250e+01
3.314043807983398438e+01
3.314799499511718750e+01
3.315555572509765625e+01
3.316312026977539062e+01
3.317068481445312500e+01
3.317825698852539062e+01
3.318582916259765625e+01
3.319340896606445312e+01
3.320098876953125000e+01
3.320098876953125000e+01
3.321616363525390625e+01
3.322375869750976562e+01
3.323135757446289062e+01
3.323895645141601562e+01
3.323895645141601562e+01
3.323895645141601562e+01
3.327702713012695312e+01
3.328465270996093750e+01
3.329228210449218750e+01
3.329991531372070312e+01
3.330755615234375000e+01
3.331519699096679688e+01
3.332284545898437500e+01
3.332284545898437500e+01
3.334580993652343750e+01
3.334580993652343750e+01
3.335347747802734375e+01
3.336114501953125000e+01
3.336881637573242188e+01
3.337649154663085938e+01
3.338417434692382812e+01
3.339185714721679688e+01
3.339954376220703125e+01
3.340723800659179688e+01
3.341493606567382812e+01
3.342263412475585938e+01
3.343033981323242188e+01
3.344576263427734375e+01
3.344576263427734375e+01
3.345347976684570312e+01
3.346120071411132812e+01
3.346892547607421875e+01
3.347665405273437500e+01
3.348438644409179688e+01
3.349212265014648438e+01
3.349212265014648438e+01
3.350761032104492188e+01
3.351535797119140625e+01
3.352310943603515625e+01
3.353086853027343750e+01
3.353862762451171875e+01
3.353862762451171875e+01
3.353862762451171875e+01
3.353862762451171875e+01
3.353862762451171875e+01
3.353862762451171875e+01
3.353862762451171875e+01
3.528068923950195312e+01
3.528844070434570312e+01
3.529619216918945312e+01
3.530394363403320312e+01
3.531169509887695312e+01
3.531169509887695312e+01
3.532719421386718750e+01
3.533494567871093750e+01
3.534269714355468750e+01
3.535044860839843750e+01
3.535820007324218750e+01
3.536595153808593750e+01
3.537370300292968750e+01
3.538145446777343750e+01
3.538920593261718750e+01
3.539695739746093750e+01
3.540470886230468750e+01
3.541246032714843750e+01
3.542021179199218750e+01
3.542796325683593750e+01
3.543571472167968750e+01
3.544346618652343750e+01
3.545121765136718750e+01
3.545896911621093750e+01
3.546672058105468750e+01
3.547447204589843750e+01
3.548222351074218750e+01
3.548997497558593750e+01
3.549772644042968750e+01
3.550547790527343750e+01
3.550547790527343750e+01
3.552098083496093750e+01
3.552098083496093750e+01
3.553648757934570312e+01
3.554423904418945312e+01
3.555199050903320312e+01
3.555199050903320312e+01
3.556749343872070312e+01
3.557524490356445312e+01
3.557524490356445312e+01
3.559074783325195312e+01
3.559849929809570312e+01
3.560625457763671875e+01
3.561400604248046875e+01
3.562175750732421875e+01
3.562950897216796875e+01
3.563726043701171875e+01
3.564501571655273438e+01
3.565276718139648438e+01
3.566051864624023438e+01
3.566827011108398438e+01
3.567602539062500000e+01
3.568377685546875000e+01
3.569152832031250000e+01
3.569928359985351562e+01
3.570703506469726562e+01
3.571478652954101562e+01
3.572254180908203125e+01
3.573029327392578125e+01
3.573804473876953125e+01
3.574580001831054688e+01
3.575355148315429688e+01
3.576130676269531250e+01
3.576905822753906250e+01
3.577681350708007812e+01
3.578456497192382812e+01
3.579232025146484375e+01
3.580007171630859375e+01
3.580782699584960938e+01
3.581557846069335938e+01
3.582333374023437500e+01
3.583108520507812500e+01
3.583884048461914062e+01
3.584659194946289062e+01
3.585434722900390625e+01
3.586210250854492188e+01
3.586985397338867188e+01
3.587760925292968750e+01
3.588536453247070312e+01
3.589311981201171875e+01
3.590087127685546875e+01
3.590862655639648438e+01
3.591638183593750000e+01
3.592413711547851562e+01
3.593189239501953125e+01
3.593964385986328125e+01
3.594739913940429688e+01
3.595515441894531250e+01
3.596290969848632812e+01
3.597066497802734375e+01
3.597842025756835938e+01
3.598617553710937500e+01
3.599393081665039062e+01
3.600168609619140625e+01
3.600944137573242188e+01
3.601719665527343750e+01
3.602495193481445312e+01
3.603270721435546875e+01
3.604046630859375000e+01
3.604822158813476562e+01
3.605597686767578125e+01
3.606373214721679688e+01
3.606373214721679688e+01
3.607924652099609375e+01
3.608700180053710938e+01
3.609475708007812500e+01
3.610251617431640625e+01
3.611027145385742188e+01
3.611803054809570312e+01
3.612578582763671875e+01
3.613354492187500000e+01
3.614130020141601562e+01
3.614905929565429688e+01
3.614905929565429688e+01
3.616457366943359375e+01
3.617232894897460938e+01
3.618008804321289062e+01
3.618784713745117188e+01
3.619560241699218750e+01
3.620336151123046875e+01
3.621112060546875000e+01
3.621887969970703125e+01
3.622663879394531250e+01
3.623439407348632812e+01
3.624215316772460938e+01
3.624991226196289062e+01
3.625767135620117188e+01
3.626543045043945312e+01
3.627318954467773438e+01
3.628094863891601562e+01
3.628870773315429688e+01
3.629646682739257812e+01
3.630422973632812500e+01
3.631198883056640625e+01
3.631974792480468750e+01
3.632750701904296875e+01
3.633526611328125000e+01
3.634302902221679688e+01
3.635078811645507812e+01
3.635078811645507812e+01
3.636631011962890625e+01
3.637406921386718750e+01
3.638183212280273438e+01
3.638959121704101562e+01
3.640511703491210938e+01
3.640511703491210938e+01
3.640511703491210938e+01
3.642063903808593750e+01
3.642840194702148438e+01
3.643616104125976562e+01
3.644392395019531250e+01
3.645168685913085938e+01
3.645944976806640625e+01
3.646721267700195312e+01
3.647497558593750000e+01
3.648273849487304688e+01
3.649050140380859375e+01
3.649050140380859375e+01
3.650602722167968750e+01
3.651379013061523438e+01
3.652155303955078125e+01
3.652931594848632812e+01
3.653708267211914062e+01
3.654484558105468750e+01
3.655260848999023438e+01
3.656037521362304688e+01
3.656813812255859375e+01
3.657590103149414062e+01
3.658366775512695312e+01
3.659143447875976562e+01
3.659919738769531250e+01
3.660696411132812500e+01
3.661472702026367188e+01
3.662249374389648438e+01
3.663026046752929688e+01
3.663802719116210938e+01
3.664579391479492188e+01
3.665355682373046875e+01
3.666132354736328125e+01
3.666909027099609375e+01
3.667685699462890625e+01
3.668462753295898438e+01
3.669239425659179688e+01
3.670016098022460938e+01
3.670792770385742188e+01
3.671569442749023438e+01
3.672346496582031250e+01
3.673123168945312500e+01
3.673899841308593750e+01
3.674676895141601562e+01
3.675453567504882812e+01
3.676230621337890625e+01
3.677007293701171875e+01
3.677784347534179688e+01
3.678561401367187500e+01
3.679338455200195312e+01
3.680115127563476562e+01
3.680892181396484375e+01
3.681669235229492188e+01
3.682446289062500000e+01
3.683223342895507812e+01
3.684000396728515625e+01
3.684777450561523438e+01
3.685554504394531250e+01
3.686331558227539062e+01
3.687108993530273438e+01
3.687886047363281250e+01
3.688663101196289062e+01
3.689440536499023438e+01
3.690217590332031250e+01
3.690995025634765625e+01
3.691772079467773438e+01
3.692549514770507812e+01
3.693326950073242188e+01
3.694104003906250000e+01
3.694881439208984375e+01
3.695658874511718750e+01
3.696436309814453125e+01
3.697213745117187500e+01
3.697991180419921875e+01
3.698768615722656250e+01
3.699546051025390625e+01
3.700323486328125000e+01
3.701100921630859375e+01
3.701878356933593750e+01
3.702656173706054688e+01
3.703433609008789062e+01
3.704211425781250000e+01
3.704988861083984375e+01
3.705766677856445312e+01
3.706544113159179688e+01
3.707321929931640625e+01
3.708099365234375000e+01
3.708877182006835938e+01
3.709654998779296875e+01
3.710432815551757812e+01
3.710432815551757812e+01
3.711988449096679688e+01
3.712765884399414062e+01
3.713543701171875000e+01
3.714321517944335938e+01
3.715099716186523438e+01
3.715877532958984375e+01
3.716655349731445312e+01
3.717433166503906250e+01
3.718210983276367188e+01
3.718988800048828125e+01
3.719766616821289062e+01
3.720544815063476562e+01
3.721322631835937500e+01
3.722100448608398438e+01
3.722878646850585938e+01
3.723656463623046875e+01
3.724434280395507812e+01
3.725212478637695312e+01
3.725990295410156250e+01
3.726768493652343750e+01
3.727546310424804688e+01
3.728324508666992188e+01
3.729102325439453125e+01
3.729880523681640625e+01
3.730658340454101562e+01
3.731436538696289062e+01
3.732214355468750000e+01
3.732992553710937500e+01
3.733770370483398438e+01
3.734548568725585938e+01
3.735326385498046875e+01
3.736104583740234375e+01
3.736882400512695312e+01
3.737660598754882812e+01
3.738438415527343750e+01
3.739216613769531250e+01
3.739994430541992188e+01
3.740772628784179688e+01
3.741550445556640625e+01
3.741550445556640625e+01
3.743106460571289062e+01
3.743884658813476562e+01
3.744662475585937500e+01
3.745440673828125000e+01
3.746218490600585938e+01
3.746996688842773438e+01
3.747774505615234375e+01
3.748552703857421875e+01
3.749330520629882812e+01
3.750108337402343750e+01
3.750886535644531250e+01
3.751664352416992188e+01
3.752442169189453125e+01
3.753219985961914062e+01
3.753998184204101562e+01
3.753998184204101562e+01
3.755553817749023438e+01
3.756331634521484375e+01
3.757109451293945312e+01
3.757887268066406250e+01
3.758665084838867188e+01
3.759442901611328125e+01
3.760220718383789062e+01
3.760998535156250000e+01
3.761776351928710938e+01
3.762554168701171875e+01
3.763331985473632812e+01
3.764109802246093750e+01
3.764887237548828125e+01
3.765665054321289062e+01
3.766442871093750000e+01
3.767220306396484375e+01
3.767998123168945312e+01
3.768775558471679688e+01
3.769553375244140625e+01
3.770330810546875000e+01
3.771108245849609375e+01
3.771886062622070312e+01
3.772663497924804688e+01
3.773440933227539062e+01
3.774218368530273438e+01
3.774995803833007812e+01
3.775773239135742188e+01
3.776550674438476562e+01
3.777328109741210938e+01
3.778105545043945312e+01
3.778882598876953125e+01
3.779660034179687500e+01
3.780437088012695312e+01
3.781214523315429688e+01
3.781991577148437500e+01
3.782769012451171875e+01
3.783546066284179688e+01
3.784323120117187500e+01
3.785100173950195312e+01
3.785877227783203125e+01
3.786654281616210938e+01
3.787431335449218750e+01
3.787431335449218750e+01
3.788208389282226562e+01
3.789762115478515625e+01
3.790539169311523438e+01
3.791315841674804688e+01
3.792092895507812500e+01
3.792092895507812500e+01
3.792869567871093750e+01
3.793646240234375000e+01
3.793646240234375000e+01
3.796752929687500000e+01
3.796752929687500000e+01
3.800635147094726562e+01
3.803740692138671875e+01
3.804516601562500000e+01
3.805292892456054688e+01
3.805292892456054688e+01
3.805292892456054688e+01
3.805292892456054688e+01
3.807621002197265625e+01
3.808397293090820312e+01
3.809173202514648438e+01
3.809173202514648438e+01
3.810725021362304688e+01
3.811500549316406250e+01
3.812276458740234375e+01
3.813051986694335938e+01
3.813827896118164062e+01
3.815378952026367188e+01
3.815378952026367188e+01
3.816154479980468750e+01
3.816930007934570312e+01
3.816930007934570312e+01
3.818480682373046875e+01
3.819256210327148438e+01
3.820031356811523438e+01
3.820806503295898438e+01
3.821581649780273438e+01
3.821581649780273438e+01
3.823131942749023438e+01
3.823907089233398438e+01
3.824681854248046875e+01
3.824681854248046875e+01
3.827006530761718750e+01
3.827006530761718750e+01
3.827781295776367188e+01
3.828556060791015625e+01
3.829330444335937500e+01
3.829330444335937500e+01
3.830879592895507812e+01
3.831653976440429688e+01
3.831653976440429688e+01
3.833202743530273438e+01
3.833977127075195312e+01
3.834751129150390625e+01
3.835525512695312500e+01
3.836299514770507812e+01
3.837847518920898438e+01
3.837847518920898438e+01
3.839395141601562500e+01
3.839395141601562500e+01
3.840169143676757812e+01
3.840942764282226562e+01
3.841716384887695312e+01
3.842490005493164062e+01
3.843263626098632812e+01
3.844036865234375000e+01
3.844810485839843750e+01
3.845583724975585938e+01
3.846356964111328125e+01
3.847130203247070312e+01
3.847903442382812500e+01
3.848676300048828125e+01
3.849449157714843750e+01
3.850222015380859375e+01
3.850994873046875000e+01
3.851767730712890625e+01
3.852540588378906250e+01
3.853313064575195312e+01
3.854085540771484375e+01
3.854858016967773438e+01
3.855630493164062500e+01
3.856402969360351562e+01
3.857175064086914062e+01
3.857175064086914062e+01
3.858719635009765625e+01
3.859491348266601562e+01
3.860263442993164062e+01
3.861035537719726562e+01
3.861807250976562500e+01
3.862578964233398438e+01
3.863350677490234375e+01
3.864122009277343750e+01
3.864893722534179688e+01
3.865665054321289062e+01
3.866436386108398438e+01
3.866436386108398438e+01
3.868750000000000000e+01
3.868750000000000000e+01
3.870291900634765625e+01
3.870291900634765625e+01
3.871062850952148438e+01
3.871833419799804688e+01
3.872603988647460938e+01
3.873374557495117188e+01
3.874915695190429688e+01
3.874915695190429688e+01
3.875685882568359375e+01
3.876456069946289062e+01
3.877226257324218750e+01
3.877996444702148438e+01
3.878766632080078125e+01
3.879536437988281250e+01
3.880306243896484375e+01
3.881076049804687500e+01
3.881845855712890625e+01
3.882615280151367188e+01
3.883385086059570312e+01
3.884154510498046875e+01
3.884923934936523438e+01
3.885693359375000000e+01
3.886462402343750000e+01
3.886462402343750000e+01
3.888000869750976562e+01
3.888769912719726562e+01
3.889539337158203125e+01
3.890307998657226562e+01
3.891077041625976562e+01
3.891846084594726562e+01
3.892614746093750000e+01
3.893383789062500000e+01
3.894152450561523438e+01
3.894921112060546875e+01
3.895689773559570312e+01
3.896458435058593750e+01
3.897227096557617188e+01
3.897995758056640625e+01
3.898764419555664062e+01
3.899532699584960938e+01
3.901069641113281250e+01
3.901069641113281250e+01
3.901838302612304688e+01
3.902606582641601562e+01
3.903374862670898438e+01
3.904143524169921875e+01
3.904911804199218750e+01
3.905680084228515625e+01
3.906448364257812500e+01
3.907216644287109375e+01
3.907984924316406250e+01
3.908753204345703125e+01
3.909521484375000000e+01
3.910289764404296875e+01
3.911058044433593750e+01
3.911826324462890625e+01
3.912594604492187500e+01
3.913362884521484375e+01
3.914131164550781250e+01
3.914899444580078125e+01
3.915667724609375000e+01
3.916436004638671875e+01
3.917204284667968750e+01
3.917972564697265625e+01
3.918740844726562500e+01
3.919509124755859375e+01
3.920277786254882812e+01
3.921046066284179688e+01
3.921814346313476562e+01
3.922582626342773438e+01
3.923351287841796875e+01
3.924119567871093750e+01
3.924888229370117188e+01
3.925656890869140625e+01
3.926425170898437500e+01
3.927193832397460938e+01
3.927962493896484375e+01
3.928731155395507812e+01
3.929499816894531250e+01
3.930268859863281250e+01
3.931037521362304688e+01
3.931806182861328125e+01
3.932575225830078125e+01
3.933344268798828125e+01
3.934112930297851562e+01
3.934881973266601562e+01
3.935651397705078125e+01
3.936420440673828125e+01
3.937189483642578125e+01
3.937958908081054688e+01
3.938728332519531250e+01
3.939497756958007812e+01
3.940267181396484375e+01
3.941036605834960938e+01
3.941806030273437500e+01
3.942575836181640625e+01
3.943345642089843750e+01
3.944115447998046875e+01
3.944885253906250000e+01
3.945655059814453125e+01
3.946425247192382812e+01
3.947195434570312500e+01
3.947965621948242188e+01
3.948735809326171875e+01
3.949506378173828125e+01
3.950276565551757812e+01
3.951047134399414062e+01
3.951817703247070312e+01
3.952588653564453125e+01
3.953359603881835938e+01
3.954130554199218750e+01
3.954901504516601562e+01
3.955672454833984375e+01
3.956443786621093750e+01
3.957215118408203125e+01
3.957986450195312500e+01
3.958758163452148438e+01
3.959529876708984375e+01
3.960301589965820312e+01
3.961073684692382812e+01
3.961845397949218750e+01
3.962617492675781250e+01
3.963389968872070312e+01
3.964162445068359375e+01
3.964934921264648438e+01
3.965707397460937500e+01
3.966480255126953125e+01
3.967253112792968750e+01
3.968025970458984375e+01
3.968799209594726562e+01
3.969572448730468750e+01
3.970345687866210938e+01
3.971119308471679688e+01
3.971892929077148438e+01
3.972666931152343750e+01
3.973440933227539062e+01
3.974214935302734375e+01
3.974989318847656250e+01
3.975763702392578125e+01
3.976538085937500000e+01
3.977312850952148438e+01
3.978087997436523438e+01
3.978862762451171875e+01
3.979637908935546875e+01
3.980413436889648438e+01
3.981188964843750000e+01
3.981964492797851562e+01
3.982740402221679688e+01
3.983516311645507812e+01
3.984292602539062500e+01
3.985068893432617188e+01
3.985845565795898438e+01
3.986622238159179688e+01
3.987398910522460938e+01
3.988175964355468750e+01
3.988953399658203125e+01
3.989730453491210938e+01
3.990508270263671875e+01
3.991286087036132812e+01
3.992063903808593750e+01
3.992842102050781250e+01
3.993620300292968750e+01
3.994398880004882812e+01
3.995177841186523438e+01
3.995956420898437500e+01
3.996735763549804688e+01
3.997515106201171875e+01
3.998294448852539062e+01
3.999074172973632812e+01
3.999854278564453125e+01
4.000634384155273438e+01
4.001414489746093750e+01
4.002195358276367188e+01
4.002975845336914062e+01
4.003757095336914062e+01
4.004537963867187500e+01
4.005319595336914062e+01
4.006101226806640625e+01
4.006882858276367188e+01
4.007665252685546875e+01
4.008447265625000000e+01
4.009230041503906250e+01
4.010012817382812500e+01
4.010795593261718750e+01
4.011578750610351562e+01
4.012362289428710938e+01
4.013146209716796875e+01
4.013930130004882812e+01
4.014714050292968750e+01
4.015498733520507812e+01
4.016283035278320312e+01
4.017068099975585938e+01
4.017853164672851562e+01
4.018638610839843750e+01
4.019424438476562500e+01
4.020210266113281250e+01
4.020996475219726562e+01
4.021782684326171875e+01
4.022569274902343750e+01
4.023356246948242188e+01
4.024143600463867188e+01
4.024930953979492188e+01
4.025718688964843750e+01
4.026506805419921875e+01
4.027294921875000000e+01
4.028083419799804688e+01
4.028872299194335938e+01
4.029661178588867188e+01
4.030450820922851562e+01
4.031240463256835938e+01
4.032030105590820312e+01
4.032820510864257812e+01
4.033610916137695312e+01
4.034401702880859375e+01
4.035192871093750000e+01
4.035984039306640625e+01
4.036775588989257812e+01
4.037567520141601562e+01
4.038359832763671875e+01
4.039152145385742188e+01
4.039945220947265625e+01
4.040738296508789062e+01
4.041531753540039062e+01
4.042325210571289062e+01
4.043119430541992188e+01
4.043913650512695312e+01
4.044708251953125000e+01
4.045503234863281250e+01
4.046298599243164062e+01
4.047093963623046875e+01
4.047889709472656250e+01
4.048686218261718750e+01
4.049482727050781250e+01
4.050279617309570312e+01
4.051076507568359375e+01
4.051874160766601562e+01
4.052671813964843750e+01
4.053470230102539062e+01
4.054268646240234375e+01
4.055067443847656250e+01
4.055866241455078125e+01
4.056665802001953125e+01
4.057465362548828125e+01
4.058265686035156250e+01
4.059066009521484375e+01
4.059866714477539062e+01
4.060667419433593750e+01
4.061468887329101562e+01
4.062270355224609375e+01
4.063072204589843750e+01
4.063874435424804688e+01
4.064677047729492188e+01
4.065480041503906250e+01
4.066283035278320312e+01
4.067086791992187500e+01
4.067890548706054688e+01
4.068694686889648438e+01
4.069498825073242188e+01
4.070303726196289062e+01
4.071108627319335938e+01
4.071913909912109375e+01
4.072719573974609375e+01
4.073525619506835938e+01
4.074332046508789062e+01
4.075138473510742188e+01
4.075945281982421875e+01
4.076752471923828125e+01
4.077560043334960938e+01
4.078367614746093750e+01
4.079175567626953125e+01
4.079984283447265625e+01
4.080792617797851562e+01
4.081601715087890625e+01
4.082410812377929688e+01
4.083220672607421875e+01
4.084030532836914062e+01
4.084840393066406250e+01
4.085651016235351562e+01
4.086461639404296875e+01
4.087272644042968750e+01
4.088084030151367188e+01
4.088895797729492188e+01
4.089707565307617188e+01
4.090520095825195312e+01
4.091332244873046875e+01
4.092145156860351562e+01
4.092958450317382812e+01
4.093771743774414062e+01
4.094585418701171875e+01
4.095399475097656250e+01
4.096213531494140625e+01
4.097027969360351562e+01
4.097842788696289062e+01
4.098657989501953125e+01
4.099473571777343750e+01
4.100289154052734375e+01
4.101105117797851562e+01
4.101921463012695312e+01
4.102737808227539062e+01
4.103554534912109375e+01
4.104371643066406250e+01
4.105189132690429688e+01
4.106006622314453125e+01
4.106824874877929688e+01
4.107642745971679688e+01
4.108461380004882812e+01
4.109280014038085938e+01
4.110099411010742188e+01
4.110918426513671875e+01
4.111738204956054688e+01
4.112557983398437500e+01
4.113378143310546875e+01
4.114198684692382812e+01
4.115019226074218750e+01
4.115840148925781250e+01
4.115840148925781250e+01
4.117483139038085938e+01
4.118304824829101562e+01
4.119126892089843750e+01
4.119949340820312500e+01
4.121594619750976562e+01
4.121594619750976562e+01
4.122417831420898438e+01
4.123241424560546875e+01
4.124065017700195312e+01
4.124888992309570312e+01
4.125713348388671875e+01
4.126537704467773438e+01
4.127362442016601562e+01
4.128187561035156250e+01
4.129012680053710938e+01
4.129838180541992188e+01
4.130664062500000000e+01
4.131489944458007812e+01
4.132316589355468750e+01
4.133142852783203125e+01
4.133969879150390625e+01
4.134796905517578125e+01
4.135624313354492188e+01
4.136452102661132812e+01
4.137279891967773438e+01
4.138108062744140625e+01
4.138936233520507812e+01
4.139765167236328125e+01
4.140594100952148438e+01
4.141423034667968750e+01
4.142252349853515625e+01
4.143082046508789062e+01
4.143912124633789062e+01
4.144742202758789062e+01
4.145572662353515625e+01
4.146403503417968750e+01
4.147234344482421875e+01
4.148065567016601562e+01
4.148896789550781250e+01
4.149728393554687500e+01
4.150560379028320312e+01
4.151392745971679688e+01
4.152225112915039062e+01
4.153057861328125000e+01
4.153890609741210938e+01
4.154723739624023438e+01
4.155557250976562500e+01
4.156390762329101562e+01
4.157224655151367188e+01
4.158058929443359375e+01
4.158893203735351562e+01
4.159727859497070312e+01
4.160562515258789062e+01
4.161397933959960938e+01
4.162232971191406250e+01
4.163068771362304688e+01
4.163904571533203125e+01
4.164740371704101562e+01
4.165576934814453125e+01
4.166413497924804688e+01
4.167250061035156250e+01
4.168087005615234375e+01
4.168924331665039062e+01
4.169761657714843750e+01
4.170599365234375000e+01
4.171437454223632812e+01
4.172275543212890625e+01
4.173114013671875000e+01
4.173952484130859375e+01
4.174791336059570312e+01
4.175630569458007812e+01
4.176469802856445312e+01
4.177309417724609375e+01
4.178149032592773438e+01
4.178989028930664062e+01
4.179829406738281250e+01
4.180669784545898438e+01
4.181510543823242188e+01
4.182351303100585938e+01
4.183192443847656250e+01
4.184033584594726562e+01
4.184875106811523438e+01
4.185717010498046875e+01
4.186558914184570312e+01
4.187401199340820312e+01
4.188243865966796875e+01
4.189086532592773438e+01
4.189929199218750000e+01
4.190772628784179688e+01
4.191615676879882812e+01
4.192459487915039062e+01
4.193302917480468750e+01
4.194147109985351562e+01
4.194991302490234375e+01
4.195835494995117188e+01
4.196680450439453125e+01
4.197525024414062500e+01
4.198370361328125000e+01
4.199215316772460938e+01
4.200061035156250000e+01
4.200906753540039062e+01
4.201752471923828125e+01
4.202598571777343750e+01
4.203445053100585938e+01
4.204291534423828125e+01
4.205138015747070312e+01
4.205985260009765625e+01
4.206832122802734375e+01
4.207679748535156250e+01
4.208527374267578125e+01
4.209375000000000000e+01
4.210223007202148438e+01
4.211071014404296875e+01
4.211919403076171875e+01
4.212768173217773438e+01
4.213616943359375000e+01
4.214465713500976562e+01
4.215315246582031250e+01
4.216164398193359375e+01
4.217013931274414062e+01
4.217863845825195312e+01
4.218713760375976562e+01
4.219564056396484375e+01
4.220414352416992188e+01
4.221265029907226562e+01
4.222115707397460938e+01
4.222966766357421875e+01
4.223817825317382812e+01
4.224669265747070312e+01
4.225520706176757812e+01
4.226372528076171875e+01
4.227224349975585938e+01
4.228076553344726562e+01
4.228928756713867188e+01
4.229781341552734375e+01
4.230634307861328125e+01
4.231486892700195312e+01
4.232340240478515625e+01
4.233193588256835938e+01
4.234046936035156250e+01
4.234900665283203125e+01
4.235754394531250000e+01
4.236608505249023438e+01
4.237462615966796875e+01
4.238317108154296875e+01
4.239171600341796875e+01
4.240026473999023438e+01
4.240881347656250000e+01
4.241736221313476562e+01
4.242591857910156250e+01
4.243447113037109375e+01
4.244302749633789062e+01
4.245158767700195312e+01
4.246014785766601562e+01
4.246871185302734375e+01
4.247727584838867188e+01
4.248583984375000000e+01
4.249440765380859375e+01
4.250297927856445312e+01
4.251155090332031250e+01
4.252012252807617188e+01
4.252869796752929688e+01
4.253727722167968750e+01
4.254585266113281250e+01
4.255443572998046875e+01
4.256301879882812500e+01
4.257160186767578125e+01
4.258018875122070312e+01
4.258877563476562500e+01
4.259736633300781250e+01
4.260595703125000000e+01
4.261455154418945312e+01
4.262314605712890625e+01
4.263174438476562500e+01
4.264034271240234375e+01
4.264894485473632812e+01
4.265754699707031250e+01
4.266614913940429688e+01
4.267475509643554688e+01
4.268336486816406250e+01
4.269197463989257812e+01
4.270058441162109375e+01
4.270919799804687500e+01
4.271781539916992188e+01
4.272643280029296875e+01
4.273505020141601562e+01
4.274367141723632812e+01
4.275229263305664062e+01
4.276091766357421875e+01
4.276954269409179688e+01
4.277817153930664062e+01
4.278680038452148438e+01
4.279543304443359375e+01
4.280406570434570312e+01
4.281270217895507812e+01
4.282133865356445312e+01
4.282997512817382812e+01
4.283861541748046875e+01
4.284725952148437500e+01
4.285590362548828125e+01
4.286454772949218750e+01
4.287319564819335938e+01
4.288184356689453125e+01
4.289049530029296875e+01
4.289915084838867188e+01
4.290780258178710938e+01
4.291646194458007812e+01
4.292511749267578125e+01
4.293377685546875000e+01
4.294244003295898438e+01
4.295110321044921875e+01
4.295977020263671875e+01
4.296843719482421875e+01
4.297710418701171875e+01
4.298577499389648438e+01
4.299444580078125000e+01
4.300312042236328125e+01
4.301179504394531250e+01
4.302047348022460938e+01
4.302915191650390625e+01
4.303783416748046875e+01
4.304651641845703125e+01
4.305520248413085938e+01
4.306388854980468750e+01
4.307257461547851562e+01
4.308126449584960938e+01
4.308995819091796875e+01
4.309865188598632812e+01
4.310734558105468750e+01
4.311604309082031250e+01
4.312474060058593750e+01
4.313344192504882812e+01
4.314214324951171875e+01
4.315084838867187500e+01
4.315955352783203125e+01
4.316825866699218750e+01
4.317696762084960938e+01
4.318568038940429688e+01
4.319439315795898438e+01
4.320310592651367188e+01
4.321182250976562500e+01
4.322053909301757812e+01
4.322925949096679688e+01
4.323797988891601562e+01
4.324670410156250000e+01
4.325542831420898438e+01
4.326415252685546875e+01
4.327288055419921875e+01
4.328161239624023438e+01
4.329034423828125000e+01
4.329907608032226562e+01
4.330781173706054688e+01
4.331654739379882812e+01
4.332528686523437500e+01
4.333402633666992188e+01
4.334276580810546875e+01
4.335150909423828125e+01
4.336025619506835938e+01
4.336900329589843750e+01
4.337775039672851562e+01
4.338650131225585938e+01
4.339525222778320312e+01
4.340400695800781250e+01
4.341276168823242188e+01
4.342151641845703125e+01
4.343027496337890625e+01
4.343903732299804688e+01
4.344779968261718750e+01
4.345656204223632812e+01
4.346532821655273438e+01
4.347409439086914062e+01
4.348286437988281250e+01
4.349163436889648438e+01
4.350040817260742188e+01
4.350918197631835938e+01
4.351795578002929688e+01
4.352673339843750000e+01
4.353551101684570312e+01
4.354429244995117188e+01
4.355307388305664062e+01
4.356185913085937500e+01
4.357064437866210938e+01
4.357942962646484375e+01
4.358821868896484375e+01
4.359701156616210938e+01
4.360580444335937500e+01
4.361459732055664062e+01
4.362339401245117188e+01
4.363219070434570312e+01
4.364098739624023438e+01
4.364978790283203125e+01
4.365859222412109375e+01
4.366739654541015625e+01
4.367620086669921875e+01
4.368500900268554688e+01
4.369381713867187500e+01
4.370262908935546875e+01
4.371144104003906250e+01
4.372025299072265625e+01
4.372906875610351562e+01
4.373788833618164062e+01
4.374670410156250000e+01
4.375552749633789062e+01
4.376434707641601562e+01
4.377317047119140625e+01
4.378199768066406250e+01
4.379082489013671875e+01
4.379965209960937500e+01
4.380848312377929688e+01
4.381731414794921875e+01
4.382614898681640625e+01
4.383498382568359375e+01
4.384381866455078125e+01
4.385265731811523438e+01
4.386149978637695312e+01
4.387034225463867188e+01
4.387918472290039062e+01
4.388802719116210938e+01
4.389687728881835938e+01
4.390572357177734375e+01
4.391457366943359375e+01
4.392342376708984375e+01
4.393227767944335938e+01
4.394113159179687500e+01
4.394998931884765625e+01
4.395884704589843750e+01
4.396770477294921875e+01
4.397656631469726562e+01
4.398543167114257812e+01
4.399429321289062500e+01
4.400316238403320312e+01
4.401202774047851562e+01
4.402089691162109375e+01
4.402976989746093750e+01
4.403863906860351562e+01
4.404751586914062500e+01
4.405638885498046875e+01
4.406526947021484375e+01
4.407414627075195312e+01
4.408302688598632812e+01
4.409190750122070312e+01
4.410079193115234375e+01
4.410967636108398438e+01
4.411856460571289062e+01
4.412745285034179688e+01
4.413634109497070312e+01
4.414523315429687500e+01
4.415412902832031250e+01
4.416302108764648438e+01
4.417191696166992188e+01
4.418081665039062500e+01
4.418971633911132812e+01
4.419861602783203125e+01
4.420751953125000000e+01
4.421642303466796875e+01
4.422533035278320312e+01
4.423423767089843750e+01
4.424314498901367188e+01
4.425205612182617188e+01
4.426096725463867188e+01
4.426988220214843750e+01
4.427879714965820312e+01
4.428771209716796875e+01
4.429663085937500000e+01
4.430555343627929688e+01
4.431447219848632812e+01
4.432339477539062500e+01
4.433232116699218750e+01
4.434124755859375000e+01
4.435017395019531250e+01
4.435910415649414062e+01
4.436803436279296875e+01
4.437696838378906250e+01
4.438590240478515625e+01
4.439483642578125000e+01
4.440377426147460938e+01
4.441271209716796875e+01
4.442165374755859375e+01
4.443059539794921875e+01
4.443954086303710938e+01
4.444848251342773438e+01
4.445743179321289062e+01
4.446638107299804688e+01
4.447533035278320312e+01
4.448427963256835938e+01
4.449323272705078125e+01
4.450218963623046875e+01
4.451114654541015625e+01
4.452010345458984375e+01
4.452906417846679688e+01
4.453802490234375000e+01
4.454698944091796875e+01
4.455595397949218750e+01
4.456491851806640625e+01
4.457388687133789062e+01
4.458285903930664062e+01
4.459182739257812500e+01
4.460080337524414062e+01
4.460977554321289062e+01
4.461875152587890625e+01
4.462773132324218750e+01
4.463671112060546875e+01
4.465467453002929688e+01
4.465467453002929688e+01
4.466366195678710938e+01
4.466366195678710938e+01
4.466366195678710938e+01
4.469062423706054688e+01
4.469062423706054688e+01
4.470861053466796875e+01
4.472660064697265625e+01
4.472660064697265625e+01
4.473559951782226562e+01
4.473559951782226562e+01
4.475360107421875000e+01
4.476260757446289062e+01
4.477161026000976562e+01
4.478061676025390625e+01
4.478061676025390625e+01
4.479863739013671875e+01
4.480765151977539062e+01
4.481666564941406250e+01
4.482567977905273438e+01
4.483469772338867188e+01
4.484371566772460938e+01
4.485273742675781250e+01
4.486176300048828125e+01
4.487078475952148438e+01
4.487981414794921875e+01
4.488883972167968750e+01
4.489786911010742188e+01
4.490690231323242188e+01
4.491593551635742188e+01
4.492497253417968750e+01
4.493400955200195312e+01
4.494304656982421875e+01
4.495208740234375000e+01
4.496113204956054688e+01
4.497017669677734375e+01
4.497922134399414062e+01
4.498826980590820312e+01
4.499731826782226562e+01
4.500637054443359375e+01
4.501542282104492188e+01
4.502447891235351562e+01
4.503353881835937500e+01
4.504259490966796875e+01
4.505165863037109375e+01
4.506071853637695312e+01
4.506978225708007812e+01
4.507884979248046875e+01
4.509698867797851562e+01
4.509698867797851562e+01
4.510606002807617188e+01
4.511513519287109375e+01
4.512421035766601562e+01
4.513328933715820312e+01
4.514236831665039062e+01
4.515144729614257812e+01
4.516053009033203125e+01
4.516961669921875000e+01
4.517870330810546875e+01
4.518779373168945312e+01
4.519688415527343750e+01
4.521506881713867188e+01
4.521506881713867188e+01
4.522416687011718750e+01
4.523326492309570312e+01
4.524236679077148438e+01
4.525146865844726562e+01
4.526967620849609375e+01
4.526967620849609375e+01
4.527878570556640625e+01
4.529700851440429688e+01
4.530612182617187500e+01
4.531523895263671875e+01
4.531523895263671875e+01
4.532435607910156250e+01
4.533347320556640625e+01
4.534259414672851562e+01
4.535171890258789062e+01
4.535171890258789062e+01
4.535171890258789062e+01
4.535171890258789062e+01
4.535171890258789062e+01
4.535171890258789062e+01
4.535171890258789062e+01
4.535171890258789062e+01
4.535171890258789062e+01
4.535171890258789062e+01
4.729348754882812500e+01
4.730183792114257812e+01
4.731019210815429688e+01
4.731854629516601562e+01
4.732690048217773438e+01
4.733525466918945312e+01
4.734360885620117188e+01
4.735196304321289062e+01
4.736031723022460938e+01
4.736866760253906250e+01
4.737702178955078125e+01
4.738537597656250000e+01
4.739373016357421875e+01
4.740208053588867188e+01
4.741043472290039062e+01
4.741878509521484375e+01
4.742713928222656250e+01
4.743548965454101562e+01
4.744384384155273438e+01
4.745219421386718750e+01
4.746054840087890625e+01
4.746889877319335938e+01
4.747724914550781250e+01
4.748559951782226562e+01
4.749394989013671875e+01
4.750230026245117188e+01
4.751065063476562500e+01
4.751900100708007812e+01
4.752735137939453125e+01
4.753569793701171875e+01
4.754404830932617188e+01
4.755239868164062500e+01
4.756074523925781250e+01
4.756909179687500000e+01
4.757744216918945312e+01
4.758578872680664062e+01
4.759413528442382812e+01
4.760248184204101562e+01
4.761082458496093750e+01
4.761917114257812500e+01
4.762751770019531250e+01
4.763586044311523438e+01
4.764420700073242188e+01
4.765254974365234375e+01
4.766089248657226562e+01
4.766923522949218750e+01
4.767757797241210938e+01
4.768592071533203125e+01
4.769425964355468750e+01
4.770260238647460938e+01
4.771094131469726562e+01
4.771928024291992188e+01
4.772761917114257812e+01
4.773595809936523438e+01
4.774429702758789062e+01
4.775263214111328125e+01
4.776097106933593750e+01
4.776930618286132812e+01
4.777764129638671875e+01
4.778597640991210938e+01
4.779431152343750000e+01
4.780264282226562500e+01
4.781097793579101562e+01
4.781930923461914062e+01
4.782764053344726562e+01
4.783597183227539062e+01
4.784429931640625000e+01
4.785263061523437500e+01
4.786095809936523438e+01
4.786928558349609375e+01
4.787761306762695312e+01
4.788594055175781250e+01
4.789426422119140625e+01
4.790258789062500000e+01
4.791091537475585938e+01
4.791923522949218750e+01
4.792755889892578125e+01
4.793587875366210938e+01
4.794420242309570312e+01
4.795252227783203125e+01
4.796083831787109375e+01
4.796915817260742188e+01
4.797747421264648438e+01
4.798579025268554688e+01
4.799410629272460938e+01
4.800242233276367188e+01
4.801073455810546875e+01
4.801904678344726562e+01
4.802735900878906250e+01
4.803566741943359375e+01
4.804397964477539062e+01
4.805228805541992188e+01
4.806059646606445312e+01
4.806890106201171875e+01
4.807720565795898438e+01
4.808551025390625000e+01
4.809381484985351562e+01
4.810211944580078125e+01
4.811042022705078125e+01
4.811872100830078125e+01
4.812701797485351562e+01
4.813531875610351562e+01
4.814361572265625000e+01
4.815190887451171875e+01
4.816020584106445312e+01
4.816020584106445312e+01
4.817679214477539062e+01
4.818508529663085938e+01
4.819337463378906250e+01
4.820166397094726562e+01
4.820994949340820312e+01
4.821823883056640625e+01
4.822652435302734375e+01
4.823480606079101562e+01
4.824309158325195312e+01
4.825137329101562500e+01
4.825965118408203125e+01
4.826793289184570312e+01
4.827621078491210938e+01
4.828448867797851562e+01
4.829276275634765625e+01
4.830103683471679688e+01
4.830931091308593750e+01
4.831758117675781250e+01
4.832585144042968750e+01
4.833412170410156250e+01
4.834238815307617188e+01
4.835065460205078125e+01
4.835891723632812500e+01
4.836718368530273438e+01
4.837544250488281250e+01
4.838370513916015625e+01
4.839196395874023438e+01
4.840022277832031250e+01
4.840847778320312500e+01
4.841673278808593750e+01
4.842498397827148438e+01
4.843323516845703125e+01
4.844148635864257812e+01
4.844973754882812500e+01
4.845798492431640625e+01
4.846622848510742188e+01
4.847447204589843750e+01
4.848271560668945312e+01
4.849095535278320312e+01
4.849919509887695312e+01
4.850743484497070312e+01
4.851567077636718750e+01
4.852390670776367188e+01
4.853213882446289062e+01
4.854037094116210938e+01
4.854859924316406250e+01
4.855682754516601562e+01
4.856505584716796875e+01
4.857328033447265625e+01
4.858150482177734375e+01
4.858972549438476562e+01
4.859794616699218750e+01
4.860616302490234375e+01
4.861437988281250000e+01
4.862259674072265625e+01
4.863080978393554688e+01
4.863901901245117188e+01
4.864722824096679688e+01
4.865543746948242188e+01
4.866364288330078125e+01
4.867184829711914062e+01
4.868004989624023438e+01
4.868825149536132812e+01
4.869644927978515625e+01
4.870464706420898438e+01
4.871284103393554688e+01
4.872103500366210938e+01
4.872922515869140625e+01
4.873741531372070312e+01
4.874560165405273438e+01
4.875378799438476562e+01
4.876197052001953125e+01
4.877015304565429688e+01
4.877833175659179688e+01
4.878651046752929688e+01
4.879468917846679688e+01
4.880286026000976562e+01
4.881103515625000000e+01
4.881920242309570312e+01
4.882736968994140625e+01
4.883553695678710938e+01
4.884370040893554688e+01
4.885186386108398438e+01
4.886002349853515625e+01
4.886818313598632812e+01
4.887633895874023438e+01
4.888449096679687500e+01
4.889264297485351562e+01
4.890079116821289062e+01
4.890893936157226562e+01
4.891708374023437500e+01
4.892522811889648438e+01
4.893336868286132812e+01
4.894150924682617188e+01
4.894964599609375000e+01
4.895777893066406250e+01
4.896591186523437500e+01
4.897404479980468750e+01
4.898217010498046875e+01
4.899029541015625000e+01
4.899842071533203125e+01
4.900654220581054688e+01
4.901465988159179688e+01
4.902277755737304688e+01
4.903089141845703125e+01
4.903900527954101562e+01
4.904711532592773438e+01
4.905522155761718750e+01
4.906332778930664062e+01
4.907143020629882812e+01
4.907953262329101562e+01
4.908763122558593750e+01
4.909572601318359375e+01
4.910382080078125000e+01
4.911191177368164062e+01
4.911999893188476562e+01
4.912808609008789062e+01
4.913617324829101562e+01
4.914425277709960938e+01
4.915233230590820312e+01
4.916040802001953125e+01
4.916848373413085938e+01
4.917655563354492188e+01
4.918462371826171875e+01
4.919269180297851562e+01
4.920075607299804688e+01
4.920882034301757812e+01
4.921687698364257812e+01
4.922493743896484375e+01
4.923299026489257812e+01
4.924104309082031250e+01
4.924909210205078125e+01
4.925713729858398438e+01
4.926518249511718750e+01
4.927322387695312500e+01
4.928126525878906250e+01
4.928929901123046875e+01
4.929733657836914062e+01
4.930536651611328125e+01
4.931339645385742188e+01
4.932142257690429688e+01
4.932944488525390625e+01
4.933746719360351562e+01
4.934548568725585938e+01
4.935350036621093750e+01
4.936151123046875000e+01
4.936952209472656250e+01
4.937752914428710938e+01
4.938553619384765625e+01
4.939353942871093750e+01
4.940153884887695312e+01
4.940953445434570312e+01
4.941753005981445312e+01
4.942552185058593750e+01
4.943350982666015625e+01
4.944149398803710938e+01
4.944947814941406250e+01
4.945745849609375000e+01
4.946543502807617188e+01
4.947341156005859375e+01
4.948138046264648438e+01
4.948935317993164062e+01
4.949731826782226562e+01
4.950527954101562500e+01
4.951324081420898438e+01
4.952119827270507812e+01
4.952915573120117188e+01
4.953710556030273438e+01
4.954505538940429688e+01
4.955300140380859375e+01
4.956094360351562500e+01
4.956888580322265625e+01
4.957682418823242188e+01
4.958475875854492188e+01
4.959268951416015625e+01
4.960062026977539062e+01
4.960854339599609375e+01
4.961646652221679688e+01
4.962438583374023438e+01
4.963230514526367188e+01
4.964021682739257812e+01
4.964812850952148438e+01
4.965603637695312500e+01
4.966394042968750000e+01
4.967184448242187500e+01
4.967974090576171875e+01
4.968763732910156250e+01
4.969552993774414062e+01
4.970342254638671875e+01
4.971130752563476562e+01
4.971919250488281250e+01
4.972707366943359375e+01
4.973495101928710938e+01
4.974282455444335938e+01
4.975069427490234375e+01
4.975856399536132812e+01
4.976642608642578125e+01
4.977428817749023438e+01
4.978214645385742188e+01
4.979000473022460938e+01
4.979785537719726562e+01
4.980570602416992188e+01
4.981354904174804688e+01
4.982139205932617188e+01
4.982923126220703125e+01
4.983707046508789062e+01
4.984490203857421875e+01
4.985273361206054688e+01
4.986055755615234375e+01
4.986838150024414062e+01
4.987620162963867188e+01
4.987620162963867188e+01
4.989183425903320312e+01
4.989964294433593750e+01
4.990745162963867188e+01
4.991525268554687500e+01
4.992305374145507812e+01
4.994643402099609375e+01
4.994643402099609375e+01
4.994643402099609375e+01
4.995422363281250000e+01
4.996200561523437500e+01
4.996978378295898438e+01
4.997756195068359375e+01
4.998533630371093750e+01
5.000087356567382812e+01
5.000087356567382812e+01
5.000863647460937500e+01
5.001639556884765625e+01
5.002415084838867188e+01
5.003190612792968750e+01
5.003965377807617188e+01
5.004740142822265625e+01
5.005514144897460938e+01
5.006288146972656250e+01
5.007835006713867188e+01
5.007835006713867188e+01
5.008607864379882812e+01
5.009380340576171875e+01
5.010152435302734375e+01
5.010924148559570312e+01
5.011695861816406250e+01
5.012466812133789062e+01
5.013237380981445312e+01
5.014007949829101562e+01
5.014777755737304688e+01
5.015547561645507812e+01
5.016316986083984375e+01
5.017085647583007812e+01
5.017854309082031250e+01
5.018622589111328125e+01
5.019390487670898438e+01
5.020158004760742188e+01
5.020925140380859375e+01
5.021691513061523438e+01
5.022457885742187500e+01
5.023989868164062500e+01
5.023989868164062500e+01
5.024755096435546875e+01
5.025519943237304688e+01
5.026284408569335938e+01
5.027048492431640625e+01
5.028575897216796875e+01
5.028575897216796875e+01
5.030101394653320312e+01
5.030101394653320312e+01
5.030863571166992188e+01
5.031625747680664062e+01
5.032387161254882812e+01
5.033148193359375000e+01
5.033908843994140625e+01
5.034669494628906250e+01
5.035429382324218750e+01
5.036948013305664062e+01
5.036948013305664062e+01
5.038465499877929688e+01
5.038465499877929688e+01
5.039223480224609375e+01
5.039981079101562500e+01
5.040738296508789062e+01
5.041495513916015625e+01
5.042251968383789062e+01
5.043008041381835938e+01
5.043763732910156250e+01
5.044519042968750000e+01
5.045273971557617188e+01
5.046028518676757812e+01
5.046782684326171875e+01
5.047536468505859375e+01
5.048289489746093750e+01
5.049042510986328125e+01
5.049795150756835938e+01
5.050547409057617188e+01
5.051298904418945312e+01
5.052050399780273438e+01
5.052801132202148438e+01
5.053551864624023438e+01
5.054301834106445312e+01
5.055051422119140625e+01
5.055801010131835938e+01
5.056549835205078125e+01
5.057298278808593750e+01
5.058046340942382812e+01
5.058794021606445312e+01
5.059541320800781250e+01
5.060287857055664062e+01
5.061034393310546875e+01
5.061780548095703125e+01
5.062525939941406250e+01
5.063271331787109375e+01
5.064015960693359375e+01
5.064760208129882812e+01
5.065504074096679688e+01
5.066247558593750000e+01
5.066990661621093750e+01
5.067733383178710938e+01
5.068475723266601562e+01
5.069217300415039062e+01
5.069958877563476562e+01
5.070699691772460938e+01
5.071440124511718750e+01
5.072180175781250000e+01
5.072919845581054688e+01
5.073659133911132812e+01
5.074398040771484375e+01
5.075136184692382812e+01
5.075874328613281250e+01
5.076611709594726562e+01
5.077348709106445312e+01
5.078085327148437500e+01
5.078821563720703125e+01
5.079557418823242188e+01
5.080292510986328125e+01
5.081027603149414062e+01
5.081761932373046875e+01
5.082495880126953125e+01
5.083229446411132812e+01
5.083962631225585938e+01
5.084695434570312500e+01
5.085427474975585938e+01
5.086159133911132812e+01
5.086890792846679688e+01
5.087621688842773438e+01
5.088352203369140625e+01
5.089081954956054688e+01
5.089811706542968750e+01
5.090541076660156250e+01
5.091269683837890625e+01
5.091998291015625000e+01
5.092726135253906250e+01
5.093453598022460938e+01
5.094180679321289062e+01
5.094907760620117188e+01
5.095634078979492188e+01
5.096360015869140625e+01
5.097085571289062500e+01
5.097810745239257812e+01
5.098535919189453125e+01
5.099260330200195312e+01
5.099984359741210938e+01
5.100708389282226562e+01
5.101431655883789062e+01
5.102154541015625000e+01
5.102877426147460938e+01
5.103599929809570312e+01
5.104321670532226562e+01
5.105043411254882812e+01
5.105764770507812500e+01
5.106485748291015625e+01
5.107206726074218750e+01
5.107926940917968750e+01
5.108647155761718750e+01
5.109366989135742188e+01
5.110086441040039062e+01
5.110805511474609375e+01
5.111524200439453125e+01
5.112242889404296875e+01
5.112961196899414062e+01
5.113679122924804688e+01
5.114396667480468750e+01
5.115114212036132812e+01
5.115831375122070312e+01
5.116548156738281250e+01
5.117264556884765625e+01
5.117980957031250000e+01
5.118696975708007812e+01
5.119412994384765625e+01
5.120128250122070312e+01
5.120843887329101562e+01
5.121558761596679688e+01
5.122273635864257812e+01
5.122988128662109375e+01
5.123702621459960938e+01
5.124416732788085938e+01
5.125130462646484375e+01
5.125844192504882812e+01
5.126557540893554688e+01
5.127270889282226562e+01
5.127983856201171875e+01
5.128696823120117188e+01
5.129409408569335938e+01
5.130121994018554688e+01
5.130834197998046875e+01
5.131546020507812500e+01
5.132257843017578125e+01
5.132969665527343750e+01
5.133681106567382812e+01
5.134392547607421875e+01
5.135103607177734375e+01
5.135814666748046875e+01
5.136525726318359375e+01
5.137236404418945312e+01
5.137946701049804688e+01
5.138657379150390625e+01
5.139367675781250000e+01
5.140077590942382812e+01
5.140787506103515625e+01
5.141497421264648438e+01
5.142207336425781250e+01
5.142916870117187500e+01
5.143626403808593750e+01
5.144335556030273438e+01
5.145045089721679688e+01
5.145754241943359375e+01
5.146463012695312500e+01
5.147172164916992188e+01
5.147880935668945312e+01
5.148589706420898438e+01
5.149298477172851562e+01
5.150006866455078125e+01
5.150715637207031250e+01
5.151424026489257812e+01
5.152132415771484375e+01
5.152840805053710938e+01
5.153548812866210938e+01
5.154257202148437500e+01
5.154965209960937500e+01
5.155673217773437500e+01
5.156381225585937500e+01
5.157089233398437500e+01
5.157797241210937500e+01
5.158505249023437500e+01
5.159212875366210938e+01
5.159920883178710938e+01
5.160628890991210938e+01
5.161336517333984375e+01
5.162044525146484375e+01
5.162752151489257812e+01
5.163460159301757812e+01
5.164167785644531250e+01
5.164875411987304688e+01
5.165583419799804688e+01
5.166291046142578125e+01
5.166999053955078125e+01
5.167706680297851562e+01
5.168414688110351562e+01
5.169122695922851562e+01
5.169830703735351562e+01
5.170538330078125000e+01
5.171246337890625000e+01
5.171954345703125000e+01
5.172662734985351562e+01
5.173370742797851562e+01
5.174079132080078125e+01
5.174787139892578125e+01
5.175495529174804688e+01
5.176203918457031250e+01
5.176912307739257812e+01
5.177620697021484375e+01
5.178329467773437500e+01
5.179038238525390625e+01
5.179747009277343750e+01
5.180455780029296875e+01
5.181164932250976562e+01
5.181873703002929688e+01
5.182582855224609375e+01
5.183292388916015625e+01
5.184001541137695312e+01
5.184711074829101562e+01
5.185420608520507812e+01
5.186130523681640625e+01
5.186840438842773438e+01
5.187550354003906250e+01
5.188260650634765625e+01
5.188970947265625000e+01
5.189681243896484375e+01
5.190391921997070312e+01
5.191102600097656250e+01
5.191813278198242188e+01
5.192524337768554688e+01
5.193235778808593750e+01
5.193235778808593750e+01
5.194658660888671875e+01
5.195370101928710938e+01
5.196082305908203125e+01
5.196794128417968750e+01
5.197506332397460938e+01
5.198218917846679688e+01
5.198931503295898438e+01
5.199644470214843750e+01
5.200357437133789062e+01
5.201070785522460938e+01
5.201784133911132812e+01
5.202497863769531250e+01
5.203211975097656250e+01
5.203926086425781250e+01
5.204640197753906250e+01
5.205355072021484375e+01
5.206069946289062500e+01
5.206784820556640625e+01
5.207500076293945312e+01
5.208215713500976562e+01
5.208931732177734375e+01
5.209647750854492188e+01
5.210364151000976562e+01
5.211080551147460938e+01
5.211797714233398438e+01
5.212514877319335938e+01
5.213232040405273438e+01
5.213949966430664062e+01
5.214667892456054688e+01
5.215386199951171875e+01
5.216104888916015625e+01
5.216823577880859375e+01
5.217542648315429688e+01
5.218262100219726562e+01
5.218981933593750000e+01
5.219702148437500000e+01
5.220422744750976562e+01
5.221143341064453125e+01
5.221864318847656250e+01
5.222585678100585938e+01
5.223307418823242188e+01
5.224029541015625000e+01
5.224752044677734375e+01
5.225474929809570312e+01
5.226197814941406250e+01
5.226921463012695312e+01
5.227645111083984375e+01
5.228369522094726562e+01
5.229093933105468750e+01
5.229818725585937500e+01
5.230544281005859375e+01
5.231269836425781250e+01
5.231995773315429688e+01
5.232722473144531250e+01
5.233449172973632812e+01
5.234176254272460938e+01
5.234904098510742188e+01
5.235631942749023438e+01
5.236360549926757812e+01
5.237089157104492188e+01
5.237818527221679688e+01
5.238548278808593750e+01
5.239278411865234375e+01
5.240008926391601562e+01
5.240739822387695312e+01
5.241471099853515625e+01
5.242203140258789062e+01
5.242935180664062500e+01
5.243667984008789062e+01
5.244401168823242188e+01
5.245134735107421875e+01
5.245869064331054688e+01
5.246603393554687500e+01
5.247338485717773438e+01
5.248073959350585938e+01
5.248809814453125000e+01
5.249546051025390625e+01
5.250282669067382812e+01
5.251020050048828125e+01
5.251757812500000000e+01
5.252495956420898438e+01
5.253234481811523438e+01
5.253973388671875000e+01
5.254712677001953125e+01
5.255452728271484375e+01
5.256193161010742188e+01
5.256933593750000000e+01
5.257674789428710938e+01
5.258416366577148438e+01
5.259158706665039062e+01
5.259901046752929688e+01
5.260643768310546875e+01
5.261387252807617188e+01
5.262131118774414062e+01
5.262875366210937500e+01
5.263619995117187500e+01
5.264365005493164062e+01
5.265856170654296875e+01
5.265856170654296875e+01
5.266602706909179688e+01
5.267349243164062500e+01
5.268096542358398438e+01
5.268843841552734375e+01
5.269591903686523438e+01
5.270340347290039062e+01
5.271089172363281250e+01
5.271838378906250000e+01
5.272587966918945312e+01
5.273337936401367188e+01
5.274088287353515625e+01
5.274839401245117188e+01
5.275590515136718750e+01
5.276342391967773438e+01
5.277094268798828125e+01
5.277846908569335938e+01
5.278599548339843750e+01
5.279352951049804688e+01
5.280106735229492188e+01
5.280860519409179688e+01
5.281615066528320312e+01
5.282369995117187500e+01
5.283125305175781250e+01
5.283880996704101562e+01
5.284637069702148438e+01
5.285393524169921875e+01
5.286150360107421875e+01
5.286907577514648438e+01
5.287665176391601562e+01
5.288423156738281250e+01
5.289181518554687500e+01
5.289940261840820312e+01
5.290699386596679688e+01
5.291458892822265625e+01
5.292218780517578125e+01
5.292979049682617188e+01
5.292979049682617188e+01
5.294500732421875000e+01
5.295262145996093750e+01
5.295262145996093750e+01
5.296786117553710938e+01
5.297548675537109375e+01
5.298311233520507812e+01
5.298311233520507812e+01
5.299838256835937500e+01
5.300602340698242188e+01
5.301366806030273438e+01
5.302131271362304688e+01
5.302896499633789062e+01
5.302896499633789062e+01
5.302896499633789062e+01
5.305194091796875000e+01
5.305960464477539062e+01
5.305960464477539062e+01
5.307494735717773438e+01
5.308262252807617188e+01
5.308262252807617188e+01
5.309798431396484375e+01
5.310567092895507812e+01
5.311336135864257812e+01
5.311336135864257812e+01
5.312875366210937500e+01
5.313645553588867188e+01
5.313645553588867188e+01
5.315186691284179688e+01
5.315957641601562500e+01
5.316728973388671875e+01
5.317500686645507812e+01
5.318273162841796875e+01
5.319045257568359375e+01
5.319818115234375000e+01
5.320591354370117188e+01
5.321364974975585938e+01
5.322138595581054688e+01
5.322912597656250000e+01
5.323687362670898438e+01
5.323687362670898438e+01
5.323687362670898438e+01
5.323687362670898438e+01
5.323687362670898438e+01
5.323687362670898438e+01
5.323687362670898438e+01
5.323687362670898438e+01
5.323687362670898438e+01
5.496335220336914062e+01
5.497109222412109375e+01
5.497109222412109375e+01
5.498656845092773438e+01
5.499430847167968750e+01
5.500204467773437500e+01
5.500204467773437500e+01
5.501752090454101562e+01
5.502526092529296875e+01
5.503299713134765625e+01
5.504073715209960938e+01
5.504847335815429688e+01
5.505621337890625000e+01
5.506394958496093750e+01
5.507168960571289062e+01
5.507942581176757812e+01
5.508716583251953125e+01
5.509490585327148438e+01
5.510264205932617188e+01
5.511038208007812500e+01
5.511811828613281250e+01
5.512585830688476562e+01
5.513359451293945312e+01
5.514133453369140625e+01
5.514907073974609375e+01
5.515681076049804688e+01
5.516454696655273438e+01
5.517228698730468750e+01
5.518002319335937500e+01
5.518776321411132812e+01
5.519549942016601562e+01
5.520323944091796875e+01
5.521097946166992188e+01
5.521871566772460938e+01
5.521871566772460938e+01
5.523419189453125000e+01
5.524193191528320312e+01
5.524193191528320312e+01
5.525740814208984375e+01
5.526514434814453125e+01
5.527288436889648438e+01
5.528062057495117188e+01
5.528836059570312500e+01
5.529609680175781250e+01
5.530383682250976562e+01
5.531157302856445312e+01
5.531931304931640625e+01
5.532705307006835938e+01
5.533478927612304688e+01
5.534252929687500000e+01
5.535026550292968750e+01
5.535026550292968750e+01
5.536574172973632812e+01
5.537348175048828125e+01
5.538121795654296875e+01
5.538895797729492188e+01
5.539669418334960938e+01
5.540443420410156250e+01
5.541217041015625000e+01
5.541991043090820312e+01
5.542764663696289062e+01
5.543538665771484375e+01
5.543538665771484375e+01
5.545086288452148438e+01
5.545860290527343750e+01
5.545860290527343750e+01
5.547407913208007812e+01
5.547407913208007812e+01
5.548955535888671875e+01
5.549729156494140625e+01
5.550503158569335938e+01
5.551276779174804688e+01
5.552050781250000000e+01
5.552050781250000000e+01
5.553598403930664062e+01
5.554372024536132812e+01
5.555146026611328125e+01
5.555919647216796875e+01
5.556693649291992188e+01
5.557467651367187500e+01
5.558241271972656250e+01
5.559015274047851562e+01
5.559788894653320312e+01
5.560562896728515625e+01
5.561336517333984375e+01
5.562110519409179688e+01
5.562884140014648438e+01
5.563658142089843750e+01
5.564431762695312500e+01
5.565205764770507812e+01
5.565979385375976562e+01
5.566753387451171875e+01
5.567527008056640625e+01
5.568301010131835938e+01
5.568301010131835938e+01
5.569848632812500000e+01
5.570622253417968750e+01
5.570622253417968750e+01
5.572170257568359375e+01
5.572943878173828125e+01
5.572943878173828125e+01
5.573717880249023438e+01
5.575265502929687500e+01
5.576039123535156250e+01
5.576813125610351562e+01
5.577586746215820312e+01
5.578360748291015625e+01
5.579134368896484375e+01
5.579908370971679688e+01
5.580681991577148438e+01
5.581455993652343750e+01
5.582229614257812500e+01
5.583003616333007812e+01
5.583777236938476562e+01
5.584551239013671875e+01
5.585324859619140625e+01
5.586098861694335938e+01
5.586872863769531250e+01
5.587646484375000000e+01
5.588420486450195312e+01
5.589194107055664062e+01
5.589968109130859375e+01
5.590741729736328125e+01
5.590741729736328125e+01
5.591515731811523438e+01
5.593063354492187500e+01
5.593836975097656250e+01
5.594610977172851562e+01
5.595384597778320312e+01
5.596158599853515625e+01
5.596932220458984375e+01
5.597706222534179688e+01
5.598479843139648438e+01
5.599253845214843750e+01
5.600027465820312500e+01
5.600801467895507812e+01
5.601575088500976562e+01
5.602349090576171875e+01
5.603123092651367188e+01
5.603896713256835938e+01
5.604670715332031250e+01
5.605444335937500000e+01
5.606218338012695312e+01
5.606991958618164062e+01
5.607765960693359375e+01
5.608539581298828125e+01
5.609313583374023438e+01
5.609313583374023438e+01
5.610861206054687500e+01
5.611634826660156250e+01
5.612408828735351562e+01
5.613182449340820312e+01
5.613182449340820312e+01
5.614730072021484375e+01
5.615504074096679688e+01
5.616277694702148438e+01
5.617051696777343750e+01
5.617825317382812500e+01
5.618599319458007812e+01
5.618599319458007812e+01
5.620146942138671875e+01
5.620146942138671875e+01
5.621694564819335938e+01
5.621694564819335938e+01
5.623242187500000000e+01
5.624015808105468750e+01
5.624015808105468750e+01
5.625563812255859375e+01
5.626337432861328125e+01
5.627111434936523438e+01
5.627111434936523438e+01
5.628659057617187500e+01
5.629432678222656250e+01
5.630206680297851562e+01
5.630980300903320312e+01
5.631754302978515625e+01
5.632527923583984375e+01
5.633301925659179688e+01
5.633301925659179688e+01
5.634075546264648438e+01
5.634849548339843750e+01
5.636397171020507812e+01
5.637170791625976562e+01
5.637944793701171875e+01
5.638718414306640625e+01
5.639492416381835938e+01
5.639492416381835938e+01
5.641040039062500000e+01
5.641813659667968750e+01
5.642587661743164062e+01
5.643361282348632812e+01
5.644135284423828125e+01
5.644908905029296875e+01
5.645682907104492188e+01
5.646456527709960938e+01
5.647230529785156250e+01
5.648004150390625000e+01
5.648778152465820312e+01
5.649551773071289062e+01
5.650325775146484375e+01
5.651099395751953125e+01
5.651873397827148438e+01
5.652647018432617188e+01
5.653421020507812500e+01
5.654194641113281250e+01
5.654968643188476562e+01
5.655742263793945312e+01
5.655742263793945312e+01
5.657289886474609375e+01
5.658063888549804688e+01
5.658837509155273438e+01
5.659611511230468750e+01
5.660385131835937500e+01
5.661159133911132812e+01
5.661932754516601562e+01
5.662706756591796875e+01
5.663480377197265625e+01
5.664254379272460938e+01
5.665027999877929688e+01
5.665802001953125000e+01
5.666575622558593750e+01
5.667349624633789062e+01
5.668123245239257812e+01
5.668897247314453125e+01
5.669670867919921875e+01
5.670444869995117188e+01
5.670444869995117188e+01
5.671992492675781250e+01
5.672766113281250000e+01
5.673540115356445312e+01
5.674313735961914062e+01
5.675087738037109375e+01
5.675861358642578125e+01
5.676635360717773438e+01
5.677408981323242188e+01
5.678182983398437500e+01
5.678956604003906250e+01
5.679730606079101562e+01
5.680504226684570312e+01
5.680504226684570312e+01
5.682051849365234375e+01
5.682825851440429688e+01
5.683599472045898438e+01
5.684373474121093750e+01
5.685147094726562500e+01
5.685921096801757812e+01
5.686694717407226562e+01
5.686694717407226562e+01
5.688242340087890625e+01
5.689016342163085938e+01
5.689789962768554688e+01
5.690563964843750000e+01
5.691337585449218750e+01
5.692111587524414062e+01
5.692885208129882812e+01
5.693659210205078125e+01
5.694432830810546875e+01
5.695206832885742188e+01
5.695980453491210938e+01
5.695980453491210938e+01
5.697528076171875000e+01
5.697528076171875000e+01
5.699075698852539062e+01
5.699849700927734375e+01
5.700623321533203125e+01
5.701397323608398438e+01
5.702170944213867188e+01
5.702944946289062500e+01
5.703718566894531250e+01
5.704492568969726562e+01
5.705266189575195312e+01
5.706040191650390625e+01
5.706040191650390625e+01
5.707587814331054688e+01
5.708361434936523438e+01
5.709135437011718750e+01
5.709135437011718750e+01
5.710683059692382812e+01
5.711456680297851562e+01
5.712230682373046875e+01
5.713004302978515625e+01
5.713778305053710938e+01
5.714551925659179688e+01
5.715325546264648438e+01
5.716099548339843750e+01
5.716873168945312500e+01
5.717647171020507812e+01
5.717647171020507812e+01
5.719194793701171875e+01
5.719194793701171875e+01
5.720742416381835938e+01
5.721516036987304688e+01
5.722290039062500000e+01
5.723063659667968750e+01
5.723837661743164062e+01
5.724611282348632812e+01
5.725385284423828125e+01
5.726158905029296875e+01
5.726932907104492188e+01
5.727706527709960938e+01
5.728480529785156250e+01
5.729254150390625000e+01
5.730028152465820312e+01
5.730801773071289062e+01
5.731575775146484375e+01
5.732349395751953125e+01
5.733123397827148438e+01
5.733897018432617188e+01
5.734671020507812500e+01
5.735444641113281250e+01
5.736218643188476562e+01
5.736218643188476562e+01
5.736992263793945312e+01
5.738539886474609375e+01
5.739313888549804688e+01
5.739313888549804688e+01
5.740087509155273438e+01
5.741635131835937500e+01
5.742409133911132812e+01
5.743182754516601562e+01
5.743956756591796875e+01
5.744730377197265625e+01
5.745504379272460938e+01
5.746277999877929688e+01
5.747052001953125000e+01
5.747052001953125000e+01
5.748599624633789062e+01
5.748599624633789062e+01
5.750147247314453125e+01
5.750920867919921875e+01
5.750920867919921875e+01
5.752468490600585938e+01
5.753242492675781250e+01
5.753242492675781250e+01
5.754790115356445312e+01
5.755563735961914062e+01
5.756337738037109375e+01
5.757111358642578125e+01
5.757111358642578125e+01
5.758658981323242188e+01
5.758658981323242188e+01
5.759432983398437500e+01
5.760980606079101562e+01
5.760980606079101562e+01
5.762528228759765625e+01
5.763302230834960938e+01
5.764075851440429688e+01
5.764849853515625000e+01
5.766397476196289062e+01
5.767945098876953125e+01
5.768718719482421875e+01
5.768718719482421875e+01
5.769492721557617188e+01
5.769492721557617188e+01
5.770266342163085938e+01
5.771040344238281250e+01
5.771040344238281250e+01
5.771813964843750000e+01
5.772587966918945312e+01
5.773361587524414062e+01
5.774909210205078125e+01
5.775683212280273438e+01
5.776456832885742188e+01
5.777230834960937500e+01
5.778004455566406250e+01
5.778778457641601562e+01
5.779552078247070312e+01
5.780326080322265625e+01
5.781100082397460938e+01
5.781873703002929688e+01
5.782647705078125000e+01
5.783421325683593750e+01
5.784195327758789062e+01
5.784968948364257812e+01
5.785742950439453125e+01
5.786516571044921875e+01
5.787290573120117188e+01
5.788064193725585938e+01
5.788064193725585938e+01
5.789611816406250000e+01
5.789611816406250000e+01
5.791159439086914062e+01
5.791159439086914062e+01
5.791933441162109375e+01
5.793481063842773438e+01
5.793481063842773438e+01
5.794255065917968750e+01
5.795802688598632812e+01
5.795802688598632812e+01
5.796576309204101562e+01
5.797350311279296875e+01
5.798123931884765625e+01
5.798897933959960938e+01
5.799671554565429688e+01
5.800445556640625000e+01
5.801219558715820312e+01
5.801993179321289062e+01
5.802767181396484375e+01
5.804314804077148438e+01
5.804314804077148438e+01
5.805088424682617188e+01
5.805862426757812500e+01
5.806636047363281250e+01
5.808183670043945312e+01
5.808183670043945312e+01
5.809731674194335938e+01
5.809731674194335938e+01
5.810505294799804688e+01
5.812052917480468750e+01
5.812052917480468750e+01
5.813600540161132812e+01
5.813600540161132812e+01
5.815148544311523438e+01
5.815148544311523438e+01
5.816696166992187500e+01
5.816696166992187500e+01
5.818243789672851562e+01
5.819017410278320312e+01
5.819017410278320312e+01
5.819791412353515625e+01
5.820565414428710938e+01
5.821339035034179688e+01
5.821339035034179688e+01
5.823660659790039062e+01
5.823660659790039062e+01
5.824434280395507812e+01
5.825208282470703125e+01
5.825982284545898438e+01
5.826755905151367188e+01
5.827529907226562500e+01
5.828303527832031250e+01
5.829077529907226562e+01
5.830625152587890625e+01
5.830625152587890625e+01
5.831399154663085938e+01
5.832172775268554688e+01
5.832946777343750000e+01
5.833720397949218750e+01
5.834494400024414062e+01
5.835268402099609375e+01
5.836042022705078125e+01
5.837589645385742188e+01
5.838363647460937500e+01
5.839137649536132812e+01
5.839911270141601562e+01
5.840685272216796875e+01
5.841458892822265625e+01
5.841458892822265625e+01
5.843006896972656250e+01
5.843780517578125000e+01
5.844554519653320312e+01
5.845328140258789062e+01
5.845328140258789062e+01
5.846876144409179688e+01
5.847649765014648438e+01
5.848423767089843750e+01
5.849197769165039062e+01
5.849971389770507812e+01
5.850745391845703125e+01
5.851519012451171875e+01
5.852293014526367188e+01
5.853067016601562500e+01
5.853840637207031250e+01
5.854614639282226562e+01
5.855388259887695312e+01
5.856162261962890625e+01
5.856936264038085938e+01
5.857709884643554688e+01
5.858483886718750000e+01
5.859257888793945312e+01
5.860031509399414062e+01
5.860805511474609375e+01
5.861579132080078125e+01
5.862353134155273438e+01
5.863127136230468750e+01
5.863900756835937500e+01
5.864674758911132812e+01
5.865448760986328125e+01
5.866222381591796875e+01
5.866996383666992188e+01
5.867770004272460938e+01
5.868544006347656250e+01
5.869318008422851562e+01
5.870091629028320312e+01
5.870865631103515625e+01
5.871639633178710938e+01
5.872413253784179688e+01
5.873187255859375000e+01
5.873961257934570312e+01
5.874734878540039062e+01
5.875508880615234375e+01
5.876282501220703125e+01
5.877056503295898438e+01
5.877056503295898438e+01
5.878604125976562500e+01
5.879378128051757812e+01
5.880152130126953125e+01
5.880925750732421875e+01
5.881699752807617188e+01
5.882473754882812500e+01
5.883247375488281250e+01
5.884021377563476562e+01
5.884794998168945312e+01
5.885569000244140625e+01
5.886343002319335938e+01
5.887116622924804688e+01
5.887890625000000000e+01
5.888664627075195312e+01
5.889438247680664062e+01
5.890212249755859375e+01
5.890985870361328125e+01
5.891759872436523438e+01
5.892533874511718750e+01
5.893307495117187500e+01
5.894081497192382812e+01
5.894855499267578125e+01
5.895629119873046875e+01
5.896403121948242188e+01
5.897176742553710938e+01
5.897950744628906250e+01
5.898724746704101562e+01
5.899498367309570312e+01
5.900272369384765625e+01
5.901046371459960938e+01
5.901046371459960938e+01
5.902593994140625000e+01
5.903367614746093750e+01
5.904141616821289062e+01
5.904141616821289062e+01
5.905689239501953125e+01
5.906463241577148438e+01
5.907237243652343750e+01
5.908010864257812500e+01
5.908784866333007812e+01
5.909558486938476562e+01
5.910332489013671875e+01
5.911106491088867188e+01
5.911880111694335938e+01
5.912654113769531250e+01
5.913427734375000000e+01
5.913427734375000000e+01
5.914975738525390625e+01
5.915749359130859375e+01
5.916523361206054688e+01
5.917296981811523438e+01
5.918070983886718750e+01
5.918844985961914062e+01
5.919618606567382812e+01
5.920392608642578125e+01
5.921166229248046875e+01
5.921940231323242188e+01
5.922714233398437500e+01
5.923487854003906250e+01
5.924261856079101562e+01
5.925035476684570312e+01
5.925809478759765625e+01
5.925809478759765625e+01
5.927357101440429688e+01
5.928131103515625000e+01
5.928904724121093750e+01
5.929678726196289062e+01
5.930452346801757812e+01
5.931226348876953125e+01
5.931999969482421875e+01
5.932773971557617188e+01
5.933547973632812500e+01
5.934321594238281250e+01
5.934321594238281250e+01
5.935869216918945312e+01
5.936643218994140625e+01
5.937416839599609375e+01
5.938190841674804688e+01
5.938964462280273438e+01
5.939738464355468750e+01
5.940512466430664062e+01
5.941286087036132812e+01
5.942060089111328125e+01
5.942833709716796875e+01
5.943607711791992188e+01
5.944381332397460938e+01
5.945155334472656250e+01
5.945928955078125000e+01
5.946702957153320312e+01
5.947476577758789062e+01
5.948250579833984375e+01
5.949024200439453125e+01
5.949798202514648438e+01
5.950571823120117188e+01
5.951345825195312500e+01
5.952119445800781250e+01
5.952893447875976562e+01
5.953667068481445312e+01
5.954441070556640625e+01
5.955214691162109375e+01
5.955988693237304688e+01
5.955988693237304688e+01
5.957536315917968750e+01
5.958309936523437500e+01
5.959083938598632812e+01
5.959857559204101562e+01
5.960631561279296875e+01
5.961405181884765625e+01
5.962179183959960938e+01
5.962952804565429688e+01
5.963726806640625000e+01
5.964500427246093750e+01
5.965274429321289062e+01
5.966048049926757812e+01
5.966822052001953125e+01
5.967595672607421875e+01
5.968369674682617188e+01
5.969143295288085938e+01
5.969916915893554688e+01
5.970690917968750000e+01
5.971464538574218750e+01
5.971464538574218750e+01
5.972238540649414062e+01
5.973786163330078125e+01
5.974559783935546875e+01
5.975333404541015625e+01
5.976107406616210938e+01
5.976881027221679688e+01
5.977655029296875000e+01
5.978428649902343750e+01
5.979202270507812500e+01
5.979976272583007812e+01
5.980749893188476562e+01
5.981523895263671875e+01
5.982297515869140625e+01
5.983071136474609375e+01
5.983845138549804688e+01
5.984618759155273438e+01
5.985392761230468750e+01
5.986166381835937500e+01
5.986940002441406250e+01
5.987714004516601562e+01
5.988487625122070312e+01
5.989261245727539062e+01
5.990035247802734375e+01
5.990808868408203125e+01
5.991582489013671875e+01
5.992356491088867188e+01
5.993130111694335938e+01
5.993903732299804688e+01
5.994677734375000000e+01
5.995451354980468750e+01
5.996224975585937500e+01
5.996998977661132812e+01
5.997772598266601562e+01
5.998546218872070312e+01
5.999320220947265625e+01
6.000093841552734375e+01
6.000867462158203125e+01
6.001641464233398438e+01
6.002415084838867188e+01
6.003188705444335938e+01
6.003962326049804688e+01
6.004736328125000000e+01
6.005509948730468750e+01
6.006283569335937500e+01
6.007057189941406250e+01
6.007831192016601562e+01
6.007831192016601562e+01
6.009378433227539062e+01
6.010152053833007812e+01
6.010926055908203125e+01
6.011699676513671875e+01
6.012473297119140625e+01
6.013246917724609375e+01
6.014020919799804688e+01
6.014794540405273438e+01
6.015568161010742188e+01
6.016341781616210938e+01
6.017115402221679688e+01
6.017889404296875000e+01
6.018663024902343750e+01
6.019436645507812500e+01
6.020210266113281250e+01
6.020983886718750000e+01
6.020983886718750000e+01
6.022531509399414062e+01
6.023305130004882812e+01
6.024078750610351562e+01
6.024852371215820312e+01
6.025625991821289062e+01
6.026399993896484375e+01
6.027173614501953125e+01
6.027947235107421875e+01
6.028720855712890625e+01
6.029494476318359375e+01
6.030268096923828125e+01
6.031041717529296875e+01
6.031815719604492188e+01
6.032589340209960938e+01
6.033362960815429688e+01
6.034136581420898438e+01
6.034910202026367188e+01
6.034910202026367188e+01
6.036457443237304688e+01
6.037231063842773438e+01
6.038005065917968750e+01
6.038778686523437500e+01
6.039552307128906250e+01
6.040325927734375000e+01
6.041099548339843750e+01
6.041873168945312500e+01
6.042646789550781250e+01
6.042646789550781250e+01
6.044194412231445312e+01
6.044968032836914062e+01
6.045741653442382812e+01
6.046515274047851562e+01
6.047288894653320312e+01
6.048062515258789062e+01
6.048836135864257812e+01
6.049609756469726562e+01
6.050383377075195312e+01
6.051157379150390625e+01
6.051930999755859375e+01
6.052704620361328125e+01
6.053478240966796875e+01
6.053478240966796875e+01
6.054251861572265625e+01
6.055025482177734375e+01
6.056572723388671875e+01
6.057346343994140625e+01
6.058120346069335938e+01
6.058893966674804688e+01
6.059667587280273438e+01
6.060441207885742188e+01
6.061214828491210938e+01
6.061988449096679688e+01
6.062762069702148438e+01
6.063535690307617188e+01
6.064309310913085938e+01
6.065083312988281250e+01
6.065856933593750000e+01
6.066630554199218750e+01
6.067404174804687500e+01
6.068177795410156250e+01
6.068951416015625000e+01
6.069725036621093750e+01
6.070499038696289062e+01
6.071272659301757812e+01
6.072046279907226562e+01
6.072819900512695312e+01
6.073593521118164062e+01
6.074367141723632812e+01
6.075140762329101562e+01
6.075914764404296875e+01
6.076688385009765625e+01
6.077462005615234375e+01
6.078235626220703125e+01
6.079009246826171875e+01
6.079783248901367188e+01
6.080556869506835938e+01
6.081330490112304688e+01
6.082104110717773438e+01
6.082877731323242188e+01
6.083651351928710938e+01
6.084425354003906250e+01
6.085198974609375000e+01
6.085972595214843750e+01
6.086746215820312500e+01
6.087520217895507812e+01
6.088293838500976562e+01
6.089067459106445312e+01
6.089841079711914062e+01
6.090614700317382812e+01
6.091388702392578125e+01
6.092162322998046875e+01
6.092935943603515625e+01
6.093709945678710938e+01
6.094483566284179688e+01
6.095257186889648438e+01
6.096030807495117188e+01
6.096030807495117188e+01
6.097578430175781250e+01
6.098352050781250000e+01
6.099126052856445312e+01
6.099899673461914062e+01
6.100673294067382812e+01
6.101447296142578125e+01
6.102220916748046875e+01
6.102220916748046875e+01
6.103768539428710938e+01
6.103768539428710938e+01
6.104542160034179688e+01
6.105315780639648438e+01
6.106863403320312500e+01
6.107637023925781250e+01
6.108411026000976562e+01
6.109184646606445312e+01
6.109958648681640625e+01
6.109958648681640625e+01
6.111505889892578125e+01
6.112279891967773438e+01
6.113053512573242188e+01
6.113827514648437500e+01
6.114601135253906250e+01
6.115375137329101562e+01
6.116148757934570312e+01
6.116922760009765625e+01
6.117696380615234375e+01
6.118470382690429688e+01
6.119244003295898438e+01
6.120018005371093750e+01
6.120791625976562500e+01
6.121565628051757812e+01
6.122339248657226562e+01
6.123113250732421875e+01
6.123886871337890625e+01
6.124660873413085938e+01
6.124660873413085938e+01
6.125434494018554688e+01
6.126982498168945312e+01
6.126982498168945312e+01
6.128530120849609375e+01
6.129303741455078125e+01
6.130077743530273438e+01
6.130851745605468750e+01
6.131625366210937500e+01
6.132399368286132812e+01
6.133173370361328125e+01
6.133946990966796875e+01
6.134720993041992188e+01
6.135494995117187500e+01
6.136268997192382812e+01
6.136268997192382812e+01
6.137816619873046875e+01
6.138590621948242188e+01
6.139364624023437500e+01
6.140138244628906250e+01
6.140912246704101562e+01
6.141686248779296875e+01
6.142460250854492188e+01
6.143234252929687500e+01
6.144007873535156250e+01
6.144781875610351562e+01
6.145555877685546875e+01
6.146329879760742188e+01
6.147103881835937500e+01
6.147877883911132812e+01
6.148651885986328125e+01
6.149425888061523438e+01
6.150199890136718750e+01
6.150973510742187500e+01
6.151747512817382812e+01
6.152521514892578125e+01
6.153295516967773438e+01
6.154069519042968750e+01
6.154843521118164062e+01
6.155617523193359375e+01
6.156391906738281250e+01
6.157165908813476562e+01
6.157939910888671875e+01
6.158713912963867188e+01
6.159487915039062500e+01
6.160261917114257812e+01
6.161035919189453125e+01
6.161809921264648438e+01
6.162583923339843750e+01
6.163358306884765625e+01
6.164132308959960938e+01
6.164906311035156250e+01
6.165680313110351562e+01
6.166454315185546875e+01
6.167228698730468750e+01
6.168002700805664062e+01
6.168776702880859375e+01
6.169550704956054688e+01
6.170325088500976562e+01
6.171099090576171875e+01
6.171873092651367188e+01
6.172647476196289062e+01
6.173421478271484375e+01
6.174195480346679688e+01
6.174195480346679688e+01
6.175743865966796875e+01
6.176518249511718750e+01
6.177292251586914062e+01
6.178066635131835938e+01
6.178840637207031250e+01
6.178840637207031250e+01
6.180389022827148438e+01
6.181163406372070312e+01
6.181937408447265625e+01
6.182711791992187500e+01
6.183485794067382812e+01
6.184260177612304688e+01
6.185034561157226562e+01
6.185808563232421875e+01
6.186582946777343750e+01
6.187357330322265625e+01
6.188131332397460938e+01
6.188905715942382812e+01
6.189680099487304688e+01
6.190454101562500000e+01
6.191228485107421875e+01
6.192002868652343750e+01
6.192777252197265625e+01
6.193551254272460938e+01
6.194325637817382812e+01
6.195100021362304688e+01
6.195874404907226562e+01
6.196648788452148438e+01
6.197423171997070312e+01
6.198197174072265625e+01
6.198971557617187500e+01
6.199745941162109375e+01
6.200520324707031250e+01
6.201294708251953125e+01
6.202069091796875000e+01
6.202843475341796875e+01
6.203617858886718750e+01
6.204392242431640625e+01
6.205166625976562500e+01
6.205941009521484375e+01
6.206715393066406250e+01
6.207489776611328125e+01
6.208264160156250000e+01
6.209038543701171875e+01
6.209812927246093750e+01
6.210587310791015625e+01
6.211361694335937500e+01
6.212136077880859375e+01
6.212910461425781250e+01
6.213684844970703125e+01
6.214459228515625000e+01
6.214459228515625000e+01
6.216007995605468750e+01
6.216782379150390625e+01
6.217556762695312500e+01
6.218331146240234375e+01
6.219105529785156250e+01
6.219879913330078125e+01
6.220654296875000000e+01
6.221428680419921875e+01
6.222203063964843750e+01
6.222977828979492188e+01
6.223752212524414062e+01
6.224526596069335938e+01
6.225300979614257812e+01
6.225300979614257812e+01
6.226849746704101562e+01
6.227624130249023438e+01
6.228398513793945312e+01
6.229947280883789062e+01
6.229947280883789062e+01
6.230721664428710938e+01
6.231496047973632812e+01
6.232270431518554688e+01
6.233044815063476562e+01
6.233819198608398438e+01
6.234593582153320312e+01
6.235367965698242188e+01
6.236142349243164062e+01
6.236916732788085938e+01
6.237691116333007812e+01
6.238465499877929688e+01
6.239239883422851562e+01
6.240014266967773438e+01
6.240788650512695312e+01
6.241563034057617188e+01
6.242337417602539062e+01
6.243111801147460938e+01
6.243886184692382812e+01
6.244660568237304688e+01
6.245434951782226562e+01
6.246209335327148438e+01
6.246983718872070312e+01
6.247757720947265625e+01
6.248532104492187500e+01
6.249306488037109375e+01
6.250080871582031250e+01
6.250855255126953125e+01
6.251629638671875000e+01
6.252403640747070312e+01
6.253178024291992188e+01
6.253952407836914062e+01
6.254726791381835938e+01
6.255500793457031250e+01
6.256275177001953125e+01
6.257049560546875000e+01
6.257823944091796875e+01
6.258597946166992188e+01
6.259372329711914062e+01
6.260146331787109375e+01
6.260920715332031250e+01
6.261695098876953125e+01
6.262469100952148438e+01
6.263243484497070312e+01
6.264017486572265625e+01
6.264791870117187500e+01
6.265565872192382812e+01
6.266340255737304688e+01
6.267114257812500000e+01
6.267888641357421875e+01
6.268662643432617188e+01
6.269437026977539062e+01
6.270211029052734375e+01
6.270985031127929688e+01
6.271759414672851562e+01
6.272533416748046875e+01
6.273307418823242188e+01
6.274081420898437500e+01
6.274855804443359375e+01
6.275629806518554688e+01
6.276403808593750000e+01
6.277177810668945312e+01
6.277951812744140625e+01
6.278725814819335938e+01
6.279500198364257812e+01
6.280274200439453125e+01
6.281048202514648438e+01
6.281822204589843750e+01
6.282596206665039062e+01
6.283370208740234375e+01
6.284143829345703125e+01
6.284917831420898438e+01
6.285691833496093750e+01
6.285691833496093750e+01
6.286465835571289062e+01
6.287239837646484375e+01
6.288787460327148438e+01
6.289561462402343750e+01
6.290335464477539062e+01
6.291109085083007812e+01
6.291109085083007812e+01
6.292656707763671875e+01
6.293430709838867188e+01
6.294204330444335938e+01
6.294978332519531250e+01
6.295751953125000000e+01
6.296525955200195312e+01
6.297299575805664062e+01
6.298073196411132812e+01
6.298847198486328125e+01
6.299620819091796875e+01
6.300394439697265625e+01
6.301168060302734375e+01
6.301941680908203125e+01
6.302715682983398438e+01
6.303489303588867188e+01
6.304262924194335938e+01
6.305036544799804688e+01
6.305810165405273438e+01
6.306583404541015625e+01
6.307357025146484375e+01
6.308130645751953125e+01
6.308904266357421875e+01
6.309677886962890625e+01
6.310451126098632812e+01
6.311224746704101562e+01
6.311998367309570312e+01
6.312771606445312500e+01
6.313545227050781250e+01
6.314318466186523438e+01
6.315092086791992188e+01
6.315865325927734375e+01
6.316638565063476562e+01
6.317412185668945312e+01
6.318185424804687500e+01
6.318958663940429688e+01
6.319731903076171875e+01
6.320505142211914062e+01
6.321278381347656250e+01
6.322051620483398438e+01
6.322824859619140625e+01
6.323598098754882812e+01
6.324371337890625000e+01
6.325144577026367188e+01
6.327463912963867188e+01
6.328237152099609375e+01
6.329783248901367188e+01
6.329783248901367188e+01
6.330556488037109375e+01
6.331329345703125000e+01
6.332102203369140625e+01
6.332875442504882812e+01
6.333648300170898438e+01
6.334421157836914062e+01
6.335194015502929688e+01
6.335966873168945312e+01
6.336739730834960938e+01
6.337512588500976562e+01
6.338285446166992188e+01
6.339058303833007812e+01
6.339831161499023438e+01
6.340604019165039062e+01
6.341376876831054688e+01
6.342149353027343750e+01
6.342922210693359375e+01
6.343694686889648438e+01
6.344467544555664062e+01
6.345240020751953125e+01
6.346012878417968750e+01
6.346785354614257812e+01
6.347557830810546875e+01
6.348330688476562500e+01
6.349103164672851562e+01
6.349875640869140625e+01
6.350648117065429688e+01
6.351420593261718750e+01
6.352193069458007812e+01
6.352965164184570312e+01
6.353737640380859375e+01
6.354510116577148438e+01
6.355282592773437500e+01
6.356054687500000000e+01
6.356827163696289062e+01
6.357599258422851562e+01
6.358371734619140625e+01
6.359143829345703125e+01
6.359915924072265625e+01
6.360688018798828125e+01
6.361460113525390625e+01
6.362232208251953125e+01
6.363004302978515625e+01
6.363776397705078125e+01
6.364548492431640625e+01
6.365320587158203125e+01
6.366092681884765625e+01
6.366864776611328125e+01
6.367636489868164062e+01
6.368408584594726562e+01
6.369180679321289062e+01
6.369952392578125000e+01
6.370724487304687500e+01
6.371496200561523438e+01
6.372267913818359375e+01
6.373040008544921875e+01
6.373811721801757812e+01
6.374583435058593750e+01
6.375355529785156250e+01
6.376127243041992188e+01
6.376898956298828125e+01
6.377670669555664062e+01
6.378442382812500000e+01
6.379214096069335938e+01
6.379986190795898438e+01
6.379986190795898438e+01
6.381529617309570312e+01
6.382301330566406250e+01
6.383072662353515625e+01
6.383844375610351562e+01
6.384616088867187500e+01
6.385387802124023438e+01
6.386159515380859375e+01
6.386931228637695312e+01
6.387702941894531250e+01
6.388474655151367188e+01
6.389245986938476562e+01
6.390017700195312500e+01
6.390789413452148438e+01
6.391561126708984375e+01
6.392332839965820312e+01
6.393104171752929688e+01
6.393875885009765625e+01
6.394647598266601562e+01
6.395419311523437500e+01
6.396191024780273438e+01
6.396962356567382812e+01
6.397734069824218750e+01
6.398505783081054688e+01
6.399277496337890625e+01
6.400048828125000000e+01
6.400820922851562500e+01
6.401592254638671875e+01
6.402363586425781250e+01
6.403135681152343750e+01
6.403907012939453125e+01
6.403907012939453125e+01
6.405450439453125000e+01
6.406222534179687500e+01
6.406993865966796875e+01
6.407765960693359375e+01
6.408537292480468750e+01
6.409309387207031250e+01
6.410080718994140625e+01
6.410852813720703125e+01
6.411624145507812500e+01
6.412396240234375000e+01
6.413167572021484375e+01
6.413939666748046875e+01
6.414710998535156250e+01
6.415483093261718750e+01
6.416255187988281250e+01
6.417026519775390625e+01
6.417798614501953125e+01
6.418570709228515625e+01
6.419342041015625000e+01
6.420114135742187500e+01
6.420886230468750000e+01
6.421658325195312500e+01
6.422430419921875000e+01
6.423201751708984375e+01
6.423973846435546875e+01
6.424745941162109375e+01
6.425518035888671875e+01
6.426290130615234375e+01
6.427062225341796875e+01
6.427834320068359375e+01
6.428606414794921875e+01
6.429378509521484375e+01
6.430150604248046875e+01
6.430922698974609375e+01
6.431694793701171875e+01
6.432466888427734375e+01
6.433239746093750000e+01
6.434011840820312500e+01
6.434783935546875000e+01
6.435556793212890625e+01
6.436328887939453125e+01
6.437100982666015625e+01
6.437873840332031250e+01
6.438645935058593750e+01
6.439418792724609375e+01
6.440190887451171875e+01
6.440963745117187500e+01
6.441735839843750000e+01
6.442508697509765625e+01
6.443281555175781250e+01
6.444054412841796875e+01
6.444826507568359375e+01
6.445599365234375000e+01
6.446372222900390625e+01
6.447145080566406250e+01
6.447917938232421875e+01
6.448690795898437500e+01
6.449463653564453125e+01
6.450236511230468750e+01
6.451009368896484375e+01
6.451782989501953125e+01
6.452555847167968750e+01
6.453328704833984375e+01
6.454102325439453125e+01
6.454875183105468750e+01
6.455648803710937500e+01
6.456421661376953125e+01
6.457195281982421875e+01
6.457968139648437500e+01
6.458741760253906250e+01
6.459515380859375000e+01
6.460289001464843750e+01
6.461061859130859375e+01
6.461835479736328125e+01
6.462609100341796875e+01
6.463382720947265625e+01
6.464157104492187500e+01
6.464930725097656250e+01
6.465704345703125000e+01
6.466477966308593750e+01
6.467252349853515625e+01
6.468025970458984375e+01
6.468800354003906250e+01
6.469573974609375000e+01
6.470348358154296875e+01
6.471121978759765625e+01
6.471896362304687500e+01
6.472670745849609375e+01
6.473445129394531250e+01
6.474219512939453125e+01
6.474993896484375000e+01
6.475768280029296875e+01
6.476542663574218750e+01
6.477317810058593750e+01
6.478092193603515625e+01
6.478866577148437500e+01
6.479641723632812500e+01
6.480416107177734375e+01
6.481191253662109375e+01
6.481966400146484375e+01
6.482741546630859375e+01
6.483515930175781250e+01
6.484291076660156250e+01
6.485066223144531250e+01
6.485842132568359375e+01
6.486617279052734375e+01
6.487392425537109375e+01
6.488167572021484375e+01
6.488943481445312500e+01
6.489718627929687500e+01
6.490494537353515625e+01
6.491270446777343750e+01
6.492045593261718750e+01
6.492821502685546875e+01
6.493597412109375000e+01
6.494373321533203125e+01
6.495149230957031250e+01
6.495925903320312500e+01
6.496701812744140625e+01
6.497477722167968750e+01
6.498254394531250000e+01
6.499030303955078125e+01
6.499806976318359375e+01
6.500583648681640625e+01
6.501360321044921875e+01
6.502136993408203125e+01
6.502913665771484375e+01
6.503690338134765625e+01
6.504467010498046875e+01
6.505244445800781250e+01
6.506021118164062500e+01
6.506798553466796875e+01
6.507575225830078125e+01
6.508352661132812500e+01
6.509130096435546875e+01
6.509907531738281250e+01
6.510684967041015625e+01
6.511462402343750000e+01
6.512239837646484375e+01
6.513018035888671875e+01
6.513795471191406250e+01
6.514573669433593750e+01
6.515351104736328125e+01
6.516129302978515625e+01
6.516907501220703125e+01
6.517685699462890625e+01
6.518463897705078125e+01
6.519242095947265625e+01
6.520021057128906250e+01
6.520799255371093750e+01
6.521578216552734375e+01
6.522356414794921875e+01
6.523135375976562500e+01
6.523914337158203125e+01
6.524693298339843750e+01
6.525472259521484375e+01
6.526251220703125000e+01
6.527030944824218750e+01
6.527809906005859375e+01
6.528589630126953125e+01
6.529369354248046875e+01
6.530149078369140625e+01
6.530928802490234375e+01
6.531708526611328125e+01
6.532488250732421875e+01
6.533267974853515625e+01
6.534048461914062500e+01
6.534828186035156250e+01
6.535608673095703125e+01
6.536389160156250000e+01
6.537168884277343750e+01
6.538730621337890625e+01
6.538730621337890625e+01
6.538730621337890625e+01
6.538730621337890625e+01
6.541853332519531250e+01
6.541853332519531250e+01
6.548101806640625000e+01
6.549665069580078125e+01
6.550446319580078125e+01
6.552009582519531250e+01
6.552790832519531250e+01
6.555136108398437500e+01
6.555918121337890625e+01
6.558263397216796875e+01
6.559826660156250000e+01
6.560608673095703125e+01
6.561390686035156250e+01
6.562172698974609375e+01
6.562954711914062500e+01
6.564518737792968750e+01
6.565300750732421875e+01
6.565300750732421875e+01
6.565300750732421875e+01
6.566082763671875000e+01
6.566864776611328125e+01
6.567646789550781250e+01
6.568428802490234375e+01
6.569210815429687500e+01
6.569210815429687500e+01
6.570774841308593750e+01
6.571556854248046875e+01
6.572338867187500000e+01
6.572338867187500000e+01
6.573120117187500000e+01
6.574684143066406250e+01
6.575466156005859375e+01
6.576248168945312500e+01
6.577812194824218750e+01
6.577812194824218750e+01
6.579375457763671875e+01
6.580157470703125000e+01
6.580157470703125000e+01
6.580939483642578125e+01
6.581720733642578125e+01
6.581720733642578125e+01
6.584066009521484375e+01
6.584066009521484375e+01
6.584847259521484375e+01
6.585629272460937500e+01
6.586410522460937500e+01
6.587191772460937500e+01
6.587973022460937500e+01
6.589536285400390625e+01
6.589536285400390625e+01
6.590317535400390625e+01
6.591098785400390625e+01
6.591879272460937500e+01
6.592660522460937500e+01
6.593441772460937500e+01
6.594222259521484375e+01
6.595003509521484375e+01
6.595003509521484375e+01
6.595003509521484375e+01
6.595003509521484375e+01
6.595003509521484375e+01
6.595003509521484375e+01
6.595003509521484375e+01
6.595003509521484375e+01
6.595003509521484375e+01
6.595003509521484375e+01
6.595003509521484375e+01
6.758428192138671875e+01
6.759101867675781250e+01
6.759774780273437500e+01
6.760448455810546875e+01
6.761121368408203125e+01
6.761795043945312500e+01
6.762467956542968750e+01
6.763141632080078125e+01
6.763814544677734375e+01
6.764488220214843750e+01
6.765161132812500000e+01
6.765834045410156250e+01
6.766507720947265625e+01
6.767180633544921875e+01
6.767853546142578125e+01
6.768527221679687500e+01
6.769200134277343750e+01
6.769873046875000000e+01
6.770545959472656250e+01
6.771218872070312500e+01
6.771891784667968750e+01
6.772564697265625000e+01
6.773237609863281250e+01
6.773910522460937500e+01
6.774583435058593750e+01
6.775256347656250000e+01
6.775929260253906250e+01
6.776602172851562500e+01
6.777274322509765625e+01
6.777947235107421875e+01
6.778620147705078125e+01
6.779292297363281250e+01
6.779965209960937500e+01
6.780637359619140625e+01
6.781309509277343750e+01
6.781982421875000000e+01
6.782654571533203125e+01
6.783326721191406250e+01
6.783998870849609375e+01
6.784671020507812500e+01
6.785343170166015625e+01
6.786014556884765625e+01
6.786686706542968750e+01
6.787358856201171875e+01
6.788030242919921875e+01
6.788702392578125000e+01
6.789373779296875000e+01
6.790045166015625000e+01
6.790716552734375000e+01
6.791387939453125000e+01
6.792059326171875000e+01
6.792730712890625000e+01
6.793402099609375000e+01
6.794073486328125000e+01
6.794744110107421875e+01
6.795415496826171875e+01
6.796086120605468750e+01
6.796756744384765625e+01
6.797427368164062500e+01
6.798097991943359375e+01
6.798768615722656250e+01
6.799439239501953125e+01
6.800109100341796875e+01
6.800779724121093750e+01
6.801449584960937500e+01
6.802119445800781250e+01
6.802790069580078125e+01
6.803459167480468750e+01
6.804129028320312500e+01
6.804798889160156250e+01
6.805467987060546875e+01
6.806137847900390625e+01
6.806806945800781250e+01
6.807476043701171875e+01
6.808145141601562500e+01
6.808814239501953125e+01
6.809483337402343750e+01
6.810151672363281250e+01
6.810820007324218750e+01
6.811489105224609375e+01
6.812157440185546875e+01
6.812825775146484375e+01
6.813493347167968750e+01
6.814161682128906250e+01
6.814829254150390625e+01
6.815496826171875000e+01
6.816164398193359375e+01
6.816831970214843750e+01
6.817499542236328125e+01
6.818166351318359375e+01
6.818833923339843750e+01
6.819500732421875000e+01
6.820167541503906250e+01
6.820833587646484375e+01
6.821500396728515625e+01
6.822166442871093750e+01
6.822833251953125000e+01
6.823499298095703125e+01
6.824164581298828125e+01
6.824830627441406250e+01
6.825495910644531250e+01
6.826161956787109375e+01
6.826827239990234375e+01
6.827491760253906250e+01
6.828157043457031250e+01
6.828821563720703125e+01
6.829486083984375000e+01
6.830150604248046875e+01
6.830815124511718750e+01
6.831479644775390625e+01
6.832143402099609375e+01
6.832807159423828125e+01
6.833470916748046875e+01
6.834133911132812500e+01
6.834797668457031250e+01
6.835460662841796875e+01
6.836123657226562500e+01
6.836786651611328125e+01
6.837448883056640625e+01
6.838111114501953125e+01
6.838773345947265625e+01
6.839435577392578125e+01
6.840097808837890625e+01
6.841420745849609375e+01
6.841420745849609375e+01
6.842081451416015625e+01
6.842742919921875000e+01
6.843403625488281250e+01
6.844064331054687500e+01
6.844725036621093750e+01
6.845384979248046875e+01
6.846045684814453125e+01
6.846705627441406250e+01
6.847364807128906250e+01
6.848024749755859375e+01
6.848683929443359375e+01
6.849343109130859375e+01
6.850001525878906250e+01
6.851319122314453125e+01
6.851319122314453125e+01
6.851976776123046875e+01
6.852635192871093750e+01
6.853292846679687500e+01
6.853950500488281250e+01
6.854607391357421875e+01
6.855265045166015625e+01
6.855921936035156250e+01
6.856578826904296875e+01
6.857234954833984375e+01
6.857891082763671875e+01
6.858547210693359375e+01
6.859202575683593750e+01
6.859858703613281250e+01
6.860514068603515625e+01
6.861168670654296875e+01
6.861824035644531250e+01
6.862478637695312500e+01
6.863132476806640625e+01
6.863787078857421875e+01
6.864440917968750000e+01
6.865093994140625000e+01
6.865747833251953125e+01
6.866400909423828125e+01
6.867706298828125000e+01
6.867706298828125000e+01
6.868358612060546875e+01
6.869010925292968750e+01
6.869662475585937500e+01
6.870314025878906250e+01
6.870965576171875000e+01
6.871617126464843750e+01
6.872267913818359375e+01
6.872917938232421875e+01
6.874218750000000000e+01
6.874868011474609375e+01
6.874868011474609375e+01
6.875518035888671875e+01
6.876167297363281250e+01
6.877465057373046875e+01
6.877465057373046875e+01
6.878761291503906250e+01
6.878761291503906250e+01
6.879409027099609375e+01
6.880056762695312500e+01
6.880703735351562500e+01
6.881351470947265625e+01
6.881997680664062500e+01
6.882644653320312500e+01
6.883290100097656250e+01
6.883936309814453125e+01
6.884581756591796875e+01
6.885227203369140625e+01
6.885871887207031250e+01
6.886516571044921875e+01
6.887161254882812500e+01
6.887805175781250000e+01
6.888449096679687500e+01
6.889093017578125000e+01
6.889736175537109375e+01
6.890378570556640625e+01
6.891021728515625000e+01
6.891664123535156250e+01
6.892305755615234375e+01
6.892947387695312500e+01
6.893589019775390625e+01
6.894229888916015625e+01
6.894870758056640625e+01
6.895510864257812500e+01
6.896150970458984375e+01
6.896791076660156250e+01
6.897430419921875000e+01
6.898069763183593750e+01
6.898708343505859375e+01
6.899346923828125000e+01
6.899984741210937500e+01
6.900622558593750000e+01
6.901260375976562500e+01
6.901897430419921875e+01
6.902534484863281250e+01
6.903170776367187500e+01
6.903807067871093750e+01
6.904442596435546875e+01
6.905078125000000000e+01
6.905713653564453125e+01
6.906348419189453125e+01
6.906983184814453125e+01
6.907617187500000000e+01
6.908250427246093750e+01
6.908884429931640625e+01
6.909516906738281250e+01
6.910150146484375000e+01
6.910782623291015625e+01
6.911414337158203125e+01
6.912046051025390625e+01
6.912677764892578125e+01
6.913308715820312500e+01
6.913938903808593750e+01
6.914569091796875000e+01
6.915199279785156250e+01
6.915828704833984375e+01
6.916458129882812500e+01
6.917087554931640625e+01
6.917715454101562500e+01
6.918344116210937500e+01
6.918972015380859375e+01
6.919599151611328125e+01
6.920226287841796875e+01
6.920853424072265625e+01
6.921479797363281250e+01
6.922105407714843750e+01
6.922731781005859375e+01
6.923356628417968750e+01
6.923982238769531250e+01
6.924606323242187500e+01
6.925231170654296875e+01
6.925855255126953125e+01
6.926478576660156250e+01
6.927101898193359375e+01
6.927724456787109375e+01
6.928347015380859375e+01
6.928969573974609375e+01
6.929591369628906250e+01
6.930212402343750000e+01
6.930833435058593750e+01
6.931454467773437500e+01
6.932074737548828125e+01
6.932695007324218750e+01
6.933314514160156250e+01
6.933934020996093750e+01
6.934552764892578125e+01
6.935171508789062500e+01
6.935789489746093750e+01
6.936407470703125000e+01
6.937025451660156250e+01
6.937641906738281250e+01
6.938259124755859375e+01
6.938875579833984375e+01
6.939491271972656250e+01
6.940106964111328125e+01
6.940722656250000000e+01
6.941337585449218750e+01
6.941952514648437500e+01
6.942566680908203125e+01
6.943180084228515625e+01
6.943793487548828125e+01
6.944406890869140625e+01
6.945019531250000000e+01
6.945632171630859375e+01
6.946244049072265625e+01
6.946855926513671875e+01
6.947467041015625000e+01
6.948078155517578125e+01
6.948688507080078125e+01
6.949298858642578125e+01
6.949908447265625000e+01
6.950518035888671875e+01
6.951127624511718750e+01
6.951736450195312500e+01
6.952344512939453125e+01
6.952952575683593750e+01
6.953559875488281250e+01
6.954167175292968750e+01
6.954774475097656250e+01
6.955381011962890625e+01
6.955986785888671875e+01
6.956592559814453125e+01
6.957198333740234375e+01
6.957803344726562500e+01
6.958407592773437500e+01
6.959011840820312500e+01
6.959616088867187500e+01
6.960219573974609375e+01
6.960822296142578125e+01
6.961425781250000000e+01
6.962027740478515625e+01
6.962629699707031250e+01
6.963231658935546875e+01
6.963832855224609375e+01
6.964434051513671875e+01
6.965034484863281250e+01
6.965634155273437500e+01
6.966233825683593750e+01
6.966833496093750000e+01
6.967432403564453125e+01
6.968031311035156250e+01
6.968629455566406250e+01
6.969227600097656250e+01
6.969824981689453125e+01
6.970422363281250000e+01
6.971018981933593750e+01
6.972210693359375000e+01
6.972210693359375000e+01
6.972806549072265625e+01
6.973401641845703125e+01
6.973996734619140625e+01
6.974591064453125000e+01
6.975185394287109375e+01
6.975778961181640625e+01
6.976372528076171875e+01
6.976965332031250000e+01
6.977557373046875000e+01
6.978150177001953125e+01
6.978741455078125000e+01
6.979332733154296875e+01
6.979924011230468750e+01
6.980514526367187500e+01
6.981105041503906250e+01
6.981694793701171875e+01
6.982283782958984375e+01
6.982872772216796875e+01
6.983461761474609375e+01
6.984049987792968750e+01
6.984638214111328125e+01
6.985225677490234375e+01
6.985812377929687500e+01
6.986399078369140625e+01
6.986985778808593750e+01
6.987571716308593750e+01
6.988156890869140625e+01
6.988742065429687500e+01
6.989327239990234375e+01
6.989911651611328125e+01
6.990495300292968750e+01
6.991078948974609375e+01
6.991662597656250000e+01
6.992245483398437500e+01
6.992827606201171875e+01
6.993409729003906250e+01
6.993991088867187500e+01
6.994572448730468750e+01
6.995153045654296875e+01
6.995733642578125000e+01
6.996314239501953125e+01
6.996893310546875000e+01
6.997473144531250000e+01
6.998051452636718750e+01
6.998630523681640625e+01
6.999208068847656250e+01
6.999785614013671875e+01
7.000363159179687500e+01
7.000939941406250000e+01
7.001516723632812500e+01
7.002092742919921875e+01
7.002668762207031250e+01
7.003244018554687500e+01
7.003818511962890625e+01
7.004393005371093750e+01
7.004967498779296875e+01
7.005541229248046875e+01
7.006114196777343750e+01
7.006687164306640625e+01
7.007259368896484375e+01
7.007831573486328125e+01
7.008403778076171875e+01
7.008974456787109375e+01
7.009545898437500000e+01
7.010115814208984375e+01
7.010686492919921875e+01
7.011255645751953125e+01
7.011824798583984375e+01
7.012962341308593750e+01
7.012962341308593750e+01
7.013530731201171875e+01
7.014098358154296875e+01
7.014665222167968750e+01
7.015232086181640625e+01
7.015798950195312500e+01
7.016365051269531250e+01
7.016930389404296875e+01
7.017495727539062500e+01
7.018060302734375000e+01
7.018624877929687500e+01
7.019188690185546875e+01
7.019752502441406250e+01
7.020315551757812500e+01
7.020878601074218750e+01
7.021440887451171875e+01
7.022002410888671875e+01
7.022563934326171875e+01
7.023125457763671875e+01
7.023686218261718750e+01
7.024246215820312500e+01
7.024806213378906250e+01
7.025365447998046875e+01
7.025924682617187500e+01
7.026483154296875000e+01
7.027041625976562500e+01
7.027599334716796875e+01
7.028157043457031250e+01
7.028713989257812500e+01
7.029270172119140625e+01
7.029826354980468750e+01
7.030382537841796875e+01
7.030937194824218750e+01
7.031492614746093750e+01
7.032047271728515625e+01
7.032601165771484375e+01
7.033155059814453125e+01
7.033708190917968750e+01
7.034260559082031250e+01
7.034812927246093750e+01
7.035365295410156250e+01
7.035916900634765625e+01
7.036467742919921875e+01
7.037018585205078125e+01
7.037568664550781250e+01
7.038118743896484375e+01
7.038668060302734375e+01
7.039217376708984375e+01
7.039765930175781250e+01
7.040314483642578125e+01
7.040862274169921875e+01
7.041409301757812500e+01
7.041956329345703125e+01
7.042502593994140625e+01
7.043048858642578125e+01
7.043594360351562500e+01
7.044139862060546875e+01
7.044684600830078125e+01
7.045229339599609375e+01
7.045773315429687500e+01
7.046317291259765625e+01
7.046860504150390625e+01
7.047402954101562500e+01
7.047945404052734375e+01
7.048487854003906250e+01
7.049029541015625000e+01
7.049570465087890625e+01
7.050111389160156250e+01
7.050652313232421875e+01
7.051192474365234375e+01
7.051731872558593750e+01
7.052271270751953125e+01
7.052810668945312500e+01
7.053349304199218750e+01
7.053887939453125000e+01
7.054425811767578125e+01
7.054962921142578125e+01
7.055500030517578125e+01
7.056037139892578125e+01
7.056573486328125000e+01
7.057109832763671875e+01
7.057645416259765625e+01
7.058180999755859375e+01
7.058715820312500000e+01
7.059250640869140625e+01
7.059785461425781250e+01
7.060319519042968750e+01
7.060852813720703125e+01
7.061386108398437500e+01
7.061919403076171875e+01
7.062451934814453125e+01
7.062984466552734375e+01
7.063516998291015625e+01
7.064048767089843750e+01
7.064579772949218750e+01
7.065110778808593750e+01
7.065641784667968750e+01
7.066172027587890625e+01
7.067232513427734375e+01
7.067232513427734375e+01
7.067761993408203125e+01
7.068290710449218750e+01
7.068820190429687500e+01
7.069348907470703125e+01
7.069876861572265625e+01
7.070404815673828125e+01
7.070932769775390625e+01
7.071459960937500000e+01
7.071987152099609375e+01
7.072514343261718750e+01
7.073040771484375000e+01
7.073567199707031250e+01
7.074092864990234375e+01
7.074619293212890625e+01
7.075144195556640625e+01
7.075669860839843750e+01
7.076194763183593750e+01
7.076718902587890625e+01
7.077243804931640625e+01
7.077767944335937500e+01
7.078292083740234375e+01
7.078292083740234375e+01
7.079338836669921875e+01
7.079862213134765625e+01
7.080384826660156250e+01
7.080907440185546875e+01
7.081430053710937500e+01
7.081951904296875000e+01
7.082473754882812500e+01
7.082995605468750000e+01
7.083516693115234375e+01
7.084037780761718750e+01
7.084558868408203125e+01
7.085079956054687500e+01
7.085600280761718750e+01
7.086120605468750000e+01
7.086640930175781250e+01
7.087160491943359375e+01
7.087680053710937500e+01
7.088199615478515625e+01
7.088718414306640625e+01
7.089237976074218750e+01
7.089756774902343750e+01
7.090274810791015625e+01
7.090793609619140625e+01
7.091311645507812500e+01
7.091829681396484375e+01
7.092346954345703125e+01
7.092864990234375000e+01
7.093382263183593750e+01
7.093899536132812500e+01
7.094416046142578125e+01
7.094933319091796875e+01
7.095449829101562500e+01
7.095966339111328125e+01
7.096482849121093750e+01
7.096998596191406250e+01
7.097514343261718750e+01
7.098030090332031250e+01
7.098545837402343750e+01
7.099061584472656250e+01
7.099576568603515625e+01
7.100091552734375000e+01
7.100606536865234375e+01
7.101121520996093750e+01
7.101635742187500000e+01
7.102150726318359375e+01
7.102664947509765625e+01
7.103179168701171875e+01
7.103693389892578125e+01
7.104206848144531250e+01
7.104721069335937500e+01
7.105234527587890625e+01
7.105747985839843750e+01
7.106261444091796875e+01
7.106774139404296875e+01
7.107287597656250000e+01
7.107800292968750000e+01
7.108313751220703125e+01
7.108826446533203125e+01
7.109338378906250000e+01
7.109851074218750000e+01
7.110363769531250000e+01
7.110875701904296875e+01
7.111388397216796875e+01
7.111900329589843750e+01
7.112412261962890625e+01
7.112924194335937500e+01
7.113435363769531250e+01
7.113947296142578125e+01
7.114458465576171875e+01
7.114970397949218750e+01
7.115481567382812500e+01
7.115992736816406250e+01
7.116503906250000000e+01
7.117015075683593750e+01
7.117526245117187500e+01
7.118037414550781250e+01
7.118547821044921875e+01
7.119058990478515625e+01
7.119569396972656250e+01
7.120080566406250000e+01
7.120590972900390625e+01
7.121101379394531250e+01
7.121611785888671875e+01
7.122122192382812500e+01
7.122632598876953125e+01
7.123143005371093750e+01
7.123653411865234375e+01
7.124163055419921875e+01
7.124673461914062500e+01
7.125183868408203125e+01
7.125693511962890625e+01
7.126203918457031250e+01
7.126713562011718750e+01
7.127223968505859375e+01
7.127733612060546875e+01
7.128243255615234375e+01
7.128752899169921875e+01
7.129263305664062500e+01
7.129772949218750000e+01
7.130282592773437500e+01
7.130792236328125000e+01
7.131301879882812500e+01
7.131811523437500000e+01
7.132321929931640625e+01
7.132831573486328125e+01
7.133341217041015625e+01
7.133850860595703125e+01
7.134360504150390625e+01
7.134870147705078125e+01
7.135379791259765625e+01
7.135889434814453125e+01
7.136399078369140625e+01
7.136908721923828125e+01
7.137418365478515625e+01
7.137928009033203125e+01
7.138437652587890625e+01
7.138948059082031250e+01
7.139457702636718750e+01
7.139967346191406250e+01
7.140476989746093750e+01
7.140987396240234375e+01
7.141497039794921875e+01
7.142006683349609375e+01
7.142517089843750000e+01
7.143026733398437500e+01
7.143537139892578125e+01
7.144046783447265625e+01
7.144557189941406250e+01
7.145066833496093750e+01
7.145577239990234375e+01
7.146087646484375000e+01
7.146598052978515625e+01
7.147108459472656250e+01
7.147618865966796875e+01
7.148129272460937500e+01
7.148639678955078125e+01
7.149150848388671875e+01
7.149661254882812500e+01
7.150171661376953125e+01
7.150682830810546875e+01
7.151194000244140625e+01
7.151704406738281250e+01
7.152215576171875000e+01
7.152726745605468750e+01
7.153237915039062500e+01
7.153749084472656250e+01
7.154261016845703125e+01
7.154772186279296875e+01
7.155284118652343750e+01
7.155795288085937500e+01
7.156307220458984375e+01
7.156819152832031250e+01
7.157331085205078125e+01
7.157843017578125000e+01
7.158355712890625000e+01
7.158867645263671875e+01
7.159380340576171875e+01
7.159893035888671875e+01
7.160405731201171875e+01
7.160918426513671875e+01
7.161431121826171875e+01
7.161943817138671875e+01
7.162457275390625000e+01
7.162969970703125000e+01
7.163483428955078125e+01
7.163996887207031250e+01
7.164510345458984375e+01
7.165023803710937500e+01
7.165538024902343750e+01
7.166051483154296875e+01
7.166565704345703125e+01
7.167079162597656250e+01
7.167593383789062500e+01
7.168107604980468750e+01
7.168621826171875000e+01
7.169136810302734375e+01
7.169651031494140625e+01
7.170166015625000000e+01
7.170680236816406250e+01
7.171195220947265625e+01
7.171710205078125000e+01
7.172225189208984375e+01
7.172740173339843750e+01
7.173255157470703125e+01
7.173770904541015625e+01
7.174285888671875000e+01
7.174801635742187500e+01
7.175317382812500000e+01
7.175832366943359375e+01
7.176348114013671875e+01
7.176864624023437500e+01
7.177380371093750000e+01
7.177896118164062500e+01
7.178412628173828125e+01
7.178928375244140625e+01
7.179444885253906250e+01
7.179961395263671875e+01
7.180477905273437500e+01
7.180994415283203125e+01
7.181510925292968750e+01
7.182027435302734375e+01
7.182543945312500000e+01
7.183061218261718750e+01
7.183577728271484375e+01
7.184095001220703125e+01
7.184612274169921875e+01
7.185129547119140625e+01
7.185646820068359375e+01
7.186164093017578125e+01
7.186681365966796875e+01
7.187199401855468750e+01
7.187716674804687500e+01
7.188234710693359375e+01
7.188751983642578125e+01
7.189270019531250000e+01
7.189788055419921875e+01
7.190306091308593750e+01
7.191860198974609375e+01
7.191860198974609375e+01
7.191860198974609375e+01
7.192897033691406250e+01
7.192897033691406250e+01
7.193415069580078125e+01
7.194452667236328125e+01
7.194452667236328125e+01
7.194970703125000000e+01
7.196008300781250000e+01
7.196008300781250000e+01
7.196527099609375000e+01
7.197045898437500000e+01
7.197565460205078125e+01
7.198084259033203125e+01
7.198603057861328125e+01
7.199122619628906250e+01
7.200160980224609375e+01
7.200160980224609375e+01
7.200160980224609375e+01
7.201200103759765625e+01
7.201719665527343750e+01
7.202239227294921875e+01
7.203278350830078125e+01
7.203278350830078125e+01
7.203797912597656250e+01
7.204317474365234375e+01
7.204837799072265625e+01
7.204837799072265625e+01
7.204837799072265625e+01
7.204837799072265625e+01
7.204837799072265625e+01
7.204837799072265625e+01
7.204837799072265625e+01
7.204837799072265625e+01
7.204837799072265625e+01
7.204837799072265625e+01
7.304608154296875000e+01
7.304986572265625000e+01
7.304986572265625000e+01
7.305364990234375000e+01
7.305743408203125000e+01
7.306121826171875000e+01
7.306878662109375000e+01
7.306878662109375000e+01
7.307257080078125000e+01
7.307634735107421875e+01
7.308013153076171875e+01
7.308391571044921875e+01
7.308769989013671875e+01
7.309148406982421875e+01
7.309526062011718750e+01
7.310282897949218750e+01
7.310282897949218750e+01
7.310660552978515625e+01
7.311038970947265625e+01
7.311416625976562500e+01
7.312172698974609375e+01
7.312172698974609375e+01
7.312551116943359375e+01
7.312928771972656250e+01
7.313684082031250000e+01
7.313684082031250000e+01
7.314062500000000000e+01
7.314440155029296875e+01
7.314817810058593750e+01
7.315195465087890625e+01
7.315573120117187500e+01
7.316327667236328125e+01
7.316327667236328125e+01
7.316705322265625000e+01
7.317082977294921875e+01
7.317459869384765625e+01
7.318214416503906250e+01
7.318214416503906250e+01
7.318591308593750000e+01
7.318968963623046875e+01
7.319345855712890625e+01
7.319722747802734375e+01
7.320099639892578125e+01
7.320476531982421875e+01
7.320852661132812500e+01
7.321229553222656250e+01
7.321606445312500000e+01
7.321982574462890625e+01
7.322358703613281250e+01
7.322735595703125000e+01
7.323487854003906250e+01
7.323487854003906250e+01
7.323863983154296875e+01
7.324615478515625000e+01
7.324615478515625000e+01
7.324990844726562500e+01
7.325366973876953125e+01
7.325742340087890625e+01
7.326117706298828125e+01
7.326493072509765625e+01
7.326868438720703125e+01
7.327243804931640625e+01
7.327618408203125000e+01
7.327993774414062500e+01
7.328368377685546875e+01
7.328742980957031250e+01
7.329117584228515625e+01
7.329492187500000000e+01
7.330241394042968750e+01
7.330241394042968750e+01
7.330615234375000000e+01
7.330989074707031250e+01
7.331362915039062500e+01
7.331736755371093750e+01
7.332483673095703125e+01
7.332483673095703125e+01
7.332857513427734375e+01
7.333230590820312500e+01
7.333603668212890625e+01
7.334349822998046875e+01
7.334349822998046875e+01
7.334722137451171875e+01
7.335095214843750000e+01
7.335467529296875000e+01
7.335839843750000000e+01
7.336211395263671875e+01
7.336583709716796875e+01
7.336955261230468750e+01
7.337326812744140625e+01
7.338069915771484375e+01
7.338069915771484375e+01
7.338441467285156250e+01
7.338812255859375000e+01
7.339183044433593750e+01
7.339553833007812500e+01
7.339924621582031250e+01
7.340294647216796875e+01
7.340665435791015625e+01
7.341035461425781250e+01
7.341404724121093750e+01
7.341774749755859375e+01
7.342144012451171875e+01
7.342514038085937500e+01
7.342882537841796875e+01
7.343251800537109375e+01
7.343621063232421875e+01
7.343989562988281250e+01
7.344725799560546875e+01
7.344725799560546875e+01
7.345094299316406250e+01
7.345462036132812500e+01
7.345829772949218750e+01
7.346197509765625000e+01
7.346564483642578125e+01
7.346931457519531250e+01
7.347298431396484375e+01
7.347665405273437500e+01
7.348031616210937500e+01
7.348398590087890625e+01
7.348764038085937500e+01
7.349130249023437500e+01
7.349495697021484375e+01
7.349861145019531250e+01
7.350592041015625000e+01
7.350592041015625000e+01
7.350956726074218750e+01
7.351321411132812500e+01
7.351685333251953125e+01
7.352050018310546875e+01
7.352413940429687500e+01
7.352777099609375000e+01
7.353504180908203125e+01
7.353867340087890625e+01
7.353867340087890625e+01
7.354592895507812500e+01
7.354592895507812500e+01
7.355316925048828125e+01
7.355316925048828125e+01
7.356040191650390625e+01
7.356040191650390625e+01
7.356762695312500000e+01
7.357123565673828125e+01
7.357123565673828125e+01
7.357484436035156250e+01
7.357845306396484375e+01
7.358564758300781250e+01
7.358564758300781250e+01
7.358924865722656250e+01
7.359642791748046875e+01
7.359642791748046875e+01
7.360360717773437500e+01
7.360360717773437500e+01
7.360719299316406250e+01
7.361791992187500000e+01
7.362149810791015625e+01
7.362149810791015625e+01
7.362506866455078125e+01
7.362506866455078125e+01
7.363219451904296875e+01
7.363575744628906250e+01
7.363932037353515625e+01
7.364287567138671875e+01
7.364642333984375000e+01
7.364642333984375000e+01
7.365352630615234375e+01
7.365706634521484375e+01
7.365706634521484375e+01
7.366414642333984375e+01
7.366768646240234375e+01
7.367121887207031250e+01
7.367121887207031250e+01
7.367475128173828125e+01
7.368180084228515625e+01
7.368180084228515625e+01
7.368883514404296875e+01
7.369235229492187500e+01
7.369586181640625000e+01
7.369586181640625000e+01
7.369937133789062500e+01
7.370288085937500000e+01
7.371337890625000000e+01
7.371337890625000000e+01
7.371687316894531250e+01
7.371687316894531250e+01
7.372035980224609375e+01
7.372733306884765625e+01
7.373081207275390625e+01
7.373081207275390625e+01
7.373429107666015625e+01
7.373776245117187500e+01
7.374123382568359375e+01
7.374816131591796875e+01
7.375162506103515625e+01
7.375508117675781250e+01
7.375508117675781250e+01
7.375852966308593750e+01
7.376198577880859375e+01
7.376542663574218750e+01
7.376887512207031250e+01
7.377231597900390625e+01
7.377574920654296875e+01
7.377918243408203125e+01
7.378261566162109375e+01
7.378604125976562500e+01
7.378945922851562500e+01
7.379287719726562500e+01
7.379629516601562500e+01
7.379970550537109375e+01
7.380651855468750000e+01
7.380992126464843750e+01
7.380992126464843750e+01
7.381331634521484375e+01
7.381671142578125000e+01
7.382009887695312500e+01
7.382348632812500000e+01
7.382686614990234375e+01
7.383361816406250000e+01
7.383361816406250000e+01
7.383699035644531250e+01
7.384035491943359375e+01
7.384371948242187500e+01
7.384708404541015625e+01
7.385043334960937500e+01
7.385713958740234375e+01
7.385713958740234375e+01
7.386048126220703125e+01
7.386715698242187500e+01
7.386715698242187500e+01
7.387049102783203125e+01
7.387381744384765625e+01
7.387714385986328125e+01
7.388046264648437500e+01
7.388377380371093750e+01
7.388709259033203125e+01
7.389039611816406250e+01
7.389369964599609375e+01
7.389700317382812500e+01
7.390029907226562500e+01
7.390358734130859375e+01
7.390687561035156250e+01
7.391016387939453125e+01
7.391344451904296875e+01
7.391671752929687500e+01
7.391999053955078125e+01
7.392325592041015625e+01
7.392652130126953125e+01
7.392977905273437500e+01
7.393303680419921875e+01
7.393628692626953125e+01
7.393952941894531250e+01
7.394277191162109375e+01
7.394601440429687500e+01
7.394924926757812500e+01
7.395247650146484375e+01
7.395892333984375000e+01
7.396214294433593750e+01
7.396535491943359375e+01
7.396535491943359375e+01
7.396856689453125000e+01
7.397177124023437500e+01
7.397496795654296875e+01
7.397816467285156250e+01
7.398135375976562500e+01
7.398454284667968750e+01
7.398772430419921875e+01
7.399407958984375000e+01
7.399407958984375000e+01
7.399725341796875000e+01
7.400041198730468750e+01
7.400357818603515625e+01
7.400673675537109375e+01
7.400988769531250000e+01
7.401303100585937500e+01
7.401618194580078125e+01
7.401931762695312500e+01
7.402245330810546875e+01
7.402558135986328125e+01
7.402870941162109375e+01
7.403495025634765625e+01
7.403495025634765625e+01
7.403806304931640625e+01
7.404116821289062500e+01
7.404427337646484375e+01
7.405046844482421875e+01
7.405046844482421875e+01
7.405355834960937500e+01
7.405664062500000000e+01
7.405972290039062500e+01
7.406587219238281250e+01
7.406587219238281250e+01
7.406893920898437500e+01
7.407199859619140625e+01
7.407810974121093750e+01
7.408116149902343750e+01
7.408116149902343750e+01
7.408420562744140625e+01
7.408724212646484375e+01
7.409330749511718750e+01
7.409330749511718750e+01
7.409934997558593750e+01
7.409934997558593750e+01
7.410237121582031250e+01
7.410838317871093750e+01
7.410838317871093750e+01
7.411138916015625000e+01
7.411737823486328125e+01
7.412036132812500000e+01
7.412334442138671875e+01
7.412334442138671875e+01
7.412929534912109375e+01
7.412929534912109375e+01
7.413226318359375000e+01
7.413523101806640625e+01
7.413819122314453125e+01
7.414408874511718750e+01
7.414408874511718750e+01
7.414703369140625000e+01
7.414997863769531250e+01
7.415290832519531250e+01
7.415583801269531250e+01
7.415876007080078125e+01
7.416168212890625000e+01
7.416459655761718750e+01
7.416751098632812500e+01
7.417041015625000000e+01
7.417330932617187500e+01
7.417620849609375000e+01
7.417910003662109375e+01
7.418198394775390625e+01
7.418486022949218750e+01
7.418773651123046875e+01
7.419060516357421875e+01
7.419347381591796875e+01
7.419633483886718750e+01
7.419918823242187500e+01
7.420203399658203125e+01
7.420487976074218750e+01
7.420771789550781250e+01
7.421055603027343750e+01
7.421338653564453125e+01
7.421620941162109375e+01
7.422183990478515625e+01
7.422183990478515625e+01
7.422745513916015625e+01
7.422745513916015625e+01
7.423025512695312500e+01
7.423304748535156250e+01
7.423861694335937500e+01
7.423861694335937500e+01
7.424140167236328125e+01
7.424417114257812500e+01
7.424970245361328125e+01
7.425245666503906250e+01
7.425521087646484375e+01
7.425521087646484375e+01
7.425795745849609375e+01
7.426343536376953125e+01
7.426616668701171875e+01
7.426616668701171875e+01
7.426889038085937500e+01
7.427160644531250000e+01
7.427432250976562500e+01
7.427973937988281250e+01
7.427973937988281250e+01
7.428513336181640625e+01
7.428513336181640625e+01
7.428781890869140625e+01
7.429050445556640625e+01
7.429317474365234375e+01
7.429851531982421875e+01
7.430117797851562500e+01
7.430117797851562500e+01
7.430383300781250000e+01
7.430912780761718750e+01
7.430912780761718750e+01
7.431176757812500000e+01
7.431439971923828125e+01
7.431703186035156250e+01
7.431964874267578125e+01
7.432226562500000000e+01
7.432748413085937500e+01
7.432748413085937500e+01
7.433008575439453125e+01
7.433267974853515625e+01
7.433527374267578125e+01
7.433785247802734375e+01
7.434043121337890625e+01
7.434300231933593750e+01
7.434557342529296875e+01
7.434813690185546875e+01
7.435069274902343750e+01
7.435324096679687500e+01
7.435578155517578125e+01
7.435832214355468750e+01
7.436338806152343750e+01
7.436338806152343750e+01
7.436590576171875000e+01
7.436842346191406250e+01
7.437093353271484375e+01
7.437343597412109375e+01
7.437593841552734375e+01
7.437843322753906250e+01
7.438092041015625000e+01
7.438587188720703125e+01
7.438587188720703125e+01
7.438834381103515625e+01
7.439080810546875000e+01
7.439327239990234375e+01
7.439572143554687500e+01
7.439817047119140625e+01
7.440061187744140625e+01
7.440304565429687500e+01
7.440547180175781250e+01
7.440789794921875000e+01
7.441031646728515625e+01
7.441272735595703125e+01
7.441513061523437500e+01
7.441753387451171875e+01
7.441992950439453125e+01
7.442231750488281250e+01
7.442469787597656250e+01
7.442707824707031250e+01
7.442944335937500000e+01
7.443416595458984375e+01
7.443416595458984375e+01
7.443652343750000000e+01
7.443886566162109375e+01
7.444120788574218750e+01
7.444354248046875000e+01
7.444586944580078125e+01
7.444819641113281250e+01
7.445050811767578125e+01
7.445281982421875000e+01
7.445512390136718750e+01
7.445742034912109375e+01
7.445971679687500000e+01
7.446199798583984375e+01
7.446427917480468750e+01
7.446655273437500000e+01
7.446881866455078125e+01
7.447108459472656250e+01
7.447333526611328125e+01
7.447558593750000000e+01
7.448006439208984375e+01
7.448006439208984375e+01
7.448229980468750000e+01
7.448451995849609375e+01
7.448674011230468750e+01
7.448895263671875000e+01
7.449115753173828125e+01
7.449335479736328125e+01
7.449555206298828125e+01
7.449773406982421875e+01
7.449991607666015625e+01
7.450209045410156250e+01
7.450425720214843750e+01
7.450642395019531250e+01
7.450858306884765625e+01
7.451072692871093750e+01
7.451287841796875000e+01
7.451501464843750000e+01
7.451715087890625000e+01
7.451927185058593750e+01
7.452351379394531250e+01
7.452351379394531250e+01
7.452773284912109375e+01
7.452773284912109375e+01
7.452983093261718750e+01
7.453192138671875000e+01
7.453401184082031250e+01
7.453609466552734375e+01
7.453817749023437500e+01
7.454025268554687500e+01
7.454232025146484375e+01
7.454438018798828125e+01
7.454644012451171875e+01
7.454850006103515625e+01
7.455054473876953125e+01
7.455258941650390625e+01
7.455462646484375000e+01
7.455869293212890625e+01
7.455869293212890625e+01
7.456072235107421875e+01
7.456274414062500000e+01
7.456475830078125000e+01
7.456677246093750000e+01
7.456877899169921875e+01
7.457078552246093750e+01
7.457278442382812500e+01
7.457477569580078125e+01
7.457875823974609375e+01
7.457875823974609375e+01
7.458074188232421875e+01
7.458271789550781250e+01
7.458469390869140625e+01
7.458666992187500000e+01
7.459059906005859375e+01
7.459059906005859375e+01
7.459255981445312500e+01
7.459452056884765625e+01
7.459841918945312500e+01
7.459841918945312500e+01
7.460036468505859375e+01
7.460231018066406250e+01
7.460424804687500000e+01
7.460618591308593750e+01
7.460811614990234375e+01
7.461197662353515625e+01
7.461197662353515625e+01
7.461389923095703125e+01
7.461582183837890625e+01
7.461773681640625000e+01
7.461965942382812500e+01
7.462348175048828125e+01
7.462348175048828125e+01
7.462538909912109375e+01
7.462728881835937500e+01
7.462918853759765625e+01
7.463108825683593750e+01
7.463298797607421875e+01
7.463488006591796875e+01
7.463677215576171875e+01
7.463866424560546875e+01
7.464244079589843750e+01
7.464244079589843750e+01
7.464431762695312500e+01
7.464807891845703125e+01
7.464995574951171875e+01
7.465183258056640625e+01
7.465183258056640625e+01
7.465370941162109375e+01
7.465744781494140625e+01
7.465744781494140625e+01
7.465931701660156250e+01
7.466118621826171875e+01
7.466304779052734375e+01
7.466490936279296875e+01
7.466677093505859375e+01
7.467049407958984375e+01
7.467049407958984375e+01
7.467234802246093750e+01
7.467420959472656250e+01
7.467606353759765625e+01
7.467791748046875000e+01
7.468162536621093750e+01
7.468162536621093750e+01
7.468532562255859375e+01
7.468532562255859375e+01
7.468902587890625000e+01
7.468902587890625000e+01
7.469087219238281250e+01
7.469271850585937500e+01
7.469456481933593750e+01
7.469641113281250000e+01
7.469825744628906250e+01
7.470010375976562500e+01
7.470379638671875000e+01
7.470563507080078125e+01
7.470748138427734375e+01
7.470748138427734375e+01
7.471116638183593750e+01
7.471301269531250000e+01
7.471301269531250000e+01
7.471670532226562500e+01
7.471670532226562500e+01
7.472039031982421875e+01
7.472039031982421875e+01
7.472223663330078125e+01
7.472408294677734375e+01
7.472592163085937500e+01
7.472776794433593750e+01
7.472961425781250000e+01
7.473146057128906250e+01
7.473330688476562500e+01
7.473515319824218750e+01
7.473700714111328125e+01
7.473885345458984375e+01
7.474255371093750000e+01
7.474255371093750000e+01
7.474440765380859375e+01
7.474811553955078125e+01
7.474811553955078125e+01
7.474996948242187500e+01
7.475182342529296875e+01
7.475367736816406250e+01
7.475553894042968750e+01
7.475740051269531250e+01
7.476112365722656250e+01
7.476112365722656250e+01
7.476298522949218750e+01
7.476484680175781250e+01
7.476858520507812500e+01
7.476858520507812500e+01
7.477045440673828125e+01
7.477420043945312500e+01
7.477420043945312500e+01
7.477607727050781250e+01
7.477983093261718750e+01
7.478171539306640625e+01
7.478171539306640625e+01
7.478548431396484375e+01
7.478548431396484375e+01
7.478737640380859375e+01
7.478926086425781250e+01
7.479305267333984375e+01
7.479495239257812500e+01
7.479495239257812500e+01
7.479685211181640625e+01
7.480065917968750000e+01
7.480065917968750000e+01
7.480256652832031250e+01
7.480638885498046875e+01
7.480638885498046875e+01
7.481021881103515625e+01
7.481021881103515625e+01
7.481214141845703125e+01
7.481599426269531250e+01
7.481599426269531250e+01
7.481986236572265625e+01
7.481986236572265625e+01
7.482180023193359375e+01
7.482373809814453125e+01
7.482762908935546875e+01
7.482958221435546875e+01
7.483153533935546875e+01
7.483349609375000000e+01
7.483545684814453125e+01
7.483741760253906250e+01
7.483741760253906250e+01
7.484136199951171875e+01
7.484136199951171875e+01
7.484532165527343750e+01
7.484532165527343750e+01
7.484928894042968750e+01
7.484928894042968750e+01
7.485128021240234375e+01
7.485527801513671875e+01
7.485728454589843750e+01
7.485728454589843750e+01
7.485929107666015625e+01
7.486130523681640625e+01
7.486332702636718750e+01
7.486534881591796875e+01
7.486940765380859375e+01
7.486940765380859375e+01
7.487144470214843750e+01
7.487348175048828125e+01
7.487552642822265625e+01
7.487757873535156250e+01
7.487963104248046875e+01
7.488169097900390625e+01
7.488375854492187500e+01
7.488582611083984375e+01
7.488790130615234375e+01
7.488998413085937500e+01
7.489206695556640625e+01
7.489415740966796875e+01
7.489625549316406250e+01
7.489835357666015625e+01
7.490045928955078125e+01
7.490257263183593750e+01
7.490469360351562500e+01
7.490681457519531250e+01
7.490894317626953125e+01
7.491107940673828125e+01
7.491321563720703125e+01
7.491536712646484375e+01
7.491751861572265625e+01
7.491967773437500000e+01
7.492183685302734375e+01
7.492401123046875000e+01
7.492618560791015625e+01
7.492836761474609375e+01
7.493055725097656250e+01
7.493274688720703125e+01
7.493495178222656250e+01
7.493715667724609375e+01
7.493936920166015625e+01
7.494158935546875000e+01
7.494381713867187500e+01
7.494605255126953125e+01
7.494828796386718750e+01
7.495053863525390625e+01
7.495278930664062500e+01
7.495504760742187500e+01
7.495731353759765625e+01
7.495957946777343750e+01
7.496186065673828125e+01
7.496414184570312500e+01
7.496643066406250000e+01
7.496872711181640625e+01
7.497103118896484375e+01
7.497333526611328125e+01
7.497797393798828125e+01
7.497797393798828125e+01
7.498030090332031250e+01
7.498263549804687500e+01
7.498497009277343750e+01
7.498731994628906250e+01
7.498966979980468750e+01
7.499202728271484375e+01
7.499439239501953125e+01
7.499675750732421875e+01
7.499913787841796875e+01
7.500151824951171875e+01
7.500390625000000000e+01
7.500629425048828125e+01
7.501110076904296875e+01
7.501110076904296875e+01
7.501593017578125000e+01
7.501835632324218750e+01
7.501835632324218750e+01
7.502321624755859375e+01
7.502321624755859375e+01
7.502565765380859375e+01
7.502810668945312500e+01
7.503056335449218750e+01
7.503302001953125000e+01
7.503795623779296875e+01
7.504042816162109375e+01
7.504042816162109375e+01
7.504291534423828125e+01
7.504540252685546875e+01
7.504788970947265625e+01
7.505039215087890625e+01
7.505289459228515625e+01
7.505540466308593750e+01
7.505792236328125000e+01
7.506044769287109375e+01
7.506297302246093750e+01
7.506550598144531250e+01
7.506804656982421875e+01
7.507314300537109375e+01
7.507314300537109375e+01
7.507569885253906250e+01
7.507825469970703125e+01
7.508082580566406250e+01
7.508339691162109375e+01
7.508597564697265625e+01
7.508855438232421875e+01
7.509114837646484375e+01
7.509374237060546875e+01
7.509634399414062500e+01
7.509894561767578125e+01
7.510155487060546875e+01
7.510417175292968750e+01
7.510679626464843750e+01
7.510942077636718750e+01
7.511205291748046875e+01
7.511469268798828125e+01
7.511997985839843750e+01
7.511997985839843750e+01
7.512529754638671875e+01
7.512529754638671875e+01
7.512796020507812500e+01
7.513330078125000000e+01
7.513330078125000000e+01
7.513598632812500000e+01
7.513867187500000000e+01
7.514135742187500000e+01
7.514405822753906250e+01
7.514675903320312500e+01
7.514945983886718750e+01
7.515489196777343750e+01
7.515489196777343750e+01
7.515761566162109375e+01
7.516033935546875000e+01
7.516580963134765625e+01
7.516580963134765625e+01
7.516854858398437500e+01
7.517129516601562500e+01
7.517404937744140625e+01
7.517680358886718750e+01
7.517956542968750000e+01
7.518233489990234375e+01
7.518511199951171875e+01
7.518788909912109375e+01
7.519066619873046875e+01
7.519624328613281250e+01
7.519624328613281250e+01
7.520184326171875000e+01
7.520184326171875000e+01
7.520465087890625000e+01
7.520746612548828125e+01
7.521310424804687500e+01
7.521592712402343750e+01
7.521592712402343750e+01
7.521875762939453125e+01
7.522443389892578125e+01
7.522443389892578125e+01
7.522727966308593750e+01
7.523013305664062500e+01
7.523298645019531250e+01
7.523583984375000000e+01
7.523870849609375000e+01
7.524445343017578125e+01
7.524445343017578125e+01
7.524732971191406250e+01
7.525021362304687500e+01
7.525309753417968750e+01
7.525888824462890625e+01
7.525888824462890625e+01
7.526178741455078125e+01
7.526469421386718750e+01
7.526760101318359375e+01
7.527343750000000000e+01
7.527343750000000000e+01
7.527635955810546875e+01
7.527928924560546875e+01
7.528516387939453125e+01
7.528516387939453125e+01
7.529104614257812500e+01
7.529399871826171875e+01
7.529399871826171875e+01
7.529695892333984375e+01
7.529991912841796875e+01
7.530287933349609375e+01
7.530584716796875000e+01
7.530882263183593750e+01
7.531179809570312500e+01
7.531776428222656250e+01
7.531776428222656250e+01
7.532075500488281250e+01
7.532674407958984375e+01
7.532674407958984375e+01
7.533275604248046875e+01
7.533275604248046875e+01
7.533576965332031250e+01
7.533878326416015625e+01
7.534180450439453125e+01
7.534482574462890625e+01
7.534785461425781250e+01
7.535089111328125000e+01
7.535391998291015625e+01
7.535696411132812500e+01
7.536000823974609375e+01
7.536305999755859375e+01
7.536611175537109375e+01
7.536916351318359375e+01
7.537223052978515625e+01
7.537528991699218750e+01
7.537836456298828125e+01
7.538143157958984375e+01
7.538451385498046875e+01
7.538758850097656250e+01
7.539376831054687500e+01
7.539376831054687500e+01
7.539685821533203125e+01
7.539995574951171875e+01
7.540305328369140625e+01
7.540926361083984375e+01
7.540926361083984375e+01
7.541237640380859375e+01
7.541549682617187500e+01
7.541861724853515625e+01
7.542173767089843750e+01
7.542486572265625000e+01
7.542799377441406250e+01
7.543112945556640625e+01
7.543427276611328125e+01
7.543741607666015625e+01
7.544055938720703125e+01
7.544371032714843750e+01
7.544686126708984375e+01
7.545001983642578125e+01
7.545317840576171875e+01
7.545634460449218750e+01
7.545951080322265625e+01
7.546268463134765625e+01
7.546585845947265625e+01
7.546903991699218750e+01
7.547222137451171875e+01
7.547541046142578125e+01
7.547859954833984375e+01
7.548178863525390625e+01
7.548498535156250000e+01
7.548818969726562500e+01
7.549459838867187500e+01
7.549781036376953125e+01
7.549781036376953125e+01
7.550102233886718750e+01
7.550424194335937500e+01
7.551068115234375000e+01
7.551391601562500000e+01
7.551391601562500000e+01
7.551714324951171875e+01
7.552037811279296875e+01
7.552361297607421875e+01
7.552685546875000000e+01
7.553009796142578125e+01
7.553334808349609375e+01
7.553659820556640625e+01
7.553985595703125000e+01
7.554311370849609375e+01
7.554637145996093750e+01
7.554963684082031250e+01
7.555290222167968750e+01
7.555944824218750000e+01
7.555944824218750000e+01
7.556272125244140625e+01
7.556600189208984375e+01
7.556929016113281250e+01
7.557257080078125000e+01
7.557915496826171875e+01
7.557915496826171875e+01
7.558574676513671875e+01
7.558574676513671875e+01
7.558905029296875000e+01
7.559235382080078125e+01
7.559566497802734375e+01
7.559897613525390625e+01
7.560228729248046875e+01
7.560560607910156250e+01
7.560892486572265625e+01
7.561557769775390625e+01
7.561890411376953125e+01
7.562223815917968750e+01
7.562223815917968750e+01
7.562557220458984375e+01
7.562891387939453125e+01
7.563225555419921875e+01
7.563560485839843750e+01
7.563895416259765625e+01
7.564566040039062500e+01
7.564566040039062500e+01
7.564901733398437500e+01
7.565237426757812500e+01
7.565573883056640625e+01
7.565910339355468750e+01
7.566247558593750000e+01
7.566584777832031250e+01
7.566922760009765625e+01
7.567260742187500000e+01
7.567598724365234375e+01
7.567937469482421875e+01
7.568615722656250000e+01
7.568615722656250000e+01
7.568955230712890625e+01
7.569294738769531250e+01
7.569635009765625000e+01
7.569975280761718750e+01
7.570316314697265625e+01
7.570657348632812500e+01
7.570998382568359375e+01
7.571682739257812500e+01
7.571682739257812500e+01
7.572024536132812500e+01
7.572367095947265625e+01
7.572710418701171875e+01
7.573053741455078125e+01
7.573397064208984375e+01
7.573741149902343750e+01
7.574085235595703125e+01
7.574429321289062500e+01
7.575119781494140625e+01
7.576502990722656250e+01
7.577196502685546875e+01
7.577196502685546875e+01
7.577544403076171875e+01
7.577891540527343750e+01
7.578239440917968750e+01
7.578588104248046875e+01
7.578936767578125000e+01
7.578936767578125000e+01
7.579984283447265625e+01
7.580333709716796875e+01
7.580333709716796875e+01
7.580683898925781250e+01
7.581034088134765625e+01
7.581034088134765625e+01
7.581385040283203125e+01
7.582438659667968750e+01
7.582438659667968750e+01
7.582791137695312500e+01
7.583496093750000000e+01
7.583496093750000000e+01
7.583496093750000000e+01
7.584555053710937500e+01
7.584555053710937500e+01
7.584909057617187500e+01
7.584909057617187500e+01
7.585972595214843750e+01
7.585972595214843750e+01
7.585972595214843750e+01
7.586327362060546875e+01
7.586327362060546875e+01
7.586327362060546875e+01
7.586327362060546875e+01
7.587751007080078125e+01
7.588107299804687500e+01
7.588822174072265625e+01
7.589179229736328125e+01
7.589537048339843750e+01
7.589537048339843750e+01
7.590254211425781250e+01
7.590612792968750000e+01
7.590972137451171875e+01
7.590972137451171875e+01
7.591690826416015625e+01
7.591690826416015625e+01
7.592411041259765625e+01
7.592771911621093750e+01
7.592771911621093750e+01
7.593494415283203125e+01
7.593856048583984375e+01
7.594217681884765625e+01
7.594942474365234375e+01
7.594942474365234375e+01
7.595305633544921875e+01
7.595668792724609375e+01
7.595668792724609375e+01
7.596395874023437500e+01
7.596759796142578125e+01
7.597124481201171875e+01
7.597489166259765625e+01
7.597853851318359375e+01
7.597853851318359375e+01
7.598584747314453125e+01
7.598584747314453125e+01
7.600050354003906250e+01
7.600418090820312500e+01
7.600785064697265625e+01
7.601152801513671875e+01
7.601521301269531250e+01
7.601521301269531250e+01
7.602258300781250000e+01
7.602258300781250000e+01
7.602996826171875000e+01
7.603366088867187500e+01
7.603366088867187500e+01
7.603736114501953125e+01
7.604106903076171875e+01
7.604476928710937500e+01
7.604848480224609375e+01
7.605590820312500000e+01
7.605962371826171875e+01
7.606334686279296875e+01
7.606707000732421875e+01
7.607080078125000000e+01
7.607080078125000000e+01
7.607826232910156250e+01
7.608200073242187500e+01
7.608573913574218750e+01
7.608573913574218750e+01
7.609323120117187500e+01
7.609698486328125000e+01
7.609698486328125000e+01
7.610073089599609375e+01
7.610449218750000000e+01
7.611200714111328125e+01
7.611200714111328125e+01
7.611954498291015625e+01
7.612331390380859375e+01
7.612709045410156250e+01
7.612709045410156250e+01
7.613464355468750000e+01
7.613464355468750000e+01
7.613842773437500000e+01
7.614221954345703125e+01
7.614600372314453125e+01
7.614979553222656250e+01
7.615739440917968750e+01
7.616119384765625000e+01
7.616119384765625000e+01
7.616880798339843750e+01
7.616880798339843750e+01
7.617643737792968750e+01
7.618025207519531250e+01
7.618407440185546875e+01
7.618407440185546875e+01
7.619172668457031250e+01
7.619555664062500000e+01
7.619938659667968750e+01
7.620322418212890625e+01
7.620706176757812500e+01
7.621090698242187500e+01
7.621475219726562500e+01
7.621859741210937500e+01
7.622245025634765625e+01
7.622630310058593750e+01
7.622630310058593750e+01
7.623402404785156250e+01
7.623789215087890625e+01
7.624175262451171875e+01
7.624562835693359375e+01
7.624949645996093750e+01
7.625337219238281250e+01
7.625725555419921875e+01
7.626113891601562500e+01
7.626502227783203125e+01
7.626891326904296875e+01
7.627280426025390625e+01
7.627280426025390625e+01
7.627670288085937500e+01
7.628450012207031250e+01
7.628840637207031250e+01
7.629231262207031250e+01
7.629621887207031250e+01
7.629621887207031250e+01
7.630405426025390625e+01
7.630796813964843750e+01
7.631189727783203125e+01
7.631189727783203125e+01
7.631974792480468750e+01
7.632368469238281250e+01
7.632368469238281250e+01
7.633155822753906250e+01
7.633549499511718750e+01
7.633943939208984375e+01
7.634339141845703125e+01
7.634734344482421875e+01
7.635129547119140625e+01
7.635524749755859375e+01
7.635524749755859375e+01
7.636317443847656250e+01
7.636714172363281250e+01
7.637110900878906250e+01
7.637508392333984375e+01
7.637905883789062500e+01
7.638303375244140625e+01
7.638701629638671875e+01
7.638701629638671875e+01
7.639498901367187500e+01
7.639498901367187500e+01
7.640297698974609375e+01
7.640697479248046875e+01
7.641097259521484375e+01
7.641097259521484375e+01
7.641898345947265625e+01
7.641898345947265625e+01
7.642700958251953125e+01
7.643102264404296875e+01
7.643102264404296875e+01
7.643906402587890625e+01
7.644309234619140625e+01
7.644712066650390625e+01
7.645114898681640625e+01
7.645518493652343750e+01
7.645922851562500000e+01
7.646327209472656250e+01
7.646731567382812500e+01
7.646731567382812500e+01
7.647541809082031250e+01
7.647946929931640625e+01
7.647946929931640625e+01
7.648759460449218750e+01
7.648759460449218750e+01
7.649572753906250000e+01
7.649980163574218750e+01
7.650387573242187500e+01
7.650795745849609375e+01
7.651203918457031250e+01
7.651612854003906250e+01
7.652021789550781250e+01
7.652430725097656250e+01
7.652840423583984375e+01
7.653250885009765625e+01
7.653660583496093750e+01
7.654071807861328125e+01
7.654483032226562500e+01
7.654894256591796875e+01
7.655306243896484375e+01
7.655718231201171875e+01
7.656130981445312500e+01
7.656130981445312500e+01
7.656956481933593750e+01
7.656956481933593750e+01
7.657369995117187500e+01
7.658198547363281250e+01
7.658613586425781250e+01
7.659028625488281250e+01
7.659443664550781250e+01
7.659859466552734375e+01
7.660275268554687500e+01
7.660691833496093750e+01
7.661109161376953125e+01
7.661526489257812500e+01
7.661943817138671875e+01
7.662361907958984375e+01
7.662780761718750000e+01
7.663198852539062500e+01
7.663198852539062500e+01
7.663618469238281250e+01
7.664038085937500000e+01
7.664457702636718750e+01
7.665298461914062500e+01
7.665298461914062500e+01
7.665719604492187500e+01
7.666141510009765625e+01
7.666563415527343750e+01
7.667407989501953125e+01
7.667407989501953125e+01
7.668254089355468750e+01
7.668678283691406250e+01
7.669102478027343750e+01
7.669526672363281250e+01
7.669952392578125000e+01
7.669952392578125000e+01
7.670377349853515625e+01
7.671229553222656250e+01
7.671656036376953125e+01
7.671656036376953125e+01
7.671656036376953125e+01
7.671656036376953125e+01
7.671656036376953125e+01
7.671656036376953125e+01
7.671656036376953125e+01
7.671656036376953125e+01
7.671656036376953125e+01
7.671656036376953125e+01
7.671656036376953125e+01
7.671656036376953125e+01
7.746120452880859375e+01
7.746401214599609375e+01
7.746681213378906250e+01
7.746961212158203125e+01
7.747241973876953125e+01
7.747521972656250000e+01
7.747802734375000000e+01
7.748082733154296875e+01
7.748362731933593750e+01
7.748643493652343750e+01
7.748923492431640625e+01
7.749203491210937500e+01
7.749483489990234375e+01
7.749764251708984375e+01
7.750044250488281250e+01
7.750324249267578125e+01
7.750604248046875000e+01
7.750884246826171875e+01
7.751164245605468750e+01
7.751444244384765625e+01
7.751723480224609375e+01
7.752003479003906250e+01
7.752283477783203125e+01
7.752562713623046875e+01
7.752842712402343750e+01
7.753121948242187500e+01
7.753401947021484375e+01
7.753681182861328125e+01
7.753960418701171875e+01
7.754240417480468750e+01
7.754519653320312500e+01
7.754798889160156250e+01
7.755077362060546875e+01
7.755356597900390625e+01
7.755635833740234375e+01
7.755914306640625000e+01
7.756193542480468750e+01
7.756472015380859375e+01
7.756750488281250000e+01
7.757028961181640625e+01
7.757307434082031250e+01
7.757585906982421875e+01
7.757864379882812500e+01
7.758142089843750000e+01
7.758420562744140625e+01
7.758698272705078125e+01
7.758975982666015625e+01
7.759253692626953125e+01
7.759531402587890625e+01
7.759809112548828125e+01
7.760086822509765625e+01
7.760363769531250000e+01
7.760640716552734375e+01
7.760918426513671875e+01
7.761195373535156250e+01
7.761471557617187500e+01
7.761748504638671875e+01
7.762024688720703125e+01
7.762301635742187500e+01
7.762577819824218750e+01
7.762854003906250000e+01
7.763129425048828125e+01
7.763405609130859375e+01
7.763681030273437500e+01
7.763957214355468750e+01
7.764231872558593750e+01
7.764507293701171875e+01
7.764782714843750000e+01
7.765057373046875000e+01
7.765332031250000000e+01
7.765606689453125000e+01
7.765881347656250000e+01
7.766155242919921875e+01
7.766429901123046875e+01
7.766703796386718750e+01
7.766977691650390625e+01
7.767250823974609375e+01
7.767524719238281250e+01
7.767797851562500000e+01
7.768070983886718750e+01
7.768343353271484375e+01
7.768616485595703125e+01
7.768888854980468750e+01
7.769161224365234375e+01
7.769432830810546875e+01
7.769705200195312500e+01
7.769976806640625000e+01
7.770248413085937500e+01
7.770520019531250000e+01
7.770790863037109375e+01
7.771061706542968750e+01
7.771332550048828125e+01
7.771602630615234375e+01
7.771872711181640625e+01
7.772142791748046875e+01
7.772412872314453125e+01
7.772682189941406250e+01
7.772952270507812500e+01
7.773220825195312500e+01
7.773490142822265625e+01
7.773758697509765625e+01
7.774027252197265625e+01
7.774295043945312500e+01
7.774563598632812500e+01
7.774831390380859375e+01
7.775098419189453125e+01
7.775366210937500000e+01
7.775633239746093750e+01
7.775899505615234375e+01
7.776166534423828125e+01
7.776432800292968750e+01
7.776698303222656250e+01
7.776964569091796875e+01
7.777230072021484375e+01
7.777494812011718750e+01
7.777760314941406250e+01
7.778024291992187500e+01
7.778289031982421875e+01
7.778553009033203125e+01
7.778816986083984375e+01
7.779080963134765625e+01
7.779344177246093750e+01
7.779607391357421875e+01
7.779869842529296875e+01
7.780132293701171875e+01
7.780394744873046875e+01
7.780656433105468750e+01
7.780918121337890625e+01
7.781179046630859375e+01
7.781439971923828125e+01
7.781700897216796875e+01
7.781961059570312500e+01
7.782221221923828125e+01
7.782481384277343750e+01
7.782740783691406250e+01
7.783000183105468750e+01
7.783258819580078125e+01
7.783517456054687500e+01
7.783775329589843750e+01
7.784033203125000000e+01
7.784291076660156250e+01
7.784548187255859375e+01
7.784805297851562500e+01
7.785061645507812500e+01
7.785317993164062500e+01
7.785574340820312500e+01
7.785574340820312500e+01
7.786084747314453125e+01
7.786339569091796875e+01
7.786594390869140625e+01
7.786848449707031250e+01
7.787102508544921875e+01
7.787355804443359375e+01
7.787609100341796875e+01
7.787862396240234375e+01
7.788114929199218750e+01
7.788366699218750000e+01
7.788869476318359375e+01
7.788869476318359375e+01
7.789120483398437500e+01
7.789621734619140625e+01
7.789621734619140625e+01
7.789871978759765625e+01
7.790121459960937500e+01
7.790370178222656250e+01
7.790618896484375000e+01
7.790867614746093750e+01
7.791609954833984375e+01
7.791609954833984375e+01
7.791609954833984375e+01
7.792103576660156250e+01
7.792349243164062500e+01
7.792349243164062500e+01
7.792840576171875000e+01
7.792840576171875000e+01
7.793085479736328125e+01
7.793329620361328125e+01
7.793573760986328125e+01
7.793817138671875000e+01
7.794060516357421875e+01
7.794303131103515625e+01
7.794545745849609375e+01
7.794787597656250000e+01
7.795029449462890625e+01
7.795270538330078125e+01
7.795510864257812500e+01
7.795751190185546875e+01
7.795990753173828125e+01
7.796230316162109375e+01
7.796469116210937500e+01
7.796707916259765625e+01
7.796945953369140625e+01
7.797183227539062500e+01
7.797420501708984375e+01
7.797657775878906250e+01
7.797893524169921875e+01
7.798129272460937500e+01
7.798365020751953125e+01
7.798600006103515625e+01
7.798834228515625000e+01
7.799068450927734375e+01
7.799301910400390625e+01
7.799534606933593750e+01
7.799767303466796875e+01
7.800231170654296875e+01
7.800231170654296875e+01
7.800462341308593750e+01
7.800923156738281250e+01
7.801152801513671875e+01
7.801152801513671875e+01
7.801611328125000000e+01
7.801839447021484375e+01
7.801839447021484375e+01
7.802067565917968750e+01
7.802294158935546875e+01
7.802521514892578125e+01
7.802747344970703125e+01
7.802973175048828125e+01
7.803199005126953125e+01
7.803423309326171875e+01
7.803647613525390625e+01
7.803871917724609375e+01
7.804094696044921875e+01
7.804318237304687500e+01
7.804540252685546875e+01
7.804762268066406250e+01
7.804983520507812500e+01
7.805204010009765625e+01
7.805424499511718750e+01
7.805644226074218750e+01
7.805863952636718750e+01
7.806082916259765625e+01
7.806301116943359375e+01
7.806519317626953125e+01
7.806736755371093750e+01
7.806953430175781250e+01
7.807170104980468750e+01
7.807386016845703125e+01
7.807601928710937500e+01
7.807816314697265625e+01
7.808031463623046875e+01
7.808245086669921875e+01
7.808458709716796875e+01
7.808671569824218750e+01
7.808884429931640625e+01
7.809096527099609375e+01
7.809307861328125000e+01
7.809519195556640625e+01
7.809729766845703125e+01
7.809940338134765625e+01
7.810150146484375000e+01
7.810359191894531250e+01
7.810568237304687500e+01
7.810776519775390625e+01
7.810984039306640625e+01
7.811191558837890625e+01
7.811398315429687500e+01
7.811605072021484375e+01
7.811810302734375000e+01
7.812016296386718750e+01
7.812220764160156250e+01
7.812425231933593750e+01
7.812629699707031250e+01
7.812833404541015625e+01
7.813036346435546875e+01
7.813238525390625000e+01
7.813440704345703125e+01
7.813642883300781250e+01
7.813844299316406250e+01
7.814044952392578125e+01
7.814244842529296875e+01
7.814444732666015625e+01
7.814643859863281250e+01
7.814842987060546875e+01
7.815041351318359375e+01
7.815239715576171875e+01
7.815436553955078125e+01
7.815634155273437500e+01
7.815830230712890625e+01
7.816026306152343750e+01
7.816222381591796875e+01
7.816417694091796875e+01
7.816612243652343750e+01
7.816806793212890625e+01
7.817000579833984375e+01
7.817193603515625000e+01
7.817386627197265625e+01
7.817578887939453125e+01
7.817771148681640625e+01
7.817962646484375000e+01
7.818153381347656250e+01
7.818344116210937500e+01
7.818534088134765625e+01
7.818724060058593750e+01
7.818913269042968750e+01
7.819101715087890625e+01
7.819290161132812500e+01
7.819478607177734375e+01
7.819665527343750000e+01
7.819852447509765625e+01
7.820039367675781250e+01
7.820225524902343750e+01
7.820410919189453125e+01
7.820596313476562500e+01
7.820780944824218750e+01
7.820965576171875000e+01
7.821149444580078125e+01
7.821332550048828125e+01
7.821515655517578125e+01
7.821697998046875000e+01
7.821880340576171875e+01
7.822061920166015625e+01
7.822242736816406250e+01
7.822423553466796875e+01
7.822604370117187500e+01
7.822784423828125000e+01
7.822963714599609375e+01
7.823142242431640625e+01
7.823320770263671875e+01
7.823499298095703125e+01
7.823677062988281250e+01
7.823854064941406250e+01
7.824031066894531250e+01
7.824207305908203125e+01
7.824383544921875000e+01
7.824559020996093750e+01
7.824733734130859375e+01
7.824908447265625000e+01
7.825082397460937500e+01
7.825256347656250000e+01
7.825429534912109375e+01
7.825602722167968750e+01
7.825775146484375000e+01
7.825947570800781250e+01
7.826119232177734375e+01
7.826290130615234375e+01
7.826461029052734375e+01
7.826631164550781250e+01
7.826801300048828125e+01
7.826970672607421875e+01
7.827139282226562500e+01
7.827307891845703125e+01
7.827476501464843750e+01
7.827644348144531250e+01
7.827811431884765625e+01
7.827978515625000000e+01
7.828144836425781250e+01
7.828311157226562500e+01
7.828476715087890625e+01
7.828642272949218750e+01
7.828807067871093750e+01
7.828971099853515625e+01
7.829135131835937500e+01
7.829298400878906250e+01
7.829461669921875000e+01
7.829624938964843750e+01
7.829786682128906250e+01
7.829949188232421875e+01
7.830110168457031250e+01
7.830271148681640625e+01
7.830432128906250000e+01
7.830592346191406250e+01
7.830751800537109375e+01
7.830911254882812500e+01
7.831070709228515625e+01
7.831229400634765625e+01
7.831387329101562500e+01
7.831545257568359375e+01
7.831702423095703125e+01
7.831859588623046875e+01
7.832015991210937500e+01
7.832171630859375000e+01
7.832328033447265625e+01
7.832482910156250000e+01
7.832637786865234375e+01
7.832792663574218750e+01
7.832946777343750000e+01
7.833100128173828125e+01
7.833253479003906250e+01
7.833406066894531250e+01
7.833558654785156250e+01
7.833711242675781250e+01
7.833862304687500000e+01
7.834014129638671875e+01
7.834164428710937500e+01
7.834315490722656250e+01
7.834465026855468750e+01
7.834614562988281250e+01
7.834764099121093750e+01
7.834912872314453125e+01
7.835061645507812500e+01
7.835209655761718750e+01
7.835356903076171875e+01
7.835504913330078125e+01
7.835651397705078125e+01
7.835797882080078125e+01
7.835944366455078125e+01
7.836090087890625000e+01
7.836235046386718750e+01
7.836380004882812500e+01
7.836524200439453125e+01
7.836668395996093750e+01
7.836812591552734375e+01
7.836956024169921875e+01
7.837098693847656250e+01
7.837241363525390625e+01
7.837383270263671875e+01
7.837525177001953125e+01
7.837667083740234375e+01
7.837807464599609375e+01
7.837948608398437500e+01
7.838088989257812500e+01
7.838228607177734375e+01
7.838368225097656250e+01
7.838507080078125000e+01
7.838645935058593750e+01
7.838784027099609375e+01
7.838922119140625000e+01
7.839060211181640625e+01
7.839196777343750000e+01
7.839334106445312500e+01
7.839470672607421875e+01
7.839606475830078125e+01
7.839742279052734375e+01
7.839877319335937500e+01
7.840012359619140625e+01
7.840146636962890625e+01
7.840280914306640625e+01
7.840415191650390625e+01
7.840547943115234375e+01
7.840681457519531250e+01
7.840814208984375000e+01
7.840946197509765625e+01
7.841078186035156250e+01
7.841210174560546875e+01
7.841341400146484375e+01
7.841471862792968750e+01
7.841602325439453125e+01
7.841732025146484375e+01
7.841861724853515625e+01
7.841991424560546875e+01
7.842120361328125000e+01
7.842248535156250000e+01
7.842376708984375000e+01
7.842504882812500000e+01
7.842632293701171875e+01
7.842759704589843750e+01
7.842886352539062500e+01
7.843012237548828125e+01
7.843138122558593750e+01
7.843264007568359375e+01
7.843389129638671875e+01
7.843514251708984375e+01
7.843638610839843750e+01
7.843762207031250000e+01
7.843885803222656250e+01
7.844009399414062500e+01
7.844132232666015625e+01
7.844255065917968750e+01
7.844377136230468750e+01
7.844498443603515625e+01
7.844620513916015625e+01
7.844741058349609375e+01
7.844861602783203125e+01
7.844982147216796875e+01
7.845101928710937500e+01
7.845221710205078125e+01
7.845340728759765625e+01
7.845459747314453125e+01
7.845578002929687500e+01
7.845695495605468750e+01
7.845813751220703125e+01
7.845930480957031250e+01
7.846047210693359375e+01
7.846163940429687500e+01
7.846279907226562500e+01
7.846395874023437500e+01
7.846511077880859375e+01
7.846626281738281250e+01
7.846740722656250000e+01
7.846855163574218750e+01
7.846968841552734375e+01
7.847081756591796875e+01
7.847194671630859375e+01
7.847307586669921875e+01
7.847419738769531250e+01
7.847531890869140625e+01
7.847643280029296875e+01
7.847754669189453125e+01
7.847865295410156250e+01
7.847975921630859375e+01
7.848085784912109375e+01
7.848194885253906250e+01
7.848304748535156250e+01
7.848413085937500000e+01
7.848521423339843750e+01
7.848629760742187500e+01
7.848737335205078125e+01
7.848844909667968750e+01
7.848951721191406250e+01
7.849057769775390625e+01
7.849163818359375000e+01
7.849269866943359375e+01
7.849375152587890625e+01
7.849480438232421875e+01
7.849584960937500000e+01
7.849688720703125000e+01
7.849792480468750000e+01
7.849896240234375000e+01
7.849999237060546875e+01
7.850102233886718750e+01
7.850204467773437500e+01
7.850305938720703125e+01
7.850407409667968750e+01
7.850508880615234375e+01
7.850609588623046875e+01
7.850709533691406250e+01
7.850809478759765625e+01
7.850909423828125000e+01
7.851008605957031250e+01
7.851107025146484375e+01
7.851205444335937500e+01
7.851303863525390625e+01
7.851400756835937500e+01
7.851498413085937500e+01
7.851595306396484375e+01
7.851691436767578125e+01
7.851787567138671875e+01
7.851882934570312500e+01
7.851978302001953125e+01
7.852073669433593750e+01
7.852168273925781250e+01
7.852262115478515625e+01
7.852355957031250000e+01
7.852449035644531250e+01
7.852542114257812500e+01
7.852634429931640625e+01
7.852726745605468750e+01
7.852818298339843750e+01
7.852909851074218750e+01
7.853000640869140625e+01
7.853091430664062500e+01
7.853181457519531250e+01
7.853271484375000000e+01
7.853360748291015625e+01
7.853449249267578125e+01
7.853538513183593750e+01
7.853626251220703125e+01
7.853626251220703125e+01
7.853801727294921875e+01
7.853888702392578125e+01
7.853974914550781250e+01
7.854147338867187500e+01
7.854147338867187500e+01
7.854232788085937500e+01
7.854317474365234375e+01
7.854402160644531250e+01
7.854486846923828125e+01
7.854570770263671875e+01
7.854653930664062500e+01
7.854737091064453125e+01
7.854819488525390625e+01
7.854901885986328125e+01
7.854984283447265625e+01
7.855065155029296875e+01
7.855146789550781250e+01
7.855226898193359375e+01
7.855387115478515625e+01
7.855387115478515625e+01
7.855467224121093750e+01
7.855545806884765625e+01
7.855624389648437500e+01
7.855702972412109375e+01
7.855780792236328125e+01
7.855858612060546875e+01
7.855935668945312500e+01
7.856011962890625000e+01
7.856088256835937500e+01
7.856164550781250000e+01
7.856240081787109375e+01
7.856314849853515625e+01
7.856389617919921875e+01
7.856464385986328125e+01
7.856538391113281250e+01
7.856611633300781250e+01
7.856684875488281250e+01
7.856757354736328125e+01
7.856829833984375000e+01
7.856901550292968750e+01
7.856973266601562500e+01
7.857044219970703125e+01
7.857115173339843750e+01
7.857185363769531250e+01
7.857255554199218750e+01
7.857324981689453125e+01
7.857393646240234375e+01
7.857462310791015625e+01
7.857530975341796875e+01
7.857598876953125000e+01
7.857666015625000000e+01
7.857733154296875000e+01
7.857800292968750000e+01
7.857866668701171875e+01
7.857932281494140625e+01
7.857997894287109375e+01
7.858062744140625000e+01
7.858127593994140625e+01
7.858191680908203125e+01
7.858255767822265625e+01
7.858319091796875000e+01
7.858382415771484375e+01
7.858444976806640625e+01
7.858506774902343750e+01
7.858568572998046875e+01
7.858630371093750000e+01
7.858691406250000000e+01
7.858751678466796875e+01
7.858811950683593750e+01
7.858872222900390625e+01
7.858930969238281250e+01
7.858990478515625000e+01
7.859049224853515625e+01
7.859107208251953125e+01
7.859165191650390625e+01
7.859222412109375000e+01
7.859278869628906250e+01
7.859335327148437500e+01
7.859391784667968750e+01
7.859447479248046875e+01
7.859503173828125000e+01
7.859558105468750000e+01
7.859612274169921875e+01
7.859666442871093750e+01
7.859719848632812500e+01
7.859773254394531250e+01
7.859826660156250000e+01
7.859878540039062500e+01
7.859931182861328125e+01
7.859982299804687500e+01
7.860033416748046875e+01
7.860084533691406250e+01
7.860134887695312500e+01
7.860185241699218750e+01
7.860234832763671875e+01
7.860283660888671875e+01
7.860332489013671875e+01
7.860380554199218750e+01
7.860428619384765625e+01
7.860476684570312500e+01
7.860523223876953125e+01
7.860570526123046875e+01
7.860616302490234375e+01
7.860662078857421875e+01
7.860707855224609375e+01
7.860752868652343750e+01
7.860797882080078125e+01
7.860842132568359375e+01
7.860885620117187500e+01
7.860929107666015625e+01
7.860971832275390625e+01
7.861014556884765625e+01
7.861057281494140625e+01
7.861098480224609375e+01
7.861140441894531250e+01
7.861180877685546875e+01
7.861221313476562500e+01
7.861261749267578125e+01
7.861301422119140625e+01
7.861341094970703125e+01
7.861380004882812500e+01
7.861418151855468750e+01
7.861456298828125000e+01
7.861493682861328125e+01
7.861531066894531250e+01
7.861568450927734375e+01
7.861604309082031250e+01
7.861640930175781250e+01
7.861676025390625000e+01
7.861711120605468750e+01
7.861746215820312500e+01
7.861780548095703125e+01
7.861814880371093750e+01
7.861848449707031250e+01
7.861881256103515625e+01
7.861914062500000000e+01
7.861946105957031250e+01
7.861978149414062500e+01
7.862010192871093750e+01
7.862040710449218750e+01
7.862071990966796875e+01
7.862101745605468750e+01
7.862131500244140625e+01
7.862161254882812500e+01
7.862190246582031250e+01
7.862219238281250000e+01
7.862247467041015625e+01
7.862274932861328125e+01
7.862302398681640625e+01
7.862329864501953125e+01
7.862356567382812500e+01
7.862382507324218750e+01
7.862408447265625000e+01
7.862433624267578125e+01
7.862458801269531250e+01
7.862483215332031250e+01
7.862507629394531250e+01
7.862531280517578125e+01
7.862554168701171875e+01
7.862577056884765625e+01
7.862599945068359375e+01
7.862622070312500000e+01
7.862643432617187500e+01
7.862664794921875000e+01
7.862686157226562500e+01
7.862705993652343750e+01
7.862726593017578125e+01
7.862745666503906250e+01
7.862765502929687500e+01
7.862783813476562500e+01
7.862802886962890625e+01
7.862820434570312500e+01
7.862837982177734375e+01
7.862855529785156250e+01
7.862872314453125000e+01
7.862888336181640625e+01
7.862904357910156250e+01
7.862920379638671875e+01
7.862935638427734375e+01
7.862950134277343750e+01
7.862964630126953125e+01
7.862978363037109375e+01
7.862992095947265625e+01
7.863005065917968750e+01
7.863018035888671875e+01
7.863030242919921875e+01
7.863041687011718750e+01
7.863053131103515625e+01
7.863064575195312500e+01
7.863075256347656250e+01
7.863085174560546875e+01
7.863095092773437500e+01
7.863105010986328125e+01
7.863114166259765625e+01
7.863122558593750000e+01
7.863130950927734375e+01
7.863138580322265625e+01
7.863146209716796875e+01
7.863153076171875000e+01
7.863159942626953125e+01
7.863166046142578125e+01
7.863171386718750000e+01
7.863176727294921875e+01
7.863182067871093750e+01
7.863186645507812500e+01
7.863190460205078125e+01
7.863194274902343750e+01
7.863198089599609375e+01
7.863201141357421875e+01
7.863203430175781250e+01
7.863205718994140625e+01
7.863207244873046875e+01
7.863208770751953125e+01
7.863209533691406250e+01
7.863210296630859375e+01
7.863210296630859375e+01
7.863209533691406250e+01
7.863208770751953125e+01
7.863208007812500000e+01
7.863208007812500000e+01
7.863204193115234375e+01
7.863201904296875000e+01
7.863201904296875000e+01
7.863196563720703125e+01
7.863192749023437500e+01
7.863188934326171875e+01
7.863184356689453125e+01
7.863179779052734375e+01
7.863174438476562500e+01
7.863174438476562500e+01
7.863162994384765625e+01
7.863156127929687500e+01
7.863149261474609375e+01
7.863142395019531250e+01
7.863134765625000000e+01
7.863117980957031250e+01
7.863117980957031250e+01
7.863100433349609375e+01
7.863090515136718750e+01
7.863090515136718750e+01
7.863080596923828125e+01
7.863069915771484375e+01
7.863059234619140625e+01
7.863047790527343750e+01
7.863036346435546875e+01
7.863024139404296875e+01
7.863011932373046875e+01
7.862985229492187500e+01
7.862985229492187500e+01
7.862971496582031250e+01
7.862957763671875000e+01
7.862943267822265625e+01
7.862928009033203125e+01
7.862912750244140625e+01
7.862897491455078125e+01
7.862881469726562500e+01
7.862864685058593750e+01
7.862847900390625000e+01
7.862812805175781250e+01
7.862812805175781250e+01
7.862794494628906250e+01
7.862776184082031250e+01
7.862757110595703125e+01
7.862718200683593750e+01
7.862697601318359375e+01
7.862697601318359375e+01
7.862677001953125000e+01
7.862677001953125000e+01
7.862677001953125000e+01
7.862677001953125000e+01
7.862677001953125000e+01
7.862677001953125000e+01
7.862677001953125000e+01
7.862677001953125000e+01
7.862677001953125000e+01
7.840472412109375000e+01
7.840296936035156250e+01
7.840120697021484375e+01
7.839945220947265625e+01
7.839769744873046875e+01
7.839593505859375000e+01
7.839418029785156250e+01
7.839242553710937500e+01
7.839066314697265625e+01
7.838890838623046875e+01
7.838715362548828125e+01
7.838539123535156250e+01
7.838363647460937500e+01
7.838187408447265625e+01
7.838011169433593750e+01
7.837835693359375000e+01
7.837659454345703125e+01
7.837483215332031250e+01
7.837306976318359375e+01
7.837131500244140625e+01
7.836955261230468750e+01
7.836779022216796875e+01
7.836602783203125000e+01
7.836425781250000000e+01
7.836249542236328125e+01
7.836073303222656250e+01
7.835720062255859375e+01
7.835720062255859375e+01
7.835543060302734375e+01
7.835366058349609375e+01
7.835189819335937500e+01
7.835012817382812500e+01
7.834835815429687500e+01
7.834658813476562500e+01
7.834481048583984375e+01
7.834304046630859375e+01
7.834126281738281250e+01
7.833949279785156250e+01
7.833771514892578125e+01
7.833593750000000000e+01
7.833415985107421875e+01
7.833238220214843750e+01
7.833060455322265625e+01
7.832881927490234375e+01
7.832704162597656250e+01
7.832525634765625000e+01
7.832347106933593750e+01
7.832168579101562500e+01
7.831990051269531250e+01
7.831811523437500000e+01
7.831632232666015625e+01
7.831452941894531250e+01
7.831273651123046875e+01
7.831094360351562500e+01
7.830915069580078125e+01
7.830735778808593750e+01
7.830555725097656250e+01
7.830375671386718750e+01
7.830195617675781250e+01
7.829835510253906250e+01
7.829835510253906250e+01
7.829654693603515625e+01
7.829473876953125000e+01
7.829293060302734375e+01
7.829112243652343750e+01
7.828749847412109375e+01
7.828749847412109375e+01
7.828568267822265625e+01
7.828386688232421875e+01
7.828204345703125000e+01
7.827840423583984375e+01
7.827840423583984375e+01
7.827658081054687500e+01
7.827475738525390625e+01
7.827292633056640625e+01
7.827109527587890625e+01
7.826926422119140625e+01
7.826743316650390625e+01
7.826559448242187500e+01
7.826375579833984375e+01
7.826191711425781250e+01
7.826007843017578125e+01
7.825823211669921875e+01
7.825638580322265625e+01
7.825453948974609375e+01
7.825268554687500000e+01
7.824897766113281250e+01
7.824897766113281250e+01
7.824712371826171875e+01
7.824526214599609375e+01
7.824340057373046875e+01
7.824153900146484375e+01
7.823966979980468750e+01
7.823780059814453125e+01
7.823593139648437500e+01
7.823406219482421875e+01
7.823218536376953125e+01
7.823030090332031250e+01
7.822842407226562500e+01
7.822653961181640625e+01
7.822465515136718750e+01
7.822276306152343750e+01
7.822087097167968750e+01
7.821897888183593750e+01
7.821707916259765625e+01
7.821518707275390625e+01
7.821327972412109375e+01
7.821138000488281250e+01
7.820947265625000000e+01
7.820755767822265625e+01
7.820564270019531250e+01
7.820372772216796875e+01
7.820181274414062500e+01
7.819989013671875000e+01
7.819796752929687500e+01
7.819603729248046875e+01
7.819410705566406250e+01
7.819216918945312500e+01
7.819023895263671875e+01
7.818829345703125000e+01
7.818441009521484375e+01
7.818441009521484375e+01
7.818245697021484375e+01
7.818050384521484375e+01
7.817855072021484375e+01
7.817658996582031250e+01
7.817462921142578125e+01
7.817266082763671875e+01
7.817070007324218750e+01
7.816872406005859375e+01
7.816674804687500000e+01
7.816477203369140625e+01
7.816278839111328125e+01
7.815881347656250000e+01
7.815881347656250000e+01
7.815682220458984375e+01
7.815483093261718750e+01
7.815283203125000000e+01
7.815082550048828125e+01
7.814881896972656250e+01
7.814479827880859375e+01
7.814278411865234375e+01
7.814076232910156250e+01
7.813873291015625000e+01
7.813671112060546875e+01
7.813671112060546875e+01
7.813467407226562500e+01
7.813059997558593750e+01
7.813059997558593750e+01
7.812651062011718750e+01
7.812445831298828125e+01
7.812240600585937500e+01
7.812240600585937500e+01
7.812034606933593750e+01
7.811828613281250000e+01
7.811621856689453125e+01
7.811414337158203125e+01
7.810999298095703125e+01
7.810999298095703125e+01
7.810791015625000000e+01
7.810581970214843750e+01
7.810372924804687500e+01
7.810163879394531250e+01
7.809954071044921875e+01
7.809743499755859375e+01
7.809532928466796875e+01
7.808897399902343750e+01
7.808685302734375000e+01
7.808685302734375000e+01
7.808472442626953125e+01
7.808258819580078125e+01
7.808258819580078125e+01
7.807830810546875000e+01
7.807830810546875000e+01
7.807616424560546875e+01
7.807401275634765625e+01
7.807185363769531250e+01
7.806752777099609375e+01
7.806752777099609375e+01
7.806318664550781250e+01
7.806318664550781250e+01
7.805882263183593750e+01
7.805882263183593750e+01
7.805663299560546875e+01
7.805444335937500000e+01
7.805223846435546875e+01
7.804562377929687500e+01
7.804562377929687500e+01
7.804340362548828125e+01
7.804340362548828125e+01
7.803895568847656250e+01
7.803672027587890625e+01
7.803448486328125000e+01
7.803448486328125000e+01
7.803224182128906250e+01
7.802999877929687500e+01
7.802774810791015625e+01
7.802548980712890625e+01
7.802322387695312500e+01
7.802095794677734375e+01
7.801869201660156250e+01
7.801641082763671875e+01
7.801412963867187500e+01
7.801184082031250000e+01
7.800955200195312500e+01
7.800724792480468750e+01
7.800263977050781250e+01
7.800263977050781250e+01
7.799800872802734375e+01
7.799800872802734375e+01
7.799568176269531250e+01
7.799335479736328125e+01
7.799102020263671875e+01
7.798867797851562500e+01
7.798633575439453125e+01
7.798398590087890625e+01
7.798162841796875000e+01
7.797926330566406250e+01
7.797689819335937500e+01
7.797453308105468750e+01
7.797215270996093750e+01
7.796977233886718750e+01
7.796738433837890625e+01
7.796499633789062500e+01
7.796260070800781250e+01
7.796019744873046875e+01
7.795778656005859375e+01
7.795537567138671875e+01
7.795295715332031250e+01
7.795053863525390625e+01
7.794811248779296875e+01
7.794567871093750000e+01
7.794324493408203125e+01
7.794079589843750000e+01
7.793835449218750000e+01
7.793589782714843750e+01
7.793344116210937500e+01
7.793097686767578125e+01
7.792851257324218750e+01
7.792604064941406250e+01
7.792356109619140625e+01
7.792108154296875000e+01
7.791859436035156250e+01
7.791609954833984375e+01
7.791359710693359375e+01
7.791109466552734375e+01
7.790859222412109375e+01
7.790608215332031250e+01
7.790356445312500000e+01
7.790103912353515625e+01
7.789851379394531250e+01
7.789598083496093750e+01
7.789089965820312500e+01
7.789089965820312500e+01
7.788835144042968750e+01
7.788580322265625000e+01
7.788324737548828125e+01
7.788068389892578125e+01
7.787812042236328125e+01
7.787554931640625000e+01
7.787297058105468750e+01
7.787039184570312500e+01
7.786780548095703125e+01
7.786521148681640625e+01
7.786261749267578125e+01
7.786001586914062500e+01
7.785741424560546875e+01
7.785218811035156250e+01
7.785218811035156250e+01
7.784957122802734375e+01
7.784694671630859375e+01
7.784431457519531250e+01
7.784168243408203125e+01
7.783904266357421875e+01
7.783640289306640625e+01
7.783375549316406250e+01
7.783110046386718750e+01
7.782843780517578125e+01
7.782578277587890625e+01
7.782311248779296875e+01
7.782044219970703125e+01
7.781776428222656250e+01
7.781508636474609375e+01
7.781240081787109375e+01
7.780970764160156250e+01
7.780431365966796875e+01
7.780431365966796875e+01
7.779889678955078125e+01
7.779889678955078125e+01
7.779618835449218750e+01
7.779346466064453125e+01
7.779074859619140625e+01
7.778801727294921875e+01
7.778528594970703125e+01
7.778254699707031250e+01
7.777706146240234375e+01
7.777706146240234375e+01
7.777431488037109375e+01
7.776879882812500000e+01
7.776879882812500000e+01
7.776602935791015625e+01
7.776326751708984375e+01
7.776049041748046875e+01
7.775771331787109375e+01
7.775492858886718750e+01
7.775214385986328125e+01
7.774935150146484375e+01
7.774655914306640625e+01
7.774375915527343750e+01
7.774095153808593750e+01
7.773814392089843750e+01
7.773532867431640625e+01
7.773251342773437500e+01
7.772969055175781250e+01
7.772686004638671875e+01
7.772119140625000000e+01
7.772119140625000000e+01
7.771835327148437500e+01
7.771266174316406250e+01
7.770980834960937500e+01
7.770980834960937500e+01
7.770694732666015625e+01
7.770408630371093750e+01
7.770121765136718750e+01
7.769834899902343750e+01
7.769547271728515625e+01
7.769258880615234375e+01
7.768682098388671875e+01
7.768682098388671875e+01
7.768392944335937500e+01
7.768103027343750000e+01
7.767812347412109375e+01
7.767522430419921875e+01
7.767230987548828125e+01
7.766939544677734375e+01
7.766648101806640625e+01
7.766355133056640625e+01
7.766062927246093750e+01
7.765769195556640625e+01
7.765476226806640625e+01
7.765181732177734375e+01
7.764887237548828125e+01
7.764592742919921875e+01
7.764297485351562500e+01
7.764001464843750000e+01
7.763705444335937500e+01
7.763408660888671875e+01
7.762814331054687500e+01
7.762814331054687500e+01
7.762516784667968750e+01
7.762218475341796875e+01
7.761920166015625000e+01
7.761621093750000000e+01
7.761321258544921875e+01
7.761021423339843750e+01
7.760720825195312500e+01
7.760420227050781250e+01
7.760119628906250000e+01
7.759817504882812500e+01
7.759515380859375000e+01
7.759213256835937500e+01
7.758910369873046875e+01
7.758607482910156250e+01
7.758303833007812500e+01
7.757999420166015625e+01
7.757695007324218750e+01
7.757390594482421875e+01
7.757085418701171875e+01
7.756779479980468750e+01
7.756473541259765625e+01
7.756166839599609375e+01
7.755860137939453125e+01
7.755553436279296875e+01
7.755245208740234375e+01
7.754937744140625000e+01
7.754628753662109375e+01
7.754319763183593750e+01
7.754010772705078125e+01
7.753701019287109375e+01
7.753391265869140625e+01
7.753080749511718750e+01
7.752770233154296875e+01
7.752458953857421875e+01
7.752146911621093750e+01
7.751834869384765625e+01
7.751522827148437500e+01
7.751210021972656250e+01
7.750582885742187500e+01
7.750582885742187500e+01
7.750269317626953125e+01
7.749954986572265625e+01
7.749639892578125000e+01
7.749324798583984375e+01
7.749009704589843750e+01
7.748693847656250000e+01
7.748377227783203125e+01
7.748060607910156250e+01
7.747743988037109375e+01
7.747426605224609375e+01
7.747108459472656250e+01
7.746790313720703125e+01
7.746471405029296875e+01
7.746152496337890625e+01
7.745833587646484375e+01
7.745513916015625000e+01
7.745193481445312500e+01
7.744873046875000000e+01
7.744552612304687500e+01
7.744231414794921875e+01
7.743909454345703125e+01
7.743587493896484375e+01
7.743265533447265625e+01
7.742942810058593750e+01
7.742619323730468750e+01
7.742295837402343750e+01
7.741972351074218750e+01
7.741648101806640625e+01
7.741323089599609375e+01
7.740998840332031250e+01
7.740673065185546875e+01
7.740347290039062500e+01
7.740021514892578125e+01
7.739694976806640625e+01
7.739368438720703125e+01
7.739041137695312500e+01
7.738713073730468750e+01
7.738385772705078125e+01
7.738056945800781250e+01
7.737728118896484375e+01
7.737399291992187500e+01
7.737069702148437500e+01
7.736740112304687500e+01
7.736409759521484375e+01
7.736079406738281250e+01
7.735748291015625000e+01
7.735417175292968750e+01
7.735085296630859375e+01
7.734753417968750000e+01
7.734420776367187500e+01
7.734088134765625000e+01
7.733754730224609375e+01
7.733421325683593750e+01
7.733087158203125000e+01
7.732752990722656250e+01
7.732418060302734375e+01
7.732083129882812500e+01
7.731747436523437500e+01
7.731411743164062500e+01
7.731076049804687500e+01
7.730738830566406250e+01
7.730402374267578125e+01
7.730065155029296875e+01
7.729727172851562500e+01
7.729389190673828125e+01
7.728711700439453125e+01
7.728711700439453125e+01
7.728372192382812500e+01
7.728032684326171875e+01
7.727352142333984375e+01
7.727352142333984375e+01
7.727011871337890625e+01
7.726670837402343750e+01
7.726329040527343750e+01
7.725987243652343750e+01
7.725644683837890625e+01
7.725302124023437500e+01
7.724958801269531250e+01
7.724615478515625000e+01
7.724272155761718750e+01
7.723928070068359375e+01
7.723583221435546875e+01
7.723238372802734375e+01
7.722892761230468750e+01
7.722547149658203125e+01
7.722201538085937500e+01
7.721854400634765625e+01
7.721508026123046875e+01
7.721160888671875000e+01
7.720812988281250000e+01
7.720465087890625000e+01
7.719767761230468750e+01
7.719767761230468750e+01
7.719419097900390625e+01
7.719069671630859375e+01
7.718719482421875000e+01
7.718369293212890625e+01
7.718018341064453125e+01
7.717667388916015625e+01
7.717316436767578125e+01
7.716963958740234375e+01
7.716612243652343750e+01
7.716259765625000000e+01
7.715906524658203125e+01
7.715553283691406250e+01
7.715199279785156250e+01
7.714845275878906250e+01
7.714491271972656250e+01
7.714135742187500000e+01
7.713780975341796875e+01
7.713425445556640625e+01
7.713069152832031250e+01
7.712712860107421875e+01
7.712355804443359375e+01
7.711998748779296875e+01
7.711640930175781250e+01
7.711283111572265625e+01
7.710925292968750000e+01
7.710566711425781250e+01
7.710207366943359375e+01
7.709848022460937500e+01
7.709487915039062500e+01
7.709127807617187500e+01
7.708766937255859375e+01
7.708406066894531250e+01
7.708044433593750000e+01
7.707682800292968750e+01
7.707320404052734375e+01
7.706594848632812500e+01
7.706594848632812500e+01
7.706231689453125000e+01
7.705867767333984375e+01
7.705503845214843750e+01
7.705139160156250000e+01
7.704774475097656250e+01
7.704409027099609375e+01
7.704043579101562500e+01
7.703311157226562500e+01
7.703311157226562500e+01
7.702577209472656250e+01
7.702577209472656250e+01
7.702209472656250000e+01
7.701841735839843750e+01
7.701473236083984375e+01
7.701104736328125000e+01
7.700735473632812500e+01
7.700366210937500000e+01
7.699996185302734375e+01
7.699625396728515625e+01
7.698883819580078125e+01
7.698883819580078125e+01
7.698512268066406250e+01
7.697396087646484375e+01
7.697396087646484375e+01
7.697396087646484375e+01
7.696649169921875000e+01
7.696649169921875000e+01
7.696275329589843750e+01
7.695901489257812500e+01
7.695526885986328125e+01
7.695151519775390625e+01
7.694400787353515625e+01
7.694024658203125000e+01
7.693647766113281250e+01
7.693270874023437500e+01
7.693270874023437500e+01
7.692893981933593750e+01
7.692516326904296875e+01
7.692137908935546875e+01
7.691759490966796875e+01
7.691001129150390625e+01
7.691001129150390625e+01
7.690621948242187500e+01
7.690241241455078125e+01
7.689480590820312500e+01
7.689099121093750000e+01
7.688717651367187500e+01
7.688335418701171875e+01
7.687953186035156250e+01
7.687187194824218750e+01
7.687187194824218750e+01
7.686419677734375000e+01
7.686419677734375000e+01
7.686419677734375000e+01
7.686035156250000000e+01
7.685650634765625000e+01
7.684880065917968750e+01
7.684880065917968750e+01
7.684494018554687500e+01
7.684107208251953125e+01
7.683333587646484375e+01
7.682946014404296875e+01
7.682558441162109375e+01
7.682558441162109375e+01
7.681781005859375000e+01
7.680612945556640625e+01
7.680222320556640625e+01
7.679831695556640625e+01
7.679831695556640625e+01
7.679049682617187500e+01
7.679049682617187500e+01
7.678265380859375000e+01
7.677872467041015625e+01
7.677479553222656250e+01
7.677085876464843750e+01
7.676692199707031250e+01
7.676298522949218750e+01
7.675903320312500000e+01
7.675903320312500000e+01
7.675112915039062500e+01
7.674716949462890625e+01
7.674716949462890625e+01
7.674320983886718750e+01
7.673527526855468750e+01
7.673130035400390625e+01
7.672732543945312500e+01
7.672334289550781250e+01
7.672334289550781250e+01
7.671536254882812500e+01
7.671137237548828125e+01
7.670737457275390625e+01
7.670337677001953125e+01
7.669936370849609375e+01
7.669535827636718750e+01
7.669134521484375000e+01
7.668732452392578125e+01
7.668330383300781250e+01
7.667928314208984375e+01
7.667524719238281250e+01
7.667121887207031250e+01
7.666717529296875000e+01
7.666313934326171875e+01
7.665909576416015625e+01
7.665504455566406250e+01
7.665098571777343750e+01
7.664693450927734375e+01
7.664286804199218750e+01
7.663880920410156250e+01
7.663880920410156250e+01
7.663473510742187500e+01
7.662658691406250000e+01
7.662250518798828125e+01
7.661842346191406250e+01
7.661433410644531250e+01
7.661023712158203125e+01
7.660614013671875000e+01
7.660204315185546875e+01
7.659793853759765625e+01
7.659382629394531250e+01
7.659382629394531250e+01
7.658971405029296875e+01
7.658559417724609375e+01
7.657735443115234375e+01
7.657735443115234375e+01
7.656909179687500000e+01
7.656495666503906250e+01
7.656081390380859375e+01
7.655667114257812500e+01
7.655252075195312500e+01
7.654837036132812500e+01
7.654421234130859375e+01
7.654005432128906250e+01
7.653588867187500000e+01
7.653172302246093750e+01
7.653172302246093750e+01
7.652337646484375000e+01
7.651919555664062500e+01
7.651919555664062500e+01
7.651501464843750000e+01
7.650663757324218750e+01
7.650244140625000000e+01
7.649823760986328125e+01
7.649403381347656250e+01
7.648983001708984375e+01
7.648561859130859375e+01
7.648140716552734375e+01
7.647718811035156250e+01
7.647718811035156250e+01
7.646873474121093750e+01
7.646450805664062500e+01
7.646027374267578125e+01
7.645603179931640625e+01
7.645178985595703125e+01
7.644754791259765625e+01
7.644329833984375000e+01
7.643904113769531250e+01
7.643478393554687500e+01
7.643051910400390625e+01
7.642625427246093750e+01
7.642198944091796875e+01
7.641771697998046875e+01
7.641343688964843750e+01
7.640915679931640625e+01
7.640915679931640625e+01
7.640486907958984375e+01
7.639628601074218750e+01
7.639199066162109375e+01
7.639199066162109375e+01
7.638338470458984375e+01
7.638338470458984375e+01
7.637476348876953125e+01
7.637045288085937500e+01
7.636613464355468750e+01
7.636180877685546875e+01
7.636180877685546875e+01
7.635314941406250000e+01
7.634881591796875000e+01
7.634447479248046875e+01
7.634013366699218750e+01
7.634013366699218750e+01
7.633142852783203125e+01
7.633142852783203125e+01
7.632707977294921875e+01
7.631835937500000000e+01
7.631398773193359375e+01
7.630961608886718750e+01
7.630524444580078125e+01
7.630086517333984375e+01
7.629648590087890625e+01
7.629209899902343750e+01
7.628771209716796875e+01
7.628331756591796875e+01
7.627892303466796875e+01
7.627452087402343750e+01
7.627011108398437500e+01
7.626570892333984375e+01
7.626129150390625000e+01
7.625687408447265625e+01
7.625245666503906250e+01
7.624803161621093750e+01
7.624360656738281250e+01
7.623917388916015625e+01
7.623473358154296875e+01
7.623030090332031250e+01
7.622585296630859375e+01
7.622140502929687500e+01
7.621695709228515625e+01
7.621695709228515625e+01
7.620804595947265625e+01
7.620358276367187500e+01
7.619911193847656250e+01
7.619464111328125000e+01
7.619464111328125000e+01
7.618569183349609375e+01
7.618569183349609375e+01
7.617672729492187500e+01
7.617223358154296875e+01
7.616773986816406250e+01
7.616324615478515625e+01
7.616324615478515625e+01
7.615424346923828125e+01
7.614973449707031250e+01
7.614521789550781250e+01
7.614070129394531250e+01
7.613618469238281250e+01
7.613166046142578125e+01
7.612713623046875000e+01
7.612260437011718750e+01
7.612260437011718750e+01
7.611352539062500000e+01
7.610898590087890625e+01
7.610443878173828125e+01
7.609989166259765625e+01
7.609533691406250000e+01
7.609077453613281250e+01
7.608621215820312500e+01
7.608164978027343750e+01
7.607707977294921875e+01
7.607250976562500000e+01
7.606793212890625000e+01
7.606334686279296875e+01
7.605876922607421875e+01
7.605876922607421875e+01
7.604958343505859375e+01
7.604499053955078125e+01
7.604039001464843750e+01
7.603578948974609375e+01
7.603118133544921875e+01
7.602657318115234375e+01
7.602195739746093750e+01
7.601733398437500000e+01
7.601271820068359375e+01
7.600808715820312500e+01
7.600345611572265625e+01
7.599882507324218750e+01
7.599418640136718750e+01
7.598954772949218750e+01
7.598490142822265625e+01
7.598025512695312500e+01
7.597560119628906250e+01
7.597094726562500000e+01
7.596628570556640625e+01
7.596162414550781250e+01
7.595695495605468750e+01
7.595228576660156250e+01
7.594760894775390625e+01
7.594760894775390625e+01
7.593824768066406250e+01
7.593824768066406250e+01
7.592887115478515625e+01
7.592417907714843750e+01
7.591947937011718750e+01
7.591477966308593750e+01
7.591007232666015625e+01
7.590536499023437500e+01
7.590065765380859375e+01
7.589593505859375000e+01
7.589593505859375000e+01
7.589122009277343750e+01
7.588649749755859375e+01
7.587703704833984375e+01
7.587229919433593750e+01
7.587229919433593750e+01
7.586282348632812500e+01
7.585807800292968750e+01
7.585332489013671875e+01
7.585332489013671875e+01
7.584381103515625000e+01
7.583905029296875000e+01
7.583428955078125000e+01
7.582952117919921875e+01
7.582474517822265625e+01
7.581997680664062500e+01
7.581997680664062500e+01
7.581040954589843750e+01
7.580562591552734375e+01
7.580083465576171875e+01
7.580083465576171875e+01
7.579123687744140625e+01
7.579123687744140625e+01
7.578643798828125000e+01
7.577682495117187500e+01
7.577201080322265625e+01
7.576719665527343750e+01
7.576719665527343750e+01
7.575755310058593750e+01
7.575272369384765625e+01
7.575272369384765625e+01
7.574788665771484375e+01
7.573821258544921875e+01
7.573337554931640625e+01
7.572853088378906250e+01
7.572853088378906250e+01
7.571882629394531250e+01
7.571396636962890625e+01
7.570910644531250000e+01
7.570910644531250000e+01
7.569937133789062500e+01
7.569449615478515625e+01
7.568962097167968750e+01
7.568474578857421875e+01
7.567986297607421875e+01
7.567497253417968750e+01
7.567008209228515625e+01
7.566519165039062500e+01
7.566029357910156250e+01
7.565538787841796875e+01
7.565538787841796875e+01
7.564557647705078125e+01
7.564066314697265625e+01
7.563574218750000000e+01
7.563082885742187500e+01
7.563082885742187500e+01
7.562097167968750000e+01
7.561604309082031250e+01
7.561110687255859375e+01
7.560617065429687500e+01
7.560122680664062500e+01
7.559628295898437500e+01
7.559133148193359375e+01
7.559133148193359375e+01
7.558142089843750000e+01
7.557646179199218750e+01
7.557646179199218750e+01
7.556652832031250000e+01
7.556155395507812500e+01
7.555657958984375000e+01
7.555160522460937500e+01
7.554661560058593750e+01
7.554163360595703125e+01
7.553664398193359375e+01
7.553164672851562500e+01
7.552664947509765625e+01
7.552165222167968750e+01
7.551664733886718750e+01
7.551163482666015625e+01
7.550662231445312500e+01
7.550160980224609375e+01
7.549658966064453125e+01
7.549156951904296875e+01
7.548654174804687500e+01
7.548150634765625000e+01
7.547647857666015625e+01
7.547143554687500000e+01
7.546639251708984375e+01
7.546134948730468750e+01
7.545629882812500000e+01
7.545124816894531250e+01
7.545124816894531250e+01
7.544113159179687500e+01
7.543607330322265625e+01
7.543100738525390625e+01
7.542593383789062500e+01
7.542593383789062500e+01
7.542086029052734375e+01
7.541577911376953125e+01
7.541069793701171875e+01
7.540052795410156250e+01
7.539543151855468750e+01
7.539033508300781250e+01
7.538523864746093750e+01
7.538013458251953125e+01
7.537502288818359375e+01
7.536991882324218750e+01
7.536479949951171875e+01
7.535968017578125000e+01
7.535456085205078125e+01
7.534943389892578125e+01
7.534430694580078125e+01
7.533917236328125000e+01
7.533403778076171875e+01
7.532889556884765625e+01
7.532889556884765625e+01
7.531861114501953125e+01
7.531345367431640625e+01
7.530830383300781250e+01
7.530314636230468750e+01
7.529798126220703125e+01
7.529281616210937500e+01
7.528765106201171875e+01
7.528247833251953125e+01
7.527729797363281250e+01
7.527211761474609375e+01
7.526693725585937500e+01
7.526174926757812500e+01
7.525656127929687500e+01
7.525136566162109375e+01
7.525136566162109375e+01
7.524096679687500000e+01
7.524096679687500000e+01
7.523055267333984375e+01
7.522533416748046875e+01
7.522012329101562500e+01
7.521490478515625000e+01
7.520967864990234375e+01
7.520445251464843750e+01
7.519921875000000000e+01
7.519398498535156250e+01
7.519398498535156250e+01
7.518350982666015625e+01
7.517826080322265625e+01
7.517301177978515625e+01
7.516776275634765625e+01
7.516250610351562500e+01
7.515724182128906250e+01
7.515198516845703125e+01
7.515198516845703125e+01
7.514144134521484375e+01
7.513616943359375000e+01
7.513088989257812500e+01
7.512561035156250000e+01
7.512033081054687500e+01
7.511503601074218750e+01
7.510974884033203125e+01
7.510445404052734375e+01
7.509915161132812500e+01
7.509915161132812500e+01
7.509384918212890625e+01
7.508854675292968750e+01
7.508323669433593750e+01
7.507791900634765625e+01
7.506728363037109375e+01
7.506195831298828125e+01
7.505663299560546875e+01
7.505130004882812500e+01
7.504595947265625000e+01
7.504062652587890625e+01
7.503527832031250000e+01
7.503527832031250000e+01
7.502458953857421875e+01
7.501923370361328125e+01
7.501387786865234375e+01
7.500851440429687500e+01
7.500315093994140625e+01
7.500315093994140625e+01
7.499241638183593750e+01
7.498703765869140625e+01
7.498165893554687500e+01
7.497628021240234375e+01
7.497089385986328125e+01
7.496550750732421875e+01
7.496011352539062500e+01
7.496011352539062500e+01
7.495471191406250000e+01
7.494931793212890625e+01
7.493850708007812500e+01
7.493309783935546875e+01
7.492768096923828125e+01
7.492226409912109375e+01
7.491683959960937500e+01
7.491141510009765625e+01
7.490599060058593750e+01
7.490055847167968750e+01
7.489511871337890625e+01
7.488967895507812500e+01
7.488423919677734375e+01
7.487879180908203125e+01
7.487334442138671875e+01
7.486788940429687500e+01
7.486243438720703125e+01
7.485697174072265625e+01
7.485150909423828125e+01
7.484603881835937500e+01
7.484056854248046875e+01
7.483509826660156250e+01
7.482962036132812500e+01
7.482413482666015625e+01
7.481864929199218750e+01
7.481316375732421875e+01
7.480767059326171875e+01
7.480216979980468750e+01
7.479666900634765625e+01
7.479116821289062500e+01
7.478565979003906250e+01
7.478565979003906250e+01
7.478015136718750000e+01
7.476911926269531250e+01
7.476359558105468750e+01
7.476359558105468750e+01
7.475254821777343750e+01
7.474701690673828125e+01
7.474147796630859375e+01
7.473593902587890625e+01
7.473593902587890625e+01
7.472485351562500000e+01
7.472485351562500000e+01
7.471375274658203125e+01
7.470819091796875000e+01
7.470263671875000000e+01
7.469706726074218750e+01
7.469150543212890625e+01
7.468593597412109375e+01
7.468035888671875000e+01
7.467478179931640625e+01
7.466919708251953125e+01
7.466361236572265625e+01
7.465802764892578125e+01
7.465243530273437500e+01
7.464683532714843750e+01
7.464124298095703125e+01
7.463563537597656250e+01
7.463003540039062500e+01
7.462442016601562500e+01
7.461881256103515625e+01
7.461881256103515625e+01
7.461318969726562500e+01
7.460757446289062500e+01
7.459632110595703125e+01
7.459069061279296875e+01
7.458506011962890625e+01
7.457942199707031250e+01
7.457942199707031250e+01
7.456813049316406250e+01
7.456248474121093750e+01
7.456248474121093750e+01
7.455117797851562500e+01
7.454551696777343750e+01
7.453985595703125000e+01
7.453418731689453125e+01
7.453418731689453125e+01
7.452285003662109375e+01
7.451717376708984375e+01
7.451148986816406250e+01
7.450580596923828125e+01
7.450012207031250000e+01
7.449443054199218750e+01
7.448873901367187500e+01
7.448873901367187500e+01
7.447734069824218750e+01
7.447163391113281250e+01
7.446592712402343750e+01
7.446592712402343750e+01
7.445449829101562500e+01
7.444878387451171875e+01
7.444306182861328125e+01
7.443733978271484375e+01
7.443161010742187500e+01
7.442587280273437500e+01
7.442587280273437500e+01
7.442013549804687500e+01
7.441439819335937500e+01
7.440290832519531250e+01
7.439716339111328125e+01
7.439141082763671875e+01
7.438565063476562500e+01
7.437989044189453125e+01
7.437413024902343750e+01
7.436836242675781250e+01
7.436258697509765625e+01
7.435681915283203125e+01
7.435103607177734375e+01
7.434526062011718750e+01
7.433946990966796875e+01
7.433368682861328125e+01
7.432789611816406250e+01
7.432209777832031250e+01
7.431629943847656250e+01
7.431629943847656250e+01
7.430469512939453125e+01
7.429888153076171875e+01
7.429306793212890625e+01
7.428725433349609375e+01
7.428143310546875000e+01
7.428143310546875000e+01
7.426979064941406250e+01
7.426396179199218750e+01
7.425812530517578125e+01
7.425228881835937500e+01
7.424645233154296875e+01
7.424060821533203125e+01
7.424060821533203125e+01
7.422890472412109375e+01
7.422305297851562500e+01
7.421719360351562500e+01
7.421133422851562500e+01
7.420547485351562500e+01
7.420547485351562500e+01
7.419960784912109375e+01
7.419373321533203125e+01
7.417021179199218750e+01
7.416432952880859375e+01
7.416432952880859375e+01
7.415254211425781250e+01
7.415254211425781250e+01
7.414073944091796875e+01
7.413483428955078125e+01
7.413483428955078125e+01
7.413483428955078125e+01
7.412301635742187500e+01
7.411709594726562500e+01
7.410525512695312500e+01
7.410525512695312500e+01
7.409339904785156250e+01
7.408747100830078125e+01
7.408747100830078125e+01
7.407559204101562500e+01
7.406964874267578125e+01
7.406370544433593750e+01
7.405179595947265625e+01
7.405179595947265625e+01
7.405179595947265625e+01
7.403392028808593750e+01
7.403392028808593750e+01
7.402198028564453125e+01
7.402198028564453125e+01
7.401600646972656250e+01
7.401600646972656250e+01
7.401003265380859375e+01
7.399806213378906250e+01
7.399208068847656250e+01
7.398608398437500000e+01
7.398608398437500000e+01
7.397409057617187500e+01
7.396809387207031250e+01
7.396208953857421875e+01
7.395607757568359375e+01
7.395006561279296875e+01
7.395006561279296875e+01
7.393803405761718750e+01
7.393201446533203125e+01
7.392598724365234375e+01
7.392598724365234375e+01
7.391996002197265625e+01
7.390789794921875000e+01
7.390789794921875000e+01
7.390185546875000000e+01
7.389581298828125000e+01
7.388372039794921875e+01
7.387767028808593750e+01
7.387161254882812500e+01
7.386555480957031250e+01
7.385948944091796875e+01
7.385342407226562500e+01
7.384735870361328125e+01
7.384128570556640625e+01
7.384128570556640625e+01
7.383520507812500000e+01
7.382304382324218750e+01
7.381696319580078125e+01
7.381696319580078125e+01
7.380477905273437500e+01
7.379868316650390625e+01
7.379258728027343750e+01
7.379258728027343750e+01
7.378037261962890625e+01
7.377426147460937500e+01
7.377426147460937500e+01
7.376203918457031250e+01
7.375591278076171875e+01
7.375591278076171875e+01
7.374366760253906250e+01
7.373753356933593750e+01
7.373140716552734375e+01
7.372526550292968750e+01
7.371913146972656250e+01
7.371298217773437500e+01
7.371298217773437500e+01
7.370069122314453125e+01
7.369453430175781250e+01
7.368837738037109375e+01
7.368222045898437500e+01
7.368222045898437500e+01
7.366989135742187500e+01
7.365754699707031250e+01
7.365754699707031250e+01
7.365136718750000000e+01
7.364518737792968750e+01
7.363900756835937500e+01
7.363282012939453125e+01
7.363282012939453125e+01
7.362043762207031250e+01
7.361423492431640625e+01
7.361423492431640625e+01
7.360803985595703125e+01
7.360183715820312500e+01
7.358941650390625000e+01
7.358320617675781250e+01
7.357698822021484375e+01
7.357077026367187500e+01
7.356454467773437500e+01
7.356454467773437500e+01
7.355831909179687500e+01
7.355208587646484375e+01
7.353961944580078125e+01
7.353961944580078125e+01
7.352713012695312500e+01
7.352713012695312500e+01
7.352088928222656250e+01
7.352088928222656250e+01
7.352088928222656250e+01
7.352088928222656250e+01
7.352088928222656250e+01
7.352088928222656250e+01
7.352088928222656250e+01
7.352088928222656250e+01
7.352088928222656250e+01
7.352088928222656250e+01
7.352088928222656250e+01
7.352088928222656250e+01
7.352088928222656250e+01
7.352088928222656250e+01
7.352088928222656250e+01
7.249666595458984375e+01
7.249041748046875000e+01
7.247793579101562500e+01
7.247168731689453125e+01
7.246544647216796875e+01
7.246544647216796875e+01
7.245920562744140625e+01
7.245296478271484375e+01
7.244047546386718750e+01
7.244047546386718750e+01
7.243423461914062500e+01
7.242174530029296875e+01
7.241550445556640625e+01
7.240925598144531250e+01
7.240925598144531250e+01
7.240301513671875000e+01
7.239053344726562500e+01
7.239053344726562500e+01
7.237804412841796875e+01
7.237180328369140625e+01
7.237180328369140625e+01
7.236555480957031250e+01
7.235931396484375000e+01
7.234682464599609375e+01
7.234058380126953125e+01
7.234058380126953125e+01
7.232810211181640625e+01
7.232810211181640625e+01
7.232185363769531250e+01
7.230937194824218750e+01
7.230312347412109375e+01
7.229688262939453125e+01
7.229688262939453125e+01
7.229064178466796875e+01
7.228439331054687500e+01
7.227815246582031250e+01
7.227191162109375000e+01
7.225942230224609375e+01
7.225318145751953125e+01
7.225318145751953125e+01
7.224069213867187500e+01
7.224069213867187500e+01
7.223445129394531250e+01
7.222196197509765625e+01
7.222196197509765625e+01
7.221572113037109375e+01
7.220948028564453125e+01
7.220323181152343750e+01
7.219699096679687500e+01
7.218450927734375000e+01
7.218450927734375000e+01
7.217201995849609375e+01
7.216577911376953125e+01
7.216577911376953125e+01
7.215953063964843750e+01
7.215328979492187500e+01
7.214704895019531250e+01
7.214080047607421875e+01
7.213455963134765625e+01
7.212831878662109375e+01
7.212207794189453125e+01
7.211582946777343750e+01
7.210334777832031250e+01
7.209709930419921875e+01
7.209709930419921875e+01
7.208461761474609375e+01
7.208461761474609375e+01
7.207212829589843750e+01
7.206588745117187500e+01
7.206588745117187500e+01
7.205339813232421875e+01
7.205339813232421875e+01
7.204091644287109375e+01
7.204091644287109375e+01
7.202842712402343750e+01
7.202218627929687500e+01
7.202218627929687500e+01
7.201593780517578125e+01
7.200969696044921875e+01
7.200345611572265625e+01
7.199721527099609375e+01
7.198472595214843750e+01
7.198472595214843750e+01
7.197848510742187500e+01
7.196599578857421875e+01
7.195975494384765625e+01
7.195975494384765625e+01
7.195350646972656250e+01
7.194102478027343750e+01
7.193477630615234375e+01
7.193477630615234375e+01
7.192853546142578125e+01
7.192229461669921875e+01
7.191605377197265625e+01
7.190980529785156250e+01
7.190356445312500000e+01
7.189107513427734375e+01
7.188483428955078125e+01
7.188483428955078125e+01
7.187859344482421875e+01
7.186610412597656250e+01
7.186610412597656250e+01
7.185361480712890625e+01
7.184113311767578125e+01
7.183489227294921875e+01
7.182864379882812500e+01
7.182864379882812500e+01
7.182240295410156250e+01
7.181616210937500000e+01
7.181616210937500000e+01
7.180367279052734375e+01
7.179743194580078125e+01
7.179743194580078125e+01
7.178494262695312500e+01
7.178494262695312500e+01
7.177245330810546875e+01
7.176621246337890625e+01
7.175997161865234375e+01
7.175373077392578125e+01
7.175373077392578125e+01
7.174124145507812500e+01
7.173500061035156250e+01
7.173500061035156250e+01
7.172251129150390625e+01
7.171627044677734375e+01
7.171627044677734375e+01
7.170378112792968750e+01
7.169754028320312500e+01
7.169129180908203125e+01
7.169129180908203125e+01
7.168505096435546875e+01
7.167256164550781250e+01
7.166632080078125000e+01
7.166007995605468750e+01
7.165383911132812500e+01
7.164759063720703125e+01
7.164134979248046875e+01
7.164134979248046875e+01
7.162886047363281250e+01
7.162261962890625000e+01
7.161637878417968750e+01
7.161637878417968750e+01
7.160388946533203125e+01
7.159140014648437500e+01
7.159140014648437500e+01
7.159140014648437500e+01
7.158515930175781250e+01
7.157266998291015625e+01
7.156642913818359375e+01
7.156642913818359375e+01
7.155393981933593750e+01
7.155393981933593750e+01
7.154769897460937500e+01
7.154145812988281250e+01
7.153521728515625000e+01
7.152272796630859375e+01
7.152272796630859375e+01
7.151648712158203125e+01
7.151023864746093750e+01
7.150399780273437500e+01
7.149775695800781250e+01
7.148526763916015625e+01
7.147902679443359375e+01
7.147277832031250000e+01
7.147277832031250000e+01
7.146653747558593750e+01
7.145404815673828125e+01
7.144780731201171875e+01
7.144156646728515625e+01
7.143531799316406250e+01
7.143531799316406250e+01
7.142283630371093750e+01
7.141658782958984375e+01
7.141658782958984375e+01
7.140410614013671875e+01
7.139785766601562500e+01
7.139785766601562500e+01
7.139161682128906250e+01
7.138537597656250000e+01
7.137912750244140625e+01
7.137288665771484375e+01
7.136664581298828125e+01
7.136040496826171875e+01
7.135415649414062500e+01
7.134791564941406250e+01
7.133542633056640625e+01
7.132918548583984375e+01
7.132294464111328125e+01
7.131669616699218750e+01
7.131045532226562500e+01
7.131045532226562500e+01
7.129796600341796875e+01
7.129796600341796875e+01
7.128548431396484375e+01
7.128548431396484375e+01
7.127923583984375000e+01
7.126675415039062500e+01
7.126675415039062500e+01
7.126050567626953125e+01
7.124802398681640625e+01
7.124802398681640625e+01
7.124177551269531250e+01
7.123553466796875000e+01
7.122304534912109375e+01
7.121680450439453125e+01
7.121056365966796875e+01
7.120431518554687500e+01
7.119807434082031250e+01
7.119183349609375000e+01
7.119183349609375000e+01
7.118558502197265625e+01
7.117310333251953125e+01
7.117310333251953125e+01
7.116061401367187500e+01
7.116061401367187500e+01
7.114813232421875000e+01
7.114813232421875000e+01
7.114188385009765625e+01
7.112940216064453125e+01
7.112940216064453125e+01
7.111691284179687500e+01
7.111067199707031250e+01
7.111067199707031250e+01
7.109818267822265625e+01
7.109194183349609375e+01
7.109194183349609375e+01
7.108569335937500000e+01
7.107945251464843750e+01
7.107321166992187500e+01
7.106696319580078125e+01
7.106072235107421875e+01
7.105448150634765625e+01
7.104823303222656250e+01
7.104199218750000000e+01
7.103575134277343750e+01
7.102950286865234375e+01
7.102326202392578125e+01
7.101702117919921875e+01
7.101077270507812500e+01
7.100453186035156250e+01
7.099829101562500000e+01
7.098580169677734375e+01
7.097956085205078125e+01
7.097332000732421875e+01
7.097332000732421875e+01
7.096083068847656250e+01
7.096083068847656250e+01
7.095458984375000000e+01
7.094834136962890625e+01
7.093585968017578125e+01
7.093585968017578125e+01
7.092337036132812500e+01
7.091712951660156250e+01
7.091088104248046875e+01
7.090464019775390625e+01
7.090464019775390625e+01
7.089215087890625000e+01
7.089215087890625000e+01
7.088591003417968750e+01
7.087966918945312500e+01
7.086717987060546875e+01
7.086717987060546875e+01
7.086093902587890625e+01
7.084844970703125000e+01
7.084844970703125000e+01
7.083596801757812500e+01
7.082971954345703125e+01
7.082971954345703125e+01
7.081723785400390625e+01
7.081099700927734375e+01
7.080474853515625000e+01
7.080474853515625000e+01
7.079850769042968750e+01
7.078601837158203125e+01
7.078601837158203125e+01
7.077353668212890625e+01
7.077353668212890625e+01
7.076104736328125000e+01
7.075480651855468750e+01
7.075480651855468750e+01
7.074855804443359375e+01
7.073607635498046875e+01
7.072983551025390625e+01
7.072983551025390625e+01
7.072358703613281250e+01
7.071110534667968750e+01
7.070485687255859375e+01
7.070485687255859375e+01
7.069237518310546875e+01
7.068613433837890625e+01
7.068613433837890625e+01
7.067988586425781250e+01
7.067364501953125000e+01
7.066740417480468750e+01
7.066115570068359375e+01
7.064867401123046875e+01
7.064867401123046875e+01
7.063618469238281250e+01
7.063618469238281250e+01
7.062370300292968750e+01
7.061745452880859375e+01
7.061745452880859375e+01
7.060497283935546875e+01
7.059873199462890625e+01
7.059873199462890625e+01
7.058624267578125000e+01
7.058000183105468750e+01
7.058000183105468750e+01
7.056751251220703125e+01
7.056751251220703125e+01
7.055503082275390625e+01
7.055503082275390625e+01
7.054254150390625000e+01
7.054254150390625000e+01
7.053630065917968750e+01
7.053005981445312500e+01
7.051757049560546875e+01
7.051132965087890625e+01
7.050508117675781250e+01
7.049884033203125000e+01
7.049884033203125000e+01
7.049259948730468750e+01
7.048635864257812500e+01
7.047386932373046875e+01
7.046762847900390625e+01
7.046762847900390625e+01
7.046138763427734375e+01
7.045513916015625000e+01
7.044265747070312500e+01
7.044265747070312500e+01
7.043641662597656250e+01
7.043016815185546875e+01
7.041768646240234375e+01
7.041768646240234375e+01
7.041144561767578125e+01
7.040519714355468750e+01
7.039895629882812500e+01
7.039271545410156250e+01
7.038647460937500000e+01
7.038022613525390625e+01
7.037398529052734375e+01
7.036774444580078125e+01
7.036150360107421875e+01
7.035525512695312500e+01
7.034901428222656250e+01
7.034277343750000000e+01
7.033653259277343750e+01
7.033028411865234375e+01
7.031780242919921875e+01
7.031780242919921875e+01
7.030531311035156250e+01
7.030531311035156250e+01
7.029283142089843750e+01
7.028659057617187500e+01
7.028034210205078125e+01
7.028034210205078125e+01
7.026786041259765625e+01
7.026161956787109375e+01
7.025537109375000000e+01
7.024913024902343750e+01
7.024913024902343750e+01
7.023664855957031250e+01
7.023040008544921875e+01
7.022415924072265625e+01
7.021791839599609375e+01
7.021791839599609375e+01
7.020543670654296875e+01
7.019918823242187500e+01
7.019294738769531250e+01
7.018670654296875000e+01
7.018670654296875000e+01
7.017421722412109375e+01
7.017421722412109375e+01
7.016797637939453125e+01
7.016173553466796875e+01
7.015549468994140625e+01
7.014300537109375000e+01
7.013676452636718750e+01
7.013676452636718750e+01
7.012427520751953125e+01
7.012427520751953125e+01
7.011803436279296875e+01
7.011179351806640625e+01
7.010555267333984375e+01
7.009306335449218750e+01
7.009306335449218750e+01
7.008682250976562500e+01
7.008058166503906250e+01
7.007433319091796875e+01
7.006809234619140625e+01
7.006185150146484375e+01
7.005561065673828125e+01
7.004936218261718750e+01
7.004312133789062500e+01
7.003688049316406250e+01
7.002439117431640625e+01
7.001815032958984375e+01
7.001815032958984375e+01
7.001190948486328125e+01
7.000566864013671875e+01
6.999317932128906250e+01
6.998693847656250000e+01
6.998069000244140625e+01
6.997444915771484375e+01
6.997444915771484375e+01
6.996820831298828125e+01
6.996196746826171875e+01
6.995571899414062500e+01
6.994323730468750000e+01
6.993699645996093750e+01
6.993074798583984375e+01
6.993074798583984375e+01
6.991826629638671875e+01
6.991201782226562500e+01
6.990577697753906250e+01
6.990577697753906250e+01
6.989953613281250000e+01
6.988704681396484375e+01
6.988080596923828125e+01
6.987456512451171875e+01
6.986831665039062500e+01
6.986831665039062500e+01
6.986207580566406250e+01
6.984959411621093750e+01
6.984334564208984375e+01
6.984334564208984375e+01
6.983710479736328125e+01
6.983086395263671875e+01
6.982461547851562500e+01
6.981837463378906250e+01
6.981213378906250000e+01
6.979964447021484375e+01
6.979964447021484375e+01
6.979340362548828125e+01
6.978715515136718750e+01
6.977467346191406250e+01
6.977467346191406250e+01
6.976843261718750000e+01
6.975594329833984375e+01
6.974970245361328125e+01
6.974970245361328125e+01
6.973721313476562500e+01
6.973721313476562500e+01
6.973097229003906250e+01
6.972472381591796875e+01
6.971224212646484375e+01
6.970599365234375000e+01
6.970599365234375000e+01
6.969350433349609375e+01
6.968726348876953125e+01
6.968102264404296875e+01
6.968102264404296875e+01
6.967477416992187500e+01
6.966853332519531250e+01
6.966229248046875000e+01
6.965604400634765625e+01
6.964980316162109375e+01
6.964356231689453125e+01
6.963731384277343750e+01
6.963107299804687500e+01
6.961858367919921875e+01
6.961234283447265625e+01
6.961234283447265625e+01
6.959985351562500000e+01
6.959985351562500000e+01
6.959361267089843750e+01
6.958112335205078125e+01
6.958112335205078125e+01
6.957487487792968750e+01
6.956863403320312500e+01
6.955614471435546875e+01
6.954990386962890625e+01
6.954990386962890625e+01
6.954365539550781250e+01
6.953741455078125000e+01
6.952492523193359375e+01
6.951868438720703125e+01
6.951868438720703125e+01
6.951243591308593750e+01
6.949994659423828125e+01
6.949370574951171875e+01
6.949370574951171875e+01
6.948121643066406250e+01
6.948121643066406250e+01
6.947496795654296875e+01
6.946247863769531250e+01
6.946247863769531250e+01
6.945623779296875000e+01
6.944374847412109375e+01
6.944374847412109375e+01
6.943125915527343750e+01
6.943125915527343750e+01
6.941876983642578125e+01
6.941876983642578125e+01
6.941252899169921875e+01
6.940628051757812500e+01
6.940003967285156250e+01
6.938755035400390625e+01
6.938755035400390625e+01
6.938130187988281250e+01
6.936881256103515625e+01
6.936257171630859375e+01
6.935632324218750000e+01
6.935632324218750000e+01
6.935008239746093750e+01
6.933759307861328125e+01
6.933134460449218750e+01
6.932509613037109375e+01
6.932509613037109375e+01
6.931885528564453125e+01
6.930636596679687500e+01
6.930636596679687500e+01
6.930011749267578125e+01
6.929387664794921875e+01
6.928138732910156250e+01
6.928138732910156250e+01
6.927513885498046875e+01
6.926889801025390625e+01
6.925640869140625000e+01
6.925640869140625000e+01
6.924391174316406250e+01
6.924391174316406250e+01
6.923142242431640625e+01
6.923142242431640625e+01
6.922518157958984375e+01
6.921269226074218750e+01
6.921269226074218750e+01
6.920644378662109375e+01
6.920020294189453125e+01
6.919395446777343750e+01
6.918146514892578125e+01
6.918146514892578125e+01
6.917521667480468750e+01
6.916897583007812500e+01
6.916272735595703125e+01
6.915648651123046875e+01
6.915023803710937500e+01
6.914399719238281250e+01
6.913774871826171875e+01
6.913150787353515625e+01
6.912525939941406250e+01
6.911901092529296875e+01
6.911277008056640625e+01
6.910652160644531250e+01
6.910028076171875000e+01
6.909403228759765625e+01
6.908154296875000000e+01
6.908154296875000000e+01
6.907530212402343750e+01
6.906905364990234375e+01
6.905656433105468750e+01
6.905656433105468750e+01
6.905032348632812500e+01
6.904407501220703125e+01
6.903783416748046875e+01
6.903158569335937500e+01
6.902534484863281250e+01
6.901909637451171875e+01
6.901285552978515625e+01
6.900036621093750000e+01
6.900036621093750000e+01
6.899411773681640625e+01
6.898787689208984375e+01
6.898162841796875000e+01
6.897538757324218750e+01
6.896913909912109375e+01
6.896289825439453125e+01
6.895664978027343750e+01
6.895040893554687500e+01
6.894416809082031250e+01
6.893167877197265625e+01
6.893167877197265625e+01
6.892543029785156250e+01
6.891918945312500000e+01
6.891294097900390625e+01
6.890045166015625000e+01
6.889421081542968750e+01
6.888796997070312500e+01
6.888172149658203125e+01
6.887548065185546875e+01
6.887548065185546875e+01
6.886923217773437500e+01
6.886299133300781250e+01
6.885675048828125000e+01
6.885050201416015625e+01
6.883802032470703125e+01
6.883802032470703125e+01
6.883177185058593750e+01
6.881929016113281250e+01
6.881929016113281250e+01
6.881304168701171875e+01
6.880680084228515625e+01
6.879431152343750000e+01
6.879431152343750000e+01
6.878807067871093750e+01
6.877558135986328125e+01
6.877558135986328125e+01
6.876309967041015625e+01
6.875685882568359375e+01
6.875685882568359375e+01
6.874436950683593750e+01
6.874436950683593750e+01
6.873188781738281250e+01
6.872563934326171875e+01
6.872563934326171875e+01
6.871939849853515625e+01
6.871315765380859375e+01
6.870067596435546875e+01
6.870067596435546875e+01
6.869442749023437500e+01
6.868818664550781250e+01
6.868194580078125000e+01
6.866946411132812500e+01
6.866322326660156250e+01
6.866322326660156250e+01
6.865073394775390625e+01
6.864449310302734375e+01
6.864449310302734375e+01
6.863825225830078125e+01
6.862577056884765625e+01
6.862577056884765625e+01
6.861952972412109375e+01
6.861328887939453125e+01
6.860080718994140625e+01
6.860080718994140625e+01
6.858832550048828125e+01
6.858208465576171875e+01
6.858208465576171875e+01
6.857584381103515625e+01
6.856960296630859375e+01
6.856336212158203125e+01
6.855712127685546875e+01
6.855088043212890625e+01
6.853839874267578125e+01
6.853839874267578125e+01
6.853215789794921875e+01
6.852591705322265625e+01
6.851967620849609375e+01
6.851344299316406250e+01
6.850096130371093750e+01
6.849472045898437500e+01
6.849472045898437500e+01
6.848847961425781250e+01
6.847600555419921875e+01
6.846976470947265625e+01
6.846352386474609375e+01
6.845728302001953125e+01
6.845728302001953125e+01
6.844480895996093750e+01
6.844480895996093750e+01
6.843856811523437500e+01
6.843232727050781250e+01
6.842609405517578125e+01
6.841985321044921875e+01
6.841361236572265625e+01
6.840737915039062500e+01
6.840113830566406250e+01
6.839489746093750000e+01
6.838866424560546875e+01
6.838242340087890625e+01
6.836994934082031250e+01
6.836370849609375000e+01
6.836370849609375000e+01
6.835747528076171875e+01
6.835123443603515625e+01
6.834500122070312500e+01
6.833252716064453125e+01
6.833252716064453125e+01
6.832005310058593750e+01
6.832005310058593750e+01
6.831381225585937500e+01
6.830757904052734375e+01
6.830133819580078125e+01
6.828886413574218750e+01
6.828263092041015625e+01
6.828263092041015625e+01
6.827639770507812500e+01
6.826392364501953125e+01
6.826392364501953125e+01
6.825768280029296875e+01
6.825144958496093750e+01
6.824520874023437500e+01
6.823274230957031250e+01
6.822650146484375000e+01
6.822650146484375000e+01
6.822026824951171875e+01
6.821402740478515625e+01
6.820779418945312500e+01
6.819532012939453125e+01
6.818908691406250000e+01
6.818908691406250000e+01
6.818284606933593750e+01
6.817037963867187500e+01
6.817037963867187500e+01
6.816413879394531250e+01
6.815790557861328125e+01
6.815166473388671875e+01
6.813919830322265625e+01
6.813295745849609375e+01
6.812672424316406250e+01
6.812048339843750000e+01
6.812048339843750000e+01
6.810800933837890625e+01
6.810177612304687500e+01
6.810177612304687500e+01
6.808930206298828125e+01
6.808306884765625000e+01
6.808306884765625000e+01
6.807059478759765625e+01
6.807059478759765625e+01
6.805812072753906250e+01
6.805187988281250000e+01
6.804564666748046875e+01
6.803940582275390625e+01
6.803317260742187500e+01
6.802693176269531250e+01
6.802693176269531250e+01
6.801445770263671875e+01
6.800821685791015625e+01
6.800198364257812500e+01
6.800198364257812500e+01
6.798950958251953125e+01
6.798326873779296875e+01
6.797079467773437500e+01
6.797079467773437500e+01
6.796455383300781250e+01
6.795831298828125000e+01
6.795207977294921875e+01
6.795207977294921875e+01
6.793959808349609375e+01
6.793336486816406250e+01
6.792712402343750000e+01
6.792088317871093750e+01
6.791464233398437500e+01
6.790840911865234375e+01
6.790840911865234375e+01
6.789592742919921875e+01
6.788968658447265625e+01
6.788968658447265625e+01
6.787720489501953125e+01
6.787096405029296875e+01
6.786472320556640625e+01
6.785848236083984375e+01
6.785224151611328125e+01
6.784600067138671875e+01
6.783975982666015625e+01
6.783351898193359375e+01
6.782727813720703125e+01
6.782103729248046875e+01
6.782103729248046875e+01
6.781479644775390625e+01
6.780231475830078125e+01
6.779607391357421875e+01
6.778982543945312500e+01
6.777734375000000000e+01
6.777110290527343750e+01
6.777110290527343750e+01
6.776485443115234375e+01
6.775861358642578125e+01
6.775861358642578125e+01
6.775236511230468750e+01
6.774612426757812500e+01
6.773363494873046875e+01
6.772739410400390625e+01
6.772739410400390625e+01
6.771490478515625000e+01
6.770865631103515625e+01
6.770240783691406250e+01
6.769616699218750000e+01
6.768991851806640625e+01
6.768991851806640625e+01
6.768991851806640625e+01
6.768991851806640625e+01
6.768991851806640625e+01
6.768991851806640625e+01
6.768991851806640625e+01
6.768991851806640625e+01
6.768991851806640625e+01
6.686305999755859375e+01
6.685565185546875000e+01
6.684825134277343750e+01
6.684085083007812500e+01
6.683344268798828125e+01
6.682604217529296875e+01
6.681864166259765625e+01
6.681123352050781250e+01
6.680383300781250000e+01
6.679642486572265625e+01
6.678901672363281250e+01
6.678161621093750000e+01
6.677420806884765625e+01
6.676679992675781250e+01
6.675939178466796875e+01
6.675198364257812500e+01
6.674457550048828125e+01
6.673716735839843750e+01
6.672975921630859375e+01
6.672234344482421875e+01
6.671493530273437500e+01
6.670751953125000000e+01
6.670010375976562500e+01
6.669269561767578125e+01
6.668527984619140625e+01
6.667785644531250000e+01
6.667044067382812500e+01
6.666301727294921875e+01
6.665560150146484375e+01
6.664817810058593750e+01
6.664075469970703125e+01
6.663333129882812500e+01
6.662590026855468750e+01
6.661847686767578125e+01
6.661104583740234375e+01
6.660361480712890625e+01
6.659618377685546875e+01
6.658875274658203125e+01
6.658131408691406250e+01
6.657387542724609375e+01
6.656643676757812500e+01
6.655899810791015625e+01
6.655155181884765625e+01
6.654410552978515625e+01
6.653665924072265625e+01
6.652921295166015625e+01
6.652175903320312500e+01
6.651430511474609375e+01
6.650685119628906250e+01
6.649939727783203125e+01
6.649193572998046875e+01
6.648447418212890625e+01
6.647701263427734375e+01
6.646954345703125000e+01
6.646207427978515625e+01
6.645460510253906250e+01
6.644712829589843750e+01
6.643965148925781250e+01
6.643217468261718750e+01
6.642469024658203125e+01
6.641720581054687500e+01
6.640972137451171875e+01
6.640222930908203125e+01
6.639473724365234375e+01
6.638724517822265625e+01
6.637974548339843750e+01
6.637224578857421875e+01
6.636473846435546875e+01
6.635723114013671875e+01
6.634972381591796875e+01
6.634220886230468750e+01
6.633469390869140625e+01
6.632717132568359375e+01
6.631964874267578125e+01
6.631212615966796875e+01
6.630459594726562500e+01
6.629705810546875000e+01
6.628952026367187500e+01
6.628198242187500000e+01
6.627443695068359375e+01
6.626689147949218750e+01
6.625933837890625000e+01
6.625178527832031250e+01
6.624423217773437500e+01
6.623666381835937500e+01
6.622910308837890625e+01
6.622153472900390625e+01
6.621395874023437500e+01
6.620638275146484375e+01
6.619879913330078125e+01
6.619121551513671875e+01
6.618362426757812500e+01
6.617603302001953125e+01
6.616843414306640625e+01
6.616083526611328125e+01
6.615322875976562500e+01
6.614561462402343750e+01
6.613800048828125000e+01
6.613038635253906250e+01
6.612275695800781250e+01
6.611513519287109375e+01
6.610749816894531250e+01
6.609986114501953125e+01
6.609222412109375000e+01
6.608457946777343750e+01
6.607692718505859375e+01
6.606926727294921875e+01
6.606160736083984375e+01
6.605394744873046875e+01
6.604627227783203125e+01
6.603859710693359375e+01
6.603092193603515625e+01
6.602323913574218750e+01
6.601554870605468750e+01
6.600785064697265625e+01
6.600015258789062500e+01
6.598473358154296875e+01
6.598473358154296875e+01
6.596929931640625000e+01
6.596157073974609375e+01
6.596157073974609375e+01
6.594610595703125000e+01
6.594610595703125000e+01
6.593836212158203125e+01
6.592285919189453125e+01
6.591510009765625000e+01
6.591510009765625000e+01
6.590734100341796875e+01
6.589957427978515625e+01
6.589179992675781250e+01
6.588401794433593750e+01
6.587622833251953125e+01
6.586843872070312500e+01
6.586064147949218750e+01
6.585284423828125000e+01
6.584503936767578125e+01
6.583722686767578125e+01
6.582940673828125000e+01
6.582157897949218750e+01
6.581375122070312500e+01
6.580591583251953125e+01
6.579808044433593750e+01
6.579023742675781250e+01
6.578237915039062500e+01
6.577452850341796875e+01
6.576666259765625000e+01
6.575879669189453125e+01
6.575092315673828125e+01
6.574304199218750000e+01
6.573516082763671875e+01
6.572727203369140625e+01
6.571937561035156250e+01
6.571147155761718750e+01
6.570356750488281250e+01
6.569565582275390625e+01
6.568773651123046875e+01
6.567980957031250000e+01
6.567188262939453125e+01
6.566394805908203125e+01
6.565600585937500000e+01
6.564805603027343750e+01
6.564010620117187500e+01
6.563214874267578125e+01
6.562418365478515625e+01
6.561621856689453125e+01
6.560823822021484375e+01
6.559226989746093750e+01
6.559226989746093750e+01
6.558428192138671875e+01
6.557627868652343750e+01
6.556827545166015625e+01
6.556026458740234375e+01
6.555225372314453125e+01
6.554422760009765625e+01
6.553620147705078125e+01
6.552816772460937500e+01
6.552012634277343750e+01
6.551208496093750000e+01
6.550402832031250000e+01
6.549597167968750000e+01
6.548790740966796875e+01
6.547984313964843750e+01
6.547176361083984375e+01
6.546368408203125000e+01
6.545559692382812500e+01
6.544750976562500000e+01
6.543940734863281250e+01
6.543130493164062500e+01
6.542319488525390625e+01
6.541507720947265625e+01
6.540695190429687500e+01
6.539882659912109375e+01
6.539069366455078125e+01
6.538255310058593750e+01
6.537440490722656250e+01
6.536624908447265625e+01
6.535809326171875000e+01
6.534992218017578125e+01
6.534175109863281250e+01
6.533358001708984375e+01
6.532539367675781250e+01
6.531720733642578125e+01
6.530900573730468750e+01
6.530080413818359375e+01
6.529260253906250000e+01
6.528438568115234375e+01
6.527616119384765625e+01
6.526793670654296875e+01
6.525970458984375000e+01
6.525146484375000000e+01
6.524322509765625000e+01
6.523497009277343750e+01
6.522671508789062500e+01
6.521845245361328125e+01
6.521018218994140625e+01
6.520190429687500000e+01
6.519361877441406250e+01
6.518533325195312500e+01
6.517703247070312500e+01
6.516873168945312500e+01
6.516042327880859375e+01
6.515211486816406250e+01
6.514379119873046875e+01
6.513546752929687500e+01
6.512712860107421875e+01
6.511878967285156250e+01
6.511044311523437500e+01
6.510209655761718750e+01
6.509373474121093750e+01
6.508537292480468750e+01
6.507699584960937500e+01
6.506861877441406250e+01
6.506023406982421875e+01
6.505184173583984375e+01
6.504344940185546875e+01
6.503504180908203125e+01
6.502663421630859375e+01
6.501821899414062500e+01
6.500979614257812500e+01
6.500136566162109375e+01
6.499292755126953125e+01
6.498448944091796875e+01
6.497603607177734375e+01
6.496758270263671875e+01
6.495912170410156250e+01
6.495066070556640625e+01
6.494219207763671875e+01
6.493371582031250000e+01
6.492523193359375000e+01
6.491674804687500000e+01
6.490825653076171875e+01
6.489975738525390625e+01
6.489125823974609375e+01
6.488275146484375000e+01
6.487423706054687500e+01
6.486572265625000000e+01
6.485720062255859375e+01
6.484867858886718750e+01
6.484014892578125000e+01
6.483161926269531250e+01
6.482308197021484375e+01
6.481453704833984375e+01
6.480599975585937500e+01
6.479744720458984375e+01
6.478889465332031250e+01
6.478034210205078125e+01
6.477178192138671875e+01
6.476322174072265625e+01
6.475466156005859375e+01
6.474609375000000000e+01
6.473751831054687500e+01
6.472895050048828125e+01
6.472037506103515625e+01
6.471179199218750000e+01
6.470321655273437500e+01
6.469463348388671875e+01
6.468604278564453125e+01
6.467745971679687500e+01
6.466886901855468750e+01
6.466027832031250000e+01
6.465168762207031250e+01
6.464308929443359375e+01
6.463449096679687500e+01
6.462590026855468750e+01
6.461729431152343750e+01
6.460869598388671875e+01
6.460009765625000000e+01
6.459149169921875000e+01
6.458289337158203125e+01
6.457428741455078125e+01
6.456568145751953125e+01
6.455707550048828125e+01
6.454847717285156250e+01
6.453987121582031250e+01
6.453126525878906250e+01
6.452265930175781250e+01
6.451405334472656250e+01
6.450544738769531250e+01
6.449684143066406250e+01
6.448823547363281250e+01
6.447962951660156250e+01
6.447102355957031250e+01
6.446242523193359375e+01
6.445381927490234375e+01
6.444522094726562500e+01
6.443661499023437500e+01
6.442801666259765625e+01
6.441941833496093750e+01
6.441082000732421875e+01
6.440222930908203125e+01
6.439363098144531250e+01
6.438504028320312500e+01
6.437644958496093750e+01
6.436786651611328125e+01
6.435927581787109375e+01
6.435069274902343750e+01
6.434210968017578125e+01
6.432495117187500000e+01
6.432495117187500000e+01
6.431638336181640625e+01
6.430780792236328125e+01
6.429924011230468750e+01
6.429067230224609375e+01
6.428211212158203125e+01
6.427355194091796875e+01
6.426499176025390625e+01
6.425643920898437500e+01
6.424788665771484375e+01
6.423934173583984375e+01
6.423080444335937500e+01
6.422225952148437500e+01
6.421372985839843750e+01
6.420519256591796875e+01
6.419667053222656250e+01
6.418814849853515625e+01
6.417962646484375000e+01
6.417111206054687500e+01
6.416260528564453125e+01
6.415409851074218750e+01
6.414559936523437500e+01
6.413710784912109375e+01
6.412861633300781250e+01
6.412013244628906250e+01
6.411165618896484375e+01
6.410317993164062500e+01
6.409471130371093750e+01
6.408625030517578125e+01
6.407778930664062500e+01
6.406934356689453125e+01
6.406089782714843750e+01
6.405245971679687500e+01
6.404402160644531250e+01
6.403559875488281250e+01
6.402717590332031250e+01
6.401876068115234375e+01
6.401035308837890625e+01
6.400195312500000000e+01
6.399356079101562500e+01
6.398517227172851562e+01
6.397679138183593750e+01
6.396841812133789062e+01
6.396004867553710938e+01
6.395169067382812500e+01
6.394333648681640625e+01
6.393498611450195312e+01
6.392664718627929688e+01
6.391831207275390625e+01
6.390998458862304688e+01
6.390166091918945312e+01
6.389334487915039062e+01
6.388503646850585938e+01
6.387673568725585938e+01
6.386843872070312500e+01
6.386014938354492188e+01
6.385186386108398438e+01
6.384358596801757812e+01
6.383531570434570312e+01
6.382705307006835938e+01
6.381879425048828125e+01
6.381054306030273438e+01
6.380229568481445312e+01
6.379405593872070312e+01
6.378582382202148438e+01
6.377759552001953125e+01
6.376937484741210938e+01
6.376115798950195312e+01
6.375294876098632812e+01
6.374474716186523438e+01
6.373654937744140625e+01
6.372835922241210938e+01
6.372017288208007812e+01
6.371199417114257812e+01
6.370382308959960938e+01
6.369565582275390625e+01
6.368749237060546875e+01
6.367933654785156250e+01
6.367118835449218750e+01
6.366304397583007812e+01
6.365490722656250000e+01
6.364677429199218750e+01
6.363864898681640625e+01
6.363052749633789062e+01
6.362241363525390625e+01
6.361430358886718750e+01
6.360620117187500000e+01
6.359810256958007812e+01
6.359001159667968750e+01
6.358192443847656250e+01
6.357384490966796875e+01
6.356576919555664062e+01
6.355770111083984375e+01
6.354963684082031250e+01
6.354157638549804688e+01
6.353352355957031250e+01
6.352547836303710938e+01
6.351743698120117188e+01
6.350939941406250000e+01
6.350136566162109375e+01
6.349334335327148438e+01
6.348532104492187500e+01
6.347730636596679688e+01
6.346929550170898438e+01
6.346129226684570312e+01
6.345329284667968750e+01
6.344530105590820312e+01
6.343730926513671875e+01
6.342932891845703125e+01
6.342134857177734375e+01
6.341337585449218750e+01
6.340541076660156250e+01
6.339744567871093750e+01
6.338948822021484375e+01
6.338153839111328125e+01
6.337358856201171875e+01
6.336564636230468750e+01
6.335771179199218750e+01
6.334977722167968750e+01
6.334185028076171875e+01
6.333392715454101562e+01
6.332601165771484375e+01
6.331809997558593750e+01
6.331019210815429688e+01
6.330228805541992188e+01
6.329439163208007812e+01
6.328649902343750000e+01
6.327861022949218750e+01
6.327072906494140625e+01
6.326284790039062500e+01
6.325497436523437500e+01
6.324710845947265625e+01
6.323924255371093750e+01
6.323138427734375000e+01
6.322352981567382812e+01
6.321567916870117188e+01
6.320783233642578125e+01
6.319999313354492188e+01
6.319215774536132812e+01
6.318432617187500000e+01
6.317649841308593750e+01
6.316867446899414062e+01
6.316085815429687500e+01
6.315304183959960938e+01
6.314523315429687500e+01
6.313742828369140625e+01
6.312962722778320312e+01
6.312183380126953125e+01
6.311404037475585938e+01
6.310625457763671875e+01
6.309847259521484375e+01
6.309069442749023438e+01
6.308292007446289062e+01
6.307514953613281250e+01
6.306738281250000000e+01
6.305962371826171875e+01
6.305186462402343750e+01
6.304411315917968750e+01
6.303636169433593750e+01
6.302861785888671875e+01
6.302087783813476562e+01
6.301314163208007812e+01
6.300540924072265625e+01
6.299768066406250000e+01
6.298995971679687500e+01
6.298223876953125000e+01
6.297452545166015625e+01
6.296681213378906250e+01
6.295910644531250000e+01
6.295140457153320312e+01
6.294370651245117188e+01
6.293601226806640625e+01
6.292832183837890625e+01
6.292063522338867188e+01
6.291295242309570312e+01
6.290527343750000000e+01
6.289760208129882812e+01
6.288993453979492188e+01
6.288226699829101562e+01
6.287460708618164062e+01
6.286695098876953125e+01
6.285929870605468750e+01
6.285165023803710938e+01
6.284400558471679688e+01
6.283636474609375000e+01
6.282873153686523438e+01
6.282109832763671875e+01
6.281347274780273438e+01
6.280584716796875000e+01
6.279822921752929688e+01
6.279061508178710938e+01
6.278300476074218750e+01
6.277539825439453125e+01
6.276779556274414062e+01
6.276019668579101562e+01
6.275260543823242188e+01
6.274501419067382812e+01
6.273743057250976562e+01
6.272984695434570312e+01
6.272227096557617188e+01
6.271469879150390625e+01
6.270713043212890625e+01
6.269956588745117188e+01
6.269200515747070312e+01
6.268444824218750000e+01
6.267689514160156250e+01
6.266934967041015625e+01
6.266934967041015625e+01
6.265426635742187500e+01
6.264672851562500000e+01
6.263919830322265625e+01
6.263167190551757812e+01
6.262414932250976562e+01
6.261663055419921875e+01
6.260911560058593750e+01
6.260160827636718750e+01
6.259410095214843750e+01
6.258659744262695312e+01
6.257910156250000000e+01
6.257160949707031250e+01
6.256411743164062500e+01
6.255663299560546875e+01
6.254915237426757812e+01
6.254167556762695312e+01
6.253420257568359375e+01
6.252673339843750000e+01
6.251927185058593750e+01
6.251181030273437500e+01
6.250435638427734375e+01
6.249690246582031250e+01
6.248945617675781250e+01
6.248201370239257812e+01
6.247457504272460938e+01
6.246714019775390625e+01
6.245970916748046875e+01
6.245228195190429688e+01
6.244485855102539062e+01
6.243743896484375000e+01
6.243002700805664062e+01
6.242261505126953125e+01
6.241521072387695312e+01
6.240041351318359375e+01
6.240041351318359375e+01
6.239302062988281250e+01
6.238563156127929688e+01
6.237824630737304688e+01
6.237086486816406250e+01
6.236348724365234375e+01
6.235611724853515625e+01
6.234874725341796875e+01
6.234138488769531250e+01
6.233402252197265625e+01
6.231931686401367188e+01
6.231931686401367188e+01
6.231196975708007812e+01
6.230462646484375000e+01
6.229728698730468750e+01
6.228995132446289062e+01
6.228262329101562500e+01
6.227529525756835938e+01
6.226797485351562500e+01
6.226065444946289062e+01
6.223872756958007812e+01
6.223872756958007812e+01
6.223872756958007812e+01
6.223142242431640625e+01
6.222412872314453125e+01
6.221683502197265625e+01
6.220954513549804688e+01
6.220225906372070312e+01
6.219498062133789062e+01
6.218770217895507812e+01
6.218043136596679688e+01
6.217316436767578125e+01
6.216589736938476562e+01
6.215863800048828125e+01
6.215138244628906250e+01
6.214413070678710938e+01
6.213688659667968750e+01
6.212964248657226562e+01
6.212240600585937500e+01
6.211516952514648438e+01
6.210794067382812500e+01
6.210071563720703125e+01
6.209349441528320312e+01
6.208628082275390625e+01
6.207906723022460938e+01
6.207186126708984375e+01
6.206465911865234375e+01
6.205746459960937500e+01
6.205027008056640625e+01
6.204308319091796875e+01
6.203590393066406250e+01
6.202872467041015625e+01
6.202155303955078125e+01
6.201438522338867188e+01
6.200722503662109375e+01
6.200006484985351562e+01
6.199291610717773438e+01
6.198576736450195312e+01
6.197862625122070312e+01
6.197149276733398438e+01
6.196435928344726562e+01
6.195723724365234375e+01
6.195011520385742188e+01
6.194300460815429688e+01
6.193589401245117188e+01
6.192879104614257812e+01
6.192169570922851562e+01
6.191460418701171875e+01
6.190751647949218750e+01
6.190043640136718750e+01
6.189336395263671875e+01
6.188629531860351562e+01
6.187923431396484375e+01
6.187217712402343750e+01
6.186512756347656250e+01
6.185808563232421875e+01
6.185104751586914062e+01
6.184401702880859375e+01
6.183699035644531250e+01
6.182997131347656250e+01
6.182295989990234375e+01
6.181595230102539062e+01
6.180895233154296875e+01
6.180195999145507812e+01
6.179497146606445312e+01
6.178799057006835938e+01
6.178101730346679688e+01
6.177405166625976562e+01
6.176708984375000000e+01
6.176013565063476562e+01
6.175318908691406250e+01
6.174625015258789062e+01
6.173931503295898438e+01
6.173239135742187500e+01
6.172547149658203125e+01
6.171855926513671875e+01
6.171165466308593750e+01
6.170475387573242188e+01
6.169786453247070312e+01
6.169098281860351562e+01
6.168410491943359375e+01
6.167723464965820312e+01
6.167037582397460938e+01
6.166352081298828125e+01
6.165667343139648438e+01
6.164983367919921875e+01
6.164300155639648438e+01
6.163617706298828125e+01
6.162936019897460938e+01
6.162255096435546875e+01
6.161574935913085938e+01
6.160895538330078125e+01
6.160217285156250000e+01
6.159539413452148438e+01
6.158862304687500000e+01
6.158185958862304688e+01
6.157510757446289062e+01
6.156836318969726562e+01
6.156162261962890625e+01
6.155489349365234375e+01
6.154817199707031250e+01
6.154145812988281250e+01
6.153475570678710938e+01
6.152805709838867188e+01
6.152136993408203125e+01
6.151469039916992188e+01
6.150801849365234375e+01
6.150135421752929688e+01
6.149470138549804688e+01
6.148805618286132812e+01
6.148141860961914062e+01
6.147478866577148438e+01
6.146817016601562500e+01
6.146155929565429688e+01
6.145495605468750000e+01
6.144836425781250000e+01
6.144178009033203125e+01
6.143520355224609375e+01
6.142863845825195312e+01
6.142208099365234375e+01
6.141553115844726562e+01
6.140899276733398438e+01
6.140246582031250000e+01
6.139594268798828125e+01
6.138943099975585938e+01
6.138293075561523438e+01
6.137643814086914062e+01
6.136995697021484375e+01
6.136348342895507812e+01
6.135701751708984375e+01
6.135056304931640625e+01
6.134412002563476562e+01
6.133768463134765625e+01
6.133126068115234375e+01
6.132484436035156250e+01
6.131843566894531250e+01
6.131203842163085938e+01
6.130564880371093750e+01
6.129927062988281250e+01
6.129289627075195312e+01
6.128653335571289062e+01
6.128018188476562500e+01
6.127383422851562500e+01
6.126749420166015625e+01
6.126116561889648438e+01
6.125484085083007812e+01
6.124852371215820312e+01
6.124221420288085938e+01
6.123591232299804688e+01
6.122961807250976562e+01
6.122333145141601562e+01
6.121704864501953125e+01
6.121077728271484375e+01
6.120450592041015625e+01
6.119824600219726562e+01
6.119198989868164062e+01
6.118573760986328125e+01
6.117949295043945312e+01
6.117325210571289062e+01
6.116701889038085938e+01
6.116078948974609375e+01
6.115456771850585938e+01
6.114834594726562500e+01
6.114213180541992188e+01
6.113592147827148438e+01
6.112971878051757812e+01
6.112351608276367188e+01
6.111731719970703125e+01
6.111112594604492188e+01
6.110493469238281250e+01
6.109874725341796875e+01
6.109256362915039062e+01
6.108638381958007812e+01
6.108020782470703125e+01
6.107403564453125000e+01
6.106786346435546875e+01
6.106169509887695312e+01
6.105552673339843750e+01
6.104936218261718750e+01
6.104320144653320312e+01
6.103704071044921875e+01
6.103088378906250000e+01
6.102472686767578125e+01
6.101856994628906250e+01
6.101241683959960938e+01
6.100626373291015625e+01
6.100011062622070312e+01
6.099395751953125000e+01
6.098165893554687500e+01
6.098165893554687500e+01
6.097550582885742188e+01
6.096935653686523438e+01
6.096320724487304688e+01
6.095705413818359375e+01
6.095090484619140625e+01
6.094475173950195312e+01
6.093860244750976562e+01
6.093244934082031250e+01
6.092629241943359375e+01
6.092013931274414062e+01
6.091398239135742188e+01
6.090782165527343750e+01
6.090166091918945312e+01
6.089550018310546875e+01
6.088933563232421875e+01
6.088317108154296875e+01
6.087700271606445312e+01
6.087083053588867188e+01
6.086465835571289062e+01
6.085847854614257812e+01
6.085229873657226562e+01
6.084611892700195312e+01
6.083993148803710938e+01
6.083374023437500000e+01
6.082754898071289062e+01
6.082135009765625000e+01
6.081515121459960938e+01
6.080894470214843750e+01
6.080273437500000000e+01
6.079652023315429688e+01
6.079030227661132812e+01
6.078407669067382812e+01
6.077785110473632812e+01
6.077161407470703125e+01
6.076537704467773438e+01
6.075913238525390625e+01
6.075288391113281250e+01
6.074662780761718750e+01
6.074036407470703125e+01
6.073409652709960938e+01
6.072782135009765625e+01
6.072154235839843750e+01
6.071525192260742188e+01
6.070896148681640625e+01
6.070265960693359375e+01
6.069635009765625000e+01
6.069003677368164062e+01
6.068371200561523438e+01
6.067737960815429688e+01
6.067104339599609375e+01
6.066469573974609375e+01
6.065834426879882812e+01
6.065198135375976562e+01
6.064561080932617188e+01
6.063922882080078125e+01
6.063284301757812500e+01
6.062644577026367188e+01
6.062003707885742188e+01
6.061362457275390625e+01
6.060719680786132812e+01
6.060076522827148438e+01
6.059431838989257812e+01
6.058786773681640625e+01
6.058140182495117188e+01
6.057493209838867188e+01
6.056844711303710938e+01
6.056195449829101562e+01
6.055545425415039062e+01
6.054894256591796875e+01
6.054242324829101562e+01
6.053589630126953125e+01
6.052935791015625000e+01
6.052280807495117188e+01
6.051625061035156250e+01
6.050968551635742188e+01
6.050311279296875000e+01
6.049652862548828125e+01
6.048993301391601562e+01
6.048333358764648438e+01
6.047672271728515625e+01
6.047010421752929688e+01
6.046347427368164062e+01
6.045683670043945312e+01
6.045019149780273438e+01
6.044353866577148438e+01
6.043687438964843750e+01
6.043020248413085938e+01
6.042352294921875000e+01
6.041683578491210938e+01
6.041014099121093750e+01
6.040343475341796875e+01
6.039672088623046875e+01
6.038999938964843750e+01
6.038327026367187500e+01
6.037653350830078125e+01
6.036978912353515625e+01
6.036303329467773438e+01
6.035627365112304688e+01
6.034950256347656250e+01
6.034272384643554688e+01
6.033594131469726562e+01
6.032914733886718750e+01
6.032234573364257812e+01
6.031553649902343750e+01
6.030871963500976562e+01
6.030189514160156250e+01
6.029506683349609375e+01
6.028822708129882812e+01
6.028137969970703125e+01
6.027452468872070312e+01
6.026766586303710938e+01
6.026079559326171875e+01
6.025392150878906250e+01
6.024703598022460938e+01
6.024014663696289062e+01
6.023324966430664062e+01
6.022634506225585938e+01
6.021943283081054688e+01
6.021251296997070312e+01
6.020558929443359375e+01
6.019865798950195312e+01
6.019171905517578125e+01
6.018477249145507812e+01
6.017781829833984375e+01
6.017086029052734375e+01
6.016389465332031250e+01
6.015692138671875000e+01
6.014994049072265625e+01
6.014295578002929688e+01
6.013596343994140625e+01
6.012896347045898438e+01
6.012195968627929688e+01
6.011494827270507812e+01
6.010792922973632812e+01
6.010090637207031250e+01
6.009387588500976562e+01
6.008684158325195312e+01
6.007979965209960938e+01
6.007275009155273438e+01
6.006569671630859375e+01
6.005863571166992188e+01
6.005157089233398438e+01
6.004449844360351562e+01
6.003742218017578125e+01
6.003033828735351562e+01
6.002324676513671875e+01
6.001615142822265625e+01
6.000905227661132812e+01
6.000194549560546875e+01
5.999483489990234375e+01
5.999483489990234375e+01
5.998059463500976562e+01
5.997346878051757812e+01
5.995919799804687500e+01
5.995919799804687500e+01
5.995205307006835938e+01
5.994490432739257812e+01
5.993775177001953125e+01
5.993059158325195312e+01
5.992342758178710938e+01
5.991625976562500000e+01
5.990908432006835938e+01
5.990190887451171875e+01
5.989472198486328125e+01
5.988753509521484375e+01
5.988034057617187500e+01
5.987314605712890625e+01
5.986594009399414062e+01
5.985873413085937500e+01
5.985152435302734375e+01
5.983708572387695312e+01
5.983708572387695312e+01
5.982986068725585938e+01
5.982263183593750000e+01
5.981539916992187500e+01
5.980816268920898438e+01
5.980091857910156250e+01
5.979367065429687500e+01
5.978642272949218750e+01
5.977916717529296875e+01
5.977190780639648438e+01
5.976464462280273438e+01
5.975738143920898438e+01
5.974283599853515625e+01
5.974283599853515625e+01
5.973555374145507812e+01
5.972827148437500000e+01
5.972098541259765625e+01
5.970639801025390625e+01
5.970639801025390625e+01
5.970639801025390625e+01
5.969179534912109375e+01
5.968449020385742188e+01
5.967717742919921875e+01
5.966986083984375000e+01
5.966254043579101562e+01
5.965521621704101562e+01
5.964788818359375000e+01
5.964055633544921875e+01
5.963322067260742188e+01
5.962588119506835938e+01
5.961853790283203125e+01
5.961118698120117188e+01
5.960383605957031250e+01
5.959647750854492188e+01
5.958911514282226562e+01
5.958174896240234375e+01
5.957437896728515625e+01
5.956700515747070312e+01
5.955962753295898438e+01
5.955224609375000000e+01
5.954486083984375000e+01
5.953746795654296875e+01
5.953007507324218750e+01
5.952267456054687500e+01
5.951527023315429688e+01
5.950786209106445312e+01
5.950045013427734375e+01
5.949303436279296875e+01
5.948561477661132812e+01
5.947819137573242188e+01
5.947076034545898438e+01
5.946332931518554688e+01
5.945589065551757812e+01
5.944844818115234375e+01
5.944100570678710938e+01
5.943355178833007812e+01
5.942609786987304688e+01
5.941864013671875000e+01
5.941117858886718750e+01
5.940370941162109375e+01
5.939623641967773438e+01
5.938876342773437500e+01
5.938128280639648438e+01
5.937379837036132812e+01
5.936630630493164062e+01
5.935881423950195312e+01
5.935131835937500000e+01
5.934381484985351562e+01
5.933630752563476562e+01
5.932879638671875000e+01
5.932128143310546875e+01
5.931376266479492188e+01
5.930624008178710938e+01
5.929870986938476562e+01
5.929117965698242188e+01
5.928364181518554688e+01
5.927610015869140625e+01
5.926855468750000000e+01
5.926100540161132812e+01
5.925344848632812500e+01
5.924589157104492188e+01
5.923832702636718750e+01
5.923075866699218750e+01
5.922318649291992188e+01
5.921561050415039062e+01
5.920803070068359375e+01
5.920044326782226562e+01
5.919285202026367188e+01
5.918525695800781250e+01
5.917765808105468750e+01
5.917005538940429688e+01
5.916244888305664062e+01
5.915483474731445312e+01
5.914722061157226562e+01
5.913959884643554688e+01
5.913197326660156250e+01
5.912434005737304688e+01
5.911670684814453125e+01
5.910906600952148438e+01
5.910142517089843750e+01
5.909377670288085938e+01
5.908612060546875000e+01
5.907846450805664062e+01
5.907080459594726562e+01
5.906313705444335938e+01
5.905546569824218750e+01
5.904779052734375000e+01
5.904011154174804688e+01
5.903242492675781250e+01
5.902473449707031250e+01
5.901704025268554688e+01
5.900934219360351562e+01
5.900164031982421875e+01
5.899393463134765625e+01
5.898622131347656250e+01
5.897850418090820312e+01
5.897078323364257812e+01
5.896305847167968750e+01
5.895532608032226562e+01
5.894758987426757812e+01
5.893984985351562500e+01
5.893210601806640625e+01
5.892435836791992188e+01
5.891660308837890625e+01
5.890884399414062500e+01
5.890108108520507812e+01
5.889331436157226562e+01
5.888554382324218750e+01
5.887776565551757812e+01
5.886998367309570312e+01
5.886219787597656250e+01
5.885440826416015625e+01
5.884661102294921875e+01
5.883880996704101562e+01
5.883100509643554688e+01
5.882319641113281250e+01
5.881538009643554688e+01
5.880756378173828125e+01
5.879973983764648438e+01
5.879191207885742188e+01
5.878407669067382812e+01
5.877624130249023438e+01
5.876839828491210938e+01
5.876055145263671875e+01
5.875269699096679688e+01
5.874484252929687500e+01
5.873698043823242188e+01
5.872911453247070312e+01
5.872124481201171875e+01
5.871336746215820312e+01
5.870548629760742188e+01
5.869760131835937500e+01
5.868971252441406250e+01
5.868181991577148438e+01
5.867391967773437500e+01
5.866601562500000000e+01
5.865810775756835938e+01
5.865019226074218750e+01
5.864227676391601562e+01
5.863435363769531250e+01
5.862642669677734375e+01
5.861849212646484375e+01
5.861055755615234375e+01
5.860261535644531250e+01
5.859466934204101562e+01
5.858671569824218750e+01
5.857876205444335938e+01
5.857080078125000000e+01
5.856283569335937500e+01
5.855486297607421875e+01
5.854689025878906250e+01
5.853890991210937500e+01
5.853092575073242188e+01
5.852293395996093750e+01
5.851493835449218750e+01
5.850694274902343750e+01
5.849893569946289062e+01
5.849092864990234375e+01
5.848291397094726562e+01
5.847489547729492188e+01
5.846687316894531250e+01
5.845884704589843750e+01
5.845081329345703125e+01
5.844277572631835938e+01
5.842668533325195312e+01
5.842668533325195312e+01
5.841863632202148438e+01
5.841863632202148438e+01
5.841863632202148438e+01
5.841863632202148438e+01
5.841863632202148438e+01
5.841057968139648438e+01
5.838637924194335938e+01
5.838637924194335938e+01
5.837022399902343750e+01
5.835404586791992188e+01
5.834595108032226562e+01
5.833785247802734375e+01
5.832974624633789062e+01
5.832163619995117188e+01
5.831352233886718750e+01
5.830540084838867188e+01
5.829727554321289062e+01
5.828914642333984375e+01
5.828101348876953125e+01
5.827287673950195312e+01
5.826473236083984375e+01
5.824842834472656250e+01
5.824026870727539062e+01
5.823210525512695312e+01
5.822393798828125000e+01
5.822393798828125000e+01
5.821576690673828125e+01
5.820758819580078125e+01
5.819940567016601562e+01
5.819121551513671875e+01
5.818302536010742188e+01
5.817482757568359375e+01
5.816662597656250000e+01
5.815841674804687500e+01
5.815020370483398438e+01
5.814198684692382812e+01
5.812553787231445312e+01
5.810906982421875000e+01
5.810906982421875000e+01
5.810082626342773438e+01
5.809258270263671875e+01
5.809258270263671875e+01
5.808433151245117188e+01
5.807607269287109375e+01
5.806781387329101562e+01
5.805954742431640625e+01
5.805127334594726562e+01
5.804299926757812500e+01
5.803471755981445312e+01
5.802643203735351562e+01
5.801813888549804688e+01
5.800984191894531250e+01
5.800154113769531250e+01
5.800154113769531250e+01
5.798492431640625000e+01
5.797661209106445312e+01
5.796828842163085938e+01
5.795996475219726562e+01
5.795163345336914062e+01
5.794329833984375000e+01
5.793495559692382812e+01
5.792661285400390625e+01
5.791825866699218750e+01
5.790990447998046875e+01
5.790154647827148438e+01
5.789318084716796875e+01
5.788481140136718750e+01
5.787643432617187500e+01
5.786805725097656250e+01
5.786805725097656250e+01
5.785128402709960938e+01
5.784289169311523438e+01
5.783449172973632812e+01
5.782609176635742188e+01
5.781768417358398438e+01
5.780927276611328125e+01
5.780085754394531250e+01
5.779243850708007812e+01
5.778401565551757812e+01
5.777558517456054688e+01
5.776715469360351562e+01
5.775871658325195312e+01
5.775027847290039062e+01
5.774183273315429688e+01
5.773338317871093750e+01
5.772492980957031250e+01
5.771647644042968750e+01
5.771647644042968750e+01
5.771647644042968750e+01
5.771647644042968750e+01
5.771647644042968750e+01
5.771647644042968750e+01
5.771647644042968750e+01
5.771647644042968750e+01
5.721595764160156250e+01
5.721595764160156250e+01
5.720843124389648438e+01
5.720090484619140625e+01
5.718585205078125000e+01
5.718585205078125000e+01
5.717832946777343750e+01
5.717080688476562500e+01
5.716328430175781250e+01
5.715576553344726562e+01
5.714824676513671875e+01
5.714073181152343750e+01
5.713321685791015625e+01
5.712570953369140625e+01
5.711820220947265625e+01
5.711069488525390625e+01
5.710319519042968750e+01
5.709569549560546875e+01
5.708820343017578125e+01
5.708071136474609375e+01
5.707322692871093750e+01
5.706574249267578125e+01
5.705826568603515625e+01
5.705079269409179688e+01
5.704332351684570312e+01
5.703585815429687500e+01
5.702840042114257812e+01
5.702094650268554688e+01
5.701349639892578125e+01
5.700605773925781250e+01
5.699861907958984375e+01
5.699119186401367188e+01
5.698376464843750000e+01
5.697634887695312500e+01
5.696894073486328125e+01
5.696153640747070312e+01
5.695413970947265625e+01
5.694675064086914062e+01
5.693936920166015625e+01
5.693199539184570312e+01
5.692462921142578125e+01
5.691727066040039062e+01
5.690992355346679688e+01
5.690258407592773438e+01
5.689525222778320312e+01
5.688792800903320312e+01
5.688061523437500000e+01
5.687331008911132812e+01
5.686601257324218750e+01
5.685873031616210938e+01
5.685145187377929688e+01
5.684418869018554688e+01
5.683693313598632812e+01
5.682968902587890625e+01
5.682245635986328125e+01
5.681523132324218750e+01
5.680802154541015625e+01
5.680081939697265625e+01
5.679363250732421875e+01
5.678645324707031250e+01
5.677928924560546875e+01
5.677213668823242188e+01
5.676499557495117188e+01
5.675786590576171875e+01
5.675074768066406250e+01
5.674364471435546875e+01
5.673655319213867188e+01
5.672947311401367188e+01
5.672240447998046875e+01
5.671534729003906250e+01
5.670830535888671875e+01
5.670127487182617188e+01
5.669425201416015625e+01
5.668724441528320312e+01
5.668024826049804688e+01
5.667326736450195312e+01
5.666629409790039062e+01
5.665933227539062500e+01
5.664544677734375000e+01
5.663852310180664062e+01
5.663852310180664062e+01
5.663160705566406250e+01
5.662470626831054688e+01
5.661781692504882812e+01
5.661093902587890625e+01
5.660406875610351562e+01
5.659721374511718750e+01
5.659037017822265625e+01
5.658353805541992188e+01
5.657671356201171875e+01
5.656990432739257812e+01
5.656310653686523438e+01
5.655631637573242188e+01
5.654954147338867188e+01
5.654277420043945312e+01
5.653602218627929688e+01
5.652927780151367188e+01
5.652254486083984375e+01
5.651582717895507812e+01
5.650911712646484375e+01
5.650241851806640625e+01
5.649572753906250000e+01
5.648905181884765625e+01
5.648238754272460938e+01
5.647573089599609375e+01
5.646908569335937500e+01
5.646245193481445312e+01
5.645582962036132812e+01
5.644921875000000000e+01
5.644261550903320312e+01
5.643602371215820312e+01
5.643602371215820312e+01
5.642287445068359375e+01
5.641631698608398438e+01
5.640976715087890625e+01
5.639670181274414062e+01
5.639670181274414062e+01
5.639018249511718750e+01
5.638367462158203125e+01
5.637717819213867188e+01
5.637069320678710938e+01
5.636421585083007812e+01
5.635774993896484375e+01
5.635129547119140625e+01
5.634484863281250000e+01
5.633841323852539062e+01
5.633198928833007812e+01
5.632557296752929688e+01
5.631916809082031250e+01
5.631277465820312500e+01
5.630638885498046875e+01
5.630001449584960938e+01
5.629365158081054688e+01
5.628730010986328125e+01
5.628095626831054688e+01
5.627462387084960938e+01
5.626830291748046875e+01
5.626198959350585938e+01
5.625568771362304688e+01
5.624939727783203125e+01
5.624311828613281250e+01
5.623684692382812500e+01
5.623058700561523438e+01
5.622433853149414062e+01
5.621810150146484375e+01
5.621187210083007812e+01
5.619945144653320312e+01
5.619945144653320312e+01
5.619325256347656250e+01
5.618706893920898438e+01
5.618089675903320312e+01
5.617473220825195312e+01
5.616857910156250000e+01
5.616243743896484375e+01
5.615630722045898438e+01
5.615018463134765625e+01
5.614407348632812500e+01
5.613797760009765625e+01
5.613188934326171875e+01
5.612581253051757812e+01
5.611974716186523438e+01
5.611368942260742188e+01
5.610764694213867188e+01
5.610161209106445312e+01
5.609559249877929688e+01
5.608958053588867188e+01
5.608358001708984375e+01
5.607759094238281250e+01
5.607161331176757812e+01
5.606564712524414062e+01
5.605968856811523438e+01
5.605374526977539062e+01
5.604781341552734375e+01
5.604188919067382812e+01
5.603598022460937500e+01
5.603007888793945312e+01
5.602419281005859375e+01
5.601831436157226562e+01
5.601244735717773438e+01
5.600659561157226562e+01
5.600075149536132812e+01
5.599491882324218750e+01
5.598909759521484375e+01
5.598328781127929688e+01
5.597749328613281250e+01
5.597170639038085938e+01
5.596593093872070312e+01
5.596016693115234375e+01
5.595441818237304688e+01
5.594867706298828125e+01
5.594294738769531250e+01
5.593722915649414062e+01
5.593152618408203125e+01
5.592583084106445312e+01
5.592015075683593750e+01
5.591447830200195312e+01
5.590882110595703125e+01
5.590317535400390625e+01
5.589753723144531250e+01
5.589191436767578125e+01
5.588630294799804688e+01
5.588070297241210938e+01
5.587511444091796875e+01
5.586954116821289062e+01
5.586397552490234375e+01
5.585842132568359375e+01
5.585288238525390625e+01
5.584735488891601562e+01
5.584183502197265625e+01
5.583633041381835938e+01
5.583084106445312500e+01
5.582535934448242188e+01
5.581988906860351562e+01
5.581443405151367188e+01
5.580899047851562500e+01
5.580355453491210938e+01
5.579813766479492188e+01
5.579272842407226562e+01
5.578733062744140625e+01
5.578194808959960938e+01
5.577657699584960938e+01
5.577121734619140625e+01
5.576586914062500000e+01
5.576053619384765625e+01
5.575521087646484375e+01
5.574990081787109375e+01
5.574460601806640625e+01
5.573931884765625000e+01
5.573404693603515625e+01
5.572878646850585938e+01
5.572353744506835938e+01
5.571829986572265625e+01
5.571307754516601562e+01
5.570786666870117188e+01
5.570266723632812500e+01
5.569748306274414062e+01
5.569231033325195312e+01
5.568714904785156250e+01
5.568199920654296875e+01
5.567686462402343750e+01
5.567174148559570312e+01
5.566662979125976562e+01
5.566153335571289062e+01
5.565644836425781250e+01
5.565137863159179688e+01
5.564631652832031250e+01
5.564126968383789062e+01
5.563623809814453125e+01
5.563121795654296875e+01
5.562620925903320312e+01
5.562121200561523438e+01
5.561623001098632812e+01
5.561125946044921875e+01
5.560630035400390625e+01
5.560135650634765625e+01
5.559642410278320312e+01
5.559150314331054688e+01
5.558659744262695312e+01
5.558170318603515625e+01
5.557682037353515625e+01
5.557194900512695312e+01
5.556708908081054688e+01
5.556224441528320312e+01
5.555741119384765625e+01
5.555258941650390625e+01
5.554777908325195312e+01
5.554298019409179688e+01
5.553819656372070312e+01
5.553342437744140625e+01
5.552865982055664062e+01
5.552391052246093750e+01
5.551917266845703125e+01
5.551444625854492188e+01
5.550973129272460938e+01
5.550503158569335938e+01
5.550033950805664062e+01
5.549565887451171875e+01
5.549098968505859375e+01
5.548633575439453125e+01
5.548168945312500000e+01
5.547705459594726562e+01
5.547243499755859375e+01
5.546782302856445312e+01
5.546322250366210938e+01
5.545863723754882812e+01
5.545405960083007812e+01
5.544493865966796875e+01
5.544039535522460938e+01
5.543586349487304688e+01
5.543133926391601562e+01
5.542683029174804688e+01
5.541784286499023438e+01
5.541336441040039062e+01
5.541336441040039062e+01
5.540889739990234375e+01
5.540444183349609375e+01
5.539999389648437500e+01
5.539556121826171875e+01
5.539556121826171875e+01
5.539113616943359375e+01
5.538672256469726562e+01
5.538231658935546875e+01
5.537792587280273438e+01
5.536481094360351562e+01
5.536481094360351562e+01
5.536045837402343750e+01
5.535178756713867188e+01
5.534746551513671875e+01
5.534315490722656250e+01
5.534315490722656250e+01
5.533885574340820312e+01
5.533885574340820312e+01
5.533456420898437500e+01
5.533028411865234375e+01
5.532601547241210938e+01
5.532175827026367188e+01
5.531751251220703125e+01
5.531327819824218750e+01
5.530905532836914062e+01
5.530484771728515625e+01
5.530064773559570312e+01
5.529646301269531250e+01
5.529228591918945312e+01
5.528812789916992188e+01
5.528397750854492188e+01
5.527984237670898438e+01
5.527572250366210938e+01
5.527161407470703125e+01
5.526752090454101562e+01
5.526343917846679688e+01
5.525937652587890625e+01
5.525532531738281250e+01
5.525128555297851562e+01
5.524726486206054688e+01
5.524325942993164062e+01
5.523926544189453125e+01
5.523529052734375000e+01
5.523133087158203125e+01
5.522738647460937500e+01
5.522345733642578125e+01
5.521954345703125000e+01
5.521564865112304688e+01
5.521176910400390625e+01
5.520790863037109375e+01
5.520406341552734375e+01
5.520023345947265625e+01
5.519642639160156250e+01
5.519263076782226562e+01
5.518885803222656250e+01
5.518510055541992188e+01
5.518136215209960938e+01
5.517764282226562500e+01
5.517394256591796875e+01
5.517026138305664062e+01
5.516659927368164062e+01
5.516295623779296875e+01
5.515933227539062500e+01
5.515572738647460938e+01
5.515214538574218750e+01
5.514858245849609375e+01
5.514503860473632812e+01
5.514151763916015625e+01
5.513801574707031250e+01
5.513453292846679688e+01
5.513107299804687500e+01
5.512763595581054688e+01
5.512422180175781250e+01
5.512082672119140625e+01
5.511745452880859375e+01
5.511410522460937500e+01
5.511077880859375000e+01
5.510747146606445312e+01
5.510419082641601562e+01
5.510093307495117188e+01
5.509769439697265625e+01
5.509447860717773438e+01
5.509128189086914062e+01
5.508810424804687500e+01
5.508494949340820312e+01
5.508180618286132812e+01
5.507868576049804688e+01
5.507558059692382812e+01
5.507249069213867188e+01
5.506941604614257812e+01
5.506635284423828125e+01
5.506330871582031250e+01
5.506027221679687500e+01
5.505725097656250000e+01
5.505424118041992188e+01
5.505124282836914062e+01
5.504825210571289062e+01
5.504526901245117188e+01
5.504229736328125000e+01
5.503933334350585938e+01
5.503637695312500000e+01
5.503342437744140625e+01
5.503047943115234375e+01
5.502753829956054688e+01
5.502460098266601562e+01
5.502166748046875000e+01
5.501873397827148438e+01
5.501580429077148438e+01
5.501287841796875000e+01
5.500994873046875000e+01
5.500701904296875000e+01
5.500408935546875000e+01
5.500115966796875000e+01
5.499822235107421875e+01
5.499528503417968750e+01
5.499234390258789062e+01
5.498939895629882812e+01
5.498644638061523438e+01
5.498348617553710938e+01
5.498051834106445312e+01
5.497754669189453125e+01
5.497456359863281250e+01
5.497157287597656250e+01
5.496857070922851562e+01
5.496555709838867188e+01
5.496253204345703125e+01
5.495949554443359375e+01
5.495644760131835938e+01
5.495338439941406250e+01
5.495030593872070312e+01
5.494721221923828125e+01
5.494410324096679688e+01
5.494097900390625000e+01
5.493783187866210938e+01
5.493467330932617188e+01
5.493149185180664062e+01
5.492829132080078125e+01
5.492507171630859375e+01
5.492182922363281250e+01
5.491856384277343750e+01
5.491527938842773438e+01
5.491196823120117188e+01
5.490863800048828125e+01
5.490528488159179688e+01
5.490190887451171875e+01
5.489850997924804688e+01
5.489508819580078125e+01
5.489164733886718750e+01
5.488818359375000000e+01
5.488470077514648438e+01
5.488119506835937500e+01
5.487766647338867188e+01
5.487055206298828125e+01
5.487055206298828125e+01
5.486696624755859375e+01
5.486335754394531250e+01
5.485972976684570312e+01
5.485608291625976562e+01
5.485241699218750000e+01
5.484873199462890625e+01
5.484502792358398438e+01
5.484130477905273438e+01
5.483756256103515625e+01
5.483380508422851562e+01
5.483002471923828125e+01
5.482622909545898438e+01
5.482241439819335938e+01
5.481858444213867188e+01
5.481473541259765625e+01
5.481087112426757812e+01
5.480698776245117188e+01
5.480308914184570312e+01
5.479917144775390625e+01
5.479523849487304688e+01
5.479129028320312500e+01
5.478732681274414062e+01
5.478334808349609375e+01
5.477935028076171875e+01
5.477534103393554688e+01
5.477131652832031250e+01
5.476727294921875000e+01
5.476321792602539062e+01
5.475914764404296875e+01
5.475506591796875000e+01
5.475096511840820312e+01
5.474685287475585938e+01
5.474272918701171875e+01
5.473859024047851562e+01
5.473443603515625000e+01
5.473027038574218750e+01
5.472609329223632812e+01
5.472190093994140625e+01
5.471769714355468750e+01
5.471348190307617188e+01
5.470925521850585938e+01
5.470501708984375000e+01
5.470076370239257812e+01
5.469650268554687500e+01
5.469222640991210938e+01
5.468794250488281250e+01
5.468364715576171875e+01
5.467934036254882812e+01
5.467502212524414062e+01
5.467069625854492188e+01
5.466635894775390625e+01
5.466201019287109375e+01
5.465765380859375000e+01
5.465328598022460938e+01
5.464890670776367188e+01
5.464451599121093750e+01
5.464011383056640625e+01
5.463570404052734375e+01
5.463128280639648438e+01
5.462685012817382812e+01
5.462240982055664062e+01
5.461795425415039062e+01
5.461349105834960938e+01
5.460901641845703125e+01
5.460453033447265625e+01
5.460003662109375000e+01
5.459552764892578125e+01
5.459101104736328125e+01
5.458648300170898438e+01
5.458194351196289062e+01
5.457739257812500000e+01
5.457283020019531250e+01
5.456825637817382812e+01
5.456367492675781250e+01
5.455907821655273438e+01
5.455447387695312500e+01
5.454985809326171875e+01
5.454523086547851562e+01
5.454058837890625000e+01
5.453593826293945312e+01
5.453127670288085938e+01
5.452660751342773438e+01
5.452192306518554688e+01
5.451722717285156250e+01
5.451251983642578125e+01
5.450780105590820312e+01
5.450307464599609375e+01
5.449833297729492188e+01
5.449357986450195312e+01
5.448881530761718750e+01
5.448403930664062500e+01
5.447925567626953125e+01
5.447445678710937500e+01
5.446964645385742188e+01
5.446482467651367188e+01
5.445999145507812500e+01
5.445514678955078125e+01
5.445029067993164062e+01
5.444054031372070312e+01
5.444054031372070312e+01
5.443564987182617188e+01
5.443074798583984375e+01
5.442583084106445312e+01
5.442090225219726562e+01
5.441596603393554688e+01
5.441101455688476562e+01
5.440605163574218750e+01
5.440107727050781250e+01
5.439608764648437500e+01
5.439109039306640625e+01
5.438607788085937500e+01
5.438105392456054688e+01
5.437601852416992188e+01
5.437097167968750000e+01
5.436591339111328125e+01
5.436083984375000000e+01
5.435575485229492188e+01
5.435065841674804688e+01
5.434555053710937500e+01
5.434042739868164062e+01
5.433529281616210938e+01
5.433014678955078125e+01
5.432498931884765625e+01
5.431981658935546875e+01
5.431463623046875000e+01
5.430943679809570312e+01
5.430422973632812500e+01
5.429900741577148438e+01
5.429377365112304688e+01
5.428852462768554688e+01
5.428326797485351562e+01
5.427799224853515625e+01
5.427270889282226562e+01
5.426741027832031250e+01
5.426210021972656250e+01
5.425677490234375000e+01
5.425143814086914062e+01
5.424608993530273438e+01
5.424072647094726562e+01
5.423534774780273438e+01
5.422996139526367188e+01
5.422455596923828125e+01
5.421914291381835938e+01
5.421371459960937500e+01
5.420827102661132812e+01
5.420281600952148438e+01
5.419734954833984375e+01
5.419186782836914062e+01
5.418637084960937500e+01
5.418086242675781250e+01
5.417533874511718750e+01
5.416980361938476562e+01
5.416425704956054688e+01
5.415869522094726562e+01
5.415311813354492188e+01
5.414752960205078125e+01
5.414192581176757812e+01
5.413630676269531250e+01
5.413067626953125000e+01
5.412503433227539062e+01
5.411937332153320312e+01
5.411370086669921875e+01
5.410801696777343750e+01
5.410231781005859375e+01
5.409660339355468750e+01
5.409087753295898438e+01
5.408513259887695312e+01
5.407938003540039062e+01
5.407360839843750000e+01
5.406782531738281250e+01
5.406202697753906250e+01
5.405621719360351562e+01
5.405038833618164062e+01
5.404454803466796875e+01
5.403869628906250000e+01
5.403282928466796875e+01
5.402694702148437500e+01
5.402105331420898438e+01
5.401514434814453125e+01
5.400922393798828125e+01
5.400329208374023438e+01
5.399734878540039062e+01
5.399139022827148438e+01
5.398542404174804688e+01
5.397944259643554688e+01
5.397344970703125000e+01
5.396744918823242188e+01
5.396143341064453125e+01
5.395541000366210938e+01
5.394937515258789062e+01
5.394333267211914062e+01
5.393727493286132812e+01
5.393120956420898438e+01
5.392513656616210938e+01
5.391905212402343750e+01
5.391296005249023438e+01
5.390686035156250000e+01
5.390074920654296875e+01
5.389463043212890625e+01
5.388850402832031250e+01
5.388236999511718750e+01
5.387622833251953125e+01
5.387007904052734375e+01
5.386392211914062500e+01
5.385775756835937500e+01
5.385158920288085938e+01
5.384540939331054688e+01
5.383922576904296875e+01
5.383303833007812500e+01
5.382684326171875000e+01
5.382064056396484375e+01
5.381443405151367188e+01
5.380822372436523438e+01
5.380200576782226562e+01
5.379578399658203125e+01
5.378955841064453125e+01
5.378332901000976562e+01
5.377709579467773438e+01
5.377085494995117188e+01
5.376461410522460938e+01
5.375836944580078125e+01
5.375212097167968750e+01
5.374587249755859375e+01
5.373961639404296875e+01
5.373336029052734375e+01
5.372710418701171875e+01
5.372084426879882812e+01
5.371458053588867188e+01
5.370831680297851562e+01
5.370205307006835938e+01
5.369578933715820312e+01
5.368952178955078125e+01
5.368325424194335938e+01
5.367698669433593750e+01
5.367698669433593750e+01
5.367698669433593750e+01
5.367698669433593750e+01
5.367698669433593750e+01
5.367698669433593750e+01
5.367698669433593750e+01
5.367698669433593750e+01
5.367698669433593750e+01
5.367698669433593750e+01
5.367698669433593750e+01
5.367698669433593750e+01
5.367698669433593750e+01
5.367698669433593750e+01
5.367698669433593750e+01
5.367698669433593750e+01
5.367698669433593750e+01
5.367698669433593750e+01
5.367698669433593750e+01
5.367698669433593750e+01
5.367698669433593750e+01
5.367698669433593750e+01
5.367698669433593750e+01
5.367698669433593750e+01
5.367698669433593750e+01
5.367698669433593750e+01
5.367698669433593750e+01
5.367698669433593750e+01
5.367698669433593750e+01
5.367698669433593750e+01
5.367698669433593750e+01
5.367698669433593750e+01
5.367698669433593750e+01
5.367698669433593750e+01
5.367698669433593750e+01
5.367698669433593750e+01
5.367698669433593750e+01
5.367698669433593750e+01
5.367698669433593750e+01
5.367698669433593750e+01
5.367698669433593750e+01
5.367698669433593750e+01
5.367698669433593750e+01
5.367698669433593750e+01
5.367698669433593750e+01
5.367698669433593750e+01
5.367698669433593750e+01
5.367698669433593750e+01
5.367698669433593750e+01
5.367698669433593750e+01
5.367698669433593750e+01
5.367698669433593750e+01
5.367698669433593750e+01
5.367698669433593750e+01
5.367698669433593750e+01
5.367698669433593750e+01
5.367698669433593750e+01
5.367698669433593750e+01
5.367698669433593750e+01
5.367698669433593750e+01
5.367698669433593750e+01
5.367698669433593750e+01
5.367698669433593750e+01
5.367698669433593750e+01
5.367698669433593750e+01
5.367698669433593750e+01
5.367698669433593750e+01
5.367698669433593750e+01
5.367698669433593750e+01
5.367698669433593750e+01
5.367698669433593750e+01
5.367698669433593750e+01
5.367698669433593750e+01
5.367698669433593750e+01
5.367698669433593750e+01
5.367698669433593750e+01
5.367698669433593750e+01
5.367698669433593750e+01
5.367698669433593750e+01
5.367698669433593750e+01
5.367698669433593750e+01
5.367698669433593750e+01
5.367698669433593750e+01
5.367698669433593750e+01
5.367698669433593750e+01
5.367698669433593750e+01
5.367698669433593750e+01
5.367698669433593750e+01
5.367698669433593750e+01
5.367698669433593750e+01
5.367698669433593750e+01
5.367698669433593750e+01
5.367698669433593750e+01
5.367698669433593750e+01
5.367698669433593750e+01
5.367698669433593750e+01
5.367698669433593750e+01
5.367698669433593750e+01
5.367698669433593750e+01
5.367698669433593750e+01
5.367698669433593750e+01
5.367698669433593750e+01
5.367698669433593750e+01
5.367698669433593750e+01
5.367698669433593750e+01
5.367698669433593750e+01
5.367698669433593750e+01
5.367698669433593750e+01
5.367698669433593750e+01
5.367698669433593750e+01
5.367698669433593750e+01
5.367698669433593750e+01
5.367698669433593750e+01
5.367698669433593750e+01
5.367698669433593750e+01
5.367698669433593750e+01
5.367698669433593750e+01
5.367698669433593750e+01
5.367698669433593750e+01
5.367698669433593750e+01
5.367698669433593750e+01
5.367698669433593750e+01
5.367698669433593750e+01
5.367698669433593750e+01
5.367698669433593750e+01
5.367698669433593750e+01
5.367698669433593750e+01
5.367698669433593750e+01
5.367698669433593750e+01
5.367698669433593750e+01
5.367698669433593750e+01
5.367698669433593750e+01
5.367698669433593750e+01
5.367698669433593750e+01
5.367698669433593750e+01
5.367698669433593750e+01
5.367698669433593750e+01
5.367698669433593750e+01
5.367698669433593750e+01
5.367698669433593750e+01
5.367698669433593750e+01
5.367698669433593750e+01
5.367698669433593750e+01
5.367698669433593750e+01
5.367698669433593750e+01
5.367698669433593750e+01
5.367698669433593750e+01
5.367698669433593750e+01
5.367698669433593750e+01
5.367698669433593750e+01
5.367698669433593750e+01
5.367698669433593750e+01
5.367698669433593750e+01
5.367698669433593750e+01
5.367698669433593750e+01
5.367698669433593750e+01
5.367698669433593750e+01
5.367698669433593750e+01
5.367698669433593750e+01
5.367698669433593750e+01
5.367698669433593750e+01
5.367698669433593750e+01
5.367698669433593750e+01
5.367698669433593750e+01
5.367698669433593750e+01
5.367698669433593750e+01
5.367698669433593750e+01
5.367698669433593750e+01
5.367698669433593750e+01
5.367698669433593750e+01
5.367698669433593750e+01
5.367698669433593750e+01
5.367698669433593750e+01
5.367698669433593750e+01
5.367698669433593750e+01
5.367698669433593750e+01
5.367698669433593750e+01
5.367698669433593750e+01
5.367698669433593750e+01
5.367698669433593750e+01
5.367698669433593750e+01
5.367698669433593750e+01
5.367698669433593750e+01
5.367698669433593750e+01
5.367698669433593750e+01
5.367698669433593750e+01
5.367698669433593750e+01
5.367698669433593750e+01
5.367698669433593750e+01
5.367698669433593750e+01
5.367698669433593750e+01
5.367698669433593750e+01
5.367698669433593750e+01
5.367698669433593750e+01
5.367698669433593750e+01
5.367698669433593750e+01
5.367698669433593750e+01
5.367698669433593750e+01
5.367698669433593750e+01
5.367698669433593750e+01
5.367698669433593750e+01
5.367698669433593750e+01
5.367698669433593750e+01
5.367698669433593750e+01
5.367698669433593750e+01
5.367698669433593750e+01
5.367698669433593750e+01
5.367698669433593750e+01
5.367698669433593750e+01
5.367698669433593750e+01
5.367698669433593750e+01
5.367698669433593750e+01
5.367698669433593750e+01
5.367698669433593750e+01
5.367698669433593750e+01
5.367698669433593750e+01
5.367698669433593750e+01
5.367698669433593750e+01
5.367698669433593750e+01
5.367698669433593750e+01
5.367698669433593750e+01
5.367698669433593750e+01
5.367698669433593750e+01
5.367698669433593750e+01
5.367698669433593750e+01
5.367698669433593750e+01
5.367698669433593750e+01
5.367698669433593750e+01
5.367698669433593750e+01
5.367698669433593750e+01
5.367698669433593750e+01
5.367698669433593750e+01
5.367698669433593750e+01
5.367698669433593750e+01
5.367698669433593750e+01
5.367698669433593750e+01
5.367698669433593750e+01
5.367698669433593750e+01
5.367698669433593750e+01
5.367698669433593750e+01
5.367698669433593750e+01
5.367698669433593750e+01
5.367698669433593750e+01
5.367698669433593750e+01
5.367698669433593750e+01
5.367698669433593750e+01
5.367698669433593750e+01
5.367698669433593750e+01
5.367698669433593750e+01
5.367698669433593750e+01
5.367698669433593750e+01
5.367698669433593750e+01
5.367698669433593750e+01
5.367698669433593750e+01
5.367698669433593750e+01
5.367698669433593750e+01
5.367698669433593750e+01
5.367698669433593750e+01
5.367698669433593750e+01
5.367698669433593750e+01
5.367698669433593750e+01
5.367698669433593750e+01
5.367698669433593750e+01
5.367698669433593750e+01
5.367698669433593750e+01
5.367698669433593750e+01
5.367698669433593750e+01
5.367698669433593750e+01
5.367698669433593750e+01
5.367698669433593750e+01
5.367698669433593750e+01
5.367698669433593750e+01
5.367698669433593750e+01
5.367698669433593750e+01
5.367698669433593750e+01
5.367698669433593750e+01
5.367698669433593750e+01
5.367698669433593750e+01
5.367698669433593750e+01
5.367698669433593750e+01
5.367698669433593750e+01
5.367698669433593750e+01
5.367698669433593750e+01
5.367698669433593750e+01
5.367698669433593750e+01
5.367698669433593750e+01
5.367698669433593750e+01
5.367698669433593750e+01
5.367698669433593750e+01
5.367698669433593750e+01
5.367698669433593750e+01
5.367698669433593750e+01
5.367698669433593750e+01
5.367698669433593750e+01
5.367698669433593750e+01
5.367698669433593750e+01
5.367698669433593750e+01
5.367698669433593750e+01
5.367698669433593750e+01
5.367698669433593750e+01
5.367698669433593750e+01
5.367698669433593750e+01
5.367698669433593750e+01
5.367698669433593750e+01
5.367698669433593750e+01
5.367698669433593750e+01
5.367698669433593750e+01
5.367698669433593750e+01
5.367698669433593750e+01
5.367698669433593750e+01
5.367698669433593750e+01
5.367698669433593750e+01
5.367698669433593750e+01
5.367698669433593750e+01
5.367698669433593750e+01
5.367698669433593750e+01
5.367698669433593750e+01
5.367698669433593750e+01
5.367698669433593750e+01
5.367698669433593750e+01
5.367698669433593750e+01
5.367698669433593750e+01
5.367698669433593750e+01
5.367698669433593750e+01
5.367698669433593750e+01
5.367698669433593750e+01
5.367698669433593750e+01
5.367698669433593750e+01
5.367698669433593750e+01
5.367698669433593750e+01
5.367698669433593750e+01
5.367698669433593750e+01
5.367698669433593750e+01
5.367698669433593750e+01
5.367698669433593750e+01
5.367698669433593750e+01
5.367698669433593750e+01
5.367698669433593750e+01
5.367698669433593750e+01
5.367698669433593750e+01
5.367698669433593750e+01
5.367698669433593750e+01
5.367698669433593750e+01
5.367698669433593750e+01
5.367698669433593750e+01
5.367698669433593750e+01
5.367698669433593750e+01
5.367698669433593750e+01
5.367698669433593750e+01
5.367698669433593750e+01
5.367698669433593750e+01
5.367698669433593750e+01
5.367698669433593750e+01
5.367698669433593750e+01
5.367698669433593750e+01
5.367698669433593750e+01
5.367698669433593750e+01
5.367698669433593750e+01
5.367698669433593750e+01
5.367698669433593750e+01
5.367698669433593750e+01
5.367698669433593750e+01
5.367698669433593750e+01
5.367698669433593750e+01
5.367698669433593750e+01
5.367698669433593750e+01
5.367698669433593750e+01
5.367698669433593750e+01
5.367698669433593750e+01
5.367698669433593750e+01
5.367698669433593750e+01
5.367698669433593750e+01
5.367698669433593750e+01
5.367698669433593750e+01
5.367698669433593750e+01
5.367698669433593750e+01
5.367698669433593750e+01
5.367698669433593750e+01
5.367698669433593750e+01
5.367698669433593750e+01
5.367698669433593750e+01
5.367698669433593750e+01
5.367698669433593750e+01
5.367698669433593750e+01
5.367698669433593750e+01
5.367698669433593750e+01
5.367698669433593750e+01
5.367698669433593750e+01
5.367698669433593750e+01
5.367698669433593750e+01
5.367698669433593750e+01
5.367698669433593750e+01
5.367698669433593750e+01
5.367698669433593750e+01
5.367698669433593750e+01
5.367698669433593750e+01
5.367698669433593750e+01
5.367698669433593750e+01
5.367698669433593750e+01
5.367698669433593750e+01
5.367698669433593750e+01
5.367698669433593750e+01
5.367698669433593750e+01
5.367698669433593750e+01
5.367698669433593750e+01
5.367698669433593750e+01
5.367698669433593750e+01
5.367698669433593750e+01
5.367698669433593750e+01
5.367698669433593750e+01
5.367698669433593750e+01
5.367698669433593750e+01
5.367698669433593750e+01
5.367698669433593750e+01
5.367698669433593750e+01
5.367698669433593750e+01
5.367698669433593750e+01
5.367698669433593750e+01
5.367698669433593750e+01
5.367698669433593750e+01
5.367698669433593750e+01
5.367698669433593750e+01
5.367698669433593750e+01
5.367698669433593750e+01
5.367698669433593750e+01
5.367698669433593750e+01
5.367698669433593750e+01
5.367698669433593750e+01
5.342873001098632812e+01
5.341880035400390625e+01
5.341383361816406250e+01
5.340887451171875000e+01
5.340887451171875000e+01
5.340391540527343750e+01
5.339895629882812500e+01
5.339400482177734375e+01
5.338905334472656250e+01
5.338410949707031250e+01
5.337916946411132812e+01
5.337423324584960938e+01
5.336930465698242188e+01
5.336437988281250000e+01
5.335946273803710938e+01
5.335455322265625000e+01
5.334965133666992188e+01
5.334475708007812500e+01
5.333987426757812500e+01
5.333499526977539062e+01
5.333013153076171875e+01
5.332527160644531250e+01
5.332042694091796875e+01
5.331558990478515625e+01
5.331076812744140625e+01
5.330595397949218750e+01
5.330115509033203125e+01
5.329636764526367188e+01
5.329159164428710938e+01
5.328683090209960938e+01
5.328208541870117188e+01
5.327735519409179688e+01
5.327263641357421875e+01
5.326793670654296875e+01
5.326325225830078125e+01
5.325858306884765625e+01
5.325393295288085938e+01
5.324930191040039062e+01
5.324468612670898438e+01
5.324008941650390625e+01
5.323551177978515625e+01
5.323095321655273438e+01
5.322641372680664062e+01
5.322189331054687500e+01
5.321739578247070312e+01
5.321292114257812500e+01
5.320846557617187500e+01
5.320402908325195312e+01
5.319961547851562500e+01
5.319522476196289062e+01
5.319085311889648438e+01
5.318650436401367188e+01
5.318217468261718750e+01
5.317786788940429688e+01
5.317358398437500000e+01
5.316931915283203125e+01
5.316507720947265625e+01
5.316085433959960938e+01
5.315665817260742188e+01
5.315248107910156250e+01
5.314832687377929688e+01
5.314419555664062500e+01
5.314008712768554688e+01
5.313599777221679688e+01
5.313193130493164062e+01
5.312789154052734375e+01
5.312387084960937500e+01
5.311987304687500000e+01
5.311589813232421875e+01
5.311194610595703125e+01
5.310801696777343750e+01
5.310411071777343750e+01
5.310022735595703125e+01
5.309636688232421875e+01
5.309253311157226562e+01
5.308871841430664062e+01
5.308493041992187500e+01
5.308116149902343750e+01
5.307741928100585938e+01
5.307369995117187500e+01
5.307000732421875000e+01
5.306633377075195312e+01
5.306268692016601562e+01
5.305906295776367188e+01
5.305546188354492188e+01
5.305188751220703125e+01
5.304833602905273438e+01
5.304480743408203125e+01
5.304130554199218750e+01
5.303782653808593750e+01
5.303437042236328125e+01
5.303093338012695312e+01
5.302751922607421875e+01
5.302412796020507812e+01
5.302075195312500000e+01
5.301739883422851562e+01
5.301406097412109375e+01
5.301074218750000000e+01
5.300743865966796875e+01
5.300415420532226562e+01
5.300088500976562500e+01
5.299762725830078125e+01
5.299438858032226562e+01
5.299115753173828125e+01
5.298794174194335938e+01
5.298474121093750000e+01
5.298154830932617188e+01
5.297836685180664062e+01
5.297519302368164062e+01
5.297203063964843750e+01
5.296887588500976562e+01
5.296572875976562500e+01
5.296258926391601562e+01
5.295945739746093750e+01
5.295632934570312500e+01
5.295320510864257812e+01
5.295008850097656250e+01
5.294697189331054688e+01
5.294385910034179688e+01
5.294075012207031250e+01
5.293764114379882812e+01
5.293453216552734375e+01
5.293142318725585938e+01
5.292831420898437500e+01
5.292520141601562500e+01
5.292208862304687500e+01
5.291897201538085938e+01
5.291585159301757812e+01
5.291272735595703125e+01
5.290959930419921875e+01
5.290646362304687500e+01
5.290332412719726562e+01
5.290017700195312500e+01
5.289702224731445312e+01
5.289385986328125000e+01
5.289069366455078125e+01
5.288752365112304688e+01
5.288434600830078125e+01
5.288116455078125000e+01
5.287797546386718750e+01
5.287478256225585938e+01
5.287158584594726562e+01
5.286838531494140625e+01
5.286517715454101562e+01
5.286196899414062500e+01
5.285875320434570312e+01
5.285553741455078125e+01
5.285231781005859375e+01
5.284909057617187500e+01
5.284586334228515625e+01
5.284263610839843750e+01
5.283940124511718750e+01
5.283616638183593750e+01
5.283293151855468750e+01
5.282968902587890625e+01
5.282645034790039062e+01
5.282320785522460938e+01
5.281996154785156250e+01
5.281671524047851562e+01
5.281346893310546875e+01
5.281022262573242188e+01
5.280697631835937500e+01
5.280372619628906250e+01
5.280047988891601562e+01
5.279722976684570312e+01
5.279397964477539062e+01
5.279073333740234375e+01
5.278748703002929688e+01
5.278424072265625000e+01
5.278099441528320312e+01
5.277775192260742188e+01
5.277450942993164062e+01
5.277126693725585938e+01
5.276802825927734375e+01
5.276478958129882812e+01
5.276155471801757812e+01
5.275832366943359375e+01
5.275509262084960938e+01
5.275186157226562500e+01
5.274863433837890625e+01
5.274541091918945312e+01
5.274218368530273438e+01
5.273896408081054688e+01
5.273574066162109375e+01
5.273252105712890625e+01
5.272930526733398438e+01
5.272608566284179688e+01
5.272286987304687500e+01
5.271965408325195312e+01
5.271644210815429688e+01
5.271322631835937500e+01
5.271001434326171875e+01
5.270358657836914062e+01
5.270358657836914062e+01
5.270037460327148438e+01
5.269716262817382812e+01
5.269395065307617188e+01
5.269073867797851562e+01
5.268752670288085938e+01
5.268431472778320312e+01
5.268110275268554688e+01
5.267788696289062500e+01
5.267467498779296875e+01
5.267145919799804688e+01
5.266824340820312500e+01
5.266502761840820312e+01
5.266181182861328125e+01
5.265859222412109375e+01
5.265537261962890625e+01
5.265215301513671875e+01
5.264892959594726562e+01
5.264570617675781250e+01
5.264248275756835938e+01
5.263925552368164062e+01
5.263602447509765625e+01
5.263279342651367188e+01
5.262956237792968750e+01
5.262632751464843750e+01
5.262308883666992188e+01
5.261985015869140625e+01
5.261661148071289062e+01
5.261336517333984375e+01
5.261012268066406250e+01
5.260687637329101562e+01
5.260363006591796875e+01
5.260037994384765625e+01
5.259713363647460938e+01
5.259388351440429688e+01
5.259063339233398438e+01
5.258738327026367188e+01
5.258413314819335938e+01
5.258088302612304688e+01
5.257763290405273438e+01
5.257438659667968750e+01
5.257113647460937500e+01
5.256789016723632812e+01
5.256464767456054688e+01
5.256140136718750000e+01
5.255816268920898438e+01
5.255492019653320312e+01
5.255168533325195312e+01
5.254845046997070312e+01
5.254521560668945312e+01
5.254198837280273438e+01
5.253876113891601562e+01
5.253553771972656250e+01
5.253231811523437500e+01
5.252910232543945312e+01
5.252589035034179688e+01
5.252268218994140625e+01
5.251947784423828125e+01
5.251627731323242188e+01
5.251308059692382812e+01
5.250989151000976562e+01
5.250671005249023438e+01
5.250352859497070312e+01
5.250035476684570312e+01
5.249718856811523438e+01
5.249402618408203125e+01
5.249087142944335938e+01
5.248772048950195312e+01
5.248457717895507812e+01
5.248144149780273438e+01
5.247831344604492188e+01
5.247518920898437500e+01
5.247207260131835938e+01
5.246895980834960938e+01
5.246584701538085938e+01
5.246274185180664062e+01
5.245963668823242188e+01
5.245653152465820312e+01
5.245343017578125000e+01
5.245032501220703125e+01
5.244722366333007812e+01
5.244411468505859375e+01
5.244100952148437500e+01
5.243789672851562500e+01
5.243478393554687500e+01
5.243166351318359375e+01
5.242853927612304688e+01
5.242540740966796875e+01
5.242227172851562500e+01
5.241912460327148438e+01
5.241597366333007812e+01
5.241281127929687500e+01
5.240963745117187500e+01
5.240645599365234375e+01
5.240326309204101562e+01
5.240005493164062500e+01
5.239683532714843750e+01
5.239360427856445312e+01
5.239035797119140625e+01
5.238709640502929688e+01
5.238381958007812500e+01
5.238052749633789062e+01
5.237721633911132812e+01
5.237388992309570312e+01
5.237054061889648438e+01
5.236717605590820312e+01
5.236378860473632812e+01
5.236038208007812500e+01
5.235695266723632812e+01
5.235350036621093750e+01
5.235002517700195312e+01
5.234652709960937500e+01
5.234300613403320312e+01
5.233945846557617188e+01
5.233588409423828125e+01
5.233228302001953125e+01
5.232865905761718750e+01
5.232501220703125000e+01
5.232133865356445312e+01
5.231764221191406250e+01
5.231391906738281250e+01
5.231017303466796875e+01
5.230640411376953125e+01
5.230261230468750000e+01
5.229879760742187500e+01
5.229496002197265625e+01
5.229109573364257812e+01
5.228721237182617188e+01
5.228330612182617188e+01
5.227937698364257812e+01
5.227542495727539062e+01
5.227145385742187500e+01
5.226745986938476562e+01
5.226344299316406250e+01
5.225940704345703125e+01
5.225534820556640625e+01
5.225127029418945312e+01
5.224716949462890625e+01
5.224304962158203125e+01
5.223891067504882812e+01
5.223475265502929688e+01
5.223057174682617188e+01
5.222637557983398438e+01
5.222215652465820312e+01
5.221791839599609375e+01
5.221366500854492188e+01
5.220938873291015625e+01
5.220509719848632812e+01
5.220078659057617188e+01
5.219645690917968750e+01
5.219210815429687500e+01
5.218774414062500000e+01
5.218336486816406250e+01
5.217896652221679688e+01
5.217454910278320312e+01
5.217011642456054688e+01
5.216566848754882812e+01
5.216120147705078125e+01
5.215671920776367188e+01
5.215222167968750000e+01
5.214770889282226562e+01
5.214317703247070312e+01
5.213862991333007812e+01
5.213406753540039062e+01
5.212948608398437500e+01
5.212488937377929688e+01
5.212027740478515625e+01
5.211565017700195312e+01
5.211100387573242188e+01
5.210634231567382812e+01
5.210166549682617188e+01
5.209696960449218750e+01
5.209225845336914062e+01
5.208753204345703125e+01
5.208279037475585938e+01
5.207802963256835938e+01
5.207325363159179688e+01
5.206846237182617188e+01
5.206365203857421875e+01
5.205882644653320312e+01
5.205398559570312500e+01
5.204912567138671875e+01
5.204425430297851562e+01
5.203936004638671875e+01
5.203445434570312500e+01
5.202952957153320312e+01
5.202458953857421875e+01
5.201963424682617188e+01
5.201465988159179688e+01
5.200967025756835938e+01
5.200466537475585938e+01
5.199964141845703125e+01
5.199460220336914062e+01
5.198954772949218750e+01
5.198447799682617188e+01
5.197938919067382812e+01
5.197428512573242188e+01
5.196916198730468750e+01
5.196402359008789062e+01
5.195886993408203125e+01
5.195370101928710938e+01
5.194851303100585938e+01
5.194330978393554688e+01
5.193808746337890625e+01
5.193284988403320312e+01
5.191703796386718750e+01
5.191703796386718750e+01
5.191173553466796875e+01
5.190641021728515625e+01
5.190107345581054688e+01
5.189571762084960938e+01
5.189034271240234375e+01
5.187954330444335938e+01
5.187954330444335938e+01
5.187954330444335938e+01
5.187411499023437500e+01
5.186867141723632812e+01
5.185772705078125000e+01
5.185772705078125000e+01
5.185223007202148438e+01
5.184671401977539062e+01
5.184117889404296875e+01
5.183562850952148438e+01
5.183005905151367188e+01
5.182447052001953125e+01
5.181886291503906250e+01
5.181323623657226562e+01
5.180759048461914062e+01
5.180192947387695312e+01
5.179624557495117188e+01
5.179054641723632812e+01
5.178482818603515625e+01
5.177333068847656250e+01
5.177333068847656250e+01
5.176175689697265625e+01
5.176175689697265625e+01
5.175594329833984375e+01
5.175010681152343750e+01
5.174425506591796875e+01
5.173838043212890625e+01
5.173248672485351562e+01
5.172064208984375000e+01
5.171468734741210938e+01
5.170871353149414062e+01
5.170871353149414062e+01
5.170272445678710938e+01
5.169671249389648438e+01
5.169068145751953125e+01
5.168463134765625000e+01
5.167856597900390625e+01
5.167248153686523438e+01
5.166637802124023438e+01
5.166026306152343750e+01
5.165412902832031250e+01
5.164797973632812500e+01
5.164181137084960938e+01
5.163563537597656250e+01
5.162944030761718750e+01
5.162323379516601562e+01
5.161701202392578125e+01
5.161077880859375000e+01
5.160453033447265625e+01
5.159827041625976562e+01
5.159200286865234375e+01
5.158572006225585938e+01
5.157942962646484375e+01
5.157312774658203125e+01
5.156681823730468750e+01
5.156049728393554688e+01
5.155416488647460938e+01
5.154782867431640625e+01
5.154148101806640625e+01
5.153512954711914062e+01
5.152877044677734375e+01
5.152240371704101562e+01
5.151602935791015625e+01
5.150965118408203125e+01
5.150326919555664062e+01
5.149687957763671875e+01
5.149048614501953125e+01
5.148409271240234375e+01
5.147769165039062500e+01
5.147129058837890625e+01
5.146488571166992188e+01
5.145847702026367188e+01
5.145206832885742188e+01
5.144565963745117188e+01
5.143925094604492188e+01
5.143925094604492188e+01
5.143925094604492188e+01
5.143925094604492188e+01
5.143925094604492188e+01
5.143925094604492188e+01
5.143925094604492188e+01
5.143925094604492188e+01
5.143925094604492188e+01
5.143925094604492188e+01
5.143925094604492188e+01
5.143925094604492188e+01
5.143925094604492188e+01
5.143925094604492188e+01
5.143925094604492188e+01
5.143925094604492188e+01
5.143925094604492188e+01
5.143925094604492188e+01
5.143925094604492188e+01
5.143925094604492188e+01
5.143925094604492188e+01
5.143925094604492188e+01
5.143925094604492188e+01
5.143925094604492188e+01
5.143925094604492188e+01
5.143925094604492188e+01
5.143925094604492188e+01
5.143925094604492188e+01
5.143925094604492188e+01
5.143925094604492188e+01
5.143925094604492188e+01
5.143925094604492188e+01
5.143925094604492188e+01
5.143925094604492188e+01
5.143925094604492188e+01
5.143925094604492188e+01
5.143925094604492188e+01
5.143925094604492188e+01
5.143925094604492188e+01
5.143925094604492188e+01
5.143925094604492188e+01
5.143925094604492188e+01
5.143925094604492188e+01
5.143925094604492188e+01
5.143925094604492188e+01
5.143925094604492188e+01
5.143925094604492188e+01
5.143925094604492188e+01
5.143925094604492188e+01
5.143925094604492188e+01
5.143925094604492188e+01
5.143925094604492188e+01
5.143925094604492188e+01
5.143925094604492188e+01
5.143925094604492188e+01
5.143925094604492188e+01
5.143925094604492188e+01
5.143925094604492188e+01
5.143925094604492188e+01
5.143925094604492188e+01
5.143925094604492188e+01
5.143925094604492188e+01
5.143925094604492188e+01
5.143925094604492188e+01
5.143925094604492188e+01
5.143925094604492188e+01
5.143925094604492188e+01
5.143925094604492188e+01
5.143925094604492188e+01
5.143925094604492188e+01
5.143925094604492188e+01
5.143925094604492188e+01
5.143925094604492188e+01
5.143925094604492188e+01
5.143925094604492188e+01
5.143925094604492188e+01
5.143925094604492188e+01
5.143925094604492188e+01
5.143925094604492188e+01
5.143925094604492188e+01
5.143925094604492188e+01
5.143925094604492188e+01
5.143925094604492188e+01
5.143925094604492188e+01
5.143925094604492188e+01
5.143925094604492188e+01
5.143925094604492188e+01
5.143925094604492188e+01
5.143925094604492188e+01
5.143925094604492188e+01
5.143925094604492188e+01
5.143925094604492188e+01
5.143925094604492188e+01
5.143925094604492188e+01
5.143925094604492188e+01
5.143925094604492188e+01
5.143925094604492188e+01
5.143925094604492188e+01
5.143925094604492188e+01
5.143925094604492188e+01
5.143925094604492188e+01
5.143925094604492188e+01
5.143925094604492188e+01
5.143925094604492188e+01
5.143925094604492188e+01
5.143925094604492188e+01
5.143925094604492188e+01
5.143925094604492188e+01
5.143925094604492188e+01
5.143925094604492188e+01
5.143925094604492188e+01
5.143925094604492188e+01
5.143925094604492188e+01
5.143925094604492188e+01
5.143925094604492188e+01
5.143925094604492188e+01
5.143925094604492188e+01
5.143925094604492188e+01
5.143925094604492188e+01
5.143925094604492188e+01
5.143925094604492188e+01
5.143925094604492188e+01
5.143925094604492188e+01
5.143925094604492188e+01
5.143925094604492188e+01
5.143925094604492188e+01
5.143925094604492188e+01
5.143925094604492188e+01
5.143925094604492188e+01
5.143925094604492188e+01
5.143925094604492188e+01
5.143925094604492188e+01
5.143925094604492188e+01
5.143925094604492188e+01
5.143925094604492188e+01
5.143925094604492188e+01
5.143925094604492188e+01
5.143925094604492188e+01
5.143925094604492188e+01
5.143925094604492188e+01
5.143925094604492188e+01
5.143925094604492188e+01
5.143925094604492188e+01
5.143925094604492188e+01
5.143925094604492188e+01
5.143925094604492188e+01
5.143925094604492188e+01
5.143925094604492188e+01
5.143925094604492188e+01
5.143925094604492188e+01
5.143925094604492188e+01
5.143925094604492188e+01
5.143925094604492188e+01
5.143925094604492188e+01
5.143925094604492188e+01
5.143925094604492188e+01
5.143925094604492188e+01
5.143925094604492188e+01
5.143925094604492188e+01
5.143925094604492188e+01
5.143925094604492188e+01
5.143925094604492188e+01
5.143925094604492188e+01
5.143925094604492188e+01
5.143925094604492188e+01
5.143925094604492188e+01
5.143925094604492188e+01
5.143925094604492188e+01
5.143925094604492188e+01
5.143925094604492188e+01
5.143925094604492188e+01
5.143925094604492188e+01
5.143925094604492188e+01
5.143925094604492188e+01
5.143925094604492188e+01
5.143925094604492188e+01
5.143925094604492188e+01
5.143925094604492188e+01
5.143925094604492188e+01
5.143925094604492188e+01
5.143925094604492188e+01
5.143925094604492188e+01
5.143925094604492188e+01
5.143925094604492188e+01
5.143925094604492188e+01
5.143925094604492188e+01
5.143925094604492188e+01
5.143925094604492188e+01
5.143925094604492188e+01
5.143925094604492188e+01
5.143925094604492188e+01
5.143925094604492188e+01
5.143925094604492188e+01
5.143925094604492188e+01
5.143925094604492188e+01
5.143925094604492188e+01
5.143925094604492188e+01
5.143925094604492188e+01
5.143925094604492188e+01
5.143925094604492188e+01
5.143925094604492188e+01
5.143925094604492188e+01
5.143925094604492188e+01
5.143925094604492188e+01
5.143925094604492188e+01
5.143925094604492188e+01
5.143925094604492188e+01
5.143925094604492188e+01
5.143925094604492188e+01
5.143925094604492188e+01
5.143925094604492188e+01
5.143925094604492188e+01
5.143925094604492188e+01
5.143925094604492188e+01
5.143925094604492188e+01
5.143925094604492188e+01
5.143925094604492188e+01
5.143925094604492188e+01
5.143925094604492188e+01
5.143925094604492188e+01
5.143925094604492188e+01
5.143925094604492188e+01
5.143925094604492188e+01
5.143925094604492188e+01
5.143925094604492188e+01
5.143925094604492188e+01
5.143925094604492188e+01
5.143925094604492188e+01
5.143925094604492188e+01
5.143925094604492188e+01
5.143925094604492188e+01
5.143925094604492188e+01
5.143925094604492188e+01
5.143925094604492188e+01
5.143925094604492188e+01
5.143925094604492188e+01
5.143925094604492188e+01
5.143925094604492188e+01
5.143925094604492188e+01
5.143925094604492188e+01
5.143925094604492188e+01
5.143925094604492188e+01
5.143925094604492188e+01
5.143925094604492188e+01
5.143925094604492188e+01
5.143925094604492188e+01
5.143925094604492188e+01
5.143925094604492188e+01
5.143925094604492188e+01
5.143925094604492188e+01
5.143925094604492188e+01
5.143925094604492188e+01
5.143925094604492188e+01
5.143925094604492188e+01
5.143925094604492188e+01
5.143925094604492188e+01
5.143925094604492188e+01
5.143925094604492188e+01
5.143925094604492188e+01
5.143925094604492188e+01
5.143925094604492188e+01
5.143925094604492188e+01
5.143925094604492188e+01
5.143925094604492188e+01
5.143925094604492188e+01
5.143925094604492188e+01
5.143925094604492188e+01
5.143925094604492188e+01
5.143925094604492188e+01
5.143925094604492188e+01
5.143925094604492188e+01
5.143925094604492188e+01
5.143925094604492188e+01
5.143925094604492188e+01
5.143925094604492188e+01
5.143925094604492188e+01
5.143925094604492188e+01
5.143925094604492188e+01
5.143925094604492188e+01
5.143925094604492188e+01
5.143925094604492188e+01
5.143925094604492188e+01
5.143925094604492188e+01
5.143925094604492188e+01
5.143925094604492188e+01
5.143925094604492188e+01
5.143925094604492188e+01
5.143925094604492188e+01
5.143925094604492188e+01
5.143925094604492188e+01
5.143925094604492188e+01
5.143925094604492188e+01
5.143925094604492188e+01
5.143925094604492188e+01
5.143925094604492188e+01
5.143925094604492188e+01
5.143925094604492188e+01
5.143925094604492188e+01
5.143925094604492188e+01
5.143925094604492188e+01
5.143925094604492188e+01
5.143925094604492188e+01
5.143925094604492188e+01
5.143925094604492188e+01
5.143925094604492188e+01
5.143925094604492188e+01
5.143925094604492188e+01
5.143925094604492188e+01
5.143925094604492188e+01
5.143925094604492188e+01
5.143925094604492188e+01
5.143925094604492188e+01
5.143925094604492188e+01
5.143925094604492188e+01
5.143925094604492188e+01
5.143925094604492188e+01
5.143925094604492188e+01
5.143925094604492188e+01
5.143925094604492188e+01
5.143925094604492188e+01
5.143925094604492188e+01
5.143925094604492188e+01
5.143925094604492188e+01
5.143925094604492188e+01
5.143925094604492188e+01
5.143925094604492188e+01
5.143925094604492188e+01
5.143925094604492188e+01
5.143925094604492188e+01
5.143925094604492188e+01
5.143925094604492188e+01
5.143925094604492188e+01
5.143925094604492188e+01
5.143925094604492188e+01
5.143925094604492188e+01
5.143925094604492188e+01
5.143925094604492188e+01
5.143925094604492188e+01
5.143925094604492188e+01
5.143925094604492188e+01
5.143925094604492188e+01
5.143925094604492188e+01
5.143925094604492188e+01
5.143925094604492188e+01
5.143925094604492188e+01
5.143925094604492188e+01
5.143925094604492188e+01
5.143925094604492188e+01
5.143925094604492188e+01
5.143925094604492188e+01
5.143925094604492188e+01
5.143925094604492188e+01
5.143925094604492188e+01
5.143925094604492188e+01
5.143925094604492188e+01
5.143925094604492188e+01
5.143925094604492188e+01
5.143925094604492188e+01
5.143925094604492188e+01
5.143925094604492188e+01
5.143925094604492188e+01
5.143925094604492188e+01
5.143925094604492188e+01
5.143925094604492188e+01
5.143925094604492188e+01
5.143925094604492188e+01
5.143925094604492188e+01
5.143925094604492188e+01
5.143925094604492188e+01
5.143925094604492188e+01
5.143925094604492188e+01
5.143925094604492188e+01
5.143925094604492188e+01
5.143925094604492188e+01
5.143925094604492188e+01
5.143925094604492188e+01
5.143925094604492188e+01
5.143925094604492188e+01
5.143925094604492188e+01
5.143925094604492188e+01
5.143925094604492188e+01
5.143925094604492188e+01
5.143925094604492188e+01
5.143925094604492188e+01
5.143925094604492188e+01
5.143925094604492188e+01
5.143925094604492188e+01
5.143925094604492188e+01
5.143925094604492188e+01
5.143925094604492188e+01
5.143925094604492188e+01
5.143925094604492188e+01
5.143925094604492188e+01
5.143925094604492188e+01
5.143925094604492188e+01
5.143925094604492188e+01
5.143925094604492188e+01
5.143925094604492188e+01
5.143925094604492188e+01
5.143925094604492188e+01
5.143925094604492188e+01
5.143925094604492188e+01
5.143925094604492188e+01
5.143925094604492188e+01
5.143925094604492188e+01
5.143925094604492188e+01
5.143925094604492188e+01
5.143925094604492188e+01
5.143925094604492188e+01
5.143925094604492188e+01
5.143925094604492188e+01
5.143925094604492188e+01
5.143925094604492188e+01
5.143925094604492188e+01
5.143925094604492188e+01
5.143925094604492188e+01
5.143925094604492188e+01
5.143925094604492188e+01
5.143925094604492188e+01
5.143925094604492188e+01
5.143925094604492188e+01
5.143925094604492188e+01
5.143925094604492188e+01
5.143925094604492188e+01
5.143925094604492188e+01
5.143925094604492188e+01
5.143925094604492188e+01
5.143925094604492188e+01
5.143925094604492188e+01
5.143925094604492188e+01
5.143925094604492188e+01
5.143925094604492188e+01
5.143925094604492188e+01
5.143925094604492188e+01
5.143925094604492188e+01
5.143925094604492188e+01
5.143925094604492188e+01
5.143925094604492188e+01
5.143925094604492188e+01
5.143925094604492188e+01
5.143925094604492188e+01
5.143925094604492188e+01
5.143925094604492188e+01
5.143925094604492188e+01
5.143925094604492188e+01
5.143925094604492188e+01
5.143925094604492188e+01
5.143925094604492188e+01
5.143925094604492188e+01
5.143925094604492188e+01
5.143925094604492188e+01
5.143925094604492188e+01
5.143925094604492188e+01
5.143925094604492188e+01
5.143925094604492188e+01
5.143925094604492188e+01
5.143925094604492188e+01
5.143925094604492188e+01
5.143925094604492188e+01
5.143925094604492188e+01
5.143925094604492188e+01
5.143925094604492188e+01
5.143925094604492188e+01
5.143925094604492188e+01
5.143925094604492188e+01
5.143925094604492188e+01
5.143925094604492188e+01
5.143925094604492188e+01
5.143925094604492188e+01
5.143925094604492188e+01
5.143925094604492188e+01
5.143925094604492188e+01
5.143925094604492188e+01
5.143925094604492188e+01
5.143925094604492188e+01
5.143925094604492188e+01
5.143925094604492188e+01
5.143925094604492188e+01
5.143925094604492188e+01
5.143925094604492188e+01
5.143925094604492188e+01
5.143925094604492188e+01
5.143925094604492188e+01
5.143925094604492188e+01
5.143925094604492188e+01
5.143925094604492188e+01
5.143925094604492188e+01
5.143925094604492188e+01
5.143925094604492188e+01
5.143925094604492188e+01
5.143925094604492188e+01
5.143925094604492188e+01
5.143925094604492188e+01
5.143925094604492188e+01
5.143925094604492188e+01
5.143925094604492188e+01
5.143925094604492188e+01
5.143925094604492188e+01
5.143925094604492188e+01
5.143925094604492188e+01
5.143925094604492188e+01
5.143925094604492188e+01
5.143925094604492188e+01
5.143925094604492188e+01
5.143925094604492188e+01
5.143925094604492188e+01
5.143925094604492188e+01
5.143925094604492188e+01
5.143925094604492188e+01
5.143925094604492188e+01
5.143925094604492188e+01
5.143925094604492188e+01
5.143925094604492188e+01
5.143925094604492188e+01
5.143925094604492188e+01
5.143925094604492188e+01
5.143925094604492188e+01
5.143925094604492188e+01
5.143925094604492188e+01
5.143925094604492188e+01
5.143925094604492188e+01
5.143925094604492188e+01
5.143925094604492188e+01
5.143925094604492188e+01
5.143925094604492188e+01
5.143925094604492188e+01
5.143925094604492188e+01
5.143925094604492188e+01
5.143925094604492188e+01
5.143925094604492188e+01
5.143925094604492188e+01
5.143925094604492188e+01
5.143925094604492188e+01
5.143925094604492188e+01
5.143925094604492188e+01
5.143925094604492188e+01
5.143925094604492188e+01
5.143925094604492188e+01
5.143925094604492188e+01
5.143925094604492188e+01
5.143925094604492188e+01
5.143925094604492188e+01
5.143925094604492188e+01
5.143925094604492188e+01
5.143925094604492188e+01
5.143925094604492188e+01
5.143925094604492188e+01
5.143925094604492188e+01
5.143925094604492188e+01
5.143925094604492188e+01
5.143925094604492188e+01
5.143925094604492188e+01
5.143925094604492188e+01
5.143925094604492188e+01
5.143925094604492188e+01
5.143925094604492188e+01
5.143925094604492188e+01
5.143925094604492188e+01
5.143925094604492188e+01
5.143925094604492188e+01
5.143925094604492188e+01
5.143925094604492188e+01
5.143925094604492188e+01
5.143925094604492188e+01
5.143925094604492188e+01
5.143925094604492188e+01
5.143925094604492188e+01
5.143925094604492188e+01
5.143925094604492188e+01
5.143925094604492188e+01
5.143925094604492188e+01
5.143925094604492188e+01
5.143925094604492188e+01
5.143925094604492188e+01
5.143925094604492188e+01
5.143925094604492188e+01
5.143925094604492188e+01
5.143925094604492188e+01
5.143925094604492188e+01
5.143925094604492188e+01
5.143925094604492188e+01
5.143925094604492188e+01
5.143925094604492188e+01
5.143925094604492188e+01
5.143925094604492188e+01
5.143925094604492188e+01
5.143925094604492188e+01
5.143925094604492188e+01
5.143925094604492188e+01
5.143925094604492188e+01
5.143925094604492188e+01
5.143925094604492188e+01
5.143925094604492188e+01
5.143925094604492188e+01
5.143925094604492188e+01
5.143925094604492188e+01
5.143925094604492188e+01
5.143925094604492188e+01
5.143925094604492188e+01
5.143925094604492188e+01
5.143925094604492188e+01
5.143925094604492188e+01
5.143925094604492188e+01
5.143925094604492188e+01
5.143925094604492188e+01
5.143925094604492188e+01
5.143925094604492188e+01
5.143925094604492188e+01
5.143925094604492188e+01
5.143925094604492188e+01
5.143925094604492188e+01
5.143925094604492188e+01
5.143925094604492188e+01
5.143925094604492188e+01
5.143925094604492188e+01
5.143925094604492188e+01
5.143925094604492188e+01
5.143925094604492188e+01
5.143925094604492188e+01
5.143925094604492188e+01
5.143925094604492188e+01
5.143925094604492188e+01
5.143925094604492188e+01
5.143925094604492188e+01
5.143925094604492188e+01
5.143925094604492188e+01
5.143925094604492188e+01
5.143925094604492188e+01
5.143925094604492188e+01
5.143925094604492188e+01
5.143925094604492188e+01
5.143925094604492188e+01
5.143925094604492188e+01
5.143925094604492188e+01
5.143925094604492188e+01
5.143925094604492188e+01
5.143925094604492188e+01
5.143925094604492188e+01
5.143925094604492188e+01
5.143925094604492188e+01
5.143925094604492188e+01
5.143925094604492188e+01
5.143925094604492188e+01
5.143925094604492188e+01
5.143925094604492188e+01
5.143925094604492188e+01
5.143925094604492188e+01
5.143925094604492188e+01
5.143925094604492188e+01
5.143925094604492188e+01
5.143925094604492188e+01
5.143925094604492188e+01
5.143925094604492188e+01
5.143925094604492188e+01
5.143925094604492188e+01
5.143925094604492188e+01
5.143925094604492188e+01
5.143925094604492188e+01
5.143925094604492188e+01
5.143925094604492188e+01
5.143925094604492188e+01
5.143925094604492188e+01
5.143925094604492188e+01
5.143925094604492188e+01
5.143925094604492188e+01
5.143925094604492188e+01
5.143925094604492188e+01
5.143925094604492188e+01
5.143925094604492188e+01
5.143925094604492188e+01
5.143925094604492188e+01
5.143925094604492188e+01
5.143925094604492188e+01
5.143925094604492188e+01
5.143925094604492188e+01
5.143925094604492188e+01
5.143925094604492188e+01
5.143925094604492188e+01
5.143925094604492188e+01
5.143925094604492188e+01
5.143925094604492188e+01
5.143925094604492188e+01
5.143925094604492188e+01
5.143925094604492188e+01
5.143925094604492188e+01
5.143925094604492188e+01
5.143925094604492188e+01
5.143925094604492188e+01
5.143925094604492188e+01
5.143925094604492188e+01
5.143925094604492188e+01
5.143925094604492188e+01
5.143925094604492188e+01
5.143925094604492188e+01
5.143925094604492188e+01
5.143925094604492188e+01
5.143925094604492188e+01
5.143925094604492188e+01
5.143925094604492188e+01
5.143925094604492188e+01
5.143925094604492188e+01
5.143925094604492188e+01
5.143925094604492188e+01
5.143925094604492188e+01
5.143925094604492188e+01
5.143925094604492188e+01
5.143925094604492188e+01
5.143925094604492188e+01
5.143925094604492188e+01
5.143925094604492188e+01
5.143925094604492188e+01
5.143925094604492188e+01
5.143925094604492188e+01
5.143925094604492188e+01
5.143925094604492188e+01
5.143925094604492188e+01
5.143925094604492188e+01
5.143925094604492188e+01
5.143925094604492188e+01
5.143925094604492188e+01
5.143925094604492188e+01
5.143925094604492188e+01
5.143925094604492188e+01
5.143925094604492188e+01
5.143925094604492188e+01
5.143925094604492188e+01
5.143925094604492188e+01
5.143925094604492188e+01
5.143925094604492188e+01
5.143925094604492188e+01
5.143925094604492188e+01
5.143925094604492188e+01
5.143925094604492188e+01
5.143925094604492188e+01
5.143925094604492188e+01
5.143925094604492188e+01
5.143925094604492188e+01
5.143925094604492188e+01
5.143925094604492188e+01
5.143925094604492188e+01
5.143925094604492188e+01
5.143925094604492188e+01
5.143925094604492188e+01
5.143925094604492188e+01
5.143925094604492188e+01
5.143925094604492188e+01
5.143925094604492188e+01
5.143925094604492188e+01
5.143925094604492188e+01
5.143925094604492188e+01
5.143925094604492188e+01
5.143925094604492188e+01
5.143925094604492188e+01
5.143925094604492188e+01
5.143925094604492188e+01
5.143925094604492188e+01
5.143925094604492188e+01
5.143925094604492188e+01
5.143925094604492188e+01
5.143925094604492188e+01
5.143925094604492188e+01
5.143925094604492188e+01
5.143925094604492188e+01
5.143925094604492188e+01
5.143925094604492188e+01
5.143925094604492188e+01
5.143925094604492188e+01
5.143925094604492188e+01
5.143925094604492188e+01
5.143925094604492188e+01
5.143925094604492188e+01
5.143925094604492188e+01
5.143925094604492188e+01
5.143925094604492188e+01
5.143925094604492188e+01
5.143925094604492188e+01
5.143925094604492188e+01
5.143925094604492188e+01
5.143925094604492188e+01
5.143925094604492188e+01
5.143925094604492188e+01
5.143925094604492188e+01
5.143925094604492188e+01
5.143925094604492188e+01
5.143925094604492188e+01
5.143925094604492188e+01
5.143925094604492188e+01
5.143925094604492188e+01
5.143925094604492188e+01
5.143925094604492188e+01
5.143925094604492188e+01
5.143925094604492188e+01
5.143925094604492188e+01
5.143925094604492188e+01
5.143925094604492188e+01
5.143925094604492188e+01
5.143925094604492188e+01
5.143925094604492188e+01
5.143925094604492188e+01
5.143925094604492188e+01
5.143925094604492188e+01
5.143925094604492188e+01
5.143925094604492188e+01
5.143925094604492188e+01
5.143925094604492188e+01
5.143925094604492188e+01
5.143925094604492188e+01
5.143925094604492188e+01
5.143925094604492188e+01
5.143925094604492188e+01
5.143925094604492188e+01
5.143925094604492188e+01
5.143925094604492188e+01
5.143925094604492188e+01
5.143925094604492188e+01
5.143925094604492188e+01
5.143925094604492188e+01
5.143925094604492188e+01
5.143925094604492188e+01
5.143925094604492188e+01
5.143925094604492188e+01
5.143925094604492188e+01
5.143925094604492188e+01
5.143925094604492188e+01
5.143925094604492188e+01
5.143925094604492188e+01
5.143925094604492188e+01
5.143925094604492188e+01
5.143925094604492188e+01
5.143925094604492188e+01
5.143925094604492188e+01
5.143925094604492188e+01
5.143925094604492188e+01
5.143925094604492188e+01
5.143925094604492188e+01
5.143925094604492188e+01
5.143925094604492188e+01
5.143925094604492188e+01
5.143925094604492188e+01
5.143925094604492188e+01
5.143925094604492188e+01
5.143925094604492188e+01
5.143925094604492188e+01
5.143925094604492188e+01
5.143925094604492188e+01
5.143925094604492188e+01
5.143925094604492188e+01
5.143925094604492188e+01
5.143925094604492188e+01
5.143925094604492188e+01
5.143925094604492188e+01
5.143925094604492188e+01
5.143925094604492188e+01
5.143925094604492188e+01
5.143925094604492188e+01
5.143925094604492188e+01
5.143925094604492188e+01
5.143925094604492188e+01
5.143925094604492188e+01
5.143925094604492188e+01
5.143925094604492188e+01
5.143925094604492188e+01
5.143925094604492188e+01
5.143925094604492188e+01
5.143925094604492188e+01
5.143925094604492188e+01
5.143925094604492188e+01
5.143925094604492188e+01
5.143925094604492188e+01
5.143925094604492188e+01
5.143925094604492188e+01
5.143925094604492188e+01
5.143925094604492188e+01
5.143925094604492188e+01
5.143925094604492188e+01
5.143925094604492188e+01
5.143925094604492188e+01
5.143925094604492188e+01
5.143925094604492188e+01
5.143925094604492188e+01
5.143925094604492188e+01
5.143925094604492188e+01
5.143925094604492188e+01
5.143925094604492188e+01
5.143925094604492188e+01
5.143925094604492188e+01
5.143925094604492188e+01
5.143925094604492188e+01
5.143925094604492188e+01
5.143925094604492188e+01
5.143925094604492188e+01
5.143925094604492188e+01
5.143925094604492188e+01
5.143925094604492188e+01
5.143925094604492188e+01
5.143925094604492188e+01
5.143925094604492188e+01
5.143925094604492188e+01
5.143925094604492188e+01
5.143925094604492188e+01
5.143925094604492188e+01
5.143925094604492188e+01
5.143925094604492188e+01
5.143925094604492188e+01
5.143925094604492188e+01
5.143925094604492188e+01
5.143925094604492188e+01
5.143925094604492188e+01
5.143925094604492188e+01
5.143925094604492188e+01
5.143925094604492188e+01
5.143925094604492188e+01
5.143925094604492188e+01
5.143925094604492188e+01
5.143925094604492188e+01
5.143925094604492188e+01
5.143925094604492188e+01
5.143925094604492188e+01
5.143925094604492188e+01
5.143925094604492188e+01
5.143925094604492188e+01
5.143925094604492188e+01
5.143925094604492188e+01
5.143925094604492188e+01
5.143925094604492188e+01
5.143925094604492188e+01
5.143925094604492188e+01
5.143925094604492188e+01
5.143925094604492188e+01
5.143925094604492188e+01
5.143925094604492188e+01
5.143925094604492188e+01
5.143925094604492188e+01
5.143925094604492188e+01
5.143925094604492188e+01
5.143925094604492188e+01
5.143925094604492188e+01
5.143925094604492188e+01
5.143925094604492188e+01
5.143925094604492188e+01
5.143925094604492188e+01
5.143925094604492188e+01
5.143925094604492188e+01
5.143925094604492188e+01
5.143925094604492188e+01
5.143925094604492188e+01
5.143925094604492188e+01
5.143925094604492188e+01
5.143925094604492188e+01
5.143925094604492188e+01
5.143925094604492188e+01
5.143925094604492188e+01
5.143925094604492188e+01
5.143925094604492188e+01
5.143925094604492188e+01
5.143925094604492188e+01
5.143925094604492188e+01
5.143925094604492188e+01
5.143925094604492188e+01
5.143925094604492188e+01
5.143925094604492188e+01
5.143925094604492188e+01
5.143925094604492188e+01
5.143925094604492188e+01
5.143925094604492188e+01
5.143925094604492188e+01
5.143925094604492188e+01
5.143925094604492188e+01
5.143925094604492188e+01
5.143925094604492188e+01
5.143925094604492188e+01
5.143925094604492188e+01
5.143925094604492188e+01
5.143925094604492188e+01
5.143925094604492188e+01
5.143925094604492188e+01
5.117819976806640625e+01
5.117306137084960938e+01
5.116792678833007812e+01
5.116279220581054688e+01
5.115766143798828125e+01
5.115253067016601562e+01
5.114740371704101562e+01
5.114227676391601562e+01
5.113715744018554688e+01
5.113204193115234375e+01
5.112693405151367188e+01
5.112182617187500000e+01
5.111672592163085938e+01
5.111163330078125000e+01
5.110654830932617188e+01
5.110146713256835938e+01
5.109639739990234375e+01
5.109133529663085938e+01
5.108628082275390625e+01
5.108123397827148438e+01
5.107619857788085938e+01
5.107117462158203125e+01
5.106615829467773438e+01
5.106115341186523438e+01
5.105616378784179688e+01
5.105118179321289062e+01
5.104621505737304688e+01
5.104125976562500000e+01
5.103631973266601562e+01
5.103139495849609375e+01
5.102648162841796875e+01
5.102158737182617188e+01
5.101670455932617188e+01
5.101183700561523438e+01
5.100698852539062500e+01
5.100215911865234375e+01
5.099734497070312500e+01
5.099254608154296875e+01
5.098777008056640625e+01
5.098300933837890625e+01
5.097826766967773438e+01
5.097354888916015625e+01
5.096884918212890625e+01
5.096417236328125000e+01
5.095951461791992188e+01
5.095487594604492188e+01
5.095026397705078125e+01
5.094567108154296875e+01
5.094109725952148438e+01
5.093655014038085938e+01
5.093201828002929688e+01
5.092751312255859375e+01
5.092302322387695312e+01
5.091856002807617188e+01
5.091411209106445312e+01
5.090968704223632812e+01
5.090528488159179688e+01
5.090090179443359375e+01
5.089653778076171875e+01
5.089219284057617188e+01
5.088787078857421875e+01
5.088356781005859375e+01
5.087928390502929688e+01
5.087501907348632812e+01
5.087077713012695312e+01
5.086655044555664062e+01
5.086234664916992188e+01
5.085816192626953125e+01
5.085399627685546875e+01
5.084984588623046875e+01
5.084571838378906250e+01
5.084160995483398438e+01
5.083752059936523438e+01
5.083344650268554688e+01
5.082939529418945312e+01
5.082535934448242188e+01
5.082134246826171875e+01
5.081734466552734375e+01
5.081336593627929688e+01
5.080940246582031250e+01
5.080545806884765625e+01
5.080153274536132812e+01
5.079762649536132812e+01
5.079373550415039062e+01
5.078985977172851562e+01
5.078600692749023438e+01
5.078216552734375000e+01
5.077834701538085938e+01
5.077454376220703125e+01
5.077075576782226562e+01
5.076698303222656250e+01
5.076323318481445312e+01
5.075949478149414062e+01
5.075577545166015625e+01
5.075207519531250000e+01
5.074839019775390625e+01
5.074472045898437500e+01
5.074106979370117188e+01
5.073743820190429688e+01
5.073382186889648438e+01
5.073022460937500000e+01
5.072664260864257812e+01
5.072307586669921875e+01
5.071953201293945312e+01
5.071600341796875000e+01
5.071249008178710938e+01
5.070899581909179688e+01
5.070552062988281250e+01
5.070206069946289062e+01
5.069861984252929688e+01
5.069519805908203125e+01
5.069179153442382812e+01
5.068840408325195312e+01
5.068503570556640625e+01
5.067834854125976562e+01
5.067834854125976562e+01
5.067503356933593750e+01
5.067173385620117188e+01
5.066845321655273438e+01
5.066519165039062500e+01
5.066194915771484375e+01
5.065872192382812500e+01
5.065551376342773438e+01
5.065232467651367188e+01
5.064915466308593750e+01
5.064599990844726562e+01
5.063974761962890625e+01
5.063974761962890625e+01
5.063974761962890625e+01
5.063357162475585938e+01
5.063051223754882812e+01
5.063051223754882812e+01
5.062444305419921875e+01
5.062144088745117188e+01
5.061845397949218750e+01
5.061548614501953125e+01
5.061253738403320312e+01
5.060960388183593750e+01
5.060669326782226562e+01
5.060380172729492188e+01
5.060092544555664062e+01
5.059807205200195312e+01
5.059523391723632812e+01
5.059241867065429688e+01
5.058961868286132812e+01
5.058683776855468750e+01
5.058407974243164062e+01
5.058133697509765625e+01
5.057861328125000000e+01
5.057591247558593750e+01
5.057322692871093750e+01
5.057056045532226562e+01
5.056791687011718750e+01
5.056528854370117188e+01
5.056268310546875000e+01
5.056009292602539062e+01
5.055752563476562500e+01
5.055497360229492188e+01
5.055244445800781250e+01
5.054993438720703125e+01
5.054744338989257812e+01
5.054497146606445312e+01
5.054251861572265625e+01
5.054008483886718750e+01
5.053767013549804688e+01
5.053527832031250000e+01
5.053290557861328125e+01
5.053054809570312500e+01
5.052821350097656250e+01
5.052589797973632812e+01
5.052360153198242188e+01
5.052132797241210938e+01
5.051906967163085938e+01
5.051683425903320312e+01
5.051461791992187500e+01
5.051242065429687500e+01
5.051024627685546875e+01
5.050808715820312500e+01
5.050595092773437500e+01
5.050383377075195312e+01
5.050173568725585938e+01
5.049966049194335938e+01
5.049760055541992188e+01
5.049556350708007812e+01
5.049354553222656250e+01
5.049154663085937500e+01
5.048956680297851562e+01
5.048760604858398438e+01
5.048566436767578125e+01
5.048374176025390625e+01
5.048183822631835938e+01
5.047995376586914062e+01
5.047808837890625000e+01
5.047624206542968750e+01
5.047441482543945312e+01
5.047260284423828125e+01
5.047080993652343750e+01
5.046903610229492188e+01
5.046728134155273438e+01
5.046554183959960938e+01
5.046382522583007812e+01
5.046212387084960938e+01
5.046043777465820312e+01
5.045877075195312500e+01
5.045712280273437500e+01
5.045549011230468750e+01
5.045387649536132812e+01
5.045227813720703125e+01
5.045069885253906250e+01
5.044913482666015625e+01
5.044758987426757812e+01
5.044606018066406250e+01
5.044454956054687500e+01
5.044305419921875000e+01
5.044157409667968750e+01
5.044011306762695312e+01
5.043866348266601562e+01
5.043723678588867188e+01
5.043582153320312500e+01
5.043442153930664062e+01
5.043304061889648438e+01
5.043167495727539062e+01
5.043032455444335938e+01
5.042898941040039062e+01
5.042766952514648438e+01
5.042636871337890625e+01
5.042507934570312500e+01
5.042380905151367188e+01
5.042255783081054688e+01
5.042132186889648438e+01
5.042010498046875000e+01
5.041890716552734375e+01
5.041772460937500000e+01
5.041656494140625000e+01
5.041542434692382812e+01
5.041430282592773438e+01
5.041320037841796875e+01
5.041212081909179688e+01
5.041106033325195312e+01
5.041002273559570312e+01
5.040900802612304688e+01
5.040801620483398438e+01
5.040704727172851562e+01
5.040609741210937500e+01
5.040517807006835938e+01
5.040427780151367188e+01
5.040340423583984375e+01
5.040255355834960938e+01
5.040172958374023438e+01
5.040092849731445312e+01
5.040015792846679688e+01
5.039941024780273438e+01
5.039869308471679688e+01
5.039799880981445312e+01
5.039733505249023438e+01
5.039669799804687500e+01
5.039609146118164062e+01
5.039551162719726562e+01
5.039496231079101562e+01
5.039444351196289062e+01
5.039395523071289062e+01
5.039349746704101562e+01
5.039306640625000000e+01
5.039266967773437500e+01
5.039230728149414062e+01
5.039197540283203125e+01
5.039167404174804688e+01
5.039140701293945312e+01
5.039117431640625000e+01
5.039097213745117188e+01
5.039080429077148438e+01
5.039066696166992188e+01
5.039055633544921875e+01
5.039047622680664062e+01
5.039041900634765625e+01
5.039038848876953125e+01
5.039037704467773438e+01
5.039039230346679688e+01
5.039042282104492188e+01
5.039047622680664062e+01
5.039054107666015625e+01
5.039062500000000000e+01
5.039072418212890625e+01
5.039083099365234375e+01
5.039095306396484375e+01
5.039108276367187500e+01
5.039122009277343750e+01
5.039136123657226562e+01
5.039151000976562500e+01
5.039166259765625000e+01
5.039181900024414062e+01
5.039197158813476562e+01
5.039212417602539062e+01
5.039227294921875000e+01
5.039242172241210938e+01
5.039255905151367188e+01
5.039269256591796875e+01
5.039281845092773438e+01
5.039293289184570312e+01
5.039303588867187500e+01
5.039312362670898438e+01
5.039319992065429688e+01
5.039325714111328125e+01
5.039329910278320312e+01
5.039332199096679688e+01
5.039332199096679688e+01
5.039329910278320312e+01
5.039325332641601562e+01
5.039318466186523438e+01
5.039308547973632812e+01
5.039296340942382812e+01
5.039280700683593750e+01
5.039262008666992188e+01
5.039240264892578125e+01
5.039214706420898438e+01
5.039186477661132812e+01
5.039154434204101562e+01
5.039119338989257812e+01
5.039081192016601562e+01
5.039039993286132812e+01
5.038995361328125000e+01
5.038947677612304688e+01
5.038897323608398438e+01
5.038843536376953125e+01
5.038787078857421875e+01
5.038727569580078125e+01
5.038665008544921875e+01
5.038600158691406250e+01
5.038531875610351562e+01
5.038461303710937500e+01
5.038388061523437500e+01
5.038311767578125000e+01
5.038233184814453125e+01
5.038151931762695312e+01
5.038068008422851562e+01
5.037981414794921875e+01
5.037892532348632812e+01
5.037707519531250000e+01
5.037611389160156250e+01
5.037512969970703125e+01
5.037512969970703125e+01
5.037512969970703125e+01
5.037309646606445312e+01
5.037204360961914062e+01
5.037097167968750000e+01
5.036987686157226562e+01
5.036876296997070312e+01
5.036763000488281250e+01
5.036647415161132812e+01
5.036529922485351562e+01
5.036410522460937500e+01
5.036289215087890625e+01
5.036166381835937500e+01
5.036041259765625000e+01
5.035914611816406250e+01
5.035786437988281250e+01
5.035786437988281250e+01
5.035391235351562500e+01
5.035391235351562500e+01
5.035256576538085938e+01
5.035256576538085938e+01
5.034981918334960938e+01
5.034842300415039062e+01
5.034700775146484375e+01
5.034558105468750000e+01
5.034413528442382812e+01
5.034267044067382812e+01
5.034119415283203125e+01
5.033969879150390625e+01
5.033818817138671875e+01
5.033665847778320312e+01
5.033511352539062500e+01
5.033355331420898438e+01
5.033355331420898438e+01
5.033037948608398438e+01
5.032876586914062500e+01
5.032713699340820312e+01
5.032549285888671875e+01
5.032382583618164062e+01
5.032214736938476562e+01
5.032044982910156250e+01
5.031873321533203125e+01
5.031700134277343750e+01
5.031525039672851562e+01
5.031348419189453125e+01
5.031169891357421875e+01
5.030989456176757812e+01
5.030807495117187500e+01
5.030623626708984375e+01
5.030438232421875000e+01
5.030250549316406250e+01
5.030061340332031250e+01
5.029870605468750000e+01
5.029677581787109375e+01
5.029483032226562500e+01
5.029286575317382812e+01
5.029088211059570312e+01
5.028887939453125000e+01
5.028686141967773438e+01
5.028482437133789062e+01
5.028276443481445312e+01
5.028068923950195312e+01
5.027859497070312500e+01
5.027648162841796875e+01
5.027435302734375000e+01
5.027220153808593750e+01
5.027003097534179688e+01
5.026784133911132812e+01
5.026563262939453125e+01
5.026340484619140625e+01
5.026115798950195312e+01
5.025889205932617188e+01
5.025660705566406250e+01
5.025430297851562500e+01
5.025197601318359375e+01
5.024962997436523438e+01
5.024726486206054688e+01
5.024487686157226562e+01
5.024247360229492188e+01
5.024004745483398438e+01
5.023759841918945312e+01
5.023513031005859375e+01
5.023264312744140625e+01
5.023013687133789062e+01
5.022760772705078125e+01
5.022505569458007812e+01
5.022248458862304688e+01
5.021989059448242188e+01
5.021727752685546875e+01
5.021464157104492188e+01
5.021198654174804688e+01
5.020930862426757812e+01
5.020660781860351562e+01
5.020388793945312500e+01
5.020114517211914062e+01
5.019837951660156250e+01
5.019559097290039062e+01
5.019278335571289062e+01
5.018995285034179688e+01
5.018709945678710938e+01
5.018422317504882812e+01
5.018132400512695312e+01
5.017840194702148438e+01
5.017545700073242188e+01
5.017249298095703125e+01
5.016950225830078125e+01
5.016648864746093750e+01
5.016345214843750000e+01
5.016039657592773438e+01
5.015731430053710938e+01
5.015420913696289062e+01
5.015108489990234375e+01
5.014793777465820312e+01
5.014477157592773438e+01
5.014158630371093750e+01
5.013837814331054688e+01
5.013515090942382812e+01
5.013190841674804688e+01
5.012864685058593750e+01
5.012536621093750000e+01
5.012207031250000000e+01
5.011875534057617188e+01
5.011542892456054688e+01
5.011208343505859375e+01
5.010872268676757812e+01
5.010535049438476562e+01
5.010196304321289062e+01
5.009856033325195312e+01
5.009514999389648438e+01
5.009172058105468750e+01
5.008828353881835938e+01
5.008483505249023438e+01
5.008137512207031250e+01
5.007790374755859375e+01
5.007442474365234375e+01
5.007093429565429688e+01
5.006744003295898438e+01
5.006393051147460938e+01
5.006041717529296875e+01
5.005689620971679688e+01
5.005337142944335938e+01
5.004983520507812500e+01
5.004629898071289062e+01
5.004275512695312500e+01
5.003920364379882812e+01
5.003565216064453125e+01
5.003209686279296875e+01
5.002853775024414062e+01
5.002497482299804688e+01
5.002141189575195312e+01
5.001784515380859375e+01
5.001427841186523438e+01
5.001427841186523438e+01
5.001427841186523438e+01
5.001427841186523438e+01
5.001427841186523438e+01
5.001427841186523438e+01
5.001427841186523438e+01
5.001427841186523438e+01
5.001427841186523438e+01
5.001427841186523438e+01
5.001427841186523438e+01
5.001427841186523438e+01
5.001427841186523438e+01
5.001427841186523438e+01
5.001427841186523438e+01
5.001427841186523438e+01
5.001427841186523438e+01
5.001427841186523438e+01
5.001427841186523438e+01
5.001427841186523438e+01
5.001427841186523438e+01
5.001427841186523438e+01
5.001427841186523438e+01
5.001427841186523438e+01
5.001427841186523438e+01
5.001427841186523438e+01
5.001427841186523438e+01
5.001427841186523438e+01
5.001427841186523438e+01
5.001427841186523438e+01
5.001427841186523438e+01
5.001427841186523438e+01
5.001427841186523438e+01
5.001427841186523438e+01
5.001427841186523438e+01
5.001427841186523438e+01
5.001427841186523438e+01
5.001427841186523438e+01
5.001427841186523438e+01
5.001427841186523438e+01
5.001427841186523438e+01
5.001427841186523438e+01
5.001427841186523438e+01
5.001427841186523438e+01
5.001427841186523438e+01
5.001427841186523438e+01
5.001427841186523438e+01
5.001427841186523438e+01
5.001427841186523438e+01
5.001427841186523438e+01
5.001427841186523438e+01
5.001427841186523438e+01
5.001427841186523438e+01
5.001427841186523438e+01
5.001427841186523438e+01
5.001427841186523438e+01
5.001427841186523438e+01
5.001427841186523438e+01
5.001427841186523438e+01
5.001427841186523438e+01
5.001427841186523438e+01
5.001427841186523438e+01
5.001427841186523438e+01
5.001427841186523438e+01
5.001427841186523438e+01
5.001427841186523438e+01
5.001427841186523438e+01
5.001427841186523438e+01
5.001427841186523438e+01
5.001427841186523438e+01
5.001427841186523438e+01
5.001427841186523438e+01
5.001427841186523438e+01
5.001427841186523438e+01
5.001427841186523438e+01
5.001427841186523438e+01
5.001427841186523438e+01
5.001427841186523438e+01
5.001427841186523438e+01
5.001427841186523438e+01
5.001427841186523438e+01
5.001427841186523438e+01
5.001427841186523438e+01
5.001427841186523438e+01
5.001427841186523438e+01
5.001427841186523438e+01
5.001427841186523438e+01
5.001427841186523438e+01
5.001427841186523438e+01
5.001427841186523438e+01
5.001427841186523438e+01
5.001427841186523438e+01
5.001427841186523438e+01
5.001427841186523438e+01
5.001427841186523438e+01
5.001427841186523438e+01
5.001427841186523438e+01
5.001427841186523438e+01
5.001427841186523438e+01
5.001427841186523438e+01
5.001427841186523438e+01
5.001427841186523438e+01
5.001427841186523438e+01
5.001427841186523438e+01
5.001427841186523438e+01
5.001427841186523438e+01
5.001427841186523438e+01
5.001427841186523438e+01
5.001427841186523438e+01
5.001427841186523438e+01
5.001427841186523438e+01
5.001427841186523438e+01
5.001427841186523438e+01
5.001427841186523438e+01
5.001427841186523438e+01
5.001427841186523438e+01
5.001427841186523438e+01
5.001427841186523438e+01
5.001427841186523438e+01
5.001427841186523438e+01
5.001427841186523438e+01
5.001427841186523438e+01
5.001427841186523438e+01
5.001427841186523438e+01
5.001427841186523438e+01
5.001427841186523438e+01
5.001427841186523438e+01
5.001427841186523438e+01
5.001427841186523438e+01
5.001427841186523438e+01
5.001427841186523438e+01
5.001427841186523438e+01
5.001427841186523438e+01
5.001427841186523438e+01
5.001427841186523438e+01
5.001427841186523438e+01
5.001427841186523438e+01
5.001427841186523438e+01
5.001427841186523438e+01
5.001427841186523438e+01
5.001427841186523438e+01
5.001427841186523438e+01
5.001427841186523438e+01
5.001427841186523438e+01
5.001427841186523438e+01
5.001427841186523438e+01
5.001427841186523438e+01
5.001427841186523438e+01
5.001427841186523438e+01
5.001427841186523438e+01
5.001427841186523438e+01
5.001427841186523438e+01
5.001427841186523438e+01
5.001427841186523438e+01
5.001427841186523438e+01
5.001427841186523438e+01
5.001427841186523438e+01
5.001427841186523438e+01
5.001427841186523438e+01
5.001427841186523438e+01
5.001427841186523438e+01
5.001427841186523438e+01
5.001427841186523438e+01
5.001427841186523438e+01
5.001427841186523438e+01
5.001427841186523438e+01
5.001427841186523438e+01
5.001427841186523438e+01
5.001427841186523438e+01
5.001427841186523438e+01
5.001427841186523438e+01
5.001427841186523438e+01
5.001427841186523438e+01
5.001427841186523438e+01
5.001427841186523438e+01
5.001427841186523438e+01
5.001427841186523438e+01
5.001427841186523438e+01
5.001427841186523438e+01
5.001427841186523438e+01
5.001427841186523438e+01
5.001427841186523438e+01
5.001427841186523438e+01
5.001427841186523438e+01
5.001427841186523438e+01
5.001427841186523438e+01
5.001427841186523438e+01
5.001427841186523438e+01
5.001427841186523438e+01
5.001427841186523438e+01
5.001427841186523438e+01
5.001427841186523438e+01
5.001427841186523438e+01
5.001427841186523438e+01
5.001427841186523438e+01
5.001427841186523438e+01
5.001427841186523438e+01
5.001427841186523438e+01
5.001427841186523438e+01
5.001427841186523438e+01
5.001427841186523438e+01
5.001427841186523438e+01
5.001427841186523438e+01
5.001427841186523438e+01
5.001427841186523438e+01
5.001427841186523438e+01
5.001427841186523438e+01
5.001427841186523438e+01
5.001427841186523438e+01
5.001427841186523438e+01
5.001427841186523438e+01
5.001427841186523438e+01
5.001427841186523438e+01
5.001427841186523438e+01
5.001427841186523438e+01
5.001427841186523438e+01
5.001427841186523438e+01
5.001427841186523438e+01
5.001427841186523438e+01
5.001427841186523438e+01
5.001427841186523438e+01
5.001427841186523438e+01
5.001427841186523438e+01
5.001427841186523438e+01
5.001427841186523438e+01
5.001427841186523438e+01
5.001427841186523438e+01
5.001427841186523438e+01
5.001427841186523438e+01
5.001427841186523438e+01
5.001427841186523438e+01
5.001427841186523438e+01
5.001427841186523438e+01
5.001427841186523438e+01
5.001427841186523438e+01
5.001427841186523438e+01
5.001427841186523438e+01
5.001427841186523438e+01
5.001427841186523438e+01
5.001427841186523438e+01
5.001427841186523438e+01
5.001427841186523438e+01
5.001427841186523438e+01
5.001427841186523438e+01
5.001427841186523438e+01
5.001427841186523438e+01
5.001427841186523438e+01
5.001427841186523438e+01
5.001427841186523438e+01
5.001427841186523438e+01
5.001427841186523438e+01
5.001427841186523438e+01
5.001427841186523438e+01
5.001427841186523438e+01
5.001427841186523438e+01
5.001427841186523438e+01
5.001427841186523438e+01
5.001427841186523438e+01
5.001427841186523438e+01
5.001427841186523438e+01
5.001427841186523438e+01
5.001427841186523438e+01
5.001427841186523438e+01
5.001427841186523438e+01
5.001427841186523438e+01
5.001427841186523438e+01
5.001427841186523438e+01
5.001427841186523438e+01
5.001427841186523438e+01
5.001427841186523438e+01
5.001427841186523438e+01
5.001427841186523438e+01
5.001427841186523438e+01
5.001427841186523438e+01
5.001427841186523438e+01
5.001427841186523438e+01
5.001427841186523438e+01
5.001427841186523438e+01
5.001427841186523438e+01
5.001427841186523438e+01
5.001427841186523438e+01
5.001427841186523438e+01
5.001427841186523438e+01
5.001427841186523438e+01
5.001427841186523438e+01
5.001427841186523438e+01
5.001427841186523438e+01
5.001427841186523438e+01
5.001427841186523438e+01
5.001427841186523438e+01
5.001427841186523438e+01
5.001427841186523438e+01
5.001427841186523438e+01
5.001427841186523438e+01
5.001427841186523438e+01
5.001427841186523438e+01
5.001427841186523438e+01
5.001427841186523438e+01
5.001427841186523438e+01
5.001427841186523438e+01
5.001427841186523438e+01
5.001427841186523438e+01
5.001427841186523438e+01
4.990601348876953125e+01
4.990394210815429688e+01
4.989980697631835938e+01
4.989773941040039062e+01
4.989567947387695312e+01
4.989361953735351562e+01
4.989156341552734375e+01
4.988951492309570312e+01
4.988747024536132812e+01
4.988542938232421875e+01
4.988339996337890625e+01
4.988137817382812500e+01
4.987936019897460938e+01
4.987735366821289062e+01
4.987535858154296875e+01
4.987337112426757812e+01
4.987139892578125000e+01
4.986943435668945312e+01
4.986748504638671875e+01
4.986554718017578125e+01
4.986362457275390625e+01
4.986171722412109375e+01
4.985982131958007812e+01
4.985794448852539062e+01
4.985608673095703125e+01
4.985424041748046875e+01
4.985241699218750000e+01
4.985061264038085938e+01
4.984882354736328125e+01
4.984705734252929688e+01
4.984531402587890625e+01
4.984358978271484375e+01
4.984188842773437500e+01
4.984020996093750000e+01
4.983855438232421875e+01
4.983692550659179688e+01
4.983531951904296875e+01
4.983374023437500000e+01
4.983218765258789062e+01
4.983066177368164062e+01
4.982916259765625000e+01
4.982769012451171875e+01
4.982624816894531250e+01
4.982482910156250000e+01
4.982344055175781250e+01
4.982207489013671875e+01
4.982073974609375000e+01
4.981942749023437500e+01
4.981814193725585938e+01
4.981688308715820312e+01
4.981565093994140625e+01
4.981444549560546875e+01
4.981326293945312500e+01
4.981210327148437500e+01
4.981097412109375000e+01
4.980986404418945312e+01
4.980878448486328125e+01
4.980772399902343750e+01
4.980669021606445312e+01
4.980568313598632812e+01
4.980469512939453125e+01
4.980373382568359375e+01
4.980279541015625000e+01
4.980188369750976562e+01
4.980099105834960938e+01
4.980012130737304688e+01
4.979927825927734375e+01
4.979845428466796875e+01
4.979765319824218750e+01
4.979687500000000000e+01
4.979611968994140625e+01
4.979538726806640625e+01
4.979467391967773438e+01
4.979398345947265625e+01
4.979331588745117188e+01
4.979266738891601562e+01
4.979204177856445312e+01
4.979143905639648438e+01
4.979085159301757812e+01
4.979029083251953125e+01
4.978974533081054688e+01
4.978922271728515625e+01
4.978872299194335938e+01
4.978823852539062500e+01
4.978778076171875000e+01
4.978733825683593750e+01
4.978692245483398438e+01
4.978652191162109375e+01
4.978614807128906250e+01
4.978578948974609375e+01
4.978545379638671875e+01
4.978514099121093750e+01
4.978484725952148438e+01
4.978457641601562500e+01
4.978432846069335938e+01
4.978409957885742188e+01
4.978388977050781250e+01
4.978370285034179688e+01
4.978353881835937500e+01
4.978339385986328125e+01
4.978327178955078125e+01
4.978316879272460938e+01
4.978309249877929688e+01
4.978303146362304688e+01
4.978299713134765625e+01
4.978298187255859375e+01
4.978298950195312500e+01
4.978301620483398438e+01
4.978306961059570312e+01
4.978314208984375000e+01
4.978323364257812500e+01
4.978335189819335938e+01
4.978348922729492188e+01
4.978364944458007812e+01
4.978382873535156250e+01
4.978403472900390625e+01
4.978425979614257812e+01
4.978450775146484375e+01
4.978477859497070312e+01
4.978506851196289062e+01
4.978538513183593750e+01
4.978572082519531250e+01
4.978607940673828125e+01
4.978646087646484375e+01
4.978686523437500000e+01
4.978729248046875000e+01
4.978773880004882812e+01
4.978821182250976562e+01
4.978870391845703125e+01
4.978921890258789062e+01
4.978975677490234375e+01
4.979150390625000000e+01
4.979150390625000000e+01
4.979150390625000000e+01
4.979213333129882812e+01
4.979278182983398438e+01
4.979345321655273438e+01
4.979415130615234375e+01
4.979486846923828125e+01
4.979560852050781250e+01
4.979637145996093750e+01
4.979715347290039062e+01
4.979796218872070312e+01
4.979879379272460938e+01
4.979964828491210938e+01
4.980052185058593750e+01
4.980142211914062500e+01
4.980234146118164062e+01
4.980328750610351562e+01
4.980425262451171875e+01
4.980524444580078125e+01
4.980625534057617188e+01
4.980728912353515625e+01
4.980834960937500000e+01
4.980942916870117188e+01
4.981053161621093750e+01
4.981166076660156250e+01
4.981280899047851562e+01
4.981398010253906250e+01
4.981517410278320312e+01
4.981639480590820312e+01
4.981763458251953125e+01
4.981889724731445312e+01
4.982018280029296875e+01
4.982281875610351562e+01
4.982281875610351562e+01
4.982416915893554688e+01
4.982554244995117188e+01
4.982693481445312500e+01
4.982835006713867188e+01
4.982978820800781250e+01
4.983124542236328125e+01
4.983272552490234375e+01
4.983422851562500000e+01
4.983574676513671875e+01
4.983728790283203125e+01
4.983885192871093750e+01
4.984043502807617188e+01
4.984203720092773438e+01
4.984366226196289062e+01
4.984530258178710938e+01
4.984696578979492188e+01
4.984864807128906250e+01
4.984864807128906250e+01
4.985207366943359375e+01
4.985381317138671875e+01
4.985381317138671875e+01
4.985735321044921875e+01
4.985914993286132812e+01
4.986096572875976562e+01
4.986280441284179688e+01
4.986465454101562500e+01
4.986652755737304688e+01
4.986841964721679688e+01
4.987032699584960938e+01
4.987225341796875000e+01
4.987419891357421875e+01
4.987615966796875000e+01
4.987813949584960938e+01
4.988013839721679688e+01
4.988215637207031250e+01
4.988418960571289062e+01
4.988624572753906250e+01
4.988832092285156250e+01
4.989041519165039062e+01
4.989253234863281250e+01
4.989467239379882812e+01
4.989683151245117188e+01
4.989901351928710938e+01
4.990121841430664062e+01
4.990344619750976562e+01
4.990570068359375000e+01
4.990797805786132812e+01
4.991027832031250000e+01
4.991260528564453125e+01
4.991495895385742188e+01
4.991733551025390625e+01
4.991974258422851562e+01
4.992217636108398438e+01
4.992463684082031250e+01
4.992712402343750000e+01
4.992964172363281250e+01
4.993218612670898438e+01
4.993476486206054688e+01
4.993737030029296875e+01
4.994000625610351562e+01
4.994267272949218750e+01
4.994536972045898438e+01
4.994810104370117188e+01
4.995086288452148438e+01
4.995365905761718750e+01
4.995648956298828125e+01
4.995935058593750000e+01
4.996224975585937500e+01
4.996517944335937500e+01
4.996814727783203125e+01
4.997115325927734375e+01
4.997418975830078125e+01
4.997726440429687500e+01
4.998037338256835938e+01
4.998351287841796875e+01
4.998667907714843750e+01
4.998987579345703125e+01
4.999309921264648438e+01
4.999634933471679688e+01
4.999961853027343750e+01
5.000290679931640625e+01
5.000621414184570312e+01
5.000954055786132812e+01
5.001288223266601562e+01
5.001623535156250000e+01
5.001959991455078125e+01
5.002297592163085938e+01
5.002635955810546875e+01
5.002974700927734375e+01
5.003313827514648438e+01
5.003653335571289062e+01
5.003992843627929688e+01
5.004332351684570312e+01
5.004671096801757812e+01
5.005009841918945312e+01
5.005347442626953125e+01
5.005684280395507812e+01
5.006020355224609375e+01
5.006354904174804688e+01
5.006687927246093750e+01
5.007019424438476562e+01
5.007349014282226562e+01
5.007676696777343750e+01
5.008002471923828125e+01
5.008325576782226562e+01
5.008646392822265625e+01
5.008964157104492188e+01
5.009279251098632812e+01
5.009591293334960938e+01
5.009899902343750000e+01
5.010205078125000000e+01
5.010506820678710938e+01
5.010804748535156250e+01
5.011099243164062500e+01
5.011390304565429688e+01
5.011677932739257812e+01
5.011962127685546875e+01
5.012242889404296875e+01
5.012520599365234375e+01
5.012794876098632812e+01
5.013066101074218750e+01
5.013333892822265625e+01
5.013598632812500000e+01
5.013860321044921875e+01
5.014118957519531250e+01
5.014374923706054688e+01
5.014627456665039062e+01
5.014877700805664062e+01
5.015124511718750000e+01
5.015369033813476562e+01
5.015610504150390625e+01
5.015849304199218750e+01
5.016085433959960938e+01
5.016318893432617188e+01
5.016550064086914062e+01
5.016778564453125000e+01
5.017004394531250000e+01
5.017227935791015625e+01
5.017449188232421875e+01
5.017668151855468750e+01
5.017884826660156250e+01
5.018099212646484375e+01
5.018311309814453125e+01
5.018521499633789062e+01
5.018729400634765625e+01
5.018935012817382812e+01
5.019139099121093750e+01
5.019340896606445312e+01
5.019540786743164062e+01
5.019739151000976562e+01
5.019935226440429688e+01
5.020129776000976562e+01
5.020322799682617188e+01
5.020513534545898438e+01
5.020702743530273438e+01
5.020889663696289062e+01
5.021075057983398438e+01
5.021258544921875000e+01
5.021440505981445312e+01
5.021620178222656250e+01
5.021797943115234375e+01
5.021974182128906250e+01
5.022148132324218750e+01
5.022320556640625000e+01
5.022490692138671875e+01
5.022659301757812500e+01
5.022825622558593750e+01
5.022990036010742188e+01
5.023152542114257812e+01
5.023313140869140625e+01
5.023471832275390625e+01
5.023628616333007812e+01
5.023783111572265625e+01
5.023936080932617188e+01
5.024086761474609375e+01
5.024235153198242188e+01
5.024382019042968750e+01
5.024526596069335938e+01
5.024669265747070312e+01
5.024809646606445312e+01
5.024948120117187500e+01
5.025084686279296875e+01
5.025351333618164062e+01
5.025351333618164062e+01
5.025609207153320312e+01
5.025609207153320312e+01
5.025609207153320312e+01
5.025980758666992188e+01
5.026100540161132812e+01
5.026218032836914062e+01
5.026333236694335938e+01
5.026333236694335938e+01
5.026446151733398438e+01
5.026446151733398438e+01
5.026557159423828125e+01
5.026772308349609375e+01
5.026876831054687500e+01
5.026978683471679688e+01
5.027078247070312500e+01
5.027175903320312500e+01
5.027270889282226562e+01
5.027363967895507812e+01
5.027454376220703125e+01
5.027454376220703125e+01
5.027628326416015625e+01
5.027711486816406250e+01
5.027792739868164062e+01
5.027871322631835938e+01
5.027947235107421875e+01
5.028021240234375000e+01
5.028161239624023438e+01
5.028161239624023438e+01
5.028227615356445312e+01
5.028291320800781250e+01
5.028352355957031250e+01
5.028467559814453125e+01
5.028467559814453125e+01
5.028520965576171875e+01
5.028572082519531250e+01
5.028620529174804688e+01
5.028666305541992188e+01
5.028709411621093750e+01
5.028749847412109375e+01
5.028787612915039062e+01
5.028823089599609375e+01
5.028855514526367188e+01
5.028885269165039062e+01
5.028912353515625000e+01
5.028936386108398438e+01
5.028958129882812500e+01
5.028976821899414062e+01
5.028992843627929688e+01
5.029006195068359375e+01
5.029017257690429688e+01
5.029026031494140625e+01
5.029032135009765625e+01
5.029035568237304688e+01
5.029037475585937500e+01
5.029036712646484375e+01
5.029034042358398438e+01
5.029029083251953125e+01
5.029022216796875000e+01
5.029013442993164062e+01
5.029003143310546875e+01
5.028990936279296875e+01
5.028976821899414062e+01
5.028961181640625000e+01
5.028944015502929688e+01
5.028925323486328125e+01
5.028905105590820312e+01
5.028883743286132812e+01
5.028861236572265625e+01
5.028837203979492188e+01
5.028812408447265625e+01
5.028786087036132812e+01
5.028759002685546875e+01
5.028731155395507812e+01
5.028702163696289062e+01
5.028672790527343750e+01
5.028642272949218750e+01
5.028611373901367188e+01
5.028579711914062500e+01
5.028547668457031250e+01
5.028515243530273438e+01
5.028482055664062500e+01
5.028448867797851562e+01
5.028415679931640625e+01
5.028382110595703125e+01
5.028348541259765625e+01
5.028348541259765625e+01
5.028348541259765625e+01
5.028348541259765625e+01
5.028348541259765625e+01
5.028348541259765625e+01
5.028348541259765625e+01
5.028348541259765625e+01
5.028348541259765625e+01
5.028348541259765625e+01
5.028348541259765625e+01
5.028348541259765625e+01
5.028348541259765625e+01
5.028348541259765625e+01
5.028348541259765625e+01
5.028348541259765625e+01
5.028348541259765625e+01
5.028348541259765625e+01
5.028348541259765625e+01
5.028348541259765625e+01
5.028348541259765625e+01
5.028348541259765625e+01
5.028348541259765625e+01
5.028348541259765625e+01
5.028348541259765625e+01
5.028348541259765625e+01
5.028348541259765625e+01
5.028348541259765625e+01
5.028348541259765625e+01
5.028348541259765625e+01
5.028348541259765625e+01
5.028348541259765625e+01
5.028348541259765625e+01
5.028348541259765625e+01
5.028348541259765625e+01
5.028348541259765625e+01
5.028348541259765625e+01
5.028348541259765625e+01
5.028348541259765625e+01
5.028348541259765625e+01
5.028348541259765625e+01
5.028348541259765625e+01
5.028348541259765625e+01
5.028348541259765625e+01
5.028348541259765625e+01
5.028348541259765625e+01
5.028348541259765625e+01
5.028348541259765625e+01
5.028348541259765625e+01
5.028348541259765625e+01
5.028348541259765625e+01
5.028348541259765625e+01
5.028348541259765625e+01
5.028348541259765625e+01
5.028348541259765625e+01
5.028348541259765625e+01
5.028348541259765625e+01
5.028348541259765625e+01
5.028348541259765625e+01
5.028348541259765625e+01
5.028348541259765625e+01
5.028348541259765625e+01
5.028348541259765625e+01
5.028348541259765625e+01
5.028348541259765625e+01
5.028348541259765625e+01
5.028348541259765625e+01
5.028348541259765625e+01
5.028348541259765625e+01
5.028348541259765625e+01
5.028348541259765625e+01
5.028348541259765625e+01
5.028348541259765625e+01
5.028348541259765625e+01
5.028348541259765625e+01
5.028348541259765625e+01
5.028348541259765625e+01
5.028348541259765625e+01
5.028348541259765625e+01
5.028348541259765625e+01
5.028348541259765625e+01
5.028348541259765625e+01
5.028348541259765625e+01
5.028348541259765625e+01
5.028348541259765625e+01
5.028348541259765625e+01
5.028348541259765625e+01
5.028348541259765625e+01
5.028348541259765625e+01
5.028348541259765625e+01
5.028348541259765625e+01
5.028348541259765625e+01
5.028348541259765625e+01
5.028348541259765625e+01
5.028348541259765625e+01
5.028348541259765625e+01
5.028348541259765625e+01
5.028348541259765625e+01
5.028348541259765625e+01
5.028348541259765625e+01
5.028348541259765625e+01
5.028348541259765625e+01
5.028348541259765625e+01
5.028348541259765625e+01
5.028348541259765625e+01
5.028348541259765625e+01
5.028348541259765625e+01
5.028348541259765625e+01
5.028348541259765625e+01
5.028348541259765625e+01
5.028348541259765625e+01
5.028348541259765625e+01
5.028348541259765625e+01
5.028348541259765625e+01
5.028348541259765625e+01
5.028348541259765625e+01
5.028348541259765625e+01
5.028348541259765625e+01
5.028348541259765625e+01
5.028348541259765625e+01
5.028348541259765625e+01
5.028348541259765625e+01
5.028348541259765625e+01
5.028348541259765625e+01
5.028348541259765625e+01
5.028348541259765625e+01
5.028348541259765625e+01
5.028348541259765625e+01
5.028348541259765625e+01
5.028348541259765625e+01
5.028348541259765625e+01
5.028348541259765625e+01
5.028348541259765625e+01
5.028348541259765625e+01
5.028348541259765625e+01
5.028348541259765625e+01
5.028348541259765625e+01
5.028348541259765625e+01
5.028348541259765625e+01
5.028348541259765625e+01
5.028348541259765625e+01
5.028348541259765625e+01
5.028348541259765625e+01
5.028348541259765625e+01
5.028348541259765625e+01
5.028348541259765625e+01
5.028348541259765625e+01
5.028348541259765625e+01
5.028348541259765625e+01
5.028348541259765625e+01
5.028348541259765625e+01
5.028348541259765625e+01
5.028348541259765625e+01
5.028348541259765625e+01
5.028348541259765625e+01
5.028348541259765625e+01
5.028348541259765625e+01
5.028348541259765625e+01
5.028348541259765625e+01
5.028348541259765625e+01
5.028348541259765625e+01
5.028348541259765625e+01
5.028348541259765625e+01
5.028348541259765625e+01
5.028348541259765625e+01
5.028348541259765625e+01
5.028348541259765625e+01
5.028348541259765625e+01
5.028348541259765625e+01
5.028348541259765625e+01
5.028348541259765625e+01
5.028348541259765625e+01
5.028348541259765625e+01
5.028348541259765625e+01
5.028348541259765625e+01
5.028348541259765625e+01
5.028348541259765625e+01
5.028348541259765625e+01
5.028348541259765625e+01
5.028348541259765625e+01
5.028348541259765625e+01
5.028348541259765625e+01
5.028348541259765625e+01
5.028348541259765625e+01
5.028348541259765625e+01
5.028348541259765625e+01
5.028348541259765625e+01
5.028348541259765625e+01
5.028348541259765625e+01
5.028348541259765625e+01
5.028348541259765625e+01
5.028348541259765625e+01
5.028348541259765625e+01
5.028348541259765625e+01
5.028348541259765625e+01
5.028348541259765625e+01
5.028348541259765625e+01
5.028348541259765625e+01
5.028348541259765625e+01
5.028348541259765625e+01
5.028348541259765625e+01
5.028348541259765625e+01
5.028348541259765625e+01
5.028348541259765625e+01
5.028348541259765625e+01
5.028348541259765625e+01
5.028348541259765625e+01
5.028348541259765625e+01
5.028348541259765625e+01
5.028348541259765625e+01
5.028348541259765625e+01
5.028348541259765625e+01
5.028348541259765625e+01
5.028348541259765625e+01
5.028348541259765625e+01
5.028348541259765625e+01
5.028348541259765625e+01
5.028348541259765625e+01
5.028348541259765625e+01
5.028348541259765625e+01
5.028348541259765625e+01
5.028348541259765625e+01
5.028348541259765625e+01
5.028348541259765625e+01
5.028348541259765625e+01
5.028348541259765625e+01
5.028348541259765625e+01
5.028348541259765625e+01
5.028348541259765625e+01
5.028348541259765625e+01
5.028348541259765625e+01
5.028348541259765625e+01
5.028348541259765625e+01
5.028348541259765625e+01
5.028348541259765625e+01
5.028348541259765625e+01
5.028348541259765625e+01
5.028348541259765625e+01
5.028348541259765625e+01
5.028348541259765625e+01
5.028348541259765625e+01
5.028348541259765625e+01
5.028348541259765625e+01
5.028348541259765625e+01
5.028348541259765625e+01
5.028348541259765625e+01
5.028348541259765625e+01
5.028348541259765625e+01
5.028348541259765625e+01
5.028348541259765625e+01
5.028348541259765625e+01
