1.000350444733999922e+00
1.000350420167779086e+00
1.000350346473416918e+00
1.000350223663813543e+00
1.000350051760469539e+00
1.000349830793485717e+00
1.000349560801563342e+00
1.000349241832003244e+00
1.000348873940707373e+00
1.000348457192177687e+00
1.000347991659516600e+00
1.000347477424426756e+00
1.000346914577212143e+00
1.000346303216776089e+00
1.000345643450623490e+00
1.000344935394859913e+00
1.000344179174191384e+00
1.000343374921925044e+00
1.000342522779968935e+00
1.000341622898832661e+00
1.000340675437626503e+00
1.000339680564062084e+00
1.000338638454452811e+00
1.000337549293713657e+00
1.000336413275360936e+00
1.000335230601513636e+00
1.000334001482891200e+00
1.000332726138817296e+00
1.000331404797216051e+00
1.000330037694615148e+00
1.000328625076144506e+00
1.000327167195536493e+00
1.000325664315127261e+00
1.000324116705855415e+00
1.000322524647263345e+00
1.000320888427496779e+00
1.000319208343305233e+00
1.000317484700042003e+00
1.000315717811664395e+00
1.000313908000734608e+00
1.000312055598419292e+00
1.000310160944488880e+00
1.000308224387320255e+00
1.000306246283894751e+00
1.000304226999799040e+00
1.000302166909225798e+00
1.000300066394973486e+00
1.000297925848447234e+00
1.000295745669657732e+00
1.000293526267222788e+00
1.000291268058367322e+00
1.000288971468923593e+00
1.000286636933330753e+00
1.000284264894635511e+00
1.000281855804493469e+00
1.000279410123167789e+00
1.000276928319530745e+00
1.000274410871062614e+00
1.000271858263853453e+00
1.000269270992602211e+00
1.000266649560618060e+00
1.000263994479819285e+00
1.000261306270735062e+00
1.000258585462505012e+00
1.000255832592879202e+00
1.000253048208219031e+00
1.000250232863497235e+00
1.000247387122298104e+00
1.000244511556817928e+00
1.000241606747865664e+00
1.000238673284862267e+00
1.000235711765841806e+00
1.000232722797451679e+00
1.000229706994951950e+00
1.000226664982217573e+00
1.000223597391736829e+00
1.000220504864612003e+00
1.000217388050561151e+00
1.000214247607915885e+00
1.000211084203623813e+00
1.000207898513248095e+00
1.000204691220967446e+00
1.000201463019576797e+00
1.000198214610486858e+00
1.000194946703726329e+00
1.000191660017939022e+00
1.000188355280387409e+00
1.000185033226950848e+00
1.000181694602126692e+00
1.000178340159029622e+00
1.000174970659393647e+00
1.000171586873570773e+00
1.000168189580531442e+00
1.000164779567865869e+00
1.000161357631783376e+00
1.000157924577112389e+00
1.000154481217301550e+00
1.000151028374419715e+00
1.000147566879155292e+00
1.000144097570818014e+00
1.000140621297337828e+00
1.000137138915265345e+00
1.000133651289773162e+00
1.000130159294654320e+00
1.000126663812323402e+00
1.000123165733817654e+00
1.000119665958795201e+00
1.000116165395536605e+00
1.000112664960944420e+00
1.000109165580543857e+00
1.000105668188482566e+00
1.000102173727530408e+00
1.000098683149080570e+00
1.000095197413149117e+00
1.000091717488374776e+00
1.000088244352019151e+00
1.000084778989967838e+00
1.000081322396729089e+00
1.000077875575434705e+00
1.000074439537839810e+00
1.000071015304322630e+00
1.000067603903885161e+00
1.000064206374153386e+00
1.000060823761375950e+00
1.000057457120425042e+00
1.000054107514797286e+00
1.000050776016611298e+00
1.000047463706610351e+00
1.000044171674160376e+00
1.000040901017250405e+00
1.000037652842493463e+00
1.000034428265125008e+00
1.000031228409003603e+00
1.000028054406610689e+00
1.000024907399050145e+00
1.000021788536048506e+00
1.000018698975955189e+00
1.000015639885740715e+00
1.000012612440998261e+00
1.000009617825942776e+00
1.000006657233409868e+00
1.000003731864856915e+00
1.000000842930362177e+00
9.999979916486241294e-01
9.999951792469620182e-01
9.999924069613146393e-01
9.999896760362401160e-01
9.999869877249161210e-01
9.999843432891386552e-01
9.999817439993226031e-01
9.999791911345000672e-01
9.999766859823211451e-01
9.999742298390519313e-01
9.999718240095757382e-01
9.999694698073914312e-01
9.999671685546132061e-01
9.999649215819692571e-01
9.999627302288028874e-01
9.999605958430699548e-01
9.999585197813395387e-01
9.999565034087926074e-01
9.999545480992215740e-01
9.999526552350291864e-01
9.999508262072281939e-01
9.999490624154405705e-01
9.999473652678959601e-01
9.999457361814320100e-01
9.999441765814923722e-01
9.999426879021263703e-01
9.999412715859880008e-01
9.999399290843349331e-01
9.999386618570273999e-01
9.999374713725271979e-01
9.999363591078970215e-01
9.999353265487985754e-01
9.999343751894921306e-01
9.999335065328351924e-01
9.999327220902812785e-01
9.999320233818784764e-01
9.999314119362683329e-01
9.999308892906848545e-01
9.999304569909530649e-01
9.999301165914870060e-01
9.999298696552891830e-01
9.999297177539490100e-01
9.999296624676405898e-01
9.999297053851220474e-01
9.999298481037336428e-01
9.999300922293963279e-01
9.999304393766097476e-01
9.999308911684510193e-01
9.999314492365730667e-01
9.999321152212024000e-01
9.999328907711374503e-01
9.999337775437472375e-01
9.999347772049693717e-01
9.999358914293072775e-01
9.999371218998294175e-01
9.999384703081668491e-01
9.999399383545108932e-01
9.999415277476113584e-01
9.999432402047744306e-01
9.999450774518605645e-01
9.999470412232821515e-01
9.999491332620009665e-01
9.999513553195262805e-01
9.999537091559127511e-01
9.999561965397573138e-01
9.999588192481970728e-01
9.999615790669068582e-01
9.999644777900968950e-01
9.999675172205096940e-01
9.999706991694177205e-01
9.999740254566203967e-01
9.999774979104422146e-01
9.999811183677290716e-01
9.999848886738451625e-01
9.999888106826713141e-01
9.999928862566009879e-01
9.999971172665377273e-01
1.000001505591891826e+00
1.000006053120576999e+00
1.000010761749008603e+00
1.000015633382098201e+00
1.000020669933252115e+00
1.000025873324366987e+00
1.000031245485827114e+00
1.000036788356500894e+00
1.000042503883736167e+00
1.000048394023358211e+00
1.000054460739665529e+00
1.000060706005425848e+00
1.000067131801872344e+00
1.000073740118700538e+00
1.000080532954063406e+00
1.000087512314568272e+00
1.000094680215272147e+00
1.000102038679678840e+00
1.000109589739732963e+00
1.000117335435817045e+00
1.000125277816747094e+00
1.000133418939768148e+00
1.000141760870549623e+00
1.000150305683181085e+00
1.000159055460167812e+00
1.000168012292426134e+00
1.000177178279278323e+00
1.000186510641091209e+00
1.000195779565429932e+00
1.000204952503796152e+00
1.000214029637323421e+00
1.000223011147396646e+00
1.000231897215651422e+00
1.000240688023975366e+00
1.000249383754507670e+00
1.000257984589638882e+00
1.000266490712012013e+00
1.000274902304521873e+00
1.000283219550315739e+00
1.000291442632793348e+00
1.000299571735606907e+00
1.000307607042661306e+00
1.000315548738114568e+00
1.000323397006378068e+00
1.000331152032115645e+00
1.000338814000245158e+00
1.000346383095938263e+00
1.000353859504619303e+00
1.000361243411967971e+00
1.000368535003917092e+00
1.000375734466653732e+00
1.000382841986619420e+00
1.000389857750510814e+00
1.000396781945278368e+00
1.000403614758128334e+00
1.000410356376521204e+00
1.000417006988173263e+00
1.000423566781055706e+00
1.000430035943395746e+00
1.000436414663675722e+00
1.000442703130634214e+00
1.000448901533265822e+00
1.000455010060821159e+00
1.000461028902807303e+00
1.000466958248987570e+00
1.000472798289382403e+00
1.000478549214268931e+00
1.000484211214180741e+00
1.000489784479909217e+00
1.000495269202502868e+00
1.000500665573267556e+00
1.000505973783766933e+00
1.000511194025822226e+00
1.000516326491513119e+00
1.000521371373176649e+00
1.000526328863408976e+00
1.000531199155063833e+00
1.000535982441254523e+00
1.000540678915352366e+00
1.000545288770988028e+00
1.000549812202050859e+00
1.000554249402689999e+00
1.000558600567313494e+00
1.000562865890589404e+00
1.000567045567445357e+00
1.000571139793068554e+00
1.000575148762906874e+00
1.000579072672667991e+00
1.000582911718320034e+00
1.000586666096092037e+00
1.000590336002472824e+00
1.000593921634213457e+00
1.000597423188324786e+00
1.000600840862079455e+00
1.000604174853011452e+00
1.000607425358916114e+00
1.000610592577850566e+00
1.000613676708133504e+00
1.000616677948346078e+00
1.000619596497331232e+00
1.000622432554194585e+00
1.000625186318303994e+00
1.000627857989289549e+00
1.000630447767044906e+00
1.000632955851726180e+00
1.000635382443753052e+00
1.000637727743807659e+00
1.000639991952836594e+00
1.000642175272049350e+00
1.000644277902919654e+00
1.000646300047184356e+00
1.000648241906845426e+00
1.000650103684168402e+00
1.000651885581683276e+00
1.000653587802184719e+00
1.000655210548732521e+00
1.000656754024650485e+00
1.000658218433527979e+00
1.000659603979219936e+00
1.000660910865845299e+00
1.000662139297790354e+00
1.000663289479705398e+00
1.000664361616508069e+00
1.000665355913380239e+00
1.000666272575771787e+00
1.000667111809397714e+00
1.000667873820239695e+00
1.000668558814545861e+00
1.000669166998832127e+00
1.000669698579879530e+00
1.000670153764738224e+00
1.000670532760724152e+00
1.000670835775421708e+00
1.000671063016681295e+00
1.000671214692623101e+00
1.000671291011633546e+00
1.000671292182367944e+00
1.000671218413749619e+00
1.000671069914969902e+00
1.000670846895489241e+00
1.000670549565036094e+00
1.000670178133608257e+00
1.000669732811472423e+00
1.000669213809164182e+00
1.000668621337488462e+00
1.000667955607519755e+00
1.000667216830602113e+00
1.000666405218349819e+00
1.000665520982645607e+00
1.000664564335644213e+00
1.000663535489769052e+00
1.000662434657714872e+00
1.000661262052446210e+00
1.000660017887199160e+00
1.000658702375479825e+00
1.000657315731065644e+00
1.000655858168005174e+00
1.000654329900618533e+00
1.000652731143496732e+00
1.000651062111503009e+00
1.000649323019771941e+00
1.000647514083709888e+00
1.000645635518996102e+00
1.000643687541580729e+00
1.000641670367687919e+00
1.000639584213812938e+00
1.000637429296724390e+00
1.000635205833463326e+00
1.000632914041344579e+00
1.000630554137954986e+00
1.000628126341156054e+00
1.000625630869081073e+00
1.000623067940138222e+00
1.000620437773008797e+00
1.000617740586648319e+00
1.000614976600285644e+00
1.000612146033425409e+00
1.000609249105844700e+00
1.000606286037596382e+00
1.000603257049007100e+00
1.000600162360679279e+00
1.000597002193489127e+00
1.000593776768588405e+00
1.000590486307404881e+00
1.000587131031640542e+00
1.000583711163273826e+00
1.000580226924557836e+00
1.000576678538022568e+00
1.000573066226473573e+00
1.000569390212992182e+00
1.000565650720936173e+00
1.000561847973940210e+00
1.000557982195914963e+00
1.000554053611048433e+00
1.000550062443804622e+00
1.000546008918925311e+00
1.000541893261428728e+00
1.000537715696611096e+00
1.000533476450045756e+00
1.000529175747583377e+00
1.000524813815352410e+00
1.000520390879760191e+00
1.000515907167490948e+00
1.000511362905506685e+00
1.000506758321049627e+00
1.000502093641638224e+00
1.000497369095071365e+00
1.000492584909425053e+00
1.000487741313055512e+00
1.000482838534597185e+00
1.000477876802964516e+00
1.000472856347349726e+00
1.000467777397226365e+00
1.000462640182345764e+00
1.000457444932741025e+00
1.000452191878722585e+00
1.000446881250883768e+00
1.000441513280095229e+00
1.000436088197510287e+00
1.000430606234560926e+00
1.000425067622960906e+00
1.000419472594703540e+00
1.000413821382065027e+00
1.000408114217599564e+00
1.000402351334145568e+00
1.000396532964820562e+00
1.000390659343023847e+00
1.000384730702437386e+00
1.000378747277023361e+00
1.000372709301026841e+00
1.000366617008974224e+00
1.000360470635674570e+00
1.000354270416218494e+00
1.000348016585979272e+00
1.000341709380612620e+00
1.000335349036057586e+00
1.000328935788534546e+00
1.000322469874547870e+00
1.000315951530884595e+00
1.000309380994615083e+00
1.000302758503092804e+00
1.000296084293955001e+00
1.000289358605121581e+00
1.000282581674797777e+00
1.000275753741470819e+00
1.000268875043913264e+00
1.000261945821181220e+00
1.000254966312614124e+00
1.000247936757837852e+00
1.000240857396760941e+00
1.000233728469577255e+00
1.000226550216765320e+00
1.000219322879088768e+00
1.000212046697595891e+00
1.000204721913620087e+00
1.000197348768779859e+00
1.000189927504979925e+00
1.000182458364409888e+00
1.000174941589544453e+00
1.000167377423144988e+00
1.000159766108259074e+00
1.000152107888218733e+00
1.000144403006643534e+00
1.000136651707438595e+00
1.000128854234796139e+00
1.000121010833193713e+00
1.000113121747397082e+00
1.000105187222457115e+00
1.000097207503712671e+00
1.000089182836789492e+00
1.000081113467599536e+00
1.000072999642344085e+00
1.000064841607508859e+00
1.000056640512923867e+00
1.000048564543164709e+00
1.000040736161587285e+00
1.000033152181778018e+00
1.000025809433537249e+00
1.000018704762886568e+00
1.000011835032078800e+00
1.000005197119604006e+00
9.999987879201983620e-01
9.999926043448515989e-01
9.999866433208151051e-01
9.999809017916083675e-01
9.999753767170267427e-01
9.999700650731485618e-01
9.999649638523421258e-01
9.999600700632721439e-01
9.999553807309070619e-01
9.999508928965246124e-01
9.999466036177192541e-01
9.999425099684077223e-01
9.999386090388352466e-01
9.999348979355818789e-01
9.999313737815680447e-01
9.999280337160604271e-01
9.999248748946769627e-01
9.999218944893938366e-01
9.999190896885488122e-01
9.999164576968480045e-01
9.999139957353703201e-01
9.999117010415723428e-01
9.999095708692938844e-01
9.999076024887615377e-01
9.999057931865947824e-01
9.999041402658093158e-01
9.999026410458217162e-01
9.999012928624543273e-01
9.999000930679387000e-01
9.998990390309199228e-01
9.998981281364607288e-01
9.998973577860457151e-01
9.998967253975836744e-01
9.998962284054132565e-01
9.998958642603050784e-01
9.998956304294652764e-01
9.998955243965397255e-01
9.998955436616167036e-01
9.998956857412298893e-01
9.998959481683620254e-01
9.998963284924472505e-01
9.998968242793747629e-01
9.998974331114908187e-01
9.998981525876019516e-01
9.998989803229775264e-01
9.998999139493524035e-01
9.999009511149288265e-01
9.999020894843797524e-01
9.999033267388502955e-01
9.999046605759603912e-01
9.999060887098070172e-01
9.999076088709658583e-01
9.999092188064936382e-01
9.999109162799301176e-01
9.999126990712997598e-01
9.999145649771131739e-01
9.999165118103695571e-01
9.999185374005579163e-01
9.999206395936585112e-01
9.999228162521445196e-01
9.999250652549839247e-01
9.999273844976400705e-01
9.999297718920732159e-01
9.999322253667424221e-01
9.999347428666058857e-01
9.999373223531228261e-01
9.999399618042535964e-01
9.999426592144620152e-01
9.999454125947148109e-01
9.999482199724842868e-01
9.999510793917473217e-01
9.999539889129878123e-01
9.999569466131961182e-01
9.999599505858707271e-01
9.999629989410183661e-01
9.999660898051547786e-01
9.999692213213052794e-01
9.999723916490053099e-01
9.999755989643009935e-01
9.999788414597490238e-01
9.999821173444181088e-01
9.999854248438883042e-01
9.999887622002514576e-01
9.999921276721122076e-01
9.999955195345877623e-01
9.999989360793074544e-01
1.000002375614413852e+00
1.000005836464562536e+00
1.000009316970922546e+00
1.000012815491175600e+00
1.000016330399516207e+00
1.000019860086653001e+00
1.000023402959806740e+00
1.000026957442712083e+00
1.000030521975616260e+00
1.000034095015279068e+00
1.000037675034973539e+00
1.000041260524484832e+00
1.000044849990110452e+00
1.000048441954660028e+00
1.000052034957454872e+00
1.000055627554328419e+00
1.000059218317624454e+00
1.000062805836198221e+00
1.000066388715415755e+00
1.000069965577152997e+00
1.000073535059796015e+00
1.000077095818240114e+00
1.000080646523890060e+00
1.000084185864659192e+00
1.000087712544968754e+00
1.000091225285748564e+00
1.000094722824434790e+00
1.000098203914971506e+00
1.000101667327808252e+00
1.000105111849901141e+00
1.000108536284711302e+00
1.000111939452204890e+00
1.000115320188852186e+00
1.000118677347627605e+00
1.000122009798008582e+00
1.000125316425975353e+00
1.000128596134010506e+00
1.000131847841097432e+00
1.000135070482721433e+00
1.000138263010868167e+00
1.000141424394022760e+00
1.000144553617169807e+00
1.000147649681792705e+00
1.000150711605872766e+00
1.000153738423889216e+00
1.000156729186817861e+00
1.000159682962131313e+00
1.000162598833797656e+00
1.000165475902279777e+00
1.000168313284536481e+00
1.000171110114018935e+00
1.000173865540672891e+00
1.000176578730936905e+00
1.000179248867741233e+00
1.000181875150508271e+00
1.000184456795151666e+00
1.000186993034075433e+00
1.000189483116173506e+00
1.000191926306829737e+00
1.000194321887916349e+00
1.000196669157794815e+00
1.000198967431313202e+00
1.000201216039808161e+00
1.000203414331102270e+00
1.000205561669504917e+00
1.000207657435811193e+00
1.000209701027301223e+00
1.000211691857740393e+00
1.000213629357378009e+00
1.000215512972947751e+00
1.000217342167665890e+00
1.000219116421232846e+00
1.000220835229830518e+00
1.000222498106123403e+00
1.000224104579257700e+00
1.000225654194860869e+00
1.000227146515041188e+00
1.000228581118387527e+00
1.000229957599968911e+00
1.000231275571334510e+00
1.000232534660512318e+00
1.000233734512010031e+00
1.000234874786813943e+00
1.000235955162389168e+00
1.000236975332678524e+00
1.000237935008102985e+00
1.000238833915561898e+00
1.000239671798431207e+00
1.000240448416564565e+00
1.000241163546292444e+00
1.000241816980422582e+00
1.000242408528238647e+00
1.000242938015501126e+00
1.000243405284447329e+00
1.000243810193789828e+00
1.000244152618717575e+00
1.000244432450896115e+00
1.000244649598465818e+00
1.000244803986043207e+00
1.000244895554720959e+00
1.000244924262066570e+00
1.000244890082123694e+00
1.000244793005411470e+00
1.000244633038924746e+00
1.000244410206133638e+00
1.000244124546983748e+00
1.000243776117897276e+00
1.000243364991771244e+00
1.000242891257978606e+00
1.000242355022368690e+00
1.000241756407266536e+00
1.000241095551472892e+00
1.000240372610265549e+00
1.000239587755398007e+00
1.000238741175100809e+00
1.000237833074080873e+00
1.000236863673522603e+00
1.000235833211086778e+00
1.000234741940912331e+00
1.000233590133615680e+00
1.000232378076290285e+00
1.000231106072509091e+00
1.000229774442322084e+00
1.000228383522259401e+00
1.000226933665328888e+00
1.000225425241018762e+00
1.000223858635296281e+00
1.000222234250609077e+00
1.000220552505885152e+00
1.000218813836532883e+00
1.000217018694442794e+00
1.000215167547985562e+00
1.000213260882015343e+00
1.000211299197867332e+00
1.000209283013360873e+00
1.000207212862797235e+00
1.000205089296962724e+00
1.000202912883126682e+00
1.000200684205044377e+00
1.000198403862954777e+00
1.000196072473583442e+00
1.000193690670142521e+00
1.000191259102329644e+00
1.000188778436330139e+00
1.000186249354817702e+00
1.000183672556953507e+00
1.000181048758387758e+00
1.000178378691259917e+00
1.000175663104200030e+00
1.000172902762327620e+00
1.000170098447253686e+00
1.000167250957081366e+00
1.000164361106405053e+00
1.000161443265146000e+00
1.000158550108696254e+00
1.000155686651365450e+00
1.000152852684854654e+00
1.000150048001884118e+00
1.000147272396190612e+00
1.000144525662530093e+00
1.000141807596676369e+00
1.000139117995421545e+00
1.000136456656576023e+00
1.000133823378968723e+00
1.000131217962446861e+00
1.000128640207876174e+00
1.000126089917141137e+00
1.000123566893144744e+00
1.000121070939808954e+00
1.000118601862074463e+00
1.000116159465900934e+00
1.000113743558266099e+00
1.000111353947168213e+00
1.000108990441623824e+00
1.000029565952542443e+00
1.000029564430931828e+00
1.000029559866126183e+00
1.000029552258202337e+00
1.000029541607290184e+00
1.000029527913569360e+00
1.000029511177272568e+00
1.000029491398683801e+00
1.000029468578137903e+00
1.000029442716022121e+00
1.000029413812775214e+00
1.000029381868887235e+00
1.000029346884899972e+00
1.000029308861406729e+00
1.000029267799052546e+00
1.000029223698533976e+00
1.000029176560599309e+00
1.000029126386048350e+00
1.000029073175732197e+00
1.000029016930554349e+00
1.000028957651468708e+00
1.000028895339482027e+00
1.000028829995651902e+00
1.000028761621087670e+00
1.000028690216950178e+00
1.000028615784452457e+00
1.000028538324858163e+00
1.000028457839483353e+00
1.000028374329695380e+00
1.000028287796912885e+00
1.000028198242607136e+00
1.000028105668299583e+00
1.000028010075564744e+00
1.000027911466027097e+00
1.000027809841364634e+00
1.000027705203305084e+00
1.000027597553629022e+00
1.000027486894168094e+00
1.000027373226805683e+00
1.000027256553476906e+00
1.000027136876168177e+00
1.000027014196917863e+00
1.000026888517815626e+00
1.000026759841002644e+00
1.000026628168672271e+00
1.000026493503068936e+00
1.000026355846488801e+00
1.000026215201279545e+00
1.000026071569840802e+00
1.000025924954623280e+00
1.000025775358129643e+00
1.000025622782914292e+00
1.000025467231582921e+00
1.000025308706792737e+00
1.000025147211252907e+00
1.000024982747724112e+00
1.000024815319018323e+00
1.000024644927999473e+00
1.000024471577582785e+00
1.000024295270735664e+00
1.000024116010476360e+00
1.000023933799875531e+00
1.000023748642054233e+00
1.000023560540186596e+00
1.000023369497497150e+00
1.000023175517262830e+00
1.000022978602811863e+00
1.000022778757524211e+00
1.000022575984830686e+00
1.000022370288214946e+00
1.000022161671211496e+00
1.000021950137406579e+00
1.000021735690437730e+00
1.000021518333994885e+00
1.000021298071818610e+00
1.000021074907702312e+00
1.000020848845489585e+00
1.000020619889076645e+00
1.000020388042410779e+00
1.000020153309491233e+00
1.000019915694368544e+00
1.000019675201145208e+00
1.000019431833975014e+00
1.000019185597063487e+00
1.000018936494667665e+00
1.000018684531096547e+00
1.000018429710710199e+00
1.000018172037920650e+00
1.000017911517191660e+00
1.000017648153038063e+00
1.000017381950026873e+00
1.000017112912776174e+00
1.000016841045956228e+00
1.000016566354288372e+00
1.000016288842546119e+00
1.000016008515554056e+00
1.000015725378188725e+00
1.000015439435377962e+00
1.000015150692101562e+00
1.000014859153390612e+00
1.000014564824328156e+00
1.000014267710048754e+00
1.000013967815738036e+00
1.000013665146634256e+00
1.000013359708026295e+00
1.000013051505254991e+00
1.000012740543713141e+00
1.000012426828844836e+00
1.000012110366145901e+00
1.000011791161163455e+00
1.000011469219496574e+00
1.000011144546795627e+00
1.000010817148763165e+00
1.000010487031152806e+00
1.000010154199769907e+00
1.000009818660471561e+00
1.000009480419166596e+00
1.000009139481814913e+00
1.000008795854428589e+00
1.000008449543071221e+00
1.000008100553857471e+00
1.000007748892954629e+00
1.000007394566580610e+00
1.000007037581005509e+00
1.000006677942550937e+00
1.000006315657589795e+00
1.000005950732547166e+00
1.000005583173899426e+00
1.000005212988174463e+00
1.000004840181951904e+00
1.000004464761863332e+00
1.000004086734591180e+00
1.000003706106870283e+00
1.000003322885486545e+00
1.000002937077277831e+00
1.000002548689133297e+00
1.000002157727994057e+00
1.000001764200852516e+00
1.000001368114753264e+00
1.000000969476791957e+00
1.000000568294115766e+00
1.000000164573924044e+00
9.999997583234673248e-01
9.999993495500481000e-01
9.999989382610201538e-01
9.999985244637890069e-01
9.999981081658118054e-01
9.999976893745975426e-01
9.999972680977065043e-01
9.999968443427504905e-01
9.999964181173935929e-01
9.999959894293509732e-01
9.999955582863893078e-01
9.999951246963272311e-01
9.999946886670351143e-01
9.999942502064343985e-01
9.999938093224987057e-01
9.999933660232530608e-01
9.999929203167738923e-01
9.999924722111896980e-01
9.999920217146803791e-01
9.999915688354773513e-01
9.999911135818637664e-01
9.999906559621745128e-01
9.999901959847959931e-01
9.999897336581662355e-01
9.999892689907746712e-01
9.999888019911629122e-01
9.999883326679238627e-01
9.999878610297018300e-01
9.999873870851931912e-01
9.999869108431456155e-01
9.999864323123586196e-01
9.999859515016833456e-01
9.999854684200223387e-01
9.999849830763299918e-01
9.999844954796123231e-01
9.999840056389269760e-01
9.999835135633828864e-01
9.999830192621412817e-01
9.999825227444142373e-01
9.999820240194661203e-01
9.999815230966128121e-01
9.999810199852213755e-01
9.999805146947111645e-01
9.999800072345524926e-01
9.999794976142678538e-01
9.999789858434311451e-01
9.999784719316678894e-01
9.999779558886553454e-01
9.999774377241222867e-01
9.999769174478492229e-01
9.999763950696681780e-01
9.999758705994628016e-01
9.999753440471687016e-01
9.999748154227726671e-01
9.999742847363135567e-01
9.999737519978816325e-01
9.999732172176185596e-01
9.999726804057180729e-01
9.999721415724254214e-01
9.999716007280375907e-01
9.999710578829027474e-01
9.999705130474211279e-01
9.999699662320444826e-01
9.999694174472762986e-01
9.999688667036714662e-01
9.999683140118369451e-01
9.999677593824307653e-01
9.999672028261630263e-01
9.999666443537953420e-01
9.999660839761408404e-01
9.999655217040646082e-01
9.999649575484832464e-01
9.999643915203647593e-01
9.999638236307288874e-01
9.999632538906474410e-01
9.999626823112431895e-01
9.999621089036910826e-01
9.999615336792175846e-01
9.999609566491005630e-01
9.999603778246698438e-01
9.999597972173068783e-01
9.999592148384442991e-01
9.999586306995671414e-01
9.999580448122116216e-01
9.999574571879654705e-01
9.999568678384685994e-01
9.999562767754118786e-01
9.999556840105384703e-01
9.999550895556427177e-01
9.999544934225710335e-01
9.999538956232211229e-01
9.999532961695424271e-01
9.999526950735361241e-01
9.999520923472550171e-01
9.999514880028035346e-01
9.999508820523378416e-01
9.999502745080656174e-01
9.999496653822462777e-01
9.999490546871908636e-01
9.999484424352621526e-01
9.999478286388743253e-01
9.999472133104936322e-01
9.999465964626373937e-01
9.999459781538502234e-01
9.999453670517792769e-01
9.999447695508668632e-01
9.999441855899462439e-01
9.999436151091406488e-01
9.999430580498631649e-01
9.999425143548175132e-01
9.999419839679972721e-01
9.999414668346857660e-01
9.999409629014570644e-01
9.999404721161752052e-01
9.999399944279940833e-01
9.999395297873581168e-01
9.999390781460018029e-01
9.999386394569497183e-01
9.999382136745167404e-01
9.999378007543079372e-01
9.999374006532185666e-01
9.999370133294340768e-01
9.999366387424303282e-01
9.999362768529732604e-01
9.999359276231188920e-01
9.999355910162138761e-01
9.999352669968950558e-01
9.999349555310889093e-01
9.999346565860133262e-01
9.999343701301752763e-01
9.999340961333729183e-01
9.999338345666942685e-01
9.999335854025178660e-01
9.999333486145121075e-01
9.999331241776362456e-01
9.999329120681395011e-01
9.999327122635616183e-01
9.999325247427323093e-01
9.999323494857720318e-01
9.999321864740915444e-01
9.999320356903913520e-01
9.999318971186630378e-01
9.999317707441881531e-01
9.999316565535386614e-01
9.999315545345764944e-01
9.999314646764547732e-01
9.999313869696160317e-01
9.999313214057938826e-01
9.999312679780119062e-01
9.999312266805840954e-01
9.999311975091145221e-01
9.999311804604982257e-01
9.999311755329203244e-01
9.999311827258560159e-01
9.999312020400711321e-01
9.999312334776215838e-01
9.999312770418543606e-01
9.999313327374056426e-01
9.999314005702030217e-01
9.999314805474638357e-01
9.999315726776959457e-01
9.999316769706977359e-01
9.999317934375575589e-01
9.999319220906542904e-01
9.999320629436573293e-01
9.999322160115262648e-01
9.999323813105107650e-01
9.999325588581512436e-01
9.999327486732783044e-01
9.999329507760126301e-01
9.999331651877655380e-01
9.999333919312387575e-01
9.999336310304237641e-01
9.999338825106028894e-01
9.999341463983487666e-01
9.999344227215238856e-01
9.999347115092813709e-01
9.999350127920647591e-01
9.999353266016072217e-01
9.999356529709331198e-01
9.999359919343563385e-01
9.999363435274813972e-01
9.999367077872031162e-01
9.999370847517060623e-01
9.999374744604657694e-01
9.999378769542476286e-01
9.999382922751072211e-01
9.999387204663904294e-01
9.999391615727333260e-01
9.999396156400619518e-01
9.999400827155934257e-01
9.999405628478338359e-01
9.999410560865802378e-01
9.999415624829195437e-01
9.999420820892289674e-01
9.999426149591760238e-01
9.999431611477177517e-01
9.999437207111022685e-01
9.999442937068667714e-01
9.999448801938392029e-01
9.999454802321376956e-01
9.999460938831699064e-01
9.999467212096340152e-01
9.999473622755180591e-01
9.999480171461003764e-01
9.999486858879487183e-01
9.999493685689215816e-01
9.999500652581669868e-01
9.999507760261232558e-01
9.999515009445182345e-01
9.999522400863705140e-01
9.999529935259877655e-01
9.999537613389678503e-01
9.999545436021990419e-01
9.999553403938589158e-01
9.999561517934150157e-01
9.999569778816250754e-01
9.999578187405364638e-01
9.999586744534861849e-01
9.999595451051014328e-01
9.999604307812989257e-01
9.999613315692853499e-01
9.999622475575568048e-01
9.999631788358995799e-01
9.999641254953894887e-01
9.999650876283916467e-01
9.999660653285619150e-01
9.999670586908444569e-01
9.999680678114737375e-01
9.999690927879744118e-01
9.999701337191596595e-01
9.999711907051327398e-01
9.999722638472866576e-01
9.999733532483034981e-01
9.999744590121552035e-01
9.999755812441027958e-01
9.999767200506971543e-01
9.999778755397786822e-01
9.999790478204764188e-01
9.999802370032097043e-01
9.999814431996867370e-01
9.999826665229049061e-01
9.999839070871513469e-01
9.999851650080021637e-01
9.999864404023227626e-01
9.999877333882674080e-01
9.999890440852804430e-01
9.999903726140945137e-01
9.999917190967317904e-01
9.999930836565035230e-01
9.999944664180097087e-01
9.999958675071396463e-01
9.999972870510717149e-01
9.999987251782730402e-01
1.000000182018500050e+00
1.000001657702797253e+00
1.000003152363499126e+00
1.000004666134228115e+00
1.000006199149895858e+00
1.000007751546702739e+00
1.000009323462137445e+00
1.000010915034978298e+00
1.000012526405291258e+00
1.000014157714431251e+00
1.000015809105041953e+00
1.000017480721055563e+00
1.000019172707692805e+00
1.000020885211462263e+00
1.000022618380161710e+00
1.000024372362877001e+00
1.000026147309982072e+00
1.000027943373139383e+00
1.000029760705300141e+00
1.000031599460702747e+00
1.000033459794874124e+00
1.000035341864629945e+00
1.000037245828073074e+00
1.000039171844594899e+00
1.000041120074874668e+00
1.000043090680879487e+00
1.000045083825864101e+00
1.000047099674371553e+00
1.000049138392232750e+00
1.000051200146565789e+00
1.000053285105776402e+00
1.000055393439558626e+00
1.000057525318893692e+00
1.000059680916049798e+00
1.000061860404583669e+00
1.000064063959338778e+00
1.000066291756445791e+00
1.000068543973323010e+00
1.000070820788676151e+00
1.000073122382497459e+00
1.000075448936067035e+00
1.000077800631951286e+00
1.000080177654004476e+00
1.000082580187366954e+00
1.000085008418466481e+00
1.000087462535017346e+00
1.000089942726020809e+00
1.000092449181764875e+00
1.000094982093823637e+00
1.000097541655058375e+00
1.000100128059616456e+00
1.000102741502931769e+00
1.000105382181724734e+00
1.000108050294001405e+00
1.000110746039055032e+00
1.000113469617464057e+00
1.000116221231093228e+00
1.000119001083094039e+00
1.000121809377902959e+00
1.000124646321242539e+00
1.000127512120120965e+00
1.000130406982832731e+00
1.000133331118957081e+00
1.000136284739359560e+00
1.000139268056190467e+00
1.000142281282885737e+00
1.000145324634166721e+00
1.000148398326039967e+00
1.000151502575796991e+00
1.000154637602014063e+00
1.000157803624552644e+00
1.000161000864559391e+00
1.000164229544465044e+00
1.000167489887985983e+00
1.000170782120121560e+00
1.000174106467157209e+00
1.000177463156662006e+00
1.000180852417489330e+00
1.000184274479776869e+00
1.000187729574946394e+00
1.000191217935703758e+00
1.000194739796038679e+00
1.000198295391224290e+00
1.000201884957818255e+00
1.000205508733660986e+00
1.000209166957876983e+00
1.000212859870873716e+00
1.000216587714342298e+00
1.000220350731256591e+00
1.000224149165874099e+00
1.000227983263734410e+00
1.000231853271661198e+00
1.000235759437759775e+00
1.000239702011418652e+00
1.000243680056409401e+00
1.000247631761452594e+00
1.000251521449791348e+00
1.000255348192234939e+00
1.000259111078228846e+00
1.000262809215852755e+00
1.000266441731819667e+00
1.000270007771475234e+00
1.000273506498796872e+00
1.000276937096393537e+00
1.000280298765502396e+00
1.000283590725991489e+00
1.000286812216356180e+00
1.000289962493719598e+00
1.000293040833830860e+00
1.000296046531065297e+00
1.000298978898423119e+00
1.000301837267528748e+00
1.000304620988629711e+00
1.000307329430596637e+00
1.000309961980921702e+00
1.000312518045718857e+00
1.000314997049721377e+00
1.000317398436283645e+00
1.000319721667378703e+00
1.000321966223598036e+00
1.000324131604151123e+00
1.000326217326864775e+00
1.000328222928182464e+00
1.000330147963163885e+00
1.000331992005484283e+00
1.000333754647433793e+00
1.000335435499917880e+00
1.000337034192454677e+00
1.000338550373177648e+00
1.000339983708832481e+00
1.000341333884777750e+00
1.000342600604984478e+00
1.000343783592035685e+00
1.000344882587126172e+00
1.000345897350062296e+00
1.000346827659260640e+00
1.000347673311749563e+00
1.000348434123166985e+00
1.000349109927762159e+00
1.000349700578393231e+00
1.000350205946529014e+00
1.000350625922247660e+00
1.000350960414237322e+00
1.000351209349794823e+00
1.000351372674826989e+00
1.000351450353849758e+00
1.000351442369988408e+00
1.000351348724976885e+00
1.000351169439158916e+00
1.000350904551487563e+00
1.000350554119524560e+00
1.000350118219441642e+00
1.000349596946019437e+00
1.000348990412649020e+00
1.000348298751330134e+00
1.000347522112672749e+00
1.000346660665897502e+00
1.000345714598835256e+00
1.000344684117926430e+00
1.000343569448223002e+00
1.000342370833388284e+00
1.000341088535696699e+00
1.000339722836034007e+00
1.000338274033898411e+00
1.000336742447401006e+00
1.000335128413264885e+00
1.000333432286827362e+00
1.000331654442038642e+00
1.000329795271463595e+00
1.000327855186281534e+00
1.000325834616287102e+00
1.000323734009890497e+00
1.000321553834118360e+00
1.000319294574614215e+00
1.000316956735638696e+00
1.000314540840070654e+00
1.000312047429407603e+00
1.000309477063766161e+00
1.000306830321882945e+00
1.000304107801115672e+00
1.000301310117442721e+00
1.000298437905465132e+00
1.000295491818405935e+00
1.000292472528112819e+00
1.000289380725056798e+00
1.000286217118334431e+00
1.000282982435668266e+00
1.000279677423407287e+00
1.000276302846528242e+00
1.000272859488635868e+00
1.000269348151964666e+00
1.000265769657378900e+00
1.000262124844374156e+00
1.000258414571077337e+00
1.000254639714248661e+00
1.000250801169281889e+00
1.000246899850205429e+00
1.000242936689683004e+00
1.000238912639015210e+00
1.000234828668139730e+00
1.000230685765633121e+00
1.000226484938710803e+00
1.000222227213229065e+00
1.000217913633685285e+00
1.000213545263219261e+00
1.000209123183613658e+00
1.000204648495296222e+00
1.000200122317339568e+00
1.000195545787462503e+00
1.000190920062031363e+00
1.000186246316060901e+00
1.000181525743215172e+00
1.000176759555807759e+00
1.000171948984804660e+00
1.000167095279823615e+00
1.000162199709135891e+00
1.000157263559667165e+00
1.000152288136997525e+00
1.000147274765364580e+00
1.000142224787662348e+00
1.000137139565443256e+00
1.000132020478919026e+00
1.000126868926961565e+00
1.000121686327103410e+00
1.000116474115539500e+00
1.000111233747127626e+00
1.000105966695389315e+00
1.000100674452510940e+00
1.000095358529344169e+00
1.000090020455407513e+00
1.000084661778886330e+00
1.000079284066634600e+00
1.000073888904174702e+00
1.000068477895699415e+00
1.000063052664071472e+00
1.000057614850824894e+00
1.000052166116166319e+00
1.000046708138973894e+00
1.000041242616800163e+00
1.000035771265871398e+00
1.000030295821088266e+00
1.000024818036026719e+00
1.000019339682938879e+00
1.000013862552752597e+00
1.000008388455073005e+00
1.000002919218182962e+00
9.999974566890417194e-01
9.999920027332878103e-01
9.999865592352381594e-01
9.999811280978883055e-01
9.999757112429129569e-01
9.999703106106664352e-01
9.999649281601822315e-01
9.999595658691741162e-01
9.999542257340353624e-01
9.999489097698395224e-01
9.999436200103397621e-01
9.999383585079699710e-01
9.999331273338428749e-01
9.999279285777520343e-01
9.999227643481700678e-01
9.999176367722493186e-01
9.999125479958208551e-01
9.999075001833949150e-01
9.999024955181602392e-01
9.998975362019834057e-01
9.998926244554082743e-01
9.998877625176558759e-01
9.998829526466236350e-01
9.998781971188840378e-01
9.998734982296848539e-01
9.998688582929476931e-01
9.998642796412671174e-01
9.998597646259100857e-01
9.998553156168142886e-01
9.998509350025875930e-01
9.998466251905070434e-01
9.998423886065160859e-01
9.998382276952252345e-01
9.998341449199096287e-01
9.998301427625073678e-01
9.998262237236181793e-01
9.998223903225020859e-01
9.998186450970768524e-01
9.998149906039173196e-01
9.998114294182517403e-01
9.998079641339615575e-01
9.998045973635779626e-01
9.998013317382808962e-01
9.997981699078949402e-01
9.997951145408890961e-01
9.997921683243724544e-01
9.997893339640927524e-01
9.997866141844327093e-01
9.997840117284081396e-01
9.997815293576646223e-01
9.997791698524738369e-01
9.997769360117316761e-01
9.997748306529539164e-01
9.997728566122736638e-01
9.997710167444369134e-01
9.997693139227996628e-01
9.997677510393243594e-01
9.997663310045753482e-01
9.997650567477150974e-01
9.997639312165005343e-01
9.997629573772786049e-01
9.997621382149817215e-01
9.997614767331232111e-01
9.997609759537932073e-01
9.997606389176534325e-01
9.997604686839326460e-01
9.997604683304210926e-01
9.997606409534660621e-01
9.997609896679661157e-01
9.997615176073655352e-01
9.997622279236488829e-01
9.997631237873356724e-01
9.997642083874737073e-01
9.997654849316335302e-01
9.997669566459019830e-01
9.997686267748758793e-01
9.997704985816560086e-01
9.997725753478393651e-01
9.997748603735132633e-01
9.997773569772478996e-01
9.997800684960893580e-01
9.997829982855519493e-01
9.997861497196108838e-01
9.997895261906949438e-01
9.997931311096781570e-01
9.997969679058713588e-01
9.998010400270150866e-01
9.998053509392701432e-01
9.998099041272098253e-01
9.998147030938103752e-01
9.998197513604420994e-01
9.998250524668612638e-01
9.998306099711995465e-01
9.998364212355276281e-01
9.998423340962651062e-01
9.998482812646671825e-01
9.998542618884036504e-01
9.998602751163142566e-01
9.998663200984105881e-01
9.998723959858745181e-01
9.998785019310602040e-01
9.998846370874928668e-01
9.998908006098703449e-01
9.998969916540617620e-01
9.999032093771089702e-01
9.999094529372265505e-01
9.999157214938014793e-01
9.999220142073933504e-01
9.999283302397354856e-01
9.999346687537337131e-01
9.999410289134674779e-01
9.999474098841899528e-01
9.999538108323274832e-01
9.999602309254808086e-01
9.999666693324238409e-01
9.999731252231049972e-01
9.999795977686466442e-01
9.999860861413454316e-01
9.999925895146721810e-01
9.999991070632727741e-01
1.000005637962966487e+00
1.000012181390747656e+00
1.000018736524786123e+00
1.000025302544424788e+00
1.000031878630182725e+00
1.000038463963752955e+00
1.000045057728004227e+00
1.000051659106979018e+00
1.000058267285895086e+00
1.000064881451145915e+00
1.000071500790298717e+00
1.000078124492096654e+00
1.000084751746457723e+00
1.000091381744473651e+00
1.000098013678412778e+00
1.000104646741717174e+00
1.000111280129003966e+00
1.000117913036065564e+00
1.000124544659868997e+00
1.000131174198555906e+00
1.000137800851442771e+00
1.000144423819021133e+00
1.000151042302955373e+00
1.000157655506086707e+00
1.000164262632429413e+00
1.000170862887172163e+00
1.000177455476678468e+00
1.000184039608485564e+00
1.000190614491305086e+00
1.000197179335022390e+00
1.000203733350696123e+00
1.000210275750559541e+00
1.000216805748019189e+00
1.000223322557655115e+00
1.000229825395220207e+00
1.000236313477640859e+00
1.000242786023017194e+00
1.000249242250620618e+00
1.000255681380896711e+00
1.000262102635463002e+00
1.000268505237108974e+00
1.000274888409797169e+00
1.000281251378661196e+00
1.000287593370007277e+00
1.000293913611313146e+00
1.000300211331227151e+00
1.000306485759569153e+00
1.000312736127330959e+00
1.000318961666674111e+00
1.000325161610930769e+00
1.000331335194603932e+00
1.000337481653365890e+00
1.000343600224059770e+00
1.000349690144697323e+00
1.000355750654460252e+00
1.000361780993699101e+00
1.000367780403933482e+00
1.000373748127851181e+00
1.000379683409308162e+00
1.000385585493329454e+00
1.000391453626106486e+00
1.000397287054998419e+00
1.000403085028532146e+00
1.000408846796401630e+00
1.000414571609465675e+00
1.000420258719751265e+00
1.000425907380450230e+00
1.000431516845920576e+00
1.000437086371684714e+00
1.000442615214430786e+00
1.000448102632011560e+00
1.000453547883443761e+00
1.000458950228908073e+00
1.000464308929749579e+00
1.000469623248474882e+00
1.000474892448755204e+00
1.000480115795423286e+00
1.000485292554474270e+00
1.000490421993065926e+00
1.000495503379515538e+00
1.000500535983303685e+00
1.000505519075070016e+00
1.000510451926615252e+00
1.000515333810899188e+00
1.000520164002042023e+00
1.000524941775322363e+00
1.000529666407178331e+00
1.000534337175205124e+00
1.000538953358157013e+00
1.000543514235944897e+00
1.000548019089636753e+00
1.000552467201457629e+00
1.000556857854788317e+00
1.000561190334165573e+00
1.000565463925281007e+00
1.000569677914981526e+00
1.000573831591268448e+00
1.000577924243297057e+00
1.000581955161375713e+00
1.000585923636965857e+00
1.000589828962682004e+00
1.000593670432290416e+00
1.000597447340708879e+00
1.000601158984006700e+00
1.000604804659403824e+00
1.000608383665269940e+00
1.000611895301124710e+00
1.000615338867637094e+00
1.000618713666624915e+00
1.000622019001053742e+00
1.000625254175037560e+00
1.000628418493836991e+00
1.000631511263859963e+00
1.000634531792659487e+00
1.000637479388935658e+00
1.000640353362532764e+00
1.000643153024440180e+00
1.000645877686791252e+00
1.000648526662862858e+00
1.000651099267075628e+00
1.000653594814991720e+00
1.000656012623315272e+00
1.000658352009893060e+00
1.000660612293711393e+00
1.000662792794898115e+00
1.000664892834719710e+00
1.000666911735582865e+00
1.000668848821032464e+00
1.000670703415751595e+00
1.000672474845560878e+00
1.000674162437417802e+00
1.000675765519416505e+00
1.000677283420786878e+00
1.000678715471894353e+00
1.000680061004238564e+00
1.000681319350453125e+00
1.000682489844305634e+00
1.000683571820696782e+00
1.000684564615658800e+00
1.000685467566356346e+00
1.000686280011084950e+00
1.000687001289270572e+00
1.000687630741469603e+00
1.000688167709366638e+00
1.000688611535776262e+00
1.000688961564639934e+00
1.000689217141028209e+00
1.000689377611137187e+00
1.000689442322289402e+00
1.000689410622933151e+00
1.000689281862642277e+00
1.000689055392113724e+00
1.000688730563169315e+00
1.000688306728753529e+00
1.000687783242933504e+00
1.000687159460897924e+00
1.000686434738956798e+00
1.000685608434541018e+00
1.000684679906200136e+00
1.000683648513604806e+00
1.000682513617542568e+00
1.000681274579920066e+00
1.000679930763760606e+00
1.000678481533204600e+00
1.000676926253508014e+00
1.000675264291042144e+00
1.000673495013292946e+00
1.000671617788861045e+00
1.000669631987458841e+00
1.000667536979912953e+00
1.000665332138160890e+00
1.000663016835252384e+00
1.000660590445347164e+00
1.000658052343714299e+00
1.000655401906733299e+00
1.000652638511891679e+00
1.000649761537784510e+00
1.000646770364114646e+00
1.000643664371691166e+00
1.000640442942428932e+00
1.000637105459348364e+00
1.000633651306573002e+00
1.000630079869331501e+00
1.000626390533954968e+00
1.000622582687876516e+00
1.000618655719631711e+00
1.000614609018856349e+00
1.000610441976286680e+00
1.000606153983757851e+00
1.000601744434204798e+00
1.000597212721660023e+00
1.000592558241253149e+00
1.000587780389210701e+00
1.000582878562855216e+00
1.000577852160604131e+00
1.000572700581970231e+00
1.000567423227558317e+00
1.000562019499067867e+00
1.000556488799290156e+00
1.000550830532107582e+00
1.000545044102494341e+00
1.000539128916513754e+00
1.000533084381319604e+00
1.000526909905152806e+00
1.000520604897343846e+00
1.000514168768309231e+00
1.000507600929552821e+00
1.000500900793663384e+00
1.000494067774315488e+00
1.000487101286266833e+00
1.000480000745360032e+00
1.000472765568519051e+00
1.000465395173750993e+00
1.000457888980143206e+00
1.000450246407864618e+00
1.000442466878163073e+00
1.000434549813365992e+00
1.000426494636879049e+00
1.000418312122729025e+00
1.000410168945234268e+00
1.000402120337908096e+00
1.000394166120465833e+00
1.000386306112688528e+00
1.000378540134422511e+00
1.000370868005580727e+00
1.000363289546140733e+00
1.000355804576147367e+00
1.000348412915711860e+00
1.000341114385011165e+00
1.000333908804289518e+00
1.000326795993857765e+00
1.000319775774093589e+00
1.000312847965442620e+00
1.000306012388416654e+00
1.000299268863595881e+00
1.000292617211628210e+00
1.000286057253228833e+00
1.000279588809181108e+00
1.000273211700336784e+00
1.000266925747616442e+00
1.000260730772007722e+00
1.000254626594568652e+00
1.000248613036425205e+00
1.000242689918771966e+00
1.000236857062873463e+00
1.000231114290063505e+00
1.000225461421745177e+00
1.000219898279390840e+00
1.000214424684543690e+00
1.000209040458815979e+00
1.000203745423890123e+00
1.000198539401520037e+00
1.000193422213528471e+00
1.000188393681809673e+00
1.000183453628328945e+00
1.000178601875121975e+00
1.000173838244295732e+00
1.000169162558028679e+00
1.000164574638570336e+00
1.000160074308241942e+00
1.000155661389436679e+00
1.000151335704619449e+00
1.000147097076327096e+00
1.000142945327168853e+00
1.000138880279826559e+00
1.000134901757053774e+00
1.000131009581677777e+00
1.000127203576597790e+00
1.000123483564786753e+00
1.000119849369289993e+00
1.000116300813226999e+00
1.000112837719789649e+00
1.000109459912244425e+00
1.000106167213931085e+00
1.000102959448263329e+00
1.000099836438728795e+00
1.000096798008889509e+00
1.000093843982381880e+00
1.000090974182916925e+00
1.000088188434279601e+00
1.000085486560330805e+00
1.000082868385005597e+00
1.000080333732314086e+00
1.000077882426341880e+00
1.000075514291250522e+00
1.000073229151276166e+00
1.000071026830730903e+00
1.000068907154002984e+00
1.000066869945556602e+00
1.000064915029932111e+00
1.000063042231745580e+00
1.000061251375689908e+00
1.000059542286534819e+00
1.000057914789126201e+00
1.000056368708387655e+00
1.000054903869318723e+00
1.000053520096996440e+00
1.000052217216575778e+00
1.000050995053288094e+00
1.000049853432443125e+00
1.000048792179427881e+00
1.000047811119707530e+00
1.000046910078824958e+00
1.000046088882400985e+00
1.000045347356135705e+00
1.000044685325806038e+00
1.000044102617269060e+00
1.000043599056459120e+00
1.000043174469390728e+00
1.000042828682156326e+00
1.000042561520927853e+00
1.000042372811956515e+00
1.000042262381572566e+00
1.000042230056186643e+00
1.000042275662287761e+00
1.000042399026445539e+00
1.000042599975309532e+00
1.000042878335609009e+00
1.000043233934153619e+00
1.000043666597833392e+00
1.000044176153618292e+00
1.000044762428559553e+00
1.000045425249789011e+00
1.000046164444518881e+00
1.000046979840042871e+00
1.000047871263735066e+00
1.000048838543051932e+00
1.000049881505530314e+00
1.000050999978789434e+00
1.000052193790528898e+00
1.000053462768531576e+00
1.000054806740660940e+00
1.000056225534863286e+00
1.000057718979166621e+00
1.000059286901681554e+00
1.000060929130600851e+00
1.000062645494199653e+00
1.000064435820836817e+00
1.000066299938952463e+00
1.000068237677070648e+00
1.000070248863798028e+00
1.000072333327824525e+00
1.000074490897923551e+00
1.000076721402951785e+00
1.000079024671848948e+00
1.000081400533639364e+00
1.000083848817430399e+00
1.000086369352414017e+00
1.000088961967865231e+00
1.000091626493143870e+00
1.000094362757694144e+00
1.000097170591044193e+00
1.000100049822807202e+00
1.000103000282680288e+00
1.000106021800446054e+00
1.000109114205971261e+00
1.000112277329208821e+00
1.000115511000194912e+00
1.000118815049052978e+00
1.000122189305990394e+00
1.000125633601300468e+00
1.000129147765362436e+00
1.000132731628640137e+00
1.000136385021684893e+00
1.000140107775132403e+00
1.000143899719705409e+00
1.000147760686212361e+00
1.000151690505548085e+00
1.000155689008693782e+00
1.000159756026717695e+00
1.000163891390773552e+00
1.000168094932102791e+00
1.000172366482033226e+00
1.000176705871980154e+00
1.000181112933445249e+00
1.000185587498017892e+00
1.000190129397374728e+00
1.000194738463279442e+00
1.000199414527583430e+00
1.000204157422226237e+00
1.000208966979234448e+00
1.000213843030722582e+00
1.000218785408893529e+00
1.000223793946038109e+00
1.000228868474535071e+00
1.000234008826851761e+00
1.000239214835543677e+00
1.000244486333255134e+00
1.000249823152718820e+00
1.000255225126756020e+00
1.000260692088277503e+00
1.000266223870281967e+00
1.000271820305858039e+00
1.000277481228183163e+00
1.000283206470523822e+00
1.000288995866236208e+00
1.000294849248765994e+00
1.000300766451647894e+00
1.000306747308506772e+00
1.000312791653057420e+00
1.000034235146093131e+00
1.000034233327461664e+00
1.000034227871595238e+00
1.000034218778578898e+00
1.000034206048553198e+00
1.000034189681715979e+00
1.000034169678321261e+00
1.000034146038679017e+00
1.000034118763156510e+00
1.000034087852176512e+00
1.000034053306219084e+00
1.000034015125820241e+00
1.000033973311572399e+00
1.000033927864124594e+00
1.000033878784182262e+00
1.000033826072507015e+00
1.000033769729917310e+00
1.000033709757287781e+00
1.000033646155549238e+00
1.000033578925690003e+00
1.000033508068753241e+00
1.000033433585839626e+00
1.000033355478106234e+00
1.000033273746766094e+00
1.000033188393089079e+00
1.000033099418401239e+00
1.000033006824085025e+00
1.000032910611579506e+00
1.000032810782380377e+00
1.000032707338039062e+00
1.000032600280164496e+00
1.000032489610420461e+00
1.000032375330528911e+00
1.000032257442267314e+00
1.000032135947469536e+00
1.000032010848026065e+00
1.000031882145883788e+00
1.000031749843045770e+00
1.000031613941572362e+00
1.000031474443579649e+00
1.000031331351239672e+00
1.000031184666782202e+00
1.000031034392492302e+00
1.000030880530711874e+00
1.000030723083839446e+00
1.000030562054329941e+00
1.000030397444694463e+00
1.000030229257500514e+00
1.000030057495372438e+00
1.000029882160990757e+00
1.000029703257092173e+00
1.000029520786470227e+00
1.000029334751974863e+00
1.000029145156512200e+00
1.000028952003045202e+00
1.000028755294592786e+00
1.000028555034230271e+00
1.000028351225090484e+00
1.000028143870361097e+00
1.000027932973287292e+00
1.000027718537170429e+00
1.000027500565368044e+00
1.000027279061294738e+00
1.000027054028420848e+00
1.000026825470273328e+00
1.000026593390435981e+00
1.000026357792548559e+00
1.000026118680307663e+00
1.000025876057466068e+00
1.000025629927832727e+00
1.000025380295273658e+00
1.000025127163710614e+00
1.000024870537122634e+00
1.000024610419544491e+00
1.000024346815067577e+00
1.000024079727839910e+00
1.000023809162065902e+00
1.000023535122006146e+00
1.000023257611977856e+00
1.000022976636354866e+00
1.000022692199566965e+00
1.000022404306100787e+00
1.000022112960499587e+00
1.000021818167362353e+00
1.000021519931345360e+00
1.000021218257160394e+00
1.000020913149576751e+00
1.000020604613419017e+00
1.000020292653569287e+00
1.000019977274965610e+00
1.000019658482602214e+00
1.000019336281530169e+00
1.000019010676856723e+00
1.000018681673745968e+00
1.000018349277418173e+00
1.000018013493150004e+00
1.000017674326274530e+00
1.000017331782181218e+00
1.000016985866316599e+00
1.000016636584183161e+00
1.000016283941339124e+00
1.000015927943400440e+00
1.000015568596039017e+00
1.000015205904982718e+00
1.000014839876016692e+00
1.000014470514982046e+00
1.000014097827776283e+00
1.000013721820353529e+00
1.000013342498724311e+00
1.000012959868955553e+00
1.000012573937170801e+00
1.000012184709549778e+00
1.000011792192328830e+00
1.000011396391800700e+00
1.000010997314314753e+00
1.000010594966276534e+00
1.000010189354148205e+00
1.000009780484448330e+00
1.000009368363751650e+00
1.000008952998690193e+00
1.000008534395951498e+00
1.000008112562279949e+00
1.000007687504476550e+00
1.000007259229398260e+00
1.000006827743959104e+00
1.000006393055129283e+00
1.000005955169935401e+00
1.000005514095460235e+00
1.000005069838843630e+00
1.000004622407281607e+00
1.000004171808026587e+00
1.000003718048387169e+00
1.000003261135729460e+00
1.000002801077474412e+00
1.000002337881100933e+00
1.000001871554143440e+00
1.000001402104193193e+00
1.000000929538897854e+00
1.000000453865961703e+00
9.999999750931449771e-01
9.999994932282649795e-01
9.999990082791950785e-01
9.999985202538652640e-01
9.999980291602619253e-01
9.999975350064278512e-01
9.999970378004624516e-01
9.999965375505216469e-01
9.999960342648173128e-01
9.999955279516185014e-01
9.999950186192503310e-01
9.999945062760943193e-01
9.999939909305886054e-01
9.999934725912278388e-01
9.999929512665628462e-01
9.999924269652012976e-01
9.999918996958072626e-01
9.999913694671007658e-01
9.999908362878590085e-01
9.999903001669153690e-01
9.999897611131594033e-01
9.999892191355376214e-01
9.999886742430525999e-01
9.999881264447637585e-01
9.999875757497865836e-01
9.999870221672935156e-01
9.999864657065128393e-01
9.999859063767299050e-01
9.999853441872861293e-01
9.999847791475793279e-01
9.999842112670644934e-01
9.999836405552523511e-01
9.999830670217103590e-01
9.999824906760624854e-01
9.999819115279890980e-01
9.999813295872268526e-01
9.999807448635693596e-01
9.999801573668662957e-01
9.999795671070240699e-01
9.999789740940052685e-01
9.999783783378290991e-01
9.999777798485715019e-01
9.999771786363644832e-01
9.999765747113967818e-01
9.999759680839135356e-01
9.999753587642160602e-01
9.999747467626629582e-01
9.999741320896684549e-01
9.999735147557037296e-01
9.999728947712961391e-01
9.999722721470298836e-01
9.999716468935453406e-01
9.999710190215395089e-01
9.999703885417658977e-01
9.999697554650341935e-01
9.999691198022111482e-01
9.999684815642194691e-01
9.999678407620383735e-01
9.999671974067039226e-01
9.999665515093084656e-01
9.999659030810007510e-01
9.999652521329860377e-01
9.999645986765262062e-01
9.999639427229394251e-01
9.999632842836007063e-01
9.999626233699410172e-01
9.999619599934482794e-01
9.999612941656665921e-01
9.999606258981966755e-01
9.999599552026958715e-01
9.999592820908776991e-01
9.999586065745124097e-01
9.999579286654265431e-01
9.999572483755034824e-01
9.999565657166827881e-01
9.999558807009604200e-01
9.999551933403891812e-01
9.999545036470782744e-01
9.999538116331930793e-01
9.999531173109559301e-01
9.999524206926452274e-01
9.999517217905961042e-01
9.999510206172003146e-01
9.999503171849057903e-01
9.999496115062170842e-01
9.999489035936953707e-01
9.999481934599581123e-01
9.999474811176793931e-01
9.999467665795899185e-01
9.999460498584766821e-01
9.999453309671830770e-01
9.999446099186093395e-01
9.999438867257119945e-01
9.999431614015040770e-01
9.999424339590551325e-01
9.999417044114911057e-01
9.999409727719948959e-01
9.999402390538051355e-01
9.999395032702176334e-01
9.999387654345844867e-01
9.999380255603140810e-01
9.999372836608716453e-01
9.999365407889735380e-01
9.999358103370041828e-01
9.999350963477583454e-01
9.999343987559021762e-01
9.999337174975129194e-01
9.999330525100786904e-01
9.999324037324982539e-01
9.999317711050819124e-01
9.999311545695502845e-01
9.999305540690355265e-01
9.999299695480805550e-01
9.999294009526393801e-01
9.999288482300769942e-01
9.999283113291694836e-01
9.999277902001039164e-01
9.999272847944784548e-01
9.999267950653024650e-01
9.999263209669961849e-01
9.999258624553912789e-01
9.999254194877300606e-01
9.999249920226664923e-01
9.999245800202651857e-01
9.999241834420021791e-01
9.999238022507646040e-01
9.999234364108506856e-01
9.999230858879701866e-01
9.999227506492431861e-01
9.999224306632019665e-01
9.999221258997892381e-01
9.999218363303593593e-01
9.999215619276775602e-01
9.999213026659204973e-01
9.999210585206760316e-01
9.999208294689434506e-01
9.999206154891324694e-01
9.999204165610650064e-01
9.999202326659736295e-01
9.999200637865022223e-01
9.999199099067062058e-01
9.999197710120518723e-01
9.999196470894170519e-01
9.999195381270905569e-01
9.999194441147727375e-01
9.999193650435749259e-01
9.999193009060198811e-01
9.999192516960417887e-01
9.999192174089858165e-01
9.999191980416082259e-01
9.999191935920771490e-01
9.999192040599713671e-01
9.999192294462815322e-01
9.999192697534088348e-01
9.999193249851664467e-01
9.999193951467781893e-01
9.999194802448795327e-01
9.999195802875174843e-01
9.999196952841492569e-01
9.999198252456444891e-01
9.999199701842832466e-01
9.999201301137575770e-01
9.999203050491700662e-01
9.999204950070349485e-01
9.999207000052777738e-01
9.999209200632346306e-01
9.999211552016542548e-01
9.999214054426949216e-01
9.999216708099273321e-01
9.999219513283330585e-01
9.999222470243046557e-01
9.999225579256461049e-01
9.999228840615725922e-01
9.999232254627105076e-01
9.999235821610973352e-01
9.999239541901818740e-01
9.999243415848236838e-01
9.999247443812940839e-01
9.999251626172752649e-01
9.999255963318606222e-01
9.999260455655544222e-01
9.999265103602723581e-01
9.999269907593412166e-01
9.999274868074988776e-01
9.999279985508942037e-01
9.999285260370871509e-01
9.999290693150488796e-01
9.999296284351616437e-01
9.999302034492185687e-01
9.999307944104239843e-01
9.999314013733928697e-01
9.999320243941519637e-01
9.999326635301384325e-01
9.999333188402004247e-01
9.999339903845972932e-01
9.999346782249993737e-01
9.999353824244877620e-01
9.999361030475544254e-01
9.999368401601025358e-01
9.999375938294460253e-01
9.999383641243095866e-01
9.999391511148290057e-01
9.999399548725506071e-01
9.999407754704320306e-01
9.999416129828411215e-01
9.999424674855572626e-01
9.999433390557695978e-01
9.999442277720790306e-01
9.999451337144966701e-01
9.999460569644446073e-01
9.999469976047551389e-01
9.999479557196719881e-01
9.999489313948486391e-01
9.999499247173502248e-01
9.999509357756516392e-01
9.999519646596387590e-01
9.999530114606078879e-01
9.999540762712659792e-01
9.999551591857305244e-01
9.999562602995293314e-01
9.999573797096009686e-01
9.999585175142939875e-01
9.999596738133679219e-01
9.999608487079922892e-01
9.999620423007470338e-01
9.999632546956223056e-01
9.999644859980192368e-01
9.999657363147482769e-01
9.999670057540309687e-01
9.999682944254983941e-01
9.999696024401923955e-01
9.999709299105645766e-01
9.999722769504767461e-01
9.999736436752010293e-01
9.999750302014192016e-01
9.999764366472239097e-01
9.999778631321165623e-01
9.999793097770094397e-01
9.999807767042245832e-01
9.999822640374940175e-01
9.999837719019590843e-01
9.999853004241714416e-01
9.999868497320925087e-01
9.999884199550934660e-01
9.999900112239551442e-01
9.999916236708676909e-01
9.999932574294315701e-01
9.999949126346562300e-01
9.999965894229611019e-01
9.999982879321749341e-01
1.000000008301535903e+00
1.000001750671691836e+00
1.000003515184699765e+00
1.000005301984026040e+00
1.000007111214546107e+00
1.000008943022545393e+00
1.000010797555717978e+00
1.000012674963167258e+00
1.000014575395405281e+00
1.000016499004354076e+00
1.000018445943343881e+00
1.000020416367114251e+00
1.000022410431813613e+00
1.000024428294999490e+00
1.000026470115637833e+00
1.000028536054103467e+00
1.000030626272179868e+00
1.000032740933059605e+00
1.000034880201343235e+00
1.000037044243040629e+00
1.000039233225569424e+00
1.000041447317755683e+00
1.000043686689834566e+00
1.000045951513448994e+00
1.000048241961650097e+00
1.000050558208897433e+00
1.000052900431058989e+00
1.000055268805409847e+00
1.000057663510634631e+00
1.000060084726823950e+00
1.000062532635478396e+00
1.000065007419504548e+00
1.000067509263218080e+00
1.000070038352341761e+00
1.000072594874006127e+00
1.000075179016748805e+00
1.000077790970515634e+00
1.000080430926659325e+00
1.000083099077940352e+00
1.000085795618526063e+00
1.000088520743991349e+00
1.000091274651317752e+00
1.000094057538894354e+00
1.000096869606516892e+00
1.000099711055387974e+00
1.000102582088117753e+00
1.000105482908721699e+00
1.000108413722623046e+00
1.000111374736651459e+00
1.000114366159042367e+00
1.000117388199438961e+00
1.000120441068889088e+00
1.000123524979848355e+00
1.000126640146177248e+00
1.000129786783143127e+00
1.000132965107419114e+00
1.000136175337084099e+00
1.000139417691622734e+00
1.000142692391925658e+00
1.000145999660288609e+00
1.000149339720413089e+00
1.000152712797406362e+00
1.000156119117780129e+00
1.000159558909452517e+00
1.000163032401745422e+00
1.000166539825386502e+00
1.000170081412508516e+00
1.000173657396648652e+00
1.000177268012748533e+00
1.000180913497154878e+00
1.000184594087619061e+00
1.000188310023295557e+00
1.000192061544745270e+00
1.000195848893931094e+00
1.000199672314220800e+00
1.000203532050386812e+00
1.000207428348604433e+00
1.000211361456452730e+00
1.000215331622914761e+00
1.000219339098376459e+00
1.000223384134628191e+00
1.000227466984862312e+00
1.000231587903674724e+00
1.000235747147064425e+00
1.000239944972433070e+00
1.000244181638585417e+00
1.000248457405728209e+00
1.000252772535470847e+00
1.000257127290825387e+00
1.000261521936205655e+00
1.000265956737427464e+00
1.000270431961709061e+00
1.000274947877669796e+00
1.000279479265542948e+00
1.000283943772920736e+00
1.000288334206004937e+00
1.000292649577371851e+00
1.000296888919978588e+00
1.000301051287161735e+00
1.000305135752636909e+00
1.000309141410496760e+00
1.000313067375210530e+00
1.000316912781622491e+00
1.000320676784951068e+00
1.000324358560787497e+00
1.000327957305095605e+00
1.000331472234209373e+00
1.000334902584833374e+00
1.000338247614040776e+00
1.000341506599272456e+00
1.000344678838336554e+00
1.000347763649407140e+00
1.000350760371023773e+00
1.000353668362089721e+00
1.000356487001871741e+00
1.000359215689999415e+00
1.000361853846463589e+00
1.000364400911615936e+00
1.000366856346169175e+00
1.000369219631193740e+00
1.000371490268120001e+00
1.000373667778735820e+00
1.000375751705186556e+00
1.000377741609973725e+00
1.000379637075955230e+00
1.000381437706344023e+00
1.000383143124707663e+00
1.000384752974968983e+00
1.000386266921403866e+00
1.000387684648641251e+00
1.000389005861663128e+00
1.000390230285804538e+00
1.000391357666751135e+00
1.000392387770541180e+00
1.000393320383564211e+00
1.000394155312560596e+00
1.000394892384620871e+00
1.000395531447187070e+00
1.000396072368050282e+00
1.000396515035352207e+00
1.000396859357584489e+00
1.000397105263588049e+00
1.000397252702553974e+00
1.000397301644022185e+00
1.000397252077882992e+00
1.000397104014375094e+00
1.000396857484087576e+00
1.000396512537958582e+00
1.000396069247275976e+00
1.000395527703677345e+00
1.000394888019150441e+00
1.000394150326032072e+00
1.000393314777010545e+00
1.000392381545123444e+00
1.000391350823759851e+00
1.000390222826659237e+00
1.000388997787913015e+00
1.000387675961963430e+00
1.000386257623605113e+00
1.000384743067985305e+00
1.000383132610603631e+00
1.000381426587313216e+00
1.000379625354321123e+00
1.000377729288188577e+00
1.000375738785831192e+00
1.000373654264520518e+00
1.000371476161884043e+00
1.000369204935905643e+00
1.000366841064926238e+00
1.000364385047645577e+00
1.000361837403120902e+00
1.000359198670769167e+00
1.000356469410368154e+00
1.000353650202055578e+00
1.000350741646331532e+00
1.000347744364057823e+00
1.000344658996460856e+00
1.000341486205129859e+00
1.000338226672020214e+00
1.000334881099452788e+00
1.000331450210115714e+00
1.000327934747065051e+00
1.000324335473725679e+00
1.000320653173892183e+00
1.000316888651730629e+00
1.000313042731778568e+00
1.000309116258946807e+00
1.000305110098520300e+00
1.000301025136159039e+00
1.000296862277899379e+00
1.000292622450155378e+00
1.000288306599719457e+00
1.000283915693763737e+00
1.000279450719841146e+00
1.000274912685887196e+00
1.000270302620219764e+00
1.000265621571542418e+00
1.000260870608943531e+00
1.000256050821898279e+00
1.000251163320271308e+00
1.000246209234315176e+00
1.000241189714674128e+00
1.000236105932384101e+00
1.000230959078873605e+00
1.000225750365967059e+00
1.000220481025883013e+00
1.000215152311238365e+00
1.000209765495047920e+00
1.000204321870726165e+00
1.000198822752088379e+00
1.000193269473351743e+00
1.000187663389138004e+00
1.000182005874472813e+00
1.000176298324788382e+00
1.000170542155923936e+00
1.000164738804127929e+00
1.000158889726058042e+00
1.000152996398783412e+00
1.000147060319786174e+00
1.000141083006961695e+00
1.000135065998620343e+00
1.000129010853488598e+00
1.000122919150710610e+00
1.000116792489849304e+00
1.000110632490886609e+00
1.000104440794226335e+00
1.000098219060694404e+00
1.000091968971539513e+00
1.000085692228434908e+00
1.000079390553479719e+00
1.000073065689199403e+00
1.000066719398547521e+00
1.000060353464905738e+00
1.000053969692085598e+00
1.000047569904330080e+00
1.000041155946312932e+00
1.000034729683140666e+00
1.000028293000354118e+00
1.000021847803927555e+00
1.000015396020271119e+00
1.000008939596230606e+00
1.000002480499088575e+00
9.999960207165657922e-01
9.999895622568203413e-01
9.999831071484496237e-01
9.999766574404906905e-01
9.999702152024202428e-01
9.999637825241561861e-01
9.999573615160567419e-01
9.999509543089221131e-01
9.999445630539943730e-01
9.999381899229575765e-01
9.999318371079385370e-01
9.999255068215067155e-01
9.999192012966744425e-01
9.999129227868971403e-01
9.999066735660733229e-01
9.999004559285442628e-01
9.998942721890948793e-01
9.998881246829526281e-01
9.998820157657878349e-01
9.998759478137129175e-01
9.998699232232829415e-01
9.998639444114942876e-01
9.998580138157852071e-01
9.998521338940340453e-01
9.998463071245597966e-01
9.998405360061206615e-01
9.998348230579137130e-01
9.998291708195735650e-01
9.998235818511723716e-01
9.998180587332173852e-01
9.998126040666514003e-01
9.998072204728505330e-01
9.998019105936233331e-01
9.997966770912091183e-01
9.997915226482770867e-01
9.997864499679245398e-01
9.997814617736745513e-01
9.997765608094754120e-01
9.997717498396979652e-01
9.997670316491336084e-01
9.997624090429928501e-01
9.997578848469026447e-01
9.997534619069041728e-01
9.997491430894509534e-01
9.997449312814054023e-01
9.997408293900369447e-01
9.997368403430194617e-01
9.997329670884278485e-01
9.997292125947351282e-01
9.997255798508098978e-01
9.997220718659125538e-01
9.997186916696924053e-01
9.997154423121834554e-01
9.997123268638019589e-01
9.997093484153414256e-01
9.997065100779700675e-01
9.997038149832252474e-01
9.997012662830107033e-01
9.996988671495915524e-01
9.996966207755900724e-01
9.996945303739811495e-01
9.996925991780872822e-01
9.996908304415739188e-01
9.996892274384444610e-01
9.996877934630351570e-01
9.996865318300089953e-01
9.996854458743513749e-01
9.996845389513634439e-01
9.996838144366568812e-01
9.996832757261476798e-01
9.996829262360493740e-01
9.996827694028680433e-01
9.996828086833944305e-01
9.996830475546979455e-01
9.996834895141197830e-01
9.996841380792653720e-01
9.996849967879976040e-01
9.996860691984295055e-01
9.996873588889154671e-01
9.996888694580454704e-01
9.996906045246350958e-01
9.996925677277183064e-01
9.996947627265387881e-01
9.996971932005415118e-01
9.996998628493635186e-01
9.997027753928252602e-01
9.997059345709213840e-01
9.997093441438109629e-01
9.997130078918083917e-01
9.997169296153723961e-01
9.997211131350973723e-01
9.997255622898749694e-01
9.997301806099545551e-01
9.997348700486807793e-01
9.997396295586563619e-01
9.997444580940658687e-01
9.997493546106774875e-01
9.997543180658430284e-01
9.997593474184995888e-01
9.997644416291686653e-01
9.997695996599581525e-01
9.997748204745624534e-01
9.997801030382632570e-01
9.997854463179295381e-01
9.997908492820188897e-01
9.997963109005779669e-01
9.998018301452427092e-01
9.998074059892391174e-01
9.998130374073839199e-01
9.998187233760849058e-01
9.998244628733412576e-01
9.998302548787446620e-01
9.998360983734790874e-01
9.998419923403221166e-01
9.998479357636443909e-01
9.998539276294110545e-01
9.998599669251813093e-01
9.998660526401097481e-01
9.998721837649457989e-01
9.998783592920355012e-01
9.998845782153199524e-01
9.998908395303378605e-01
9.998971422342243232e-01
9.999034853257120492e-01
9.999098678051310252e-01
9.999162886744098477e-01
9.999227469370750576e-01
9.999292415982520277e-01
9.999357716646651850e-01
9.999423361446381220e-01
9.999489340480943733e-01
9.999555643865569721e-01
9.999622261731494488e-01
9.999689184225956096e-01
9.999756401512197579e-01
9.999823903769476940e-01
9.999891681193056048e-01
9.999959723994219507e-01
1.000002802240025801e+00
1.000009656665448610e+00
1.000016534701623883e+00
1.000023435376087066e+00
1.000030357717975882e+00
1.000037300758030545e+00
1.000044263528594213e+00
1.000051245063612315e+00
1.000058244398633667e+00
1.000065260570809800e+00
1.000072292618895631e+00
1.000079339583249016e+00
1.000086400505831419e+00
1.000093474430207463e+00
1.000100560401545380e+00
1.000107657466617228e+00
1.000114764673797785e+00
1.000121881073066987e+00
1.000129005716006825e+00
1.000136137655804003e+00
1.000143275947248611e+00
1.000150419646734345e+00
1.000157567812258952e+00
1.000164719503424005e+00
1.000171873781434018e+00
1.000179029709098000e+00
1.000186186350828121e+00
1.000193342772640381e+00
1.000200498042154162e+00
1.000207651228592232e+00
1.000214801402780740e+00
1.000221947637149889e+00
1.000229089005731709e+00
1.000236224584162725e+00
1.000243353449681738e+00
1.000250474681130264e+00
1.000257587358953426e+00
1.000264690565198400e+00
1.000271783383514634e+00
1.000278864899154518e+00
1.000285934198972715e+00
1.000292990371425050e+00
1.000300032506570291e+00
1.000307059696067924e+00
1.000314071033179930e+00
1.000321065612768567e+00
1.000328042531298145e+00
1.000335000886833248e+00
1.000341939779039180e+00
1.000348858309181965e+00
1.000355755580127459e+00
1.000362630696342015e+00
1.000369482763891371e+00
1.000376310890440212e+00
1.000383114185253941e+00
1.000389891759194905e+00
1.000396642724725949e+00
1.000403366195906862e+00
1.000410061288396157e+00
1.000416727119449956e+00
1.000423362807922212e+00
1.000429967474263826e+00
1.000436540240521976e+00
1.000443080230340787e+00
1.000449586568960658e+00
1.000456058383217828e+00
1.000462494801543478e+00
1.000468894953964627e+00
1.000475257972102350e+00
1.000481582989172891e+00
1.000487869139985442e+00
1.000494115560943476e+00
1.000500321390043856e+00
1.000506485766876175e+00
1.000512607832621859e+00
1.000518686730055062e+00
1.000524721603541334e+00
1.000530711599037392e+00
1.000536655864090463e+00
1.000542553547838498e+00
1.000548403801009067e+00
1.000554205775919581e+00
1.000559958626475732e+00
1.000565661508171944e+00
1.000571313578091592e+00
1.000576913994904782e+00
1.000582461918868349e+00
1.000587956511826526e+00
1.000593396937210056e+00
1.000598782360034411e+00
1.000604111946900465e+00
1.000609384865994045e+00
1.000614600287085043e+00
1.000619757381526975e+00
1.000624855322255646e+00
1.000629893283791150e+00
1.000634870442234092e+00
1.000639785975267593e+00
1.000644639062154839e+00
1.000649428883740200e+00
1.000654154622447445e+00
1.000658815462280415e+00
1.000663410588820357e+00
1.000667939189228361e+00
1.000672400452241373e+00
1.000676793568174627e+00
1.000681117728919878e+00
1.000685372127943173e+00
1.000689555960287969e+00
1.000693668422571125e+00
1.000697708712983580e+00
1.000701676031289900e+00
1.000705569578828058e+00
1.000709388558506996e+00
1.000713132174808617e+00
1.000716799633784904e+00
1.000720390143058802e+00
1.000723902911822005e+00
1.000727337150836949e+00
1.000730692072432371e+00
1.000733966890506643e+00
1.000737160820524663e+00
1.000740273079517184e+00
1.000743302886081709e+00
1.000746249460379822e+00
1.000749112024139187e+00
1.000751889800649552e+00
1.000754582014764749e+00
1.000757187892900690e+00
1.000759706663036042e+00
1.000762137554708886e+00
1.000764479799018725e+00
1.000766732628624700e+00
1.000768895277744486e+00
1.000770966982154953e+00
1.000772946979189282e+00
1.000774834507738520e+00
1.000776628808249358e+00
1.000778329122724353e+00
1.000779934694719930e+00
1.000781444769347051e+00
1.000782858593270097e+00
1.000784175414706212e+00
1.000785394483423074e+00
1.000786515050740233e+00
1.000787536369527997e+00
1.000788457694205436e+00
1.000789278280740380e+00
1.000789997386649199e+00
1.000790614270995249e+00
1.000791128194388868e+00
1.000791538418985382e+00
1.000791844208485326e+00
1.000792044828133776e+00
1.000792139544719461e+00
1.000792127626573214e+00
1.000792008343567741e+00
1.000791780967117406e+00
1.000791444770176897e+00
1.000790999027239669e+00
1.000790443014338837e+00
1.000789776009044729e+00
1.000788997290465998e+00
1.000788106139245848e+00
1.000787101837564697e+00
1.000785983669137513e+00
1.000784750919212263e+00
1.000783402874571237e+00
1.000781938823528394e+00
1.000780358055928909e+00
1.000778659863149844e+00
1.000776843538097705e+00
1.000774908375206884e+00
1.000772853670441664e+00
1.000770678721293327e+00
1.000768382826779712e+00
1.000765965287443882e+00
1.000763425405354345e+00
1.000760762484104172e+00
1.000757975828809432e+00
1.000755064746107870e+00
1.000752028544159788e+00
1.000748866532646275e+00
1.000745578022767868e+00
1.000742162327244333e+00
1.000738618760313559e+00
1.000734946637731548e+00
1.000731145276770429e+00
1.000727213996217113e+00
1.000723152116374859e+00
1.000718958959059934e+00
1.000714633847602730e+00
1.000710176106844429e+00
1.000705585063138781e+00
1.000700868119156040e+00
1.000696126571462008e+00
1.000691391216151471e+00
1.000686662230770851e+00
1.000681939792996245e+00
1.000677224080633865e+00
1.000672515271620266e+00
1.000667813544020568e+00
1.000663119076031116e+00
1.000658432045978152e+00
1.000653752632317373e+00
1.000649081013634145e+00
1.000644417368644401e+00
1.000639761876193745e+00
1.000635114715257457e+00
1.000630476064940932e+00
1.000625846104479244e+00
1.000621225013237359e+00
1.000616612970709918e+00
1.000612010156521681e+00
1.000607416750427303e+00
1.000602832932310449e+00
1.000598258882185565e+00
1.000593694780195886e+00
1.000589140806615207e+00
1.000584597141846999e+00
1.000580063966423960e+00
1.000575541461008466e+00
1.000571029806393009e+00
1.000566529183499531e+00
1.000562039773379652e+00
1.000557561757214886e+00
1.000553095316315755e+00
1.000548640632122677e+00
1.000544197886205966e+00
1.000539767260264945e+00
1.000535348936129054e+00
1.000530943095756520e+00
1.000526549921235908e+00
1.000522169594784572e+00
1.000517802298749981e+00
1.000513448215608170e+00
1.000509107527965291e+00
1.000504780418556949e+00
1.000500467070247534e+00
1.000496167666031111e+00
1.000491882389031417e+00
1.000487611422500978e+00
1.000483354949821990e+00
1.000479113154504995e+00
1.000474886220191761e+00
1.000470674330651066e+00
1.000466477669781806e+00
1.000462296421612107e+00
1.000458130770299769e+00
1.000453980900130491e+00
1.000449846995519643e+00
1.000445729241012049e+00
1.000441627821280877e+00
1.000437542921129408e+00
1.000433474725487493e+00
1.000429423419417096e+00
1.000425389188106973e+00
1.000421372216875326e+00
1.000417372691169371e+00
1.000413390796564883e+00
1.000409426718766648e+00
1.000405480643608236e+00
1.000401552757051782e+00
1.000397643245188428e+00
1.000393752294237437e+00
1.000389880090547301e+00
1.000386026820595076e+00
1.000382192670985937e+00
1.000378377828454068e+00
1.000374582479861774e+00
1.000370806812200364e+00
1.000367051012589492e+00
1.000363315268276487e+00
1.000359599766638130e+00
1.000355904695178433e+00
1.000352230241531082e+00
1.000348576593456551e+00
1.000344943938844544e+00
1.000341332465712885e+00
1.000337742362207072e+00
1.000334173816600725e+00
1.000330627017296248e+00
1.000327102152823944e+00
1.000323599411840902e+00
1.000320118983134110e+00
1.000316661055616674e+00
1.000313225818330931e+00
1.000309813460446229e+00
1.000306424171260478e+00
1.000303058140198598e+00
1.000299715556813851e+00
1.000296396610786509e+00
1.000293101491924741e+00
1.000289830390164836e+00
1.000286583495570092e+00
1.000283360998331261e+00
1.000280163088766994e+00
1.000276989957322948e+00
1.000273841794572460e+00
1.000270718791215652e+00
1.000267621138080987e+00
1.000264549026123051e+00
1.000261502646424105e+00
1.000258482190193643e+00
1.000255487848768388e+00
1.000252519813611629e+00
1.000249578276313667e+00
1.000246663428592475e+00
1.000243775462291929e+00
1.000240914569383799e+00
1.000238080941965757e+00
1.000235274772262706e+00
1.000232496252626335e+00
1.000229745575534457e+00
1.000227022933591670e+00
1.000224328519530026e+00
1.000221662526206812e+00
1.000219025146606100e+00
1.000216416573838529e+00
1.000213837001141748e+00
1.000211286621878415e+00
1.000208765629537977e+00
1.000206274217736446e+00
1.000203812580215068e+00
1.000201380910842319e+00
1.000198979403611244e+00
1.000196608252642116e+00
1.000194267652180447e+00
1.000191957796597864e+00
1.000189678880391231e+00
1.000187431098183977e+00
1.000185214644724319e+00
1.000183029714887040e+00
1.000180876503671490e+00
1.000178755206202696e+00
1.000176666017731808e+00
1.000174609133634540e+00
1.000172584749412508e+00
1.000170593060692115e+00
1.000168634263224554e+00
1.000166708552887362e+00
1.000164816125682199e+00
1.000162957177735512e+00
1.000161131905299650e+00
1.000159340504750638e+00
1.000157583172590403e+00
1.000155860105444328e+00
1.000154171500063915e+00
1.000152517553324127e+00
1.000150898462224713e+00
1.000149314423890212e+00
1.000147765635569286e+00
1.000146252294634719e+00
1.000144774598584307e+00
1.000143332745038860e+00
1.000141926931743974e+00
1.000140557356569815e+00
1.000139224217509337e+00
1.000137927712680286e+00
1.000136668040323862e+00
1.000135445398804945e+00
1.000134259986612317e+00
1.000133112002358216e+00
1.000132001644778779e+00
1.000130929112732714e+00
1.000129894605203296e+00
1.000128898321296145e+00
1.000127940460240783e+00
1.000127021221389301e+00
1.000126140804217467e+00
1.000125299408323620e+00
1.000124497233428889e+00
1.000123734479377857e+00
1.000123011346137680e+00
1.000122328033797636e+00
1.000121684742570682e+00
1.000121081672790790e+00
1.000120519024916277e+00
1.000119996999526473e+00
1.000119515797323277e+00
1.000119075619130715e+00
1.000118676665895601e+00
1.000118319138685985e+00
1.000118003238692488e+00
1.000117729167227187e+00
1.000117497125724286e+00
1.000117307315739668e+00
1.000117159938950451e+00
1.000117055197155436e+00
1.000116993292275769e+00
1.000116974426352279e+00
1.000116998801548807e+00
1.000117066620149098e+00
1.000117178084558800e+00
1.000117333397304131e+00
1.000117532761032768e+00
1.000117776378512513e+00
1.000118064452632627e+00
1.000118397186402275e+00
1.000118774782952080e+00
1.000119197445532571e+00
1.000119665377514844e+00
1.000120178782390346e+00
1.000120737863770204e+00
1.000121342825386783e+00
1.000121993871091020e+00
1.000122691204855085e+00
1.000123435030770169e+00
1.000124225553047808e+00
1.000125062976018553e+00
1.000125947504132862e+00
1.000126879341960429e+00
1.000127858694190852e+00
1.000128885765632303e+00
1.000129960761211967e+00
1.000131083885977601e+00
1.000132255345093757e+00
1.000133475343845557e+00
1.000134744087636030e+00
1.000136061781987218e+00
1.000137428632539072e+00
1.000138844845051223e+00
1.000140310625400319e+00
1.000141826179582250e+00
1.000143391713710583e+00
1.000145007434017019e+00
1.000146673546851162e+00
1.000148390258680520e+00
1.000150157776090509e+00
1.000151976305783785e+00
1.000153846054580242e+00
1.000155767229418569e+00
1.000157740037353360e+00
1.000159764685556674e+00
1.000161841381318251e+00
1.000163956986851899e+00
1.000166069275150837e+00
1.000168175065226706e+00
1.000170274298077810e+00
1.000172366914773736e+00
1.000174452856456009e+00
1.000176532064336765e+00
1.000178604479700528e+00
1.000180670043902431e+00
1.000182728698369772e+00
1.000184780384600236e+00
1.000186825044164118e+00
1.000188862618702546e+00
1.000190893049927920e+00
1.000192916279624145e+00
1.000194932249646840e+00
1.000196940901922904e+00
1.000198942178449846e+00
1.000200936021298004e+00
1.000202922372607439e+00
1.000204901174591265e+00
1.000206872369532540e+00
1.000208835899786708e+00
1.000210791707779601e+00
1.000212739736009437e+00
1.000214679927045269e+00
1.000216612223527202e+00
1.000218536568167060e+00
1.000220452903747947e+00
1.000222361173124463e+00
1.000224261319222263e+00
1.000226153285038277e+00
1.000228037013640714e+00
1.000229912448169500e+00
1.000231779531835619e+00
1.000233638207921105e+00
1.000235488419779939e+00
1.000237330110836043e+00
1.000239163224586392e+00
1.000240987704598128e+00
1.000242803494509669e+00
1.000244610538031154e+00
1.000246408778943552e+00
1.000248198161099555e+00
1.000249978628422465e+00
1.000251750124907302e+00
1.000253512594620364e+00
1.000255265981698782e+00
1.000257010230351185e+00
1.000258745284857476e+00
1.000260471089568393e+00
1.000262187588906393e+00
1.000263894727364766e+00
1.000265592449508301e+00
1.000267280699972394e+00
1.000268959423464388e+00
1.000270628564762232e+00
1.000272288068715376e+00
1.000130363871446049e+00
1.000130349621997095e+00
1.000130306878320274e+00
1.000130235654426158e+00
1.000130135973665402e+00
1.000130007868729409e+00
1.000129851381649448e+00
1.000129666563797537e+00
1.000129453475885555e+00
1.000129212187966576e+00
1.000128942779433761e+00
1.000128645339020128e+00
1.000128319964800339e+00
1.000127966764188692e+00
1.000127585853940460e+00
1.000127177360151887e+00
1.000126741418259302e+00
1.000126278173040006e+00
1.000125787778612274e+00
1.000125270398435351e+00
1.000124726205309011e+00
1.000124155381374447e+00
1.000123558118113820e+00
1.000122934616350268e+00
1.000122285086248564e+00
1.000121609747314233e+00
1.000120908828395105e+00
1.000120182567679539e+00
1.000119431212698418e+00
1.000118655020323599e+00
1.000117854256769245e+00
1.000117029197590934e+00
1.000116180127686771e+00
1.000115307341296722e+00
1.000114411142003057e+00
1.000113491842730129e+00
1.000112549765745040e+00
1.000111585242657419e+00
1.000110598614419644e+00
1.000109590231326395e+00
1.000108560453016215e+00
1.000107509648469950e+00
1.000106438196011638e+00
1.000105346483309399e+00
1.000104234907373657e+00
1.000103103874559363e+00
1.000101953800564880e+00
1.000100785110431989e+00
1.000099598238546994e+00
1.000098393628640281e+00
1.000097171733785872e+00
1.000095933016402983e+00
1.000094677948254906e+00
1.000093407010449464e+00
1.000092120693439668e+00
1.000090819497022832e+00
1.000089503930342349e+00
1.000088174511885253e+00
1.000086831769485540e+00
1.000085476240321736e+00
1.000084108470918443e+00
1.000082729017145011e+00
1.000081338444217982e+00
1.000079937326698865e+00
1.000078526248495914e+00
1.000077105802863020e+00
1.000075676592401264e+00
1.000074239229057360e+00
1.000072794334124993e+00
1.000071342538244812e+00
1.000069884481403770e+00
1.000068420812936232e+00
1.000066952191523306e+00
1.000065479285193071e+00
1.000064002771321459e+00
1.000062523336631370e+00
1.000061041677192897e+00
1.000059558498424428e+00
1.000058074515090878e+00
1.000056590451305905e+00
1.000055107040530133e+00
1.000053625025572490e+00
1.000052145158589534e+00
1.000050668201085680e+00
1.000049194923913864e+00
1.000047726107274215e+00
1.000046262540715603e+00
1.000044805023134975e+00
1.000043354362776915e+00
1.000041911377234749e+00
1.000040476893449215e+00
1.000039051747710017e+00
1.000037636785654271e+00
1.000036232862267838e+00
1.000034840841884431e+00
1.000033461598185403e+00
1.000032096014200844e+00
1.000030744982308262e+00
1.000029409404233682e+00
1.000028090191050101e+00
1.000026788263179256e+00
1.000025504550389632e+00
1.000024239991797570e+00
1.000022995535867265e+00
1.000021772140409881e+00
1.000020570772583772e+00
1.000019392408894481e+00
1.000018238035193852e+00
1.000017108646681141e+00
1.000016005247901685e+00
1.000014928852747120e+00
1.000013880484455608e+00
1.000012861175610279e+00
1.000011871968140564e+00
1.000010913913321309e+00
1.000009988071771661e+00
1.000009095513456403e+00
1.000008237317684179e+00
1.000007414573108155e+00
1.000006628377724915e+00
1.000005879838874678e+00
1.000005170073240857e+00
1.000004500206849611e+00
1.000003871375068742e+00
1.000003284722608576e+00
1.000002741403520634e+00
1.000002242581196965e+00
1.000001789428370813e+00
1.000001383127114618e+00
1.000001024868840904e+00
1.000000715854300060e+00
1.000000457293582112e+00
1.000000250406113622e+00
1.000000096420658791e+00
9.999999965753181286e-01
9.999999521175282347e-01
9.999999643040603514e-01
1.000000034401020477e+00
1.000000163683848253e+00
1.000000353437316525e+00
1.000000604955529671e+00
1.000000919541923716e+00
1.000001298509265668e+00
1.000001743179651736e+00
1.000002254884507114e+00
1.000002834964584864e+00
1.000003484769965256e+00
1.000004205660054213e+00
1.000004999003582640e+00
1.000005866178605984e+00
1.000006808572502681e+00
1.000007827581972153e+00
1.000008924613035699e+00
1.000010101081033609e+00
1.000011358410624718e+00
1.000012698035785741e+00
1.000014121399808609e+00
1.000015629955300911e+00
1.000017225164183010e+00
1.000018908497687820e+00
1.000020681436359471e+00
1.000022545470050428e+00
1.000024502097922374e+00
1.000026552828442883e+00
1.000028699179384750e+00
1.000030942677823997e+00
1.000033284860139204e+00
1.000035727272008623e+00
1.000038271468409512e+00
1.000040919013616136e+00
1.000043671481197993e+00
1.000046530454017812e+00
1.000049497524230890e+00
1.000052574293281316e+00
1.000055762371901746e+00
1.000059063380111191e+00
1.000062478947211897e+00
1.000066010711789355e+00
1.000069660321707632e+00
1.000073429434110484e+00
1.000077319715415580e+00
1.000081332841316284e+00
1.000085470496775653e+00
1.000089734376026662e+00
1.000094126182569321e+00
1.000098647629167559e+00
1.000103300437847675e+00
1.000108086339895452e+00
1.000113007075853933e+00
1.000118064395520534e+00
1.000123260057944607e+00
1.000128595831424771e+00
1.000134073493506914e+00
1.000139694830979531e+00
1.000145461639873057e+00
1.000151375725455649e+00
1.000157438902231410e+00
1.000163652993935726e+00
1.000170019833534152e+00
1.000176541263217977e+00
1.000183219134401780e+00
1.000190055307720094e+00
1.000197051653023861e+00
1.000204210049377762e+00
1.000211532385056445e+00
1.000219020557540750e+00
1.000226676473515486e+00
1.000234502048864327e+00
1.000242499208667590e+00
1.000250669887197796e+00
1.000259016027916115e+00
1.000267539583468368e+00
1.000276242515682368e+00
1.000285126795562585e+00
1.000294194403286374e+00
1.000303447328201090e+00
1.000312887568818976e+00
1.000322517132813394e+00
1.000332338037014379e+00
1.000342352307404425e+00
1.000352561979114263e+00
1.000362969096419086e+00
1.000373575712732332e+00
1.000384383890602802e+00
1.000395395701709322e+00
1.000406613226855868e+00
1.000418038555968225e+00
1.000429673788086449e+00
1.000441521031362413e+00
1.000453582403054043e+00
1.000465860029520204e+00
1.000478356046215156e+00
1.000491072597683884e+00
1.000503793889516935e+00
1.000516290776189532e+00
1.000528564317987756e+00
1.000540615623516372e+00
1.000552445804087309e+00
1.000564055973721667e+00
1.000575447249151928e+00
1.000586620749822631e+00
1.000597577597895693e+00
1.000608318918250861e+00
1.000618845838487037e+00
1.000629159488927167e+00
1.000639261002618685e+00
1.000649151515335511e+00
1.000658832165582046e+00
1.000668304094593841e+00
1.000677568446340260e+00
1.000686626367527365e+00
1.000695479007599253e+00
1.000704127518740494e+00
1.000712573055879462e+00
1.000720816776688782e+00
1.000728859841589102e+00
1.000736703413750206e+00
1.000744348659093674e+00
1.000751796746295774e+00
1.000759048846788124e+00
1.000766106134761468e+00
1.000772969787166788e+00
1.000779640983718188e+00
1.000786120906894006e+00
1.000792410741940808e+00
1.000798511676873614e+00
1.000804424902479450e+00
1.000810151612318899e+00
1.000815693002728102e+00
1.000821050272821422e+00
1.000826224624493221e+00
1.000831217262419637e+00
1.000836029394062132e+00
1.000840662229667721e+00
1.000845116982272298e+00
1.000849394867702413e+00
1.000853497104577272e+00
1.000857424914310956e+00
1.000861179521114641e+00
1.000864762151997933e+00
1.000868174036772640e+00
1.000871416408052328e+00
1.000874490501256320e+00
1.000877397554611248e+00
1.000880138809152831e+00
1.000882715508728094e+00
1.000885128899997145e+00
1.000887380232435619e+00
1.000889470758335786e+00
1.000891401732810326e+00
1.000893174413792108e+00
1.000894790062037520e+00
1.000896249941128247e+00
1.000897555317473042e+00
1.000898707460309733e+00
1.000899707641706549e+00
1.000900557136565672e+00
1.000901257222623242e+00
1.000901809180452684e+00
1.000902214293465597e+00
1.000902473847914420e+00
1.000902589132893983e+00
1.000902561440342842e+00
1.000902392065046165e+00
1.000902082304637286e+00
1.000901633459598372e+00
1.000901046833263974e+00
1.000900323731821917e+00
1.000899465464314630e+00
1.000898473342642481e+00
1.000897348681563770e+00
1.000896092798697623e+00
1.000894707014525764e+00
1.000893192652392960e+00
1.000891551038511018e+00
1.000889783501958119e+00
1.000887891374682148e+00
1.000885875991501583e+00
1.000883738690107938e+00
1.000881480811065982e+00
1.000879103697817074e+00
1.000876608696680270e+00
1.000873997156852990e+00
1.000871270430413462e+00
1.000868429872323162e+00
1.000865476840426815e+00
1.000862412695454395e+00
1.000859238801023565e+00
1.000855956523640122e+00
1.000852567232700219e+00
1.000849072300491915e+00
1.000845473102196070e+00
1.000841771015888337e+00
1.000837967422540498e+00
1.000834063706022015e+00
1.000830061253101588e+00
1.000825961453448043e+00
1.000821765699632326e+00
1.000817475387128841e+00
1.000813091914316333e+00
1.000808616682479668e+00
1.000804051095812053e+00
1.000799396561413923e+00
1.000794654489297164e+00
1.000789826292384443e+00
1.000784913386511210e+00
1.000779917190427248e+00
1.000774839125797122e+00
1.000769680617201951e+00
1.000764443092141187e+00
1.000759127981032615e+00
1.000753736717214126e+00
1.000748270736945278e+00
1.000742731479408176e+00
1.000737120386707923e+00
1.000731438903875281e+00
1.000725688478866449e+00
1.000719870562563951e+00
1.000713986608779305e+00
1.000708038074252570e+00
1.000702026418654578e+00
1.000695953104585811e+00
1.000689819597580854e+00
1.000683627366105721e+00
1.000677377881561636e+00
1.000671072618284141e+00
1.000664713053545318e+00
1.000658300667553569e+00
1.000651836943455164e+00
1.000645323367335138e+00
1.000638761428217949e+00
1.000632152618068149e+00
1.000625498431791716e+00
1.000618800367236050e+00
1.000612059925191533e+00
1.000605278609391968e+00
1.000598457926514806e+00
1.000591599386182695e+00
1.000584704500963928e+00
1.000577774786372443e+00
1.000570811760869372e+00
1.000563816945862827e+00
1.000556791865709672e+00
1.000549738047714632e+00
1.000542657022132076e+00
1.000535550322165790e+00
1.000528419483969422e+00
1.000521266046648261e+00
1.000514091552257456e+00
1.000506897545804685e+00
1.000499685575249265e+00
1.000492457191503259e+00
1.000485213948430818e+00
1.000477957402849727e+00
1.000470689114530742e+00
1.000463410646199369e+00
1.000456123563533861e+00
1.000448829435167442e+00
1.000441529832688081e+00
1.000434226330637610e+00
1.000426920506513273e+00
1.000419613940767727e+00
1.000412308216808155e+00
1.000405004920997376e+00
1.000397705642653401e+00
1.000390411974049654e+00
1.000383125510415416e+00
1.000375847849934940e+00
1.000368580593748113e+00
1.000361325345950236e+00
1.000354083713591802e+00
1.000346857306678938e+00
1.000339647738172300e+00
1.000332456623987953e+00
1.000325285582996493e+00
1.000318136237023037e+00
1.000311010210847229e+00
1.000303909132202795e+00
1.000296834631776877e+00
1.000289788343210695e+00
1.000282771903097778e+00
1.000275786950985291e+00
1.000268835129372258e+00
1.000261918083709567e+00
1.000255037462399521e+00
1.000248194916796285e+00
1.000241392101203219e+00
1.000234630672874658e+00
1.000227912292013466e+00
1.000221238621771924e+00
1.000214611328250180e+00
1.000208032080495579e+00
1.000201502550502664e+00
1.000195024413212508e+00
1.000188599346509610e+00
1.000182229031225223e+00
1.000175915151133132e+00
1.000169659392950106e+00
1.000163463446334777e+00
1.000157329003887652e+00
1.000151257761148660e+00
1.000145251416596714e+00
1.000139311671649933e+00
1.000133440230662529e+00
1.000127638800925700e+00
1.000121909092664740e+00
1.000116252819039486e+00
1.000110671696142539e+00
1.000105167442997711e+00
1.000099741781559137e+00
1.000094396436710165e+00
1.000089133136261799e+00
1.000083953610951371e+00
1.000078859594441649e+00
1.000073852823318399e+00
1.000068935037090823e+00
1.000064107978187344e+00
1.000059373391957163e+00
1.000054733026666476e+00
1.000050188633497594e+00
1.000045741966547830e+00
1.000041394782827497e+00
1.000037148842257917e+00
1.000033005907669859e+00
1.000028967744802877e+00
1.000025176036137164e+00
1.000021781298530366e+00
1.000018773564382846e+00
1.000016142832791166e+00
1.000013879191904653e+00
1.000011972818964479e+00
1.000010413980338742e+00
1.000009193031558885e+00
1.000008300417352780e+00
1.000007726671676478e+00
1.000007462417746629e+00
1.000007498368070236e+00
1.000007825324470856e+00
1.000008434178118355e+00
1.000009315909553775e+00
1.000010461588714206e+00
1.000011862374955429e+00
1.000013509517076571e+00
1.000015394353338971e+00
1.000017508311488390e+00
1.000019842908772327e+00
1.000022389751960006e+00
1.000025140537358359e+00
1.000028087050828018e+00
1.000031221167799744e+00
1.000034534853287305e+00
1.000038020161901242e+00
1.000041669237861974e+00
1.000045474315010452e+00
1.000049427716819928e+00
1.000053521856404837e+00
1.000057749236531013e+00
1.000062102449623458e+00
1.000066574177774337e+00
1.000071157192749860e+00
1.000075844355996946e+00
1.000080628618647882e+00
1.000085503021526545e+00
1.000090460695152172e+00
1.000095494859742917e+00
1.000100598825219400e+00
1.000105765991207596e+00
1.000110989847039944e+00
1.000116263971757791e+00
1.000121582034112722e+00
1.000126937792565895e+00
1.000132325095290042e+00
1.000137737880167466e+00
1.000143170174790042e+00
1.000148616096459220e+00
1.000154069852181804e+00
1.000159525738671507e+00
1.000164978142344063e+00
1.000170421539316346e+00
1.000175850495403029e+00
1.000181259666113043e+00
1.000186643796647568e+00
1.000191997721894710e+00
1.000197316366427280e+00
1.000202594744497686e+00
1.000207827960033713e+00
1.000213011206634972e+00
1.000218139767566905e+00
1.000223209015757231e+00
1.000228214413790395e+00
1.000233151513902685e+00
1.000238015957976900e+00
1.000242803477536802e+00
1.000247509893742670e+00
1.000252131117385090e+00
1.000256663148879621e+00
1.000261102078261244e+00
1.000265444085178368e+00
1.000269685438888834e+00
1.000273822498251697e+00
1.000277851711724120e+00
1.000281769617353822e+00
1.000285572842774195e+00
1.000289258105199641e+00
1.000292822211418908e+00
1.000296262057789987e+00
1.000299574630233890e+00
1.000302757004231546e+00
1.000305806344815807e+00
1.000308719906568555e+00
1.000311495033614273e+00
1.000314129159615373e+00
1.000316619807768204e+00
1.000318964590797055e+00
1.000321161210949938e+00
1.000323207459995922e+00
1.000325101219217361e+00
1.000326840459409450e+00
1.000328423240873787e+00
1.000329847713415266e+00
1.000331112116339183e+00
1.000332214778447026e+00
1.000333154118032919e+00
1.000333928642881842e+00
1.000334536950264752e+00
1.000334977726939023e+00
1.000335249749142008e+00
1.000335351882592150e+00
1.000335283082485427e+00
1.000335042393493579e+00
1.000334628949762550e+00
1.000334041974911381e+00
1.000333280782031764e+00
1.000332344773684490e+00
1.000331233441901890e+00
1.000329946368185619e+00
1.000328483223506426e+00
1.000326843768305052e+00
1.000325027852491333e+00
1.000323035415446205e+00
1.000320866486020144e+00
1.000318521182536724e+00
1.000315999712791504e+00
1.000313302374054913e+00
1.000310429553073366e+00
1.000307381726070810e+00
1.000304159458752284e+00
1.000300763406304139e+00
1.000297194313397808e+00
1.000293453014193368e+00
1.000289540432340640e+00
1.000285457580984305e+00
1.000281205562766340e+00
1.000276785569829796e+00
1.000272198883823238e+00
1.000267446875904076e+00
1.000262531006743894e+00
1.000257452826532223e+00
1.000252213974980986e+00
1.000246816181330711e+00
1.000241261264354087e+00
1.000235551132362399e+00
1.000229687783210641e+00
1.000223673304302618e+00
1.000217509872597832e+00
1.000211199754616587e+00
1.000204745306446208e+00
1.000198148973747259e+00
1.000191413291760645e+00
1.000184540885313389e+00
1.000177534468825069e+00
1.000170396846315368e+00
1.000163130911410514e+00
1.000155739647349717e+00
1.000148226126993833e+00
1.000140593512830245e+00
1.000132845056981523e+00
1.000124984101212533e+00
1.000117014076937538e+00
1.000108938505226863e+00
1.000100760996815774e+00
1.000092485252110253e+00
1.000084115061194989e+00
1.000075654303841599e+00
1.000067106949514173e+00
1.000058477057378159e+00
1.000049768776307246e+00
1.000040986344889360e+00
1.000032134091435765e+00
1.000023216433987061e+00
1.000014237880319845e+00
1.000005203027954259e+00
9.999961165641600980e-01
9.999869832659640245e-01
9.999778080001554548e-01
9.999685957232932187e-01
9.999593514817110007e-01
9.999500804115243335e-01
9.999407877386350396e-01
9.999314787787372261e-01
9.999221589373228358e-01
9.999128337096857555e-01
9.999035086809270334e-01
9.998941895259590984e-01
9.998848820095092016e-01
9.998755919861243013e-01
9.998663254001730616e-01
9.998570882858497377e-01
9.998478867671765080e-01
9.998387270580052499e-01
9.998296154620197607e-01
9.998205583727366452e-01
9.998115622735067598e-01
9.998026337375142125e-01
9.997937794277781398e-01
9.997850060971499309e-01
9.997763205883134496e-01
9.997677298337828145e-01
9.997592408558991783e-01
9.997508607668290637e-01
9.997425967685594772e-01
9.997344561528939133e-01
9.997264463014481350e-01
9.997185746856430688e-01
9.997108488666994752e-01
9.997032764956300666e-01
9.996958653132318462e-01
9.996886231500773379e-01
9.996815579265042606e-01
9.996746776526068690e-01
9.996679904282222973e-01
9.996615044429203456e-01
9.996552279759887139e-01
9.996491693964200120e-01
9.996433371628966613e-01
9.996377398237735745e-01
9.996323860170628350e-01
9.996272844704141569e-01
9.996224440010960111e-01
9.996178735159756412e-01
9.996135820114973036e-01
9.996095785736596184e-01
9.996058723779914779e-01
9.996024726895273993e-01
9.995993888627806578e-01
9.995966303417164189e-01
9.995942066597225395e-01
9.995921274395785927e-01
9.995904023934254479e-01
9.995890413227314086e-01
9.995880541182579071e-01
9.995874507600240877e-01
9.995872413172688375e-01
9.995874359484121507e-01
9.995880449010144941e-01
9.995890785117349520e-01
9.995905472062877051e-01
9.995923594266724610e-01
9.995943966438722850e-01
9.995966558196323071e-01
9.995991341221438509e-01
9.996018287260889368e-01
9.996047368126452781e-01
9.996078555694929424e-01
9.996111821908202355e-01
9.996147138773290308e-01
9.996184478362406534e-01
9.996223812813022080e-01
9.996265114327902435e-01
9.996308355175184124e-01
9.996353507688403583e-01
9.996400544266574872e-01
9.996449437374214098e-01
9.996500159541416020e-01
9.996552683363876257e-01
9.996606981502960121e-01
9.996663026685740361e-01
9.996720791705047127e-01
9.996780249419507935e-01
9.996841372753597632e-01
9.996904134697681688e-01
9.996968508308055057e-01
9.997034466706984368e-01
9.997101983082755661e-01
9.997171030689701032e-01
9.997241582848254149e-01
9.997313612944973560e-01
9.997387094432591548e-01
9.997462000830040774e-01
9.997538305722498686e-01
9.997615982761417497e-01
9.997695005664555268e-01
9.997775348216021429e-01
9.997856984266291214e-01
9.997939887732254505e-01
9.998024032597230271e-01
9.998109392911014304e-01
9.998195942789888102e-01
9.998283656416669940e-01
9.998372508040718198e-01
9.998462471977980215e-01
9.998553522610998945e-01
9.998645634388956260e-01
9.998738781827681832e-01
9.998832939509687545e-01
9.998928082084181934e-01
9.999024184267101267e-01
9.999121220841122870e-01
9.999219166655693991e-01
9.999317996627037353e-01
9.999417685738193340e-01
9.999518209039012229e-01
9.999619541646194154e-01
9.999721658743293551e-01
9.999824535580740248e-01
9.999928147475850571e-01
1.000003246981285177e+00
1.000013747804287867e+00
1.000024314768401590e+00
1.000034945432128008e+00
1.000045637360665207e+00
1.000056388125908136e+00
1.000067195306449719e+00
1.000078056487581968e+00
1.000088969261297311e+00
1.000099931226288597e+00
1.000110939987951308e+00
1.000121993158382905e+00
1.000133088356384148e+00
1.000144223207460215e+00
1.000155395343820475e+00
1.000166602404380045e+00
1.000177842034758680e+00
1.000189111887283211e+00
1.000200409620986219e+00
1.000211732901607142e+00
1.000223079401592052e+00
1.000234446800094990e+00
1.000245832782975741e+00
1.000257235042803394e+00
1.000268651278852783e+00
1.000280079197106931e+00
1.000291516510255496e+00
1.000302960937695884e+00
1.000314410205531468e+00
1.000325862046573588e+00
1.000337314200338446e+00
1.000348764413049318e+00
1.000360210437634789e+00
1.000371650033728077e+00
1.000383080967667926e+00
1.000394501012496606e+00
1.000405907947959694e+00
1.000417299560506068e+00
1.000428673643286581e+00
1.000440027996153391e+00
1.000451360425659075e+00
1.000462668745056627e+00
1.000473950774297238e+00
1.000485204340030521e+00
1.000496427275602507e+00
1.000507617421055873e+00
1.000518772623127939e+00
1.000529890735249783e+00
1.000540969617544684e+00
1.000552007136828347e+00
1.000563001166606236e+00
1.000573949587072464e+00
1.000584850285109351e+00
1.000595701154284978e+00
1.000606500094852969e+00
1.000617245013750267e+00
1.000627933824595139e+00
1.000638564447687395e+00
1.000649134810004837e+00
1.000659642845203701e+00
1.000670086493615107e+00
1.000680463702244616e+00
1.000690772424770225e+00
1.000701010621540821e+00
1.000711176259573731e+00
1.000721267312553842e+00
1.000731281760831148e+00
1.000741217591419208e+00
1.000751072797993135e+00
1.000760845380887609e+00
1.000770533347095093e+00
1.000780134710263392e+00
1.000789647490694545e+00
1.000799069715341716e+00
1.000808399417807637e+00
1.000817634638342835e+00
1.000826773423842964e+00
1.000835813827846366e+00
1.000844753910532958e+00
1.000853591738720461e+00
1.000862325385863949e+00
1.000870952932052083e+00
1.000879472464005771e+00
1.000887882075074842e+00
1.000896179865236935e+00
1.000904363941093944e+00
1.000912432415870468e+00
1.000920383409410919e+00
1.000928215048177083e+00
1.000935925465245901e+00
1.000943512800306801e+00
1.000950975199658810e+00
1.000958310816209229e+00
1.000965517809468963e+00
1.000972594345552524e+00
1.000979538597172924e+00
1.000986348743641230e+00
1.000993022970861901e+00
1.000999559471331901e+00
1.001005956444136702e+00
1.001012212094947840e+00
1.001018324636021362e+00
1.001024292286193385e+00
1.001030113270878097e+00
1.001035785822065538e+00
1.001041308178317601e+00
1.001046678584766036e+00
1.001051895293109562e+00
1.001056956561610756e+00
1.001061860655093838e+00
1.001066605844940227e+00
1.001071190409087874e+00
1.001075612632026379e+00
1.001079870804795213e+00
1.001083963224980389e+00
1.001087888196711795e+00
1.001091644030660088e+00
1.001095229044032919e+00
1.001098641560573821e+00
1.001101879910557102e+00
1.001104942430786737e+00
1.001107827464591926e+00
1.001110533361824428e+00
1.001113058478856122e+00
1.001115401178576114e+00
1.001117559830385417e+00
1.001119532810197166e+00
1.001121318500431512e+00
1.001122915290012960e+00
1.001124321574367260e+00
1.001125535755418516e+00
1.001126556241585863e+00
1.001127381447780351e+00
1.001128009795402285e+00
1.001128439712337892e+00
1.001128669632955326e+00
1.001128697998103112e+00
1.001128523255105707e+00
1.001128143857760611e+00
1.001127558266336370e+00
1.001126764947567249e+00
1.001125762374652561e+00
1.001124549027251343e+00
1.001123123391481018e+00
1.001121483959912295e+00
1.001119629231568053e+00
1.001117557711918904e+00
1.001115267912880080e+00
1.001112758352808996e+00
1.001110027556501025e+00
1.001107074055186841e+00
1.001103896386530412e+00
1.001100493094623456e+00
1.001096862729984105e+00
1.001093003849553131e+00
1.001088915016691061e+00
1.001084594801174399e+00
1.001080041779193186e+00
1.001075254533346559e+00
1.001070231652642528e+00
1.001064971732490427e+00
1.001059473374701581e+00
1.001053735187484861e+00
1.001047755785442472e+00
1.001041533789568172e+00
1.001035067827244163e+00
1.001028356532236430e+00
1.001021398544693630e+00
1.001014192511142431e+00
1.001006737084485287e+00
1.000999030923996891e+00
1.000991072695320838e+00
1.000982861070467189e+00
1.000974511573355930e+00
1.000966169495627112e+00
1.000957835617247493e+00
1.000949510291618383e+00
1.000941193872613377e+00
1.000932886714576142e+00
1.000924589172323298e+00
1.000916301601141534e+00
1.000908024356790049e+00
1.000899757795498557e+00
1.000891502273968614e+00
1.000883258149373178e+00
1.000875025779356609e+00
1.000866805522034220e+00
1.000858597735992506e+00
1.000850402780289805e+00
1.000842221014455191e+00
1.000834052798489582e+00
1.000825898492864185e+00
1.000817758458522277e+00
1.000809633056877646e+00
1.000801522649814812e+00
1.000793427599690810e+00
1.000785348269331854e+00
1.000777285022036667e+00
1.000769238221574042e+00
1.000761208232183952e+00
1.000753195418577102e+00
1.000745200145935376e+00
1.000737222779910951e+00
1.000729263686626735e+00
1.000721323232676818e+00
1.000713401785126022e+00
1.000705499711508573e+00
1.000697617379830318e+00
1.000689755158567396e+00
1.000681913416666013e+00
1.000674092523543335e+00
1.000666292849085925e+00
1.000658514763651752e+00
1.000650758638067739e+00
1.000643024843631990e+00
1.000635313752112010e+00
1.000627625735745596e+00
1.000619961167240168e+00
1.000612320419773660e+00
1.000604703866992962e+00
1.000597111883015256e+00
1.000589544842426903e+00
1.000582003120284780e+00
1.000574487092113829e+00
1.000566997133909508e+00
1.000559533622136454e+00
1.000552096933728041e+00
1.000544687446087266e+00
1.000537305537086086e+00
1.000529951585065636e+00
1.000522625968835344e+00
1.000515329067674486e+00
1.000508061261329962e+00
1.000500822930017852e+00
1.000493614454423419e+00
1.000486436215698882e+00
1.000479288595466310e+00
1.000472171975814950e+00
1.000465086739302789e+00
1.000458033268955660e+00
1.000451011948267244e+00
1.000444023161199292e+00
1.000437067292181403e+00
1.000430144726110138e+00
1.000423255848350124e+00
1.000416401044733616e+00
1.000409580701559165e+00
1.000402795205593831e+00
1.000396044944070306e+00
1.000389330304689350e+00
1.000382651675618018e+00
1.000376009445490100e+00
1.000369404003405904e+00
1.000362835738932477e+00
1.000356305042102489e+00
1.000349812303415575e+00
1.000343357913836773e+00
1.000336942264797635e+00
1.000330565748195122e+00
1.000324228756391598e+00
1.000317931682215278e+00
1.000311674918959781e+00
1.000305458860383467e+00
1.000299283900710323e+00
1.000293150434629297e+00
1.000287058857293188e+00
1.000281009564320422e+00
1.000275002951793279e+00
1.000269039416258998e+00
1.000263119354728225e+00
1.000257243164676124e+00
1.000251411244041266e+00
1.000245623991226296e+00
1.000239881805097264e+00
1.000234185084983629e+00
1.000228534230677591e+00
1.000222929642434977e+00
1.000217371720973913e+00
1.000211860867475933e+00
1.000206397483583975e+00
1.000200981971404168e+00
1.000195614733504490e+00
1.000190296172914994e+00
1.000185026693127144e+00
1.000179806698094698e+00
1.000174636592231936e+00
1.000169516780414769e+00
1.000164447667980294e+00
1.000159429660726129e+00
1.000154463164910856e+00
1.000149548587252912e+00
1.000144686334931921e+00
1.000139876815586470e+00
1.000135120437315672e+00
1.000130417608678046e+00
1.000125768738691745e+00
1.000121174236833443e+00
1.000116634513040115e+00
1.000112149977706144e+00
1.000107721041685105e+00
1.000103348116289093e+00
1.000099031613288059e+00
1.000094771944909811e+00
1.000090569523840234e+00
1.000086424763222182e+00
1.000082338076656363e+00
1.000078309878199345e+00
1.000074340582366217e+00
1.000070430604126814e+00
1.000066580358908608e+00
1.000062790262594481e+00
1.000059060731523397e+00
1.000055392182489289e+00
1.000051785032742613e+00
1.000048239699987906e+00
1.000044756602384677e+00
1.000041336158547622e+00
1.000037978787545079e+00
1.000034684908899907e+00
1.000031454942588605e+00
1.000028289309041085e+00
1.000025188429141121e+00
1.000022152724225011e+00
1.000019182616081803e+00
1.000016278526953739e+00
1.000013440879534032e+00
1.000010670096968868e+00
1.000007966602856069e+00
1.000005330821244209e+00
1.000002763176633724e+00
1.000000264093975355e+00
9.999978339986711484e-01
9.999954733165720144e-01
9.999931824739802799e-01
9.999909618976472458e-01
9.999888120147737425e-01
9.999867332530096853e-01
9.999847260404539639e-01
9.999827908056536652e-01
9.999809279776040727e-01
9.999791379857488893e-01
9.999774212599787937e-01
9.999757782306319953e-01
9.999742093284934574e-01
9.999727149847955632e-01
9.999712956312157841e-01
9.999699516998783455e-01
9.999686836233533382e-01
9.999674918346558306e-01
9.999663767672459791e-01
9.999653388550288069e-01
9.999643785323535372e-01
9.999634962340134825e-01
9.999626923952457114e-01
9.999619674517307155e-01
9.999613218395919656e-01
9.999607559953953562e-01
9.999602703561495387e-01
9.999598653593051445e-01
9.999595414427538964e-01
9.999592990448293861e-01
9.999591386043058527e-01
9.999590605603982940e-01
9.999590653527616890e-01
9.999591534214909982e-01
9.999593252071208305e-01
9.999595811506244436e-01
9.999599216934141888e-01
1.000130363871446049e+00
1.000130347748537707e+00
1.000130299385791233e+00
1.000130218801143611e+00
1.000130106024489818e+00
1.000129961097682152e+00
1.000129784074532013e+00
1.000129575020807460e+00
1.000129334014235427e+00
1.000129061144500620e+00
1.000128756513245731e+00
1.000128420234072113e+00
1.000128052432538661e+00
1.000127653246163151e+00
1.000127222824420903e+00
1.000126761328746339e+00
1.000126268932532092e+00
1.000125745821129453e+00
1.000125192191848145e+00
1.000124608253956549e+00
1.000123994228682367e+00
1.000123350349211737e+00
1.000122676860690119e+00
1.000121974020222071e+00
1.000121242096871255e+00
1.000120481371660652e+00
1.000119692137573235e+00
1.000118874699551075e+00
1.000118029374496453e+00
1.000117156491271198e+00
1.000116256390697345e+00
1.000115329425557142e+00
1.000114375960593271e+00
1.000113396372508623e+00
1.000112391049966964e+00
1.000111360393593163e+00
1.000110304815972295e+00
1.000109224741651204e+00
1.000108120607137829e+00
1.000106992860901656e+00
1.000105841963373710e+00
1.000104668386947004e+00
1.000103472615976763e+00
1.000102255146779529e+00
1.000101016487634942e+00
1.000099757158785518e+00
1.000098477692435539e+00
1.000097178632752826e+00
1.000095860535867853e+00
1.000094523969875304e+00
1.000093169514832292e+00
1.000091797762759915e+00
1.000090409317643481e+00
1.000089004795432057e+00
1.000087584824038478e+00
1.000086150043340671e+00
1.000084701105180551e+00
1.000083238673365571e+00
1.000081763423667613e+00
1.000080276043822991e+00
1.000078777233534666e+00
1.000077267704470252e+00
1.000075748180262680e+00
1.000074219396511532e+00
1.000072682100781929e+00
1.000071137052604531e+00
1.000069585023477314e+00
1.000068026796864018e+00
1.000066463168194808e+00
1.000064894944867167e+00
1.000063322946244559e+00
1.000061748003658435e+00
1.000060170960406225e+00
1.000058592671753344e+00
1.000057014004932299e+00
1.000055435839142692e+00
1.000053859065551887e+00
1.000052284587295226e+00
1.000050713319474927e+00
1.000049146189161187e+00
1.000047584135392409e+00
1.000046028109174534e+00
1.000044479073480819e+00
1.000042938003253612e+00
1.000041405885402579e+00
1.000039883718804923e+00
1.000038372514306273e+00
1.000036873294720241e+00
1.000035387094828199e+00
1.000033914961378834e+00
1.000032457953089926e+00
1.000031017140645462e+00
1.000029593606698297e+00
1.000028188445868160e+00
1.000026802764742540e+00
1.000025437681876017e+00
1.000024094327790269e+00
1.000022773844974955e+00
1.000021477387885049e+00
1.000020206122943511e+00
1.000018961228538839e+00
1.000017743895026179e+00
1.000016555324726664e+00
1.000015396731927408e+00
1.000014269342880180e+00
1.000013174395802285e+00
1.000012113140875902e+00
1.000011086840247421e+00
1.000010096768027879e+00
1.000009144210291190e+00
1.000008230465075032e+00
1.000007356842379735e+00
1.000006524664168284e+00
1.000005735264364759e+00
1.000004989988855675e+00
1.000004290195487755e+00
1.000003637254067934e+00
1.000003032546362913e+00
1.000002477466098716e+00
1.000001973418959578e+00
1.000001521822587058e+00
1.000001124106580486e+00
1.000000781712494957e+00
1.000000496093841562e+00
1.000000268716085383e+00
1.000000101056646384e+00
9.999999946048968580e-01
9.999999508621614241e-01
9.999999713417161429e-01
1.000000057568787293e+00
1.000000211080549928e+00
1.000000433426128321e+00
1.000000726166593523e+00
1.000001090874962140e+00
1.000001529136196554e+00
1.000002042547202263e+00
1.000002632716828099e+00
1.000003301265863564e+00
1.000004049827038166e+00
1.000004880045020750e+00
1.000005793576416835e+00
1.000006792089767949e+00
1.000007877265550738e+00
1.000009050796173860e+00
1.000010314385977761e+00
1.000011669751232901e+00
1.000013118620137531e+00
1.000014662732816806e+00
1.000016303841320120e+00
1.000018043709620441e+00
1.000019884113611424e+00
1.000021826841106298e+00
1.000023873691835652e+00
1.000026026477445207e+00
1.000028287021494267e+00
1.000030657159453495e+00
1.000033138738702254e+00
1.000035733618527711e+00
1.000038443670121069e+00
1.000041270776576008e+00
1.000044216832886690e+00
1.000047283745944648e+00
1.000050473434537235e+00
1.000053787829343621e+00
1.000057228872933468e+00
1.000060798519764482e+00
1.000064498736178198e+00
1.000068331500399310e+00
1.000072298802530790e+00
1.000076402644552331e+00
1.000080645040316796e+00
1.000085028015547772e+00
1.000089553607836024e+00
1.000094223866635934e+00
1.000099040853263732e+00
1.000104006640892829e+00
1.000109123314550708e+00
1.000114392971116040e+00
1.000119817719314685e+00
1.000125399679717031e+00
1.000131140984732436e+00
1.000137043778607904e+00
1.000143110217422526e+00
1.000149342469084379e+00
1.000155742713326745e+00
1.000162313141703230e+00
1.000169055957585318e+00
1.000175973376155936e+00
1.000183067624407451e+00
1.000190340941135680e+00
1.000197795576936777e+00
1.000205433794201459e+00
1.000213257867111682e+00
1.000221270081635083e+00
1.000229472735520764e+00
1.000237868138294406e+00
1.000246458611252942e+00
1.000255246487459893e+00
1.000264234111740702e+00
1.000273423840676301e+00
1.000282818042599553e+00
1.000292419097588592e+00
1.000302229397461939e+00
1.000312251345772285e+00
1.000322487357802492e+00
1.000332939860557824e+00
1.000343611292761281e+00
1.000354504104847830e+00
1.000365620758957519e+00
1.000376963728930368e+00
1.000388535500299492e+00
1.000400338570284653e+00
1.000412375447786495e+00
1.000424648653379434e+00
1.000437160719305441e+00
1.000449914189467160e+00
1.000462911619421025e+00
1.000476155576370152e+00
1.000489648639157458e+00
1.000503195916074395e+00
1.000516492695279869e+00
1.000529536784691365e+00
1.000542329518747442e+00
1.000554872235350556e+00
1.000567166275872610e+00
1.000579212985156952e+00
1.000591013711521260e+00
1.000602569806761988e+00
1.000613882626155249e+00
1.000624953528462591e+00
1.000635783875931661e+00
1.000646375034301094e+00
1.000656728372802728e+00
1.000666845264164495e+00
1.000676727084614193e+00
1.000686375213881707e+00
1.000695791035203230e+00
1.000704975935323260e+00
1.000713931304497706e+00
1.000722658536497667e+00
1.000731159028612316e+00
1.000739434181650900e+00
1.000747485399947179e+00
1.000755314091360981e+00
1.000762921667282423e+00
1.000770309542634795e+00
1.000777479135876558e+00
1.000784431869005120e+00
1.000791169167559724e+00
1.000797692460624555e+00
1.000804003180830959e+00
1.000810102764360998e+00
1.000815992650950559e+00
1.000821674283891793e+00
1.000827149110036007e+00
1.000832418579796323e+00
1.000837484147152345e+00
1.000842347269650601e+00
1.000847009408408317e+00
1.000851472028117417e+00
1.000855736597045631e+00
1.000859804587040269e+00
1.000863677473531110e+00
1.000867356735532843e+00
1.000870843855647951e+00
1.000874140320069161e+00
1.000877247618583654e+00
1.000880167244574181e+00
1.000882900695022171e+00
1.000885449470511279e+00
1.000887815075229392e+00
1.000889999016971288e+00
1.000892002807141967e+00
1.000893827960758875e+00
1.000895475996454564e+00
1.000896948436479361e+00
1.000898246806704472e+00
1.000899372636624207e+00
1.000900327459358197e+00
1.000901112811655391e+00
1.000901730233894726e+00
1.000902181270089564e+00
1.000902467467888579e+00
1.000902590378580204e+00
1.000902551557093290e+00
1.000902352562000885e+00
1.000901994955522012e+00
1.000901480303524771e+00
1.000900810175528122e+00
1.000899986144704989e+00
1.000899009787884930e+00
1.000897882685554796e+00
1.000896606421863622e+00
1.000895182584623067e+00
1.000893612765311413e+00
1.000891898559074011e+00
1.000890041564727273e+00
1.000888043384760229e+00
1.000885905625337413e+00
1.000883629896299976e+00
1.000881217811169233e+00
1.000878670987148444e+00
1.000875991045124591e+00
1.000873179609671704e+00
1.000870238309051752e+00
1.000867168775217309e+00
1.000863972643814659e+00
1.000860651554184244e+00
1.000857207149363992e+00
1.000853641076091316e+00
1.000849954984804890e+00
1.000846150529646206e+00
1.000842229368462677e+00
1.000838193162809198e+00
1.000834043577949917e+00
1.000829782282860458e+00
1.000825410950229699e+00
1.000820931256461988e+00
1.000816344881678699e+00
1.000811653509720678e+00
1.000806858828148904e+00
1.000801962528248268e+00
1.000796966305027347e+00
1.000791871857221516e+00
1.000786680887294722e+00
1.000781395101440152e+00
1.000776016209583119e+00
1.000770545925381949e+00
1.000764985966230425e+00
1.000759338053259118e+00
1.000753603911336498e+00
1.000747785269070933e+00
1.000741883858813130e+00
1.000735901416656137e+00
1.000729839682437561e+00
1.000723700399742011e+00
1.000717485315900435e+00
1.000711196181993889e+00
1.000704834752853767e+00
1.000698402787062680e+00
1.000691902046957127e+00
1.000685334298628160e+00
1.000678701311922270e+00
1.000672004860444053e+00
1.000665246721555768e+00
1.000658428676379996e+00
1.000651552509799425e+00
1.000644620010459951e+00
1.000637632970770019e+00
1.000630593186902617e+00
1.000623502458796166e+00
1.000616362590156072e+00
1.000609175388454508e+00
1.000601942664933075e+00
1.000594666234602137e+00
1.000587347916243708e+00
1.000579989532409675e+00
1.000572592909425795e+00
1.000565159877389920e+00
1.000557692270174437e+00
1.000550191925426269e+00
1.000542660684567764e+00
1.000535100392798249e+00
1.000527512899092697e+00
1.000519900056204836e+00
1.000512263720666706e+00
1.000504605752787990e+00
1.000496928016659126e+00
1.000489232380149751e+00
1.000481520714910255e+00
1.000473794896371560e+00
1.000466056803746451e+00
1.000458308320028911e+00
1.000450551331995230e+00
1.000442787730204453e+00
1.000435019408997706e+00
1.000427248266499314e+00
1.000419476204617020e+00
1.000411705129041762e+00
1.000403936949247674e+00
1.000396173578492753e+00
1.000388416933818858e+00
1.000380668936051265e+00
1.000372931509799113e+00
1.000365206583455402e+00
1.000357496089196330e+00
1.000349801962981511e+00
1.000342126144554644e+00
1.000334470577441959e+00
1.000326837208952879e+00
1.000319227990178694e+00
1.000311644875994554e+00
1.000304089825056364e+00
1.000296564799801891e+00
1.000289071766450322e+00
1.000281612695001154e+00
1.000274189559234861e+00
1.000266804336710669e+00
1.000259459008767227e+00
1.000252155560522160e+00
1.000244895980869853e+00
1.000237682262482330e+00
1.000230516401807934e+00
1.000223400399070650e+00
1.000216336258268335e+00
1.000209325987173381e+00
1.000202371597330719e+00
1.000195475104056930e+00
1.000188638526440243e+00
1.000181863887337874e+00
1.000175153213375800e+00
1.000168508534947875e+00
1.000161931886214273e+00
1.000155425305100154e+00
1.000148990833293894e+00
1.000142630516247744e+00
1.000136346403174281e+00
1.000130140547045077e+00
1.000124015004591360e+00
1.000117971836300024e+00
1.000112013106413622e+00
1.000106140882928152e+00
1.000100357237591275e+00
1.000094664245901432e+00
1.000089063987104732e+00
1.000083558544194284e+00
1.000078150003908428e+00
1.000072840456727619e+00
1.000067631996873763e+00
1.000062526722307776e+00
1.000057526734726920e+00
1.000052634139563690e+00
1.000047851045983371e+00
1.000043179566881602e+00
1.000038621818881923e+00
1.000034179922334232e+00
1.000029856001311890e+00
1.000025750370509003e+00
1.000022086387171605e+00
1.000018861369678991e+00
1.000016063274527855e+00
1.000013680172222141e+00
1.000011700247326996e+00
1.000010111798516954e+00
1.000008903238623903e+00
1.000008063094682820e+00
1.000007580007974850e+00
1.000007442734070384e+00
1.000007640142866583e+00
1.000008161218628455e+00
1.000008995060021055e+00
1.000010130880147896e+00
1.000011558006580925e+00
1.000013265881392055e+00
1.000015244061184028e+00
1.000017482217115949e+00
1.000019970134931269e+00
1.000022697714981978e+00
1.000025654972251266e+00
1.000028832036377047e+00
1.000032219151670176e+00
1.000035806677135763e+00
1.000039585086489602e+00
1.000043544968175713e+00
1.000047677025380777e+00
1.000051972076048568e+00
1.000056421052894162e+00
1.000061015003413489e+00
1.000065745089896874e+00
1.000070602589436142e+00
1.000075578893935946e+00
1.000080665510119982e+00
1.000085854059537427e+00
1.000091136278570936e+00
1.000096504018439969e+00
1.000101949245205679e+00
1.000107464039774685e+00
1.000113040597900627e+00
1.000118671230187717e+00
1.000124348362090965e+00
1.000130064533917285e+00
1.000135812400824387e+00
1.000141584732821887e+00
1.000147374414768198e+00
1.000153174446369864e+00
1.000158977942178895e+00
1.000164778131589660e+00
1.000170568358836221e+00
1.000176342082987890e+00
1.000182092877945017e+00
1.000187814432435207e+00
1.000193500550007775e+00
1.000199145149028190e+00
1.000204742262673197e+00
1.000210286038924368e+00
1.000215770740562338e+00
1.000221190745159916e+00
1.000226540545075871e+00
1.000231814747448045e+00
1.000237008074186473e+00
1.000242115361965611e+00
1.000247131562217673e+00
1.000252051741125525e+00
1.000256871079614029e+00
1.000261584873343823e+00
1.000266188532702660e+00
1.000270677582798085e+00
1.000275047663450101e+00
1.000279294529183183e+00
1.000283414049218722e+00
1.000287402207467702e+00
1.000291255102522037e+00
1.000294968947649021e+00
1.000298540070781561e+00
1.000301964914513286e+00
1.000305240036089671e+00
1.000308362107401372e+00
1.000311327914977788e+00
1.000314134359979734e+00
1.000316778458193445e+00
1.000319257340023249e+00
1.000321568250486459e+00
1.000323708549206714e+00
1.000325675710408202e+00
1.000327467322910113e+00
1.000329081090121752e+00
1.000330514830036766e+00
1.000331766475229145e+00
1.000332834072847232e+00
1.000333715784611721e+00
1.000334409886809217e+00
1.000334914770290018e+00
1.000335228940463894e+00
1.000335351017298091e+00
1.000335279735313332e+00
1.000335013943581597e+00
1.000334552605724125e+00
1.000333894799909640e+00
1.000333039718853012e+00
1.000331986669812823e+00
1.000330735074592026e+00
1.000329284469536395e+00
1.000327634505535190e+00
1.000325784948020047e+00
1.000323735676966974e+00
1.000321486686895245e+00
1.000319038086870949e+00
1.000316390100506547e+00
1.000313543065963540e+00
1.000310497435954460e+00
1.000307253777745320e+00
1.000303812773159384e+00
1.000300175218578280e+00
1.000296342024948215e+00
1.000292314217782197e+00
1.000288092937163364e+00
1.000283679437752538e+00
1.000279075088789771e+00
1.000274281374101459e+00
1.000269299892105002e+00
1.000264132355815683e+00
1.000258780592850449e+00
1.000253246545436792e+00
1.000247532270417627e+00
1.000241639939259741e+00
1.000235571838058002e+00
1.000229330367547576e+00
1.000222918043105924e+00
1.000216337494766128e+00
1.000209591467221104e+00
1.000202682819832933e+00
1.000195614526643295e+00
1.000188389676379463e+00
1.000181011472464965e+00
1.000173483233028682e+00
1.000165808390912847e+00
1.000157990493683702e+00
1.000150033203640598e+00
1.000141940297825549e+00
1.000133715668033219e+00
1.000125363320820471e+00
1.000116887377516806e+00
1.000108292074233240e+00
1.000099581761874079e+00
1.000090760906144904e+00
1.000081834087563903e+00
1.000072806001472303e+00
1.000063681458042586e+00
1.000054465382290259e+00
1.000045162814082289e+00
1.000035778908148432e+00
1.000026318934089220e+00
1.000016788276386626e+00
1.000007192434412939e+00
9.999975370224403193e-01
9.999878277696494511e-01
9.999780705201386510e-01
9.999682712329321932e-01
9.999584359819885249e-01
9.999485709562089264e-01
9.999386824594438394e-01
9.999287769105020818e-01
9.999188608431559544e-01
9.999089409061490130e-01
9.998990238632020633e-01
9.998891165930184899e-01
9.998792260892899186e-01
9.998693594607006574e-01
9.998595239309324700e-01
9.998497268386674630e-01
9.998399756375918601e-01
9.998302778963984450e-01
9.998206412987878933e-01
9.998110736434703272e-01
9.998015828441657593e-01
9.997921769296037597e-01
9.997828640435224568e-01
9.997736524446666495e-01
9.997645505067852545e-01
9.997555667186276418e-01
9.997467096839389722e-01
9.997379881214556452e-01
9.997294108648975275e-01
9.997209868629622909e-01
9.997127251793154201e-01
9.997046349925824416e-01
9.996967255963363774e-01
9.996890063990878650e-01
9.996814869242707235e-01
9.996741768102292980e-01
9.996670858102016943e-01
9.996602237923036816e-01
9.996536007395111501e-01
9.996472267496393505e-01
9.996411120353232427e-01
9.996352669239949584e-01
9.996297018578595983e-01
9.996244273938699187e-01
9.996194542036997976e-01
9.996147930737153686e-01
9.996104549049446009e-01
9.996064507130461019e-01
9.996027916282741455e-01
9.995994888954443658e-01
9.995965538738956768e-01
9.995939980374511924e-01
9.995918329743774811e-01
9.995900703873406012e-01
9.995887220933612483e-01
9.995878000237676808e-01
9.995873162241460941e-01
9.995872828542891053e-01
9.995877121881420191e-01
9.995886166137467610e-01
9.995900086331832579e-01
9.995918484818621108e-01
9.995939588909036333e-01
9.995963211024149198e-01
9.995989317067653923e-01
9.996017873026327161e-01
9.996048844970102376e-01
9.996082199052160888e-01
9.996117901509006254e-01
9.996155918660539763e-01
9.996196216910142596e-01
9.996238762744753537e-01
9.996283522734934479e-01
9.996330463534953692e-01
9.996379551882847991e-01
9.996430754600498236e-01
9.996484038593695942e-01
9.996539370852214335e-01
9.996596718449867192e-01
9.996656048544578788e-01
9.996717328378448286e-01
9.996780525277805252e-01
9.996845606653275151e-01
9.996912539999840419e-01
9.996981292896893745e-01
9.997051833008296917e-01
9.997124128082435224e-01
9.997198145952274073e-01
9.997273854535411175e-01
9.997351221834123169e-01
9.997430215935423359e-01
9.997510805011110557e-01
9.997592957317806839e-01
9.997676641197017489e-01
9.997761825075169861e-01
9.997848477463654460e-01
9.997936566958877114e-01
9.998026062242292289e-01
9.998116932080450825e-01
9.998209145325031022e-01
9.998302670912888601e-01
9.998397477866082239e-01
9.998493535291919088e-01
9.998590812382982529e-01
9.998689278417174364e-01
9.998788902757735908e-01
9.998889654853295728e-01
9.998991504237881855e-01
9.999094420530966199e-01
9.999198373437490073e-01
9.999303332747881967e-01
9.999409268338098622e-01
9.999516150169639461e-01
9.999623948289572128e-01
9.999732632830563572e-01
9.999842174010896700e-01
9.999952542134485922e-01
1.000006370759090935e+00
1.000017564085541988e+00
1.000028831248896743e+00
1.000040169313821448e+00
1.000051575353555267e+00
1.000063046449911619e+00
1.000074579693280175e+00
1.000086172182627742e+00
1.000097821025500044e+00
1.000109523338021722e+00
1.000121276244899216e+00
1.000133076879420102e+00
1.000144922383454649e+00
1.000156809907457367e+00
1.000168736610465903e+00
1.000180699660104144e+00
1.000192696232580225e+00
1.000204723512689187e+00
1.000216778693811426e+00
1.000228858977915136e+00
1.000240961575554088e+00
1.000253083705870294e+00
1.000265222596591563e+00
1.000277375484033948e+00
1.000289539613099965e+00
1.000301712237278373e+00
1.000313890618645285e+00
1.000326072027862612e+00
1.000338253744177841e+00
1.000350433055424482e+00
1.000362607258020065e+00
1.000374773656966809e+00
1.000386929565849625e+00
1.000399072306837223e+00
1.000411199210679225e+00
1.000423307616706614e+00
1.000435394872830175e+00
1.000447458335539608e+00
1.000459495369902196e+00
1.000471503349562585e+00
1.000483479656740116e+00
1.000495421682228159e+00
1.000507326825393450e+00
1.000519192494172982e+00
1.000531016105074222e+00
1.000542795083173120e+00
1.000554526862111215e+00
1.000566208884095865e+00
1.000577838599896907e+00
1.000589413468846223e+00
1.000600930958834178e+00
1.000612388546310072e+00
1.000623783716277249e+00
1.000635113962294209e+00
1.000646376786469727e+00
1.000034235146093131e+00
1.000034232539775525e+00
1.000034224720880660e+00
1.000034211689582619e+00
1.000034193446170727e+00
1.000034169991050881e+00
1.000034141324744663e+00
1.000034107447889564e+00
1.000034068361238759e+00
1.000034024065661553e+00
1.000033974562143158e+00
1.000033919851784692e+00
1.000033859935802960e+00
1.000033794815530896e+00
1.000033724492417342e+00
1.000033648968026601e+00
1.000033568244039772e+00
1.000033482322252754e+00
1.000033391204578459e+00
1.000033294893044600e+00
1.000033193389795683e+00
1.000033086697091900e+00
1.000032974817308684e+00
1.000032857752938709e+00
1.000032735506588999e+00
1.000032608080983376e+00
1.000032475478961791e+00
1.000032337703479435e+00
1.000032194757607851e+00
1.000032046644534045e+00
1.000031893367561375e+00
1.000031734930109106e+00
1.000031571335712188e+00
1.000031402588021257e+00
1.000031228690803298e+00
1.000031049647940984e+00
1.000030865463433116e+00
1.000030676141393959e+00
1.000030481686054129e+00
1.000030282101759926e+00
1.000030077392973560e+00
1.000029867564273145e+00
1.000029652620352927e+00
1.000029432566022614e+00
1.000029207406208265e+00
1.000028977145951625e+00
1.000028741790410347e+00
1.000028501344857990e+00
1.000028255814684242e+00
1.000028005205394255e+00
1.000027749522609755e+00
1.000027488772067708e+00
1.000027222959621431e+00
1.000026952091239707e+00
1.000026676173007889e+00
1.000026395211126351e+00
1.000026109211912484e+00
1.000025818181798698e+00
1.000025522127333755e+00
1.000025221055182101e+00
1.000024914972124312e+00
1.000024603885056651e+00
1.000024287800991285e+00
1.000023966727056957e+00
1.000023640670497205e+00
1.000023309638672364e+00
1.000022973639058232e+00
1.000022632679246959e+00
1.000022286766946378e+00
1.000021935909979787e+00
1.000021580116287279e+00
1.000021219393924188e+00
1.000020853751061978e+00
1.000020483195988241e+00
1.000020107737106034e+00
1.000019727382934986e+00
1.000019342142110190e+00
1.000018952023382424e+00
1.000018557035619260e+00
1.000018157187803070e+00
1.000017752489033240e+00
1.000017342948524401e+00
1.000016928575607311e+00
1.000016509379728413e+00
1.000016085370450725e+00
1.000015656557452504e+00
1.000015222950528360e+00
1.000014784559588588e+00
1.000014341394659612e+00
1.000013893465883541e+00
1.000013440783518837e+00
1.000012983357939422e+00
1.000012521199635351e+00
1.000012054319212806e+00
1.000011582727393433e+00
1.000011106435015451e+00
1.000010625453032542e+00
1.000010139792514297e+00
1.000009649464646877e+00
1.000009154480731466e+00
1.000008654852185819e+00
1.000008150590543377e+00
1.000007641707453931e+00
1.000007128214682295e+00
1.000006610124110296e+00
1.000006087447735448e+00
1.000005560197670285e+00
1.000005028386144579e+00
1.000004492025503344e+00
1.000003951128207724e+00
1.000003405706834325e+00
1.000002855774076771e+00
1.000002301342743927e+00
1.000001742425760121e+00
1.000001179036166921e+00
1.000000611187120692e+00
1.000000038891894594e+00
9.999994621638769177e-01
9.999988810165724162e-01
9.999982954636020827e-01
9.999977055187022623e-01
9.999971111957255410e-01
9.999965125086405227e-01
9.999959094715313856e-01
9.999953020985991037e-01
9.999946904041597806e-01
9.999940744026456496e-01
9.999934541086055173e-01
9.999928295367033204e-01
9.999922007017194581e-01
9.999915676185500146e-01
9.999909303022075369e-01
9.999902887678200347e-01
9.999896430306317585e-01
9.999889931060026438e-01
9.999883390094089775e-01
9.999876807564429537e-01
9.999870183628123410e-01
9.999863518443413701e-01
9.999856812169701792e-01
9.999850064967544805e-01
9.999843276998663377e-01
9.999836448425939439e-01
9.999829579413410663e-01
9.999822670126274904e-01
9.999815720730892421e-01
9.999808731394784767e-01
9.999801702286628124e-01
9.999794633576261083e-01
9.999787525434683522e-01
9.999780378034052175e-01
9.999773191547688400e-01
9.999765966150068186e-01
9.999758702016829925e-01
9.999751399324774415e-01
9.999744058251855972e-01
9.999736678977195758e-01
9.999729261681070680e-01
9.999721806544918934e-01
9.999714313751338901e-01
9.999706783484089145e-01
9.999699215928087304e-01
9.999691611269411196e-01
9.999683969695299934e-01
9.999676291394151706e-01
9.999668576555523769e-01
9.999660825370135786e-01
9.999653038029866492e-01
9.999645214727753695e-01
9.999637355657996496e-01
9.999629461015954179e-01
9.999621530998146213e-01
9.999613565802250026e-01
9.999605565627105452e-01
9.999597530672713619e-01
9.999589461140232505e-01
9.999581357231982492e-01
9.999573219151444148e-01
9.999565047103259330e-01
9.999556841293224529e-01
9.999548601928303082e-01
9.999540329216615175e-01
9.999532023367442291e-01
9.999523684591229422e-01
9.999515313099572866e-01
9.999506909105237984e-01
9.999498472822145878e-01
9.999490004465381165e-01
9.999481504251185315e-01
9.999472972396962200e-01
9.999464409121278097e-01
9.999455814643852802e-01
9.999447189185574070e-01
9.999438532968485394e-01
9.999429846215794893e-01
9.999421129151864207e-01
9.999412382002224042e-01
9.999403604993556405e-01
9.999394798353712366e-01
9.999385962311698739e-01
9.999377097097681411e-01
9.999368202942992001e-01
9.999359403653519385e-01
9.999350840301950427e-01
9.999342511929386612e-01
9.999334417441950729e-01
9.999326555774752379e-01
9.999318925891872434e-01
9.999311526786375248e-01
9.999304357480301997e-01
9.999297417024675116e-01
9.999290704499498306e-01
9.999284219013754305e-01
9.999277959705403784e-01
9.999271925741394229e-01
9.999266116317649944e-01
9.999260530659078716e-01
9.999255168019569595e-01
9.999250027681994002e-01
9.999245108958203510e-01
9.999240411189035393e-01
9.999235933744309301e-01
9.999231676022826143e-01
9.999227637452370310e-01
9.999223817489710786e-01
9.999220215620597818e-01
9.999216831359767355e-01
9.999213664250939937e-01
9.999210713866814038e-01
9.999207979809082714e-01
9.999205461708415843e-01
9.999203159224467896e-01
9.999201072045879046e-01
9.999199199890275169e-01
9.999197542504264513e-01
9.999196099663445469e-01
9.999194871172392141e-01
9.999193856864669883e-01
9.999193056602828644e-01
9.999192470278401856e-01
9.999192097811909763e-01
9.999191939152856090e-01
9.999191994279729157e-01
9.999192263200000763e-01
9.999192745950135075e-01
9.999193442595574188e-01
9.999194353230743681e-01
9.999195477979064828e-01
9.999196816992931280e-01
9.999198370453730167e-01
9.999200138571828766e-01
9.999202121586583392e-01
9.999204319766329396e-01
9.999206733408393388e-01
9.999209362839079906e-01
9.999212208413681413e-01
9.999215270516476073e-01
9.999218549560724423e-01
9.999222045988669372e-01
9.999225760271541752e-01
9.999229692909551437e-01
9.999233844431895113e-01
9.999238215396754059e-01
9.999242806391287486e-01
9.999247618031642526e-01
9.999252650962948685e-01
9.999257905859315620e-01
9.999263383423838691e-01
9.999269084388591189e-01
9.999275009514633217e-01
9.999281159592000590e-01
9.999287535439717045e-01
9.999294137905782032e-01
9.999300967867180701e-01
9.999308026229875024e-01
9.999315313928807125e-01
9.999322831927902611e-01
9.999330581220063907e-01
9.999338562827172483e-01
9.999346777800089958e-01
9.999355227218655884e-01
9.999363912191688852e-01
9.999372833856985388e-01
9.999381993381315503e-01
9.999391391960433806e-01
9.999401030819063951e-01
9.999410911210910857e-01
9.999421034418651821e-01
9.999431401753940962e-01
9.999442014557406999e-01
9.999452874198654362e-01
9.999463982076257640e-01
9.999475339617770464e-01
9.999486948279711074e-01
9.999498809547577860e-01
9.999510924935838263e-01
9.999523295987930993e-01
9.999535924276262699e-01
9.999548811402212412e-01
9.999561958996130429e-01
9.999575368717331658e-01
9.999589042254103388e-01
9.999602981323697515e-01
9.999617187672332763e-01
9.999631663075198018e-01
9.999646409336443442e-01
9.999661428289186027e-01
9.999676721795505152e-01
9.999692291746445916e-01
9.999708140062014694e-01
9.999724268691179141e-01
9.999740679611871519e-01
9.999757374830980927e-01
9.999774356384356633e-01
9.999791626336808070e-01
9.999809186782100401e-01
9.999827039842956733e-01
9.999845187671059232e-01
9.999863632447038020e-01
9.999882376380488935e-01
9.999901421709950222e-01
9.999920770702916961e-01
9.999940425655837739e-01
9.999960388894107988e-01
9.999980662772075535e-01
1.000000124967303616e+00
1.000002215200923361e+00
1.000004337222185402e+00
1.000006491278103260e+00
1.000008677618585029e+00
1.000010896496432933e+00
1.000013148167343324e+00
1.000015432889906464e+00
1.000017750925606963e+00
1.000020102538823341e+00
1.000022487996827580e+00
1.000024907569785126e+00
1.000027361530755110e+00
1.000029850155690125e+00
1.000032373723436008e+00
1.000034932515731168e+00
1.000037526817207700e+00
1.000040156915389833e+00
1.000042823100695033e+00
1.000045525666432900e+00
1.000048264908805606e+00
1.000051041126907458e+00
1.000053854622724669e+00
1.000056705701136028e+00
1.000059594669911567e+00
1.000062521839713003e+00
1.000065487524093299e+00
1.000068492039497547e+00
1.000071535705261194e+00
1.000074618843610708e+00
1.000077741779663576e+00
1.000080904841428309e+00
1.000084108359802881e+00
1.000087352668576068e+00
1.000090638104427221e+00
1.000093965006924712e+00
1.000097333718527048e+00
1.000100744584582424e+00
1.000104197953327834e+00
1.000107694175890183e+00
1.000111233606284511e+00
1.000114816601415102e+00
1.000118443521074596e+00
1.000122114727943767e+00
1.000125830587591969e+00
1.000129591468476020e+00
1.000133397741940433e+00
1.000137249782217408e+00
1.000141147966426169e+00
1.000145092674573188e+00
1.000149084289551293e+00
1.000153123197139893e+00
1.000157209786005197e+00
1.000161344447699108e+00
1.000165527576658997e+00
1.000169759570208150e+00
1.000174040828555100e+00
1.000178371754793627e+00
1.000182752754901649e+00
1.000187184237742333e+00
1.000191666615062758e+00
1.000196200301493699e+00
1.000200785714550067e+00
1.000205423274630023e+00
1.000210113405014756e+00
1.000214856531868035e+00
1.000219653084237104e+00
1.000224503494050676e+00
1.000229408196119607e+00
1.000234367628136001e+00
1.000239382230673879e+00
1.000244452447188515e+00
1.000249578724014876e+00
1.000254761510368962e+00
1.000260001258346909e+00
1.000265298422924332e+00
1.000270653461956316e+00
1.000276066836176758e+00
1.000281468445133104e+00
1.000286765098607811e+00
1.000291954685763374e+00
1.000297035538391333e+00
1.000302006030139523e+00
1.000306864576510524e+00
1.000311609634857657e+00
1.000316239704383436e+00
1.000320753326135570e+00
1.000325149083005849e+00
1.000329425599726596e+00
1.000333581542867112e+00
1.000337615620833898e+00
1.000341526583865548e+00
1.000345313224031418e+00
1.000348974375230737e+00
1.000352508913187055e+00
1.000355915755449132e+00
1.000359193861387386e+00
1.000362342232192336e+00
1.000365359910872165e+00
1.000368245982250714e+00
1.000370999572967046e+00
1.000373619851471885e+00
1.000376106028026735e+00
1.000378457354702322e+00
1.000380673125377262e+00
1.000382752675736286e+00
1.000384695383268463e+00
1.000386500667266754e+00
1.000388167988826460e+00
1.000389696850844334e+00
1.000391086798016582e+00
1.000392337416839528e+00
1.000393448335607172e+00
1.000394419224411191e+00
1.000395249795140495e+00
1.000395939801479894e+00
1.000396489038910097e+00
1.000396897344707270e+00
1.000397164597942368e+00
1.000397290719481136e+00
1.000397275671984110e+00
1.000397119459905948e+00
1.000396822129495655e+00
1.000396383768797692e+00
1.000395804507650199e+00
1.000395084517687216e+00
1.000394224012337574e+00
1.000393223246826668e+00
1.000392082518175352e+00
1.000390802165202597e+00
1.000389382568523944e+00
1.000387824150554605e+00
1.000386127375508361e+00
1.000384292749399995e+00
1.000382320820045079e+00
1.000380212177062189e+00
1.000377967451873795e+00
1.000375587317707149e+00
1.000373072489596282e+00
1.000370423724382674e+00
1.000367641820718134e+00
1.000364727619064364e+00
1.000361682001697394e+00
1.000358505892706251e+00
1.000355200257997623e+00
1.000351766105295637e+00
1.000348204484145409e+00
1.000344516485914159e+00
1.000340703243793650e+00
1.000336765932802185e+00
1.000332705769787500e+00
1.000328524013428311e+00
1.000324221964236537e+00
1.000319800964561079e+00
1.000315262398589145e+00
1.000310607692349141e+00
1.000305838313713336e+00
1.000300955772400080e+00
1.000295961619977581e+00
1.000290857449865456e+00
1.000285644897338511e+00
1.000280325639528511e+00
1.000274901395428628e+00
1.000269373925894989e+00
1.000263745033650231e+00
1.000258016563285945e+00
1.000252190401267116e+00
1.000246268475933231e+00
1.000240252757502946e+00
1.000234145258076746e+00
1.000227948031639613e+00
1.000221663174064357e+00
1.000215292823115387e+00
1.000208839158450713e+00
1.000202304401626607e+00
1.000195690816099381e+00
1.000189000707229603e+00
1.000182236422284099e+00
1.000175400350441057e+00
1.000168494922790474e+00
1.000161522612339704e+00
1.000154485934016124e+00
1.000147387444669134e+00
1.000140229743073705e+00
1.000133015469933939e+00
1.000125747307886392e+00
1.000118427981501856e+00
1.000111060257288909e+00
1.000103646943697022e+00
1.000096190891119452e+00
1.000088694991895677e+00
1.000081162180314509e+00
1.000073595432616314e+00
1.000065997766996118e+00
1.000058372243606275e+00
1.000050721964558242e+00
1.000043050073926132e+00
1.000035359757747377e+00
1.000027654244026731e+00
1.000019936802737375e+00
1.000012210745823360e+00
1.000004479427202053e+00
9.999967462427636899e-01
9.999890146303765937e-01
9.999812880698861761e-01
9.999735700831177132e-01
9.999658642338768999e-01
9.999581741279518488e-01
9.999505034131138670e-01
9.999428557791182337e-01
9.999352349577054211e-01
9.999276447226013165e-01
9.999200888895185546e-01
9.999125713161557405e-01
9.999050959021984486e-01
9.998976665893190008e-01
9.998902873611762443e-01
9.998829622434153297e-01
9.998756953036670447e-01
9.998684906515469262e-01
9.998613524386547047e-01
9.998542848585727505e-01
9.998472921468649632e-01
9.998403785810752176e-01
9.998335484807249207e-01
9.998268062073117912e-01
9.998201561643071944e-01
9.998136027971535889e-01
9.998071505932615288e-01
9.998008040820066666e-01
9.997945678347271992e-01
9.997884464647186498e-01
9.997824446272318699e-01
9.997765670194672660e-01
9.997708183805712467e-01
9.997652034916311159e-01
9.997597271756704096e-01
9.997543942976425679e-01
9.997492097644262721e-01
9.997441785248188939e-01
9.997393055695302788e-01
9.997345959311755292e-01
9.997300546842686764e-01
9.997256869452146866e-01
9.997214978723021339e-01
9.997174926656945404e-01
9.997136765674220493e-01
9.997100548613725435e-01
9.997066328732823193e-01
9.997034159707259837e-01
9.997004095631072396e-01
9.996976191016468949e-01
9.996950500793729821e-01
9.996927080311089897e-01
9.996905985334622047e-01
9.996887272048105011e-01
9.996870997052909047e-01
9.996857217367851600e-01
9.996845990429066298e-01
9.996837374089861949e-01
9.996831426620568228e-01
9.996828206708389120e-01
9.996827773457247490e-01
9.996830186387617445e-01
9.996835505436360014e-01
9.996843790956548848e-01
9.996855103717294799e-01
9.996869504903557191e-01
9.996887056115958403e-01
9.996907819370584036e-01
9.996931857098787511e-01
9.996959232146980234e-01
9.996990007776420661e-01
9.997024247662991137e-01
9.997062015896974740e-01
9.997103376982827694e-01
9.997148395838939550e-01
9.997197137797386723e-01
9.997249668603683803e-01
9.997304912691947765e-01
9.997361190668563324e-01
9.997418468895112875e-01
9.997476729439094267e-01
9.997535954400527114e-01
9.997596125911973886e-01
9.997657226138554343e-01
9.997719237277958859e-01
9.997782141560463964e-01
9.997845921248955658e-01
9.997910558638932743e-01
9.997976036058524585e-01
9.998042335868512209e-01
9.998109440462331632e-01
9.998177332266091621e-01
9.998245993738588133e-01
9.998315407371315411e-01
9.998385555688475979e-01
9.998456421246999515e-01
9.998527986636542852e-01
9.998600234479513293e-01
9.998673147431068609e-01
9.998746708179139242e-01
9.998820899444427202e-01
9.998895703980421601e-01
9.998971104573408653e-01
9.999047084042479439e-01
9.999123625239538793e-01
9.999200711049313073e-01
9.999278324389357930e-01
9.999356448210071635e-01
9.999435065494696184e-01
9.999514159259326185e-01
9.999593712552916625e-01
9.999673708457289534e-01
9.999754130087142867e-01
9.999834960590049393e-01
9.999916183146470017e-01
9.999997780969754890e-01
1.000007973730614896e+00
1.000016203543480087e+00
1.000024465866775847e+00
1.000032759034997998e+00
1.000041081385934172e+00
1.000049431260663368e+00
1.000057807003555954e+00
1.000066206962275661e+00
1.000074629487778033e+00
1.000083072934311534e+00
1.000091535659417996e+00
1.000100016023932170e+00
1.000108512391981952e+00
1.000117023130989713e+00
1.000125546611670302e+00
1.000134081208033043e+00
1.000142625297380405e+00
1.000151177260309554e+00
1.000159735480710799e+00
1.000168298345768259e+00
1.000176864245959640e+00
1.000185431575056905e+00
1.000193998730124934e+00
1.000202564111521975e+00
1.000211126122900085e+00
1.000219683171203799e+00
1.000228233666670796e+00
1.000236776022831231e+00
1.000245308656507959e+00
1.000253829987815424e+00
1.000262338440160104e+00
1.000270832440240065e+00
1.000279310418044076e+00
1.000287770806852050e+00
1.000296212043233712e+00
1.000304632567049046e+00
1.000313030821447624e+00
1.000321405252867502e+00
1.000329754311035213e+00
1.000338076448965774e+00
1.000346370122960682e+00
1.000354633792609471e+00
1.000362865920787270e+00
1.000371064973654578e+00
1.000379229420657268e+00
1.000387357734525695e+00
1.000395448391273368e+00
1.000403499870197388e+00
1.000411510653876901e+00
1.000419479228172426e+00
1.000427404082225413e+00
1.000435283708457357e+00
1.000443116602568905e+00
1.000450901263538750e+00
1.000458636193624073e+00
1.000466319898357215e+00
1.000473950886547891e+00
1.000481527670279869e+00
1.000489048764910738e+00
1.000496512689071693e+00
1.000503917964665535e+00
1.000511263116866445e+00
1.000518546674118436e+00
1.000525767168135127e+00
1.000532923133897523e+00
1.000540013109654014e+00
1.000547035636919269e+00
1.000553989260471566e+00
1.000560872528354350e+00
1.000567683991872903e+00
1.000574422205594116e+00
1.000581085727345609e+00
1.000587673118213061e+00
1.000594182942541099e+00
1.000600613767931080e+00
1.000606964165239532e+00
1.000613232708576605e+00
1.000619417975306735e+00
1.000625518546045090e+00
1.000631533004658236e+00
1.000637459938260809e+00
1.000643297937215959e+00
1.000649045595132902e+00
1.000654701508866484e+00
1.000660264278514511e+00
1.000665732507417749e+00
1.000671104802158151e+00
1.000676379772556412e+00
1.000681556031671748e+00
1.000686632195800119e+00
1.000691606884472895e+00
1.000696478720454863e+00
1.000701246329742444e+00
1.000705908341564587e+00
1.000710463388377658e+00
1.000714910105866551e+00
1.000719247132942469e+00
1.000723473111740924e+00
1.000727586687620407e+00
1.000731586509161275e+00
1.000735471228163309e+00
1.000739239499644828e+00
1.000742889981840467e+00
1.000746421336200953e+00
1.000749832227388669e+00
1.000753121323279204e+00
1.000756287294957358e+00
1.000759328816716920e+00
1.000762244566057557e+00
1.000765033223684819e+00
1.000767693473506803e+00
1.000770224002633713e+00
1.000772623501375191e+00
1.000774890663238548e+00
1.000777024184928754e+00
1.000779022766344006e+00
1.000780885110575946e+00
1.000782609923906552e+00
1.000784195915807695e+00
1.000785641798938030e+00
1.000786946289142332e+00
1.000788108105448826e+00
1.000789125970066973e+00
1.000789998608387465e+00
1.000790724748978233e+00
1.000791303123583775e+00
1.000791732467123163e+00
1.000792011517688040e+00
1.000792139016540405e+00
1.000792113708111275e+00
1.000791934339998024e+00
1.000791599662963716e+00
1.000791108430933773e+00
1.000790459400994870e+00
1.000789651333392705e+00
1.000788682991530454e+00
1.000787553141965880e+00
1.000786260554410889e+00
1.000784804001727757e+00
1.000783182259928017e+00
1.000781394108171574e+00
1.000779438328762261e+00
1.000777313707147842e+00
1.000775019031917568e+00
1.000772553094799511e+00
1.000769914690658791e+00
1.000767102617496684e+00
1.000764115676446409e+00
1.000760952671773119e+00
1.000757612410870800e+00
1.000754093704260050e+00
1.000750395365587186e+00
1.000746516211620918e+00
1.000742455062251013e+00
1.000738210740485190e+00
1.000733782072448674e+00
1.000729167887381310e+00
1.000724367017634897e+00
1.000719378298671414e+00
1.000714200569061685e+00
1.000708832670482273e+00
1.000703273447714148e+00
1.000697596216536756e+00
1.000691925797170256e+00
1.000686264477939735e+00
1.000680612563669358e+00
1.000674970359449745e+00
1.000669338170638412e+00
1.000663716302859996e+00
1.000658105062006031e+00
1.000652504754234506e+00
1.000646915685970750e+00
1.000641338163906324e+00
1.000635772495000131e+00
1.000630218986477526e+00
1.000624677945830099e+00
1.000619149680816999e+00
1.000613634499463167e+00
1.000608132710061104e+00
1.000602644621168436e+00
1.000597170541611236e+00
1.000591710780480703e+00
1.000586265647134487e+00
1.000580835451197581e+00
1.000575420502560542e+00
1.000570021111380381e+00
1.000564637588081007e+00
1.000559270243352117e+00
1.000553919388149415e+00
1.000548585333695506e+00
1.000543268391478557e+00
1.000537968873252748e+00
1.000532687091038930e+00
1.000527423357123302e+00
1.000522177984058292e+00
1.000516951284662337e+00
1.000511743572019441e+00
1.000506555159479616e+00
1.000501386360658662e+00
1.000496237489437945e+00
1.000491108859964173e+00
1.000486000786650509e+00
1.000480913584174569e+00
1.000475847567480203e+00
1.000470803051776159e+00
1.000465780352536971e+00
1.000460779785502297e+00
1.000455801666676692e+00
1.000450846312330500e+00
1.000445914038998296e+00
1.000441005163480890e+00
1.000436120002842433e+00
1.000431258874413532e+00
1.000426422095788581e+00
1.000421609984827320e+00
1.000416822859653943e+00
1.000412061038656875e+00
1.000407324840489665e+00
1.000402614584070315e+00
1.000397930588580619e+00
1.000393273173467046e+00
1.000388642658440741e+00
1.000384039363475530e+00
1.000379463608811470e+00
1.000374915714950630e+00
1.000370396002660200e+00
1.000365904792970495e+00
1.000361442407175838e+00
1.000357009166834343e+00
1.000352605393767469e+00
1.000348231410060462e+00
1.000343887538061027e+00
1.000339574100381546e+00
1.000335291419896411e+00
1.000331039819743806e+00
1.000326819623324592e+00
1.000322631154302755e+00
1.000318474736604957e+00
1.000314350694420762e+00
1.000310259352201969e+00
1.000306201034663056e+00
1.000302176066781401e+00
1.000298184773796173e+00
1.000294227481208553e+00
1.000290304514782846e+00
1.000286416200544037e+00
1.000282562864780234e+00
1.000278744834040223e+00
1.000274962435135029e+00
1.000271215995137686e+00
1.000267505841381688e+00
1.000263832301462763e+00
1.000260195703237320e+00
1.000256596374823115e+00
1.000253034644598804e+00
1.000249510841203726e+00
1.000246025293538787e+00
1.000242578330764243e+00
1.000239170282301915e+00
1.000235801477833864e+00
1.000232472247301940e+00
1.000229182920908455e+00
1.000225933829115732e+00
1.000222725302645888e+00
1.000219557672480830e+00
1.000216431269862039e+00
1.000213346426290562e+00
1.000210303473527240e+00
1.000207302743591153e+00
1.000204344568761394e+00
1.000201429281575294e+00
1.000198557214829753e+00
1.000195728701579467e+00
1.000192944075138257e+00
1.000190203669078626e+00
1.000187507817230426e+00
1.000184856853682414e+00
1.000182251112780918e+00
1.000179690929130061e+00
1.000177176637591758e+00
1.000174708573285498e+00
1.000172287071587895e+00
1.000169912468133138e+00
1.000167585098812095e+00
1.000165305299772545e+00
1.000163073407419612e+00
1.000160889758413996e+00
1.000158754689673968e+00
1.000156668538372928e+00
1.000154631641941627e+00
1.000152644338065278e+00
1.000150706964686220e+00
1.000148819860001481e+00
1.000146983362464326e+00
1.000145197810782705e+00
1.000143463543919919e+00
1.000141780901093957e+00
1.000140150221777713e+00
1.000138571845699209e+00
1.000137046112839823e+00
1.000135573363436059e+00
1.000134153937977999e+00
1.000132788177210186e+00
1.000131476422130072e+00
1.000130219013988908e+00
1.000129016294291961e+00
1.000127868604796522e+00
1.000126776287513897e+00
1.000125739684707193e+00
1.000124759138892871e+00
1.000123834992839411e+00
1.000122967589568201e+00
1.000122157272351098e+00
1.000121404384713752e+00
1.000120709270431618e+00
1.000120072273532834e+00
1.000119493738296450e+00
1.000118974009252204e+00
1.000118513431180745e+00
1.000118112349113852e+00
1.000117771108333331e+00
1.000117490054371228e+00
1.000117269533009612e+00
1.000117109890280132e+00
1.000117011472464679e+00
1.000116974626094057e+00
1.000116999697948428e+00
1.000117087035056196e+00
1.000117236984695568e+00
1.000117449894392774e+00
1.000117726111922511e+00
1.000118065985307059e+00
1.000118469862817383e+00
1.000118938092971144e+00
1.000119471024534246e+00
1.000120069006519286e+00
1.000120732388186218e+00
1.000121461519041466e+00
1.000122256748837923e+00
1.000123118427574731e+00
1.000124046905497499e+00
1.000125042533096975e+00
1.000126105661110154e+00
1.000127236640518724e+00
1.000128435822550177e+00
1.000129703558676031e+00
1.000131040200613164e+00
1.000132446100322259e+00
1.000133921610008914e+00
1.000135467082121421e+00
1.000137082869352767e+00
1.000138769324638632e+00
1.000140526801158503e+00
1.000142355652333892e+00
1.000144256231829676e+00
1.000146228893552758e+00
1.000148273991652292e+00
1.000150391880519241e+00
1.000152582914785926e+00
1.000154847449326478e+00
1.000157185839255725e+00
1.000159598439929187e+00
1.000162085606943307e+00
1.000164619054025650e+00
1.000167144543199660e+00
1.000169660676480499e+00
1.000172167352717523e+00
1.000174664470907082e+00
1.000177151930191854e+00
1.000179629629861289e+00
1.000182097469351605e+00
1.000184555348246018e+00
1.000187003166274069e+00
1.000189440823311848e+00
1.000191868219382441e+00
1.000194285254655480e+00
1.000196691829447149e+00
1.000199087844220402e+00
1.000201473199584523e+00
1.000203847796295786e+00
1.000206211535256573e+00
1.000208564317516480e+00
1.000210906044270764e+00
1.000213236616862122e+00
1.000215555936779577e+00
1.000217863905658033e+00
1.000220160425279614e+00
1.000222445397572768e+00
1.000224718724612272e+00
1.000226980308619451e+00
1.000229230051962181e+00
1.000231467857154666e+00
1.000233693626857434e+00
1.000235907263877788e+00
1.000238108671168913e+00
1.000240297751831209e+00
1.000242474409110516e+00
1.000244638546399445e+00
1.000246790067237157e+00
1.000248928875308918e+00
1.000251054874446099e+00
1.000253167968627066e+00
1.000255268061975622e+00
1.000257355058762787e+00
1.000259428863404798e+00
1.000261489380464885e+00
1.000263536514652607e+00
1.000265570170822738e+00
1.000267590253977934e+00
1.000269596669265182e+00
1.000271589321979127e+00
1.000273568117559853e+00
1.000275532961593772e+00
1.000277483759813180e+00
1.000279420418097143e+00
1.000281342842469945e+00
1.000283250939102864e+00
1.000285144614312838e+00
1.000287023774562467e+00
1.000288888326461345e+00
1.000290738176764060e+00
1.000292573232371973e+00
1.000294393400331883e+00
1.000296198587837582e+00
1.000297988702227192e+00
1.000299763650986273e+00
1.000301523341745824e+00
1.000303267682282726e+00
1.000304996580519745e+00
1.000306709944525307e+00
1.000308407682514389e+00
1.000310089702846961e+00
1.000311755914029987e+00
1.000313406224715207e+00
1.000315040543700462e+00
1.000316658779929924e+00
1.000318260842492535e+00
1.000319846640624011e+00
1.000321416083705284e+00
1.000322969081263613e+00
1.000324505542970810e+00
1.000326025378645678e+00
1.000327528498251795e+00
1.000329014811898842e+00
1.000330484229842165e+00
1.000331936662482546e+00
1.000333372020366873e+00
1.000334790214186809e+00
1.000336191154780563e+00
1.000337574753130898e+00
1.000338940920367126e+00
1.000340289567763552e+00
1.000341620606740145e+00
1.000342933948862534e+00
1.000344229505841342e+00
1.000345507189533079e+00
1.000346766911939689e+00
1.000348008585208559e+00
1.000349232121632737e+00
1.000350437433649819e+00
1.000351624433843734e+00
1.000352793034943621e+00
1.000353943149823621e+00
1.000355074691503088e+00
1.000356187573147260e+00
1.000357281708066592e+00
1.000358357009716315e+00
1.000359413391697982e+00
1.000360450767757259e+00
1.000361469051785246e+00
1.000362468157818929e+00
1.000363448000040067e+00
1.000364408492775636e+00
1.000365349550497829e+00
1.000366271087823611e+00
1.000367173019516276e+00
1.000368055260482780e+00
1.000368917725775519e+00
1.000369760330592994e+00
1.000370582990277590e+00
1.000371385620317799e+00
1.000372168136345996e+00
1.000372930454139997e+00
1.000373672489623056e+00
1.000374394158863200e+00
1.000375095378073231e+00
1.000375776063610944e+00
1.000376436131978908e+00
1.000377075499825130e+00
1.000377694083942393e+00
1.000378291801267361e+00
1.000378868568883028e+00
1.000379424304016052e+00
1.000379958924039192e+00
1.000380472346468430e+00
1.000380964488965629e+00
1.000381435269336983e+00
1.000381884605534122e+00
1.000382312415652120e+00
1.000382718617931932e+00
1.000383103130758622e+00
1.000383465872662248e+00
1.000383806762317418e+00
1.000384125718543293e+00
1.000384422660303363e+00
1.000384697506706555e+00
1.000384950177005905e+00
1.000385180590598555e+00
1.000385388667027087e+00
1.000385574325978189e+00
1.000385737487282656e+00
1.000385878070916945e+00
1.000385995997000510e+00
1.000386091185798465e+00
1.000386163557719810e+00
1.000386213033317873e+00
1.000386239533290755e+00
1.000386242978480666e+00
1.000386223289874588e+00
1.000386180388603830e+00
1.000386114195942699e+00
1.000386024633311610e+00
1.000385911622274859e+00
1.000385775084539963e+00
1.000385614941960100e+00
1.000385431116531887e+00
1.000385223530396051e+00
1.000384992105838089e+00
1.000384736765287830e+00
1.000384457431318097e+00
1.000384154026646488e+00
1.000383826474135818e+00
1.000383474696791231e+00
1.000383098617763533e+00
1.000382698160346084e+00
1.000382273247977682e+00
1.000381823804240122e+00
1.000381349752860194e+00
1.000380851017707906e+00
1.000380327522797375e+00
1.000379779192287266e+00
1.000379205950479244e+00
1.000378607721820190e+00
1.000377984430899314e+00
1.000377336002450823e+00
1.000376662361352809e+00
1.000375963432626802e+00
1.000375239141438000e+00
1.000374489413095702e+00
1.000373714173053541e+00
1.000372913346908366e+00
1.000372086860400467e+00
1.000371234639414242e+00
1.000370356609977973e+00
1.000369452698264050e+00
1.000368522830587192e+00
1.000367566933407115e+00
1.000366584933326308e+00
1.000365576757091590e+00
1.000364542331593221e+00
1.000363481583864900e+00
1.000362394441083325e+00
1.000361280830569966e+00
1.000360140679789067e+00
1.000358985501054176e+00
1.000357840038316404e+00
1.000356705113643718e+00
1.000355580724297422e+00
1.000354466867631409e+00
1.000353363541092389e+00
1.000352270742220107e+00
1.000351188468646235e+00
1.000350116718096150e+00
1.000349055488386707e+00
1.000348004777429356e+00
1.000346964583226361e+00
1.000345934903874134e+00
1.000344915737560569e+00
1.000343907082567707e+00
1.000342908937269071e+00
1.000341921300131665e+00
1.000340944169714863e+00
1.000339977544671299e+00
1.000339021423745534e+00
1.000338075805775162e+00
1.000337140689691262e+00
1.000336216074516615e+00
1.000335301959367262e+00
1.000334398343452280e+00
1.000333505226072450e+00
1.000332622606622479e+00
1.000331750484588778e+00
1.000330888859551903e+00
1.000330037731183452e+00
1.000329197099248946e+00
1.000328366963606275e+00
1.000327547324205923e+00
1.000326738181091857e+00
1.000325939534399078e+00
1.000325151384357403e+00
1.000324373731288574e+00
1.000323606575606705e+00
1.000322849917818724e+00
1.000322103758524817e+00
1.000321368098417540e+00
1.000320642938282267e+00
1.000319928278997406e+00
1.000319224121533290e+00
1.000318530466953737e+00
1.000317847316415376e+00
1.000317174671167209e+00
1.000316512532551050e+00
1.000315860902001308e+00
1.000315219781046316e+00
1.000314589171305224e+00
1.000313969074491327e+00
1.000313359492410292e+00
1.000312760426959935e+00
1.000312171880132439e+00
1.000347853446333257e+00
1.000347802331892799e+00
1.000347649007372386e+00
1.000347393529172457e+00
1.000347035991295375e+00
1.000346576525344311e+00
1.000346015300523472e+00
1.000345352523638320e+00
1.000344588439096682e+00
1.000343723328907863e+00
1.000342757512684422e+00
1.000341691347641504e+00
1.000340525228598176e+00
1.000339259587977425e+00
1.000337894895807489e+00
1.000336431659721637e+00
1.000334870424959943e+00
1.000333211774369291e+00
1.000331456328404700e+00
1.000329604745130219e+00
1.000327657720219587e+00
1.000325615986957573e+00
1.000323480316240632e+00
1.000321251516578247e+00
1.000318930434094700e+00
1.000316517952529294e+00
1.000314014993237688e+00
1.000311422515194115e+00
1.000308741514991606e+00
1.000305973026844431e+00
1.000303118122588319e+00
1.000300177911682686e+00
1.000297153541212181e+00
1.000294046195887798e+00
1.000290857098048880e+00
1.000287587507664222e+00
1.000284238722334074e+00
1.000280812077291692e+00
1.000277308945404453e+00
1.000273730737177180e+00
1.000270078900751258e+00
1.000266354921909517e+00
1.000262560324075345e+00
1.000258696668315794e+00
1.000254765553342917e+00
1.000250768615515984e+00
1.000246707528843260e+00
1.000242584004983337e+00
1.000238399793247135e+00
1.000234156680600783e+00
1.000229856491666069e+00
1.000225501088722657e+00
1.000221092371710530e+00
1.000216632278231543e+00
1.000212122783550761e+00
1.000207565900598894e+00
1.000202963679974077e+00
1.000198318209943427e+00
1.000193631616445034e+00
1.000188906063089300e+00
1.000184143751162047e+00
1.000179346919623624e+00
1.000174517845113797e+00
1.000169658841950637e+00
1.000164772262134072e+00
1.000159860495346553e+00
1.000154925968954389e+00
1.000149971148009964e+00
1.000144998535253071e+00
1.000140010671112245e+00
1.000135010133705205e+00
1.000129999538841741e+00
1.000124981540023938e+00
1.000119958828447286e+00
1.000114934133002897e+00
1.000109910220276843e+00
1.000104889894552151e+00
1.000099875997810139e+00
1.000094871409730191e+00
1.000089879047690866e+00
1.000084901866770570e+00
1.000079942859748439e+00
1.000075005057104116e+00
1.000070091527018201e+00
1.000065205375373356e+00
1.000060349745752974e+00
1.000055527819442736e+00
1.000050742815429272e+00
1.000045997990400171e+00
1.000041296638744637e+00
1.000036642092551276e+00
1.000032037721609424e+00
1.000027486933406484e+00
1.000022993173128594e+00
1.000018559923658623e+00
1.000014190705575290e+00
1.000009889077151826e+00
1.000005658634354200e+00
1.000001503010840009e+00
9.999974258779562586e-01
9.999934309447369163e-01
9.999895219579014727e-01
9.999857027018519418e-01
9.999819769986707518e-01
9.999783487081176370e-01
9.999748217276267503e-01
9.999713999923035557e-01
9.999680874749209414e-01
9.999648881859164451e-01
9.999618061733878127e-01
9.999588455230891126e-01
9.999560103584262949e-01
9.999533048404529723e-01
9.999507331678654243e-01
9.999482995769974902e-01
9.999460083418153511e-01
9.999438637739123115e-01
9.999418702225024713e-01
9.999400320744153969e-01
9.999383537540885714e-01
9.999368397235618433e-01
9.999354944824704328e-01
9.999343225680370484e-01
9.999333285550646711e-01
9.999325170559296705e-01
9.999318927205717022e-01
9.999314602364872684e-01
9.999312243287197255e-01
9.999311897598505139e-01
9.999313613299901649e-01
9.999317438767676425e-01
9.999323422753207957e-01
9.999331614382863664e-01
9.999342063157875549e-01
9.999354818954248048e-01
9.999369932022625918e-01
9.999387452988185432e-01
9.999407432850504485e-01
9.999429922983437136e-01
9.999454975134983714e-01
9.999482641427157592e-01
9.999512974355831973e-01
9.999546026790617770e-01
9.999581851974695956e-01
9.999620503524679904e-01
9.999662035430444407e-01
9.999706502054978019e-01
9.999753958134208753e-01
9.999804458776835325e-01
9.999858059464156179e-01
9.999914816049879640e-01
9.999974784759952939e-01
1.000003802219236126e+00
1.000010458531693791e+00
1.000017453147516333e+00
1.000024791837996530e+00
1.000032480411549907e+00
1.000040524713694312e+00
1.000048930627027044e+00
1.000057704071202647e+00
1.000066851002909596e+00
1.000076377415847206e+00
1.000086289340700096e+00
1.000096592845114873e+00
1.000107294033673266e+00
1.000118399047867701e+00
1.000129914066073322e+00
1.000141845303521348e+00
1.000154199012271761e+00
1.000166981481183770e+00
1.000180199035887840e+00
1.000193731489599669e+00
1.000207105942511943e+00
1.000220277337715569e+00
1.000233246249051300e+00
1.000246013251489208e+00
1.000258578921129793e+00
1.000270943835205095e+00
1.000283108572080248e+00
1.000295073711253258e+00
1.000306839833357664e+00
1.000318407520162767e+00
1.000329777354575178e+00
1.000340949920638600e+00
1.000351925803537156e+00
1.000362705589594725e+00
1.000373289866276050e+00
1.000383679222189404e+00
1.000393874247085702e+00
1.000403875531861164e+00
1.000413683668557319e+00
1.000423299250362330e+00
1.000432722871612556e+00
1.000441955127793658e+00
1.000450996615540822e+00
1.000459847932640534e+00
1.000468509678031692e+00
1.000476982451806052e+00
1.000485266855210886e+00
1.000493363490647658e+00
1.000501272961675125e+00
1.000508995873009788e+00
1.000516532830526328e+00
1.000523884441260059e+00
1.000531051313406250e+00
1.000538034056323244e+00
1.000544833280531343e+00
1.000551449597716136e+00
1.000557883620727839e+00
1.000564135963583068e+00
1.000570207241465504e+00
1.000576098070728115e+00
1.000581809068892492e+00
1.000587340854651730e+00
1.000592694047870213e+00
1.000597869269584939e+00
1.000602867142007080e+00
1.000607688288522645e+00
1.000612333333693815e+00
1.000616802903259606e+00
1.000621097624136979e+00
1.000625218124423066e+00
1.000629165033394052e+00
1.000632938981508513e+00
1.000636540600406965e+00
1.000639970522913424e+00
1.000643229383036514e+00
1.000646317815970576e+00
1.000649236458096780e+00
1.000651985946984013e+00
1.000654566921389543e+00
1.000656980021261244e+00
1.000659225887737369e+00
1.000661305163148329e+00
1.000663218491017581e+00
1.000664966516062959e+00
1.000666549884197343e+00
1.000667969242529542e+00
1.000669225239366078e+00
1.000670318524211622e+00
1.000671249747770331e+00
1.000672019561946291e+00
1.000672628619846183e+00
1.000673077575777947e+00
1.000673367085254117e+00
1.000673497804990930e+00
1.000673470392911213e+00
1.000673285508144383e+00
1.000672943811026450e+00
1.000672445963103563e+00
1.000671792627131129e+00
1.000670984467075364e+00
1.000670022148114624e+00
1.000668906336639630e+00
1.000667637700256130e+00
1.000666216907783568e+00
1.000664644629258193e+00
1.000662921535933281e+00
1.000661048300279798e+00
1.000659025595987961e+00
1.000656854097968118e+00
1.000654534482351865e+00
1.000652067426492486e+00
1.000649453608966954e+00
1.000646693709575707e+00
1.000643788409345314e+00
1.000640738390527584e+00
1.000637544336602458e+00
1.000634206932276893e+00
1.000630726863487752e+00
1.000627104817402691e+00
1.000623341482419049e+00
1.000619437548167623e+00
1.000615393705511780e+00
1.000611210646549454e+00
1.000606889064613370e+00
1.000602429654272596e+00
1.000597833111333212e+00
1.000593100132839641e+00
1.000588231417075313e+00
1.000583227663563557e+00
1.000578089573069152e+00
1.000572817847598550e+00
1.000567413190401433e+00
1.000561876305970932e+00
1.000556207900046068e+00
1.000550408679611314e+00
1.000544479352897476e+00
1.000538420629384140e+00
1.000532233219799227e+00
1.000525917836119882e+00
1.000519475191574914e+00
1.000512906000644131e+00
1.000506210979060118e+00
1.000499390843808900e+00
1.000492446313131056e+00
1.000485378106522827e+00
1.000478186944736114e+00
1.000470873549781148e+00
1.000463438644925374e+00
1.000455882954695674e+00
1.000448207204879036e+00
1.000440412122524103e+00
1.000432498435940065e+00
1.000424466874699769e+00
1.000416318169639940e+00
1.000408053052861623e+00
1.000399672257731298e+00
1.000391176518882208e+00
1.000382566572214582e+00
1.000373843154897413e+00
1.000365007005368456e+00
1.000356058863335118e+00
1.000346999469776677e+00
1.000337829566943171e+00
1.000328549898358288e+00
1.000319161208818697e+00
1.000309664244395602e+00
1.000300059752435189e+00
1.000290348481560621e+00
1.000280531181671595e+00
1.000270608603945233e+00
1.000260581500838297e+00
1.000250450626086529e+00
1.000240216734706200e+00
1.000229880582995223e+00
1.000219442928533375e+00
1.000208904530183407e+00
1.000198266148091708e+00
1.000187528543689641e+00
1.000176692479694207e+00
1.000165758720107601e+00
1.000154728030220541e+00
1.000143601176610719e+00
1.000132378927144794e+00
1.000121062050979281e+00
1.000109651318560555e+00
1.000098147501626400e+00
1.000086551373206678e+00
1.000074863707623551e+00
1.000063085280492814e+00
1.000051236005182531e+00
1.000039738206831119e+00
1.000028757295350568e+00
1.000018283540236474e+00
1.000008307283590137e+00
9.999988189401701755e-01
9.999898089974441628e-01
9.999812680156371369e-01
9.999731866277800085e-01
9.999655555397569673e-01
9.999583655303488916e-01
9.999516074512793118e-01
9.999452722272550442e-01
9.999393508560091570e-01
9.999338344083397168e-01
9.999287140281492015e-01
9.999239809324813599e-01
9.999196264115582933e-01
9.999156418288148718e-01
9.999120186209331518e-01
9.999087482978745722e-01
9.999058224429123731e-01
9.999032327126612385e-01
9.999009708371078275e-01
9.998990286196381971e-01
9.998973979370656684e-01
9.998960707396571390e-01
9.998950390511588404e-01
9.998942949688190973e-01
9.998938306634145290e-01
9.998936383792695892e-01
9.998937104342804361e-01
9.998940392199339167e-01
9.998946172013291056e-01
9.998954369171942913e-01
9.998964909799064049e-01
9.998977720755083398e-01
9.998992729637246057e-01
9.999009864779776491e-01
9.999029055254026188e-01
9.999050230868619105e-01
9.999073322169577116e-01
9.999098260440461017e-01
9.999124977702477102e-01
9.999153406714607062e-01
9.999183480973697913e-01
9.999215134714576347e-01
9.999248302910138664e-01
9.999282921271445135e-01
9.999318926247788841e-01
9.999356255026791152e-01
9.999394845534461673e-01
9.999434636435267088e-01
9.999475567132195541e-01
9.999517577766813270e-01
9.999560609219304563e-01
9.999604603108539491e-01
9.999649501792093886e-01
9.999695248366302636e-01
9.999741786666281884e-01
9.999789061265970114e-01
9.999837017478142576e-01
9.999885601354436826e-01
9.999934759685369379e-01
9.999984440000355690e-01
1.000003459056771016e+00
1.000008516039466056e+00
1.000013609922735247e+00
1.000018735755084709e+00
1.000023888658911897e+00
1.000029063830505827e+00
1.000034256540045519e+00
1.000039462131599777e+00
1.000044676023124968e+00
1.000049893706464799e+00
1.000055110747347875e+00
1.000060322785385925e+00
1.000065525534072242e+00
1.000070714780778580e+00
1.000075886386753599e+00
1.000081036287119751e+00
1.000086160490871290e+00
1.000091255080870489e+00
1.000096316213844982e+00
1.000101340120384874e+00
1.000106323104940298e+00
1.000111261545815866e+00
1.000116151895169780e+00
1.000120990679008504e+00
1.000125774497184761e+00
1.000130500023392877e+00
1.000135164005165223e+00
1.000139763263868886e+00
1.000144294694702118e+00
1.000148755266689449e+00
1.000153142022679686e+00
1.000157452079340814e+00
1.000161682627155990e+00
1.000165830930421107e+00
1.000169894327240350e+00
1.000173870229521311e+00
1.000177756122973438e+00
1.000181549567102257e+00
1.000185248195207155e+00
1.000188849714377604e+00
1.000192351905488497e+00
1.000195752623197709e+00
1.000199049795942763e+00
1.000202241425935723e+00
1.000205325589162975e+00
1.000208300435379227e+00
1.000211164188104851e+00
1.000213915144624766e+00
1.000216551675982668e+00
1.000219072226980588e+00
1.000221475316174224e+00
1.000223759535871837e+00
1.000225923552130691e+00
1.000227966104755062e+00
1.000229886007293789e+00
1.000231682147037615e+00
1.000233353485018739e+00
1.000234899056006377e+00
1.000236317968506983e+00
1.000237609404761807e+00
1.000238772620745120e+00
1.000239806946163323e+00
1.000240711784453174e+00
1.000241486612780895e+00
1.000242130982040845e+00
1.000242644516855295e+00
1.000243026915572875e+00
1.000243277950269238e+00
1.000243397466744399e+00
1.000243385384525174e+00
1.000243241696862961e+00
1.000242966470735073e+00
1.000242559846843404e+00
1.000242022039616208e+00
1.000241353337207650e+00
1.000240554101499146e+00
1.000239624768098690e+00
1.000238565846343519e+00
1.000237377919299453e+00
1.000236061643763330e+00
1.000234617750263455e+00
1.000233047043061374e+00
1.000231350400153207e+00
1.000229528773272092e+00
1.000227583187888625e+00
1.000225514743213973e+00
1.000223324612201647e+00
1.000221014041549061e+00
1.000218584351701301e+00
1.000216036936852015e+00
1.000213373264946970e+00
1.000210594877685821e+00
1.000207703390525671e+00
1.000204700492683729e+00
1.000201587947140425e+00
1.000198367590641624e+00
1.000195041333702850e+00
1.000191611160611727e+00
1.000188079129431973e+00
1.000184447372006069e+00
1.000180718093959475e+00
1.000176893574703074e+00
1.000172976167438055e+00
1.000168968299158356e+00
1.000164872470655109e+00
1.000160691256519963e+00
1.000156483781626138e+00
1.000152341124292743e+00
1.000148263717063113e+00
1.000144250802429857e+00
1.000140301628923423e+00
1.000136415451111871e+00
1.000132591529602433e+00
1.000128829131041064e+00
1.000125127528114000e+00
1.000121485999546866e+00
1.000117903830107347e+00
1.000114380310603623e+00
1.000110914737886381e+00
1.000107506414848357e+00
1.000104154650425237e+00
1.000100858759596978e+00
1.000097618063386484e+00
1.000094431888861379e+00
1.000091299569134451e+00
1.000088220443363429e+00
1.000085193856752541e+00
1.000082219160551178e+00
1.000079295712056560e+00
1.000076422874611737e+00
1.000073600017608699e+00
1.000070826516485933e+00
1.000068101752731087e+00
1.000065425113880524e+00
1.000062795993519105e+00
1.000060213791281738e+00
1.000057677912852716e+00
1.000055187769966381e+00
1.000052742780408011e+00
1.000050342368013601e+00
1.000047985962670083e+00
1.000045673000315993e+00
1.000043402922942359e+00
1.000041175178590702e+00
1.000038989221356811e+00
1.000036844511387857e+00
1.000034740514884835e+00
1.000032676704101675e+00
1.000030652557346134e+00
1.000028667558979345e+00
1.000026721199416935e+00
1.000024812975129240e+00
1.000022942388640201e+00
1.000021108948529802e+00
1.000019312169432295e+00
1.000017551572037533e+00
1.000015826683091413e+00
1.000014137035394546e+00
1.000012482167804695e+00
1.000010861625235226e+00
1.000009274958655991e+00
1.000007721725093779e+00
1.000006201487631641e+00
1.000004713815410673e+00
1.000003258283628016e+00
1.000001834473539075e+00
1.000000441972455967e+00
9.999990803737497380e-01
9.999977492768483689e-01
9.999964482872382154e-01
9.999951770164641207e-01
9.999939350821289707e-01
9.999927221078944717e-01
9.999915377234807057e-01
9.999903815646670191e-01
9.999892532732913564e-01
9.999881524972510372e-01
9.999870788905025343e-01
9.999860321130615848e-01
9.999850118310037450e-01
9.999840177164637245e-01
9.999830494476362741e-01
9.999821067087760751e-01
9.999811891901974059e-01
9.999802965882752526e-01
9.999794286054437542e-01
9.999785849501985346e-01
9.999777653370945929e-01
9.999769694867480796e-01
9.999761971258351867e-01
9.999754479870930357e-01
9.999747218093194556e-01
9.999740183373728719e-01
9.999733373221731947e-01
9.999726785207004864e-01
9.999720416959965164e-01
9.999714266171637611e-01
9.999708330593661820e-01
9.999702608038288920e-01
9.999697096378380445e-01
9.999691793547418328e-01
9.999686697539491576e-01
9.999681806409309592e-01
9.999677118272193299e-01
9.999672631304084014e-01
9.999668343741537901e-01
9.999664253881724862e-01
9.999660360082436306e-01
9.999656660762081817e-01
9.999653154399686938e-01
9.999649839534899831e-01
9.999646714767981281e-01
9.999643778759820245e-01
9.999641030231917194e-01
9.999638467966400768e-01
9.999636090806012234e-01
9.999633897654121029e-01
9.999631887474714764e-01
9.999630059292400341e-01
9.999628412192410609e-01
9.999626945320594373e-01
9.999625657883430829e-01
9.999624549148012909e-01
9.999623618442061712e-01
9.999622865153920959e-01
9.999622288732549213e-01
9.999621888687539872e-01
9.999621664589101178e-01
9.999621616068066210e-01
9.999621742815889558e-01
9.999622044584656200e-01
9.999622521187065960e-01
9.999623172496443502e-01
9.999623998446741657e-01
9.999624999032530326e-01
9.999626174309007576e-01
9.999627524391990763e-01
9.999629049457923191e-01
9.999630749743869673e-01
9.999632625547516529e-01
9.999634677227178248e-01
9.999636905201786385e-01
9.999639309950898447e-01
9.999641892014691225e-01
9.999644651993968569e-01
9.999647590550152509e-01
9.999650708405287691e-01
9.999654006342041379e-01
9.999657485203701235e-01
9.999661145894176428e-01
9.999664989377997637e-01
9.999669016680317046e-01
9.999673228886905019e-01
9.999677627144152314e-01
9.999682212659070091e-01
9.999686986699287683e-01
9.999691950593058154e-01
9.999697105729243862e-01
9.999702453557332005e-01
9.999707995587430176e-01
9.999713733390253045e-01
9.999719668597142341e-01
9.999725802900050198e-01
9.999732138051546926e-01
9.999738675864815463e-01
9.999745418213655812e-01
9.999752367032483935e-01
9.999759524316322867e-01
9.999766892120814932e-01
9.999774472562210637e-01
9.999782267817373116e-01
9.999790280123778130e-01
9.999798511779509624e-01
9.999806965143259729e-01
9.999815642634332091e-01
9.999824546732637431e-01
9.999833640035269422e-01
9.999842681936795818e-01
9.999851630653647794e-01
9.999860484887518330e-01
9.999869243355951065e-01
9.999877904792339178e-01
9.999886467945925395e-01
9.999894931581801982e-01
9.999903294480909643e-01
9.999911555440037514e-01
9.999919713271823163e-01
9.999927766804755924e-01
9.999935714883168014e-01
9.999943556367243414e-01
9.999951290133011206e-01
9.999958915072352239e-01
9.999966430092989134e-01
9.999973834118497384e-01
9.999981126088295369e-01
9.999988304957651009e-01
9.999995369697678438e-01
1.000000231929533800e+00
1.000000915275343738e+00
1.000001586909062601e+00
1.000002246734140732e+00
1.000002894655612540e+00
1.000003530580096722e+00
1.000004154415797375e+00
1.000004766072502660e+00
1.000005365461585027e+00
1.000005952496001882e+00
1.000006527090294917e+00
1.000007089160590112e+00
1.000007638624598405e+00
1.000008175401614796e+00
1.000008699412518798e+00
1.000009210579774210e+00
1.000009708827429789e+00
1.000010194081118131e+00
1.000010666268056347e+00
1.000011125317046057e+00
1.000011571158472723e+00
1.000012003724306986e+00
1.000012422948103108e+00
1.000012828765000084e+00
1.000013221111720974e+00
1.000013599926573349e+00
1.000013965149448847e+00
1.000014316721823393e+00
1.000014654586757423e+00
1.000014978688895440e+00
1.000015288974465788e+00
1.000015585391281991e+00
1.000015867888740750e+00
1.000016136417823498e+00
1.000016390931096177e+00
1.000016631382708354e+00
1.000016857728393882e+00
1.000017069925470903e+00
1.000017267932842069e+00
1.000017451710993432e+00
1.000017621221995778e+00
1.000017776429503957e+00
1.000017917298756664e+00
1.000018043796576883e+00
1.000018155891371885e+00
1.000018253553133230e+00
1.000018336753435877e+00
1.000018405465439297e+00
1.000018459663887471e+00
1.000018499325107779e+00
1.000018524427012334e+00
1.000018534949096649e+00
1.000018530872440969e+00
1.000018512179709385e+00
1.000018478855149828e+00
1.000018430884594745e+00
1.000018368255460421e+00
1.000018290956747435e+00
1.000018198979039985e+00
1.000018092314506779e+00
1.000017970956900371e+00
1.000017834901557601e+00
1.000017684145399155e+00
1.000017518686930007e+00
1.000017338526238975e+00
1.000017143664999386e+00
1.000016934106468192e+00
1.000016709855486630e+00
1.000016470918479783e+00
1.000016217303457466e+00
1.000015949020012673e+00
1.000015666079323129e+00
1.000130363871446049e+00
1.000130327342288794e+00
1.000130217785510922e+00
1.000130035293193886e+00
1.000129780018808034e+00
1.000129452177210165e+00
1.000129052044646860e+00
1.000128579958752484e+00
1.000128036318550961e+00
1.000127421584454890e+00
1.000126736278267536e+00
1.000125980983182394e+00
1.000125156343783628e+00
1.000124263066047625e+00
1.000123301917343221e+00
1.000122273726432365e+00
1.000121179383471448e+00
1.000120019840011976e+00
1.000118796109000563e+00
1.000117509264782267e+00
1.000116160443099478e+00
1.000114750841093691e+00
1.000113281717306846e+00
1.000111754391682428e+00
1.000110170245567254e+00
1.000108530721711020e+00
1.000106837324270082e+00
1.000105091618806341e+00
1.000103295232290135e+00
1.000101449853101565e+00
1.000099557231030722e+00
1.000097619177280350e+00
1.000095637564466733e+00
1.000093614326621028e+00
1.000091551459191042e+00
1.000089451019042563e+00
1.000087315124460030e+00
1.000085145955149413e+00
1.000082945752238661e+00
1.000080716818278814e+00
1.000078461517245998e+00
1.000076182274542536e+00
1.000073881576998724e+00
1.000071561972873058e+00
1.000069226071854001e+00
1.000066876545061545e+00
1.000064516125048097e+00
1.000062147605798701e+00
1.000059773842733923e+00
1.000057397752708077e+00
1.000055022314012776e+00
1.000052650566376045e+00
1.000050285610962986e+00
1.000047930610378000e+00
1.000045588788662343e+00
1.000043263431297458e+00
1.000040957885203419e+00
1.000038675558739820e+00
1.000036419921704889e+00
1.000034194505336371e+00
1.000032002902310202e+00
1.000029848766741392e+00
1.000027735814182028e+00
1.000025667821620834e+00
1.000023648627482720e+00
1.000021682131627232e+00
1.000019772295346998e+00
1.000017923141366838e+00
1.000016138753841100e+00
1.000014423278352105e+00
1.000012780921908373e+00
1.000011215952941290e+00
1.000009732701303333e+00
1.000008335558263628e+00
1.000007028976506840e+00
1.000005817470127623e+00
1.000004705614628397e+00
1.000003698046914025e+00
1.000002799465288694e+00
1.000002014629449487e+00
1.000001348360483044e+00
1.000000805540859794e+00
1.000000391114427511e+00
1.000000110086405547e+00
9.999999675233793850e-01
9.999999685532923177e-01
1.000000118365439228e+00
1.000000422210459039e+00
1.000000885400325723e+00
1.000001513308341305e+00
1.000002311369125874e+00
1.000003285078609361e+00
1.000004439994020222e+00
1.000005781733876553e+00
1.000007315977975431e+00
1.000009048467380479e+00
1.000010985004411435e+00
1.000013131452631931e+00
1.000015493736835515e+00
1.000018077843033426e+00
1.000020889818441061e+00
1.000023935771462424e+00
1.000027221871675920e+00
1.000030754349819251e+00
1.000034539497771879e+00
1.000038583668539260e+00
1.000042893276235967e+00
1.000047474796065705e+00
1.000052334764304440e+00
1.000057479778280634e+00
1.000062916496353926e+00
1.000068651637896489e+00
1.000074691983269481e+00
1.000081044373801964e+00
1.000087715711767800e+00
1.000094712960362120e+00
1.000102043143676012e+00
1.000109713346672091e+00
1.000117730715158304e+00
1.000126102455760391e+00
1.000134835835895464e+00
1.000143938183742032e+00
1.000153416888211133e+00
1.000163279398916583e+00
1.000173533226143219e+00
1.000184185940814263e+00
1.000195245174459791e+00
1.000206718619181423e+00
1.000218614027617914e+00
1.000230939212909842e+00
1.000243702048661198e+00
1.000256910468903193e+00
1.000270572468054509e+00
1.000284696100881776e+00
1.000299289482457610e+00
1.000314360788120416e+00
1.000329918253429096e+00
1.000345970174120636e+00
1.000362524906063699e+00
1.000379590865212887e+00
1.000397176527560106e+00
1.000415290429086834e+00
1.000433941165713714e+00
1.000453137393248815e+00
1.000472887827336121e+00
1.000493196102693938e+00
1.000513397106270075e+00
1.000533024869178611e+00
1.000552083942754411e+00
1.000570578896126550e+00
1.000588514316242517e+00
1.000605894807892193e+00
1.000622724993732948e+00
1.000639009514312283e+00
1.000654753028092259e+00
1.000669960211473475e+00
1.000684635758819052e+00
1.000698784382477058e+00
1.000712410812806485e+00
1.000725519798197460e+00
1.000738116105098330e+00
1.000750204518036313e+00
1.000761789839641480e+00
1.000772876890670737e+00
1.000783470510029582e+00
1.000793575554796533e+00
1.000803196900244663e+00
1.000812339439864918e+00
1.000821008085388986e+00
1.000829207766811502e+00
1.000836943432412696e+00
1.000844220048780819e+00
1.000851042600833241e+00
1.000857416091840424e+00
1.000863345543446359e+00
1.000868835995690986e+00
1.000873892507032181e+00
1.000878520154365736e+00
1.000882724033049342e+00
1.000886509256921686e+00
1.000889880958324651e+00
1.000892844288123529e+00
1.000895404415729217e+00
1.000897566529117322e+00
1.000899335834849468e+00
1.000900717558093955e+00
1.000901716942645070e+00
1.000902339250944406e+00
1.000902589764099293e+00
1.000902473781903446e+00
1.000901996622856283e+00
1.000901163624182022e+00
1.000899980141849221e+00
1.000898451550589652e+00
1.000896583243916727e+00
1.000894380634144376e+00
1.000891849152405921e+00
1.000888994248670949e+00
1.000885821391764852e+00
1.000882336069386147e+00
1.000878543788122466e+00
1.000874450073470978e+00
1.000870060469852607e+00
1.000865380540630900e+00
1.000860415868127573e+00
1.000855172053640274e+00
1.000849654717456350e+00
1.000843869498872607e+00
1.000837822056207749e+00
1.000831518066819026e+00
1.000824963227118669e+00
1.000818163252586768e+00
1.000811123877787923e+00
1.000803850856385235e+00
1.000796349961153631e+00
1.000788626983995400e+00
1.000780687735952634e+00
1.000772538047221882e+00
1.000764183767165694e+00
1.000755630764327497e+00
1.000746884926442926e+00
1.000737952160452027e+00
1.000728838392512587e+00
1.000719549568010347e+00
1.000710091651571654e+00
1.000700470627073901e+00
1.000690692497656409e+00
1.000680763285731523e+00
1.000670689032994165e+00
1.000660475800432048e+00
1.000650129668335664e+00
1.000639656736306060e+00
1.000629063123265938e+00
1.000618354967466095e+00
1.000607538426495191e+00
1.000596619677287080e+00
1.000585604916127691e+00
1.000574500358664132e+00
1.000563312239908687e+00
1.000552046814248364e+00
1.000540710355448448e+00
1.000529309156659608e+00
1.000517849530423664e+00
1.000506337808676927e+00
1.000494780342756185e+00
1.000483183503402707e+00
1.000471553680765124e+00
1.000459897284404764e+00
1.000448220743296313e+00
1.000436530505832478e+00
1.000424833039825545e+00
1.000413134832507822e+00
1.000401442390535856e+00
1.000389762239988434e+00
1.000378100926369473e+00
1.000366465014606909e+00
1.000354861089052028e+00
1.000343295753480133e+00
1.000331775631088105e+00
1.000320307364493289e+00
1.000308897615730830e+00
1.000297553066252121e+00
1.000286280416920803e+00
1.000275086388010104e+00
1.000263977719198172e+00
1.000252961169563415e+00
1.000242043517580726e+00
1.000231231561115708e+00
1.000220532117417349e+00
1.000209952023113580e+00
1.000199498134203724e+00
1.000189177326050061e+00
1.000178996493372052e+00
1.000168962550235907e+00
1.000159082430046364e+00
1.000149363085537813e+00
1.000139811488763408e+00
1.000130434631085086e+00
1.000121239523162675e+00
1.000112233194941469e+00
1.000103422695641120e+00
1.000094815093742096e+00
1.000086417476973466e+00
1.000078236952297805e+00
1.000070280645897647e+00
1.000062555703160383e+00
1.000055069288662946e+00
1.000047828586155152e+00
1.000040840798543718e+00
1.000034113147874049e+00
1.000027666597588238e+00
1.000021997980818478e+00
1.000017323275879999e+00
1.000013601516469786e+00
1.000010792321703867e+00
1.000008855896505011e+00
1.000007753031966429e+00
1.000007445105691728e+00
1.000007894082112880e+00
1.000009062512786651e+00
1.000010913536669044e+00
1.000013410880371545e+00
1.000016518858396042e+00
1.000020202373351541e+00
1.000024426916154008e+00
1.000029158566207999e+00
1.000034363991572528e+00
1.000040010449109618e+00
1.000046065784619742e+00
1.000052498432961734e+00
1.000059277418159365e+00
1.000066372353493271e+00
1.000073753441583779e+00
1.000081391474458181e+00
1.000089257833609135e+00
1.000097324490041073e+00
1.000105564004307501e+00
1.000113949526538981e+00
1.000122454796460891e+00
1.000131054143403864e+00
1.000139722486306892e+00
1.000148435333711339e+00
1.000157168783751160e+00
1.000165899524132485e+00
1.000174604832112291e+00
1.000183262574469101e+00
1.000191851207468119e+00
1.000200349776824815e+00
1.000208737917661406e+00
1.000216995854462887e+00
1.000225104401027965e+00
1.000233044960418205e+00
1.000240799524903634e+00
1.000248350675909448e+00
1.000255681583957390e+00
1.000262776008610022e+00
1.000269618298408991e+00
1.000276193390819968e+00
1.000282486812170024e+00
1.000288484677590350e+00
1.000294173690957189e+00
1.000299541144834548e+00
1.000304574920416245e+00
1.000309263487472400e+00
1.000313595904293473e+00
1.000317561817639422e+00
1.000321151462689517e+00
1.000324355662993714e+00
1.000327165830428466e+00
1.000329573965152097e+00
1.000331572655566381e+00
1.000333155078278580e+00
1.000334314998067242e+00
1.000335046767852454e+00
1.000335345328667414e+00
1.000335206209634453e+00
1.000334625527945942e+00
1.000333599988846078e+00
1.000332126885619566e+00
1.000330204099580733e+00
1.000327830100070425e+00
1.000325003944452673e+00
1.000321725278119578e+00
1.000317994334495753e+00
1.000313811935051200e+00
1.000309179489314637e+00
1.000304098994891699e+00
1.000298573037489591e+00
1.000292604790941287e+00
1.000286198017237060e+00
1.000279357066558683e+00
1.000272086877316280e+00
1.000264392976190297e+00
1.000256281478177689e+00
1.000247759086637211e+00
1.000238833093344271e+00
1.000229511378543767e+00
1.000219802411007830e+00
1.000209715248097320e+00
1.000199259535824892e+00
1.000188445508918944e+00
1.000177283990894006e+00
1.000165786394119793e+00
1.000153964719891819e+00
1.000141831558506667e+00
1.000129400089335485e+00
1.000116684080900598e+00
1.000103697890952104e+00
1.000090456466544042e+00
1.000076975344114105e+00
1.000063270649558245e+00
1.000049359098310386e+00
1.000035257995417259e+00
1.000020985235613225e+00
1.000006559303395992e+00
9.999919992730963436e-01
9.999773248089499633e-01
9.999625561651637184e-01
9.999477141859803853e-01
9.999328203057392672e-01
9.999178965489340376e-01
9.999029655302649200e-01
9.998880504546868719e-01
9.998731751174537719e-01
9.998583639041535021e-01
9.998436417907416995e-01
9.998290343435646266e-01
9.998145677193763792e-01
9.998002686653496562e-01
9.997861645190766477e-01
9.997722832085607081e-01
9.997586532522012570e-01
9.997453037587656910e-01
9.997322644273527459e-01
9.997195655473440912e-01
9.997072379983433787e-01
9.996953132501054107e-01
9.996838233624487646e-01
9.996728009851573171e-01
9.996622793578671118e-01
9.996522923099369073e-01
9.996428742603054030e-01
9.996340602173283685e-01
9.996258857786030072e-01
9.996183871307711133e-01
9.996116010493056869e-01
9.996055648982770103e-01
9.996003166300997389e-01
9.995958947852576770e-01
9.995923384920091248e-01
9.995896874660674669e-01
9.995879820102605562e-01
9.995872630141650061e-01
9.995875719537155035e-01
9.995889508907895848e-01
9.995914197109864174e-01
9.995946088383227401e-01
9.995983662796502633e-01
9.996026804216371353e-01
9.996075396936345836e-01
9.996129325677398647e-01
9.996188475588578815e-01
9.996252732247596917e-01
9.996321981661416833e-01
9.996396110266807522e-01
9.996475004930892583e-01
9.996558552951679832e-01
9.996646642058574228e-01
9.996739160412879688e-01
9.996835996608278707e-01
9.996937039671297542e-01
9.997042179061765843e-01
9.997151304673245198e-01
9.997264306833457681e-01
9.997381076304692193e-01
9.997501504284193041e-01
9.997625482404546293e-01
9.997752902734037272e-01
9.997883657777006938e-01
9.998017640474183843e-01
9.998154744203006095e-01
9.998294862777937775e-01
9.998437890450754262e-01
9.998583721910838662e-01
9.998732252285437161e-01
9.998883377139922146e-01
9.999036992478039787e-01
9.999192994742134299e-01
9.999351280813374432e-01
9.999511748011948864e-01
9.999674294097273819e-01
9.999838817268166258e-01
1.000000521616301707e+00
1.000017338985995652e+00
1.000034323787698742e+00
1.000051466017213952e+00
1.000068755714357716e+00
1.000086182962972581e+00
1.000103737890937428e+00
1.000121410670175903e+00
1.000139191516665305e+00
1.000157070690443684e+00
1.000175038495615620e+00
1.000193085280357996e+00
1.000211201436923103e+00
1.000229377401643305e+00
1.000247603654931483e+00
1.000265870721283701e+00
1.000284169169278536e+00
1.000302489611577306e+00
1.000320822704921397e+00
1.000339159150131385e+00
1.000357489692102364e+00
1.000375805119800399e+00
1.000394096266257415e+00
1.000412354008565652e+00
1.000430569267870551e+00
1.000448733009363433e+00
1.000466836242273505e+00
1.000484870019858308e+00
1.000502825439394838e+00
1.000520693642168002e+00
1.000538465813459510e+00
1.000556133182537000e+00
1.000573687022639158e+00
1.000591118650964839e+00
1.000608419428657081e+00
1.000625580760789335e+00
1.000642594096349480e+00
1.000659450928224503e+00
1.000676142793182732e+00
1.000692661271857853e+00
1.000708997988729809e+00
1.000725144612107487e+00
1.000741092854108505e+00
1.000756834470640344e+00
1.000772361261380139e+00
1.000787665069753141e+00
1.000802737782913177e+00
1.000817571331719336e+00
1.000832157690713764e+00
1.000846488878100571e+00
1.000860556955720515e+00
1.000874354029028801e+00
1.000887872247069987e+00
1.000901103802454450e+00
1.000914040931332627e+00
1.000926675913369257e+00
1.000939001071718737e+00
1.000951008772998252e+00
1.000962691427260465e+00
1.000974041487968424e+00
1.000985051451966035e+00
1.000995713859452074e+00
1.001006021293951775e+00
1.001015966382287292e+00
1.001025541794551055e+00
1.001034740244075572e+00
1.001043554487404341e+00
1.001051977324261877e+00
1.001060001597525728e+00
1.001067620193193841e+00
1.001074826040356580e+00
1.001081612111164754e+00
1.001087971420798972e+00
1.001093897027439450e+00
1.001099382032234253e+00
1.001104419579267768e+00
1.001109002855529395e+00
1.001113125090882017e+00
1.001116779558029135e+00
1.001119959572483786e+00
1.001122658492536122e+00
1.001124869719220545e+00
1.001126586696283294e+00
1.001127802910150688e+00
1.001128511889894934e+00
1.001128707207203039e+00
1.001128382476342171e+00
1.001127531354127687e+00
1.001126147539889599e+00
1.001124224775439941e+00
1.001121756845039013e+00
1.001118737575362516e+00
1.001115160835467810e+00
1.001111020536761487e+00
1.001106310632964735e+00
1.001101025120081145e+00
1.001095158036362953e+00
1.001088703462277518e+00
1.001081655520474234e+00
1.001074008375751445e+00
1.001065756235022253e+00
1.001056893347282317e+00
1.001047414003576330e+00
1.001037312536964707e+00
1.001026583322490726e+00
1.001015220777146997e+00
1.001003219359843932e+00
1.000990573571374664e+00
1.000977326141712087e+00
1.000963968851009245e+00
1.000950632819826325e+00
1.000937319499892286e+00
1.000924030346034499e+00
1.000910766816179187e+00
1.000897530371350319e+00
1.000884322475670718e+00
1.000871144596360507e+00
1.000857998203737331e+00
1.000844884771216581e+00
1.000831805775310723e+00
1.000818762695629083e+00
1.000805757014877395e+00
1.000792790218857808e+00
1.000779863796467772e+00
1.000766979239700483e+00
1.000754138043644659e+00
1.000741341706482546e+00
1.000728591729491468e+00
1.000715889617041610e+00
1.000703236876596902e+00
1.000690635018713470e+00
1.000678085557039632e+00
1.000665590008314787e+00
1.000653149892369864e+00
1.000640766732125542e+00
1.000628442053591582e+00
1.000616177385867278e+00
1.000603974261139673e+00
1.000591834214683784e+00
1.000579758784860163e+00
1.000567749513116222e+00
1.000555807943983577e+00
1.000543935625078262e+00
1.000532134107099846e+00
1.000520404943830099e+00
1.000508749692131882e+00
1.000497169911948925e+00
1.000485667166304493e+00
1.000474243021300058e+00
1.000462899046114851e+00
1.000451636813004086e+00
1.000440457897298296e+00
1.000429363877402666e+00
1.000418356334794590e+00
1.000407436854023890e+00
1.000396607022711271e+00
1.000385868431545422e+00
1.000375222674284359e+00
1.000364671347752754e+00
1.000354216051840162e+00
1.000343858389500351e+00
1.000333599966750642e+00
1.000323442392667905e+00
1.000313387279390787e+00
1.000303436242114818e+00
1.000293590899093088e+00
1.000283852871633572e+00
1.000274223784098249e+00
1.000264705263901099e+00
1.000255298941506554e+00
1.000246006450427494e+00
1.000236829427224139e+00
1.000227769511502496e+00
1.000218828345911470e+00
1.000210007576141980e+00
1.000201308850924953e+00
1.000192733822029778e+00
1.000184284144260971e+00
1.000175961475458397e+00
1.000167767476493719e+00
1.000159703811268841e+00
1.000151772146714357e+00
1.000143974152786219e+00
1.000136311502465514e+00
1.000128785871754911e+00
1.000121398939676221e+00
1.000114152388269950e+00
1.000107047902591084e+00
1.000100087170708418e+00
1.000093271883701007e+00
1.000086603735656610e+00
1.000080084423668803e+00
1.000073715647835648e+00
1.000067499111255032e+00
1.000061436520024882e+00
1.000055529583238512e+00
1.000049780012983724e+00
1.000044189524338378e+00
1.000038759835369495e+00
1.000033492667129709e+00
1.000028389743654600e+00
1.000023452791960255e+00
1.000018683542040376e+00
1.000014083726862957e+00
1.000009655082368720e+00
1.000005399347466462e+00
1.000001318264031935e+00
9.999974135769033046e-01
9.999936870338795858e-01
9.999901403857159865e-01
9.999867753861224617e-01
9.999835937917596063e-01
9.999805973622356570e-01
9.999777878601034953e-01
9.999751670508573165e-01
9.999727367029290770e-01
9.999704985876859409e-01
9.999684544794260610e-01
9.999666061553754703e-01
9.999649553956850845e-01
9.999635039834265937e-01
9.999622537045893544e-01
9.999612063480766144e-01
9.999603637057021821e-01
9.999597275721863188e-01
9.999592997451527410e-01
9.999590820251240686e-01
9.999590762155190493e-01
9.999592841226477846e-01
9.999597075557083992e-01
9.999603483267832660e-01
9.999612082508347877e-01
9.999622891457015106e-01
9.999635928320937950e-01
9.999651211335911505e-01
9.999668758766356857e-01
9.999688588905304432e-01
9.999710720074336257e-01
9.999735170623548219e-01
9.999761958931513428e-01
9.999791103405225590e-01
9.999822622480069034e-01
9.999856534619767645e-01
9.999892858316342670e-01
9.999931612090063870e-01
9.999972814489411777e-01
1.000001648409102328e+00
1.000006263949964946e+00
1.000011129934811338e+00
1.000016248229725679e+00
1.000021620703589020e+00
1.000027249228075288e+00
1.000033135677645957e+00
1.000039249873374780e+00
1.000045378030561594e+00
1.000051479913604879e+00
1.000057554998912135e+00
1.000063602763667570e+00
1.000069622685833659e+00
1.000075614244149369e+00
1.000081576918131043e+00
1.000087510188072182e+00
1.000093413535042108e+00
1.000099286440887525e+00
1.000105128388231179e+00
1.000110938860471865e+00
1.000116717341784645e+00
1.000122463317119736e+00
1.000128176272203628e+00
1.000133855693537743e+00
1.000139501068399106e+00
1.000145111884839677e+00
1.000150687631685908e+00
1.000156227798538966e+00
1.000161731875775173e+00
1.000167199354543568e+00
1.000172629726768569e+00
1.000178022485148199e+00
1.000183377123152972e+00
1.000188693135028339e+00
1.000193970015791800e+00
1.000199207261234235e+00
1.000204404367919020e+00
1.000209560833182465e+00
1.000214676155132265e+00
1.000219749832649718e+00
1.000224781365386173e+00
1.000229770253765915e+00
1.000234715998983726e+00
1.000239618103006434e+00
1.000244476068570698e+00
1.000249289399184338e+00
1.000254057599126334e+00
1.000258780173444384e+00
1.000263456627957348e+00
1.000268086469253026e+00
1.000272669204689047e+00
1.000277204342392423e+00
1.000281691391258443e+00
1.000286129860951778e+00
1.000290519261905153e+00
1.000294859105319567e+00
1.000299148903164292e+00
1.000303388168175323e+00
1.000307576413857369e+00
1.000311713154480975e+00
1.000315797905084958e+00
1.000319830181473080e+00
1.000323809500217154e+00
1.000327735378653937e+00
1.000331607334886241e+00
1.000335424887782487e+00
1.000339187556976484e+00
1.000342894862866761e+00
1.000346546326616792e+00
1.000350141470154330e+00
1.000353679816171182e+00
1.000357160888122987e+00
1.000360584210229442e+00
1.000363949307472966e+00
1.000367255705599145e+00
1.000370502931116068e+00
1.000373690511294766e+00
1.000376817974168109e+00
1.000379884848530354e+00
1.000382890663938040e+00
1.000385834950708208e+00
1.000388717239919512e+00
1.000391537063410885e+00
1.000394293953781544e+00
1.000396987444390540e+00
1.000399617069357427e+00
1.000402182363559822e+00
1.000404682862636507e+00
1.000407118102982773e+00
1.000409487621753746e+00
1.000411790956862612e+00
1.000414027646979731e+00
1.000416197231533966e+00
1.000418299250710907e+00
1.000420333245452875e+00
1.000422298757458917e+00
1.000424195329184807e+00
1.000426022503841494e+00
1.000427779825395991e+00
1.000429466838570702e+00
1.000431083088842765e+00
1.000432628122443823e+00
1.000434101486360472e+00
1.000435502728332704e+00
1.000436831396854354e+00
1.000438087041172652e+00
1.000439269211287563e+00
1.000440377457952223e+00
1.000441411332671393e+00
1.000442370387702784e+00
1.000443254176054619e+00
1.000444062251487187e+00
1.000444794168511731e+00
1.000445449482389559e+00
1.000446027749133160e+00
1.000446528525504197e+00
1.000446951369014181e+00
1.000447295837924022e+00
1.000447561491243365e+00
1.000447747888730143e+00
1.000447854590891472e+00
1.000447881158981422e+00
1.000447827155001468e+00
1.000447692141701150e+00
1.000447475682575860e+00
1.000447177341868166e+00
1.000446796684566264e+00
1.000446333276404198e+00
1.000445786683861860e+00
1.000445156474163211e+00
1.000444442215277840e+00
1.000443643475918964e+00
1.000442759825544092e+00
1.000441790834354361e+00
1.000440736073294090e+00
1.000439595114049895e+00
1.000438367529052019e+00
1.000437052891471890e+00
1.000435650775223007e+00
1.000434160754960278e+00
1.000432582406079574e+00
1.000430915304717727e+00
1.000429159027751203e+00
1.000427313152797426e+00
1.000425377258212345e+00
1.000423350923091093e+00
1.000421233727269099e+00
1.000419025251318317e+00
1.000416725076549884e+00
1.000414332785012128e+00
1.000411847959491007e+00
1.000409270183509669e+00
1.000406618267911218e+00
1.000403980997924824e+00
1.000401369580879107e+00
1.000398784070981151e+00
1.000396224522763999e+00
1.000393690991085993e+00
1.000391183531130546e+00
1.000388702198407032e+00
1.000386247048750121e+00
1.000383818138319780e+00
1.000381415523601047e+00
1.000379039261405145e+00
1.000376689408867925e+00
1.000374366023450978e+00
1.000372069162941413e+00
1.000369798885451411e+00
1.000367555249418006e+00
1.000365338313604635e+00
1.000363148137099367e+00
1.000360984779315565e+00
1.000358848299992109e+00
1.000356738759193176e+00
1.000354656217307792e+00
1.000352600735050501e+00
1.000350572373461144e+00
1.000348571193905078e+00
1.000346597258071846e+00
1.000344650627977172e+00
1.000342731365961857e+00
1.000340839534691328e+00
1.000338975197156755e+00
1.000337138416673710e+00
1.000335329256883732e+00
1.000333547781752985e+00
1.000331794055572932e+00
1.000330068142959883e+00
1.000328370108855003e+00
1.000326700018525639e+00
1.000325057937562878e+00
1.000323443931883105e+00
1.000321858067728220e+00
1.000320300411664753e+00
1.000318771030584308e+00
1.000317269991703339e+00
1.000315797362563153e+00
1.000314353211030349e+00
1.000312937605295938e+00
1.000311550613876443e+00
1.000310192305612356e+00
1.000308862749669903e+00
1.000307562015539942e+00
1.000306290173037516e+00
1.000305047292303184e+00
1.000303833443802137e+00
1.000302648698323971e+00
1.000301493126983576e+00
1.000300366801220253e+00
1.000299269792797707e+00
1.000298202173804718e+00
1.000297164016654916e+00
1.000296155394086117e+00
1.000295176379161211e+00
1.000294227045267048e+00
1.000293307466115555e+00
1.000292417715743287e+00
1.000291557868511427e+00
1.000290727999105123e+00
1.000289928182534371e+00
1.000289158494133579e+00
1.000288419009561780e+00
1.000287709804802416e+00
1.000287030956163115e+00
1.000286382540276131e+00
1.000285764634097907e+00
1.000285177314909735e+00
1.000284620660315982e+00
1.000284094748247199e+00
1.000283599656956346e+00
1.000283135465022122e+00
1.000282702251346523e+00
1.000282300095155952e+00
1.000281929076001441e+00
1.000281589273757987e+00
1.000281280768624104e+00
1.000281003641123156e+00
1.000280757972102474e+00
1.000280543842733350e+00
1.000280361334510815e+00
1.000280210529254532e+00
1.000280091509107683e+00
1.000280004356537411e+00
1.000279949154335490e+00
1.000279925985616547e+00
1.000279934933820059e+00
1.000279976082708355e+00
1.000280049516368619e+00
1.000280155319211106e+00
1.000280293575970481e+00
1.000280464371704481e+00
1.000280667791794809e+00
1.000280903921947129e+00
1.000281172848190625e+00
1.000281474656878000e+00
1.000281809434685476e+00
1.000282177268613237e+00
1.000282578245984766e+00
1.000283012454446840e+00
1.000283479981970203e+00
1.000283980916849114e+00
1.000284515347700243e+00
1.000285083363465111e+00
1.000285685053407647e+00
1.000286320507115079e+00
1.000286989814498595e+00
1.000287693065792460e+00
1.000288430351553348e+00
1.000289201762662117e+00
1.000290007390322922e+00
1.000290847326062105e+00
1.000291721661729749e+00
1.000292630489499235e+00
1.000293573901866351e+00
1.000294551991650627e+00
1.000295564851993779e+00
1.000296612576361044e+00
1.000297695258540287e+00
1.000298812992642672e+00
1.000299965873101549e+00
1.000301153994673786e+00
1.000302377452438440e+00
1.000303636341797420e+00
1.000304930758475708e+00
1.000306260798520697e+00
1.000307626558302410e+00
1.000309028134513278e+00
1.000310465624168366e+00
1.000311939124606031e+00
1.000313448733485933e+00
1.000314994548791026e+00
1.000316576668825563e+00
1.000318195192217985e+00
1.000319850217917583e+00
1.000321541845196283e+00
1.000323270173648416e+00
1.000325035303190724e+00
1.000326819902733755e+00
1.000328566515897633e+00
1.000330270711175418e+00
1.000331932598907070e+00
1.000333552289929928e+00
1.000335129895577824e+00
1.000336665527681079e+00
1.000338159298567176e+00
1.000339611321060529e+00
1.000341021708481604e+00
1.000342390574649354e+00
1.000343718033877893e+00
1.000345004200980048e+00
1.000346249191264691e+00
1.000347453120537633e+00
1.000348616105102728e+00
1.000349738261760546e+00
1.000350819707808592e+00
1.000351860561042416e+00
1.000352860939754507e+00
1.000353820962734286e+00
1.000354740749269666e+00
1.000355620419145053e+00
1.000356460092642896e+00
1.000357259890542805e+00
1.000358019934122655e+00
1.000358740345157482e+00
1.000359421245919922e+00
1.000360062759180657e+00
1.000360665008208194e+00
1.000361228116768642e+00
1.000361752209126598e+00
1.000362237410043376e+00
1.000362683844779665e+00
1.000363091639093538e+00
1.000363460919240888e+00
1.000363791811976322e+00
1.000364084444552271e+00
1.000364338944719433e+00
1.000364555440726555e+00
1.000364734061321315e+00
1.000364874935749659e+00
1.000364978193755361e+00
1.000365043965580902e+00
1.000365072381967479e+00
1.000365063574155000e+00
1.000365017673881418e+00
1.000364934813383844e+00
1.000364815125398099e+00
1.000364658743158497e+00
1.000364465800398062e+00
1.000364236431349196e+00
1.000363970770743016e+00
1.000363668953809126e+00
1.000363331116276511e+00
1.000362957394373309e+00
1.000362547924826817e+00
1.000362102844863488e+00
1.000361622292208263e+00
1.000361106405086353e+00
1.000360555322221678e+00
1.000359969182837760e+00
1.000359348126657277e+00
1.000358692293902729e+00
1.000358001825295995e+00
1.000357276862058109e+00
1.000356517545910373e+00
1.000355724019073467e+00
1.000354896424267448e+00
1.000354034904712641e+00
1.000353139604128971e+00
1.000352210666736186e+00
1.000351248237254298e+00
1.000350252460902256e+00
1.000349223483400385e+00
1.000348161450968387e+00
1.000347066510326011e+00
1.000345938808693491e+00
1.000344778493791109e+00
1.000343585713838968e+00
1.000342360617558324e+00
1.000341103354170258e+00
1.000339814073396782e+00
1.000338492925459732e+00
1.000337140061081653e+00
1.000335755631486245e+00
1.000334339788397031e+00
1.000332892684038466e+00
1.000331414471136160e+00
1.000329905302916211e+00
1.000328365333105429e+00
1.000326794715931333e+00
1.000325193606123264e+00
1.000323562158910606e+00
1.000321900530024122e+00
1.000320208875695505e+00
1.000318487352658048e+00
1.000316736118145755e+00
1.000314955329894451e+00
1.000313145146140226e+00
1.000311305725621436e+00
1.000309437227578035e+00
1.000307539811750468e+00
1.000305613638381219e+00
1.000303658868214152e+00
1.000301675662495171e+00
1.000299664182971116e+00
1.000297624591891310e+00
1.000295557052006234e+00
1.000293461726568633e+00
1.000291338779332628e+00
1.000289188374554383e+00
1.000287010676992105e+00
1.000284805851906267e+00
1.000282574065059160e+00
1.000280315482714899e+00
1.000278030271640306e+00
1.000275718599103802e+00
1.000273380632876741e+00
1.000271016541232294e+00
1.000268626492946122e+00
1.000266210657296373e+00
1.000263769204063680e+00
1.000261302303530941e+00
1.000258810126483988e+00
1.000256292844210471e+00
1.000253750628501859e+00
1.000251183651651665e+00
1.000248592086455890e+00
1.000245976106213908e+00
1.000243335884728024e+00
1.000240671596302366e+00
1.000237983415745324e+00
1.000235271518367774e+00
1.000232536079983525e+00
1.000229777276909315e+00
1.000226995285965703e+00
1.000224190284475512e+00
1.000221362450265605e+00
1.000218511961666223e+00
1.000215638997509870e+00
1.000212743737133314e+00
1.000209826360376697e+00
1.000206887047583315e+00
1.000203925979600506e+00
1.000200982062375399e+00
1.000198147576018881e+00
1.000195425845040509e+00
1.000192816180558664e+00
1.000190317894277925e+00
1.000187930298492622e+00
1.000185652706084838e+00
1.000183484430527514e+00
1.000181424785883344e+00
1.000179473086806770e+00
1.000177628648544648e+00
1.000175890786935584e+00
1.000174258818413042e+00
1.000000162205075371e+00
1.000000162161147399e+00
1.000000162029363704e+00
1.000000161809724286e+00
1.000000161502229146e+00
1.000000161106878727e+00
1.000000160623672807e+00
1.000000160052611831e+00
1.000000159393696020e+00
1.000000158646925819e+00
1.000000157812301227e+00
1.000000156889823133e+00
1.000000155879491315e+00
1.000000154781307105e+00
1.000000153595270058e+00
1.000000152321381508e+00
1.000000150959641454e+00
1.000000149510051006e+00
1.000000147972610387e+00
1.000000146347320706e+00
1.000000144634182631e+00
1.000000142833196826e+00
1.000000140944364180e+00
1.000000138967685581e+00
1.000000136903161696e+00
1.000000134750793856e+00
1.000000132510582951e+00
1.000000130182530089e+00
1.000000127766636160e+00
1.000000125262902273e+00
1.000000122671329983e+00
1.000000119991919956e+00
1.000000117224673524e+00
1.000000114369592241e+00
1.000000111426677440e+00
1.000000108395930232e+00
1.000000105277352169e+00
1.000000102070944585e+00
1.000000098776709034e+00
1.000000095394647293e+00
1.000000091924760470e+00
1.000000088367050344e+00
1.000000084721518689e+00
1.000000080988167062e+00
1.000000077166997459e+00
1.000000073258011213e+00
1.000000069261210323e+00
1.000000065176596786e+00
1.000000061004172380e+00
1.000000056743939103e+00
1.000000052395898953e+00
1.000000047960053484e+00
1.000000043436405361e+00
1.000000038824956583e+00
1.000000034125708925e+00
1.000000029338665053e+00
1.000000024463826520e+00
1.000000019501196213e+00
1.000000014450776353e+00
1.000000009312568938e+00
1.000000004086576411e+00
9.999999987728016571e-01
9.999999933712466760e-01
9.999999878819141319e-01
9.999999823048063563e-01
9.999999766399263468e-01
9.999999708872764348e-01
9.999999650468593959e-01
9.999999591186776726e-01
9.999999531027343735e-01
9.999999469990321632e-01
9.999999408075738172e-01
9.999999345283623331e-01
9.999999281614003754e-01
9.999999217066910528e-01
9.999999151642374740e-01
9.999999085340425253e-01
9.999999018161093156e-01
9.999998950104408424e-01
9.999998881170404363e-01
9.999998811359112061e-01
9.999998740670563713e-01
9.999998669104791515e-01
9.999998596661830996e-01
9.999998523341713241e-01
9.999998449144473778e-01
9.999998374070145912e-01
9.999998298118765172e-01
9.999998221290367084e-01
9.999998143584986066e-01
9.999998065002658754e-01
9.999997985543421786e-01
9.999997905207312909e-01
9.999997823994366541e-01
9.999997741904622650e-01
9.999997658938120093e-01
9.999997575094893287e-01
9.999997490374985532e-01
9.999997404778433463e-01
9.999997318305278160e-01
9.999997230955559591e-01
9.999997142729317723e-01
9.999997053626593635e-01
9.999996963647427295e-01
9.999996872791863112e-01
9.999996781059941053e-01
9.999996689903049019e-01
9.999996602961764847e-01
9.999996520410658896e-01
9.999996442249542428e-01
9.999996368478233366e-01
9.999996299096557406e-01
9.999996234104359116e-01
9.999996173501484176e-01
9.999996117287792696e-01
9.999996065463155892e-01
9.999996018027452749e-01
9.999995974980570024e-01
9.999995936322413348e-01
9.999995902052890573e-01
9.999995872171921762e-01
9.999995846679438083e-01
9.999995825575380692e-01
9.999995808859698521e-01
9.999995796532358261e-01
9.999995788593325496e-01
9.999995785042583574e-01
9.999995785880126942e-01
9.999995791105954490e-01
9.999995800720078432e-01
9.999995814722522081e-01
9.999995833113318744e-01
9.999995855892508390e-01
9.999995883060147639e-01
9.999995914616296444e-01
9.999995950561029190e-01
9.999995990894426923e-01
9.999996035616587342e-01
9.999996084727610368e-01
9.999996138227612574e-01
9.999996196116714975e-01
9.999996258395055238e-01
9.999996325062775471e-01
9.999996396120031106e-01
9.999996471566987566e-01
9.999996551403818046e-01
9.999996635630707953e-01
9.999996724247854907e-01
9.999996817255460968e-01
9.999996914653742630e-01
9.999997016442928599e-01
9.999997122623252022e-01
9.999997233194958257e-01
9.999997348158305988e-01
9.999997467513560556e-01
9.999997591260998409e-01
9.999997719400908203e-01
9.999997851933584148e-01
9.999997988859334885e-01
9.999998130178477940e-01
9.999998275891341937e-01
9.999998425998259943e-01
9.999998580499587231e-01
9.999998739395675740e-01
9.999998902686894064e-01
9.999999070373625232e-01
9.999999242456254489e-01
9.999999418935179296e-01
9.999999599810811546e-01
9.999999785083568682e-01
9.999999974753880361e-01
1.000000016882218734e+00
1.000000036728893704e+00
1.000000057015459021e+00
1.000000077741961757e+00
1.000000098908449875e+00
1.000000120514972224e+00
1.000000142561579208e+00
1.000000165048321676e+00
1.000000187975251587e+00
1.000000211342422451e+00
1.000000235149888006e+00
1.000000259397703761e+00
1.000000284085925450e+00
1.000000309214610583e+00
1.000000334783817113e+00
1.000000360793604326e+00
1.000000387244032396e+00
1.000000414135162830e+00
1.000000441467057577e+00
1.000000469239779921e+00
1.000000497453394477e+00
1.000000526107966303e+00
1.000000555203561792e+00
1.000000584740248444e+00
1.000000614718094205e+00
1.000000645137168798e+00
1.000000675997542388e+00
1.000000707299286917e+00
1.000000739042474329e+00
1.000000771227178120e+00
1.000000803853472897e+00
1.000000836921433933e+00
1.000000870431138056e+00
1.000000904382662759e+00
1.000000938776085979e+00
1.000000973611488098e+00
1.000001008888949494e+00
1.000001044608551437e+00
1.000001080770376749e+00
1.000001117374508919e+00
1.000001154172851070e+00
1.000001189581670502e+00
1.000001223320312604e+00
1.000001255388480725e+00
1.000001285785893312e+00
1.000001314512283024e+00
1.000001341567397839e+00
1.000001366950999948e+00
1.000001390662866640e+00
1.000001412702789194e+00
1.000001433070574208e+00
1.000001451766043159e+00
1.000001468789031511e+00
1.000001484139389607e+00
1.000001497816983331e+00
1.000001509821691670e+00
1.000001520153410040e+00
1.000001528812047180e+00
1.000001535797527152e+00
1.000001541109788894e+00
1.000001544748785332e+00
1.000001546714484935e+00
1.000001547006870162e+00
1.000001545625938570e+00
1.000001542571702151e+00
1.000001537844187993e+00
1.000001531443437397e+00
1.000001523369506540e+00
1.000001513622466476e+00
1.000001502202402692e+00
1.000001489109415331e+00
1.000001474343619634e+00
1.000001457905145053e+00
1.000001439794136360e+00
1.000001420010751874e+00
1.000001398555165899e+00
1.000001375427566730e+00
1.000001350628157315e+00
1.000001324157155924e+00
1.000001296014794594e+00
1.000001266201320904e+00
1.000001234716996645e+00
1.000001201562097819e+00
1.000001166736916636e+00
1.000001130241758629e+00
1.000001092076944653e+00
1.000001052242809774e+00
1.000001010739704155e+00
1.000000967567992616e+00
1.000000922728054631e+00
1.000000876220284329e+00
1.000000828045090273e+00
1.000000778202896345e+00
1.000000726694140640e+00
1.000000673519275907e+00
1.000000618678769992e+00
1.000000562173104734e+00
1.000000504002777735e+00
1.000000444168300140e+00
1.000000382670198862e+00
1.000000319509014357e+00
1.000000254685302625e+00
1.000000188199634321e+00
1.000000120052594310e+00
1.000000050244782557e+00
9.999999787768135695e-01
9.999999056493165117e-01
9.999998308629353128e-01
9.999997544183286680e-01
9.999996763161697055e-01
9.999995965571465417e-01
9.999995151419618367e-01
9.999994320713329055e-01
9.999993473459919402e-01
9.999992609666856769e-01
9.999991729341752844e-01
9.999990832492373638e-01
9.999989919126623938e-01
9.999988989252561744e-01
9.999988042878388272e-01
9.999987080012451290e-01
9.999986100663247335e-01
9.999985104839422823e-01
9.999984092549761838e-01
9.999983063803208339e-01
9.999982018608840617e-01
9.999980956975891289e-01
9.999979878913738407e-01
9.999978784431906575e-01
9.999977673540065837e-01
9.999976546248038334e-01
9.999975402565784988e-01
9.999974242503422150e-01
9.999973066071207173e-01
9.999971873279545065e-01
9.999970664138991827e-01
9.999969438660245569e-01
9.999968196854154279e-01
9.999966938731712496e-01
9.999965664304060198e-01
9.999964373582483912e-01
9.999963066578421156e-01
9.999961743303451556e-01
9.999960403769306838e-01
9.999959047987859728e-01
9.999957677995158223e-01
9.999956346790840334e-01
9.999955077767843648e-01
9.999953870884086271e-01
9.999952726099540223e-01
9.999951643376229216e-01
9.999950622678225320e-01
9.999949663971653413e-01
9.999948767224691171e-01
9.999947932407571294e-01
9.999947159492568183e-01
9.999946448454020143e-01
9.999945799268306068e-01
9.999945211913864318e-01
9.999944686371183833e-01
9.999944222622803025e-01
9.999943820653309778e-01
9.999943480449348110e-01
9.999943201999615949e-01
9.999942985294855147e-01
9.999942830327864796e-01
9.999942737093493461e-01
9.999942705588643621e-01
9.999942735812268335e-01
9.999942827765370135e-01
9.999942981451006574e-01
9.999943196874286899e-01
9.999943474042367608e-01
9.999943812964463552e-01
9.999944213651836833e-01
9.999944676117799025e-01
9.999945200377722276e-01
9.999945786449019325e-01
9.999946434351165703e-01
9.999947144105678642e-01
9.999947915736132620e-01
9.999948749268152692e-01
9.999949644729415610e-01
9.999950602149652035e-01
9.999951621560638770e-01
9.999952702996208753e-01
9.999953846492246612e-01
9.999955052086686447e-01
9.999956319819514050e-01
9.999957649732770237e-01
9.999959041870544185e-01
9.999960496278975652e-01
9.999962013006261641e-01
9.999963592102647514e-01
9.999965233620425886e-01
9.999966937613948836e-01
9.999968704139614584e-01
9.999970533255876370e-01
9.999972425023236910e-01
9.999974379504250610e-01
9.999976396763525788e-01
9.999978476867718014e-01
9.999980619885540101e-01
9.999982825887752114e-01
9.999985094947166919e-01
9.999987427138647966e-01
9.999989822539112616e-01
9.999992281227529922e-01
9.999994803284919520e-01
9.999997388794349407e-01
1.000000003784094371e+00
1.000000275051187604e+00
1.000000552689637168e+00
1.000000836708570873e+00
1.000001127117321476e+00
1.000001423925426902e+00
1.000001727142630692e+00
1.000002036778880665e+00
1.000002352844330700e+00
1.000002675349339398e+00
1.000003004304469867e+00
1.000003339720491713e+00
1.000003681608378603e+00
1.000004029979309816e+00
1.000004384844669802e+00
1.000004746216047735e+00
1.000005114105238624e+00
1.000005488524241759e+00
1.000005869485262266e+00
1.000006257000709997e+00
1.000006651083200193e+00
1.000007051745553488e+00
1.000007459000794796e+00
1.000007872862154867e+00
1.000008293343069399e+00
1.000008720457179034e+00
1.000009154218329810e+00
1.000009594640572930e+00
1.000010041738164324e+00
1.000010495525565535e+00
1.000010956017442609e+00
1.000011423228667651e+00
1.000011897174317044e+00
1.000012377869672564e+00
1.000012865330220935e+00
1.000013359571654270e+00
1.000013860609869853e+00
1.000014368460970138e+00
1.000014883141261857e+00
1.000015404667257579e+00
1.000015933055675710e+00
1.000016454057524262e+00
1.000016951565660506e+00
1.000017425506633861e+00
1.000017875823931313e+00
1.000018302463897557e+00
1.000018705375735228e+00
1.000019084511505785e+00
1.000019439826127954e+00
1.000019771277379288e+00
1.000020078825894831e+00
1.000020362435168009e+00
1.000020622071549736e+00
1.000020857704250199e+00
1.000021069305335963e+00
1.000021256849732643e+00
1.000021420315223564e+00
1.000021559682450434e+00
1.000021674934912008e+00
1.000021766058965644e+00
1.000021833043827080e+00
1.000021875881569100e+00
1.000021894567122871e+00
1.000021889098277494e+00
1.000021859475680230e+00
1.000021805702835831e+00
1.000021727786107650e+00
1.000021625734716313e+00
1.000021499560740823e+00
1.000021349279118121e+00
1.000021174907643084e+00
1.000020976466968525e+00
1.000020753980604749e+00
1.000020507474921105e+00
1.000020236979144439e+00
1.000019942525359085e+00
1.000019624148508424e+00
1.000019281886392886e+00
1.000018915779671724e+00
1.000018525871861907e+00
1.000018112209338339e+00
1.000017674841334081e+00
1.000017213819941020e+00
1.000016729200107868e+00
1.000016221039642828e+00
1.000015689399211150e+00
1.000015134342337353e+00
1.000014555935402782e+00
1.000013954247648718e+00
1.000013329351173486e+00
1.000012681320934016e+00
1.000012010234745397e+00
1.000011316173281761e+00
1.000010599220074958e+00
1.000009859461515216e+00
1.000009096986851365e+00
1.000008311888191281e+00
1.000007504260499891e+00
1.000006674201602275e+00
1.000005821812181228e+00
1.000004947195777705e+00
1.000004050458792371e+00
1.000003131710484050e+00
1.000002191062969947e+00
1.000001228631226535e+00
1.000000244533088667e+00
9.999992388892501305e-01
9.999982118232637607e-01
9.999971634615414384e-01
9.999960939333532028e-01
9.999950033708288055e-01
9.999938919089569334e-01
9.999927596855850975e-01
9.999916068414198556e-01
9.999904335200275884e-01
9.999892398678331684e-01
9.999880260341208471e-01
9.999867921710346996e-01
9.999855384335772923e-01
9.999842649796112370e-01
9.999829719698585251e-01
9.999816595679004161e-01
9.999803279401777711e-01
9.999789772559913859e-01
9.999776076875011022e-01
9.999762194097269186e-01
9.999748126005486570e-01
9.999733874407055190e-01
9.999719441137969733e-01
9.999704828062819795e-01
9.999690037074799864e-01
9.999675070095700447e-01
9.999659929075914722e-01
9.999644615994438546e-01
9.999629132858866010e-01
9.999613481705396101e-01
9.999597664598830482e-01
9.999581683632575713e-01
9.999565540928639917e-01
9.999549238637637227e-01
9.999532778938787780e-01
9.999516164039915500e-01
9.999499396177455868e-01
9.999482477616443710e-01
9.999465410650527630e-01
9.999448197601963351e-01
9.999431090434629521e-01
9.999414780683577586e-01
9.999399301005722496e-01
9.999384643425450747e-01
9.999370800365237066e-01
9.999357764645659952e-01
9.999345529485413886e-01
9.999334088501308226e-01
9.999323435708280527e-01
9.999313565519403202e-01
9.999304472745885741e-01
9.999296152597090259e-01
9.999288600680527050e-01
9.999281813001863473e-01
9.999275785964928387e-01
9.999270516371719930e-01
9.999266001422398853e-01
9.999262238715305173e-01
9.999259226246950405e-01
9.999256962412027550e-01
9.999255446003402215e-01
9.999254676212127046e-01
9.999254652627431739e-01
9.999255375236731913e-01
9.999256844425621349e-01
9.999259060977879754e-01
9.999262026075466103e-01
9.999265741298514198e-01
9.999270208625342660e-01
9.999275430432440492e-01
9.999281409494472639e-01
9.999288148984269986e-01
9.999295652472834917e-01
9.999303923929324656e-01
9.999312967721060152e-01
9.999322788613511648e-01
9.999333391770295343e-01
9.999344782753172289e-01
9.999356967522033957e-01
9.999369952434901121e-01
9.999383744247913874e-01
9.999398350115328293e-01
9.999413777589493124e-01
9.999430034620866437e-01
9.999447129557976766e-01
9.999465071147437545e-01
9.999483868533919351e-01
9.999503531260148792e-01
9.999524069266890747e-01
9.999545492892940590e-01
9.999567812875104211e-01
9.999591040348192461e-01
9.999615186845000059e-01
9.999640264296293379e-01
9.999666285030793800e-01
9.999693261775162156e-01
9.999721207653983202e-01
9.999750136189738958e-01
9.999780061302802059e-01
9.999810997311405769e-01
9.999842958931633996e-01
9.999875961277386871e-01
9.999910019860374089e-01
9.999945150590077159e-01
9.999981369773738304e-01
1.000001869411632827e+00
1.000005714072052188e+00
1.000009672708667363e+00
1.000013747111279105e+00
1.000017939109449916e+00
1.000022250572502047e+00
1.000026683409514394e+00
1.000031239569317831e+00
1.000035921040494324e+00
1.000040729851371157e+00
1.000045668070019822e+00
1.000050737804250245e+00
1.000055941201609011e+00
1.000061280449372703e+00
1.000066757774547455e+00
1.000072375443862516e+00
1.000078135763766474e+00
1.000084041080422814e+00
1.000090093779706368e+00
1.000096296287196651e+00
1.000102651068175419e+00
1.000109160627619787e+00
1.000115827510198674e+00
1.000122654300265701e+00
1.000129643621855857e+00
1.000136798138678174e+00
1.000144120554111060e+00
1.000151613611195867e+00
1.000159280092631109e+00
1.000167122820765808e+00
1.000175144657593496e+00
1.000183348504745107e+00
1.000191737303482320e+00
1.000200314034690896e+00
1.000209081718872461e+00
1.000218043416139180e+00
1.000227202226203316e+00
1.000236561288371240e+00
1.000246123781535434e+00
1.000255892924164947e+00
1.000265812975932533e+00
1.000275454204867520e+00
1.000284720459750476e+00
1.000293600498070257e+00
1.000302083631895878e+00
1.000310159727811454e+00
1.000317819206850922e+00
1.000325053044436752e+00
1.000331852770321106e+00
1.000338210468528333e+00
1.000344118777303004e+00
1.000349570889057738e+00
1.000354560550328120e+00
1.000359082061726523e+00
1.000363130277904355e+00
1.000366700607512982e+00
1.000369789013172639e+00
1.000372392011441347e+00
1.000374506672791375e+00
1.000376130621586368e+00
1.000377262036064474e+00
1.000377899648325242e+00
1.000378042744319185e+00
1.000377691163843785e+00
1.000376845300541273e+00
1.000375506101901957e+00
1.000373675069271551e+00
1.000371354257861167e+00
1.000368546276764192e+00
1.000365254288973826e+00
1.000361482011407288e+00
1.000357233714932015e+00
1.000352514224396971e+00
1.000347328918667511e+00
1.000341683730662901e+00
1.000335585147398731e+00
1.000329040210031328e+00
1.000322056513908153e+00
1.000314642208616878e+00
1.000306805998042448e+00
1.000298557140423039e+00
1.000289905448411343e+00
1.000280861289137180e+00
1.000271435584272561e+00
1.000261639810099190e+00
1.000251485997576850e+00
1.000240986732415571e+00
1.000230155155147571e+00
1.000219004961199865e+00
1.000207550400970424e+00
1.000195806279903010e+00
1.000183787958561332e+00
1.000171511352707210e+00
1.000158992933374735e+00
1.000146249726945991e+00
1.000133299315225432e+00
1.000120159835512945e+00
1.000106849980676671e+00
1.000093388999221178e+00
1.000079796695357182e+00
1.000066093429065939e+00
1.000052300116161863e+00
1.000038438228351367e+00
1.000024529793288153e+00
1.000010597394624945e+00
9.999966641720591243e-01
9.999827538213752476e-01
9.999688905944800199e-01
9.999550992994339360e-01
9.999414053004730407e-01
9.999278345180275807e-01
9.999144134287302199e-01
9.999011690654182605e-01
9.998881290171264258e-01
9.998753214290707625e-01
9.998627750026246597e-01
9.998505189952815453e-01
9.998385832206111434e-01
9.998269980482001884e-01
9.998157944035857003e-01
9.998050037681729396e-01
9.997946581791407050e-01
9.997847902293355293e-01
9.997754330671477785e-01
9.997666203963770926e-01
9.997583864760791750e-01
9.997507661203981488e-01
9.997437946983815937e-01
9.997375081337781522e-01
9.997319429048178163e-01
9.997271360439717869e-01
9.997231251376942351e-01
9.997199483261431929e-01
9.997176443028809034e-01
9.997162523145518565e-01
9.997158121605383974e-01
9.997163641925945754e-01
9.997179493144534579e-01
9.997206089814126839e-01
9.997243851998914854e-01
9.997293205269642824e-01
9.997354580698647464e-01
9.997428414854637735e-01
9.997515149797172596e-01
9.997615233070857865e-01
9.997728901494720155e-01
9.997849119346168267e-01
9.997972222953275256e-01
9.998098093778791107e-01
9.998226613686268527e-01
9.998357664940363820e-01
9.998491130207112221e-01
9.998626892554191015e-01
9.998764835451171562e-01
9.998904842769753554e-01
9.999046798783977064e-01
9.999190588170434602e-01
9.999336096008456520e-01
9.999483207780285321e-01
9.999631809371241076e-01
9.999781787069863537e-01
9.999933027568044253e-01
1.000008541796115757e+00
1.000023884574814836e+00
1.000039319883163857e+00
1.000054836551799387e+00
1.000070423451741020e+00
1.000086069494394048e+00
1.000101763631555452e+00
1.000117494855416123e+00
1.000133252198561529e+00
1.000149024733973269e+00
1.000164801575027740e+00
1.000180571875493696e+00
1.000196324829529138e+00
1.000212049671676873e+00
1.000227735676858964e+00
1.000243372160369626e+00
1.000258948477867671e+00
1.000274454025367854e+00
1.000289878239229546e+00
1.000305210596147187e+00
1.000320440613136741e+00
1.000335557847523482e+00
1.000350551896926898e+00
1.000365412399245368e+00
1.000380129032641063e+00
1.000394691515520851e+00
1.000409089606518975e+00
1.000423313104478407e+00
1.000437351848429746e+00
1.000451195717569908e+00
1.000464834631241251e+00
1.000478258548907817e+00
1.000491457470131573e+00
1.000504421434547764e+00
1.000517140521840043e+00
1.000529604851712717e+00
1.000541804583865435e+00
1.000553729917962986e+00
1.000565371093607769e+00
1.000576718390310926e+00
1.000587762127460145e+00
1.000598492664288797e+00
1.000608900399846179e+00
1.000618975772961550e+00
1.000628709262213700e+00
1.000130363871446049e+00
1.000130256599291112e+00
1.000129935047593843e+00
1.000129400010657088e+00
1.000128652812322771e+00
1.000127695305974784e+00
1.000126529874545867e+00
1.000125159430524269e+00
1.000123587415963522e+00
1.000121817802492874e+00
1.000119855091329057e+00
1.000117704313290279e+00
1.000115371028810651e+00
1.000112861327955960e+00
1.000110181830441203e+00
1.000107339685648800e+00
1.000104342572646576e+00
1.000101198700208860e+00
1.000097916806835574e+00
1.000094506160773777e+00
1.000090976560037870e+00
1.000087338332431797e+00
1.000083602335569699e+00
1.000079779956895898e+00
1.000075883113706210e+00
1.000071924253167488e+00
1.000067916352336717e+00
1.000063872918177443e+00
1.000059807987576876e+00
1.000055736127361428e+00
1.000051672434307592e+00
1.000047632535154607e+00
1.000043632586610665e+00
1.000039689275360466e+00
1.000035819818065885e+00
1.000032041961366858e+00
1.000028373981875385e+00
1.000024834686167541e+00
1.000021443410771926e+00
1.000018220022150128e+00
1.000015184916676070e+00
1.000012359020607144e+00
1.000009763790050688e+00
1.000007421210925340e+00
1.000005353798913088e+00
1.000003584599406636e+00
1.000002137187449680e+00
1.000001035667666960e+00
1.000000304674188323e+00
9.999999693705636794e-01
1.000000055449667524e+00
1.000000589133595463e+00
1.000001597173550305e+00
1.000003106849715939e+00
1.000005145971122777e+00
1.000007742875500094e+00
1.000010926429115932e+00
1.000014726026605238e+00
1.000019171590784905e+00
1.000024293572455036e+00
1.000030122950184452e+00
1.000036691230084651e+00
1.000044030445565113e+00
1.000052173157075064e+00
1.000061152451826363e+00
1.000071001943502624e+00
1.000081755771946579e+00
1.000093448602832780e+00
1.000106115627319436e+00
1.000119792561680043e+00
1.000134515646916800e+00
1.000150321648352048e+00
1.000167247855197727e+00
1.000185332080103739e+00
1.000204612658682324e+00
1.000225128449010015e+00
1.000246918831104725e+00
1.000270023706378186e+00
1.000294483497062403e+00
1.000320339145610138e+00
1.000347632114068075e+00
1.000376404383423345e+00
1.000406698452919407e+00
1.000438557339345058e+00
1.000472024576291474e+00
1.000506807422118172e+00
1.000540418628222294e+00
1.000572364745895282e+00
1.000602668839785769e+00
1.000631354128475259e+00
1.000658443984831836e+00
1.000683961936363664e+00
1.000707931665570705e+00
1.000730377010294658e+00
1.000751321964064466e+00
1.000770790676443589e+00
1.000788807453371509e+00
1.000805396757504351e+00
1.000820583208552161e+00
1.000834391583615535e+00
1.000846846817516234e+00
1.000857974003126927e+00
1.000867798391698482e+00
1.000876345393181044e+00
1.000883640576545996e+00
1.000889709670100158e+00
1.000894578561799975e+00
1.000898273299559715e+00
1.000900820091556565e+00
1.000902245306531269e+00
1.000902575474086342e+00
1.000901837284977169e+00
1.000900057591401326e+00
1.000897263407281024e+00
1.000893481908542881e+00
1.000888740433392154e+00
1.000883066482580075e+00
1.000876487719669861e+00
1.000869031971293843e+00
1.000860727227406821e+00
1.000851601641533417e+00
1.000841683531009663e+00
1.000831001377219032e+00
1.000819583825821590e+00
1.000807459686977596e+00
1.000794657935564436e+00
1.000781207711386456e+00
1.000767138319379246e+00
1.000752479229806591e+00
1.000737260078448099e+00
1.000721510666784386e+00
1.000705260962169163e+00
1.000688541097999318e+00
1.000671381373872348e+00
1.000653812255738906e+00
1.000635864376046236e+00
1.000617568533873403e+00
1.000598955695058079e+00
1.000580056992314004e+00
1.000560903725342232e+00
1.000541527360928606e+00
1.000521959533037242e+00
1.000502232042890460e+00
1.000482376859042288e+00
1.000462426117440407e+00
1.000442412121477886e+00
1.000422367342036933e+00
1.000402324417518640e+00
1.000382316153867190e+00
1.000362375524578740e+00
1.000342535670701638e+00
1.000322829900825328e+00
1.000303291691058805e+00
1.000283954684994647e+00
1.000264852693664608e+00
1.000246019695481881e+00
1.000227489836172046e+00
1.000209297428689137e+00
1.000191476953123937e+00
1.000174063056594287e+00
1.000157090553127182e+00
1.000140594423524432e+00
1.000124609815216781e+00
1.000109172042103589e+00
1.000094316584379639e+00
1.000080079088348173e+00
1.000066495366217945e+00
1.000053601395888281e+00
1.000041433320718376e+00
1.000030027449282377e+00
1.000020292859063131e+00
1.000013423434159110e+00
1.000009228022230356e+00
1.000007507535343843e+00
1.000008067944117895e+00
1.000010720282385135e+00
1.000015280651314287e+00
1.000021570223025291e+00
1.000029415243730568e+00
1.000038647036433970e+00
1.000049102003215618e+00
1.000060621627137714e+00
1.000073052473796409e+00
1.000086246192547268e+00
1.000100059517436524e+00
1.000114354267857220e+00
1.000128997348964655e+00
1.000143860751867120e+00
1.000158821553620125e+00
1.000173761917048543e+00
1.000188569090413093e+00
1.000203135406947608e+00
1.000217358284283931e+00
1.000231140223784010e+00
1.000244388809800045e+00
1.000257016708874902e+00
1.000268941668905454e+00
1.000280086518279044e+00
1.000290379164999965e+00
1.000299752595821490e+00
1.000308144875391436e+00
1.000315499145429055e+00
1.000321763623938098e+00
1.000326891604471635e+00
1.000330841455454811e+00
1.000333576619573561e+00
1.000335065613238372e+00
1.000335282026128647e+00
1.000334204520823000e+00
1.000331816832520371e+00
1.000328107768856611e+00
1.000323071209817227e+00
1.000316706107751141e+00
1.000309016487484826e+00
1.000300011446536130e+00
1.000289705155429587e+00
1.000278116858109412e+00
1.000265270872449541e+00
1.000251196590855152e+00
1.000235928480952774e+00
1.000219506086364341e+00
1.000201974027557839e+00
1.000183382002767241e+00
1.000163784788976384e+00
1.000143242242953923e+00
1.000121819302334458e+00
1.000099585986730988e+00
1.000076617398868439e+00
1.000052993725728090e+00
1.000028800239687543e+00
1.000004127299639389e+00
9.999790703520808899e-01
9.999537299321483719e-01
9.999282116645905605e-01
9.999026262646526497e-01
9.998770895388594537e-01
9.998517223856746572e-01
9.998266507960152927e-01
9.998020058536025712e-01
9.997779237351226422e-01
9.997545457101777444e-01
9.997320181410002116e-01
9.997104924819071314e-01
9.996901252784661240e-01
9.996710781663481482e-01
9.996535178698388036e-01
9.996376161999773746e-01
9.996235500522965278e-01
9.996115014041302427e-01
9.996016573114597792e-01
9.995942099052647078e-01
9.995893563873451404e-01
9.995872990255840751e-01
9.995882451486105547e-01
9.995923104750884525e-01
9.995984145616592098e-01
9.996061533002466026e-01
9.996154685308196175e-01
9.996263024624574278e-01
9.996385976742269142e-01
9.996522971160195503e-01
9.996673441093453238e-01
9.996836823480881318e-01
9.997012558992203202e-01
9.997200092034798091e-01
9.997398870760081380e-01
9.997608347069509849e-01
9.997827976620232704e-01
9.998057218830372905e-01
9.998295536883948786e-01
9.998542397735478149e-01
9.998797272114209322e-01
9.999059634528050244e-01
9.999328963267148929e-01
9.999604740407186387e-01
9.999886451812323163e-01
1.000017358713787052e+00
1.000046563983265857e+00
1.000076210714110347e+00
1.000106249010500603e+00
1.000136629356506157e+00
1.000167302616211451e+00
1.000198220033813978e+00
1.000229333233696005e+00
1.000260594220473642e+00
1.000291955379019715e+00
1.000323369474462654e+00
1.000354789652164733e+00
1.000386169437675221e+00
1.000417462736662211e+00
1.000448623834825579e+00
1.000479607397786408e+00
1.000510368470957756e+00
1.000540862479397219e+00
1.000571045227637290e+00
1.000600872899503058e+00
1.000630302057906373e+00
1.000659289644627137e+00
1.000687792980077484e+00
1.000715769763047991e+00
1.000743178070442108e+00
1.000769976356992386e+00
1.000796123454964937e+00
1.000821578573849902e+00
1.000846301300038155e+00
1.000870251596485572e+00
1.000893389802366418e+00
1.000915676632713636e+00
1.000937073178049586e+00
1.000957540904005683e+00
1.000977041650932042e+00
1.000995537633498245e+00
1.001012991440284772e+00
1.001029366033365120e+00
1.001044624747882583e+00
1.001058731291615933e+00
1.001071649744541547e+00
1.001083344558386212e+00
1.001093780556175927e+00
1.001102922931777384e+00
1.001110737249435667e+00
1.001117189443306410e+00
1.001122245816982392e+00
1.001125873043019476e+00
1.001128038162456546e+00
1.001128708584332339e+00
1.001127852085200276e+00
1.001125436808642188e+00
1.001121431264777373e+00
1.001115804329773207e+00
1.001108525245352210e+00
1.001099563618300659e+00
1.001088889419974315e+00
1.001076472985806376e+00
1.001062285014815645e+00
1.001046296569112926e+00
1.001028479073413191e+00
1.001008804314544420e+00
1.000987244440960655e+00
1.000964384953133335e+00
1.000941542636475834e+00
1.000918769940230657e+00
1.000896074203303732e+00
1.000873462791325830e+00
1.000850943096650125e+00
1.000828522538348420e+00
1.000806208562206479e+00
1.000784008640721368e+00
1.000761930273094125e+00
1.000739980985224653e+00
1.000718168329705282e+00
1.000696499885813662e+00
1.000674983259505213e+00
1.000653626083404246e+00
1.000632436016795301e+00
1.000611420745613822e+00
1.000590587982435054e+00
1.000569945466463606e+00
1.000549500963521687e+00
1.000529262266037112e+00
1.000509237193029310e+00
1.000489433590096899e+00
1.000469859329402578e+00
1.000450522309657808e+00
1.000431430456107273e+00
1.000412591720512889e+00
1.000394014081135596e+00
1.000375705542717819e+00
1.000357674136464370e+00
1.000339927920023575e+00
1.000322474977466847e+00
1.000305323419266701e+00
1.000288481382276551e+00
1.000271957029706948e+00
1.000255758551102048e+00
1.000239894162316290e+00
1.000224372105489534e+00
1.000209200649019969e+00
1.000194388087539021e+00
1.000179942741882710e+00
1.000165872959064339e+00
1.000152187112244517e+00
1.000138893600701850e+00
1.000126000849802299e+00
1.000113517310966316e+00
1.000101451461637758e+00
1.000089811805249695e+00
1.000078606871190212e+00
1.000067845214767104e+00
1.000057535417172128e+00
1.000047686085443033e+00
1.000038305852427589e+00
1.000029403376742287e+00
1.000020987342734369e+00
1.000013066460440525e+00
1.000005649465544932e+00
9.999987451193370624e-01
9.999923622086678288e-01
9.999865095459050668e-01
9.999811959688886809e-01
9.999764303408825716e-01
9.999722215505286727e-01
9.999685785117978787e-01
9.999655101639405297e-01
9.999630254714355626e-01
9.999611334239396632e-01
9.999598430362344192e-01
9.999591633481722530e-01
9.999591034246227972e-01
9.999596723554159405e-01
9.999608792552859837e-01
9.999627332638139077e-01
9.999652435453679766e-01
9.999684192890436751e-01
9.999722697086030898e-01
9.999768040424130700e-01
9.999820315533813897e-01
9.999879615288923551e-01
9.999946032807417451e-01
1.000001966145070309e+00
1.000010059482295599e+00
1.000018892677043247e+00
1.000028475138077688e+00
1.000038793528172709e+00
1.000049283088676688e+00
1.000059694498331986e+00
1.000070025125598061e+00
1.000080272345639232e+00
1.000090433540322898e+00
1.000100506098216879e+00
1.000110487414585636e+00
1.000120374891388719e+00
1.000130165937278104e+00
1.000139857967594637e+00
1.000149448404366037e+00
1.000158934676303346e+00
1.000168314218797816e+00
1.000177584473918690e+00
1.000186742890409208e+00
1.000195786923684604e+00
1.000204714035827669e+00
1.000213521695586305e+00
1.000222207378370198e+00
1.000230768566247042e+00
1.000239202747939649e+00
1.000247507418821957e+00
1.000255680080916365e+00
1.000263718242889066e+00
1.000271619420047609e+00
1.000279381134336676e+00
1.000287000914333868e+00
1.000294476295247259e+00
1.000301804818910734e+00
1.000308984033779991e+00
1.000316011494929658e+00
1.000322884764047737e+00
1.000329601409433611e+00
1.000336159005992709e+00
1.000342555135232514e+00
1.000348787385259453e+00
1.000354853350773787e+00
1.000360750633065177e+00
1.000366476840009566e+00
1.000372029586064748e+00
1.000377406492264809e+00
1.000382605186217688e+00
1.000387623302098739e+00
1.000392458480648283e+00
1.000397108369165622e+00
1.000401570621505698e+00
1.000405842898073772e+00
1.000409922865820977e+00
1.000413808198240329e+00
1.000417496575361387e+00
1.000420985683746045e+00
1.000424273216483195e+00
1.000427356873184959e+00
1.000430234359980908e+00
1.000432903389514516e+00
1.000435361680936497e+00
1.000437606959901915e+00
1.000439636958563971e+00
1.000441449415569561e+00
1.000443042076053946e+00
1.000444412691636753e+00
1.000445559020415542e+00
1.000446478826962027e+00
1.000447169882315857e+00
1.000447629963980845e+00
1.000447856855918305e+00
1.000447848348543500e+00
1.000447602238719202e+00
1.000447116329751029e+00
1.000446388431382116e+00
1.000445416359787565e+00
1.000444197937570001e+00
1.000442730993753804e+00
1.000441013363778886e+00
1.000439042889497143e+00
1.000436817419165347e+00
1.000434334807440706e+00
1.000431592915375312e+00
1.000428589610410812e+00
1.000425322766372416e+00
1.000421790263463784e+00
1.000417989988261702e+00
1.000413919833709864e+00
1.000409577699114649e+00
1.000405042420506208e+00
1.000400564979749829e+00
1.000396163678414885e+00
1.000391838792078492e+00
1.000387590599124410e+00
1.000383419380743932e+00
1.000379325420935661e+00
1.000375309006504621e+00
1.000371370427062256e+00
1.000367509975027325e+00
1.000363727945623671e+00
1.000360024636882672e+00
1.000356400349640351e+00
1.000352855387539153e+00
1.000349390057027277e+00
1.000346004667358013e+00
1.000342699530589519e+00
1.000339474961585706e+00
1.000336331278014690e+00
1.000333268800349007e+00
1.000330287851866062e+00
1.000327388758647462e+00
1.000324571849577904e+00
1.000321837456346508e+00
1.000319185913445486e+00
1.000316617558170140e+00
1.000314132730619532e+00
1.000311731773694257e+00
1.000309415033098226e+00
1.000307182857337107e+00
1.000305035597718994e+00
1.000302973608352852e+00
1.000300997246150070e+00
1.000299106870822241e+00
1.000297302844882275e+00
1.000295585533643949e+00
1.000293955305220139e+00
1.000292412530525032e+00
1.000290957583272133e+00
1.000289590839973597e+00
1.000288312679941338e+00
1.000287123485285701e+00
1.000286023640915900e+00
1.000285013534538914e+00
1.000284093556659037e+00
1.000283264100578773e+00
1.000282525562397273e+00
1.000281878341010788e+00
1.000281322838111109e+00
1.000280859458186900e+00
1.000280488608522367e+00
1.000280210699196815e+00
1.000280026143084200e+00
1.000279935355853578e+00
1.000279938755967768e+00
1.000280036764683356e+00
1.000280229806050691e+00
1.000280518306912336e+00
1.000280902696904173e+00
1.000281383408453628e+00
1.000281960876780341e+00
1.000282635539894605e+00
1.000283407838598260e+00
1.000284278216483136e+00
1.000285247119931054e+00
1.000286314998113379e+00
1.000287482302990583e+00
1.000288749489311790e+00
1.000290117014613900e+00
1.000291585339222244e+00
1.000293154926248818e+00
1.000294826241591828e+00
1.000296599753936366e+00
1.000298475934752851e+00
1.000300455258297250e+00
1.000302538201609970e+00
1.000304725244515192e+00
1.000307016869621313e+00
1.000309413562319838e+00
1.000311915810784047e+00
1.000314524105969882e+00
1.000317238941614617e+00
1.000320060814236411e+00
1.000322990223133424e+00
1.000326025827003695e+00
1.000329025682972661e+00
1.000331901043565619e+00
1.000334652465727059e+00
1.000337280510686266e+00
1.000339785743957544e+00
1.000342168735341319e+00
1.000344430058924816e+00
1.000346570293082937e+00
1.000348590020477602e+00
1.000350489828060407e+00
1.000352270307071745e+00
1.000353932053041905e+00
1.000355475665791971e+00
1.000356901749434257e+00
1.000358210912373202e+00
1.000359403767305588e+00
1.000360480931222318e+00
1.000361443025407304e+00
1.000362290675439914e+00
1.000363024511194299e+00
1.000363645166841842e+00
1.000364153280849600e+00
1.000364549495982969e+00
1.000364834459305463e+00
1.000365008822178936e+00
1.000365073240265801e+00
1.000365028373528364e+00
1.000364874886230160e+00
1.000364613446936612e+00
1.000364244728515484e+00
1.000363769408138648e+00
1.000363188167281203e+00
1.000362501691723027e+00
1.000361710671549442e+00
1.000360815801153214e+00
1.000359817779232774e+00
1.000358717308794221e+00
1.000357515097153760e+00
1.000356211855934818e+00
1.000354808301071818e+00
1.000353305152809291e+00
1.000351703135704540e+00
1.000350002978625863e+00
1.000348205414754776e+00
1.000346311181586900e+00
1.000344321020931515e+00
1.000342235678914227e+00
1.000340055905975634e+00
1.000337782456873992e+00
1.000335416090684548e+00
1.000332957570800207e+00
1.000330407664934418e+00
1.000327767145118951e+00
1.000325036787706789e+00
1.000322217373371902e+00
1.000319309687111025e+00
1.000316314518242544e+00
1.000313232660409168e+00
1.000310064911578145e+00
1.000306812074041041e+00
1.000303474954415517e+00
1.000300054363645996e+00
1.000296551117004773e+00
1.000292966034090458e+00
1.000289299938832199e+00
1.000285553659488347e+00
1.000281728028647121e+00
1.000277823883227502e+00
1.000273842064481666e+00
1.000269783417993441e+00
1.000265648793679407e+00
1.000261439045790901e+00
1.000257155032914458e+00
1.000252797617970923e+00
1.000248367668218119e+00
1.000243866055251063e+00
1.000239293655001527e+00
1.000234651347740700e+00
1.000229940018077857e+00
1.000225160554963244e+00
1.000220313851686749e+00
1.000215400805879895e+00
1.000210422319516068e+00
1.000205379298911401e+00
1.000200337653681881e+00
1.000195592262842714e+00
1.000191176139435534e+00
1.000187085819886912e+00
1.000183317845702247e+00
1.000179868763477309e+00
1.000176735124908900e+00
1.000173913486807287e+00
1.000171400411104194e+00
1.000169192464867240e+00
1.000167286220307483e+00
1.000165678254791413e+00
1.000164365150850942e+00
1.000163343496193624e+00
1.000162609883712639e+00
1.000162160911496345e+00
1.000161993182838716e+00
1.000162103306248440e+00
1.000162487895458474e+00
1.000163143569436253e+00
1.000164066952390574e+00
1.000165254673783810e+00
1.000166703368338128e+00
1.000168409676046588e+00
1.000170370242179585e+00
1.000172581717295062e+00
1.000175040757246059e+00
1.000177744023189597e+00
1.000180688181594002e+00
1.000183869904248013e+00
1.000187285868267439e+00
1.000190932756103823e+00
1.000194807255551765e+00
1.000198906059756476e+00
1.000203225867220880e+00
1.000207763381813164e+00
1.000212515312773665e+00
1.000217478374722413e+00
1.000222649287664911e+00
1.000228024777000346e+00
1.000233601573526254e+00
1.000239376413447179e+00
1.000245346038379557e+00
1.000251507195357936e+00
1.000257856636842524e+00
1.000264391120723406e+00
1.000271107410327653e+00
1.000278002274424205e+00
1.000285072487230753e+00
1.000292314828417517e+00
1.000299726083113905e+00
1.000307303041914286e+00
1.000315042500881102e+00
1.000322941261552190e+00
1.000330996130943673e+00
1.000339203921556841e+00
1.000347561451381040e+00
1.000356065543899442e+00
1.000364713028093044e+00
1.000373500738445109e+00
1.000382425514945162e+00
1.000391484203093428e+00
1.000400673653905281e+00
1.000409990723913900e+00
1.000419432275175380e+00
1.000428995175272062e+00
1.000438676297315199e+00
1.000448472519949838e+00
1.000458380727357488e+00
1.000468397809259002e+00
1.000478520660918802e+00
1.000488746183147093e+00
1.000499071282302754e+00
1.000509492870296668e+00
1.000520007864593941e+00
1.000530613188217455e+00
1.000541305769749645e+00
1.000552082543334498e+00
1.000562940448681104e+00
1.000573876431064768e+00
1.000584887441330117e+00
1.000595970435892212e+00
1.000607122376738767e+00
1.000618340231433034e+00
1.000629620810513432e+00
1.000640479851505171e+00
1.000650477213418599e+00
1.000659624566097472e+00
1.000667933635241758e+00
1.000675416202502221e+00
1.000682084105578573e+00
1.000687949238311836e+00
1.000693023550780492e+00
1.000697319049393297e+00
1.000700847796981430e+00
1.000703621912891972e+00
1.000705653573076948e+00
1.000706955010185695e+00
1.000707538513652795e+00
1.000707416429787333e+00
1.000706601161860609e+00
1.000705105170192288e+00
1.000702940972236554e+00
1.000700121142666932e+00
1.000696658313460441e+00
1.000692565173978643e+00
1.000687854471052018e+00
1.000682539009058569e+00
1.000676631650003978e+00
1.000670145313600656e+00
1.000663092977343904e+00
1.000655487676588740e+00
1.000647342504624726e+00
1.000638670612749692e+00
1.000629485210342118e+00
1.000619799564931967e+00
1.000609627002271518e+00
1.000598980906402424e+00
1.000587874719724768e+00
1.000576321943061009e+00
1.000564336135721710e+00
1.000551930915568155e+00
1.000539119959073409e+00
1.000525917001382936e+00
1.000512335836372557e+00
1.000498390316706621e+00
1.000484094353891296e+00
1.000469461918330527e+00
1.000454507039376884e+00
1.000439243805382405e+00
1.000423686363747677e+00
1.000407848920968235e+00
1.000391745742681415e+00
1.000375391153707438e+00
1.000358799538093812e+00
1.000341985339154194e+00
1.000324963059505912e+00
1.000307747261106606e+00
1.000290352565289531e+00
1.000272793652793757e+00
1.000255085263796584e+00
1.000237242197940857e+00
1.000219279314361165e+00
1.000201211531708045e+00
1.000183053828171076e+00
1.000164821241497082e+00
1.000146528869009455e+00
1.000128191867623695e+00
1.000109825453859402e+00
1.000091444903852267e+00
1.000073065553363616e+00
1.000054702797785522e+00
1.000036372092145243e+00
1.000018088951107664e+00
9.999998689489741910e-01
9.999817277196789700e-01
9.999636809567840068e-01
9.999457444134709494e-01
9.999279339025296531e-01
9.999102652963455240e-01
9.998927545268831985e-01
9.998754175856683357e-01
9.998582705237653023e-01
9.998413294517549676e-01
9.998246105397053940e-01
9.998081300171448582e-01
9.997919041730277678e-01
9.997759493556994670e-01
9.997602819728590440e-01
9.997450884217484735e-01
9.997315337043476413e-01
9.997197860715665296e-01
9.997097861881425462e-01
9.997014754262848468e-01
9.996947958667181666e-01
9.996896902996741385e-01
9.996861022258322071e-01
9.996839758572121371e-01
9.996832561180173382e-01
9.996838886454334494e-01
9.996858197903812915e-01
9.996889966182258558e-01
9.996933669094427710e-01
9.996988791602452462e-01
9.997054825831693803e-01
9.997131271076218351e-01
9.997217633803908710e-01
9.997313427661203011e-01
9.997418173477495840e-01
9.997531399269201646e-01
9.997652640243491762e-01
9.997781438801727205e-01
9.997917344542583962e-01
9.998059914264895154e-01
9.998208711970220097e-01
9.998363308865136911e-01
9.998523283363288661e-01
9.998688221087187467e-01
9.998857714869776592e-01
9.999031364755780471e-01
9.999208778002832698e-01
9.999389569082413054e-01
9.999573359680575813e-01
9.999759778698512624e-01
9.999948462252936654e-01
1.000013905367629352e+00
1.000033120351683014e+00
1.000052456953852031e+00
1.000071881672083496e+00
1.000091361725840677e+00
1.000110865056056619e+00
1.000130360325075296e+00
1.000149816916585666e+00
1.000169204935542622e+00
1.000188495208082395e+00
1.000207659281427297e+00
1.000226669423784909e+00
1.000245498624240392e+00
1.000264120592643469e+00
1.000282509759487404e+00
1.000300641275789104e+00
1.000318491012958999e+00
1.000336035562672699e+00
1.000353252236737323e+00
1.000370119066957164e+00
1.000386614804996466e+00
1.000402718922243306e+00
1.000418411609672154e+00
1.000433673777705090e+00
1.000448487056076363e+00
1.000462833793696493e+00
1.000476697058519049e+00
1.000490060637407197e+00
1.000502909036005583e+00
1.000515227478613323e+00
1.000527001908060987e+00
1.000538218985591143e+00
1.000548866090741340e+00
1.000558931321234635e+00
1.000568403492872793e+00
1.000577272139432150e+00
1.000585527512570128e+00
1.000593160581732644e+00
1.000600163034068624e+00
1.000606527274351398e+00
1.000612246424904983e+00
1.000617314325537022e+00
1.000621725533479056e+00
1.000625475323331681e+00
1.000628559687019026e+00
1.000630975333747674e+00
1.000632719689974470e+00
1.000633790899379649e+00
1.000634187822849075e+00
1.000634187822849075e+00
1.000634187822849075e+00
1.000634187822849075e+00
1.000634187822849075e+00
1.000634187822849075e+00
1.000634187822849075e+00
1.000634187822849075e+00
1.000634187822849075e+00
1.000634187822849075e+00
1.000634187822849075e+00
1.000634187822849075e+00
1.000634187822849075e+00
1.000634187822849075e+00
1.000634187822849075e+00
1.000634187822849075e+00
1.000634187822849075e+00
1.000634187822849075e+00
1.000634187822849075e+00
1.000634187822849075e+00
1.000634187822849075e+00
1.000634187822849075e+00
1.000634187822849075e+00
1.000634187822849075e+00
1.000634187822849075e+00
1.000634187822849075e+00
1.000634187822849075e+00
1.000634187822849075e+00
1.000634187822849075e+00
1.000634187822849075e+00
1.000634187822849075e+00
1.000634187822849075e+00
1.000634187822849075e+00
1.000634187822849075e+00
1.000634187822849075e+00
1.000634187822849075e+00
1.000634187822849075e+00
1.000634187822849075e+00
1.000634187822849075e+00
1.000634187822849075e+00
1.000634187822849075e+00
1.000634187822849075e+00
1.000634187822849075e+00
1.000634187822849075e+00
1.000634187822849075e+00
1.000634187822849075e+00
1.000634187822849075e+00
1.000634187822849075e+00
1.000634187822849075e+00
1.000634187822849075e+00
1.000634187822849075e+00
1.000634187822849075e+00
1.000634187822849075e+00
1.000634187822849075e+00
1.000634187822849075e+00
1.000634187822849075e+00
1.000634187822849075e+00
1.000634187822849075e+00
1.000634187822849075e+00
1.000634187822849075e+00
1.000634187822849075e+00
1.000634187822849075e+00
1.000634187822849075e+00
1.000634187822849075e+00
1.000634187822849075e+00
1.000634187822849075e+00
1.000634187822849075e+00
1.000634187822849075e+00
1.000634187822849075e+00
1.000634187822849075e+00
1.000634187822849075e+00
1.000634187822849075e+00
1.000634187822849075e+00
1.000634187822849075e+00
1.000634187822849075e+00
1.000634187822849075e+00
1.000634187822849075e+00
1.000634187822849075e+00
1.000634187822849075e+00
1.000634187822849075e+00
1.000634187822849075e+00
1.000634187822849075e+00
1.000634187822849075e+00
1.000634187822849075e+00
1.000634187822849075e+00
1.000634187822849075e+00
1.000634187822849075e+00
1.000634187822849075e+00
1.000634187822849075e+00
1.000634187822849075e+00
1.000634187822849075e+00
1.000634187822849075e+00
1.000634187822849075e+00
1.000634187822849075e+00
1.000634187822849075e+00
1.000634187822849075e+00
1.000634187822849075e+00
1.000634187822849075e+00
1.000634187822849075e+00
1.000634187822849075e+00
1.000634187822849075e+00
1.000634187822849075e+00
1.000634187822849075e+00
1.000634187822849075e+00
1.000634187822849075e+00
1.000634187822849075e+00
1.000634187822849075e+00
1.000634187822849075e+00
1.000634187822849075e+00
1.000634187822849075e+00
1.000634187822849075e+00
1.000634187822849075e+00
1.000634187822849075e+00
1.000634187822849075e+00
1.000634187822849075e+00
1.000634187822849075e+00
1.000634187822849075e+00
1.000634187822849075e+00
1.000634187822849075e+00
1.000634187822849075e+00
1.000634187822849075e+00
1.000634187822849075e+00
1.000634187822849075e+00
1.000634187822849075e+00
1.000634187822849075e+00
1.000634187822849075e+00
1.000634187822849075e+00
1.000634187822849075e+00
1.000634187822849075e+00
1.000634187822849075e+00
1.000634187822849075e+00
1.000634187822849075e+00
1.000634187822849075e+00
1.000634187822849075e+00
1.000634187822849075e+00
1.000634187822849075e+00
1.000634187822849075e+00
1.000634187822849075e+00
1.000634187822849075e+00
1.000634187822849075e+00
1.000634187822849075e+00
1.000634187822849075e+00
1.000634187822849075e+00
1.000634187822849075e+00
1.000634187822849075e+00
1.000634187822849075e+00
1.000634187822849075e+00
1.000634187822849075e+00
1.000634187822849075e+00
1.000634187822849075e+00
1.000634187822849075e+00
1.000634187822849075e+00
1.000634187822849075e+00
1.000634187822849075e+00
1.000634187822849075e+00
1.000634187822849075e+00
1.000634187822849075e+00
1.000634187822849075e+00
1.000634187822849075e+00
1.000634187822849075e+00
1.000634187822849075e+00
1.000634187822849075e+00
1.000634187822849075e+00
1.000634187822849075e+00
1.000634187822849075e+00
1.000634187822849075e+00
1.000634187822849075e+00
1.000634187822849075e+00
1.000634187822849075e+00
1.000634187822849075e+00
1.000634187822849075e+00
1.000634187822849075e+00
1.000634187822849075e+00
1.000634187822849075e+00
1.000634187822849075e+00
1.000634187822849075e+00
1.000634187822849075e+00
1.000634187822849075e+00
1.000634187822849075e+00
1.000634187822849075e+00
1.000634187822849075e+00
1.000634187822849075e+00
1.000634187822849075e+00
1.000634187822849075e+00
1.000634187822849075e+00
1.000634187822849075e+00
1.000634187822849075e+00
1.000634187822849075e+00
1.000634187822849075e+00
1.000634187822849075e+00
1.000634187822849075e+00
1.000634187822849075e+00
1.000634187822849075e+00
1.000634187822849075e+00
1.000634187822849075e+00
1.000634187822849075e+00
1.000634187822849075e+00
1.000634187822849075e+00
1.000634187822849075e+00
1.000634187822849075e+00
1.000634187822849075e+00
1.000634187822849075e+00
1.000634187822849075e+00
1.000634187822849075e+00
1.000634187822849075e+00
1.000634187822849075e+00
1.000634187822849075e+00
1.000634187822849075e+00
1.000634187822849075e+00
1.000634187822849075e+00
1.000634187822849075e+00
1.000634187822849075e+00
1.000634187822849075e+00
1.000634187822849075e+00
1.000634187822849075e+00
1.000634187822849075e+00
1.000634187822849075e+00
1.000634187822849075e+00
1.000634187822849075e+00
1.000634187822849075e+00
1.000634187822849075e+00
1.000634187822849075e+00
1.000634187822849075e+00
1.000634187822849075e+00
1.000634187822849075e+00
1.000634187822849075e+00
1.000634187822849075e+00
1.000634187822849075e+00
1.000634187822849075e+00
1.000634187822849075e+00
1.000634187822849075e+00
1.000634187822849075e+00
1.000634187822849075e+00
1.000634187822849075e+00
1.000634187822849075e+00
1.000634187822849075e+00
1.000634187822849075e+00
1.000634187822849075e+00
1.000634187822849075e+00
1.000634187822849075e+00
1.000634187822849075e+00
1.000634187822849075e+00
1.000634187822849075e+00
1.000634187822849075e+00
1.000634187822849075e+00
1.000634187822849075e+00
1.000634187822849075e+00
1.000634187822849075e+00
1.000634187822849075e+00
1.000634187822849075e+00
1.000634187822849075e+00
1.000634187822849075e+00
1.000634187822849075e+00
1.000634187822849075e+00
1.000634187822849075e+00
1.000634187822849075e+00
1.000634187822849075e+00
1.000634187822849075e+00
1.000634187822849075e+00
1.000634187822849075e+00
1.000634187822849075e+00
1.000634187822849075e+00
1.000634187822849075e+00
1.000634187822849075e+00
1.000634187822849075e+00
1.000634187822849075e+00
1.000634187822849075e+00
1.000634187822849075e+00
1.000634187822849075e+00
1.000634187822849075e+00
1.000634187822849075e+00
1.000634187822849075e+00
1.000634187822849075e+00
1.000634187822849075e+00
1.000634187822849075e+00
1.000634187822849075e+00
1.000634187822849075e+00
1.000634187822849075e+00
1.000634187822849075e+00
1.000634187822849075e+00
1.000634187822849075e+00
1.000634187822849075e+00
1.000634187822849075e+00
1.000634187822849075e+00
1.000634187822849075e+00
1.000634187822849075e+00
1.000634187822849075e+00
1.000634187822849075e+00
1.000634187822849075e+00
1.000634187822849075e+00
1.000634187822849075e+00
1.000634187822849075e+00
1.000634187822849075e+00
1.000627783021738493e+00
1.000627338340218664e+00
1.000626004928376389e+00
1.000623784684370632e+00
1.000620680771827198e+00
1.000616697619881812e+00
1.000611840923237628e+00
1.000606117642241388e+00
1.000599536002973577e+00
1.000592105497355888e+00
1.000583836883274014e+00
1.000574742184714649e+00
1.000564834691918481e+00
1.000554128961546052e+00
1.000542640816857398e+00
1.000530387347905670e+00
1.000517386911739859e+00
1.000503659132624179e+00
1.000489224902261221e+00
1.000474106380031536e+00
1.000458326993237224e+00
1.000441911437355946e+00
1.000424885676300057e+00
1.000407276942682833e+00
1.000389113738088476e+00
1.000370425833346344e+00
1.000351244268804729e+00
1.000331601354609745e+00
1.000311530670978888e+00
1.000291067068475925e+00
1.000270246668281127e+00
1.000249106862455495e+00
1.000227686314200559e+00
1.000206024958107509e+00
1.000184164000396558e+00
1.000162145919146983e+00
1.000140014464510063e+00
1.000117814658908699e+00
1.000095592797218602e+00
1.000073396446929941e+00
1.000051274448287897e+00
1.000029276914409238e+00
1.000007455231372910e+00
9.999858620582824376e-01
9.999645513272981123e-01
9.999435782436363329e-01
9.999229992855336313e-01
9.999028722041735096e-01
9.998832560235723088e-01
9.998642110404228900e-01
9.998457988238929062e-01
9.998280822153750025e-01
9.998111253281857236e-01
9.997949935472115746e-01
9.997797535284980164e-01
9.997654731987791754e-01
9.997522217549457135e-01
9.997400696634463069e-01
9.997290886596215120e-01
9.997193517469660229e-01
9.997109331963163203e-01
9.997039085449588303e-01
9.996983545956595885e-01
9.996943494156068644e-01
9.996919723352671872e-01
9.996913039471493345e-01
9.996924261044745075e-01
9.996954219197463631e-01
9.997003757632213494e-01
9.997073732612721253e-01
9.997165012946414020e-01
9.997278479965853171e-01
9.997415027508966823e-01
9.997575561898116581e-01
9.997756307786002106e-01
9.997941939306258519e-01
9.998130963886121547e-01
9.998323133466412438e-01
9.998518201020318852e-01
9.998715920554036574e-01
9.998916047107355709e-01
9.999118336754175829e-01
9.999322546602964490e-01
9.999528434797140264e-01
9.999735760515409133e-01
9.999944283972037606e-01
1.000015376641704146e+00
1.000036397013636336e+00
1.000057465845194393e+00
1.000078559572176173e+00
1.000099654733980881e+00
1.000120727973601742e+00
1.000141756037612462e+00
1.000162715776148348e+00
1.000183584142882109e+00
1.000204338194995213e+00
1.000224955093143464e+00
1.000245412101416598e+00
1.000265686587295422e+00
1.000285756021600747e+00
1.000305597978441430e+00
1.000325190135153086e+00
1.000344510272237031e+00
1.000363536273290332e+00
1.000382246124933650e+00
1.000400617916735957e+00
1.000418629841130613e+00
1.000436260193332538e+00
1.000453487371246064e+00
1.000470289875373675e+00
1.000486646308714977e+00
1.000502535376669444e+00
1.000517935886926280e+00
1.000532826749358284e+00
1.000547186975906611e+00
1.000560995680467080e+00
1.000574232078765835e+00
1.000586875488238769e+00
1.000598905327903410e+00
1.000610301118227685e+00
1.000621042480998257e+00
1.000631109139179964e+00
1.000640480916780151e+00
1.000649137738701899e+00
1.000657059630599699e+00
1.000664226718729788e+00
1.000670619229798719e+00
1.000676217490808595e+00
1.000681001928898528e+00
1.000684953071186101e+00
1.000688051544604606e+00
1.000690278075736517e+00
1.000691613490647391e+00
1.000692038714714904e+00
1.000691534772456759e+00
1.000690082787356605e+00
1.000687663981686848e+00
1.000684259676329013e+00
1.000679851290594113e+00
1.000674420342038795e+00
1.000667948446280375e+00
1.000660417316809436e+00
1.000651808764802642e+00
1.000642104698931112e+00
1.000631287125168356e+00
1.000619338146595982e+00
1.000606239963208965e+00
1.000592043341410164e+00
1.000577717288942292e+00
1.000563583900958342e+00
1.000549647005517961e+00
1.000535910437883036e+00
1.000522378040511029e+00
1.000509053663046322e+00
1.000495941162313995e+00
1.000483044402311616e+00
1.000470367254201465e+00
1.000457913596303428e+00
1.000445687314085008e+00
1.000433692300155331e+00
1.000421932454254703e+00
1.000410411683246847e+00
1.000399133901110238e+00
1.000388103028928333e+00
1.000377322994881357e+00
1.000366797734235869e+00
1.000356531189336096e+00
1.000346527309593947e+00
1.000336790051477909e+00
1.000327323378505273e+00
1.000318131261229926e+00
1.000309217677232576e+00
1.000300586611109877e+00
1.000292242054463543e+00
1.000284188005889918e+00
1.000276428470967316e+00
1.000268967462246472e+00
1.000261808999237445e+00
1.000254957108398512e+00
1.000248415823123738e+00
1.000242189183730979e+00
1.000236281237449676e+00
1.000230696038407974e+00
1.000225437647619842e+00
1.000220510132972640e+00
1.000215917569213353e+00
1.000211664037935044e+00
1.000207753627563978e+00
1.000204190433345630e+00
1.000200978557329590e+00
1.000198122108357568e+00
1.000195625202046523e+00
1.000193491960776004e+00
1.000191726513671941e+00
1.000190332996592879e+00
1.000189315552113545e+00
1.000188678329509750e+00
1.000188425484743959e+00
1.000188561180447078e+00
1.000189089585904911e+00
1.000190014877039513e+00
1.000191341236394749e+00
1.000193072853118093e+00
1.000195213922944415e+00
1.000197768648179331e+00
1.000200741237679880e+00
1.000204135906839431e+00
1.000207956877568138e+00
1.000212208378275625e+00
1.000216894643852550e+00
1.000222019915652405e+00
1.000227588441473081e+00
1.000233604475536220e+00
1.000240072278470560e+00
1.000246996117291509e+00
1.000254380265380938e+00
1.000262229002467862e+00
1.000270546614609124e+00
1.000279337394168300e+00
1.000288605639795492e+00
1.000298355656406235e+00
1.000308165582201259e+00
1.000317567075223124e+00
1.000326561908625456e+00
1.000335152159302687e+00
1.000343339914796958e+00
1.000351127273306773e+00
1.000358516343695214e+00
1.000365509245497275e+00
1.000372108108928737e+00
1.000378315074893498e+00
1.000384132294992012e+00
1.000389561931529059e+00
1.000394606157522404e+00
1.000399267156709904e+00
1.000403547123558612e+00
1.000407448263272769e+00
1.000410972791801356e+00
1.000414122935846528e+00
1.000416900932872277e+00
1.000419309031111759e+00
1.000421349489576395e+00
1.000423024578062980e+00
1.000424336577163009e+00
1.000425287778270222e+00
1.000425880483589047e+00
1.000426117006142590e+00
1.000425999669781518e+00
1.000425530809190722e+00
1.000424712769899749e+00
1.000423547908289912e+00
1.000422038591601614e+00
1.000420187197944344e+00
1.000417996116303776e+00
1.000415467746550435e+00
1.000412604499448133e+00
1.000409408796661292e+00
1.000405883070764057e+00
1.000402029765248724e+00
1.000397851334532628e+00
1.000393350243968138e+00
1.000388528969849311e+00
1.000383389999420780e+00
1.000377935830886411e+00
1.000372168973416853e+00
1.000366091947157310e+00
1.000359707283236865e+00
1.000353017523775589e+00
1.000346025221893420e+00
1.000338732941717712e+00
1.000331143258391897e+00
1.000323258758082812e+00
1.000315082037989578e+00
1.000306615706351376e+00
1.000297862382454994e+00
1.000288824696643930e+00
1.000279505290324611e+00
1.000269906815977050e+00
1.000260031937159511e+00
1.000249883328519829e+00
1.000239463675799856e+00
1.000228775675847004e+00
1.000217822036618687e+00
1.000206605477192534e+00
1.000195128727772831e+00
1.000183394529698733e+00
1.000171405635452704e+00
1.000159164808667178e+00
1.000146674824132109e+00
1.000133938467803407e+00
1.000120958536810489e+00
1.000107737839463384e+00
1.000094279195260283e+00
1.000080585434895752e+00
1.000066913609155783e+00
1.000054189452415976e+00
1.000042484674361853e+00
1.000031784876634244e+00
1.000022075703446589e+00
1.000013342841729713e+00
1.000005572021275047e+00
9.999987490148753988e-01
9.999928596384604074e-01
9.999878897512342046e-01
9.999838252558058693e-01
9.999806520983193225e-01
9.999783562685815586e-01
9.999769238001858795e-01
9.999763407706345753e-01
9.999765933014587160e-01
9.999776675583350594e-01
9.999795497512002918e-01
9.999822261343632723e-01
9.999856830066153890e-01
9.999899067113366957e-01
9.999948836366018279e-01
1.000000600215282587e+00
1.000007042925145972e+00
1.000014198288955658e+00
1.000022052874564249e+00
1.000030593295007986e+00
1.000039806208598003e+00
1.000049678319007374e+00
1.000060196375359478e+00
1.000071347172310832e+00
1.000083117550134348e+00
1.000095494394797724e+00
1.000108464638042483e+00
1.000122015257458363e+00
1.000136133276557704e+00
1.000150805764846496e+00
1.000166019837893883e+00
1.000181762657398332e+00
1.000198021431254247e+00
1.000214783413613917e+00
1.000232035904950356e+00
1.000249766252113925e+00
1.000267961848392728e+00
1.000286610133564569e+00
1.000305698593953574e+00
1.000325214762479265e+00
1.000345146218707404e+00
1.000365480588897737e+00
1.000386205546049290e+00
1.000407308809945217e+00
1.000428778147194997e+00
1.000450601371274173e+00
1.000472766342564990e+00
1.000495260968391920e+00
1.000518073203056524e+00
1.000541191047873868e+00
1.000564602551201165e+00
1.000588295808470640e+00
1.000612258962217727e+00
1.000636480202106160e+00
1.000660947764957287e+00
1.000685649934769827e+00
1.000710575042746076e+00
1.000735711467310107e+00
1.000761047634127321e+00
1.000786572016124643e+00
1.000812273133503405e+00
1.000838139553757555e+00
1.000864159891684535e+00
1.000890322809398603e+00
1.000916617016341714e+00
1.000943031269291961e+00
1.000969442599478842e+00
1.000993987029960230e+00
1.001016037890663846e+00
1.001035638956948581e+00
1.001052834674922787e+00
1.001067670162458123e+00
1.001080191210202752e+00
1.001090444282602965e+00
1.001098476518923031e+00
1.001104335734268380e+00
1.001108070420606344e+00
1.001109729747787558e+00
1.001109363564564925e+00
1.001107022399608359e+00
1.001102757462515536e+00
1.001096620644816415e+00
1.001088664520972893e+00
1.001078942349366896e+00
1.001067508073282042e+00
1.001054416321873752e+00
1.001039722411127819e+00
1.001023482344805426e+00
1.001005752815374406e+00
1.000986591204924281e+00
1.000966055586064885e+00
1.000944204722806097e+00
1.000921098071417603e+00
1.000896795781269111e+00
1.000871358695645030e+00
1.000844848352538285e+00
1.000817326985416589e+00
1.000788857523962960e+00
1.000759503594785826e+00
1.000729329522102029e+00
1.000698400328386306e+00
1.000666781734987909e+00
1.000634540162712360e+00
1.000601742732368571e+00
1.000568457265275768e+00
1.000534752283732010e+00
1.000500697011441398e+00
1.000466361373898661e+00
1.000431815998728435e+00
1.000397132215978813e+00
1.000362382058364918e+00
1.000327638261467200e+00
1.000292974263872425e+00
1.000258464207265163e+00
1.000224182936462203e+00
1.000190205999391013e+00
1.000156609647007810e+00
1.000123470833156336e+00
1.000090867214362467e+00
1.000058877149565983e+00
1.000027579699783509e+00
9.999970546277049399e-01
9.999673823972190512e-01
9.999386441728651542e-01
9.999109218192124837e-01
9.998842979001619780e-01
9.998588556781702330e-01
9.998346791133927436e-01
9.998118528627442103e-01
9.997904622788756912e-01
9.997705934090644897e-01
9.997523329940148917e-01
9.997357684665691968e-01
9.997209879503257124e-01
9.997080802581621573e-01
9.996971348906613652e-01
9.996882420344388454e-01
9.996814925603696445e-01
9.996769780217098500e-01
9.996747906521165072e-01
9.996757992701855722e-01
9.996807682786800209e-01
9.996893669367565849e-01
9.997012714774459186e-01
9.997161675623734700e-01
9.997337502911132212e-01
9.997537242091576459e-01
9.997758033146038059e-01
9.997997110636541729e-01
9.998251803750256572e-01
9.998519536333583257e-01
9.998797826917144027e-01
9.999084288732497106e-01
9.999376629721427046e-01
9.999672652538589279e-01
9.999970254548280479e-01
1.000026742781603861e+00
1.000056225909581542e+00
1.000085292981333973e+00
1.000113771604633772e+00
1.000141498850221078e+00
1.000168321249371717e+00
1.000194094791322819e+00
1.000218684920605616e+00
1.000241966534330951e+00
1.000263823979476552e+00
1.000284151050211179e+00
1.000302850985300696e+00
1.000319836465625167e+00
1.000335029611841176e+00
1.000348361982220879e+00
1.000359774570687144e+00
1.000369217805074040e+00
1.000376651545626050e+00
1.000382045083757276e+00
1.000385377141081333e+00
1.000386635868721008e+00
1.000385818846907249e+00
1.000382933084870585e+00
1.000377995021022759e+00
1.000371030523432347e+00
1.000362074890582598e+00
1.000351172852406822e+00
1.000338378571589359e+00
1.000323755645116330e+00
1.000307377106057771e+00
1.000289325425563591e+00
1.000269692515044939e+00
1.000248579728517662e+00
1.000226097865074548e+00
1.000202367171455275e+00
1.000177517344676303e+00
1.000151687534680756e+00
1.000125026346967871e+00
1.000097691845150294e+00
1.000069851553398781e+00
1.000041682458713943e+00
1.000013371012973717e+00
9.999851131346962907e-01
9.999571142104590749e-01
9.999295890959049027e-01
9.999027621162707158e-01
9.998768670663658042e-01
9.998521472099253238e-01
9.998288552782611527e-01
9.998072534681309298e-01
9.997876134387390090e-01
9.997702163077846205e-01
9.997553526464669771e-01
9.997433224733508483e-01
9.997344352470038942e-01
9.997290098572989558e-01
9.997273746152840479e-01
9.997294878960740760e-01
9.997339858310029248e-01
9.997406302784902499e-01
9.997493314817369470e-01
9.997600003397660862e-01
9.997725484091890547e-01
9.997868879058716685e-01
9.998029317065044719e-01
9.998205933500791120e-01
9.998397870392718989e-01
9.998604276417363268e-01
9.998824306913083326e-01
9.999057123891242904e-01
9.999301896046541849e-01
9.999557798766529615e-01
9.999824014140308304e-01
1.000009973096643856e+00
1.000038414476009496e+00
1.000067645775945868e+00
1.000097587893139073e+00
1.000128162397636578e+00
1.000159291533275763e+00
1.000190898218041413e+00
1.000222906044358373e+00
1.000255239279322250e+00
1.000287822864864840e+00
1.000320582417863813e+00
1.000353444230188904e+00
1.000386335268695914e+00
1.000419183175163651e+00
1.000451916266178021e+00
1.000484463532964385e+00
1.000516754641172623e+00
1.000548719930609787e+00
1.000580290414931017e+00
1.000611397781282941e+00
1.000641974389904210e+00
1.000671953273686743e+00
1.000701268137693889e+00
1.000729853358643062e+00
1.000757643984350853e+00
1.000784575733141502e+00
1.000810584993224728e+00
1.000835608822038036e+00
1.000859584945561265e+00
1.000882451757600711e+00
1.000904148319044173e+00
1.000924614357092679e+00
1.000943790264464228e+00
1.000961617098576895e+00
1.000978036580707053e+00
1.000992991095128515e+00
1.001006423688231672e+00
1.001018278067625333e+00
1.001028498601219008e+00
1.001037030316293208e+00
1.001043818898552873e+00
1.001048810691168578e+00
1.001051952693805758e+00
1.001053192561643046e+00
1.001052478604381513e+00
1.001049759785244575e+00
1.001044985719971914e+00
1.001038106675807171e+00
1.001029073570478989e+00
1.001017837971180491e+00
1.001004352093544325e+00
1.000988568800616152e+00
1.000970441601828353e+00
1.000949924651972411e+00
1.000926972750173949e+00
1.000901541338869549e+00
1.000873586502786461e+00
1.000843172998970410e+00
1.000812406740768656e+00
1.000782120411396914e+00
1.000752321516326981e+00
1.000723017580794849e+00
1.000694216149767835e+00
1.000665924787909500e+00
1.000638151079544125e+00
1.000610902628621401e+00
1.000584187058677132e+00
1.000558012012798814e+00
1.000532385153584780e+00
1.000507314163106232e+00
1.000482806742867048e+00
1.000458870613762707e+00
1.000435513516040098e+00
1.000412743209253330e+00
1.000390567472223546e+00
1.000368994102991849e+00
1.000348030918777997e+00
1.000327685755933116e+00
1.000307966469893506e+00
1.000288880935135127e+00
1.000270437045124972e+00
1.000252642712272655e+00
1.000235505867880681e+00
1.000219034462095147e+00
1.000203236463854672e+00
1.000188119860837554e+00
1.000173692659410474e+00
1.000159962884574538e+00
1.000146938579910216e+00
1.000134627807523824e+00
1.000123038647989793e+00
1.000112179200295381e+00
1.000102057581781612e+00
1.000092681928085536e+00
1.000084060393081176e+00
1.000076201148817789e+00
1.000069112385460146e+00
1.000062802311225463e+00
1.000057279152321676e+00
1.000052551152881719e+00
1.000048626574900901e+00
1.000045513698169852e+00
1.000043220820208356e+00
1.000041756256198733e+00
1.000041128338916119e+00
1.000041345418660299e+00
1.000042415863185097e+00
1.000044348057627319e+00
1.000047150404435037e+00
1.000050831323294531e+00
1.000055399251055910e+00
1.000060862641659387e+00
1.000067229966058457e+00
1.000074509712143955e+00
1.000082710384666118e+00
1.000091840505156426e+00
1.000101908611847001e+00
1.000112923259591335e+00
1.000124893019782579e+00
1.000137826480270498e+00
1.000151732245279090e+00
1.000166618935321328e+00
1.000182495187114551e+00
1.000199369653493431e+00
1.000217251003323371e+00
1.000236147921412355e+00
1.000256069108421242e+00
1.000277023280773614e+00
1.000299019170564518e+00
1.000322065525468984e+00
1.000346171108647875e+00
1.000370355727435934e+00
1.000393307667046372e+00
1.000415035252950835e+00
1.000435553711592096e+00
1.000454878340444997e+00
1.000473024508195419e+00
1.000490007654913471e+00
1.000505843292229358e+00
1.000520547003504790e+00
1.000534134444006629e+00
1.000546621341075637e+00
1.000558023494297677e+00
1.000568356775669354e+00
1.000577637129767439e+00
1.000585880573912068e+00
1.000593103198331946e+00
1.000599321166325328e+00
1.000604550714422780e+00
1.000608808152545270e+00
1.000612109864162491e+00
1.000614472306448954e+00
1.000615912010438757e+00
1.000616445581178793e+00
1.000616089697879518e+00
1.000614861114064169e+00
1.000612776657716863e+00
1.000609853231428703e+00
1.000606107812541223e+00
1.000601557453288049e+00
1.000596219280935451e+00
1.000590110497920682e+00
1.000583248381987200e+00
1.000575650286318563e+00
1.000567333639670764e+00
1.000558315946501908e+00
1.000548614787097890e+00
1.000538247817699844e+00
1.000527232770624719e+00
1.000515587454387179e+00
1.000503329753817061e+00
1.000490477630173736e+00
1.000477049121261341e+00
1.000463062341537590e+00
1.000448535482222123e+00
1.000433486811401318e+00
1.000417934674131759e+00
1.000401897492539272e+00
1.000385393765916175e+00
1.000368442070814767e+00
1.000351061061139912e+00
1.000333269468236308e+00
1.000315086100975082e+00
1.000296529845833726e+00
1.000277619666977813e+00
1.000258374606336487e+00
1.000238813783674185e+00
1.000218956396661474e+00
1.000198821720941211e+00
1.000178429110191169e+00
1.000157797996184650e+00
1.000136947888844885e+00
1.000115898376299661e+00
1.000094669124929503e+00
1.000073279879412969e+00
1.000051750462768840e+00
1.000030100776393871e+00
1.000008350800098089e+00
9.999865205921345535e-01
9.999646302892254424e-01
9.999427001065862575e-01
9.999207503379429207e-01
9.998988013555476506e-01
9.998768736101886212e-01
9.998554034037702154e-01
9.998361933739096097e-01
9.998193723464626759e-01
9.998048516654256535e-01
9.997925438991707159e-01
9.997823628425097642e-01
9.997742235186403148e-01
9.997680421809804763e-01
9.997637363148952350e-01
9.997612246393161595e-01
9.997604271082607408e-01
9.997612649122529227e-01
9.997636604796479309e-01
9.997675374778677293e-01
9.997728208145453266e-01
9.997794366385865938e-01
9.997873123411495921e-01
9.997963765565445193e-01
9.998065591630592719e-01
9.998177912837132864e-01
9.998300052869398824e-01
9.998431347872051012e-01
9.998571146455607073e-01
9.998718809701393484e-01
9.998873711165892075e-01
9.999035236884563638e-01
9.999202785375138625e-01
9.999375767640417134e-01
9.999553607170599268e-01
9.999735739945176949e-01
9.999921614434400530e-01
1.000011069160037458e+00
1.000030244489775955e+00
1.000049636027414257e+00
1.000069193617009855e+00
1.000088868351892035e+00
1.000108612574611477e+00
1.000128379876860318e+00
1.000148125099371565e+00
1.000167804331796750e+00
1.000187374912561600e+00
1.000206795428708384e+00
1.000226025715718725e+00
1.000245026857326192e+00
1.000263761185313127e+00
1.000282192279299709e+00
1.000300284966523900e+00
1.000318005321613635e+00
1.000335320666353445e+00
1.000352199569447764e+00
1.000368611846280453e+00
1.000384528558673658e+00
1.000399922014647558e+00
1.000414765768178560e+00
1.000429034618963930e+00
1.000442704612186207e+00
1.000455753038283824e+00
1.000468158432730403e+00
1.000479900575814041e+00
1.000490960492431913e+00
1.000501320451887111e+00
1.000510963967699007e+00
1.000519875797421854e+00
1.000528041942473800e+00
1.000535449647980579e+00
1.000542087402625402e+00
1.000547944938518841e+00
1.000553013231074928e+00
1.000557284498906130e+00
1.000560752203729642e+00
1.000563411050287677e+00
1.000565256986285290e+00
1.000566287202338422e+00
1.000566287202338422e+00
1.000566287202338422e+00
1.000566287202338422e+00
1.000566287202338422e+00
1.000566287202338422e+00
1.000566287202338422e+00
1.000566287202338422e+00
1.000566287202338422e+00
1.000566287202338422e+00
1.000566287202338422e+00
1.000566287202338422e+00
1.000566287202338422e+00
1.000566287202338422e+00
1.000566287202338422e+00
1.000566287202338422e+00
1.000566287202338422e+00
1.000566287202338422e+00
1.000566287202338422e+00
1.000566287202338422e+00
1.000566287202338422e+00
1.000566287202338422e+00
1.000566287202338422e+00
1.000566287202338422e+00
1.000566287202338422e+00
1.000566287202338422e+00
1.000566287202338422e+00
1.000566287202338422e+00
1.000566287202338422e+00
1.000566287202338422e+00
1.000566287202338422e+00
1.000347853446333035e+00
1.000347475193350544e+00
1.000346341464350530e+00
1.000344455349187811e+00
1.000341821997659641e+00
1.000338448619562781e+00
1.000334344484774762e+00
1.000329520923356696e+00
1.000323991325677842e+00
1.000317771142559264e+00
1.000310877885439931e+00
1.000303331126559003e+00
1.000295152499157458e+00
1.000286365697693025e+00
1.000276996478072888e+00
1.000267072657895939e+00
1.000256624116707682e+00
1.000245682796262914e+00
1.000234282700796618e+00
1.000222459897297300e+00
1.000210252515782994e+00
1.000197700749577479e+00
1.000184846855581400e+00
1.000171735154538499e+00
1.000158412031291633e+00
1.000144925935025908e+00
1.000131327379497614e+00
1.000117668943241389e+00
1.000104005269755181e+00
1.000090393067659678e+00
1.000076891110824207e+00
1.000063560238460658e+00
1.000050463355175223e+00
1.000037665430979494e+00
1.000025233501250721e+00
1.000013236666640992e+00
1.000001746092927801e+00
9.999908350108025479e-01
9.999805787155905401e-01
9.999710545668989425e-01
9.999623419881837894e-01
9.999545224662363951e-01
9.999476795505758409e-01
9.999418988527494223e-01
9.999372680455280715e-01
9.999338768619963069e-01
9.999318170945267203e-01
9.999311825936330056e-01
9.999320692666977539e-01
9.999345750765638030e-01
9.999388000399869192e-01
9.999448462259384884e-01
9.999528177537552187e-01
9.999628207911246403e-01
9.999749635519028512e-01
9.999893562937530733e-01
1.000006111315600910e+00
1.000025342954897534e+00
1.000047167584679597e+00
1.000071703610424523e+00
1.000099071466686418e+00
1.000129393613508721e+00
1.000162794532603927e+00
1.000199061895703956e+00
1.000234754450117558e+00
1.000268953065533983e+00
1.000301669364947132e+00
1.000332915033451675e+00
1.000362701818406252e+00
1.000391041529593794e+00
1.000417946039385830e+00
1.000443427282903253e+00
1.000467497258179073e+00
1.000490168026320070e+00
1.000511451711668442e+00
1.000531360501964118e+00
1.000549906648505516e+00
1.000567102466311198e+00
1.000582960334280624e+00
1.000597492695355140e+00
1.000610712056679175e+00
1.000622630989759010e+00
1.000633262130623757e+00
1.000642618179984344e+00
1.000650711903393830e+00
1.000657556131404613e+00
1.000663163759728080e+00
1.000667547749392039e+00
1.000670721126898144e+00
1.000672696984379328e+00
1.000673488479755902e+00
1.000673108836891423e+00
1.000671571345748800e+00
1.000668889362543945e+00
1.000665076309900536e+00
1.000660145677004120e+00
1.000654111019753767e+00
1.000646985960914837e+00
1.000638784190270414e+00
1.000629519464771855e+00
1.000619205608688222e+00
1.000607856513756166e+00
1.000595486139327139e+00
1.000582108512515056e+00
1.000567737728342843e+00
1.000552387949888322e+00
1.000536073408426763e+00
1.000518808403576987e+00
1.000500607303442147e+00
1.000481484544750943e+00
1.000461454632999070e+00
1.000440532142587102e+00
1.000418731716959719e+00
1.000396068068741151e+00
1.000372555979872402e+00
1.000348210301743590e+00
1.000323045955328505e+00
1.000297077931316059e+00
1.000270321290239739e+00
1.000242791162607725e+00
1.000214502749029455e+00
1.000185471320342412e+00
1.000155712217735360e+00
1.000125240852873576e+00
1.000094072708018089e+00
1.000062223336146916e+00
1.000030983378816574e+00
1.000003369493951189e+00
9.999793309611250125e-01
9.999586782449056965e-01
9.999412258014682697e-01
9.999267920851224734e-01
9.999151995543102966e-01
9.999062746771011367e-01
9.998998479362083414e-01
9.998957538335493389e-01
9.998938308943781106e-01
9.998939216710052147e-01
9.998958727461364493e-01
9.998995347358444752e-01
9.999047622922017098e-01
9.999114141055891469e-01
9.999193529067075259e-01
9.999284454683062817e-01
9.999385626066511490e-01
9.999495791827511804e-01
9.999613741033598346e-01
9.999738303217702295e-01
9.999868348384217676e-01
1.000000278701334455e+00
1.000014057006384460e+00
1.000028068897440559e+00
1.000042217566375236e+00
1.000056410252959660e+00
1.000070558244665397e+00
1.000084576876377307e+00
1.000098385530036049e+00
1.000111907634218200e+00
1.000125070663670623e+00
1.000137806138801544e+00
1.000150049625148307e+00
1.000161740732824267e+00
1.000172823115957454e+00
1.000183244472127919e+00
1.000192956541812617e+00
1.000201915107846506e+00
1.000210079994901857e+00
1.000217415068999083e+00
1.000223888237047998e+00
1.000229471446429930e+00
1.000234140684620687e+00
1.000237875978863933e+00
1.000240661395889408e+00
1.000242485041690665e+00
1.000243339061354986e+00
1.000243219638949688e+00
1.000242126997468173e+00
1.000240065398835920e+00
1.000237043143971993e+00
1.000233072572911386e+00
1.000228170064984434e+00
1.000222356039048854e+00
1.000215654953777289e+00
1.000208095307994816e+00
1.000199709641061530e+00
1.000190534533298647e+00
1.000180610606453024e+00
1.000169982524194312e+00
1.000158707739489339e+00
1.000147495536316988e+00
1.000136759642267892e+00
1.000126485053037140e+00
1.000116657095163175e+00
1.000107261426111949e+00
1.000098284034356189e+00
1.000089711239450230e+00
1.000081529692101734e+00
1.000073726374238303e+00
1.000066288599072095e+00
1.000059204011158664e+00
1.000052460586455361e+00
1.000046046632372843e+00
1.000039950787827259e+00
1.000034162023286655e+00
1.000028669640816270e+00
1.000023463274119617e+00
1.000018532888578005e+00
1.000013868781288284e+00
1.000009461581096160e+00
1.000005302248629269e+00
1.000001382076326495e+00
9.999976926884669437e-01
9.999942260411961437e-01
9.999909744225492503e-01
9.999879304524752488e-01
9.999850870828569382e-01
9.999824375975304713e-01
9.999799756123038952e-01
9.999776950749732496e-01
9.999755902653378881e-01
9.999736557952143556e-01
9.999718866084500446e-01
9.999702779809335196e-01
9.999688255206066190e-01
9.999675251674724485e-01
9.999663731936060396e-01
9.999653662031603440e-01
9.999645011323741173e-01
9.999637752495774690e-01
9.999631861551978584e-01
9.999627317817637584e-01
9.999624103939093178e-01
9.999622205883762494e-01
9.999621612940173820e-01
9.999622317717978826e-01
9.999624316147964764e-01
9.999627607482055591e-01
9.999632194293314180e-01
9.999638082475925671e-01
9.999645281245194139e-01
9.999653803137511510e-01
9.999663664010327579e-01
9.999674883042122264e-01
9.999687482732362298e-01
9.999701488901446833e-01
9.999716930690650818e-01
9.999733840562066156e-01
9.999752254298521770e-01
9.999772211003508104e-01
9.999793753101083871e-01
9.999816926335776124e-01
9.999841478798087158e-01
9.999865637159209841e-01
9.999889081251533973e-01
9.999911786031789873e-01
9.999933727324976651e-01
9.999954881824308917e-01
9.999975227091205676e-01
9.999994741555254807e-01
1.000001340451419196e+00
1.000003119613386948e+00
1.000004809744823531e+00
1.000006409035930632e+00
1.000007915763714506e+00
1.000009328291984412e+00
1.000010645071348625e+00
1.000011864639214210e+00
1.000012985619784356e+00
1.000014006724056159e+00
1.000014926749819288e+00
1.000015744581654653e+00
1.000016459190931295e+00
1.000017069635807720e+00
1.000017575061227237e+00
1.000017974698919954e+00
1.000018267867399890e+00
1.000018453971964538e+00
1.000018532504693969e+00
1.000018503044450391e+00
1.000018365256877928e+00
1.000018118894401953e+00
1.000017763796228421e+00
1.000017299888344757e+00
1.000016727183518750e+00
1.000016045781300766e+00
1.000015255868021535e+00
1.000014357716794589e+00
1.000013351687515817e+00
1.000012238226865247e+00
1.000011017868306595e+00
1.000009691232089937e+00
1.000008259025251256e+00
1.000006722041615115e+00
1.000005081161795317e+00
1.000003337353197130e+00
1.000001491670017950e+00
9.999995452532501883e-01
9.999974993306829374e-01
9.999953552169037474e-01
9.999931143133012901e-01
9.999907781080668023e-01
9.999883481761976389e-01
9.999858261794990488e-01
9.999832138665862846e-01
9.999805130728893765e-01
9.999777257206529102e-01
9.999748538189411340e-01
9.999718994636405123e-01
9.999688648374615019e-01
9.999657522099434370e-01
9.999625639374560837e-01
9.999593024632034144e-01
9.999559703172270497e-01
9.999525701164095892e-01
9.999492303653085834e-01
9.999461480315634532e-01
9.999433204834226041e-01
9.999407429466041775e-01
9.999384110093511024e-01
9.999363206224469725e-01
9.999344680992297008e-01
9.999328501156043991e-01
9.999314637100541470e-01
9.999303062836508715e-01
9.999293756000628974e-01
9.999286697855622741e-01
9.999281873290311040e-01
9.999279270819658727e-01
9.999278882584808903e-01
9.999280704353108451e-01
9.999284735518115808e-01
9.999290979099594301e-01
9.999299441743507710e-01
9.999310133721988070e-01
9.999323068933297920e-01
9.999338264901779239e-01
9.999355742777795708e-01
9.999375527337649450e-01
9.999397646983496646e-01
9.999422133743248731e-01
9.999449023270448045e-01
9.999478354844150152e-01
9.999510171368763967e-01
9.999544519373910756e-01
9.999581449014239842e-01
9.999621014069236535e-01
9.999663271943017850e-01
9.999708283664110464e-01
9.999756113885203135e-01
9.999806830882884690e-01
9.999860506557368689e-01
9.999917216432182565e-01
9.999977039653853428e-01
1.000004005899154835e+00
1.000010636083672466e+00
1.000017603520271248e+00
1.000024917572431837e+00
1.000032587965736131e+00
1.000040624787820187e+00
1.000049038488324271e+00
1.000057839878840005e+00
1.000067040132852192e+00
1.000076650785680199e+00
1.000086683734414228e+00
1.000097151237848481e+00
1.000108065916410105e+00
1.000119440752085254e+00
1.000131289088339814e+00
1.000143624630037475e+00
1.000156461443350908e+00
1.000169813955671394e+00
1.000183696955511792e+00
1.000198125592404841e+00
1.000213115376797024e+00
1.000228682179936435e+00
1.000244842233754650e+00
1.000261560380969916e+00
1.000277713006470837e+00
1.000292795603622054e+00
1.000306756112724349e+00
1.000319546942896487e+00
1.000331124971221897e+00
1.000341451541948201e+00
1.000350492465755359e+00
1.000358218019090861e+00
1.000364602943583092e+00
1.000369626445533289e+00
1.000373272195494323e+00
1.000375528327933417e+00
1.000376387440988113e+00
1.000375846596313290e+00
1.000373907319019873e+00
1.000370575597709033e+00
1.000365861884598528e+00
1.000359781095742084e+00
1.000352352611338924e+00
1.000343600276131673e+00
1.000333552399890857e+00
1.000322241757978903e+00
1.000309705591994947e+00
1.000295985610487159e+00
1.000281127989735896e+00
1.000265183374594136e+00
1.000248206879381430e+00
1.000230258088823598e+00
1.000211401059025951e+00
1.000191704318476482e+00
1.000171240869065281e+00
1.000150088187108155e+00
1.000128328224367591e+00
1.000106047409055510e+00
1.000083336646804266e+00
1.000060291321598349e+00
1.000037011296642797e+00
1.000013600915162115e+00
9.999901690011105959e-01
9.999668288597759469e-01
9.999436982782631267e-01
9.999208995258356270e-01
9.998985593541023231e-01
9.998768089970228035e-01
9.998557841707181870e-01
9.998356250730627837e-01
9.998164763830357238e-01
9.997984872598134620e-01
9.997818113415751773e-01
9.997666067440035276e-01
9.997530360584520048e-01
9.997412663497565743e-01
9.997314691536658415e-01
9.997238204738625456e-01
9.997185007785518440e-01
9.997156949965856354e-01
9.997155925130983833e-01
9.997183871646240227e-01
9.997242772336641936e-01
9.997334654426787148e-01
9.997461589474688770e-01
9.997625693299202476e-01
9.997822810214699318e-01
9.998030375357946919e-01
9.998245661424534081e-01
9.998468105599174205e-01
9.998697148300391691e-01
9.998932233184029128e-01
9.999172807146371467e-01
9.999418320326981524e-01
9.999668226111153579e-01
9.999921981132079418e-01
1.000017904527268575e+00
1.000043888166714412e+00
1.000070095670209103e+00
1.000096474001754832e+00
1.000122970450754156e+00
1.000149532632042648e+00
1.000176108485895110e+00
1.000202646278002261e+00
1.000229094599421664e+00
1.000255402366501567e+00
1.000281518820780091e+00
1.000307393528857114e+00
1.000332976382243722e+00
1.000358217597186128e+00
1.000383067714466945e+00
1.000407477599182471e+00
1.000431398440499775e+00
1.000454781751388911e+00
1.000477579368336478e+00
1.000499743451037649e+00
1.000521226482067316e+00
1.000541981266532154e+00
1.000561960931705130e+00
1.000581118926637814e+00
1.000599409021759145e+00
1.000616785308452661e+00
1.000633202198619287e+00
1.000648614424223259e+00
1.000662977036820722e+00
1.000676245407074783e+00
1.000688375224253690e+00
1.000699322495716359e+00
1.000709043546382571e+00
1.000717495018189629e+00
1.000724633869537250e+00
1.000730417374717574e+00
1.000734803123336514e+00
1.000737749019719125e+00
1.000739213282307416e+00
1.000739154443045287e+00
1.000737531346754361e+00
1.000734303150498050e+00
1.000729429322939179e+00
1.000722869643684954e+00
1.000714584202626822e+00
1.000704533399269014e+00
1.000692677942051079e+00
1.000678978847662881e+00
1.000663397440352043e+00
1.000645895351225390e+00
1.000626434517542629e+00
1.000604977182006916e+00
1.000581485903347723e+00
1.000557307365711246e+00
1.000533799258022771e+00
1.000510964417555604e+00
1.000488805684869087e+00
1.000467325903788618e+00
1.000446527921388107e+00
1.000426414587970880e+00
1.000406988757049476e+00
1.000388253285327211e+00
1.000370211032678647e+00
1.000352864862130486e+00
1.000336217639841152e+00
1.000320272235081909e+00
1.000305031520215993e+00
1.000290498370679959e+00
1.000276675664963255e+00
1.000263566284586902e+00
1.000251173114084180e+00
1.000239499040981084e+00
1.000228546955773457e+00
1.000218319751908780e+00
1.000208820325763970e+00
1.000200051576624283e+00
1.000192016406663553e+00
1.000184717720922212e+00
1.000178158427286412e+00
1.000172341436465606e+00
1.000167269661973224e+00
1.000162946020102694e+00
1.000159373429908349e+00
1.000156554813180110e+00
1.000154493094425501e+00
1.000153191200844560e+00
1.000152652062309411e+00
1.000152878611340723e+00
1.000153873783086400e+00
1.000155640515298261e+00
1.000158181748310504e+00
1.000161500425015504e+00
1.000165599490841384e+00
1.000170481893730257e+00
1.000176150584113799e+00
1.000182608514890159e+00
1.000189858641400864e+00
1.000197903921407727e+00
1.000206747315068645e+00
1.000216391784914949e+00
1.000226840295825870e+00
1.000238095815006334e+00
1.000250161311961872e+00
1.000263039758475747e+00
1.000276734128582978e+00
1.000291247398547023e+00
1.000306582546835577e+00
1.000322742554095035e+00
1.000339730403127181e+00
1.000357549078862318e+00
1.000376201568336176e+00
1.000395690860664155e+00
1.000416019947016677e+00
1.000437191820592764e+00
1.000459209476595834e+00
1.000481895499116591e+00
1.000503406065982759e+00
1.000523278700794050e+00
1.000541540132516172e+00
1.000558217248499471e+00
1.000573337094893489e+00
1.000586926877058636e+00
1.000599013959973638e+00
1.000609625868639441e+00
1.000618790288478888e+00
1.000626535065732847e+00
1.000632888207851234e+00
1.000637877883881144e+00
1.000641532424848545e+00
1.000643880324136870e+00
1.000644950237859154e+00
1.000644770985227971e+00
1.000643371548916249e+00
1.000640781075417429e+00
1.000637028875395407e+00
1.000632144424032921e+00
1.000626157361371504e+00
1.000619097492646992e+00
1.000610994788618369e+00
1.000601879385890181e+00
1.000591781587229168e+00
1.000580731861873351e+00
1.000568760845835570e+00
1.000555899342198796e+00
1.000542178321405906e+00
1.000527628921539902e+00
1.000512282448599688e+00
1.000496170376764971e+00
1.000479324348656052e+00
1.000461776175584072e+00
1.000443557837793263e+00
1.000424701484696088e+00
1.000405239435096849e+00
1.000385204177411058e+00
1.000364628369871278e+00
1.000343544840726739e+00
1.000321986588433409e+00
1.000299986781832073e+00
1.000277578760320862e+00
1.000254796034014237e+00
1.000231672283893092e+00
1.000208241361945971e+00
1.000184537291296527e+00
1.000160594266324532e+00
1.000136446652771793e+00
1.000112128987839633e+00
1.000087675980274371e+00
1.000063122510441049e+00
1.000038503630385378e+00
1.000013854563883475e+00
9.999892107064807245e-01
9.999646076255167548e-01
9.999400810601384304e-01
9.999156669212998505e-01
9.998914012917500260e-01
9.998673204260063452e-01
9.998434607503146054e-01
9.998198588625965000e-01
9.997974365984261258e-01
9.997782741270324625e-01
9.997623228777082760e-01
9.997494401099383809e-01
9.997394854136558706e-01
9.997323207136048495e-01
9.997278102734074023e-01
9.997258206993447915e-01
9.997262209438642078e-01
9.997288823088223975e-01
9.997336784484763816e-01
9.997404853722303697e-01
9.997491814471528571e-01
9.997596474002691247e-01
9.997717663206427963e-01
9.997854236612553347e-01
9.998005072406916938e-01
9.998169072446435601e-01
9.998345162272385123e-01
9.998532291122034232e-01
9.998729431938726542e-01
9.998935581380491433e-01
9.999149759827248296e-01
9.999371011386727348e-01
9.999598403899161436e-01
9.999831028940819877e-01
1.000006800182649425e+00
1.000030846161098719e+00
1.000055157108967085e+00
1.000079651679822934e+00
1.000104250901158842e+00
1.000128878174217029e+00
1.000153459273748213e+00
1.000177922347714077e+00
1.000202197916937985e+00
1.000226218874708195e+00
1.000249920486343314e+00
1.000273240388722673e+00
1.000296118589787175e+00
1.000318497468016599e+00
1.000340321771889140e+00
1.000361538619324531e+00
1.000382097497119593e+00
1.000401950260379591e+00
1.000421051131944239e+00
1.000439356701822380e+00
1.000456825926630211e+00
1.000473420129040170e+00
1.000489102997243140e+00
1.000503840584431314e+00
1.000517601308295035e+00
1.000530355950548067e+00
1.000542077656474627e+00
1.000552741934505940e+00
1.000562326655825451e+00
1.000570812054008218e+00
1.000578180724691846e+00
1.000584417625283162e+00
1.000589510074704869e+00
1.000593447753174825e+00
1.000596222702029081e+00
1.000597829323583765e+00
1.000597829323583765e+00
1.000597829323583765e+00
1.000597829323583765e+00
1.000597829323583765e+00
1.000597829323583765e+00
1.000597829323583765e+00
1.000597829323583765e+00
1.000597829323583765e+00
1.000597829323583765e+00
1.000597829323583765e+00
1.000597829323583765e+00
1.000597829323583765e+00
1.000597829323583765e+00
1.000597829323583765e+00
1.000597829323583765e+00
1.000597829323583765e+00
1.000597829323583765e+00
1.000597829323583765e+00
1.000597829323583765e+00
1.000597829323583765e+00
1.000597829323583765e+00
1.000597829323583765e+00
1.000597829323583765e+00
1.000597829323583765e+00
1.000597829323583765e+00
1.000597829323583765e+00
1.000597829323583765e+00
1.000597829323583765e+00
1.000597829323583765e+00
1.000597829323583765e+00
1.000597829323583765e+00
1.000597829323583765e+00
1.000597829323583765e+00
1.000597829323583765e+00
1.000597829323583765e+00
1.000597829323583765e+00
1.000597829323583765e+00
1.000597829323583765e+00
1.000597829323583765e+00
1.000597829323583765e+00
1.000597829323583765e+00
1.000597829323583765e+00
1.000597829323583765e+00
1.000597829323583765e+00
1.000597829323583765e+00
1.000597829323583765e+00
1.000597829323583765e+00
1.000597829323583765e+00
1.000597829323583765e+00
1.000597829323583765e+00
1.000597829323583765e+00
1.000597829323583765e+00
1.000597829323583765e+00
1.000597829323583765e+00
1.000597829323583765e+00
1.000597829323583765e+00
1.000597829323583765e+00
1.000597829323583765e+00
1.000597829323583765e+00
1.000597829323583765e+00
1.000597829323583765e+00
1.000597829323583765e+00
1.000597829323583765e+00
1.000597829323583765e+00
1.000597829323583765e+00
1.000597829323583765e+00
1.000597829323583765e+00
1.000597829323583765e+00
1.000597829323583765e+00
1.000597829323583765e+00
1.000597829323583765e+00
1.000597829323583765e+00
1.000597829323583765e+00
1.000597829323583765e+00
1.000597829323583765e+00
1.000597829323583765e+00
1.000597829323583765e+00
1.000597829323583765e+00
1.000597829323583765e+00
1.000597829323583765e+00
1.000597829323583765e+00
1.000597829323583765e+00
1.000597829323583765e+00
1.000597829323583765e+00
1.000597829323583765e+00
1.000597829323583765e+00
1.000597829323583765e+00
1.000597829323583765e+00
1.000597829323583765e+00
1.000597829323583765e+00
1.000597829323583765e+00
1.000597829323583765e+00
1.000597829323583765e+00
1.000597829323583765e+00
1.000597829323583765e+00
1.000597829323583765e+00
1.000597829323583765e+00
1.000597829323583765e+00
1.000597829323583765e+00
1.000597829323583765e+00
1.000597829323583765e+00
1.000597829323583765e+00
1.000597829323583765e+00
1.000597829323583765e+00
1.000597829323583765e+00
1.000597829323583765e+00
1.000597829323583765e+00
1.000597829323583765e+00
1.000597829323583765e+00
1.000597829323583765e+00
1.000597829323583765e+00
1.000597829323583765e+00
1.000597829323583765e+00
1.000597829323583765e+00
1.000597829323583765e+00
1.000597829323583765e+00
1.000597829323583765e+00
1.000597829323583765e+00
1.000597829323583765e+00
1.000597829323583765e+00
1.000597829323583765e+00
1.000597829323583765e+00
1.000597829323583765e+00
1.000597829323583765e+00
1.000597829323583765e+00
1.000597829323583765e+00
1.000597829323583765e+00
1.000597829323583765e+00
1.000597829323583765e+00
1.000597829323583765e+00
1.000597829323583765e+00
1.000597829323583765e+00
1.000597829323583765e+00
1.000597829323583765e+00
1.000597829323583765e+00
1.000597829323583765e+00
1.000597829323583765e+00
1.000597829323583765e+00
1.000597829323583765e+00
1.000597829323583765e+00
1.000597829323583765e+00
1.000597829323583765e+00
1.000597829323583765e+00
1.000597829323583765e+00
1.000597829323583765e+00
1.000597829323583765e+00
1.000597829323583765e+00
1.000597829323583765e+00
1.000597829323583765e+00
1.000597829323583765e+00
1.000597829323583765e+00
1.000597829323583765e+00
1.000597829323583765e+00
1.000597829323583765e+00
1.000597829323583765e+00
1.000597829323583765e+00
1.000597829323583765e+00
1.000597829323583765e+00
1.000597829323583765e+00
1.000597829323583765e+00
1.000597829323583765e+00
1.000597829323583765e+00
1.000597829323583765e+00
1.000597829323583765e+00
1.000597829323583765e+00
1.000597829323583765e+00
1.000597829323583765e+00
1.000597829323583765e+00
1.000597829323583765e+00
1.000597829323583765e+00
1.000597829323583765e+00
1.000597829323583765e+00
1.000597829323583765e+00
1.000597829323583765e+00
1.000597829323583765e+00
1.000597829323583765e+00
1.000597829323583765e+00
1.000597829323583765e+00
1.000597829323583765e+00
1.000597829323583765e+00
1.000597829323583765e+00
1.000597829323583765e+00
1.000597829323583765e+00
1.000597829323583765e+00
1.000597829323583765e+00
1.000597829323583765e+00
1.000597829323583765e+00
1.000597829323583765e+00
1.000597829323583765e+00
1.000597829323583765e+00
1.000597829323583765e+00
1.000597829323583765e+00
1.000597829323583765e+00
1.000597829323583765e+00
1.000597829323583765e+00
1.000597829323583765e+00
1.000597829323583765e+00
1.000597829323583765e+00
1.000597829323583765e+00
1.000597829323583765e+00
1.000597829323583765e+00
1.000597829323583765e+00
1.000597829323583765e+00
1.000597829323583765e+00
1.000597829323583765e+00
1.000597829323583765e+00
1.000597829323583765e+00
1.000597829323583765e+00
1.000597829323583765e+00
1.000597829323583765e+00
1.000597829323583765e+00
1.000597829323583765e+00
1.000597829323583765e+00
1.000597829323583765e+00
1.000597829323583765e+00
1.000597829323583765e+00
1.000597829323583765e+00
1.000597829323583765e+00
1.000597829323583765e+00
1.000597829323583765e+00
1.000597829323583765e+00
1.000597829323583765e+00
1.000597829323583765e+00
1.000597829323583765e+00
1.000597829323583765e+00
1.000597829323583765e+00
1.000597829323583765e+00
1.000597829323583765e+00
1.000597829323583765e+00
1.000597829323583765e+00
1.000597829323583765e+00
1.000597829323583765e+00
1.000597829323583765e+00
1.000597829323583765e+00
1.000597829323583765e+00
1.000597829323583765e+00
1.000597829323583765e+00
1.000597829323583765e+00
1.000597829323583765e+00
1.000597829323583765e+00
1.000597829323583765e+00
1.000597829323583765e+00
1.000597829323583765e+00
1.000597829323583765e+00
1.000597829323583765e+00
1.000597829323583765e+00
1.000597829323583765e+00
1.000597829323583765e+00
1.000597829323583765e+00
1.000597829323583765e+00
1.000597829323583765e+00
1.000597829323583765e+00
1.000597829323583765e+00
1.000597829323583765e+00
1.000597829323583765e+00
1.000597829323583765e+00
1.000597829323583765e+00
1.000597829323583765e+00
1.000597829323583765e+00
1.000597829323583765e+00
1.000597829323583765e+00
1.000597829323583765e+00
1.000597829323583765e+00
1.000597829323583765e+00
1.000597829323583765e+00
1.000597829323583765e+00
1.000597829323583765e+00
1.000597829323583765e+00
1.000597829323583765e+00
1.000597829323583765e+00
1.000597829323583765e+00
1.000597829323583765e+00
1.000597829323583765e+00
1.000597829323583765e+00
1.000597829323583765e+00
1.000597829323583765e+00
1.000597829323583765e+00
1.000597829323583765e+00
1.000597829323583765e+00
1.000597829323583765e+00
1.000597829323583765e+00
1.000597829323583765e+00
1.000597829323583765e+00
1.000597829323583765e+00
1.000597829323583765e+00
1.000597829323583765e+00
1.000597829323583765e+00
1.000597829323583765e+00
1.000597829323583765e+00
1.000597829323583765e+00
1.000597829323583765e+00
1.000597829323583765e+00
1.000597829323583765e+00
1.000597829323583765e+00
1.000597829323583765e+00
1.000597829323583765e+00
1.000597829323583765e+00
1.000597829323583765e+00
1.000597829323583765e+00
1.000597829323583765e+00
1.000597829323583765e+00
1.000597829323583765e+00
1.000597829323583765e+00
1.000597829323583765e+00
1.000597829323583765e+00
1.000597829323583765e+00
1.000597829323583765e+00
1.000597829323583765e+00
1.000597829323583765e+00
1.000597829323583765e+00
1.000597829323583765e+00
1.000597829323583765e+00
1.000597829323583765e+00
1.000597829323583765e+00
1.000597829323583765e+00
1.000597829323583765e+00
1.000597829323583765e+00
1.000597829323583765e+00
1.000597829323583765e+00
1.000597829323583765e+00
1.000597829323583765e+00
1.000597829323583765e+00
1.000597829323583765e+00
1.000597829323583765e+00
1.000597829323583765e+00
1.000597829323583765e+00
1.000597829323583765e+00
1.000597829323583765e+00
1.000597829323583765e+00
1.000597829323583765e+00
1.000597829323583765e+00
1.000597829323583765e+00
1.000597829323583765e+00
1.000597829323583765e+00
1.000597829323583765e+00
1.000597829323583765e+00
1.000597829323583765e+00
1.000597829323583765e+00
1.000597829323583765e+00
1.000597829323583765e+00
1.000597829323583765e+00
1.000597829323583765e+00
1.000597829323583765e+00
1.000597829323583765e+00
1.000597829323583765e+00
1.000597829323583765e+00
1.000597829323583765e+00
1.000597829323583765e+00
1.000597829323583765e+00
1.000597829323583765e+00
1.000597829323583765e+00
1.000597829323583765e+00
1.000597829323583765e+00
1.000597829323583765e+00
1.000597829323583765e+00
1.000597829323583765e+00
1.000597829323583765e+00
1.000597829323583765e+00
1.000597829323583765e+00
1.000597829323583765e+00
1.000597829323583765e+00
1.000597829323583765e+00
1.000597829323583765e+00
1.000597829323583765e+00
1.000597829323583765e+00
1.000597829323583765e+00
1.000597829323583765e+00
1.000597829323583765e+00
1.000597829323583765e+00
1.000597829323583765e+00
1.000597829323583765e+00
1.000597829323583765e+00
1.000597829323583765e+00
1.000597829323583765e+00
1.000597829323583765e+00
1.000597829323583765e+00
1.000597829323583765e+00
1.000597829323583765e+00
1.000597829323583765e+00
1.000597829323583765e+00
1.000597829323583765e+00
1.000597829323583765e+00
1.000597829323583765e+00
1.000597829323583765e+00
1.000597829323583765e+00
1.000597829323583765e+00
1.000597829323583765e+00
1.000597829323583765e+00
1.000597829323583765e+00
1.000597829323583765e+00
1.000597829323583765e+00
1.000597829323583765e+00
1.000597829323583765e+00
1.000597829323583765e+00
1.000597829323583765e+00
1.000597829323583765e+00
1.000597829323583765e+00
1.000597829323583765e+00
1.000597829323583765e+00
1.000597829323583765e+00
1.000597829323583765e+00
1.000597829323583765e+00
1.000597829323583765e+00
1.000597829323583765e+00
1.000597829323583765e+00
1.000597829323583765e+00
1.000597829323583765e+00
1.000597829323583765e+00
1.000597829323583765e+00
1.000597829323583765e+00
1.000597829323583765e+00
1.000597829323583765e+00
1.000597829323583765e+00
1.000597829323583765e+00
1.000597829323583765e+00
1.000597829323583765e+00
1.000597829323583765e+00
1.000597829323583765e+00
1.000597829323583765e+00
1.000597829323583765e+00
1.000597829323583765e+00
1.000597829323583765e+00
1.000597829323583765e+00
1.000597829323583765e+00
1.000597829323583765e+00
1.000597829323583765e+00
1.000597829323583765e+00
1.000597829323583765e+00
1.000597829323583765e+00
1.000597829323583765e+00
1.000597829323583765e+00
1.000597829323583765e+00
1.000597829323583765e+00
1.000597829323583765e+00
1.000597829323583765e+00
1.000597829323583765e+00
1.000597829323583765e+00
1.000597829323583765e+00
1.000597829323583765e+00
1.000597829323583765e+00
1.000597829323583765e+00
1.000597829323583765e+00
1.000597829323583765e+00
1.000597829323583765e+00
1.000597829323583765e+00
1.000597829323583765e+00
1.000597829323583765e+00
1.000597829323583765e+00
1.000597829323583765e+00
1.000597829323583765e+00
1.000597829323583765e+00
1.000597829323583765e+00
1.000597829323583765e+00
1.000597829323583765e+00
1.000597829323583765e+00
1.000597829323583765e+00
1.000597829323583765e+00
1.000597829323583765e+00
1.000597829323583765e+00
1.000597829323583765e+00
1.000597829323583765e+00
1.000597829323583765e+00
1.000597829323583765e+00
1.000597829323583765e+00
1.000597829323583765e+00
1.000597829323583765e+00
1.000597829323583765e+00
1.000597829323583765e+00
1.000597829323583765e+00
1.000597829323583765e+00
1.000597829323583765e+00
1.000597829323583765e+00
1.000597829323583765e+00
1.000597829323583765e+00
1.000597829323583765e+00
1.000597829323583765e+00
1.000597829323583765e+00
1.000597829323583765e+00
1.000597829323583765e+00
1.000597829323583765e+00
1.000597829323583765e+00
1.000597829323583765e+00
1.000597829323583765e+00
1.000597829323583765e+00
1.000597829323583765e+00
1.000597829323583765e+00
1.000597829323583765e+00
1.000597829323583765e+00
1.000597829323583765e+00
1.000597829323583765e+00
1.000597829323583765e+00
1.000597829323583765e+00
1.000597829323583765e+00
1.000597829323583765e+00
1.000597829323583765e+00
1.000597829323583765e+00
1.000597829323583765e+00
1.000597829323583765e+00
1.000597829323583765e+00
1.000597829323583765e+00
1.000597829323583765e+00
1.000597829323583765e+00
1.000597829323583765e+00
1.000597829323583765e+00
1.000597829323583765e+00
1.000597829323583765e+00
1.000597829323583765e+00
1.000597829323583765e+00
1.000597829323583765e+00
1.000597829323583765e+00
1.000597829323583765e+00
1.000597829323583765e+00
1.000597829323583765e+00
1.000597829323583765e+00
1.000597829323583765e+00
1.000597829323583765e+00
1.000597829323583765e+00
1.000597829323583765e+00
1.000597829323583765e+00
1.000597829323583765e+00
1.000597829323583765e+00
1.000597829323583765e+00
1.000597829323583765e+00
1.000597829323583765e+00
1.000597829323583765e+00
1.000597829323583765e+00
1.000597829323583765e+00
1.000597829323583765e+00
1.000597829323583765e+00
1.000597829323583765e+00
1.000597829323583765e+00
1.000597829323583765e+00
1.000597829323583765e+00
1.000597829323583765e+00
1.000597829323583765e+00
1.000597829323583765e+00
1.000597829323583765e+00
1.000597829323583765e+00
1.000597829323583765e+00
1.000597829323583765e+00
1.000597829323583765e+00
1.000597829323583765e+00
1.000597829323583765e+00
1.000597829323583765e+00
1.000597829323583765e+00
1.000597829323583765e+00
1.000597829323583765e+00
1.000597829323583765e+00
1.000597829323583765e+00
1.000597829323583765e+00
1.000597829323583765e+00
1.000597829323583765e+00
1.000597829323583765e+00
1.000597829323583765e+00
1.000597829323583765e+00
1.000597829323583765e+00
1.000597829323583765e+00
1.000597829323583765e+00
1.000597829323583765e+00
1.000597829323583765e+00
1.000597829323583765e+00
1.000597829323583765e+00
1.000597829323583765e+00
1.000597829323583765e+00
1.000597829323583765e+00
1.000597829323583765e+00
1.000597829323583765e+00
1.000597829323583765e+00
1.000597829323583765e+00
1.000597829323583765e+00
1.000597829323583765e+00
1.000597829323583765e+00
1.000597829323583765e+00
1.000597829323583765e+00
1.000597829323583765e+00
1.000597829323583765e+00
1.000597829323583765e+00
1.000597829323583765e+00
1.000597829323583765e+00
1.000597829323583765e+00
1.000597829323583765e+00
1.000597829323583765e+00
1.000597829323583765e+00
1.000597829323583765e+00
1.000597829323583765e+00
1.000597829323583765e+00
1.000597829323583765e+00
1.000597829323583765e+00
1.000597829323583765e+00
1.000597829323583765e+00
1.000597829323583765e+00
1.000597829323583765e+00
1.000597829323583765e+00
1.000597829323583765e+00
1.000597829323583765e+00
1.000597829323583765e+00
1.000597829323583765e+00
1.000597829323583765e+00
1.000597829323583765e+00
1.000597829323583765e+00
1.000597829323583765e+00
1.000597829323583765e+00
1.000597829323583765e+00
1.000597829323583765e+00
1.000597829323583765e+00
1.000597829323583765e+00
1.000597829323583765e+00
1.000597829323583765e+00
1.000597829323583765e+00
1.000597829323583765e+00
1.000597829323583765e+00
1.000597829323583765e+00
1.000597829323583765e+00
1.000597829323583765e+00
1.000597829323583765e+00
1.000597829323583765e+00
1.000597829323583765e+00
1.000597829323583765e+00
1.000597829323583765e+00
1.000597829323583765e+00
1.000597829323583765e+00
1.000597829323583765e+00
1.000597829323583765e+00
1.000597829323583765e+00
1.000597829323583765e+00
1.000597829323583765e+00
1.000597829323583765e+00
1.000597829323583765e+00
1.000597829323583765e+00
1.000597829323583765e+00
1.000597829323583765e+00
1.000597829323583765e+00
1.000597829323583765e+00
1.000597829323583765e+00
1.000597829323583765e+00
1.000597829323583765e+00
1.000597829323583765e+00
1.000597829323583765e+00
1.000347853446333479e+00
1.000347463473721055e+00
1.000346294650658940e+00
1.000344350261484827e+00
1.000341635780136240e+00
1.000338158870215599e+00
1.000333929385078369e+00
1.000328959367944304e+00
1.000323263052034672e+00
1.000316856860731018e+00
1.000309759407754129e+00
1.000301991497365428e+00
1.000293576124585249e+00
1.000284538475429974e+00
1.000274905927162727e+00
1.000264708048559603e+00
1.000253976600185890e+00
1.000242745534682065e+00
1.000231050997056226e+00
1.000218931324980742e+00
1.000206427049090685e+00
1.000193580893279810e+00
1.000180437774992992e+00
1.000167044805509109e+00
1.000153451290214601e+00
1.000139708728860377e+00
1.000125870815799622e+00
1.000111993440204516e+00
1.000098134686255635e+00
1.000084354833297606e+00
1.000070716355963452e+00
1.000057283924255191e+00
1.000044124403580037e+00
1.000031306854738400e+00
1.000018902533854170e+00
1.000006984892245709e+00
9.999956295762308933e-01
9.999849144268603274e-01
9.999749194795731766e-01
9.999657269637689527e-01
9.999574213022908165e-01
9.999500891108119571e-01
9.999438191971200540e-01
9.999387025602928247e-01
9.999348323897575552e-01
9.999323040642279503e-01
9.999312151505105328e-01
9.999316654021751516e-01
9.999337567580797170e-01
9.999375933407423922e-01
9.999432814545560211e-01
9.999509295838320266e-01
9.999606483906702259e-01
9.999725507126440149e-01
9.999867515602928192e-01
1.000003368114414926e+00
1.000022519723149372e+00
1.000044327898840901e+00
1.000068916314676759e+00
1.000096410801088798e+00
1.000126939341909438e+00
1.000160632070274502e+00
1.000197361465666956e+00
1.000233662171305049e+00
1.000268422266413770e+00
1.000301653916932709e+00
1.000333369354808877e+00
1.000363580878170788e+00
1.000392300851504768e+00
1.000419541705829030e+00
1.000445315938869095e+00
1.000469636115232763e+00
1.000492514866585081e+00
1.000513964891822427e+00
1.000533998957247039e+00
1.000552629896741985e+00
1.000569870611944134e+00
1.000585734072419131e+00
1.000600233315833254e+00
1.000613381448128614e+00
1.000625191643694789e+00
1.000635677145540470e+00
1.000644851265468205e+00
1.000652727384243823e+00
1.000659318951768517e+00
1.000664639487250263e+00
1.000668702579372571e+00
1.000671521886466131e+00
1.000673111136677340e+00
1.000673484128136392e+00
1.000672654729126254e+00
1.000670636878249642e+00
1.000667444584596666e+00
1.000663091927908921e+00
1.000657593058747796e+00
1.000650962198656568e+00
1.000643213640324936e+00
1.000634361747753331e+00
1.000624420956413019e+00
1.000613405773408848e+00
1.000601330777639353e+00
1.000588210619956175e+00
1.000574060023321277e+00
1.000558893782967029e+00
1.000542726766549650e+00
1.000525573914306632e+00
1.000507450239210172e+00
1.000488370827119944e+00
1.000468350836934972e+00
1.000447405500745290e+00
1.000425550123979823e+00
1.000402800085555155e+00
1.000379170838022969e+00
1.000354677907713929e+00
1.000329336894882681e+00
1.000303163473850399e+00
1.000276173393145118e+00
1.000248382475641851e+00
1.000219806618700691e+00
1.000190461794302488e+00
1.000160364049184292e+00
1.000129529504971693e+00
1.000097974358310937e+00
1.000065714880998158e+00
1.000033746850449656e+00
1.000005388480939894e+00
9.999807316626547760e-01
9.999595776885739085e-01
9.999417320940687803e-01
9.999270046639789911e-01
9.999152094391083878e-01
9.999061647221690885e-01
9.998996930831987040e-01
9.998956213644816238e-01
9.998937806849963472e-01
9.998940064444168385e-01
9.998961383266934400e-01
9.999000203032351042e-01
9.999055006357207009e-01
9.999124318785587162e-01
9.999206708810216560e-01
9.999300787890746944e-01
9.999405210469211047e-01
9.999518673982853434e-01
9.999639918874541067e-01
9.999767728600940098e-01
9.999900929638670943e-01
1.000003839148858820e+00
1.000017902667840186e+00
1.000032179076378203e+00
1.000046568232813016e+00
1.000060974298115468e+00
1.000075305735641962e+00
1.000089475310799836e+00
1.000103400090638806e+00
1.000117001443378006e+00
1.000130205037885966e+00
1.000142940843121497e+00
1.000155143127547941e+00
1.000166750458532317e+00
1.000177705701737807e+00
1.000187956020519131e+00
1.000197452875329907e+00
1.000206152023149775e+00
1.000214013516938172e+00
1.000221001705121848e+00
1.000227085231122581e+00
1.000232237032927518e+00
1.000236434342712366e+00
1.000239658686515432e+00
1.000241895883971166e+00
1.000243136048101000e+00
1.000243373585168127e+00
1.000242607194595790e+00
1.000240839868947296e+00
1.000238078893974203e+00
1.000234335848726230e+00
1.000229626605723787e+00
1.000223971331193784e+00
1.000217394485362288e+00
1.000209924822804242e+00
1.000201595392843812e+00
1.000192443540004916e+00
1.000182510904502831e+00
1.000171843422772877e+00
1.000160491328032197e+00
1.000149034499898448e+00
1.000138070464535067e+00
1.000127583937916453e+00
1.000117559518759469e+00
1.000107982157528719e+00
1.000098837156522258e+00
1.000090110169951974e+00
1.000081787204022188e+00
1.000073854617001601e+00
1.000066299119293012e+00
1.000059107773497047e+00
1.000052267994474997e+00
1.000045767549404552e+00
1.000039594557836420e+00
1.000033737491743846e+00
1.000028185175570350e+00
1.000022926786276578e+00
1.000017951853380271e+00
1.000013250258997566e+00
1.000008812237878963e+00
1.000004628377444194e+00
1.000000689617814187e+00
9.999969872518409408e-01
9.999935129251366073e-01
9.999902586360978063e-01
9.999872167359310504e-01
9.999843799286738388e-01
9.999817412712165288e-01
9.999792941733198770e-01
9.999770323976342468e-01
9.999749500597141516e-01
9.999730416280342427e-01
9.999713019240016321e-01
9.999697261219691047e-01
9.999683097492454431e-01
9.999670486861060859e-01
9.999659391658017871e-01
9.999649777745666102e-01
9.999641614516250332e-01
9.999634874891984992e-01
9.999629535325100793e-01
9.999625575797893573e-01
9.999622979822764268e-01
9.999621734442245558e-01
9.999621830229021846e-01
9.999623261285947029e-01
9.999626025246054484e-01
9.999630123272553739e-01
9.999635560058822703e-01
9.999642343828401003e-01
9.999650486334962229e-01
9.999660002862289510e-01
9.999670912224242203e-01
9.999683236764707051e-01
9.999697002357550435e-01
9.999712238406563980e-01
9.999728977845392386e-01
9.999747257137456824e-01
9.999767116275870560e-01
9.999788598783351246e-01
9.999811751712106567e-01
9.999836518439858546e-01
9.999861186037518612e-01
9.999885122146168204e-01
9.999908300386912696e-01
9.999930695303766992e-01
9.999952282363624434e-01
9.999973037956224609e-01
9.999992939394132252e-01
1.000001196491270061e+00
1.000003009367004481e+00
1.000004730574701739e+00
1.000006358214718505e+00
1.000007890479678530e+00
1.000009325654472869e+00
1.000010662116255666e+00
1.000011898334442151e+00
1.000013032870707308e+00
1.000014064378982326e+00
1.000014991605454595e+00
1.000015813388564823e+00
1.000016528659005255e+00
1.000017136439718568e+00
1.000017635845896979e+00
1.000018026084979139e+00
1.000018306456651906e+00
1.000018476352846575e+00
1.000018535257739760e+00
1.000018482747752957e+00
1.000018318491550096e+00
1.000018042250039763e+00
1.000017653876372981e+00
1.000017153315944318e+00
1.000016540606391224e+00
1.000015815877595360e+00
1.000014979351681932e+00
1.000014031343020360e+00
1.000012972258226274e+00
1.000011802596161070e+00
1.000010522947932801e+00
1.000009133996899058e+00
1.000007636518666310e+00
1.000006031381092564e+00
1.000004319544289144e+00
1.000002502060621135e+00
1.000000580074710932e+00
9.999985548234393562e-01
9.999964276359476489e-01
9.999941999336408038e-01
9.999918732301885660e-01
9.999894491315288736e-01
9.999869293358709665e-01
9.999843156336967187e-01
9.999816099077647458e-01
9.999788141331126257e-01
9.999759303770604513e-01
9.999729607992137170e-01
9.999699076514664275e-01
9.999667732780045393e-01
9.999635601153094022e-01
9.999602706921607576e-01
9.999569076296404013e-01
9.999534736411362923e-01
9.999500362754694116e-01
9.999468434862467392e-01
9.999439145805580909e-01
9.999412444749398166e-01
9.999388284712678043e-01
9.999366622567736895e-01
9.999347419040609530e-01
9.999330638711190211e-01
9.999316250013350338e-01
9.999304225235052801e-01
9.999294540518437469e-01
9.999287175859911114e-01
9.999282115110205149e-01
9.999279345974430022e-01
9.999278860012111858e-01
9.999280652637219102e-01
9.999284723118171403e-01
9.999291074577839611e-01
9.999299713993530236e-01
9.999310652196958804e-01
9.999323903874205444e-01
9.999339487565662710e-01
9.999357425665961197e-01
9.999377744423898484e-01
9.999400473942330336e-01
9.999425648178064119e-01
9.999453304941736675e-01
9.999483485897664448e-01
9.999516236563692484e-01
9.999551606311016805e-01
9.999589648363992334e-01
9.999630419799929726e-01
9.999673981548858892e-01
9.999720398393290299e-01
9.999769738967944077e-01
9.999822075759459139e-01
9.999877485106093422e-01
9.999936047197379718e-01
9.999997846073775953e-01
1.000006296962628438e+00
1.000013150959603747e+00
1.000020356157387269e+00
1.000027922499985955e+00
1.000035860316281555e+00
1.000044180319977327e+00
1.000052893609543636e+00
1.000062011668156892e+00
1.000071546363638930e+00
1.000081509948389735e+00
1.000091915059317937e+00
1.000102774717765319e+00
1.000114102329429988e+00
1.000125911684282443e+00
1.000138216956479420e+00
1.000151032704271303e+00
1.000164373869905088e+00
1.000178255779522463e+00
1.000192694143052563e+00
1.000207705054099616e+00
1.000223304989823703e+00
1.000239510810816190e+00
1.000256339760969837e+00
1.000273055765698027e+00
1.000288688062081821e+00
1.000303178055438558e+00
1.000316474653146326e+00
1.000328531512004959e+00
1.000339307037357406e+00
1.000348764382279931e+00
1.000356871446850482e+00
1.000363600877494541e+00
1.000368930066422468e+00
1.000372841151155434e+00
1.000375321014147723e+00
1.000376361282508064e+00
1.000375958327821113e+00
1.000374113266069509e+00
1.000370831957660078e+00
1.000366125007552620e+00
1.000360007765487502e+00
1.000352500326315841e+00
1.000343627530424273e+00
1.000333418964256538e+00
1.000321908960919659e+00
1.000309136600880944e+00
1.000295145712738920e+00
1.000279984874070216e+00
1.000263707412339498e+00
1.000246371405869361e+00
1.000228039684854409e+00
1.000208779832419292e+00
1.000188664185701404e+00
1.000167769836952214e+00
1.000146178634643057e+00
1.000123977184565582e+00
1.000101256850906450e+00
1.000078113757291831e+00
1.000054648787776168e+00
1.000030967587767661e+00
1.000007180564868037e+00
9.999834028896108507e-01
9.999597544960826534e-01
9.999363600824016096e-01
9.999133491110396843e-01
9.998908558089644183e-01
9.998690191675784211e-01
9.998479829424364862e-01
9.998278956527145711e-01
9.998089105804082166e-01
9.997911857692346471e-01
9.997748840232144607e-01
9.997601729049043762e-01
9.997472247332558348e-01
9.997362165810708134e-01
9.997273302720259824e-01
9.997207523772360105e-01
9.997166742113265947e-01
9.997152918279847977e-01
9.997168060149570490e-01
9.997214222884613921e-01
9.997293508869800061e-01
9.997408067644020235e-01
9.997560095824774562e-01
9.997750675918738450e-01
9.997958557854128570e-01
9.998174599024785003e-01
9.998398209120819002e-01
9.998628801268404365e-01
9.998865792033676536e-01
9.999108601426227594e-01
9.999356652902254838e-01
9.999609373367320808e-01
9.999866193178778007e-01
1.000012654614781393e+00
1.000038986954119302e+00
1.000065560408261778e+00
1.000092319395378793e+00
1.000119208679512539e+00
1.000146173370618063e+00
1.000173158924574812e+00
1.000200111143164428e+00
1.000226976174021898e+00
1.000253700510556953e+00
1.000280230991844377e+00
1.000306514802493663e+00
1.000332499472481818e+00
1.000358132876968398e+00
1.000383363236079903e+00
1.000408139114671080e+00
1.000432409422060243e+00
1.000456123411743059e+00
1.000479230681079468e+00
1.000501681170962165e+00
1.000523425165459779e+00
1.000544413291440060e+00
1.000564596518171756e+00
1.000583926156906056e+00
1.000602353860440052e+00
1.000619831622657996e+00
1.000636311778056786e+00
1.000651747001252367e+00
1.000666090306468137e+00
1.000679295047008255e+00
1.000691314914712526e+00
1.000702103939397292e+00
1.000711616488279665e+00
1.000719807265388672e+00
1.000726631310959958e+00
1.000732044000819609e+00
1.000736001045752666e+00
1.000738458490859850e+00
1.000739372714901654e+00
1.000738700429631756e+00
1.000736398679118233e+00
1.000732424839054557e+00
1.000726736616060819e+00
1.000719292046974518e+00
1.000710049498131804e+00
1.000698967664640726e+00
1.000686005569646486e+00
1.000671122563586923e+00
1.000654278323443114e+00
1.000635432851979756e+00
1.000614546476982447e+00
1.000591579850486301e+00
1.000566987013125964e+00
1.000542847515365930e+00
1.000519401013700627e+00
1.000496650480446448e+00
1.000474598891400335e+00
1.000453249225819130e+00
1.000432604466398034e+00
1.000412667599251293e+00
1.000393441613891099e+00
1.000374929503206722e+00
1.000357134263442305e+00
1.000340058894178430e+00
1.000323706398307921e+00
1.000308079782016968e+00
1.000293182054761587e+00
1.000279016229247642e+00
1.000265585321407746e+00
1.000252892350380396e+00
1.000240940338487761e+00
1.000229732311212150e+00
1.000219271297176471e+00
1.000209560328118918e+00
1.000200602438873432e+00
1.000192400667343717e+00
1.000184958054482820e+00
1.000178277644270031e+00
1.000172362483686905e+00
1.000167215622694394e+00
1.000162840114210416e+00
1.000159239014084767e+00
1.000156415381077801e+00
1.000154372276834236e+00
1.000153112765861385e+00
1.000152639915504071e+00
1.000152956795921311e+00
1.000154066480061665e+00
1.000155972043638597e+00
1.000158676565106708e+00
1.000162183125637316e+00
1.000166494809093143e+00
1.000171614702002998e+00
1.000177545893538467e+00
1.000184291475487264e+00
1.000191854542229475e+00
1.000200238190710023e+00
1.000209445520416018e+00
1.000219479633348785e+00
1.000230343633999874e+00
1.000242040629323537e+00
1.000254573728712959e+00
1.000267946043971845e+00
1.000282160689289546e+00
1.000297220781214858e+00
1.000313129438628934e+00
1.000329889782718862e+00
1.000347504936950571e+00
1.000365978027043745e+00
1.000385312180942510e+00
1.000405510528789454e+00
1.000426576202898765e+00
1.000448512337728690e+00
1.000471322069853120e+00
1.000493924472301899e+00
1.000514835480850850e+00
1.000534073349260922e+00
1.000551666153522090e+00
1.000567642138233904e+00
1.000582029717052235e+00
1.000594857473129151e+00
1.000606154159551675e+00
1.000615948699774327e+00
1.000624270188048337e+00
1.000631147889845085e+00
1.000636611242276208e+00
1.000640689854506826e+00
1.000643413508167434e+00
1.000644812157755581e+00
1.000644915931035550e+00
1.000643755129432044e+00
1.000641360228416099e+00
1.000637761877888554e+00
1.000632990902554198e+00
1.000627078302290363e+00
1.000620055252511520e+00
1.000611953104522778e+00
1.000602803385871153e+00
1.000592637800686635e+00
1.000581488230017246e+00
1.000569386732156785e+00
1.000556365542964787e+00
1.000542457076178948e+00
1.000527693923718653e+00
1.000512108855981852e+00
1.000495734822132610e+00
1.000478604950379546e+00
1.000460752548247401e+00
1.000442211102837264e+00
1.000423014281080381e+00
1.000403195929978839e+00
1.000382790076840500e+00
1.000361830929501927e+00
1.000340352876541994e+00
1.000318390487484832e+00
1.000295978512993011e+00
1.000273151885048506e+00
1.000249945717125666e+00
1.000226395304349314e+00
1.000202536123645514e+00
1.000178403833877239e+00
1.000154034275970272e+00
1.000129463473026226e+00
1.000104727630425128e+00
1.000079863135911573e+00
1.000054906559673107e+00
1.000029894654402174e+00
1.000004864355345857e+00
9.999798527803416270e-01
9.999548972298422100e-01
9.999300351869225834e-01
9.999053043172748678e-01
9.998807424691895651e-01
9.998563876735208078e-01
9.998322781436367324e-01
9.998085439460914214e-01
9.997873855880808902e-01
9.997696119947806492e-01
9.997550725473489663e-01
9.997436191017250451e-01
9.997351059934940221e-01
9.997293900424205626e-01
9.997263305566652658e-01
9.997257893366953141e-01
9.997276306789005806e-01
9.997317213789282953e-01
9.997379307347478150e-01
9.997461305494560468e-01
9.997561951338357344e-01
9.997680013086777118e-01
9.997814284068780033e-01
9.997963582753192080e-01
9.998126752765503777e-01
9.998302662902703863e-01
9.998490207146299991e-01
9.998688304673600813e-01
9.998895899867353831e-01
9.999111962323844471e-01
9.999335486859555200e-01
9.999565493516452408e-01
9.999801027566015410e-01
1.000004115951208084e+00
1.000028498509258457e+00
1.000053162528029782e+00
1.000078022628261731e+00
1.000102995954050833e+00
1.000128002172664843e+00
1.000152963474288947e+00
1.000177804571705575e+00
1.000202452699919364e+00
1.000226837615729947e+00
1.000250891597262548e+00
1.000274549443460614e+00
1.000297748473545578e+00
1.000320428526452643e+00
1.000342531960245473e+00
1.000364003651515121e+00
1.000384790994770068e+00
1.000404843901819829e+00
1.000424114801160336e+00
1.000442558637359314e+00
1.000460132870455654e+00
1.000476797475363888e+00
1.000492514941300870e+00
1.000507250271226667e+00
1.000520970981310986e+00
1.000533647100424472e+00
1.000545251169657757e+00
1.000555758241873372e+00
1.000565145881288975e+00
1.000573394163097429e+00
1.000580485673125075e+00
1.000586405507527532e+00
1.000591141272528350e+00
1.000594683084198966e+00
1.000597023568281507e+00
1.000598157860056681e+00
1.000598157860056681e+00
1.000598157860056681e+00
1.000598157860056681e+00
1.000598157860056681e+00
1.000598157860056681e+00
1.000598157860056681e+00
1.000598157860056681e+00
1.000598157860056681e+00
1.000598157860056681e+00
1.000598157860056681e+00
1.000598157860056681e+00
1.000598157860056681e+00
1.000598157860056681e+00
1.000598157860056681e+00
1.000598157860056681e+00
1.000598157860056681e+00
1.000598157860056681e+00
1.000598157860056681e+00
1.000598157860056681e+00
1.000598157860056681e+00
1.000598157860056681e+00
1.000598157860056681e+00
1.000598157860056681e+00
1.000598157860056681e+00
1.000598157860056681e+00
1.000598157860056681e+00
1.000598157860056681e+00
1.000598157860056681e+00
1.000598157860056681e+00
1.000598157860056681e+00
1.000598157860056681e+00
1.000598157860056681e+00
1.000598157860056681e+00
1.000598157860056681e+00
1.000598157860056681e+00
1.000598157860056681e+00
1.000598157860056681e+00
1.000598157860056681e+00
1.000598157860056681e+00
1.000598157860056681e+00
1.000598157860056681e+00
1.000598157860056681e+00
1.000598157860056681e+00
1.000598157860056681e+00
1.000598157860056681e+00
1.000598157860056681e+00
1.000598157860056681e+00
1.000598157860056681e+00
1.000598157860056681e+00
1.000598157860056681e+00
1.000598157860056681e+00
1.000598157860056681e+00
1.000598157860056681e+00
1.000598157860056681e+00
1.000598157860056681e+00
1.000598157860056681e+00
1.000598157860056681e+00
1.000598157860056681e+00
1.000598157860056681e+00
1.000598157860056681e+00
1.000598157860056681e+00
1.000598157860056681e+00
1.000598157860056681e+00
1.000598157860056681e+00
1.000598157860056681e+00
1.000598157860056681e+00
1.000598157860056681e+00
1.000598157860056681e+00
1.000598157860056681e+00
1.000598157860056681e+00
1.000598157860056681e+00
1.000598157860056681e+00
1.000598157860056681e+00
1.000598157860056681e+00
1.000598157860056681e+00
1.000598157860056681e+00
1.000598157860056681e+00
1.000598157860056681e+00
1.000598157860056681e+00
1.000598157860056681e+00
1.000598157860056681e+00
1.000598157860056681e+00
1.000598157860056681e+00
1.000598157860056681e+00
1.000598157860056681e+00
1.000598157860056681e+00
1.000598157860056681e+00
1.000598157860056681e+00
1.000598157860056681e+00
1.000598157860056681e+00
1.000598157860056681e+00
1.000598157860056681e+00
1.000598157860056681e+00
1.000598157860056681e+00
1.000598157860056681e+00
1.000598157860056681e+00
1.000598157860056681e+00
1.000598157860056681e+00
1.000598157860056681e+00
1.000598157860056681e+00
1.000598157860056681e+00
1.000598157860056681e+00
1.000598157860056681e+00
1.000598157860056681e+00
1.000598157860056681e+00
1.000598157860056681e+00
1.000598157860056681e+00
1.000598157860056681e+00
1.000598157860056681e+00
1.000598157860056681e+00
1.000598157860056681e+00
1.000598157860056681e+00
1.000598157860056681e+00
1.000598157860056681e+00
1.000598157860056681e+00
1.000598157860056681e+00
1.000598157860056681e+00
1.000598157860056681e+00
1.000598157860056681e+00
1.000598157860056681e+00
1.000598157860056681e+00
1.000598157860056681e+00
1.000598157860056681e+00
1.000598157860056681e+00
1.000598157860056681e+00
1.000598157860056681e+00
1.000598157860056681e+00
1.000598157860056681e+00
1.000598157860056681e+00
1.000598157860056681e+00
1.000598157860056681e+00
1.000598157860056681e+00
1.000598157860056681e+00
1.000598157860056681e+00
1.000598157860056681e+00
1.000598157860056681e+00
1.000598157860056681e+00
1.000598157860056681e+00
1.000598157860056681e+00
1.000598157860056681e+00
1.000598157860056681e+00
1.000598157860056681e+00
1.000598157860056681e+00
1.000598157860056681e+00
1.000598157860056681e+00
1.000598157860056681e+00
1.000598157860056681e+00
1.000598157860056681e+00
1.000598157860056681e+00
1.000598157860056681e+00
1.000598157860056681e+00
1.000598157860056681e+00
1.000598157860056681e+00
1.000598157860056681e+00
1.000598157860056681e+00
1.000598157860056681e+00
1.000598157860056681e+00
1.000598157860056681e+00
1.000598157860056681e+00
1.000598157860056681e+00
1.000598157860056681e+00
1.000598157860056681e+00
1.000598157860056681e+00
1.000598157860056681e+00
1.000598157860056681e+00
1.000598157860056681e+00
1.000598157860056681e+00
1.000598157860056681e+00
1.000598157860056681e+00
1.000598157860056681e+00
1.000598157860056681e+00
1.000598157860056681e+00
1.000598157860056681e+00
1.000598157860056681e+00
1.000598157860056681e+00
1.000598157860056681e+00
1.000598157860056681e+00
1.000598157860056681e+00
1.000598157860056681e+00
1.000598157860056681e+00
1.000598157860056681e+00
1.000598157860056681e+00
1.000598157860056681e+00
1.000598157860056681e+00
1.000598157860056681e+00
1.000598157860056681e+00
1.000598157860056681e+00
1.000598157860056681e+00
1.000598157860056681e+00
1.000598157860056681e+00
1.000598157860056681e+00
1.000598157860056681e+00
1.000598157860056681e+00
1.000598157860056681e+00
1.000598157860056681e+00
1.000598157860056681e+00
1.000598157860056681e+00
1.000598157860056681e+00
1.000598157860056681e+00
1.000598157860056681e+00
1.000598157860056681e+00
1.000598157860056681e+00
1.000598157860056681e+00
1.000598157860056681e+00
1.000598157860056681e+00
1.000598157860056681e+00
1.000598157860056681e+00
1.000598157860056681e+00
1.000598157860056681e+00
1.000598157860056681e+00
1.000598157860056681e+00
1.000598157860056681e+00
1.000598157860056681e+00
1.000598157860056681e+00
1.000598157860056681e+00
1.000598157860056681e+00
1.000598157860056681e+00
1.000598157860056681e+00
1.000598157860056681e+00
1.000598157860056681e+00
1.000598157860056681e+00
1.000598157860056681e+00
1.000598157860056681e+00
1.000598157860056681e+00
1.000598157860056681e+00
1.000598157860056681e+00
1.000598157860056681e+00
1.000598157860056681e+00
1.000598157860056681e+00
1.000598157860056681e+00
1.000598157860056681e+00
1.000598157860056681e+00
1.000598157860056681e+00
1.000598157860056681e+00
1.000598157860056681e+00
1.000598157860056681e+00
1.000598157860056681e+00
1.000598157860056681e+00
1.000598157860056681e+00
1.000598157860056681e+00
1.000598157860056681e+00
1.000598157860056681e+00
1.000598157860056681e+00
1.000598157860056681e+00
1.000598157860056681e+00
1.000598157860056681e+00
1.000598157860056681e+00
1.000598157860056681e+00
1.000598157860056681e+00
1.000598157860056681e+00
1.000598157860056681e+00
1.000598157860056681e+00
1.000598157860056681e+00
1.000598157860056681e+00
1.000598157860056681e+00
1.000598157860056681e+00
1.000598157860056681e+00
1.000598157860056681e+00
1.000598157860056681e+00
1.000598157860056681e+00
1.000598157860056681e+00
1.000598157860056681e+00
1.000598157860056681e+00
1.000598157860056681e+00
1.000598157860056681e+00
1.000598157860056681e+00
1.000598157860056681e+00
1.000598157860056681e+00
1.000598157860056681e+00
1.000598157860056681e+00
1.000598157860056681e+00
1.000598157860056681e+00
1.000598157860056681e+00
1.000598157860056681e+00
1.000598157860056681e+00
1.000598157860056681e+00
1.000598157860056681e+00
1.000598157860056681e+00
1.000598157860056681e+00
1.000598157860056681e+00
1.000598157860056681e+00
1.000598157860056681e+00
1.000598157860056681e+00
1.000598157860056681e+00
1.000598157860056681e+00
1.000598157860056681e+00
1.000598157860056681e+00
1.000598157860056681e+00
1.000598157860056681e+00
1.000598157860056681e+00
1.000598157860056681e+00
1.000598157860056681e+00
1.000598157860056681e+00
1.000598157860056681e+00
1.000598157860056681e+00
1.000598157860056681e+00
1.000598157860056681e+00
1.000598157860056681e+00
1.000598157860056681e+00
1.000598157860056681e+00
1.000598157860056681e+00
1.000598157860056681e+00
1.000598157860056681e+00
1.000598157860056681e+00
1.000598157860056681e+00
1.000598157860056681e+00
1.000598157860056681e+00
1.000598157860056681e+00
1.000598157860056681e+00
1.000598157860056681e+00
1.000598157860056681e+00
1.000598157860056681e+00
1.000598157860056681e+00
1.000598157860056681e+00
1.000598157860056681e+00
1.000598157860056681e+00
1.000598157860056681e+00
1.000598157860056681e+00
1.000598157860056681e+00
1.000598157860056681e+00
1.000598157860056681e+00
1.000598157860056681e+00
1.000598157860056681e+00
1.000598157860056681e+00
1.000598157860056681e+00
1.000598157860056681e+00
1.000598157860056681e+00
1.000598157860056681e+00
1.000598157860056681e+00
1.000598157860056681e+00
1.000598157860056681e+00
1.000598157860056681e+00
1.000598157860056681e+00
1.000598157860056681e+00
1.000598157860056681e+00
1.000598157860056681e+00
1.000598157860056681e+00
1.000598157860056681e+00
1.000598157860056681e+00
1.000598157860056681e+00
1.000598157860056681e+00
1.000598157860056681e+00
1.000598157860056681e+00
1.000598157860056681e+00
1.000598157860056681e+00
1.000598157860056681e+00
1.000598157860056681e+00
1.000598157860056681e+00
1.000598157860056681e+00
1.000598157860056681e+00
1.000598157860056681e+00
1.000598157860056681e+00
1.000598157860056681e+00
1.000598157860056681e+00
1.000598157860056681e+00
1.000598157860056681e+00
1.000598157860056681e+00
1.000598157860056681e+00
1.000598157860056681e+00
1.000598157860056681e+00
1.000598157860056681e+00
1.000598157860056681e+00
1.000598157860056681e+00
1.000598157860056681e+00
1.000598157860056681e+00
1.000598157860056681e+00
1.000598157860056681e+00
1.000598157860056681e+00
1.000598157860056681e+00
1.000598157860056681e+00
1.000598157860056681e+00
1.000598157860056681e+00
1.000598157860056681e+00
1.000598157860056681e+00
1.000598157860056681e+00
1.000598157860056681e+00
1.000598157860056681e+00
1.000598157860056681e+00
1.000598157860056681e+00
1.000598157860056681e+00
1.000598157860056681e+00
1.000598157860056681e+00
1.000598157860056681e+00
1.000598157860056681e+00
1.000598157860056681e+00
1.000598157860056681e+00
1.000598157860056681e+00
1.000598157860056681e+00
1.000598157860056681e+00
1.000598157860056681e+00
1.000598157860056681e+00
1.000598157860056681e+00
1.000598157860056681e+00
1.000598157860056681e+00
1.000598157860056681e+00
1.000347853446333257e+00
1.000347397792087145e+00
1.000346032324075374e+00
1.000343761526498509e+00
1.000340592873092849e+00
1.000336536827229894e+00
1.000331606842058241e+00
1.000325819360682322e+00
1.000319193816377794e+00
1.000311752632841999e+00
1.000303521224479297e+00
1.000294527996714811e+00
1.000284804346337930e+00
1.000274384661870464e+00
1.000263306323956325e+00
1.000251609705770761e+00
1.000239338173442238e+00
1.000226538086486539e+00
1.000213258798244409e+00
1.000199552656321211e+00
1.000185475003022795e+00
1.000171084175780045e+00
1.000156441507558336e+00
1.000141611327245661e+00
1.000126660960012792e+00
1.000111660727636576e+00
1.000096683948784149e+00
1.000081806939246087e+00
1.000067109012110933e+00
1.000052672477879101e+00
1.000038582644498186e+00
1.000024927817320330e+00
1.000011799298965887e+00
9.999992913890886070e-01
9.999875013840294757e-01
9.999765295763521911e-01
9.999664792542474201e-01
9.999574567007972759e-01
9.999495711930884712e-01
9.999429350011628248e-01
9.999376633867935737e-01
9.999338746020770552e-01
9.999316898878253257e-01
9.999312334717503914e-01
9.999326325664242843e-01
9.999360173670044372e-01
9.999415210487107020e-01
9.999492797640389119e-01
9.999594326396996635e-01
9.999721217732666645e-01
9.999874922295204360e-01
1.000005692036473715e+00
1.000026872181062787e+00
1.000051186604490772e+00
1.000078792197205857e+00
1.000109848793500733e+00
1.000144519165717227e+00
1.000182969018037937e+00
1.000222776659596580e+00
1.000260789195865696e+00
1.000297012605287694e+00
1.000331462322411991e+00
1.000364153872113526e+00
1.000395102869852559e+00
1.000424325021932015e+00
1.000451836125755722e+00
1.000477652070087986e+00
1.000501788835309380e+00
1.000524262493675876e+00
1.000545089209575744e+00
1.000564285239786688e+00
1.000581866933732300e+00
1.000597850733738081e+00
1.000612253175287680e+00
1.000625090887278246e+00
1.000636380592274222e+00
1.000646139106762700e+00
1.000654383341405218e+00
1.000661130301292445e+00
1.000666397086194204e+00
1.000670200890812156e+00
1.000672559005029605e+00
1.000673488814160850e+00
1.000673007799199876e+00
1.000671133537067936e+00
1.000667883700859795e+00
1.000663276060089313e+00
1.000657328480934138e+00
1.000650058926477293e+00
1.000641485456950752e+00
1.000631626229975035e+00
1.000620499500798566e+00
1.000608123622534817e+00
1.000594517046399679e+00
1.000579698321944822e+00
1.000563686097291738e+00
1.000546499119363331e+00
1.000528156234112620e+00
1.000508676386751894e+00
1.000488078621978305e+00
1.000466382084198580e+00
1.000443606017750620e+00
1.000419769767124212e+00
1.000394892777180189e+00
1.000368994593364924e+00
1.000342094861925268e+00
1.000314213330120383e+00
1.000285369846430017e+00
1.000255584360763450e+00
1.000224876924661777e+00
1.000193267691500631e+00
1.000160776916690475e+00
1.000127424957871991e+00
1.000093232275111266e+00
1.000058219431089412e+00
1.000024539496401133e+00
9.999953119581000971e-01
9.999703182196770790e-01
9.999493096125319225e-01
9.999320432649603241e-01
9.999182821121536113e-01
9.999077949052994629e-01
9.999003562198265360e-01
9.998957464628448477e-01
9.998937518798219903e-01
9.998941645605435857e-01
9.998967824443993901e-01
9.999014093250366830e-01
9.999078548544254597e-01
9.999159345463702886e-01
9.999254697795129099e-01
9.999362877998599908e-01
9.999482217228733427e-01
9.999611105351595697e-01
9.999747990957913446e-01
9.999891381372943977e-01
1.000003984266333079e+00
1.000019199964121919e+00
1.000034653586597821e+00
1.000050219364376325e+00
1.000065777402521006e+00
1.000081213680153569e+00
1.000096420049924495e+00
1.000111294237375548e+00
1.000125739840206807e+00
1.000139666327476862e+00
1.000152989038752160e+00
1.000165629183226823e+00
1.000177513838825583e+00
1.000188575951312053e+00
1.000198754333412765e+00
1.000207993663972283e+00
1.000216244487153183e+00
1.000223463211689312e+00
1.000229612110204780e+00
1.000234659318607555e+00
1.000238578835564107e+00
1.000241350522062422e+00
1.000242960101068501e+00
1.000243399157281221e+00
1.000242665136986675e+00
1.000240761348016205e+00
1.000237696959805467e+00
1.000233487003558075e+00
1.000228152372506951e+00
1.000221719822275146e+00
1.000214221971328143e+00
1.000205697301514540e+00
1.000196190158686882e+00
1.000185750753395997e+00
1.000174435161647724e+00
1.000162305325716261e+00
1.000149877103548857e+00
1.000138007162457043e+00
1.000126695075427286e+00
1.000115921410158926e+00
1.000105667214611138e+00
1.000095914017129939e+00
1.000086643826566757e+00
1.000077839132390345e+00
1.000069482904792473e+00
1.000061558594786071e+00
1.000054050134299821e+00
1.000046941936263423e+00
1.000040218894690636e+00
1.000033866384755443e+00
1.000027870262863106e+00
1.000022216866717439e+00
1.000016893015382324e+00
1.000011886009341211e+00
1.000007183630548413e+00
1.000002774142481510e+00
9.999986462901871986e-01
9.999947893003230392e-01
9.999911928811986428e-01
9.999878472228118653e-01
9.999847429968825585e-01
9.999818713568829898e-01
9.999792239380677072e-01
9.999767928574977427e-01
9.999745707140664797e-01
9.999725505885194154e-01
9.999707260434747003e-01
9.999690911234409008e-01
9.999676403548318770e-01
9.999663687459825478e-01
9.999652717871599927e-01
9.999643454505755535e-01
9.999635861903937162e-01
9.999629909427407704e-01
9.999625571257112489e-01
9.999622826393744779e-01
9.999621658657780188e-01
9.999622056689514427e-01
9.999624013949082180e-01
9.999627528716464875e-01
9.999632604091495125e-01
9.999639247993833413e-01
9.999647473162951439e-01
9.999657297158096592e-01
9.999668742358234219e-01
9.999681835961998777e-01
9.999696609987618334e-01
9.999713101272829086e-01
9.999731351474772101e-01
9.999751407069890075e-01
9.999773319353796319e-01
9.999797144441131547e-01
9.999822943265403996e-01
9.999849918493081136e-01
9.999876127801324843e-01
9.999901463145355329e-01
9.999925891977347048e-01
9.999949383009520965e-01
9.999971906214100148e-01
9.999993432823259809e-01
1.000001393532909066e+00
1.000003338748356230e+00
1.000005176429846765e+00
1.000006904204540303e+00
1.000008519825571485e+00
1.000010021172047292e+00
1.000011406249043500e+00
1.000012673187601120e+00
1.000013820244723739e+00
1.000014845803374186e+00
1.000015748372472091e+00
1.000016526586892107e+00
1.000017179207459916e+00
1.000017705120952227e+00
1.000018103340093445e+00
1.000018373003554784e+00
1.000018513375952711e+00
1.000018523847848284e+00
1.000018403935745370e+00
1.000018153282090649e+00
1.000017771655272947e+00
1.000017258949623900e+00
1.000016615185416624e+00
1.000015840508867271e+00
1.000014935192134802e+00
1.000013899633322767e+00
1.000012734356479305e+00
1.000011440011599362e+00
1.000010017374625582e+00
1.000008467347450969e+00
1.000006790957920222e+00
1.000004989359831287e+00
1.000003063832940464e+00
1.000001015782962410e+00
9.999988467415740212e-01
9.999965583664183200e-01
9.999941524411067872e-01
9.999916308752232474e-01
9.999889957043279765e-01
9.999862490899612544e-01
9.999833933196474733e-01
9.999804308068993564e-01
9.999773640912223982e-01
9.999741958381200835e-01
9.999709288390967732e-01
9.999675660116648102e-01
9.999641103993475166e-01
9.999605651716854116e-01
9.999569336242402073e-01
9.999532191786014712e-01
9.999495262955955255e-01
9.999461309826441768e-01
9.999430425788907728e-01
9.999402547977503941e-01
9.999377618787589350e-01
9.999355585875990826e-01
9.999336402161210779e-01
9.999320025823627001e-01
9.999306420305654752e-01
9.999295554311906642e-01
9.999287401809289211e-01
9.999281942027131720e-01
9.999279159457240551e-01
9.999279043853971372e-01
9.999281590234250228e-01
9.999286798877601301e-01
9.999294675326126924e-01
9.999305230384485377e-01
9.999318480119840924e-01
9.999334445861791654e-01
9.999353154202277327e-01
9.999374636995466137e-01
9.999398931357614817e-01
9.999426079666906553e-01
9.999456129563275564e-01
9.999489133948187281e-01
9.999525150984417410e-01
9.999564244095776600e-01
9.999606481966828442e-01
9.999651938542581942e-01
9.999700693028130694e-01
9.999752829888284289e-01
9.999808438847151981e-01
9.999867614887704148e-01
9.999930458251283794e-01
9.999997074437098066e-01
1.000006757420164760e+00
1.000014207355814033e+00
1.000022069377583644e+00
1.000030356137937337e+00
1.000039080814801418e+00
1.000048257111487482e+00
1.000057899256607818e+00
1.000068022003985480e+00
1.000078640632560578e+00
1.000089770946288148e+00
1.000101429274030229e+00
1.000113632469442182e+00
1.000126397910852782e+00
1.000139743501133660e+00
1.000153687667564961e+00
1.000168249361692796e+00
1.000183448059174474e+00
1.000199303759620628e+00
1.000215836986425577e+00
1.000233068786588131e+00
1.000251020730523299e+00
1.000269286978000993e+00
1.000286413062872581e+00
1.000302213916882232e+00
1.000316624348688288e+00
1.000329585651555053e+00
1.000341045602052059e+00
1.000350958458867012e+00
1.000359284961737982e+00
1.000365992330519926e+00
1.000371054264389992e+00
1.000374450941202253e+00
1.000376169016996331e+00
1.000376201625664541e+00
1.000374548378782702e+00
1.000371215365599920e+00
1.000366215153196459e+00
1.000359566786800380e+00
1.000351295790265160e+00
1.000341434166700516e+00
1.000330020399254005e+00
1.000317099452033842e+00
1.000302722771163833e+00
1.000286948285963318e+00
1.000269840410236588e+00
1.000251470043662438e+00
1.000231914573265879e+00
1.000211257874958459e+00
1.000189590315128552e+00
1.000167008752263165e+00
1.000143616538579305e+00
1.000119523521645570e+00
1.000094846045967767e+00
1.000069706954516136e+00
1.000044235590164199e+00
1.000018567797017033e+00
9.999928459215917664e-01
9.999672188138274409e-01
9.999418418278852583e-01
9.999168768227099102e-01
9.998924921623132400e-01
9.998688627157457098e-01
9.998461698567161493e-01
9.998246014628195955e-01
9.998043519143331448e-01
9.997856220925358528e-01
9.997686193775081609e-01
9.997535576453673301e-01
9.997406572648892542e-01
9.997301450934683587e-01
9.997222544723670667e-01
9.997172252212036536e-01
9.997153036316218655e-01
9.997167424600945651e-01
9.997218009198006738e-01
9.997307446715211210e-01
9.997438458134955130e-01
9.997613828701822358e-01
9.997829415782035767e-01
9.998057941536512283e-01
9.998295680258572071e-01
9.998541888536411903e-01
9.998795827652537938e-01
9.999056763589163621e-01
9.999323967033028060e-01
9.999596713379612645e-01
9.999874282736803677e-01
1.000015595992797213e+00
1.000044103449452493e+00
1.000072880069789116e+00
1.000101855752102198e+00
1.000130960866933094e+00
1.000160126257117810e+00
1.000189283237782112e+00
1.000218363596291349e+00
1.000247299592153194e+00
1.000276023956873317e+00
1.000304469893769310e+00
1.000332571077737542e+00
1.000360261654980709e+00
1.000387476242692975e+00
1.000414149928705809e+00
1.000440218271092752e+00
1.000465617297739529e+00
1.000490283505873768e+00
1.000514153861562505e+00
1.000537165799170403e+00
1.000559257220789977e+00
1.000580366495633422e+00
1.000600432459396449e+00
1.000619394413589269e+00
1.000637192124840036e+00
1.000653765824167207e+00
1.000669056206225704e+00
1.000683004428525091e+00
1.000695552110622888e+00
1.000706641333292568e+00
1.000716214637667356e+00
1.000724215024360042e+00
1.000730585952563256e+00
1.000735271339124655e+00
1.000738215557605226e+00
1.000739363437315399e+00
1.000738660262333379e+00
1.000736051770506396e+00
1.000731484152432182e+00
1.000724904050428909e+00
1.000716258557483584e+00
1.000705495216191343e+00
1.000692562017678089e+00
1.000677407400509145e+00
1.000659980249588799e+00
1.000640229895044975e+00
1.000618106111105465e+00
1.000593559114962616e+00
1.000567029716535439e+00
1.000540964889059525e+00
1.000515710083370147e+00
1.000491269054240462e+00
1.000467645561190055e+00
1.000444843368456516e+00
1.000422866244962350e+00
1.000401717964287451e+00
1.000381402304636236e+00
1.000361923048808332e+00
1.000343283984166165e+00
1.000325488902604532e+00
1.000308541600519074e+00
1.000292445878773639e+00
1.000277205542669856e+00
1.000262824401913830e+00
1.000249306270584171e+00
1.000236654967099792e+00
1.000224874314186607e+00
1.000213968138845333e+00
1.000203940272317515e+00
1.000194794550053112e+00
1.000186534811675854e+00
1.000179164900950379e+00
1.000172688665748266e+00
1.000167109958013389e+00
1.000162432633727505e+00
1.000158660552876499e+00
1.000155797579414418e+00
1.000153847581229938e+00
1.000152814430109727e+00
1.000152702001704252e+00
1.000153514175491143e+00
1.000155254834740548e+00
1.000157927866478280e+00
1.000161537161449843e+00
1.000166086614083794e+00
1.000171580122456216e+00
1.000178021588252752e+00
1.000185414916731519e+00
1.000193764016686915e+00
1.000203072800411652e+00
1.000213345183659008e+00
1.000224585085605300e+00
1.000236796428811470e+00
1.000249983139185561e+00
1.000264149145943415e+00
1.000279298381571369e+00
1.000295434781785842e+00
1.000312562285495144e+00
1.000330684834760842e+00
1.000349806374757344e+00
1.000369930853732825e+00
1.000391062222969030e+00
1.000413204436741976e+00
1.000436361452281320e+00
1.000460537229729496e+00
1.000485375066150873e+00
1.000508613133000324e+00
1.000529886181287909e+00
1.000549229616507274e+00
1.000566679074221366e+00
1.000582270420722342e+00
1.000596039753682609e+00
1.000608023402801638e+00
1.000618257930444122e+00
1.000626780132272131e+00
1.000633627037869511e+00
1.000638835911359159e+00
1.000642444252010987e+00
1.000644489794842773e+00
1.000645010511213684e+00
1.000644044609405592e+00
1.000641630535198168e+00
1.000637806972435095e+00
1.000632612843576963e+00
1.000626087310247936e+00
1.000618269773771107e+00
1.000609199875690525e+00
1.000598917498287443e+00
1.000587462765080149e+00
1.000574876041316008e+00
1.000561197934448421e+00
1.000546469294605112e+00
1.000530731215040214e+00
1.000514025032576804e+00
1.000496392328032558e+00
1.000477874926635646e+00
1.000458514898423523e+00
1.000438354558629950e+00
1.000417436468054477e+00
1.000395803433420383e+00
1.000373498507713510e+00
1.000350564990509339e+00
1.000327046428280076e+00
1.000302986614688416e+00
1.000278429590862217e+00
1.000253419645652952e+00
1.000228001315877080e+00
1.000202219386537861e+00
1.000176118891030086e+00
1.000149745111325927e+00
1.000123143578140805e+00
1.000096360071080159e+00
1.000069440618767125e+00
1.000042431498947337e+00
1.000015379238576640e+00
9.999883306138834804e-01
9.999613326504139810e-01
9.999344326230508173e-01
9.999076780560132161e-01
9.998811167228315311e-01
9.998547966463008363e-01
9.998287660984076508e-01
9.998034233122506942e-01
9.997815477366838177e-01
9.997635725964130193e-01
9.997493087395801226e-01
9.997385703958415748e-01
9.997311751833385385e-01
9.997269441151460656e-01
9.997257016052264467e-01
9.997272754739088274e-01
9.997314969529104145e-01
9.997382006899254714e-01
9.997472247527983136e-01
9.997584106332999543e-01
9.997716032505304939e-01
9.997866509539622415e-01
9.998034055261451059e-01
9.998217221850911329e-01
9.998414595863555077e-01
9.998624798248328949e-01
9.998846484362845510e-01
9.999078343986137485e-01
9.999319101329051662e-01
9.999567515042446786e-01
9.999822378223346409e-01
1.000008251841918661e+00
1.000034679763032397e+00
1.000061411231093267e+00
1.000088339336843157e+00
1.000115360616156579e+00
1.000142375049729138e+00
1.000169286062655871e+00
1.000196000523916773e+00
1.000222428745773273e+00
1.000248484483095002e+00
1.000274084932621266e+00
1.000299150732172349e+00
1.000323605959817952e+00
1.000347378133012777e+00
1.000370398207708567e+00
1.000392600577451052e+00
1.000413923072472011e+00
1.000434306958780883e+00
1.000453696937264825e+00
1.000472041142807855e+00
1.000489291143428883e+00
1.000505401939449479e+00
1.000520331962697851e+00
1.000534043075749890e+00
1.000546500571218189e+00
1.000557673171087236e+00
1.000567533026103906e+00
1.000576055715226564e+00
1.000583220245130800e+00
1.000589009049783540e+00
1.000593407990078232e+00
1.000596406353542411e+00
1.000597996854112326e+00
1.000597996854112326e+00
1.000597996854112326e+00
1.000597996854112326e+00
1.000597996854112326e+00
1.000597996854112326e+00
1.000597996854112326e+00
1.000597996854112326e+00
1.000597996854112326e+00
1.000597996854112326e+00
1.000597996854112326e+00
1.000597996854112326e+00
1.000597996854112326e+00
1.000597996854112326e+00
1.000597996854112326e+00
1.000597996854112326e+00
1.000597996854112326e+00
1.000597996854112326e+00
1.000597996854112326e+00
1.000597996854112326e+00
1.000597996854112326e+00
1.000597996854112326e+00
1.000597996854112326e+00
1.000597996854112326e+00
1.000597996854112326e+00
1.000597996854112326e+00
1.000597996854112326e+00
1.000597996854112326e+00
1.000597996854112326e+00
1.000597996854112326e+00
1.000597996854112326e+00
1.000597996854112326e+00
1.000597996854112326e+00
1.000597996854112326e+00
1.000597996854112326e+00
1.000597996854112326e+00
1.000597996854112326e+00
1.000597996854112326e+00
1.000597996854112326e+00
1.000597996854112326e+00
1.000597996854112326e+00
1.000597996854112326e+00
1.000597996854112326e+00
1.000597996854112326e+00
1.000597996854112326e+00
1.000597996854112326e+00
1.000597996854112326e+00
1.000597996854112326e+00
1.000597996854112326e+00
1.000597996854112326e+00
1.000597996854112326e+00
1.000597996854112326e+00
1.000597996854112326e+00
1.000597996854112326e+00
1.000597996854112326e+00
1.000597996854112326e+00
1.000597996854112326e+00
1.000597996854112326e+00
1.000597996854112326e+00
1.000597996854112326e+00
1.000597996854112326e+00
1.000597996854112326e+00
1.000597996854112326e+00
1.000597996854112326e+00
1.000597996854112326e+00
1.000597996854112326e+00
1.000597996854112326e+00
1.000597996854112326e+00
1.000597996854112326e+00
1.000597996854112326e+00
1.000597996854112326e+00
1.000597996854112326e+00
1.000597996854112326e+00
1.000597996854112326e+00
1.000597996854112326e+00
1.000597996854112326e+00
1.000597996854112326e+00
1.000597996854112326e+00
1.000597996854112326e+00
1.000597996854112326e+00
1.000597996854112326e+00
1.000597996854112326e+00
1.000597996854112326e+00
1.000597996854112326e+00
1.000597996854112326e+00
1.000597996854112326e+00
1.000597996854112326e+00
1.000597996854112326e+00
1.000597996854112326e+00
1.000597996854112326e+00
1.000597996854112326e+00
1.000597996854112326e+00
1.000597996854112326e+00
1.000597996854112326e+00
1.000597996854112326e+00
1.000597996854112326e+00
1.000597996854112326e+00
1.000597996854112326e+00
1.000597996854112326e+00
1.000597996854112326e+00
1.000597996854112326e+00
1.000597996854112326e+00
1.000597996854112326e+00
1.000597996854112326e+00
1.000597996854112326e+00
1.000597996854112326e+00
1.000597996854112326e+00
1.000597996854112326e+00
1.000597996854112326e+00
1.000597996854112326e+00
1.000597996854112326e+00
1.000597996854112326e+00
1.000597996854112326e+00
1.000597996854112326e+00
1.000597996854112326e+00
1.000597996854112326e+00
1.000597996854112326e+00
1.000597996854112326e+00
1.000597996854112326e+00
1.000597996854112326e+00
1.000597996854112326e+00
1.000597996854112326e+00
1.000597996854112326e+00
1.000597996854112326e+00
1.000597996854112326e+00
1.000597996854112326e+00
1.000597996854112326e+00
1.000597996854112326e+00
1.000597996854112326e+00
1.000597996854112326e+00
1.000597996854112326e+00
1.000597996854112326e+00
1.000597996854112326e+00
1.000597996854112326e+00
1.000597996854112326e+00
1.000597996854112326e+00
1.000597996854112326e+00
1.000597996854112326e+00
1.000597996854112326e+00
1.000597996854112326e+00
1.000597996854112326e+00
1.000597996854112326e+00
1.000597996854112326e+00
1.000597996854112326e+00
1.000597996854112326e+00
1.000597996854112326e+00
1.000597996854112326e+00
1.000597996854112326e+00
1.000597996854112326e+00
1.000597996854112326e+00
1.000597996854112326e+00
1.000597996854112326e+00
1.000597996854112326e+00
1.000597996854112326e+00
1.000597996854112326e+00
1.000597996854112326e+00
1.000597996854112326e+00
1.000597996854112326e+00
1.000597996854112326e+00
1.000597996854112326e+00
1.000597996854112326e+00
1.000597996854112326e+00
1.000597996854112326e+00
1.000597996854112326e+00
1.000597996854112326e+00
1.000597996854112326e+00
1.000597996854112326e+00
1.000597996854112326e+00
1.000597996854112326e+00
1.000597996854112326e+00
1.000597996854112326e+00
1.000597996854112326e+00
1.000597996854112326e+00
1.000597996854112326e+00
1.000597996854112326e+00
1.000597996854112326e+00
1.000597996854112326e+00
1.000597996854112326e+00
1.000597996854112326e+00
1.000597996854112326e+00
1.000597996854112326e+00
1.000597996854112326e+00
1.000597996854112326e+00
1.000597996854112326e+00
1.000597996854112326e+00
1.000597996854112326e+00
1.000597996854112326e+00
1.000597996854112326e+00
1.000597996854112326e+00
1.000597996854112326e+00
1.000597996854112326e+00
1.000597996854112326e+00
1.000597996854112326e+00
1.000597996854112326e+00
1.000597996854112326e+00
1.000597996854112326e+00
1.000597996854112326e+00
1.000597996854112326e+00
1.000597996854112326e+00
1.000597996854112326e+00
1.000597996854112326e+00
1.000597996854112326e+00
1.000597996854112326e+00
1.000597996854112326e+00
1.000597996854112326e+00
1.000597996854112326e+00
1.000597996854112326e+00
1.000597996854112326e+00
1.000597996854112326e+00
1.000597996854112326e+00
1.000597996854112326e+00
1.000597996854112326e+00
1.000597996854112326e+00
1.000597996854112326e+00
1.000597996854112326e+00
1.000597996854112326e+00
1.000597996854112326e+00
1.000597996854112326e+00
1.000597996854112326e+00
1.000597996854112326e+00
1.000597996854112326e+00
1.000597996854112326e+00
1.000597996854112326e+00
1.000597996854112326e+00
1.000597996854112326e+00
1.000597996854112326e+00
1.000597996854112326e+00
1.000597996854112326e+00
1.000597996854112326e+00
1.000597996854112326e+00
1.000597996854112326e+00
1.000597996854112326e+00
1.000597996854112326e+00
1.000597996854112326e+00
1.000597996854112326e+00
1.000597996854112326e+00
1.000597996854112326e+00
1.000597996854112326e+00
1.000597996854112326e+00
1.000597996854112326e+00
1.000597996854112326e+00
1.000597996854112326e+00
1.000597996854112326e+00
1.000597996854112326e+00
1.000597996854112326e+00
1.000597996854112326e+00
1.000597996854112326e+00
1.000597996854112326e+00
1.000597996854112326e+00
1.000597996854112326e+00
1.000597996854112326e+00
1.000597996854112326e+00
1.000597996854112326e+00
1.000597996854112326e+00
1.000597996854112326e+00
1.000597996854112326e+00
1.000597996854112326e+00
1.000597996854112326e+00
1.000597996854112326e+00
1.000597996854112326e+00
1.000597996854112326e+00
1.000597996854112326e+00
1.000597996854112326e+00
1.000597996854112326e+00
1.000597996854112326e+00
1.000597996854112326e+00
1.000597996854112326e+00
1.000597996854112326e+00
1.000597996854112326e+00
1.000597996854112326e+00
1.000597996854112326e+00
1.000597996854112326e+00
1.000597996854112326e+00
1.000597996854112326e+00
1.000597996854112326e+00
1.000597996854112326e+00
1.000597996854112326e+00
1.000597996854112326e+00
1.000597996854112326e+00
1.000597996854112326e+00
1.000597996854112326e+00
1.000597996854112326e+00
1.000597996854112326e+00
1.000597996854112326e+00
1.000597996854112326e+00
1.000597996854112326e+00
1.000597996854112326e+00
1.000597996854112326e+00
1.000597996854112326e+00
1.000597996854112326e+00
1.000597996854112326e+00
1.000597996854112326e+00
1.000597996854112326e+00
1.000597996854112326e+00
1.000597996854112326e+00
1.000597996854112326e+00
1.000597996854112326e+00
1.000597996854112326e+00
1.000597996854112326e+00
1.000597996854112326e+00
1.000597996854112326e+00
1.000597996854112326e+00
1.000597996854112326e+00
1.000597996854112326e+00
1.000597996854112326e+00
1.000597996854112326e+00
1.000597996854112326e+00
1.000597996854112326e+00
1.000597996854112326e+00
1.000597996854112326e+00
1.000597996854112326e+00
1.000597996854112326e+00
1.000597996854112326e+00
1.000597996854112326e+00
1.000597996854112326e+00
1.000597996854112326e+00
1.000597996854112326e+00
1.000597996854112326e+00
1.000597996854112326e+00
1.000597996854112326e+00
1.000597996854112326e+00
1.000597996854112326e+00
1.000597996854112326e+00
1.000597996854112326e+00
1.000597996854112326e+00
1.000597996854112326e+00
1.000597996854112326e+00
1.000597996854112326e+00
1.000597996854112326e+00
1.000597996854112326e+00
1.000597996854112326e+00
1.000597996854112326e+00
1.000597996854112326e+00
1.000597996854112326e+00
1.000597996854112326e+00
1.000597996854112326e+00
1.000597996854112326e+00
1.000597996854112326e+00
1.000597996854112326e+00
1.000597996854112326e+00
1.000597996854112326e+00
1.000597996854112326e+00
1.000597996854112326e+00
1.000597996854112326e+00
1.000597996854112326e+00
1.000597996854112326e+00
1.000597996854112326e+00
1.000597996854112326e+00
1.000597996854112326e+00
1.000597996854112326e+00
1.000597996854112326e+00
1.000597996854112326e+00
1.000597996854112326e+00
1.000597996854112326e+00
1.000597996854112326e+00
1.000597996854112326e+00
1.000597996854112326e+00
1.000597996854112326e+00
1.000597996854112326e+00
1.000597996854112326e+00
1.000597996854112326e+00
1.000597996854112326e+00
1.000597996854112326e+00
1.000597996854112326e+00
1.000597996854112326e+00
1.000597996854112326e+00
1.000597996854112326e+00
1.000597996854112326e+00
1.000597996854112326e+00
1.000597996854112326e+00
1.000597996854112326e+00
1.000597996854112326e+00
1.000597996854112326e+00
1.000597996854112326e+00
1.000597996854112326e+00
1.000597996854112326e+00
1.000597996854112326e+00
1.000597996854112326e+00
1.000597996854112326e+00
1.000597996854112326e+00
1.000597996854112326e+00
1.000597996854112326e+00
1.000597996854112326e+00
1.000597996854112326e+00
1.000597996854112326e+00
1.000597996854112326e+00
1.000597996854112326e+00
1.000597996854112326e+00
1.000597996854112326e+00
1.000597996854112326e+00
1.000597996854112326e+00
1.000597996854112326e+00
1.000597996854112326e+00
1.000597996854112326e+00
1.000597996854112326e+00
1.000597996854112326e+00
1.000597996854112326e+00
1.000597996854112326e+00
1.000597996854112326e+00
1.000597996854112326e+00
1.000597996854112326e+00
1.000597996854112326e+00
1.000597996854112326e+00
1.000597996854112326e+00
1.000597996854112326e+00
1.000597996854112326e+00
1.000597996854112326e+00
1.000597996854112326e+00
1.000597996854112326e+00
1.000597996854112326e+00
1.000597996854112326e+00
1.000597996854112326e+00
1.000597996854112326e+00
1.000597996854112326e+00
1.000597996854112326e+00
1.000597996854112326e+00
1.000597996854112326e+00
1.000597996854112326e+00
1.000597996854112326e+00
1.000597996854112326e+00
1.000597996854112326e+00
1.000597996854112326e+00
1.000597996854112326e+00
1.000597996854112326e+00
1.000597996854112326e+00
1.000597996854112326e+00
1.000597996854112326e+00
1.000597996854112326e+00
1.000597996854112326e+00
1.000597996854112326e+00
1.000597996854112326e+00
1.000597996854112326e+00
1.000597996854112326e+00
1.000597996854112326e+00
1.000597996854112326e+00
1.000597996854112326e+00
1.000597996854112326e+00
1.000597996854112326e+00
1.000597996854112326e+00
1.000597996854112326e+00
1.000597996854112326e+00
1.000597996854112326e+00
1.000597996854112326e+00
1.000597996854112326e+00
1.000597996854112326e+00
1.000597996854112326e+00
1.000597996854112326e+00
1.000597996854112326e+00
1.000597996854112326e+00
1.000597996854112326e+00
1.000597996854112326e+00
1.000597996854112326e+00
1.000597996854112326e+00
1.000597996854112326e+00
1.000597996854112326e+00
1.000597996854112326e+00
1.000597996854112326e+00
1.000597996854112326e+00
1.000597996854112326e+00
1.000597996854112326e+00
1.000597996854112326e+00
1.000597996854112326e+00
1.000597996854112326e+00
1.000597996854112326e+00
1.000597996854112326e+00
1.000597996854112326e+00
1.000597996854112326e+00
1.000597996854112326e+00
1.000597996854112326e+00
1.000597996854112326e+00
1.000597996854112326e+00
1.000597996854112326e+00
1.000597996854112326e+00
1.000597996854112326e+00
1.000597996854112326e+00
1.000597996854112326e+00
1.000597996854112326e+00
1.000597996854112326e+00
1.000597996854112326e+00
1.000597996854112326e+00
1.000597996854112326e+00
1.000597996854112326e+00
1.000597996854112326e+00
1.000597996854112326e+00
1.000597996854112326e+00
1.000597996854112326e+00
1.000597996854112326e+00
1.000597996854112326e+00
1.000597996854112326e+00
1.000597996854112326e+00
1.000597996854112326e+00
1.000597996854112326e+00
1.000597996854112326e+00
1.000597996854112326e+00
1.000597996854112326e+00
1.000597996854112326e+00
1.000597996854112326e+00
1.000597996854112326e+00
1.000597996854112326e+00
1.000597996854112326e+00
1.000597996854112326e+00
1.000597996854112326e+00
1.000347853446333479e+00
1.000347389128604325e+00
1.000345997727539293e+00
1.000343683899528102e+00
1.000340455405291928e+00
1.000336323109990211e+00
1.000331300983369642e+00
1.000325406099953574e+00
1.000318658639269831e+00
1.000311081886115394e+00
1.000302702230857488e+00
1.000293549169765539e+00
1.000283655305373109e+00
1.000273056346866918e+00
1.000261791110497178e+00
1.000249901520008367e+00
1.000237432607083754e+00
1.000224432511800599e+00
1.000210952483089555e+00
1.000197046879196305e+00
1.000182773168135641e+00
1.000168191928133998e+00
1.000153366848056669e+00
1.000138364727807927e+00
1.000123255478701179e+00
1.000108112123791138e+00
1.000093010798159598e+00
1.000078030749144808e+00
1.000063254336513330e+00
1.000048767032556185e+00
1.000034657422107287e+00
1.000021017202472606e+00
1.000007941183259863e+00
9.999955272860985289e-01
9.999838765442423671e-01
9.999730931020405222e-01
9.999632842142684996e-01
9.999545602453051574e-01
9.999470346681491595e-01
9.999408240632547962e-01
9.999360481171840620e-01
9.999328296210543421e-01
9.999312944687743787e-01
9.999315716550511990e-01
9.999337932731580114e-01
9.999380945124459741e-01
9.999446136555879550e-01
9.999534920755378531e-01
9.999648742321922690e-01
9.999789076687387590e-01
9.999957430076753528e-01
1.000015533946484680e+00
1.000038437252949164e+00
1.000064612760088067e+00
1.000094223360703083e+00
1.000127435001511911e+00
1.000164416676858403e+00
1.000204665073777921e+00
1.000243865722632908e+00
1.000281236153888198e+00
1.000316792203111316e+00
1.000350549799545075e+00
1.000382524966379139e+00
1.000412733821021138e+00
1.000441192575368010e+00
1.000467917536075557e+00
1.000492925104829123e+00
1.000516231778614262e+00
1.000537854149986305e+00
1.000557808907339918e+00
1.000576112835178444e+00
1.000592782814382131e+00
1.000607835822477254e+00
1.000621288933902786e+00
1.000633159320279075e+00
1.000643464250672299e+00
1.000652221091861804e+00
1.000659447308605232e+00
1.000665160463902748e+00
1.000669378219259720e+00
1.000672118334950067e+00
1.000673398670278935e+00
1.000673237183841602e+00
1.000671651933784601e+00
1.000668661078063515e+00
1.000664282874701216e+00
1.000658535682043437e+00
1.000651437959014789e+00
1.000643008265370781e+00
1.000633265261951843e+00
1.000622227710933565e+00
1.000609914476076279e+00
1.000596344522972414e+00
1.000581536919293413e+00
1.000565510835033978e+00
1.000548285542754767e+00
1.000529880417824202e+00
1.000510314938656720e+00
1.000489608686950360e+00
1.000467781347922802e+00
1.000444852710543175e+00
1.000420842667764099e+00
1.000395771216750829e+00
1.000369658459107303e+00
1.000342524601100624e+00
1.000314389953883776e+00
1.000285274933712998e+00
1.000255200062167615e+00
1.000224185966362311e+00
1.000192253379159624e+00
1.000159423139378667e+00
1.000125716192001413e+00
1.000091153588375636e+00
1.000055756486415426e+00
1.000022072059835399e+00
9.999929351227503371e-01
9.999680898731084788e-01
9.999472810697248581e-01
9.999302594919609044e-01
9.999167819501073584e-01
9.999066112948207241e-01
9.998995164256613277e-01
9.998952722987843877e-01
9.998936599338311693e-01
9.998944664200666299e-01
9.998974849218134064e-01
9.999025146832226651e-01
9.999093610324280013e-01
9.999178353851241319e-01
9.999277552476131259e-01
9.999389442193565847e-01
9.999512319950724093e-01
9.999644543664160112e-01
9.999784532232800505e-01
9.999930765547492273e-01
1.000008178449741658e+00
1.000023619097373917e+00
1.000039264787073945e+00
1.000054987908479465e+00
1.000070666951143439e+00
1.000086186504079544e+00
1.000101437255170644e+00
1.000116315990462690e+00
1.000130725593374237e+00
1.000144575043837136e+00
1.000157779417391035e+00
1.000170259884253010e+00
1.000181943708377430e+00
1.000192764246526034e+00
1.000202660947360433e+00
1.000211579350573476e+00
1.000219471086072343e+00
1.000226293873222927e+00
1.000232011520168163e+00
1.000236593923228501e+00
1.000240017066391873e+00
1.000242263020898470e+00
1.000243319944928766e+00
1.000243182083394800e+00
1.000241849767840030e+00
1.000239329416447776e+00
1.000235633534156898e+00
1.000230780712886736e+00
1.000224795631865504e+00
1.000217709058060178e+00
1.000209557846700514e+00
1.000200384941892118e+00
1.000190239377313217e+00
1.000179176276979831e+00
1.000167256856072884e+00
1.000154674682873779e+00
1.000142469486855479e+00
1.000130840440039970e+00
1.000119767367004364e+00
1.000109230590977116e+00
1.000099210933972360e+00
1.000089689716918473e+00
1.000080648759776425e+00
1.000072070381654132e+00
1.000063937400910818e+00
1.000056233135257377e+00
1.000048941401850078e+00
1.000042046517376937e+00
1.000035533298139878e+00
1.000029387060130892e+00
1.000023593619103535e+00
1.000018139290639319e+00
1.000013010890209664e+00
1.000008195733233407e+00
1.000003681635129427e+00
9.999994569113673792e-01
9.999955103775128862e-01
9.999918313492696109e-01
9.999884096425186719e-01
9.999852355733546139e-01
9.999822999581183813e-01
9.999795941134272947e-01
9.999771098562029170e-01
9.999748395036970328e-01
9.999727758735134087e-01
9.999709122836293318e-01
9.999692425524141504e-01
9.999677609986462601e-01
9.999664624415282033e-01
9.999653422006994363e-01
9.999643960962492084e-01
9.999636204487252211e-01
9.999630120791437315e-01
9.999625683089959916e-01
9.999622869602547981e-01
9.999621663553784900e-01
9.999622053173150560e-01
9.999624031695039106e-01
9.999627597358772269e-01
9.999632753408589370e-01
9.999639508093643991e-01
9.999647874667975112e-01
9.999657871390454922e-01
9.999669521524765514e-01
9.999682853339304511e-01
9.999697900107136217e-01
9.999714700105883924e-01
9.999733296617628886e-01
9.999753737928801511e-01
9.999776077330032598e-01
9.999800373116011221e-01
9.999826688585314871e-01
9.999853862986490816e-01
9.999880187371815721e-01
9.999905615850777085e-01
9.999930115153435883e-01
9.999953653318276459e-01
9.999976199692161005e-01
9.999997724930280718e-01
1.000001820099610583e+00
1.000003760116135343e+00
1.000005590000594413e+00
1.000007307341795215e+00
1.000008909859357642e+00
1.000010395403709840e+00
1.000011761956084655e+00
1.000013007628516970e+00
1.000014130663839707e+00
1.000015129435681160e+00
1.000016002448462338e+00
1.000016748337394290e+00
1.000017365868476116e+00
1.000017853938492296e+00
1.000018211575012028e+00
1.000018437936385896e+00
1.000018532311746533e+00
1.000018494121005519e+00
1.000018322914854485e+00
1.000018018374763118e+00
1.000017580312978938e+00
1.000017008672528629e+00
1.000016303527216710e+00
1.000015465081626642e+00
1.000014493671121496e+00
1.000013389761845062e+00
1.000012153950722738e+00
1.000010786965463305e+00
1.000009289664561152e+00
1.000007663037297378e+00
1.000005908203742244e+00
1.000004026414758718e+00
1.000002019052003588e+00
9.999998876279320159e-01
9.999976337857993114e-01
9.999952592996657064e-01
9.999927660743985758e-01
9.999901561456777666e-01
9.999874316799981511e-01
9.999845949746751783e-01
9.999816484578482045e-01
9.999785946884857113e-01
9.999754363563895243e-01
9.999721762822001425e-01
9.999688174174012900e-01
9.999653628443252451e-01
9.999618157761581694e-01
9.999581795569448817e-01
9.999544576615946312e-01
9.999506843588489291e-01
9.999471573427710647e-01
9.999439451827192293e-01
9.999410412455833619e-01
9.999384394445683943e-01
9.999361342392216745e-01
9.999341206354570577e-01
9.999323941855748910e-01
9.999309509882814417e-01
9.999297876887038861e-01
9.999289014784040752e-01
9.999282900953901931e-01
9.999279518241237508e-01
9.999278854955279128e-01
9.999280904869899400e-01
9.999285667223644092e-01
9.999293146719721026e-01
9.999303353525971216e-01
9.999316303274834450e-01
9.999332017063261580e-01
9.999350521452633478e-01
9.999371848468635582e-01
9.999396035601126886e-01
9.999423125803964529e-01
9.999453167494823935e-01
9.999486214554973440e-01
9.999522326329040034e-01
9.999561567624729586e-01
9.999604008712537073e-01
9.999649725325413518e-01
9.999698798658397392e-01
9.999751315368232696e-01
9.999807367572929317e-01
9.999867052851304505e-01
9.999930474242476608e-01
9.999997740245324396e-01
1.000006896481790086e+00
1.000014426737680262e+00
1.000022377279650154e+00
1.000030761140861424e+00
1.000039591900113933e+00
1.000048883681761369e+00
1.000058651155624645e+00
1.000068909536897310e+00
1.000079674586044742e+00
1.000090962608698897e+00
1.000102790455542845e+00
1.000115175522192645e+00
1.000128135749068337e+00
1.000141689621259378e+00
1.000155856168380542e+00
1.000170654964420258e+00
1.000186106127581409e+00
1.000202230320109908e+00
1.000219048748117734e+00
1.000236583161391968e+00
1.000254855853198066e+00
1.000273128682590107e+00
1.000290124959464011e+00
1.000305755125274976e+00
1.000319953668617812e+00
1.000332661811364821e+00
1.000343827507331529e+00
1.000353405441061883e+00
1.000361357026744669e+00
1.000367650407273157e+00
1.000372260453456175e+00
1.000375168763386835e+00
1.000376363661976908e+00
1.000375840200661282e+00
1.000373600157271170e+00
1.000369652036083856e+00
1.000364011068042513e+00
1.000356699211147449e+00
1.000347745151013878e+00
1.000337184301592686e+00
1.000325058806044831e+00
1.000311417537763425e+00
1.000296316101532135e+00
1.000279816834810376e+00
1.000261988809129088e+00
1.000242907831585537e+00
1.000222656446419833e+00
1.000201323936654063e+00
1.000179006325776498e+00
1.000155806379450008e+00
1.000131833607218690e+00
1.000107204264194305e+00
1.000082041352689854e+00
1.000056474623780334e+00
1.000030640578753127e+00
1.000004682470426287e+00
9.999787503042948389e-01
9.999530008394769132e-01
9.999275975894199586e-01
9.999027108223321747e-01
9.998785175613011944e-01
9.998552015840567186e-01
9.998329534223386883e-01
9.998119703608242537e-01
9.997924564355714638e-01
9.997746224319301600e-01
9.997586858818745537e-01
9.997448710607048650e-01
9.997334089830700599e-01
9.997245373982546202e-01
9.997185007846801641e-01
9.997155503435602997e-01
9.997159439916577517e-01
9.997199463530783703e-01
9.997278287500487304e-01
9.997398691926097092e-01
9.997563523671684216e-01
9.997773356484933593e-01
9.998001628058095225e-01
9.998239472320519239e-01
9.998486123404238812e-01
9.998740820314446776e-01
9.999002806935305410e-01
9.999271332035125637e-01
9.999545649270928926e-01
9.999825017192390808e-01
1.000010869924518486e+00
1.000039596377376050e+00
1.000068608402353121e+00
1.000097833814251658e+00
1.000127200918242920e+00
1.000156638509923424e+00
1.000186075875318492e+00
1.000215442790835629e+00
1.000244669523167484e+00
1.000273686829145747e+00
1.000302425955550190e+00
1.000330818638869301e+00
1.000358797105016961e+00
1.000386294069006032e+00
1.000413242734578212e+00
1.000439576793794139e+00
1.000465230426581531e+00
1.000490138300245357e+00
1.000514235568940480e+00
1.000537457873106328e+00
1.000559741338866271e+00
1.000581022577392787e+00
1.000601238684238670e+00
1.000620327238635587e+00
1.000638226302762668e+00
1.000654874420981111e+00
1.000670210619044598e+00
1.000684174403276172e+00
1.000696705759721805e+00
1.000707745153275985e+00
1.000717233526780214e+00
1.000725112300100861e+00
1.000731323369181469e+00
1.000735809105071095e+00
1.000738512352934428e+00
1.000739376431038830e+00
1.000738345129722262e+00
1.000735362710343912e+00
1.000730373904213266e+00
1.000723323911506313e+00
1.000714158400162646e+00
1.000702823504769023e+00
1.000689265825426499e+00
1.000673432426606224e+00
1.000655270835990152e+00
1.000634729043301085e+00
1.000611755499121625e+00
1.000586299113700672e+00
1.000559455449348656e+00
1.000533382431579410e+00
1.000508135976494462e+00
1.000483719947966588e+00
1.000460138214787520e+00
1.000437394650637302e+00
1.000415493134052314e+00
1.000394437548393300e+00
1.000374231781812284e+00
1.000354879727221480e+00
1.000336385282259766e+00
1.000318752349259821e+00
1.000301984835215263e+00
1.000286086651747786e+00
1.000271061715072074e+00
1.000256913945964055e+00
1.000243647269725367e+00
1.000231265616150278e+00
1.000219772919490380e+00
1.000209173118420392e+00
1.000199470156003523e+00
1.000190667979656389e+00
1.000182770541113042e+00
1.000175781796390551e+00
1.000169705705752587e+00
1.000164546233673679e+00
1.000160307348803235e+00
1.000156993023929131e+00
1.000154607235940851e+00
1.000153153965793296e+00
1.000152637198469252e+00
1.000153060922942760e+00
1.000154429132140921e+00
1.000156745822906812e+00
1.000160014995961300e+00
1.000164240655865955e+00
1.000169426810983087e+00
1.000175577473438659e+00
1.000182696659082771e+00
1.000190788387451679e+00
1.000199856681727395e+00
1.000209905568699265e+00
1.000220939078724003e+00
1.000232961245685726e+00
1.000245976106957313e+00
1.000259987703358000e+00
1.000275000079115184e+00
1.000291017281821793e+00
1.000308043362397203e+00
1.000326082375044612e+00
1.000345138377211729e+00
1.000365215429547261e+00
1.000386317595860497e+00
1.000408448943079343e+00
1.000431613541207465e+00
1.000455815463283216e+00
1.000480917636954237e+00
1.000504732153116860e+00
1.000526538057584069e+00
1.000546371730900663e+00
1.000564269792403760e+00
1.000580269100913133e+00
1.000594406755417110e+00
1.000606720095750024e+00
1.000617246703261465e+00
1.000626024401482406e+00
1.000633091256778018e+00
1.000638485578996706e+00
1.000642245922107598e+00
1.000644411084832264e+00
1.000645020111265993e+00
1.000644112291488863e+00
1.000641727162169259e+00
1.000637904507156062e+00
1.000632684358061297e+00
1.000626106994830788e+00
1.000618212946307040e+00
1.000609042990777242e+00
1.000598638156511289e+00
1.000587039722289573e+00
1.000574289217915025e+00
1.000560428424715820e+00
1.000545499376032765e+00
1.000529544357695144e+00
1.000512605908480346e+00
1.000494726820564173e+00
1.000475950139950276e+00
1.000456319166891594e+00
1.000435877456289813e+00
1.000414668818086161e+00
1.000392737317629788e+00
1.000370127276035470e+00
1.000346883270520459e+00
1.000323050134726222e+00
1.000298672959022417e+00
1.000273797090792449e+00
1.000248468134702140e+00
1.000222731952947086e+00
1.000196634665483586e+00
1.000170222650238028e+00
1.000143542543298958e+00
1.000116641239084503e+00
1.000089565890493581e+00
1.000062363909031582e+00
1.000035082964920052e+00
1.000007770987176636e+00
9.999804761636800210e-01
9.999532469412065749e-01
9.999261320254471119e-01
9.998991803809964551e-01
9.998724412313223509e-01
9.998459640587059605e-01
9.998197986041613694e-01
9.997951560897810896e-01
9.997745194797074131e-01
9.997577864735887054e-01
9.997447637879036675e-01
9.997352616532748648e-01
9.997290938215647182e-01
9.997260775724299275e-01
9.997260337193620838e-01
9.997287866152314573e-01
9.997341641573591620e-01
9.997419977921374601e-01
9.997521225192209648e-01
9.997643768953072829e-01
9.997786030375288568e-01
9.997946466264761023e-01
9.998123569088714913e-01
9.998315866999117896e-01
9.998521923853007642e-01
9.998740339229870155e-01
9.998969748446276951e-01
9.999208822567942079e-01
9.999456268419375515e-01
9.999710828591287237e-01
9.999971281445929616e-01
1.000023644112049581e+00
1.000050515752878955e+00
1.000077631636123732e+00
1.000104883908344400e+00
1.000132168293342838e+00
1.000159384091763526e+00
1.000186434180588391e+00
1.000213225012540397e+00
1.000239666615401646e+00
1.000265672591262422e+00
1.000291160115711175e+00
1.000316049936978091e+00
1.000340266375037146e+00
1.000363737320683954e+00
1.000386394234592302e+00
1.000408172146363128e+00
1.000429009653571955e+00
1.000448848920822531e+00
1.000467635678816247e+00
1.000485319223443748e+00
1.000501852414905413e+00
1.000517191676863815e+00
1.000531296995643249e+00
1.000544131919468782e+00
1.000555663557761488e+00
1.000565862580485632e+00
1.000574703217560701e+00
1.000582163258331159e+00
1.000588224051107034e+00
1.000592870502772014e+00
1.000596091078463257e+00
1.000597877801326696e+00
1.000597877801326696e+00
1.000597877801326696e+00
1.000597877801326696e+00
1.000597877801326696e+00
1.000597877801326696e+00
1.000597877801326696e+00
1.000597877801326696e+00
1.000597877801326696e+00
1.000597877801326696e+00
1.000597877801326696e+00
1.000597877801326696e+00
1.000597877801326696e+00
1.000597877801326696e+00
1.000597877801326696e+00
1.000597877801326696e+00
1.000597877801326696e+00
1.000597877801326696e+00
1.000597877801326696e+00
1.000597877801326696e+00
1.000597877801326696e+00
1.000597877801326696e+00
1.000597877801326696e+00
1.000597877801326696e+00
1.000597877801326696e+00
1.000597877801326696e+00
1.000597877801326696e+00
1.000597877801326696e+00
1.000597877801326696e+00
1.000597877801326696e+00
1.000597877801326696e+00
1.000597877801326696e+00
1.000597877801326696e+00
1.000597877801326696e+00
1.000597877801326696e+00
1.000597877801326696e+00
1.000597877801326696e+00
1.000597877801326696e+00
1.000597877801326696e+00
1.000597877801326696e+00
1.000597877801326696e+00
1.000597877801326696e+00
1.000597877801326696e+00
1.000597877801326696e+00
1.000597877801326696e+00
1.000597877801326696e+00
1.000597877801326696e+00
1.000597877801326696e+00
1.000597877801326696e+00
1.000597877801326696e+00
1.000597877801326696e+00
1.000597877801326696e+00
1.000597877801326696e+00
1.000597877801326696e+00
1.000597877801326696e+00
1.000597877801326696e+00
1.000597877801326696e+00
1.000597877801326696e+00
1.000597877801326696e+00
1.000597877801326696e+00
1.000597877801326696e+00
1.000597877801326696e+00
1.000597877801326696e+00
1.000597877801326696e+00
1.000597877801326696e+00
1.000597877801326696e+00
1.000597877801326696e+00
1.000597877801326696e+00
1.000597877801326696e+00
1.000597877801326696e+00
1.000597877801326696e+00
1.000597877801326696e+00
1.000597877801326696e+00
1.000597877801326696e+00
1.000597877801326696e+00
1.000597877801326696e+00
1.000597877801326696e+00
1.000597877801326696e+00
1.000597877801326696e+00
1.000597877801326696e+00
1.000597877801326696e+00
1.000597877801326696e+00
1.000597877801326696e+00
1.000597877801326696e+00
1.000597877801326696e+00
1.000597877801326696e+00
1.000597877801326696e+00
1.000597877801326696e+00
1.000597877801326696e+00
1.000597877801326696e+00
1.000597877801326696e+00
1.000597877801326696e+00
1.000597877801326696e+00
1.000597877801326696e+00
1.000597877801326696e+00
1.000597877801326696e+00
1.000597877801326696e+00
1.000597877801326696e+00
1.000597877801326696e+00
1.000597877801326696e+00
1.000597877801326696e+00
1.000597877801326696e+00
1.000597877801326696e+00
1.000597877801326696e+00
1.000597877801326696e+00
1.000597877801326696e+00
1.000597877801326696e+00
1.000597877801326696e+00
1.000597877801326696e+00
1.000597877801326696e+00
1.000597877801326696e+00
1.000597877801326696e+00
1.000597877801326696e+00
1.000597877801326696e+00
1.000597877801326696e+00
1.000597877801326696e+00
1.000597877801326696e+00
1.000597877801326696e+00
1.000597877801326696e+00
1.000597877801326696e+00
1.000597877801326696e+00
1.000597877801326696e+00
1.000597877801326696e+00
1.000597877801326696e+00
1.000597877801326696e+00
1.000597877801326696e+00
1.000597877801326696e+00
1.000597877801326696e+00
1.000597877801326696e+00
1.000597877801326696e+00
1.000597877801326696e+00
1.000597877801326696e+00
1.000597877801326696e+00
1.000597877801326696e+00
1.000597877801326696e+00
1.000597877801326696e+00
1.000597877801326696e+00
1.000597877801326696e+00
1.000597877801326696e+00
1.000597877801326696e+00
1.000597877801326696e+00
1.000597877801326696e+00
1.000597877801326696e+00
1.000597877801326696e+00
1.000597877801326696e+00
1.000597877801326696e+00
1.000597877801326696e+00
1.000597877801326696e+00
1.000597877801326696e+00
1.000597877801326696e+00
1.000597877801326696e+00
1.000597877801326696e+00
1.000597877801326696e+00
1.000597877801326696e+00
1.000597877801326696e+00
1.000597877801326696e+00
1.000597877801326696e+00
1.000597877801326696e+00
1.000597877801326696e+00
1.000597877801326696e+00
1.000597877801326696e+00
1.000597877801326696e+00
1.000597877801326696e+00
1.000597877801326696e+00
1.000597877801326696e+00
1.000597877801326696e+00
1.000597877801326696e+00
1.000597877801326696e+00
1.000597877801326696e+00
1.000597877801326696e+00
1.000597877801326696e+00
1.000597877801326696e+00
1.000597877801326696e+00
1.000597877801326696e+00
1.000597877801326696e+00
1.000597877801326696e+00
1.000597877801326696e+00
1.000597877801326696e+00
1.000597877801326696e+00
1.000597877801326696e+00
1.000597877801326696e+00
1.000597877801326696e+00
1.000597877801326696e+00
1.000597877801326696e+00
1.000597877801326696e+00
1.000597877801326696e+00
1.000597877801326696e+00
1.000597877801326696e+00
1.000597877801326696e+00
1.000597877801326696e+00
1.000597877801326696e+00
1.000597877801326696e+00
1.000597877801326696e+00
1.000597877801326696e+00
1.000597877801326696e+00
1.000597877801326696e+00
1.000597877801326696e+00
1.000597877801326696e+00
1.000597877801326696e+00
1.000597877801326696e+00
1.000597877801326696e+00
1.000597877801326696e+00
1.000597877801326696e+00
1.000597877801326696e+00
1.000597877801326696e+00
1.000597877801326696e+00
1.000597877801326696e+00
1.000597877801326696e+00
1.000597877801326696e+00
1.000597877801326696e+00
1.000597877801326696e+00
1.000597877801326696e+00
1.000597877801326696e+00
1.000597877801326696e+00
1.000597877801326696e+00
1.000597877801326696e+00
1.000597877801326696e+00
1.000597877801326696e+00
1.000597877801326696e+00
1.000597877801326696e+00
1.000597877801326696e+00
1.000597877801326696e+00
1.000597877801326696e+00
1.000597877801326696e+00
1.000597877801326696e+00
1.000597877801326696e+00
1.000347853446333035e+00
1.000347307350123671e+00
1.000345671208715759e+00
1.000342951463805807e+00
1.000339158851671906e+00
1.000334308403345807e+00
1.000328419444856287e+00
1.000321515597534683e+00
1.000313624778381705e+00
1.000304779200497096e+00
1.000295015373558583e+00
1.000284374104355001e+00
1.000272900497359396e+00
1.000260643955343642e+00
1.000247658180022370e+00
1.000234001172720877e+00
1.000219735235058804e+00
1.000204926969642694e+00
1.000189647280752103e+00
1.000173971375018178e+00
1.000157978762075128e+00
1.000141753255180621e+00
1.000125382971786658e+00
1.000108960334054720e+00
1.000092582069296965e+00
1.000076349210330395e+00
1.000060367095732650e+00
1.000044745369979671e+00
1.000029597983453034e+00
1.000015043192297837e+00
1.000001203558115392e+00
9.999882059474727303e-01
9.999761815312100399e-01
9.999652657835268466e-01
9.999555984808270459e-01
9.999473237003047021e-01
9.999405898182446295e-01
9.999355495080217704e-01
9.999323597377728357e-01
9.999311817677198899e-01
9.999321811471201249e-01
9.999355277108208373e-01
9.999413955753909677e-01
9.999499631348077733e-01
9.999614130556705449e-01
9.999759322719143917e-01
9.999937119789999995e-01
1.000014947627548612e+00
1.000039838916396473e+00
1.000068589785038764e+00
1.000101408405435821e+00
1.000138507173149227e+00
1.000180102697782125e+00
1.000223693736482122e+00
1.000265169842234236e+00
1.000304503770092390e+00
1.000341715792247621e+00
1.000376826310725553e+00
1.000409855857793850e+00
1.000440825096368114e+00
1.000469754820418666e+00
1.000496665955375120e+00
1.000521579558533380e+00
1.000544516819458218e+00
1.000565499060390273e+00
1.000584547736647067e+00
1.000601684437028238e+00
1.000616930884216327e+00
1.000630308935177792e+00
1.000641840581564690e+00
1.000651547950111908e+00
1.000659453303037072e+00
1.000665579038436448e+00
1.000669947690680406e+00
1.000672581930807103e+00
1.000673504566915950e+00
1.000672738544557738e+00
1.000670306947124111e+00
1.000666232996235028e+00
1.000660540052124015e+00
1.000653251614021411e+00
1.000644391320537174e+00
1.000633982950037915e+00
1.000622050421025255e+00
1.000608617792510202e+00
1.000593709264384401e+00
1.000577349177790065e+00
1.000559562015486126e+00
1.000540372402212386e+00
1.000519805105050342e+00
1.000497885033780454e+00
1.000474637241236975e+00
1.000450086923659887e+00
1.000424259421040851e+00
1.000397180217470039e+00
1.000368874941474973e+00
1.000339369366358477e+00
1.000308689410531082e+00
1.000276861137840534e+00
1.000243910757896204e+00
1.000209864626390166e+00
1.000174749245413386e+00
1.000138591263767252e+00
1.000101417477270882e+00
1.000063254829063331e+00
1.000026041325293047e+00
9.999940400617298719e-01
9.999670991352441751e-01
9.999448929724409352e-01
9.999271043294134520e-01
9.999134243072013151e-01
9.999035523657140434e-01
9.998971963362145443e-01
9.998940724324434370e-01
9.998939052604747246e-01
9.998964278273807516e-01
9.999013815487887147e-01
9.999085162554071093e-01
9.999175901985977166e-01
9.999283700550654075e-01
9.999406309307394825e-01
9.999541563639111619e-01
9.999687383276986141e-01
9.999841772318986965e-01
1.000000281924290579e+00
1.000016869691447319e+00
1.000033766259113444e+00
1.000050805792203290e+00
1.000067830894468157e+00
1.000084692607886794e+00
1.000101250411820075e+00
1.000117372221977163e+00
1.000132934389235118e+00
1.000147821698347927e+00
1.000161927366584491e+00
1.000175153042328624e+00
1.000187408803669964e+00
1.000198613157021077e+00
1.000208693035779639e+00
1.000217583799065224e+00
1.000225229230549795e+00
1.000231581537400993e+00
1.000236601349357546e+00
1.000240257717944115e+00
1.000242528115846685e+00
1.000243398436448494e+00
1.000242862993538706e+00
1.000240924521196950e+00
1.000237594173853495e+00
1.000232891526526835e+00
1.000226844575232699e+00
1.000219489737561585e+00
1.000210871853414618e+00
1.000201044185887733e+00
1.000190068422290190e+00
1.000178014675283000e+00
1.000164961484119708e+00
1.000151325584165862e+00
1.000138285920184833e+00
1.000125915450539305e+00
1.000114188691707096e+00
1.000103080850086812e+00
1.000092567822194800e+00
1.000082626194850999e+00
1.000073233245350357e+00
1.000064366941625593e+00
1.000056005942397741e+00
1.000048129597316260e+00
1.000040717947092483e+00
1.000033751723618192e+00
1.000027212350082184e+00
1.000021081941073531e+00
1.000015343302679494e+00
1.000009979932575677e+00
1.000004976020109959e+00
1.000000316446377324e+00
9.999959867842919126e-01
9.999919732986519705e-01
9.999882629461982475e-01
9.999848433756686195e-01
9.999817029278482705e-01
9.999788306356141021e-01
9.999762162239760332e-01
9.999738501101136379e-01
9.999717234034097846e-01
9.999698279054806127e-01
9.999681561102017335e-01
9.999667012037326552e-01
9.999654570645366558e-01
9.999644182633999900e-01
9.999635800634463223e-01
9.999629384201513815e-01
9.999624899813521761e-01
9.999622320872572079e-01
9.999621627704530225e-01
9.999622807559079840e-01
9.999625854609749398e-01
9.999630769953933296e-01
9.999637561612861880e-01
9.999646244531578132e-01
9.999656840578888817e-01
9.999669378547285659e-01
9.999683894152853192e-01
9.999700430035163290e-01
9.999719035757131946e-01
9.999739767804860513e-01
9.999762689587458064e-01
9.999787871436830455e-01
9.999815390607439403e-01
9.999844841868940071e-01
9.999873668599362775e-01
9.999901451656530993e-01
9.999928148253447446e-01
9.999953717413211374e-01
9.999978119968940815e-01
1.000000131856370711e+00
1.000002327765047161e+00
1.000004396349201352e+00
1.000006334416088105e+00
1.000008138953931480e+00
1.000009807131921002e+00
1.000011336300203890e+00
1.000012723989881724e+00
1.000013967913005342e+00
1.000015065962569283e+00
1.000016016212509129e+00
1.000016816917695950e+00
1.000017466513934528e+00
1.000017963617959582e+00
1.000018307027431996e+00
1.000018495720938816e+00
1.000018528857989475e+00
1.000018405779015351e+00
1.000018126005367547e+00
1.000017689239317997e+00
1.000017095364057695e+00
1.000016344443697580e+00
1.000015436723268980e+00
1.000014372628725390e+00
1.000013152766942248e+00
1.000011777925721379e+00
1.000010249073790769e+00
1.000008567360808565e+00
1.000006734117366625e+00
1.000004750854992963e+00
1.000002619266156634e+00
1.000000341224271727e+00
9.999979187837013672e-01
9.999953541797638179e-01
9.999926498287375898e-01
9.999898083278669914e-01
9.999868324553676802e-01
9.999837251704341012e-01
9.999804896132451493e-01
9.999771291049716071e-01
9.999736471477831401e-01
9.999700474248554016e-01
9.999663338003782487e-01
9.999625103195622922e-01
9.999585812086483338e-01
9.999545508749135836e-01
9.999504646623524895e-01
9.999466746642107218e-01
9.999432538388834946e-01
9.999401938551919500e-01
9.999374871377439966e-01
9.999351268669718351e-01
9.999331069791679294e-01
9.999314221665134284e-01
9.999300678771039230e-01
9.999290403149714290e-01
9.999283364401013730e-01
9.999279539684475804e-01
9.999278913719404915e-01
9.999281478784948218e-01
9.999287234720122264e-01
9.999296188923799678e-01
9.999308356354662530e-01
9.999323759531125733e-01
9.999342428531212690e-01
9.999364400992405422e-01
9.999389722111446943e-01
9.999418444644102566e-01
9.999450628904896776e-01
9.999486342766789049e-01
9.999525661660815246e-01
9.999568668575691266e-01
9.999615454057348973e-01
9.999666116208447697e-01
9.999720760687811349e-01
9.999779500709827795e-01
9.999842457043780497e-01
9.999909758013130201e-01
9.999981539494723348e-01
1.000005794491793276e+00
1.000013912526374504e+00
1.000022523906375360e+00
1.000031645239908284e+00
1.000041293889923022e+00
1.000051487974082276e+00
1.000062246364627594e+00
1.000073588688237036e+00
1.000085535325870412e+00
1.000098107412606963e+00
1.000111326837469283e+00
1.000125216243236581e+00
1.000139799026246168e+00
1.000155099336180742e+00
1.000171142075844788e+00
1.000187952900922994e+00
1.000205558219727120e+00
1.000223985192926213e+00
1.000243261733261502e+00
1.000263312258869997e+00
1.000282460460860889e+00
1.000300040144154634e+00
1.000315964148292602e+00
1.000330154628426005e+00
1.000342543053260203e+00
1.000353070203184869e+00
1.000361686168617981e+00
1.000368350348574742e+00
1.000373031449487193e+00
1.000375707484277843e+00
1.000376365771706411e+00
1.000375002935990576e+00
1.000371624906706725e+00
1.000366246918972912e+00
1.000358893513911607e+00
1.000349598539386209e+00
1.000338405151003363e+00
1.000325365813372613e+00
1.000310542301606542e+00
1.000294005703045164e+00
1.000275836419185715e+00
1.000256124167794081e+00
1.000234967985169865e+00
1.000212476228539593e+00
1.000188766578542054e+00
1.000163966041775376e+00
1.000138210953360307e+00
1.000111646979485958e+00
1.000084429119887819e+00
1.000056721710215202e+00
1.000028698424231699e+00
1.000000542275801596e+00
9.999724456206001699e-01
9.999446101574903656e-01
9.999172469295029009e-01
9.998905763243529643e-01
9.998648280744244499e-01
9.998402412561504526e-01
9.998170642887145299e-01
9.997955549319923474e-01
9.997759802836556631e-01
9.997586167753529374e-01
9.997437501678773097e-01
9.997316755452357873e-01
9.997226973075228340e-01
9.997171291625037703e-01
9.997152941158105044e-01
9.997175244596445687e-01
9.997241617598875418e-01
9.997355568415075000e-01
9.997520697721564709e-01
9.997739952685058551e-01
9.997986341553208867e-01
9.998244049080015072e-01
9.998512098183034436e-01
9.998789518521522535e-01
9.999075346505101880e-01
9.999368625301392477e-01
9.999668404842643188e-01
9.999973741831362783e-01
1.000028369974499398e+00
1.000059734883965712e+00
1.000091376615296568e+00
1.000123203550592921e+00
1.000155124750402802e+00
1.000187049953738638e+00
1.000218889578013748e+00
1.000250554718899121e+00
1.000281957150098711e+00
1.000313009323050784e+00
1.000343624366553330e+00
1.000373716086316422e+00
1.000403198964446627e+00
1.000431988158860586e+00
1.000459999502634201e+00
1.000487149503285877e+00
1.000513355341999144e+00
1.000538534872784657e+00
1.000562606621582029e+00
1.000585489785308368e+00
1.000607104230849975e+00
1.000627370494000967e+00
1.000646209778354390e+00
1.000663543954140700e+00
1.000679295557020954e+00
1.000693387786833810e+00
1.000705744506301009e+00
1.000716290239688222e+00
1.000724950171427263e+00
1.000731650144699669e+00
1.000736316659983638e+00
1.000738876873566330e+00
1.000739258596020642e+00
1.000737390290653783e+00
1.000733201071921208e+00
1.000726620703815906e+00
1.000717579598227047e+00
1.000706008813275760e+00
1.000691840051624926e+00
1.000675005658766548e+00
1.000655438621288917e+00
1.000633072565122683e+00
1.000607841753768268e+00
1.000579689050411725e+00
1.000550775901309031e+00
1.000522831897611375e+00
1.000495861964090238e+00
1.000469871032349412e+00
1.000444864040775927e+00
1.000420845934493652e+00
1.000397821665315323e+00
1.000375796191693478e+00
1.000354774478672493e+00
1.000334761497839953e+00
1.000315762227276473e+00
1.000297781651506623e+00
1.000280824761448084e+00
1.000264896554362348e+00
1.000250002033803653e+00
1.000236146209567689e+00
1.000223334097640082e+00
1.000211570720144438e+00
1.000200861105291494e+00
1.000191210287324717e+00
1.000182623306468788e+00
1.000175105208876092e+00
1.000168661046572760e+00
1.000163295877405156e+00
1.000159014764986365e+00
1.000155822778639569e+00
1.000153724993345428e+00
1.000152726489685007e+00
1.000152832353784937e+00
1.000154047677261460e+00
1.000156377557163800e+00
1.000159827095917109e+00
1.000164401401266945e+00
1.000170105586219549e+00
1.000176944768986109e+00
1.000184924072923476e+00
1.000194048626476429e+00
1.000204323563118169e+00
1.000215754021291925e+00
1.000228345144350994e+00
1.000242102080499240e+00
1.000257029982730472e+00
1.000273134008767828e+00
1.000290419321004265e+00
1.000308891086439278e+00
1.000328554476618725e+00
1.000349414667573544e+00
1.000371476839754914e+00
1.000394746177974969e+00
1.000419227871341077e+00
1.000444927113194771e+00
1.000471849101046473e+00
1.000498372007202708e+00
1.000522525920124473e+00
1.000544351934721909e+00
1.000563896717085566e+00
1.000581207264507499e+00
1.000596330906509568e+00
1.000609315305859504e+00
1.000620208459575666e+00
1.000629058699922025e+00
1.000635914695385376e+00
1.000640825451644567e+00
1.000643840312521737e+00
1.000645008960922677e+00
1.000644381419758977e+00
1.000642008052857967e+00
1.000637939565853340e+00
1.000632227007062447e+00
1.000624921768344722e+00
1.000616075585941678e+00
1.000605740541300470e+00
1.000593969061877031e+00
1.000580813921920109e+00
1.000566328243236880e+00
1.000550565495933242e+00
1.000533579499138792e+00
1.000515424421704269e+00
1.000496154782880565e+00
1.000475825452971534e+00
1.000454491653964828e+00
1.000432208960136071e+00
1.000409033298629513e+00
1.000385020950012915e+00
1.000360228548803354e+00
1.000334713083968152e+00
1.000308531899396947e+00
1.000281742694344889e+00
1.000254403523845426e+00
1.000226572799096214e+00
1.000198309287808840e+00
1.000169672114532338e+00
1.000140720760940960e+00
1.000111515066088863e+00
1.000082115226633928e+00
1.000052581797022055e+00
1.000022975689642157e+00
9.999933581749382849e-01
9.999637908814914544e-01
9.999343357960578382e-01
9.999050552635739830e-01
9.998760119871169527e-01
9.998472690278307207e-01
9.998188898048062656e-01
9.997924783684293271e-01
9.997707951398213666e-01
9.997536566130598157e-01
9.997408173399252584e-01
9.997320367365827298e-01
9.997270790939563057e-01
9.997257135872413825e-01
9.997277142845902853e-01
9.997328601550149463e-01
9.997409350755408486e-01
9.997517278376516492e-01
9.997650321530603401e-01
9.997806466588438079e-01
9.997983749219767624e-01
9.998180254432953440e-01
9.998394116609315985e-01
9.998623519532441328e-01
9.998866696412830324e-01
9.999121929908165729e-01
9.999387552139521462e-01
9.999661944703819305e-01
9.999943538682792843e-01
1.000023081464876729e+00
1.000052230266752051e+00
1.000081658229847736e+00
1.000111228259251250e+00
1.000140808208758170e+00
1.000170270880245127e+00
1.000199494022872004e+00
1.000228360332139355e+00
1.000256757448818812e+00
1.000284577957777365e+00
1.000311719386718368e+00
1.000338084204852818e+00
1.000363579821520910e+00
1.000388118584782937e+00
1.000411617779992213e+00
1.000433999628365322e+00
1.000455191285566592e+00
1.000475124840318308e+00
1.000493737313047582e+00
1.000510970654586718e+00
1.000526771744930876e+00
1.000541092392070119e+00
1.000553889330898949e+00
1.000565124222215774e+00
1.000574763651818522e+00
1.000582779129699507e+00
1.000589147089352426e+00
1.000593848887190385e+00
1.000596870802080041e+00
1.000598204034997663e+00
1.000598204034997663e+00
1.000598204034997663e+00
1.000598204034997663e+00
1.000598204034997663e+00
1.000598204034997663e+00
1.000598204034997663e+00
1.000598204034997663e+00
1.000598204034997663e+00
1.000598204034997663e+00
1.000598204034997663e+00
1.000598204034997663e+00
1.000598204034997663e+00
1.000598204034997663e+00
1.000598204034997663e+00
1.000598204034997663e+00
1.000598204034997663e+00
1.000598204034997663e+00
1.000598204034997663e+00
1.000598204034997663e+00
1.000598204034997663e+00
1.000598204034997663e+00
1.000598204034997663e+00
1.000598204034997663e+00
1.000598204034997663e+00
1.000598204034997663e+00
1.000598204034997663e+00
1.000598204034997663e+00
1.000598204034997663e+00
1.000598204034997663e+00
1.000598204034997663e+00
1.000598204034997663e+00
1.000598204034997663e+00
1.000598204034997663e+00
1.000598204034997663e+00
1.000598204034997663e+00
1.000598204034997663e+00
1.000598204034997663e+00
1.000598204034997663e+00
1.000598204034997663e+00
1.000598204034997663e+00
1.000598204034997663e+00
1.000598204034997663e+00
1.000598204034997663e+00
1.000598204034997663e+00
1.000598204034997663e+00
1.000598204034997663e+00
1.000598204034997663e+00
1.000598204034997663e+00
1.000598204034997663e+00
1.000598204034997663e+00
1.000598204034997663e+00
1.000598204034997663e+00
1.000598204034997663e+00
1.000598204034997663e+00
1.000598204034997663e+00
1.000598204034997663e+00
1.000598204034997663e+00
1.000598204034997663e+00
1.000598204034997663e+00
1.000598204034997663e+00
1.000598204034997663e+00
1.000598204034997663e+00
1.000598204034997663e+00
1.000598204034997663e+00
1.000598204034997663e+00
1.000598204034997663e+00
1.000598204034997663e+00
1.000598204034997663e+00
1.000598204034997663e+00
1.000598204034997663e+00
1.000598204034997663e+00
1.000598204034997663e+00
1.000598204034997663e+00
1.000598204034997663e+00
1.000598204034997663e+00
1.000598204034997663e+00
1.000598204034997663e+00
1.000598204034997663e+00
1.000598204034997663e+00
1.000598204034997663e+00
1.000598204034997663e+00
1.000598204034997663e+00
1.000598204034997663e+00
1.000598204034997663e+00
1.000598204034997663e+00
1.000598204034997663e+00
1.000598204034997663e+00
1.000598204034997663e+00
1.000598204034997663e+00
1.000598204034997663e+00
1.000598204034997663e+00
1.000598204034997663e+00
1.000598204034997663e+00
1.000598204034997663e+00
1.000598204034997663e+00
1.000598204034997663e+00
1.000598204034997663e+00
1.000598204034997663e+00
1.000598204034997663e+00
1.000598204034997663e+00
1.000598204034997663e+00
1.000598204034997663e+00
1.000598204034997663e+00
1.000598204034997663e+00
1.000598204034997663e+00
1.000598204034997663e+00
1.000598204034997663e+00
1.000598204034997663e+00
1.000598204034997663e+00
1.000598204034997663e+00
1.000598204034997663e+00
1.000598204034997663e+00
1.000598204034997663e+00
1.000598204034997663e+00
1.000598204034997663e+00
1.000598204034997663e+00
1.000598204034997663e+00
1.000598204034997663e+00
1.000598204034997663e+00
1.000598204034997663e+00
1.000598204034997663e+00
1.000598204034997663e+00
1.000598204034997663e+00
1.000598204034997663e+00
1.000598204034997663e+00
1.000598204034997663e+00
1.000598204034997663e+00
1.000598204034997663e+00
1.000598204034997663e+00
1.000598204034997663e+00
1.000598204034997663e+00
1.000598204034997663e+00
1.000598204034997663e+00
1.000598204034997663e+00
1.000598204034997663e+00
1.000598204034997663e+00
1.000598204034997663e+00
1.000598204034997663e+00
1.000598204034997663e+00
1.000598204034997663e+00
1.000598204034997663e+00
1.000598204034997663e+00
1.000598204034997663e+00
1.000598204034997663e+00
1.000598204034997663e+00
1.000598204034997663e+00
1.000598204034997663e+00
1.000598204034997663e+00
1.000598204034997663e+00
1.000598204034997663e+00
1.000598204034997663e+00
1.000598204034997663e+00
1.000598204034997663e+00
1.000598204034997663e+00
1.000598204034997663e+00
1.000598204034997663e+00
1.000598204034997663e+00
1.000598204034997663e+00
1.000598204034997663e+00
1.000598204034997663e+00
1.000598204034997663e+00
1.000598204034997663e+00
1.000598204034997663e+00
1.000598204034997663e+00
1.000598204034997663e+00
1.000598204034997663e+00
1.000598204034997663e+00
1.000598204034997663e+00
1.000598204034997663e+00
1.000598204034997663e+00
1.000598204034997663e+00
1.000598204034997663e+00
1.000598204034997663e+00
1.000598204034997663e+00
1.000598204034997663e+00
1.000598204034997663e+00
1.000598204034997663e+00
1.000598204034997663e+00
1.000598204034997663e+00
1.000598204034997663e+00
1.000598204034997663e+00
1.000598204034997663e+00
1.000598204034997663e+00
1.000598204034997663e+00
1.000598204034997663e+00
1.000598204034997663e+00
1.000598204034997663e+00
1.000598204034997663e+00
1.000598204034997663e+00
1.000598204034997663e+00
1.000598204034997663e+00
1.000598204034997663e+00
1.000598204034997663e+00
1.000598204034997663e+00
1.000598204034997663e+00
1.000598204034997663e+00
1.000598204034997663e+00
1.000598204034997663e+00
1.000598204034997663e+00
1.000598204034997663e+00
1.000598204034997663e+00
1.000598204034997663e+00
1.000598204034997663e+00
1.000598204034997663e+00
1.000598204034997663e+00
1.000598204034997663e+00
1.000598204034997663e+00
1.000598204034997663e+00
1.000598204034997663e+00
1.000598204034997663e+00
1.000598204034997663e+00
1.000598204034997663e+00
1.000598204034997663e+00
1.000598204034997663e+00
1.000598204034997663e+00
1.000598204034997663e+00
1.000598204034997663e+00
1.000598204034997663e+00
1.000598204034997663e+00
1.000598204034997663e+00
1.000598204034997663e+00
1.000598204034997663e+00
1.000598204034997663e+00
1.000598204034997663e+00
1.000598204034997663e+00
1.000598204034997663e+00
1.000598204034997663e+00
1.000598204034997663e+00
1.000598204034997663e+00
1.000598204034997663e+00
1.000598204034997663e+00
1.000598204034997663e+00
1.000598204034997663e+00
1.000598204034997663e+00
1.000598204034997663e+00
1.000598204034997663e+00
1.000598204034997663e+00
1.000598204034997663e+00
1.000598204034997663e+00
1.000598204034997663e+00
1.000598204034997663e+00
1.000598204034997663e+00
1.000598204034997663e+00
1.000598204034997663e+00
1.000598204034997663e+00
1.000598204034997663e+00
1.000598204034997663e+00
1.000598204034997663e+00
1.000598204034997663e+00
1.000598204034997663e+00
1.000598204034997663e+00
1.000598204034997663e+00
1.000598204034997663e+00
1.000598204034997663e+00
1.000598204034997663e+00
1.000598204034997663e+00
1.000598204034997663e+00
1.000598204034997663e+00
1.000598204034997663e+00
1.000598204034997663e+00
1.000598204034997663e+00
1.000598204034997663e+00
1.000598204034997663e+00
1.000598204034997663e+00
1.000598204034997663e+00
1.000598204034997663e+00
1.000598204034997663e+00
1.000598204034997663e+00
1.000598204034997663e+00
1.000598204034997663e+00
1.000598204034997663e+00
1.000598204034997663e+00
1.000598204034997663e+00
1.000598204034997663e+00
1.000598204034997663e+00
1.000598204034997663e+00
1.000598204034997663e+00
1.000598204034997663e+00
1.000598204034997663e+00
1.000598204034997663e+00
1.000598204034997663e+00
1.000598204034997663e+00
1.000598204034997663e+00
1.000598204034997663e+00
1.000598204034997663e+00
1.000598204034997663e+00
1.000598204034997663e+00
1.000598204034997663e+00
1.000598204034997663e+00
1.000598204034997663e+00
1.000598204034997663e+00
1.000598204034997663e+00
1.000598204034997663e+00
1.000598204034997663e+00
1.000598204034997663e+00
1.000598204034997663e+00
1.000598204034997663e+00
1.000598204034997663e+00
1.000598204034997663e+00
1.000598204034997663e+00
1.000598204034997663e+00
1.000598204034997663e+00
1.000598204034997663e+00
1.000598204034997663e+00
1.000598204034997663e+00
1.000598204034997663e+00
1.000598204034997663e+00
1.000598204034997663e+00
1.000598204034997663e+00
1.000598204034997663e+00
1.000598204034997663e+00
1.000598204034997663e+00
1.000598204034997663e+00
1.000598204034997663e+00
1.000598204034997663e+00
1.000598204034997663e+00
1.000598204034997663e+00
1.000598204034997663e+00
1.000598204034997663e+00
1.000598204034997663e+00
1.000598204034997663e+00
1.000598204034997663e+00
1.000598204034997663e+00
1.000598204034997663e+00
1.000598204034997663e+00
1.000598204034997663e+00
1.000598204034997663e+00
1.000598204034997663e+00
1.000598204034997663e+00
1.000598204034997663e+00
1.000598204034997663e+00
1.000598204034997663e+00
1.000598204034997663e+00
1.000598204034997663e+00
1.000598204034997663e+00
1.000598204034997663e+00
1.000598204034997663e+00
1.000598204034997663e+00
1.000598204034997663e+00
1.000598204034997663e+00
1.000598204034997663e+00
1.000598204034997663e+00
1.000598204034997663e+00
1.000598204034997663e+00
1.000598204034997663e+00
1.000598204034997663e+00
1.000598204034997663e+00
1.000598204034997663e+00
1.000598204034997663e+00
1.000598204034997663e+00
1.000598204034997663e+00
1.000598204034997663e+00
1.000598204034997663e+00
1.000598204034997663e+00
1.000598204034997663e+00
1.000598204034997663e+00
1.000598204034997663e+00
1.000598204034997663e+00
1.000598204034997663e+00
1.000598204034997663e+00
1.000598204034997663e+00
1.000598204034997663e+00
1.000598204034997663e+00
1.000598204034997663e+00
1.000598204034997663e+00
1.000598204034997663e+00
1.000598204034997663e+00
1.000598204034997663e+00
1.000598204034997663e+00
1.000598204034997663e+00
1.000598204034997663e+00
1.000598204034997663e+00
1.000598204034997663e+00
1.000598204034997663e+00
1.000598204034997663e+00
1.000598204034997663e+00
1.000598204034997663e+00
1.000598204034997663e+00
1.000598204034997663e+00
1.000598204034997663e+00
1.000598204034997663e+00
1.000598204034997663e+00
1.000598204034997663e+00
1.000598204034997663e+00
1.000598204034997663e+00
1.000598204034997663e+00
1.000598204034997663e+00
1.000598204034997663e+00
1.000598204034997663e+00
1.000598204034997663e+00
1.000598204034997663e+00
1.000598204034997663e+00
1.000598204034997663e+00
