-1.000000000000000000e+01
-1.000000000000000000e+01
-1.000000000000000000e+01
-1.000000000000000000e+01
-1.000000000000000000e+01
-1.000000000000000000e+01
-1.000000000000000000e+01
-1.000000000000000000e+01
-1.000000000000000000e+01
-1.000000000000000000e+01
-1.000000000000000000e+01
-1.000000000000000000e+01
-1.000000000000000000e+01
-1.000000000000000000e+01
-1.000000000000000000e+01
-1.000000000000000000e+01
-1.000000000000000000e+01
-1.000000000000000000e+01
-1.000000000000000000e+01
-1.000000000000000000e+01
-1.000000000000000000e+01
-1.000000000000000000e+01
-1.000000000000000000e+01
-1.000000000000000000e+01
-1.000000000000000000e+01
-1.000000000000000000e+01
-1.000000000000000000e+01
-1.000000000000000000e+01
-1.000000000000000000e+01
-1.000000000000000000e+01
-1.000000000000000000e+01
-1.000000000000000000e+01
-1.000000000000000000e+01
-1.000000000000000000e+01
-1.000000000000000000e+01
-1.000000000000000000e+01
-1.000000000000000000e+01
-1.000000000000000000e+01
-1.000000000000000000e+01
-1.000000000000000000e+01
-1.000000000000000000e+01
-1.000000000000000000e+01
-1.000000000000000000e+01
-1.000000000000000000e+01
-1.000000000000000000e+01
-1.000000000000000000e+01
-1.000000000000000000e+01
-1.000000000000000000e+01
-1.000000000000000000e+01
-1.000000000000000000e+01
-1.000000000000000000e+01
-1.000000000000000000e+01
-1.000000000000000000e+01
-1.000000000000000000e+01
-1.000000000000000000e+01
-1.000000000000000000e+01
-1.000000000000000000e+01
-1.000000000000000000e+01
-1.000000000000000000e+01
-1.000000000000000000e+01
-1.000000000000000000e+01
-1.000000000000000000e+01
-1.000000000000000000e+01
-1.000000000000000000e+01
-1.000000000000000000e+01
-1.000000000000000000e+01
-1.000000000000000000e+01
-1.000000000000000000e+01
-1.000000000000000000e+01
-1.000000000000000000e+01
-1.000000000000000000e+01
-1.000000000000000000e+01
-1.000000000000000000e+01
-1.000000000000000000e+01
-1.000000000000000000e+01
-1.000000000000000000e+01
-1.000000000000000000e+01
-1.000000000000000000e+01
-1.000000000000000000e+01
-1.000000000000000000e+01
-1.000000000000000000e+01
-1.000000000000000000e+01
-1.000000000000000000e+01
-1.000000000000000000e+01
-1.000000000000000000e+01
-1.000000000000000000e+01
-1.000000000000000000e+01
-1.000000000000000000e+01
-1.000000000000000000e+01
-1.000000000000000000e+01
-1.000000000000000000e+01
-1.000000000000000000e+01
-1.000000000000000000e+01
-1.000000000000000000e+01
-1.000000000000000000e+01
-1.000000000000000000e+01
-1.000000000000000000e+01
-1.000000000000000000e+01
-1.000000000000000000e+01
-1.000000000000000000e+01
-1.000000000000000000e+01
-1.000000000000000000e+01
-1.000000000000000000e+01
-1.000000000000000000e+01
-1.000000000000000000e+01
-1.000000000000000000e+01
-1.000000000000000000e+01
-1.000000000000000000e+01
-1.000000000000000000e+01
-1.000000000000000000e+01
-1.000000000000000000e+01
-1.000000000000000000e+01
-1.000000000000000000e+01
-1.000000000000000000e+01
-1.000000000000000000e+01
-1.000000000000000000e+01
-1.000000000000000000e+01
-1.000000000000000000e+01
-1.000000000000000000e+01
-1.000000000000000000e+01
-1.000000000000000000e+01
-1.000000000000000000e+01
-1.000000000000000000e+01
-1.000000000000000000e+01
-1.000000000000000000e+01
-1.000000000000000000e+01
-1.000000000000000000e+01
-1.000000000000000000e+01
-1.000000000000000000e+01
-1.000000000000000000e+01
-1.000000000000000000e+01
-1.000000000000000000e+01
-1.000000000000000000e+01
-1.000000000000000000e+01
-1.000000000000000000e+01
-1.000000000000000000e+01
-1.000000000000000000e+01
-1.000000000000000000e+01
-1.000000000000000000e+01
-1.000000000000000000e+01
-1.000000000000000000e+01
-1.000000000000000000e+01
-1.000000000000000000e+01
-1.000000000000000000e+01
-1.000000000000000000e+01
-1.000000000000000000e+01
-1.000000000000000000e+01
-1.000000000000000000e+01
-1.000000000000000000e+01
-1.000000000000000000e+01
-1.000000000000000000e+01
-1.000000000000000000e+01
-1.000000000000000000e+01
-1.000000000000000000e+01
-1.000000000000000000e+01
-1.000000000000000000e+01
-1.000000000000000000e+01
-1.000000000000000000e+01
-1.000000000000000000e+01
-1.000000000000000000e+01
-1.000000000000000000e+01
-1.000000000000000000e+01
-1.000000000000000000e+01
-1.000000000000000000e+01
-1.000000000000000000e+01
-1.000000000000000000e+01
-1.000000000000000000e+01
-1.000000000000000000e+01
-1.000000000000000000e+01
-1.000000000000000000e+01
-1.000000000000000000e+01
-1.000000000000000000e+01
-1.000000000000000000e+01
-1.000000000000000000e+01
-1.000000000000000000e+01
-1.000000000000000000e+01
-1.000000000000000000e+01
-1.000000000000000000e+01
-1.000000000000000000e+01
-1.000000000000000000e+01
-1.000000000000000000e+01
-1.000000000000000000e+01
-1.000000000000000000e+01
-1.000000000000000000e+01
-1.000000000000000000e+01
-1.000000000000000000e+01
-1.000000000000000000e+01
-1.000000000000000000e+01
-1.000000000000000000e+01
-1.000000000000000000e+01
-1.000000000000000000e+01
-1.000000000000000000e+01
-1.000000000000000000e+01
-1.000000000000000000e+01
-1.000000000000000000e+01
-1.000000000000000000e+01
-1.000000000000000000e+01
-1.000000000000000000e+01
-1.000000000000000000e+01
-1.000000000000000000e+01
-1.000000000000000000e+01
-1.000000000000000000e+01
-1.000000000000000000e+01
-1.000000000000000000e+01
-1.000000000000000000e+01
-1.000000000000000000e+01
-1.000000000000000000e+01
-1.000000000000000000e+01
-1.000000000000000000e+01
-1.000000000000000000e+01
-1.000000000000000000e+01
-1.000000000000000000e+01
-1.000000000000000000e+01
-1.000000000000000000e+01
-1.000000000000000000e+01
-1.000000000000000000e+01
-1.000000000000000000e+01
-1.000000000000000000e+01
-1.000000000000000000e+01
-1.000000000000000000e+01
-1.000000000000000000e+01
-1.000000000000000000e+01
-1.000000000000000000e+01
-1.000000000000000000e+01
-1.000000000000000000e+01
-1.000000000000000000e+01
-1.000000000000000000e+01
-1.000000000000000000e+01
-1.000000000000000000e+01
-1.000000000000000000e+01
-1.000000000000000000e+01
-1.000000000000000000e+01
-1.000000000000000000e+01
-1.000000000000000000e+01
-1.000000000000000000e+01
-1.000000000000000000e+01
-1.000000000000000000e+01
-1.000000000000000000e+01
-1.000000000000000000e+01
-1.000000000000000000e+01
-1.000000000000000000e+01
-1.000000000000000000e+01
-1.000000000000000000e+01
-1.000000000000000000e+01
-1.000000000000000000e+01
-1.000000000000000000e+01
-1.000000000000000000e+01
-1.000000000000000000e+01
-1.000000000000000000e+01
-1.000000000000000000e+01
-1.000000000000000000e+01
-1.000000000000000000e+01
-1.000000000000000000e+01
-1.000000000000000000e+01
-1.000000000000000000e+01
-1.000000000000000000e+01
-1.000000000000000000e+01
-1.000000000000000000e+01
-1.000000000000000000e+01
-1.000000000000000000e+01
-1.000000000000000000e+01
-1.000000000000000000e+01
-1.000000000000000000e+01
-1.000000000000000000e+01
-1.000000000000000000e+01
-1.000000000000000000e+01
-1.000000000000000000e+01
-1.000000000000000000e+01
-1.000000000000000000e+01
-1.000000000000000000e+01
-1.000000000000000000e+01
-1.000000000000000000e+01
-1.000000000000000000e+01
-1.000000000000000000e+01
-1.000000000000000000e+01
-1.000000000000000000e+01
-1.000000000000000000e+01
-1.000000000000000000e+01
-1.000000000000000000e+01
-1.000000000000000000e+01
-1.000000000000000000e+01
-1.000000000000000000e+01
-1.000000000000000000e+01
-1.000000000000000000e+01
-1.000000000000000000e+01
-1.000000000000000000e+01
-1.000000000000000000e+01
-1.000000000000000000e+01
-1.000000000000000000e+01
-1.000000000000000000e+01
-1.000000000000000000e+01
-1.000000000000000000e+01
-1.000000000000000000e+01
-1.000000000000000000e+01
-1.000000000000000000e+01
-1.000000000000000000e+01
-1.000000000000000000e+01
-1.000000000000000000e+01
-1.000000000000000000e+01
-1.000000000000000000e+01
-1.000000000000000000e+01
-1.000000000000000000e+01
-1.000000000000000000e+01
-1.000000000000000000e+01
-1.000000000000000000e+01
-1.000000000000000000e+01
-1.000000000000000000e+01
-1.000000000000000000e+01
-1.000000000000000000e+01
-1.000000000000000000e+01
-1.000000000000000000e+01
-1.000000000000000000e+01
-1.000000000000000000e+01
-1.000000000000000000e+01
-1.000000000000000000e+01
-1.000000000000000000e+01
-1.000000000000000000e+01
-1.000000000000000000e+01
-1.000000000000000000e+01
-1.000000000000000000e+01
-1.000000000000000000e+01
-1.000000000000000000e+01
-1.000000000000000000e+01
-1.000000000000000000e+01
-1.000000000000000000e+01
-1.000000000000000000e+01
-1.000000000000000000e+01
-1.000000000000000000e+01
-1.000000000000000000e+01
-1.000000000000000000e+01
-1.000000000000000000e+01
-1.000000000000000000e+01
-1.000000000000000000e+01
-1.000000000000000000e+01
-1.000000000000000000e+01
-1.000000000000000000e+01
-1.000000000000000000e+01
-1.000000000000000000e+01
-1.000000000000000000e+01
-1.000000000000000000e+01
-1.000000000000000000e+01
-1.000000000000000000e+01
-1.000000000000000000e+01
-1.000000000000000000e+01
-1.000000000000000000e+01
-1.000000000000000000e+01
-1.000000000000000000e+01
-1.000000000000000000e+01
-1.000000000000000000e+01
-1.000000000000000000e+01
-1.000000000000000000e+01
-1.000000000000000000e+01
-1.000000000000000000e+01
-1.000000000000000000e+01
-1.000000000000000000e+01
-1.000000000000000000e+01
-1.000000000000000000e+01
-1.000000000000000000e+01
-1.000000000000000000e+01
-1.000000000000000000e+01
-1.000000000000000000e+01
-1.000000000000000000e+01
-1.000000000000000000e+01
-1.000000000000000000e+01
-1.000000000000000000e+01
-1.000000000000000000e+01
-1.000000000000000000e+01
-1.000000000000000000e+01
-1.000000000000000000e+01
-1.000000000000000000e+01
-1.000000000000000000e+01
-1.000000000000000000e+01
-1.000000000000000000e+01
-1.000000000000000000e+01
-1.000000000000000000e+01
-1.000000000000000000e+01
-1.000000000000000000e+01
-1.000000000000000000e+01
-1.000000000000000000e+01
-1.000000000000000000e+01
-1.000000000000000000e+01
-1.000000000000000000e+01
-1.000000000000000000e+01
-1.000000000000000000e+01
-1.000000000000000000e+01
-1.000000000000000000e+01
-1.000000000000000000e+01
-1.000000000000000000e+01
-1.000000000000000000e+01
-1.000000000000000000e+01
-1.000000000000000000e+01
-1.000000000000000000e+01
-1.000000000000000000e+01
-1.000000000000000000e+01
-1.000000000000000000e+01
-1.000000000000000000e+01
-1.000000000000000000e+01
-1.000000000000000000e+01
-1.000000000000000000e+01
-1.000000000000000000e+01
-1.000000000000000000e+01
-1.000000000000000000e+01
-1.000000000000000000e+01
-1.000000000000000000e+01
-1.000000000000000000e+01
-1.000000000000000000e+01
-1.000000000000000000e+01
-1.000000000000000000e+01
-1.000000000000000000e+01
-1.000000000000000000e+01
-1.000000000000000000e+01
-1.000000000000000000e+01
-1.000000000000000000e+01
-1.000000000000000000e+01
-1.000000000000000000e+01
-1.000000000000000000e+01
-1.000000000000000000e+01
-1.000000000000000000e+01
-1.000000000000000000e+01
-1.000000000000000000e+01
-1.000000000000000000e+01
-1.000000000000000000e+01
-1.000000000000000000e+01
-1.000000000000000000e+01
-1.000000000000000000e+01
-1.000000000000000000e+01
-1.000000000000000000e+01
-1.000000000000000000e+01
-1.000000000000000000e+01
-1.000000000000000000e+01
-1.000000000000000000e+01
-1.000000000000000000e+01
-1.000000000000000000e+01
-1.000000000000000000e+01
-1.000000000000000000e+01
-1.000000000000000000e+01
-1.000000000000000000e+01
-1.000000000000000000e+01
-1.000000000000000000e+01
-1.000000000000000000e+01
-1.000000000000000000e+01
-1.000000000000000000e+01
-1.000000000000000000e+01
-1.000000000000000000e+01
-1.000000000000000000e+01
-1.000000000000000000e+01
-1.000000000000000000e+01
-1.000000000000000000e+01
-1.000000000000000000e+01
-1.000000000000000000e+01
-1.000000000000000000e+01
-1.000000000000000000e+01
-1.000000000000000000e+01
-1.000000000000000000e+01
-1.000000000000000000e+01
-1.000000000000000000e+01
-1.000000000000000000e+01
-1.000000000000000000e+01
-1.000000000000000000e+01
-1.000000000000000000e+01
-1.000000000000000000e+01
-1.000000000000000000e+01
-1.000000000000000000e+01
-1.000000000000000000e+01
-1.000000000000000000e+01
-1.000000000000000000e+01
-1.000000000000000000e+01
-1.000000000000000000e+01
-1.000000000000000000e+01
-1.000000000000000000e+01
-1.000000000000000000e+01
-1.000000000000000000e+01
-1.000000000000000000e+01
-1.000000000000000000e+01
-1.000000000000000000e+01
-1.000000000000000000e+01
-1.000000000000000000e+01
-1.000000000000000000e+01
-1.000000000000000000e+01
-1.000000000000000000e+01
-1.000000000000000000e+01
-1.000000000000000000e+01
-1.000000000000000000e+01
-1.000000000000000000e+01
-1.000000000000000000e+01
-1.000000000000000000e+01
-1.000000000000000000e+01
-1.000000000000000000e+01
-1.000000000000000000e+01
-1.000000000000000000e+01
-1.000000000000000000e+01
-1.000000000000000000e+01
-1.000000000000000000e+01
-1.000000000000000000e+01
-1.000000000000000000e+01
-1.000000000000000000e+01
-1.000000000000000000e+01
-1.000000000000000000e+01
-1.000000000000000000e+01
-1.000000000000000000e+01
-1.000000000000000000e+01
-1.000000000000000000e+01
-1.000000000000000000e+01
-1.000000000000000000e+01
-1.000000000000000000e+01
-1.000000000000000000e+01
-1.000000000000000000e+01
-1.000000000000000000e+01
-1.000000000000000000e+01
-1.000000000000000000e+01
-1.000000000000000000e+01
-1.000000000000000000e+01
-1.000000000000000000e+01
-1.000000000000000000e+01
-1.000000000000000000e+01
-1.000000000000000000e+01
-1.000000000000000000e+01
-1.000000000000000000e+01
-1.000000000000000000e+01
-1.000000000000000000e+01
-1.000000000000000000e+01
-1.000000000000000000e+01
-1.000000000000000000e+01
-1.000000000000000000e+01
-1.000000000000000000e+01
-1.000000000000000000e+01
-1.000000000000000000e+01
-1.000000000000000000e+01
-1.000000000000000000e+01
-1.000000000000000000e+01
-1.000000000000000000e+01
-1.000000000000000000e+01
-1.000000000000000000e+01
-1.000000000000000000e+01
-1.000000000000000000e+01
-1.000000000000000000e+01
-1.000000000000000000e+01
-1.000000000000000000e+01
-1.000000000000000000e+01
-1.000000000000000000e+01
-1.000000000000000000e+01
-1.000000000000000000e+01
-1.000000000000000000e+01
-1.000000000000000000e+01
-1.000000000000000000e+01
-1.000000000000000000e+01
-1.000000000000000000e+01
-1.000000000000000000e+01
-1.000000000000000000e+01
-1.000000000000000000e+01
-1.000000000000000000e+01
-1.000000000000000000e+01
-1.000000000000000000e+01
-1.000000000000000000e+01
-1.000000000000000000e+01
-1.000000000000000000e+01
-1.000000000000000000e+01
-1.000000000000000000e+01
-1.000000000000000000e+01
-1.000000000000000000e+01
-1.000000000000000000e+01
-1.000000000000000000e+01
-1.000000000000000000e+01
-1.000000000000000000e+01
-1.000000000000000000e+01
-1.000000000000000000e+01
-1.000000000000000000e+01
-1.000000000000000000e+01
-1.000000000000000000e+01
-1.000000000000000000e+01
-1.000000000000000000e+01
-1.000000000000000000e+01
-1.000000000000000000e+01
-1.000000000000000000e+01
-1.000000000000000000e+01
-1.000000000000000000e+01
-1.000000000000000000e+01
-1.000000000000000000e+01
-1.000000000000000000e+01
-1.000000000000000000e+01
-1.000000000000000000e+01
-1.000000000000000000e+01
-1.000000000000000000e+01
-1.000000000000000000e+01
-1.000000000000000000e+01
-1.000000000000000000e+01
-1.000000000000000000e+01
-1.000000000000000000e+01
-1.000000000000000000e+01
-1.000000000000000000e+01
-1.000000000000000000e+01
-1.000000000000000000e+01
-1.000000000000000000e+01
-1.000000000000000000e+01
-1.000000000000000000e+01
-1.000000000000000000e+01
-1.000000000000000000e+01
-1.000000000000000000e+01
-1.000000000000000000e+01
-1.000000000000000000e+01
-1.000000000000000000e+01
-1.000000000000000000e+01
-1.000000000000000000e+01
-1.000000000000000000e+01
-1.000000000000000000e+01
-1.000000000000000000e+01
-1.000000000000000000e+01
-1.000000000000000000e+01
-1.000000000000000000e+01
-1.000000000000000000e+01
-1.000000000000000000e+01
-1.000000000000000000e+01
-1.000000000000000000e+01
-1.000000000000000000e+01
-1.000000000000000000e+01
-1.000000000000000000e+01
-1.000000000000000000e+01
-1.000000000000000000e+01
-1.000000000000000000e+01
-1.000000000000000000e+01
-1.000000000000000000e+01
-1.000000000000000000e+01
-1.000000000000000000e+01
-1.000000000000000000e+01
-1.000000000000000000e+01
-1.000000000000000000e+01
-1.000000000000000000e+01
-1.000000000000000000e+01
-1.000000000000000000e+01
-1.000000000000000000e+01
-1.000000000000000000e+01
-1.000000000000000000e+01
-1.000000000000000000e+01
-1.000000000000000000e+01
-1.000000000000000000e+01
-1.000000000000000000e+01
-1.000000000000000000e+01
-1.000000000000000000e+01
-1.000000000000000000e+01
-1.000000000000000000e+01
-1.000000000000000000e+01
-1.000000000000000000e+01
-1.000000000000000000e+01
-1.000000000000000000e+01
-1.000000000000000000e+01
-1.000000000000000000e+01
-1.000000000000000000e+01
-1.000000000000000000e+01
-1.000000000000000000e+01
-1.000000000000000000e+01
-1.000000000000000000e+01
-1.000000000000000000e+01
-1.000000000000000000e+01
-1.000000000000000000e+01
-1.000000000000000000e+01
-1.000000000000000000e+01
-1.000000000000000000e+01
-1.000000000000000000e+01
-1.000000000000000000e+01
-1.000000000000000000e+01
-1.000000000000000000e+01
-1.000000000000000000e+01
-1.000000000000000000e+01
-1.000000000000000000e+01
-1.000000000000000000e+01
-1.000000000000000000e+01
-1.000000000000000000e+01
-1.000000000000000000e+01
-1.000000000000000000e+01
-1.000000000000000000e+01
-1.000000000000000000e+01
-1.000000000000000000e+01
-1.000000000000000000e+01
-1.000000000000000000e+01
-1.000000000000000000e+01
-1.000000000000000000e+01
-1.000000000000000000e+01
-1.000000000000000000e+01
-1.000000000000000000e+01
-1.000000000000000000e+01
-1.000000000000000000e+01
-1.000000000000000000e+01
-1.000000000000000000e+01
-1.000000000000000000e+01
-1.000000000000000000e+01
-1.000000000000000000e+01
-1.000000000000000000e+01
-1.000000000000000000e+01
-1.000000000000000000e+01
-1.000000000000000000e+01
-1.000000000000000000e+01
-1.000000000000000000e+01
-1.000000000000000000e+01
-1.000000000000000000e+01
-1.000000000000000000e+01
-1.000000000000000000e+01
-1.000000000000000000e+01
-1.000000000000000000e+01
-1.000000000000000000e+01
-1.000000000000000000e+01
-1.000000000000000000e+01
-1.000000000000000000e+01
-1.000000000000000000e+01
-1.000000000000000000e+01
-1.000000000000000000e+01
-1.000000000000000000e+01
-1.000000000000000000e+01
-1.000000000000000000e+01
-1.000000000000000000e+01
-1.000000000000000000e+01
-1.000000000000000000e+01
-1.000000000000000000e+01
-1.000000000000000000e+01
-1.000000000000000000e+01
-1.000000000000000000e+01
-1.000000000000000000e+01
-1.000000000000000000e+01
-1.000000000000000000e+01
-1.000000000000000000e+01
-1.000000000000000000e+01
-1.000000000000000000e+01
-1.000000000000000000e+01
-1.000000000000000000e+01
-1.000000000000000000e+01
-1.000000000000000000e+01
-1.000000000000000000e+01
-1.000000000000000000e+01
-1.000000000000000000e+01
-1.000000000000000000e+01
-1.000000000000000000e+01
-1.000000000000000000e+01
-1.000000000000000000e+01
-1.000000000000000000e+01
-1.000000000000000000e+01
-1.000000000000000000e+01
-1.000000000000000000e+01
-1.000000000000000000e+01
-1.000000000000000000e+01
-1.000000000000000000e+01
-1.000000000000000000e+01
-1.000000000000000000e+01
-1.000000000000000000e+01
-1.000000000000000000e+01
-1.000000000000000000e+01
-1.000000000000000000e+01
-1.000000000000000000e+01
-1.000000000000000000e+01
-1.000000000000000000e+01
-1.000000000000000000e+01
-1.000000000000000000e+01
-1.000000000000000000e+01
-1.000000000000000000e+01
-1.000000000000000000e+01
-1.000000000000000000e+01
-1.000000000000000000e+01
-1.000000000000000000e+01
-1.000000000000000000e+01
-1.000000000000000000e+01
-1.000000000000000000e+01
-1.000000000000000000e+01
-1.000000000000000000e+01
-1.000000000000000000e+01
-1.000000000000000000e+01
-1.000000000000000000e+01
-1.000000000000000000e+01
-1.000000000000000000e+01
-1.000000000000000000e+01
-1.000000000000000000e+01
-1.000000000000000000e+01
-1.000000000000000000e+01
-1.000000000000000000e+01
-1.000000000000000000e+01
-1.000000000000000000e+01
-1.000000000000000000e+01
-1.000000000000000000e+01
-1.000000000000000000e+01
-1.000000000000000000e+01
-1.000000000000000000e+01
-1.000000000000000000e+01
-1.000000000000000000e+01
-1.000000000000000000e+01
-1.000000000000000000e+01
-1.000000000000000000e+01
-1.000000000000000000e+01
-1.000000000000000000e+01
-1.000000000000000000e+01
-1.000000000000000000e+01
-1.000000000000000000e+01
-1.000000000000000000e+01
-1.000000000000000000e+01
-1.000000000000000000e+01
-1.000000000000000000e+01
-1.000000000000000000e+01
-1.000000000000000000e+01
-1.000000000000000000e+01
-1.000000000000000000e+01
-1.000000000000000000e+01
-1.000000000000000000e+01
-1.000000000000000000e+01
-1.000000000000000000e+01
-1.000000000000000000e+01
-1.000000000000000000e+01
-1.000000000000000000e+01
-1.000000000000000000e+01
-1.000000000000000000e+01
-1.000000000000000000e+01
-1.000000000000000000e+01
-1.000000000000000000e+01
-1.000000000000000000e+01
-1.000000000000000000e+01
-1.000000000000000000e+01
-1.000000000000000000e+01
-1.000000000000000000e+01
-1.000000000000000000e+01
-1.000000000000000000e+01
-1.000000000000000000e+01
-1.000000000000000000e+01
-1.000000000000000000e+01
-1.000000000000000000e+01
-1.000000000000000000e+01
-1.000000000000000000e+01
-1.000000000000000000e+01
-1.000000000000000000e+01
-1.000000000000000000e+01
-1.000000000000000000e+01
-1.000000000000000000e+01
-1.000000000000000000e+01
-1.000000000000000000e+01
-1.000000000000000000e+01
-1.000000000000000000e+01
-1.000000000000000000e+01
-1.000000000000000000e+01
-1.000000000000000000e+01
-1.000000000000000000e+01
-1.000000000000000000e+01
-1.000000000000000000e+01
-1.000000000000000000e+01
-1.000000000000000000e+01
-1.000000000000000000e+01
-1.000000000000000000e+01
-1.000000000000000000e+01
-1.000000000000000000e+01
-1.000000000000000000e+01
-1.000000000000000000e+01
-1.000000000000000000e+01
-1.000000000000000000e+01
-1.000000000000000000e+01
-1.000000000000000000e+01
-1.000000000000000000e+01
-1.000000000000000000e+01
-1.000000000000000000e+01
-1.000000000000000000e+01
-1.000000000000000000e+01
-1.000000000000000000e+01
-1.000000000000000000e+01
-1.000000000000000000e+01
-1.000000000000000000e+01
-1.000000000000000000e+01
-1.000000000000000000e+01
-1.000000000000000000e+01
-1.000000000000000000e+01
-1.000000000000000000e+01
-1.000000000000000000e+01
-1.000000000000000000e+01
-1.000000000000000000e+01
-1.000000000000000000e+01
-1.000000000000000000e+01
-1.000000000000000000e+01
-1.000000000000000000e+01
-1.000000000000000000e+01
-1.000000000000000000e+01
-1.000000000000000000e+01
-1.000000000000000000e+01
-1.000000000000000000e+01
-1.000000000000000000e+01
-1.000000000000000000e+01
-1.000000000000000000e+01
-1.000000000000000000e+01
-1.000000000000000000e+01
-1.000000000000000000e+01
-1.000000000000000000e+01
-1.000000000000000000e+01
-1.000000000000000000e+01
-1.000000000000000000e+01
-1.000000000000000000e+01
-1.000000000000000000e+01
-1.000000000000000000e+01
-1.000000000000000000e+01
-1.000000000000000000e+01
-1.000000000000000000e+01
-1.000000000000000000e+01
-1.000000000000000000e+01
-1.000000000000000000e+01
-1.000000000000000000e+01
-1.000000000000000000e+01
-1.000000000000000000e+01
-1.000000000000000000e+01
-1.000000000000000000e+01
-1.000000000000000000e+01
-1.000000000000000000e+01
-1.000000000000000000e+01
-1.000000000000000000e+01
-1.000000000000000000e+01
-1.000000000000000000e+01
-1.000000000000000000e+01
-1.000000000000000000e+01
-1.000000000000000000e+01
-1.000000000000000000e+01
-1.000000000000000000e+01
-1.000000000000000000e+01
-1.000000000000000000e+01
-1.000000000000000000e+01
-1.000000000000000000e+01
-1.000000000000000000e+01
-1.000000000000000000e+01
-1.000000000000000000e+01
-1.000000000000000000e+01
-1.000000000000000000e+01
-1.000000000000000000e+01
-1.000000000000000000e+01
-1.000000000000000000e+01
-1.000000000000000000e+01
-1.000000000000000000e+01
-1.000000000000000000e+01
-1.000000000000000000e+01
-1.000000000000000000e+01
-1.000000000000000000e+01
-1.000000000000000000e+01
-1.000000000000000000e+01
-1.000000000000000000e+01
-1.000000000000000000e+01
-1.000000000000000000e+01
-1.000000000000000000e+01
-1.000000000000000000e+01
-1.000000000000000000e+01
-1.000000000000000000e+01
-1.000000000000000000e+01
-1.000000000000000000e+01
-1.000000000000000000e+01
-1.000000000000000000e+01
-1.000000000000000000e+01
-1.000000000000000000e+01
-1.000000000000000000e+01
-1.000000000000000000e+01
-1.000000000000000000e+01
-1.000000000000000000e+01
-1.000000000000000000e+01
-1.000000000000000000e+01
-1.000000000000000000e+01
-1.000000000000000000e+01
-1.000000000000000000e+01
-1.000000000000000000e+01
-1.000000000000000000e+01
-1.000000000000000000e+01
-1.000000000000000000e+01
-1.000000000000000000e+01
-1.000000000000000000e+01
-1.000000000000000000e+01
-1.000000000000000000e+01
-1.000000000000000000e+01
-1.000000000000000000e+01
-1.000000000000000000e+01
-1.000000000000000000e+01
-1.000000000000000000e+01
-1.000000000000000000e+01
-1.000000000000000000e+01
-1.000000000000000000e+01
-1.000000000000000000e+01
-1.000000000000000000e+01
-1.000000000000000000e+01
-1.000000000000000000e+01
-1.000000000000000000e+01
-1.000000000000000000e+01
-1.000000000000000000e+01
-1.000000000000000000e+01
-1.000000000000000000e+01
-1.000000000000000000e+01
-1.000000000000000000e+01
-1.000000000000000000e+01
-1.000000000000000000e+01
-1.000000000000000000e+01
-1.000000000000000000e+01
-1.000000000000000000e+01
-1.000000000000000000e+01
-1.000000000000000000e+01
-1.000000000000000000e+01
-1.000000000000000000e+01
-1.000000000000000000e+01
-1.000000000000000000e+01
-1.000000000000000000e+01
-1.000000000000000000e+01
-1.000000000000000000e+01
-1.000000000000000000e+01
-1.000000000000000000e+01
-1.000000000000000000e+01
-1.000000000000000000e+01
-1.000000000000000000e+01
-1.000000000000000000e+01
-1.000000000000000000e+01
-1.000000000000000000e+01
-1.000000000000000000e+01
-1.000000000000000000e+01
-1.000000000000000000e+01
-1.000000000000000000e+01
-1.000000000000000000e+01
-1.000000000000000000e+01
-1.000000000000000000e+01
-1.000000000000000000e+01
-1.000000000000000000e+01
-1.000000000000000000e+01
-1.000000000000000000e+01
-1.000000000000000000e+01
-1.000000000000000000e+01
-1.000000000000000000e+01
-1.000000000000000000e+01
-1.000000000000000000e+01
-1.000000000000000000e+01
-1.000000000000000000e+01
-1.000000000000000000e+01
-1.000000000000000000e+01
-1.000000000000000000e+01
-1.000000000000000000e+01
-1.000000000000000000e+01
-1.000000000000000000e+01
-1.000000000000000000e+01
-1.000000000000000000e+01
-1.000000000000000000e+01
-1.000000000000000000e+01
-1.000000000000000000e+01
-1.000000000000000000e+01
-1.000000000000000000e+01
-1.000000000000000000e+01
-1.000000000000000000e+01
-1.000000000000000000e+01
-1.000000000000000000e+01
-1.000000000000000000e+01
-1.000000000000000000e+01
-1.000000000000000000e+01
-1.000000000000000000e+01
-1.000000000000000000e+01
-1.000000000000000000e+01
-1.000000000000000000e+01
-1.000000000000000000e+01
-1.000000000000000000e+01
-1.000000000000000000e+01
-1.000000000000000000e+01
-1.000000000000000000e+01
-1.000000000000000000e+01
-1.000000000000000000e+01
-1.000000000000000000e+01
-1.000000000000000000e+01
-1.000000000000000000e+01
-1.000000000000000000e+01
-1.000000000000000000e+01
-1.000000000000000000e+01
-1.000000000000000000e+01
-1.000000000000000000e+01
-1.000000000000000000e+01
-1.000000000000000000e+01
-1.000000000000000000e+01
-1.000000000000000000e+01
-1.000000000000000000e+01
-1.000000000000000000e+01
-1.000000000000000000e+01
-1.000000000000000000e+01
-1.000000000000000000e+01
-1.000000000000000000e+01
-1.000000000000000000e+01
-1.000000000000000000e+01
-1.000000000000000000e+01
-1.000000000000000000e+01
-1.000000000000000000e+01
-1.000000000000000000e+01
-1.000000000000000000e+01
-1.000000000000000000e+01
-1.000000000000000000e+01
-1.000000000000000000e+01
-1.000000000000000000e+01
-1.000000000000000000e+01
-1.000000000000000000e+01
-1.000000000000000000e+01
-1.000000000000000000e+01
-1.000000000000000000e+01
-1.000000000000000000e+01
-1.000000000000000000e+01
-1.000000000000000000e+01
-1.000000000000000000e+01
-1.000000000000000000e+01
-1.000000000000000000e+01
-1.000000000000000000e+01
-1.000000000000000000e+01
-1.000000000000000000e+01
-1.000000000000000000e+01
-1.000000000000000000e+01
-1.000000000000000000e+01
-1.000000000000000000e+01
-1.000000000000000000e+01
-1.000000000000000000e+01
-1.000000000000000000e+01
-1.000000000000000000e+01
-1.000000000000000000e+01
-1.000000000000000000e+01
-1.000000000000000000e+01
-1.000000000000000000e+01
-1.000000000000000000e+01
-1.000000000000000000e+01
-1.000000000000000000e+01
-1.000000000000000000e+01
-1.000000000000000000e+01
-1.000000000000000000e+01
-1.000000000000000000e+01
-1.000000000000000000e+01
-1.000000000000000000e+01
-1.000000000000000000e+01
-1.000000000000000000e+01
-1.000000000000000000e+01
-1.000000000000000000e+01
-1.000000000000000000e+01
-1.000000000000000000e+01
-1.000000000000000000e+01
-1.000000000000000000e+01
-1.000000000000000000e+01
-1.000000000000000000e+01
-1.000000000000000000e+01
-1.000000000000000000e+01
-1.000000000000000000e+01
-1.000000000000000000e+01
-1.000000000000000000e+01
-1.000000000000000000e+01
-1.000000000000000000e+01
-1.000000000000000000e+01
-1.000000000000000000e+01
-1.000000000000000000e+01
-1.000000000000000000e+01
-1.000000000000000000e+01
-1.000000000000000000e+01
-1.000000000000000000e+01
-1.000000000000000000e+01
-1.000000000000000000e+01
-1.000000000000000000e+01
-1.000000000000000000e+01
-1.000000000000000000e+01
-1.000000000000000000e+01
-1.000000000000000000e+01
-1.000000000000000000e+01
-1.000000000000000000e+01
-1.000000000000000000e+01
-1.000000000000000000e+01
-1.000000000000000000e+01
-1.000000000000000000e+01
-1.000000000000000000e+01
-1.000000000000000000e+01
-1.000000000000000000e+01
-1.000000000000000000e+01
-1.000000000000000000e+01
-1.000000000000000000e+01
-1.000000000000000000e+01
-1.000000000000000000e+01
-1.000000000000000000e+01
-1.000000000000000000e+01
-1.000000000000000000e+01
-1.000000000000000000e+01
-1.000000000000000000e+01
-1.000000000000000000e+01
-1.000000000000000000e+01
-1.000000000000000000e+01
-1.000000000000000000e+01
-1.000000000000000000e+01
-1.000000000000000000e+01
-1.000000000000000000e+01
-1.000000000000000000e+01
-1.000000000000000000e+01
-1.000000000000000000e+01
-1.000000000000000000e+01
-1.000000000000000000e+01
-1.000000000000000000e+01
-1.000000000000000000e+01
-1.000000000000000000e+01
-1.000000000000000000e+01
-1.000000000000000000e+01
-1.000000000000000000e+01
-1.000000000000000000e+01
-1.000000000000000000e+01
-1.000000000000000000e+01
-1.000000000000000000e+01
-1.000000000000000000e+01
-1.000000000000000000e+01
-1.000000000000000000e+01
-1.000000000000000000e+01
-1.000000000000000000e+01
-1.000000000000000000e+01
-1.000000000000000000e+01
-1.000000000000000000e+01
-1.000000000000000000e+01
-1.000000000000000000e+01
-1.000000000000000000e+01
-1.000000000000000000e+01
-1.000000000000000000e+01
-1.000000000000000000e+01
-1.000000000000000000e+01
-1.000000000000000000e+01
-1.000000000000000000e+01
-1.000000000000000000e+01
-1.000000000000000000e+01
-1.000000000000000000e+01
-1.000000000000000000e+01
-1.000000000000000000e+01
-1.000000000000000000e+01
-1.000000000000000000e+01
-1.000000000000000000e+01
-1.000000000000000000e+01
-1.000000000000000000e+01
-1.000000000000000000e+01
-1.000000000000000000e+01
-1.000000000000000000e+01
-1.000000000000000000e+01
-1.000000000000000000e+01
-1.000000000000000000e+01
-1.000000000000000000e+01
-1.000000000000000000e+01
-1.000000000000000000e+01
-1.000000000000000000e+01
-1.000000000000000000e+01
-1.000000000000000000e+01
-1.000000000000000000e+01
-1.000000000000000000e+01
-1.000000000000000000e+01
-1.000000000000000000e+01
-1.000000000000000000e+01
-1.000000000000000000e+01
-1.000000000000000000e+01
-1.000000000000000000e+01
-1.000000000000000000e+01
-1.000000000000000000e+01
-1.000000000000000000e+01
-1.000000000000000000e+01
-1.000000000000000000e+01
-1.000000000000000000e+01
-1.000000000000000000e+01
-1.000000000000000000e+01
-1.000000000000000000e+01
-1.000000000000000000e+01
-1.000000000000000000e+01
-1.000000000000000000e+01
-1.000000000000000000e+01
-1.000000000000000000e+01
-1.000000000000000000e+01
-1.000000000000000000e+01
-1.000000000000000000e+01
-1.000000000000000000e+01
-1.000000000000000000e+01
-1.000000000000000000e+01
-1.000000000000000000e+01
-1.000000000000000000e+01
-1.000000000000000000e+01
-1.000000000000000000e+01
-1.000000000000000000e+01
-1.000000000000000000e+01
-1.000000000000000000e+01
-1.000000000000000000e+01
-1.000000000000000000e+01
-1.000000000000000000e+01
-1.000000000000000000e+01
-1.000000000000000000e+01
-1.000000000000000000e+01
-1.000000000000000000e+01
-1.000000000000000000e+01
-1.000000000000000000e+01
-1.000000000000000000e+01
-1.000000000000000000e+01
-1.000000000000000000e+01
-1.000000000000000000e+01
-1.000000000000000000e+01
-1.000000000000000000e+01
-1.000000000000000000e+01
-1.000000000000000000e+01
-1.000000000000000000e+01
-1.000000000000000000e+01
-1.000000000000000000e+01
-1.000000000000000000e+01
-1.000000000000000000e+01
-1.000000000000000000e+01
-1.000000000000000000e+01
-1.000000000000000000e+01
-1.000000000000000000e+01
-1.000000000000000000e+01
-1.000000000000000000e+01
-1.000000000000000000e+01
-1.000000000000000000e+01
-1.000000000000000000e+01
-1.000000000000000000e+01
-1.000000000000000000e+01
-1.000000000000000000e+01
-1.000000000000000000e+01
-1.000000000000000000e+01
-1.000000000000000000e+01
-1.000000000000000000e+01
-1.000000000000000000e+01
-1.000000000000000000e+01
-1.000000000000000000e+01
-1.000000000000000000e+01
-1.000000000000000000e+01
-1.000000000000000000e+01
-1.000000000000000000e+01
-1.000000000000000000e+01
-1.000000000000000000e+01
-1.000000000000000000e+01
-1.000000000000000000e+01
-1.000000000000000000e+01
-1.000000000000000000e+01
-1.000000000000000000e+01
-1.000000000000000000e+01
-1.000000000000000000e+01
-1.000000000000000000e+01
-1.000000000000000000e+01
-1.000000000000000000e+01
-1.000000000000000000e+01
-1.000000000000000000e+01
-1.000000000000000000e+01
-1.000000000000000000e+01
-1.000000000000000000e+01
-1.000000000000000000e+01
-1.000000000000000000e+01
-1.000000000000000000e+01
-1.000000000000000000e+01
-1.000000000000000000e+01
-1.000000000000000000e+01
-1.000000000000000000e+01
-1.000000000000000000e+01
-1.000000000000000000e+01
-1.000000000000000000e+01
-1.000000000000000000e+01
-1.000000000000000000e+01
-1.000000000000000000e+01
-1.000000000000000000e+01
-1.000000000000000000e+01
-1.000000000000000000e+01
-1.000000000000000000e+01
-1.000000000000000000e+01
-1.000000000000000000e+01
-1.000000000000000000e+01
-1.000000000000000000e+01
-1.000000000000000000e+01
-1.000000000000000000e+01
-1.000000000000000000e+01
-1.000000000000000000e+01
-1.000000000000000000e+01
-1.000000000000000000e+01
-1.000000000000000000e+01
-1.000000000000000000e+01
-1.000000000000000000e+01
-1.000000000000000000e+01
-1.000000000000000000e+01
-1.000000000000000000e+01
-1.000000000000000000e+01
-1.000000000000000000e+01
-1.000000000000000000e+01
-1.000000000000000000e+01
-1.000000000000000000e+01
-1.000000000000000000e+01
-1.000000000000000000e+01
-1.000000000000000000e+01
-1.000000000000000000e+01
-1.000000000000000000e+01
-1.000000000000000000e+01
-1.000000000000000000e+01
-1.000000000000000000e+01
-1.000000000000000000e+01
-1.000000000000000000e+01
-1.000000000000000000e+01
-1.000000000000000000e+01
-1.000000000000000000e+01
-1.000000000000000000e+01
-1.000000000000000000e+01
-1.000000000000000000e+01
-1.000000000000000000e+01
-1.000000000000000000e+01
-1.000000000000000000e+01
-1.000000000000000000e+01
-1.000000000000000000e+01
-1.000000000000000000e+01
-1.000000000000000000e+01
-1.000000000000000000e+01
-1.000000000000000000e+01
-1.000000000000000000e+01
-1.000000000000000000e+01
-1.000000000000000000e+01
-1.000000000000000000e+01
-1.000000000000000000e+01
-1.000000000000000000e+01
-1.000000000000000000e+01
-1.000000000000000000e+01
-1.000000000000000000e+01
-1.000000000000000000e+01
-1.000000000000000000e+01
-1.000000000000000000e+01
-1.000000000000000000e+01
-1.000000000000000000e+01
-1.000000000000000000e+01
-1.000000000000000000e+01
-1.000000000000000000e+01
-1.000000000000000000e+01
-1.000000000000000000e+01
-1.000000000000000000e+01
-1.000000000000000000e+01
-1.000000000000000000e+01
-1.000000000000000000e+01
-1.000000000000000000e+01
-1.000000000000000000e+01
-1.000000000000000000e+01
-1.000000000000000000e+01
-1.000000000000000000e+01
-1.000000000000000000e+01
-1.000000000000000000e+01
-1.000000000000000000e+01
-1.000000000000000000e+01
-1.000000000000000000e+01
-1.000000000000000000e+01
-1.000000000000000000e+01
-1.000000000000000000e+01
-1.000000000000000000e+01
-1.000000000000000000e+01
-1.000000000000000000e+01
-1.000000000000000000e+01
-1.000000000000000000e+01
-1.000000000000000000e+01
-1.000000000000000000e+01
-1.000000000000000000e+01
-1.000000000000000000e+01
-1.000000000000000000e+01
-1.000000000000000000e+01
-1.000000000000000000e+01
-1.000000000000000000e+01
-1.000000000000000000e+01
-1.000000000000000000e+01
-1.000000000000000000e+01
-1.000000000000000000e+01
-1.000000000000000000e+01
-1.000000000000000000e+01
-1.000000000000000000e+01
-1.000000000000000000e+01
-1.000000000000000000e+01
-1.000000000000000000e+01
-1.000000000000000000e+01
-1.000000000000000000e+01
-1.000000000000000000e+01
-1.000000000000000000e+01
-1.000000000000000000e+01
-1.000000000000000000e+01
-1.000000000000000000e+01
-1.000000000000000000e+01
-1.000000000000000000e+01
-1.000000000000000000e+01
-1.000000000000000000e+01
-1.000000000000000000e+01
-1.231601810455322266e+01
-1.232573986053466797e+01
-1.233546257019042969e+01
-1.234518527984619141e+01
-1.235490798950195312e+01
-1.236463069915771484e+01
-1.237435340881347656e+01
-1.238407611846923828e+01
-1.239379978179931641e+01
-1.240352249145507812e+01
-1.241324520111083984e+01
-1.242296791076660156e+01
-1.243269062042236328e+01
-1.244241428375244141e+01
-1.245213699340820312e+01
-1.246185970306396484e+01
-1.247158336639404297e+01
-1.248130607604980469e+01
-1.249102973937988281e+01
-1.250075340270996094e+01
-1.251047611236572266e+01
-1.252019977569580078e+01
-1.252992343902587891e+01
-1.253964710235595703e+01
-1.254937076568603516e+01
-1.255909442901611328e+01
-1.256881904602050781e+01
-1.257854270935058594e+01
-1.258826732635498047e+01
-1.259799098968505859e+01
-1.260771560668945312e+01
-1.261744022369384766e+01
-1.262716484069824219e+01
-1.263688945770263672e+01
-1.264661407470703125e+01
-1.265633869171142578e+01
-1.266606426239013672e+01
-1.267578983306884766e+01
-1.268551445007324219e+01
-1.269524002075195312e+01
-1.270496559143066406e+01
-1.271469211578369141e+01
-1.272441768646240234e+01
-1.273414421081542969e+01
-1.274386978149414062e+01
-1.275359630584716797e+01
-1.276332283020019531e+01
-1.277305030822753906e+01
-1.278277683258056641e+01
-1.279250431060791016e+01
-1.280223178863525391e+01
-1.281195926666259766e+01
-1.282168674468994141e+01
-1.283141422271728516e+01
-1.284114265441894531e+01
-1.285087108612060547e+01
-1.286059951782226562e+01
-1.287032794952392578e+01
-1.288005733489990234e+01
-1.288978576660156250e+01
-1.289951515197753906e+01
-1.290924549102783203e+01
-1.291897487640380859e+01
-1.292870521545410156e+01
-1.293843555450439453e+01
-1.294816589355468750e+01
-1.295789623260498047e+01
-1.296762752532958984e+01
-1.297735881805419922e+01
-1.298709011077880859e+01
-1.299682235717773438e+01
-1.300655364990234375e+01
-1.301628684997558594e+01
-1.302601909637451172e+01
-1.303575134277343750e+01
-1.304548454284667969e+01
-1.305521869659423828e+01
-1.306495189666748047e+01
-1.307468605041503906e+01
-1.308442020416259766e+01
-1.309415435791015625e+01
-1.310388946533203125e+01
-1.311362457275390625e+01
-1.312335968017578125e+01
-1.313309574127197266e+01
-1.314283180236816406e+01
-1.315256786346435547e+01
-1.316230487823486328e+01
-1.317204189300537109e+01
-1.318177890777587891e+01
-1.319151687622070312e+01
-1.320125484466552734e+01
-1.321099281311035156e+01
-1.322073173522949219e+01
-1.323047065734863281e+01
-1.324021053314208984e+01
-1.324994945526123047e+01
-1.325969028472900391e+01
-1.326943016052246094e+01
-1.327917098999023438e+01
-1.328891277313232422e+01
-1.329865360260009766e+01
-1.330839538574218750e+01
-1.331813812255859375e+01
-1.332788085937500000e+01
-1.333762359619140625e+01
-1.334736728668212891e+01
-1.335711097717285156e+01
-1.336685562133789062e+01
-1.337660026550292969e+01
-1.338634490966796875e+01
-1.339609050750732422e+01
-1.340583610534667969e+01
-1.341558265686035156e+01
-1.342532920837402344e+01
-1.343507575988769531e+01
-1.344482326507568359e+01
-1.345457172393798828e+01
-1.346432018280029297e+01
-1.347406864166259766e+01
-1.348381805419921875e+01
-1.349356746673583984e+01
-1.350331783294677734e+01
-1.351306819915771484e+01
-1.352281951904296875e+01
-1.353257083892822266e+01
-1.354232311248779297e+01
-1.355207538604736328e+01
-1.356182861328125000e+01
-1.357158184051513672e+01
-1.358133602142333984e+01
-1.359109020233154297e+01
-1.360084438323974609e+01
-1.361060047149658203e+01
-1.362035560607910156e+01
-1.363011169433593750e+01
-1.363986873626708984e+01
-1.364962577819824219e+01
-1.365938377380371094e+01
-1.366914272308349609e+01
-1.367890071868896484e+01
-1.368866062164306641e+01
-1.369842052459716797e+01
-1.370818042755126953e+01
-1.371794128417968750e+01
-1.372770309448242188e+01
-1.373746490478515625e+01
-1.374722766876220703e+01
-1.375699043273925781e+01
-1.376675415039062500e+01
-1.377651786804199219e+01
-1.378628349304199219e+01
-1.379604816436767578e+01
-1.380581378936767578e+01
-1.381558036804199219e+01
-1.382534790039062500e+01
-1.383511543273925781e+01
-1.384488296508789062e+01
-1.385465145111083984e+01
-1.386442089080810547e+01
-1.387419128417968750e+01
-1.388396167755126953e+01
-1.389373207092285156e+01
-1.390350437164306641e+01
-1.391327571868896484e+01
-1.392304897308349609e+01
-1.393282222747802734e+01
-1.394259643554687500e+01
-1.395237159729003906e+01
-1.396214675903320312e+01
-1.397192192077636719e+01
-1.398169898986816406e+01
-1.399147605895996094e+01
-1.400125408172607422e+01
-1.401103210449218750e+01
-1.402081108093261719e+01
-1.403059101104736328e+01
-1.404037189483642578e+01
-1.405015277862548828e+01
-1.405993461608886719e+01
-1.406971645355224609e+01
-1.407949924468994141e+01
-1.408928298950195312e+01
-1.409906768798828125e+01
-1.410885238647460938e+01
-1.411863803863525391e+01
-1.412842464447021484e+01
-1.413821125030517578e+01
-1.414799976348876953e+01
-1.415778827667236328e+01
-1.416757678985595703e+01
-1.417736721038818359e+01
-1.418715763092041016e+01
-1.419694900512695312e+01
-1.420674037933349609e+01
-1.421653366088867188e+01
-1.422632694244384766e+01
-1.423612117767333984e+01
-1.424591541290283203e+01
-1.425571155548095703e+01
-1.426550769805908203e+01
-1.427530479431152344e+01
-1.428510189056396484e+01
-1.429490089416503906e+01
-1.430469989776611328e+01
-1.431449985504150391e+01
-1.432430076599121094e+01
-1.433410263061523438e+01
-1.434390449523925781e+01
-1.435370731353759766e+01
-1.436351108551025391e+01
-1.437331581115722656e+01
-1.438312149047851562e+01
-1.439292716979980469e+01
-1.440273475646972656e+01
-1.441254234313964844e+01
-1.442235088348388672e+01
-1.443216037750244141e+01
-1.444196987152099609e+01
-1.445178127288818359e+01
-1.446159267425537109e+01
-1.447140502929687500e+01
-1.448121833801269531e+01
-1.449103260040283203e+01
-1.450084781646728516e+01
-1.451066398620605469e+01
-1.452048015594482422e+01
-1.453029823303222656e+01
-1.454011631011962891e+01
-1.454993534088134766e+01
-1.455975532531738281e+01
-1.456957626342773438e+01
-1.457939815521240234e+01
-1.458922004699707031e+01
-1.459904384613037109e+01
-1.460886764526367188e+01
-1.461869335174560547e+01
-1.462851905822753906e+01
-1.463834571838378906e+01
-1.464817333221435547e+01
-1.465800189971923828e+01
-1.466783142089843750e+01
-1.467766189575195312e+01
-1.468749332427978516e+01
-1.469732570648193359e+01
-1.470715808868408203e+01
-1.471699237823486328e+01
-1.472682762145996094e+01
-1.473666286468505859e+01
-1.474649906158447266e+01
-1.475633716583251953e+01
-1.476617527008056641e+01
-1.477601432800292969e+01
-1.478585433959960938e+01
-1.479569530487060547e+01
-1.480553627014160156e+01
-1.481537914276123047e+01
-1.482522201538085938e+01
-1.483506679534912109e+01
-1.484491157531738281e+01
-1.485475730895996094e+01
-1.486460399627685547e+01
-1.487445163726806641e+01
-1.488430023193359375e+01
-1.489414978027343750e+01
-1.490399932861328125e+01
-1.491385078430175781e+01
-1.492370223999023438e+01
-1.493355464935302734e+01
-1.494340801239013672e+01
-1.495326232910156250e+01
-1.496311664581298828e+01
-1.497297286987304688e+01
-1.498282909393310547e+01
-1.499268627166748047e+01
-1.500254440307617188e+01
-1.501240348815917969e+01
-1.502226352691650391e+01
-1.503212451934814453e+01
-1.504198551177978516e+01
-1.505184745788574219e+01
-1.506171035766601562e+01
-1.507157421112060547e+01
-1.508143901824951172e+01
-1.509130382537841797e+01
-1.510116958618164062e+01
-1.511103725433349609e+01
-1.512090396881103516e+01
-1.513077259063720703e+01
-1.514064216613769531e+01
-1.515051174163818359e+01
-1.516038227081298828e+01
-1.517025375366210938e+01
-1.518012619018554688e+01
-1.518999862670898438e+01
-1.519987201690673828e+01
-1.520974636077880859e+01
-1.521962165832519531e+01
-1.522949790954589844e+01
-1.523937416076660156e+01
-1.524925136566162109e+01
-1.525912952423095703e+01
-1.526900863647460938e+01
-1.527888774871826172e+01
-1.528876781463623047e+01
-1.529864883422851562e+01
-1.530853080749511719e+01
-1.531841278076171875e+01
-1.532829666137695312e+01
-1.533818054199218750e+01
-1.534806442260742188e+01
-1.535795021057128906e+01
-1.536783599853515625e+01
-1.537772274017333984e+01
-1.538760948181152344e+01
-1.539749813079833984e+01
-1.540738677978515625e+01
-1.541727638244628906e+01
-1.542716598510742188e+01
-1.543705654144287109e+01
-1.544694805145263672e+01
-1.545684051513671875e+01
-1.546673393249511719e+01
-1.547662734985351562e+01
-1.548652076721191406e+01
-1.549641609191894531e+01
-1.550631141662597656e+01
-1.551620769500732422e+01
-1.552610492706298828e+01
-1.553600215911865234e+01
-1.554590034484863281e+01
-1.555579948425292969e+01
-1.556569862365722656e+01
-1.557559871673583984e+01
-1.558549976348876953e+01
-1.559540081024169922e+01
-1.560530281066894531e+01
-1.561520576477050781e+01
-1.562510871887207031e+01
-1.563501262664794922e+01
-1.564491748809814453e+01
-1.565482234954833984e+01
-1.566472816467285156e+01
-1.567463493347167969e+01
-1.568454170227050781e+01
-1.569444942474365234e+01
-1.570435810089111328e+01
-1.571426677703857422e+01
-1.572417640686035156e+01
-1.573408699035644531e+01
-1.574399757385253906e+01
-1.575390911102294922e+01
-1.576382064819335938e+01
-1.577373313903808594e+01
-1.578364658355712891e+01
-1.579356002807617188e+01
-1.580347442626953125e+01
-1.581338977813720703e+01
-1.582330513000488281e+01
-1.583322143554687500e+01
-1.584313774108886719e+01
-1.585305500030517578e+01
-1.586297225952148438e+01
-1.587289142608642578e+01
-1.588280963897705078e+01
-1.589272975921630859e+01
-1.590264987945556641e+01
-1.591256999969482422e+01
-1.592249107360839844e+01
-1.593241310119628906e+01
-1.594233512878417969e+01
-1.595225811004638672e+01
-1.596218109130859375e+01
-1.597210502624511719e+01
-1.598202991485595703e+01
-1.599195480346679688e+01
-1.600188064575195312e+01
-1.601180648803710938e+01
-1.602173233032226562e+01
-1.603166007995605469e+01
-1.604158782958984375e+01
-1.605151557922363281e+01
-1.606144523620605469e+01
-1.607137489318847656e+01
-1.608130455017089844e+01
-1.609123420715332031e+01
-1.610116577148437500e+01
-1.611109542846679688e+01
-1.612102890014648438e+01
-1.613096046447753906e+01
-1.614089393615722656e+01
-1.615082550048828125e+01
-1.616076087951660156e+01
-1.617069435119628906e+01
-1.618062973022460938e+01
-1.619056510925292969e+01
-1.620050048828125000e+01
-1.621043586730957031e+01
-1.622037315368652344e+01
-1.623031044006347656e+01
-1.624024772644042969e+01
-1.625018501281738281e+01
-1.626012420654296875e+01
-1.627006340026855469e+01
-1.628000259399414062e+01
-1.628994369506835938e+01
-1.629988288879394531e+01
-1.630982398986816406e+01
-1.631976509094238281e+01
-1.632970809936523438e+01
-1.633964920043945312e+01
-1.634959220886230469e+01
-1.635953521728515625e+01
-1.636947822570800781e+01
-1.637942314147949219e+01
-1.638936805725097656e+01
-1.639931297302246094e+01
-1.640925788879394531e+01
-1.641920280456542969e+01
-1.642914962768554688e+01
-1.643909645080566406e+01
-1.644904327392578125e+01
-1.645899009704589844e+01
-1.646893882751464844e+01
-1.647888565063476562e+01
-1.648883438110351562e+01
-1.649878501892089844e+01
-1.650873374938964844e+01
-1.651868438720703125e+01
-1.652863311767578125e+01
-1.653858375549316406e+01
-1.654853630065917969e+01
-1.655848693847656250e+01
-1.656843948364257812e+01
-1.657839012145996094e+01
-1.658834266662597656e+01
-1.659829711914062500e+01
-1.660824966430664062e+01
-1.661820411682128906e+01
-1.662815666198730469e+01
-1.663811111450195312e+01
-1.664806747436523438e+01
-1.665802192687988281e+01
-1.666797828674316406e+01
-1.667793273925781250e+01
-1.668788909912109375e+01
-1.669784545898437500e+01
-1.670780372619628906e+01
-1.671776008605957031e+01
-1.672771835327148438e+01
-1.673767662048339844e+01
-1.674763488769531250e+01
-1.675759315490722656e+01
-1.676755142211914062e+01
-1.677751159667968750e+01
-1.678747177124023438e+01
-1.679743194580078125e+01
-1.680739212036132812e+01
-1.681735229492187500e+01
-1.682731246948242188e+01
-1.683727455139160156e+01
-1.684723663330078125e+01
-1.685719871520996094e+01
-1.686716079711914062e+01
-1.687712287902832031e+01
-1.688708496093750000e+01
-1.689704895019531250e+01
-1.690701293945312500e+01
-1.691697692871093750e+01
-1.692694091796875000e+01
-1.693690490722656250e+01
-1.694686889648437500e+01
-1.695683288574218750e+01
-1.696679878234863281e+01
-1.697676467895507812e+01
-1.698673057556152344e+01
-1.699669647216796875e+01
-1.700666236877441406e+01
-1.701662826538085938e+01
-1.702659606933593750e+01
-1.703656387329101562e+01
-1.704652976989746094e+01
-1.705649757385253906e+01
-1.706646537780761719e+01
-1.707643318176269531e+01
-1.708640289306640625e+01
-1.709637069702148438e+01
-1.710634040832519531e+01
-1.711630821228027344e+01
-1.712627792358398438e+01
-1.713624763488769531e+01
-1.714621734619140625e+01
-1.715618705749511719e+01
-1.716615867614746094e+01
-1.717612838745117188e+01
-1.718610000610351562e+01
-1.719607162475585938e+01
-1.720604133605957031e+01
-1.721601295471191406e+01
-1.722598457336425781e+01
-1.723595809936523438e+01
-1.724592971801757812e+01
-1.725590324401855469e+01
-1.726587486267089844e+01
-1.727584838867187500e+01
-1.728582191467285156e+01
-1.729579544067382812e+01
-1.730576896667480469e+01
-1.731574249267578125e+01
-1.732571601867675781e+01
-1.733569145202636719e+01
-1.734566497802734375e+01
-1.735564041137695312e+01
-1.736561584472656250e+01
-1.737559127807617188e+01
-1.738556671142578125e+01
-1.739554214477539062e+01
-1.740551757812500000e+01
-1.741549491882324219e+01
-1.742547035217285156e+01
-1.743544769287109375e+01
-1.744542503356933594e+01
-1.745540237426757812e+01
-1.746537971496582031e+01
-1.747535705566406250e+01
-1.748533439636230469e+01
-1.749531173706054688e+01
-1.750529098510742188e+01
-1.751526832580566406e+01
-1.752524757385253906e+01
-1.753522682189941406e+01
-1.754520416259765625e+01
-1.755518341064453125e+01
-1.756516456604003906e+01
-1.757514381408691406e+01
-1.758512306213378906e+01
-1.759510231018066406e+01
-1.760508346557617188e+01
-1.761506462097167969e+01
-1.762504386901855469e+01
-1.763502502441406250e+01
-1.764500617980957031e+01
-1.765498733520507812e+01
-1.766496849060058594e+01
-1.767495155334472656e+01
-1.768493270874023438e+01
-1.769491386413574219e+01
-1.770489692687988281e+01
-1.771487998962402344e+01
-1.772486114501953125e+01
-1.773484420776367188e+01
-1.774482727050781250e+01
-1.775481033325195312e+01
-1.776479530334472656e+01
-1.777477836608886719e+01
-1.778476142883300781e+01
-1.779474639892578125e+01
-1.780472946166992188e+01
-1.781471443176269531e+01
-1.782469940185546875e+01
-1.783468437194824219e+01
-1.784466743469238281e+01
-1.785465431213378906e+01
-1.786463928222656250e+01
-1.787462425231933594e+01
-1.788460922241210938e+01
-1.789459609985351562e+01
-1.790458106994628906e+01
-1.791456794738769531e+01
-1.792455291748046875e+01
-1.793453979492187500e+01
-1.794452667236328125e+01
-1.795451354980468750e+01
-1.796450042724609375e+01
-1.797448730468750000e+01
-1.798447418212890625e+01
-1.799446296691894531e+01
-1.800444984436035156e+01
-1.801443862915039062e+01
-1.802442550659179688e+01
-1.803441429138183594e+01
-1.804440307617187500e+01
-1.805439186096191406e+01
-1.806437873840332031e+01
-1.807436752319335938e+01
-1.808435821533203125e+01
-1.809434700012207031e+01
-1.810433578491210938e+01
-1.811432456970214844e+01
-1.812431526184082031e+01
-1.813430404663085938e+01
-1.814429473876953125e+01
-1.815428352355957031e+01
-1.816427421569824219e+01
-1.817426490783691406e+01
-1.818425559997558594e+01
-1.819424629211425781e+01
-1.820423698425292969e+01
-1.821422767639160156e+01
-1.822421836853027344e+01
-1.823420906066894531e+01
-1.824420166015625000e+01
-1.825419235229492188e+01
-1.826418495178222656e+01
-1.827417564392089844e+01
-1.828416824340820312e+01
-1.829416084289550781e+01
-1.830415344238281250e+01
-1.831414413452148438e+01
-1.832413673400878906e+01
-1.833412933349609375e+01
-1.834412193298339844e+01
-1.835411643981933594e+01
-1.836410903930664062e+01
-1.837410163879394531e+01
-1.838409423828125000e+01
-1.839408874511718750e+01
-1.840408134460449219e+01
-1.841407585144042969e+01
-1.842407035827636719e+01
-1.843406295776367188e+01
-1.844405746459960938e+01
-1.845405197143554688e+01
-1.846404647827148438e+01
-1.847404098510742188e+01
-1.848403549194335938e+01
-1.849402999877929688e+01
-1.850402450561523438e+01
-1.851401901245117188e+01
-1.852401351928710938e+01
-1.853400993347167969e+01
-1.854400444030761719e+01
-1.855399894714355469e+01
-1.856399536132812500e+01
-1.857399177551269531e+01
-1.858398628234863281e+01
-1.859398269653320312e+01
-1.860397911071777344e+01
-1.861397361755371094e+01
-1.862397003173828125e+01
-1.863396644592285156e+01
-1.864396286010742188e+01
-1.865395927429199219e+01
-1.866395568847656250e+01
-1.867395210266113281e+01
-1.868395042419433594e+01
-1.869394683837890625e+01
-1.870394325256347656e+01
-1.872393798828125000e+01
-1.872393798828125000e+01
-1.873393440246582031e+01
-1.874393272399902344e+01
-1.875392913818359375e+01
-1.876392745971679688e+01
-1.877392387390136719e+01
-1.878392219543457031e+01
-1.879392051696777344e+01
-1.880391883850097656e+01
-1.881391716003417969e+01
-1.882391357421875000e+01
-1.883391189575195312e+01
-1.884391021728515625e+01
-1.885390853881835938e+01
-1.886390686035156250e+01
-1.887390518188476562e+01
-1.888390541076660156e+01
-1.889390373229980469e+01
-1.890390205383300781e+01
-1.891390037536621094e+01
-1.892390060424804688e+01
-1.893389892578125000e+01
-1.893389892578125000e+01
-1.895389747619628906e+01
-1.896389579772949219e+01
-1.897389602661132812e+01
-1.899389457702636719e+01
-1.899389457702636719e+01
-1.900389480590820312e+01
-1.902389335632324219e+01
-1.905389213562011719e+01
-1.906389236450195312e+01
-1.907389259338378906e+01
-1.908389282226562500e+01
-1.909389305114746094e+01
-1.910389328002929688e+01
-1.911389350891113281e+01
-1.911389350891113281e+01
-1.913389396667480469e+01
-1.914389419555664062e+01
-1.915389442443847656e+01
-1.916389656066894531e+01
-1.917389678955078125e+01
-1.918389701843261719e+01
-1.919389724731445312e+01
-1.920389747619628906e+01
-1.921389961242675781e+01
-1.922389984130859375e+01
-1.923390197753906250e+01
-1.924390220642089844e+01
-1.925390243530273438e+01
-1.926390457153320312e+01
-1.927390480041503906e+01
-1.928390693664550781e+01
-1.929390716552734375e+01
-1.930390930175781250e+01
-1.931390953063964844e+01
-1.932391166687011719e+01
-1.933391380310058594e+01
-1.934391403198242188e+01
-1.935391616821289062e+01
-1.936391639709472656e+01
-1.937391853332519531e+01
-1.938392066955566406e+01
-1.939392280578613281e+01
-1.940392303466796875e+01
-1.941392517089843750e+01
-1.942392730712890625e+01
-1.943392944335937500e+01
-1.944392967224121094e+01
-1.945393180847167969e+01
-1.946393394470214844e+01
-1.947393608093261719e+01
-1.948393821716308594e+01
-1.949394035339355469e+01
-1.950394248962402344e+01
-1.951394271850585938e+01
-1.952394485473632812e+01
-1.953394699096679688e+01
-1.954394912719726562e+01
-1.955395126342773438e+01
-1.956395339965820312e+01
-1.957395553588867188e+01
-1.958395767211914062e+01
-1.959395980834960938e+01
-1.960396194458007812e+01
-1.961396408081054688e+01
-1.962396621704101562e+01
-1.963396835327148438e+01
-1.964397048950195312e+01
-1.965397262573242188e+01
-1.966397476196289062e+01
-1.967397689819335938e+01
-1.968397903442382812e+01
-1.969398117065429688e+01
-1.970398330688476562e+01
-1.971398544311523438e+01
-1.972398757934570312e+01
-1.973398971557617188e+01
-1.974399185180664062e+01
-1.975399398803710938e+01
-1.976399612426757812e+01
-1.977399826049804688e+01
-1.978400039672851562e+01
-1.979400253295898438e+01
-1.980400466918945312e+01
-1.981400489807128906e+01
-1.982400703430175781e+01
-1.983400917053222656e+01
-1.984401130676269531e+01
-1.985401344299316406e+01
-1.986401557922363281e+01
-1.987401771545410156e+01
-1.988401985168457031e+01
-1.989402008056640625e+01
-1.990402221679687500e+01
-1.991402435302734375e+01
-1.992402648925781250e+01
-1.993402671813964844e+01
-1.994402885437011719e+01
-1.995403099060058594e+01
-1.996403312683105469e+01
-1.997403335571289062e+01
-1.998403549194335938e+01
-1.999403572082519531e+01
-2.000403785705566406e+01
-2.001403999328613281e+01
-2.002404022216796875e+01
-2.003404235839843750e+01
-2.004404258728027344e+01
-2.005404472351074219e+01
-2.006404495239257812e+01
-2.007404518127441406e+01
-2.008404731750488281e+01
-2.009404754638671875e+01
-2.010404968261718750e+01
-2.011404991149902344e+01
-2.011404991149902344e+01
-2.013405036926269531e+01
-2.014405059814453125e+01
-2.015405273437500000e+01
-2.015405273437500000e+01
-2.017405319213867188e+01
-2.018405342102050781e+01
-2.019405364990234375e+01
-2.020405387878417969e+01
-2.021405410766601562e+01
-2.022405433654785156e+01
-2.023405265808105469e+01
-2.024405288696289062e+01
-2.025405311584472656e+01
-2.026405334472656250e+01
-2.027405166625976562e+01
-2.028405189514160156e+01
-2.029405212402343750e+01
-2.030405044555664062e+01
-2.031405067443847656e+01
-2.032404899597167969e+01
-2.033404731750488281e+01
-2.034404754638671875e+01
-2.035404586791992188e+01
-2.036404418945312500e+01
-2.037404251098632812e+01
-2.038404273986816406e+01
-2.039404106140136719e+01
-2.040403938293457031e+01
-2.041403770446777344e+01
-2.042403602600097656e+01
-2.043403434753417969e+01
-2.044403076171875000e+01
-2.045402908325195312e+01
-2.046402740478515625e+01
-2.047402381896972656e+01
-2.048402214050292969e+01
-2.049402046203613281e+01
-2.050401687622070312e+01
-2.051401329040527344e+01
-2.052401161193847656e+01
-2.053400802612304688e+01
-2.054400444030761719e+01
-2.055400085449218750e+01
-2.056399917602539062e+01
-2.057399559020996094e+01
-2.058399009704589844e+01
-2.059398651123046875e+01
-2.060398292541503906e+01
-2.061397933959960938e+01
-2.062397575378417969e+01
-2.063397026062011719e+01
-2.064396667480468750e+01
-2.065396118164062500e+01
-2.066395759582519531e+01
-2.067395210266113281e+01
-2.068394660949707031e+01
-2.069394111633300781e+01
-2.070393562316894531e+01
-2.071393203735351562e+01
-2.072392463684082031e+01
-2.073391914367675781e+01
-2.074391365051269531e+01
-2.075390815734863281e+01
-2.076390075683593750e+01
-2.077389526367187500e+01
-2.078388786315917969e+01
-2.079388236999511719e+01
-2.080387496948242188e+01
-2.081386756896972656e+01
-2.082386207580566406e+01
-2.083385467529296875e+01
-2.084384727478027344e+01
-2.085383796691894531e+01
-2.086383056640625000e+01
-2.087382316589355469e+01
-2.088381576538085938e+01
-2.089380645751953125e+01
-2.090379905700683594e+01
-2.091378974914550781e+01
-2.092378044128417969e+01
-2.093377113342285156e+01
-2.094376182556152344e+01
-2.095375251770019531e+01
-2.096374320983886719e+01
-2.097373390197753906e+01
-2.098372459411621094e+01
-2.099371337890625000e+01
-2.100370407104492188e+01
-2.101369285583496094e+01
-2.102368354797363281e+01
-2.103367233276367188e+01
-2.104366111755371094e+01
-2.105364990234375000e+01
-2.106363868713378906e+01
-2.107362747192382812e+01
-2.108361434936523438e+01
-2.109360313415527344e+01
-2.110359001159667969e+01
-2.111357879638671875e+01
-2.111357879638671875e+01
-2.113355255126953125e+01
-2.114353942871093750e+01
-2.115352630615234375e+01
-2.116351318359375000e+01
-2.117350006103515625e+01
-2.118348693847656250e+01
-2.119347190856933594e+01
-2.120345878601074219e+01
-2.121344375610351562e+01
-2.122342872619628906e+01
-2.123341369628906250e+01
-2.124339866638183594e+01
-2.125338363647460938e+01
-2.126336860656738281e+01
-2.127335166931152344e+01
-2.128333663940429688e+01
-2.128333663940429688e+01
-2.130330276489257812e+01
-2.131328582763671875e+01
-2.132326889038085938e+01
-2.133325195312500000e+01
-2.134323501586914062e+01
-2.135321807861328125e+01
-2.136319923400878906e+01
-2.137318229675292969e+01
-2.138316345214843750e+01
-2.139314460754394531e+01
-2.140312576293945312e+01
-2.141310691833496094e+01
-2.142308807373046875e+01
-2.143306732177734375e+01
-2.144304847717285156e+01
-2.145302772521972656e+01
-2.146300888061523438e+01
-2.147298812866210938e+01
-2.148296737670898438e+01
-2.149294662475585938e+01
-2.150292396545410156e+01
-2.151290321350097656e+01
-2.152288055419921875e+01
-2.153285980224609375e+01
-2.154283714294433594e+01
-2.155281448364257812e+01
-2.156279182434082031e+01
-2.157276725769042969e+01
-2.158274459838867188e+01
-2.159272193908691406e+01
-2.160269737243652344e+01
-2.161267280578613281e+01
-2.162264823913574219e+01
-2.163262367248535156e+01
-2.164259910583496094e+01
-2.165257263183593750e+01
-2.166254806518554688e+01
-2.167252159118652344e+01
-2.168249511718750000e+01
-2.169247055053710938e+01
-2.170244216918945312e+01
-2.171241569519042969e+01
-2.172238922119140625e+01
-2.173236083984375000e+01
-2.174233245849609375e+01
-2.175230598449707031e+01
-2.176227760314941406e+01
-2.177224731445312500e+01
-2.178221893310546875e+01
-2.179219055175781250e+01
-2.180216026306152344e+01
-2.181212997436523438e+01
-2.182209968566894531e+01
-2.183206939697265625e+01
-2.184203910827636719e+01
-2.185200691223144531e+01
-2.186197662353515625e+01
-2.187194442749023438e+01
-2.188191223144531250e+01
-2.189188003540039062e+01
-2.190184783935546875e+01
-2.191181564331054688e+01
-2.192178153991699219e+01
-2.193174743652343750e+01
-2.194171333312988281e+01
-2.195167922973632812e+01
-2.196164512634277344e+01
-2.197161102294921875e+01
-2.198157501220703125e+01
-2.199153900146484375e+01
-2.200150489807128906e+01
-2.201146697998046875e+01
-2.202143096923828125e+01
-2.203139495849609375e+01
-2.204135704040527344e+01
-2.205131912231445312e+01
-2.206128311157226562e+01
-2.207124328613281250e+01
-2.208120536804199219e+01
-2.209116744995117188e+01
-2.210112762451171875e+01
-2.211108779907226562e+01
-2.212104797363281250e+01
-2.213100814819335938e+01
-2.214096832275390625e+01
-2.215092658996582031e+01
-2.216088676452636719e+01
-2.217084503173828125e+01
-2.218080329895019531e+01
-2.219075965881347656e+01
-2.220071792602539062e+01
-2.221067428588867188e+01
-2.222063064575195312e+01
-2.223058891296386719e+01
-2.224054336547851562e+01
-2.225049972534179688e+01
-2.226045417785644531e+01
-2.227041053771972656e+01
-2.228036499023437500e+01
-2.229031944274902344e+01
-2.230027198791503906e+01
-2.231022644042968750e+01
-2.232017898559570312e+01
-2.233013153076171875e+01
-2.234008407592773438e+01
-2.235003662109375000e+01
-2.235998916625976562e+01
-2.236993980407714844e+01
-2.237989044189453125e+01
-2.238984107971191406e+01
-2.239979171752929688e+01
-2.240974044799804688e+01
-2.241969108581542969e+01
-2.242963981628417969e+01
-2.243958854675292969e+01
-2.244953727722167969e+01
-2.245948410034179688e+01
-2.246943283081054688e+01
-2.247937965393066406e+01
-2.248932647705078125e+01
-2.249927330017089844e+01
-2.249927330017089844e+01
-2.251916503906250000e+01
-2.252910995483398438e+01
-2.253905487060546875e+01
-2.254899978637695312e+01
-2.255894279479980469e+01
-2.256888580322265625e+01
-2.257883071899414062e+01
-2.258877182006835938e+01
-2.259871482849121094e+01
-2.260865783691406250e+01
-2.261859893798828125e+01
-2.262854003906250000e+01
-2.263848114013671875e+01
-2.264842224121093750e+01
-2.265836143493652344e+01
-2.266830062866210938e+01
-2.267823982238769531e+01
-2.268817901611328125e+01
-2.269811820983886719e+01
-2.270805549621582031e+01
-2.271799278259277344e+01
-2.272793006896972656e+01
-2.273786735534667969e+01
-2.274780273437500000e+01
-2.275774002075195312e+01
-2.276767539978027344e+01
-2.277760887145996094e+01
-2.278754425048828125e+01
-2.279747772216796875e+01
-2.280741310119628906e+01
-2.281734657287597656e+01
-2.282727813720703125e+01
-2.283721160888671875e+01
-2.284714317321777344e+01
-2.285707473754882812e+01
-2.286700630187988281e+01
-2.287693595886230469e+01
-2.288686752319335938e+01
-2.289679718017578125e+01
-2.290672683715820312e+01
-2.291665649414062500e+01
-2.292658424377441406e+01
-2.293651199340820312e+01
-2.293651199340820312e+01
-2.295636749267578125e+01
-2.296629333496093750e+01
-2.297622108459472656e+01
-2.298614692687988281e+01
-2.299607086181640625e+01
-2.300599670410156250e+01
-2.301592063903808594e+01
-2.302584457397460938e+01
-2.303576850891113281e+01
-2.304569244384765625e+01
-2.305561447143554688e+01
-2.306553649902343750e+01
-2.307545852661132812e+01
-2.308538055419921875e+01
-2.309530067443847656e+01
-2.310522079467773438e+01
-2.311514091491699219e+01
-2.312506103515625000e+01
-2.313497924804687500e+01
-2.314489936828613281e+01
-2.315481758117675781e+01
-2.316473388671875000e+01
-2.317465209960937500e+01
-2.318456840515136719e+01
-2.319448471069335938e+01
-2.320440101623535156e+01
-2.321431541442871094e+01
-2.322422981262207031e+01
-2.323414421081542969e+01
-2.324405860900878906e+01
-2.325397109985351562e+01
-2.326388359069824219e+01
-2.327379608154296875e+01
-2.328370857238769531e+01
-2.329361915588378906e+01
-2.330353164672851562e+01
-2.331344223022460938e+01
-2.332335090637207031e+01
-2.333326148986816406e+01
-2.334317016601562500e+01
-2.335307884216308594e+01
-2.336298561096191406e+01
-2.337289428710937500e+01
-2.338280105590820312e+01
-2.339270591735839844e+01
-2.340261268615722656e+01
-2.341251754760742188e+01
-2.342242240905761719e+01
-2.343232727050781250e+01
-2.344223213195800781e+01
-2.345213508605957031e+01
-2.346203804016113281e+01
-2.347194099426269531e+01
-2.348184204101562500e+01
-2.349174308776855469e+01
-2.350164413452148438e+01
-2.351154518127441406e+01
-2.352144432067871094e+01
-2.353134346008300781e+01
-2.354124259948730469e+01
-2.355113983154296875e+01
-2.356103897094726562e+01
-2.357093620300292969e+01
-2.358083152770996094e+01
-2.359072875976562500e+01
-2.360062408447265625e+01
-2.361051940917968750e+01
-2.362041473388671875e+01
-2.363030815124511719e+01
-2.364020156860351562e+01
-2.365009498596191406e+01
-2.365998649597167969e+01
-2.366987800598144531e+01
-2.367976951599121094e+01
-2.368966102600097656e+01
-2.369955062866210938e+01
-2.370944023132324219e+01
-2.371932983398437500e+01
-2.372921943664550781e+01
-2.373910713195800781e+01
-2.373910713195800781e+01
-2.375888252258300781e+01
-2.376876831054687500e+01
-2.377865409851074219e+01
-2.378853988647460938e+01
-2.379842376708984375e+01
-2.380830955505371094e+01
-2.381819343566894531e+01
-2.382807540893554688e+01
-2.383795928955078125e+01
-2.384784126281738281e+01
-2.385772132873535156e+01
-2.386760330200195312e+01
-2.387748336791992188e+01
-2.388736343383789062e+01
-2.389724159240722656e+01
-2.390712165832519531e+01
-2.391699981689453125e+01
-2.392687606811523438e+01
-2.393675422668457031e+01
-2.394663047790527344e+01
-2.395650672912597656e+01
-2.396638107299804688e+01
-2.397625541687011719e+01
-2.398612976074218750e+01
-2.399600410461425781e+01
-2.400587654113769531e+01
-2.401574897766113281e+01
-2.402562141418457031e+01
-2.403549194335937500e+01
-2.404536247253417969e+01
-2.405523300170898438e+01
-2.406510162353515625e+01
-2.407497024536132812e+01
-2.408483886718750000e+01
-2.409470748901367188e+01
-2.410457420349121094e+01
-2.411444091796875000e+01
-2.412430763244628906e+01
-2.413417243957519531e+01
-2.414403724670410156e+01
-2.415390014648437500e+01
-2.416376495361328125e+01
-2.417362785339355469e+01
-2.418348884582519531e+01
-2.419335174560546875e+01
-2.420321273803710938e+01
-2.421307373046875000e+01
-2.422293281555175781e+01
-2.423279190063476562e+01
-2.424265098571777344e+01
-2.425251007080078125e+01
-2.426236724853515625e+01
-2.427222442626953125e+01
-2.428207969665527344e+01
-2.429193496704101562e+01
-2.430179023742675781e+01
-2.431164550781250000e+01
-2.432149887084960938e+01
-2.433135223388671875e+01
-2.434120368957519531e+01
-2.435105705261230469e+01
-2.436090850830078125e+01
-2.437075805664062500e+01
-2.438060760498046875e+01
-2.439045715332031250e+01
-2.440030670166015625e+01
-2.441015434265136719e+01
-2.442000198364257812e+01
-2.442984962463378906e+01
-2.443969535827636719e+01
-2.444954109191894531e+01
-2.445938682556152344e+01
-2.446923065185546875e+01
-2.447907447814941406e+01
-2.448891830444335938e+01
-2.449876022338867188e+01
-2.450860214233398438e+01
-2.451844215393066406e+01
-2.452828407287597656e+01
-2.453812408447265625e+01
-2.454796218872070312e+01
-2.455780029296875000e+01
-2.456763839721679688e+01
-2.457747650146484375e+01
-2.458731269836425781e+01
-2.459714889526367188e+01
-2.460698318481445312e+01
-2.461681938171386719e+01
-2.462665176391601562e+01
-2.463648605346679688e+01
-2.464631843566894531e+01
-2.465615081787109375e+01
-2.466598129272460938e+01
-2.467581176757812500e+01
-2.468564224243164062e+01
-2.469547271728515625e+01
-2.470530128479003906e+01
-2.471512794494628906e+01
-2.472495651245117188e+01
-2.473478317260742188e+01
-2.474460792541503906e+01
-2.475443458557128906e+01
-2.476425743103027344e+01
-2.477408218383789062e+01
-2.478390502929687500e+01
-2.479372787475585938e+01
-2.480355072021484375e+01
-2.481337165832519531e+01
-2.482319259643554688e+01
-2.483301162719726562e+01
-2.484283065795898438e+01
-2.485264968872070312e+01
-2.486246681213378906e+01
-2.487228393554687500e+01
-2.488210105895996094e+01
-2.489191627502441406e+01
-2.490173149108886719e+01
-2.491154479980468750e+01
-2.492136001586914062e+01
-2.493117141723632812e+01
-2.494098472595214844e+01
-2.495079612731933594e+01
-2.495079612731933594e+01
-2.497041702270507812e+01
-2.497041702270507812e+01
-2.499003410339355469e+01
-2.499003410339355469e+01
-2.500964927673339844e+01
-2.501945686340332031e+01
-2.502926254272460938e+01
-2.503906822204589844e+01
-2.504887199401855469e+01
-2.505867576599121094e+01
-2.505867576599121094e+01
-2.507828140258789062e+01
-2.508808326721191406e+01
-2.509788322448730469e+01
-2.510768318176269531e+01
-2.511748313903808594e+01
-2.512728118896484375e+01
-2.513707923889160156e+01
-2.514687728881835938e+01
-2.515667343139648438e+01
-2.516646957397460938e+01
-2.517626380920410156e+01
-2.518605804443359375e+01
-2.519585227966308594e+01
-2.520564460754394531e+01
-2.521543693542480469e+01
-2.522522735595703125e+01
-2.523501777648925781e+01
-2.524480819702148438e+01
-2.525459671020507812e+01
-2.526438522338867188e+01
-2.527417373657226562e+01
-2.528396034240722656e+01
-2.529374694824218750e+01
-2.530353164672851562e+01
-2.531331634521484375e+01
-2.532310104370117188e+01
-2.533288383483886719e+01
-2.534266662597656250e+01
-2.534266662597656250e+01
-2.534266662597656250e+01
-2.534266662597656250e+01
-2.534266662597656250e+01
-2.534266662597656250e+01
-2.534266662597656250e+01
-2.534266662597656250e+01
-2.534266662597656250e+01
-2.534266662597656250e+01
-2.534266662597656250e+01
-2.534266662597656250e+01
-2.768853378295898438e+01
-2.769852256774902344e+01
-2.770851135253906250e+01
-2.771850204467773438e+01
-2.772849082946777344e+01
-2.773848152160644531e+01
-2.774847030639648438e+01
-2.775845909118652344e+01
-2.776844978332519531e+01
-2.777843856811523438e+01
-2.778842735290527344e+01
-2.779841804504394531e+01
-2.780840682983398438e+01
-2.781839752197265625e+01
-2.782838630676269531e+01
-2.783837509155273438e+01
-2.784836578369140625e+01
-2.785835456848144531e+01
-2.786834335327148438e+01
-2.787833404541015625e+01
-2.788832283020019531e+01
-2.789831352233886719e+01
-2.790830230712890625e+01
-2.791829299926757812e+01
-2.792828178405761719e+01
-2.793827056884765625e+01
-2.794826126098632812e+01
-2.795825004577636719e+01
-2.796824073791503906e+01
-2.797822952270507812e+01
-2.798822021484375000e+01
-2.799820899963378906e+01
-2.800819969177246094e+01
-2.801818847656250000e+01
-2.802817916870117188e+01
-2.803816795349121094e+01
-2.804815864562988281e+01
-2.805814743041992188e+01
-2.806813812255859375e+01
-2.807812690734863281e+01
-2.808811759948730469e+01
-2.809810638427734375e+01
-2.810809707641601562e+01
-2.811808586120605469e+01
-2.812807655334472656e+01
-2.813806724548339844e+01
-2.814805603027343750e+01
-2.815804672241210938e+01
-2.816803550720214844e+01
-2.817802619934082031e+01
-2.818801689147949219e+01
-2.819800567626953125e+01
-2.820799636840820312e+01
-2.821798706054687500e+01
-2.822797584533691406e+01
-2.823796653747558594e+01
-2.824795722961425781e+01
-2.825794792175292969e+01
-2.826793670654296875e+01
-2.827792739868164062e+01
-2.828791809082031250e+01
-2.829790878295898438e+01
-2.830789947509765625e+01
-2.831788825988769531e+01
-2.832787895202636719e+01
-2.833786964416503906e+01
-2.834786033630371094e+01
-2.835785102844238281e+01
-2.836784172058105469e+01
-2.837783241271972656e+01
-2.838782310485839844e+01
-2.839781379699707031e+01
-2.840780448913574219e+01
-2.841779518127441406e+01
-2.842778587341308594e+01
-2.843777656555175781e+01
-2.844776725769042969e+01
-2.845775794982910156e+01
-2.846774864196777344e+01
-2.847773933410644531e+01
-2.848773002624511719e+01
-2.849772071838378906e+01
-2.850771141052246094e+01
-2.851770210266113281e+01
-2.852769470214843750e+01
-2.853768539428710938e+01
-2.854767608642578125e+01
-2.855766677856445312e+01
-2.856765747070312500e+01
-2.857765007019042969e+01
-2.858764076232910156e+01
-2.859763145446777344e+01
-2.860762405395507812e+01
-2.861761474609375000e+01
-2.862760734558105469e+01
-2.863759803771972656e+01
-2.864758872985839844e+01
-2.865758132934570312e+01
-2.866757202148437500e+01
-2.867756462097167969e+01
-2.868755531311035156e+01
-2.869754791259765625e+01
-2.870754051208496094e+01
-2.871753120422363281e+01
-2.872752380371093750e+01
-2.873751449584960938e+01
-2.874750709533691406e+01
-2.875749969482421875e+01
-2.876749038696289062e+01
-2.877748298645019531e+01
-2.878747558593750000e+01
-2.879746818542480469e+01
-2.880746078491210938e+01
-2.881745147705078125e+01
-2.882744407653808594e+01
-2.883743667602539062e+01
-2.884742927551269531e+01
-2.885742187500000000e+01
-2.886741447448730469e+01
-2.887740707397460938e+01
-2.888739967346191406e+01
-2.889739227294921875e+01
-2.890738487243652344e+01
-2.891737937927246094e+01
-2.892737197875976562e+01
-2.894735717773437500e+01
-2.895734977722167969e+01
-2.895734977722167969e+01
-2.896734428405761719e+01
-2.897733688354492188e+01
-2.898732948303222656e+01
-2.899732398986816406e+01
-2.900731658935546875e+01
-2.901730918884277344e+01
-2.902730369567871094e+01
-2.903729629516601562e+01
-2.904729080200195312e+01
-2.905728340148925781e+01
-2.906727790832519531e+01
-2.907727241516113281e+01
-2.908726501464843750e+01
-2.909725952148437500e+01
-2.910725402832031250e+01
-2.911724662780761719e+01
-2.912724113464355469e+01
-2.913723564147949219e+01
-2.914723014831542969e+01
-2.915722465515136719e+01
-2.916721916198730469e+01
-2.917721366882324219e+01
-2.918720817565917969e+01
-2.919720268249511719e+01
-2.920719718933105469e+01
-2.921719169616699219e+01
-2.922718620300292969e+01
-2.923718070983886719e+01
-2.924717521667480469e+01
-2.925717163085937500e+01
-2.926716613769531250e+01
-2.927716064453125000e+01
-2.928715515136718750e+01
-2.929715156555175781e+01
-2.930714607238769531e+01
-2.931714248657226562e+01
-2.932713699340820312e+01
-2.933713340759277344e+01
-2.934712791442871094e+01
-2.935712432861328125e+01
-2.936712074279785156e+01
-2.937711524963378906e+01
-2.938711166381835938e+01
-2.939710807800292969e+01
-2.940710449218750000e+01
-2.941710090637207031e+01
-2.942709541320800781e+01
-2.944708824157714844e+01
-2.944708824157714844e+01
-2.945708465576171875e+01
-2.946708106994628906e+01
-2.947707748413085938e+01
-2.948707580566406250e+01
-2.949707221984863281e+01
-2.950706863403320312e+01
-2.951706504821777344e+01
-2.952706336975097656e+01
-2.953705978393554688e+01
-2.954705619812011719e+01
-2.955705451965332031e+01
-2.956705093383789062e+01
-2.957704925537109375e+01
-2.958704566955566406e+01
-2.959704399108886719e+01
-2.960704231262207031e+01
-2.961703872680664062e+01
-2.962703704833984375e+01
-2.963703536987304688e+01
-2.964703369140625000e+01
-2.965703201293945312e+01
-2.966703033447265625e+01
-2.967702865600585938e+01
-2.968702697753906250e+01
-2.969702529907226562e+01
-2.970702362060546875e+01
-2.971702194213867188e+01
-2.972702026367187500e+01
-2.973701858520507812e+01
-2.974701881408691406e+01
-2.975701713562011719e+01
-2.976701736450195312e+01
-2.977701568603515625e+01
-2.978701400756835938e+01
-2.979701423645019531e+01
-2.980701446533203125e+01
-2.981701278686523438e+01
-2.982701301574707031e+01
-2.983701324462890625e+01
-2.984701347351074219e+01
-2.985701179504394531e+01
-2.986701202392578125e+01
-2.987701225280761719e+01
-2.988701248168945312e+01
-2.989701271057128906e+01
-2.990701293945312500e+01
-2.991701507568359375e+01
-2.992701530456542969e+01
-2.993701553344726562e+01
-2.995701789855957031e+01
-2.995701789855957031e+01
-2.996701812744140625e+01
-2.997702026367187500e+01
-2.998702049255371094e+01
-2.999702262878417969e+01
-3.000702285766601562e+01
-3.001702499389648438e+01
-3.002702713012695312e+01
-3.003702926635742188e+01
-3.004702949523925781e+01
-3.005703163146972656e+01
-3.006703376770019531e+01
-3.007703590393066406e+01
-3.008703804016113281e+01
-3.009704017639160156e+01
-3.010704421997070312e+01
-3.011704635620117188e+01
-3.012704849243164062e+01
-3.013705062866210938e+01
-3.014705467224121094e+01
-3.015705680847167969e+01
-3.016705894470214844e+01
-3.017706298828125000e+01
-3.018706512451171875e+01
-3.019706916809082031e+01
-3.020707130432128906e+01
-3.021707534790039062e+01
-3.022707939147949219e+01
-3.023708152770996094e+01
-3.024708557128906250e+01
-3.025708770751953125e+01
-3.026709175109863281e+01
-3.027709579467773438e+01
-3.028709983825683594e+01
-3.029710197448730469e+01
-3.030710601806640625e+01
-3.031711006164550781e+01
-3.032711410522460938e+01
-3.033711624145507812e+01
-3.034712028503417969e+01
-3.035712432861328125e+01
-3.036712837219238281e+01
-3.037713241577148438e+01
-3.038713455200195312e+01
-3.039713859558105469e+01
-3.040714263916015625e+01
-3.041714668273925781e+01
-3.042715072631835938e+01
-3.043715286254882812e+01
-3.044715690612792969e+01
-3.045716094970703125e+01
-3.046716499328613281e+01
-3.047716903686523438e+01
-3.048717117309570312e+01
-3.049717521667480469e+01
-3.050717926025390625e+01
-3.051718330383300781e+01
-3.052718544006347656e+01
-3.054719352722167969e+01
-3.054719352722167969e+01
-3.055719566345214844e+01
-3.056719970703125000e+01
-3.057720184326171875e+01
-3.058720588684082031e+01
-3.059720993041992188e+01
-3.060721206665039062e+01
-3.061721420288085938e+01
-3.062721824645996094e+01
-3.063722038269042969e+01
-3.064722442626953125e+01
-3.065722656250000000e+01
-3.066722869873046875e+01
-3.067723083496093750e+01
-3.068723487854003906e+01
-3.069723701477050781e+01
-3.070723915100097656e+01
-3.071724128723144531e+01
-3.072724342346191406e+01
-3.073724555969238281e+01
-3.074724769592285156e+01
-3.075724983215332031e+01
-3.076725006103515625e+01
-3.077725219726562500e+01
-3.078725433349609375e+01
-3.079725456237792969e+01
-3.080725669860839844e+01
-3.081725692749023438e+01
-3.082725906372070312e+01
-3.083725929260253906e+01
-3.084725952148437500e+01
-3.085726165771484375e+01
-3.086726188659667969e+01
-3.087726211547851562e+01
-3.088726234436035156e+01
-3.089726257324218750e+01
-3.090726280212402344e+01
-3.091726112365722656e+01
-3.092726135253906250e+01
-3.094725990295410156e+01
-3.095726013183593750e+01
-3.095726013183593750e+01
-3.096725845336914062e+01
-3.097725677490234375e+01
-3.098725509643554688e+01
-3.099725341796875000e+01
-3.100725173950195312e+01
-3.101725006103515625e+01
-3.102724838256835938e+01
-3.103724670410156250e+01
-3.104724311828613281e+01
-3.105724143981933594e+01
-3.106723785400390625e+01
-3.107723426818847656e+01
-3.108723258972167969e+01
-3.109722900390625000e+01
-3.110722541809082031e+01
-3.112721633911132812e+01
-3.112721633911132812e+01
-3.114720726013183594e+01
-3.114720726013183594e+01
-3.115720367431640625e+01
-3.116719818115234375e+01
-3.117719268798828125e+01
-3.118718719482421875e+01
-3.119718170166015625e+01
-3.120717620849609375e+01
-3.121717071533203125e+01
-3.122716331481933594e+01
-3.123715782165527344e+01
-3.124715042114257812e+01
-3.125714302062988281e+01
-3.126713562011718750e+01
-3.127712821960449219e+01
-3.128712081909179688e+01
-3.129711151123046875e+01
-3.130710411071777344e+01
-3.131709480285644531e+01
-3.132708549499511719e+01
-3.133707618713378906e+01
-3.134706687927246094e+01
-3.135705757141113281e+01
-3.136704826354980469e+01
-3.137703704833984375e+01
-3.138702583312988281e+01
-3.139701461791992188e+01
-3.140700340270996094e+01
-3.141699218750000000e+01
-3.142698097229003906e+01
-3.144695663452148438e+01
-3.144695663452148438e+01
-3.145694351196289062e+01
-3.146693038940429688e+01
-3.147691726684570312e+01
-3.148690414428710938e+01
-3.149688911437988281e+01
-3.150687599182128906e+01
-3.151686096191406250e+01
-3.152684593200683594e+01
-3.153683090209960938e+01
-3.154681396484375000e+01
-3.155679893493652344e+01
-3.156678199768066406e+01
-3.157676506042480469e+01
-3.158674812316894531e+01
-3.159673118591308594e+01
-3.160671234130859375e+01
-3.161669540405273438e+01
-3.162667655944824219e+01
-3.163665771484375000e+01
-3.164663887023925781e+01
-3.165661811828613281e+01
-3.166659927368164062e+01
-3.167657852172851562e+01
-3.168655776977539062e+01
-3.169653701782226562e+01
-3.170651626586914062e+01
-3.171649360656738281e+01
-3.172647094726562500e+01
-3.174642562866210938e+01
-3.174642562866210938e+01
-3.175640296936035156e+01
-3.176637840270996094e+01
-3.177635383605957031e+01
-3.178632926940917969e+01
-3.179630470275878906e+01
-3.180627822875976562e+01
-3.181625366210937500e+01
-3.182622718811035156e+01
-3.183620071411132812e+01
-3.184617233276367188e+01
-3.185614585876464844e+01
-3.186611747741699219e+01
-3.187608909606933594e+01
-3.188606071472167969e+01
-3.189603042602539062e+01
-3.190600013732910156e+01
-3.191597175598144531e+01
-3.192593955993652344e+01
-3.194587707519531250e+01
-3.195584487915039062e+01
-3.195584487915039062e+01
-3.196581268310546875e+01
-3.197578048706054688e+01
-3.198574638366699219e+01
-3.199571228027343750e+01
-3.200568008422851562e+01
-3.201564407348632812e+01
-3.202560806274414062e+01
-3.203557205200195312e+01
-3.204553604125976562e+01
-3.205550003051757812e+01
-3.206546401977539062e+01
-3.207542419433593750e+01
-3.208538818359375000e+01
-3.209534835815429688e+01
-3.210530853271484375e+01
-3.211526870727539062e+01
-3.212522888183593750e+01
-3.213518905639648438e+01
-3.214514541625976562e+01
-3.215510559082031250e+01
-3.216506195068359375e+01
-3.217501831054687500e+01
-3.218497467041015625e+01
-3.219493103027343750e+01
-3.220488739013671875e+01
-3.221484375000000000e+01
-3.222479629516601562e+01
-3.223475265502929688e+01
-3.224470520019531250e+01
-3.225465774536132812e+01
-3.226461029052734375e+01
-3.227456283569335938e+01
-3.228451156616210938e+01
-3.229446411132812500e+01
-3.230441284179687500e+01
-3.231436538696289062e+01
-3.232431411743164062e+01
-3.234420776367187500e+01
-3.234420776367187500e+01
-3.235415649414062500e+01
-3.236410140991210938e+01
-3.237405014038085938e+01
-3.238399505615234375e+01
-3.239393997192382812e+01
-3.240388488769531250e+01
-3.241382598876953125e+01
-3.242377090454101562e+01
-3.243371200561523438e+01
-3.244365692138671875e+01
-3.245359802246093750e+01
-3.246353912353515625e+01
-3.247347640991210938e+01
-3.248341751098632812e+01
-3.249335479736328125e+01
-3.250329589843750000e+01
-3.251323318481445312e+01
-3.252317047119140625e+01
-3.253310775756835938e+01
-3.254304504394531250e+01
-3.255297851562500000e+01
-3.256291580200195312e+01
-3.257284927368164062e+01
-3.258278274536132812e+01
-3.259271621704101562e+01
-3.260264968872070312e+01
-3.261258316040039062e+01
-3.262251663208007812e+01
-3.263244628906250000e+01
-3.264237976074218750e+01
-3.265230941772460938e+01
-3.266223907470703125e+01
-3.267216873168945312e+01
-3.268209838867187500e+01
-3.269202423095703125e+01
-3.270195388793945312e+01
-3.271187973022460938e+01
-3.272180938720703125e+01
-3.273173522949218750e+01
-3.274166107177734375e+01
-3.275158691406250000e+01
-3.276151275634765625e+01
-3.277143478393554688e+01
-3.278136062622070312e+01
-3.279128265380859375e+01
-3.280120849609375000e+01
-3.281113052368164062e+01
-3.282105255126953125e+01
-3.283097457885742188e+01
-3.284089660644531250e+01
-3.285081481933593750e+01
-3.286073684692382812e+01
-3.287065505981445312e+01
-3.288057708740234375e+01
-3.289049530029296875e+01
-3.290041351318359375e+01
-3.291033172607421875e+01
-3.292024993896484375e+01
-3.294008255004882812e+01
-3.295000076293945312e+01
-3.295000076293945312e+01
-3.295991516113281250e+01
-3.297974777221679688e+01
-3.299957656860351562e+01
-3.299957656860351562e+01
-3.300949096679687500e+01
-3.300949096679687500e+01
-3.301940536499023438e+01
-3.303923034667968750e+01
-3.303923034667968750e+01
-3.304914474487304688e+01
-3.305905532836914062e+01
-3.306896591186523438e+01
-3.307888031005859375e+01
-3.308879089355468750e+01
-3.309870147705078125e+01
-3.310861206054687500e+01
-3.311852264404296875e+01
-3.313833999633789062e+01
-3.313833999633789062e+01
-3.315815734863281250e+01
-3.315815734863281250e+01
-3.316806411743164062e+01
-3.318788146972656250e+01
-3.318788146972656250e+01
-3.319778823852539062e+01
-3.320769500732421875e+01
-3.321760177612304688e+01
-3.322750854492187500e+01
-3.323741149902343750e+01
-3.324731826782226562e+01
-3.325722503662109375e+01
-3.326712799072265625e+01
-3.327703475952148438e+01
-3.328693771362304688e+01
-3.329684066772460938e+01
-3.330674362182617188e+01
-3.331664657592773438e+01
-3.332654953002929688e+01
-3.333645248413085938e+01
-3.334635543823242188e+01
-3.335625839233398438e+01
-3.336616134643554688e+01
-3.337606048583984375e+01
-3.338596343994140625e+01
-3.339586257934570312e+01
-3.340576553344726562e+01
-3.341566467285156250e+01
-3.342556381225585938e+01
-3.343546676635742188e+01
-3.344536590576171875e+01
-3.345526504516601562e+01
-3.346516418457031250e+01
-3.347506332397460938e+01
-3.348496246337890625e+01
-3.349485778808593750e+01
-3.350475692749023438e+01
-3.351465606689453125e+01
-3.352455139160156250e+01
-3.353445053100585938e+01
-3.354434967041015625e+01
-3.355424499511718750e+01
-3.356414031982421875e+01
-3.357403945922851562e+01
-3.358393478393554688e+01
-3.359383010864257812e+01
-3.360372543334960938e+01
-3.361362075805664062e+01
-3.362351989746093750e+01
-3.363341522216796875e+01
-3.364330673217773438e+01
-3.365320205688476562e+01
-3.366309738159179688e+01
-3.367299270629882812e+01
-3.368288803100585938e+01
-3.369278335571289062e+01
-3.370267486572265625e+01
-3.371257019042968750e+01
-3.372246170043945312e+01
-3.373235702514648438e+01
-3.374224853515625000e+01
-3.375214385986328125e+01
-3.376203536987304688e+01
-3.378182220458984375e+01
-3.378182220458984375e+01
-3.379171371459960938e+01
-3.380160522460937500e+01
-3.381150054931640625e+01
-3.383128356933593750e+01
-3.383128356933593750e+01
-3.384117507934570312e+01
-3.385106658935546875e+01
-3.386095809936523438e+01
-3.387084960937500000e+01
-3.388074111938476562e+01
-3.389063262939453125e+01
-3.390052413940429688e+01
-3.391041564941406250e+01
-3.393019866943359375e+01
-3.393019866943359375e+01
-3.394008636474609375e+01
-3.394997787475585938e+01
-3.395986938476562500e+01
-3.396976089477539062e+01
-3.397964859008789062e+01
-3.398954010009765625e+01
-3.399943161010742188e+01
-3.401921081542968750e+01
-3.401921081542968750e+01
-3.402910232543945312e+01
-3.403899002075195312e+01
-3.404888153076171875e+01
-3.405876922607421875e+01
-3.406866073608398438e+01
-3.407854843139648438e+01
-3.408843994140625000e+01
-3.409832763671875000e+01
-3.410821914672851562e+01
-3.412799835205078125e+01
-3.412799835205078125e+01
-3.413788604736328125e+01
-3.414777755737304688e+01
-3.415766525268554688e+01
-3.416755294799804688e+01
-3.417744445800781250e+01
-3.418733215332031250e+01
-3.419722366333007812e+01
-3.420711135864257812e+01
-3.421700286865234375e+01
-3.422689056396484375e+01
-3.423677825927734375e+01
-3.424666976928710938e+01
-3.425655746459960938e+01
-3.426644897460937500e+01
-3.427633666992187500e+01
-3.428622436523437500e+01
-3.429611587524414062e+01
-3.430600357055664062e+01
-3.431589508056640625e+01
-3.432578277587890625e+01
-3.433567047119140625e+01
-3.435544967651367188e+01
-3.435544967651367188e+01
-3.436534118652343750e+01
-3.437522888183593750e+01
-3.438512039184570312e+01
-3.439500808715820312e+01
-3.440489959716796875e+01
-3.441478729248046875e+01
-3.442467880249023438e+01
-3.443456649780273438e+01
-3.444445800781250000e+01
-3.445434951782226562e+01
-3.446423721313476562e+01
-3.447412872314453125e+01
-3.448401641845703125e+01
-3.449390792846679688e+01
-3.450379943847656250e+01
-3.451369094848632812e+01
-3.452357864379882812e+01
-3.453347015380859375e+01
-3.454336166381835938e+01
-3.455325317382812500e+01
-3.456314086914062500e+01
-3.457303237915039062e+01
-3.458292388916015625e+01
-3.459281539916992188e+01
-3.460270690917968750e+01
-3.461259841918945312e+01
-3.462248992919921875e+01
-3.463238143920898438e+01
-3.464227294921875000e+01
-3.465216445922851562e+01
-3.466205596923828125e+01
-3.467195129394531250e+01
-3.468184280395507812e+01
-3.469173431396484375e+01
-3.470162582397460938e+01
-3.471152114868164062e+01
-3.472141265869140625e+01
-3.473130416870117188e+01
-3.474119949340820312e+01
-3.475109100341796875e+01
-3.476098632812500000e+01
-3.477087783813476562e+01
-3.478077316284179688e+01
-3.479066848754882812e+01
-3.480055999755859375e+01
-3.481045532226562500e+01
-3.482035064697265625e+01
-3.483024597167968750e+01
-3.484014129638671875e+01
-3.485003662109375000e+01
-3.485992813110351562e+01
-3.486982345581054688e+01
-3.487971878051757812e+01
-3.488961791992187500e+01
-3.489951324462890625e+01
-3.490940856933593750e+01
-3.491930389404296875e+01
-3.492919921875000000e+01
-3.493909454345703125e+01
-3.494899368286132812e+01
-3.495888900756835938e+01
-3.496878433227539062e+01
-3.497868347167968750e+01
-3.498857879638671875e+01
-3.499847793579101562e+01
-3.500837326049804688e+01
-3.501827239990234375e+01
-3.502816772460937500e+01
-3.503806686401367188e+01
-3.504796600341796875e+01
-3.505786132812500000e+01
-3.506776046752929688e+01
-3.507765960693359375e+01
-3.508755874633789062e+01
-3.509745407104492188e+01
-3.510735321044921875e+01
-3.511725234985351562e+01
-3.512715148925781250e+01
-3.513705062866210938e+01
-3.514694976806640625e+01
-3.515684890747070312e+01
-3.516674804687500000e+01
-3.517664718627929688e+01
-3.518654632568359375e+01
-3.519644546508789062e+01
-3.520634841918945312e+01
-3.521624755859375000e+01
-3.522614669799804688e+01
-3.523604583740234375e+01
-3.525584793090820312e+01
-3.525584793090820312e+01
-3.526574707031250000e+01
-3.527565002441406250e+01
-3.528554916381835938e+01
-3.529545211791992188e+01
-3.530535125732421875e+01
-3.531525421142578125e+01
-3.533505630493164062e+01
-3.533505630493164062e+01
-3.534495544433593750e+01
-3.535485839843750000e+01
-3.536476135253906250e+01
-3.537466049194335938e+01
-3.538456344604492188e+01
-3.540436553955078125e+01
-3.540436553955078125e+01
-3.542417144775390625e+01
-3.543407440185546875e+01
-3.543407440185546875e+01
-3.544397735595703125e+01
-3.545388031005859375e+01
-3.546378326416015625e+01
-3.547368240356445312e+01
-3.548358535766601562e+01
-3.549348831176757812e+01
-3.550339126586914062e+01
-3.551329421997070312e+01
-3.553310394287109375e+01
-3.553310394287109375e+01
-3.554300689697265625e+01
-3.555290985107421875e+01
-3.556281280517578125e+01
-3.557271575927734375e+01
-3.558261871337890625e+01
-3.559252548217773438e+01
-3.560242843627929688e+01
-3.561233139038085938e+01
-3.563214111328125000e+01
-3.563214111328125000e+01
-3.564204406738281250e+01
-3.565194702148437500e+01
-3.566185379028320312e+01
-3.567175674438476562e+01
-3.567175674438476562e+01
-3.567175674438476562e+01
-3.567175674438476562e+01
-3.567175674438476562e+01
-3.567175674438476562e+01
-3.567175674438476562e+01
-3.567175674438476562e+01
-3.567175674438476562e+01
-3.567175674438476562e+01
-3.567175674438476562e+01
-3.796190261840820312e+01
-3.797190475463867188e+01
-3.798190689086914062e+01
-3.799190902709960938e+01
-3.800191116333007812e+01
-3.801191329956054688e+01
-3.802191543579101562e+01
-3.803191375732421875e+01
-3.804191589355468750e+01
-3.806192016601562500e+01
-3.806192016601562500e+01
-3.808192443847656250e+01
-3.808192443847656250e+01
-3.809192657470703125e+01
-3.810192489624023438e+01
-3.811192703247070312e+01
-3.812192916870117188e+01
-3.813193130493164062e+01
-3.814193344116210938e+01
-3.815193557739257812e+01
-3.816193771362304688e+01
-3.817193603515625000e+01
-3.818193817138671875e+01
-3.819194030761718750e+01
-3.820194244384765625e+01
-3.821194458007812500e+01
-3.822194290161132812e+01
-3.823194503784179688e+01
-3.824194717407226562e+01
-3.825194931030273438e+01
-3.826194763183593750e+01
-3.827194976806640625e+01
-3.828195190429687500e+01
-3.829195404052734375e+01
-3.830195236206054688e+01
-3.831195449829101562e+01
-3.832195663452148438e+01
-3.833195877075195312e+01
-3.834195709228515625e+01
-3.835195922851562500e+01
-3.836196136474609375e+01
-3.837195968627929688e+01
-3.838196182250976562e+01
-3.839196395874023438e+01
-3.840196228027343750e+01
-3.841196441650390625e+01
-3.842196655273437500e+01
-3.843196487426757812e+01
-3.844196701049804688e+01
-3.845196533203125000e+01
-3.846196746826171875e+01
-3.847196578979492188e+01
-3.848196792602539062e+01
-3.849197006225585938e+01
-3.850196838378906250e+01
-3.851197052001953125e+01
-3.852196884155273438e+01
-3.853197097778320312e+01
-3.854196929931640625e+01
-3.855196762084960938e+01
-3.856196975708007812e+01
-3.857196807861328125e+01
-3.858197021484375000e+01
-3.859196853637695312e+01
-3.860196685791015625e+01
-3.861196899414062500e+01
-3.862196731567382812e+01
-3.863196563720703125e+01
-3.864196777343750000e+01
-3.865196609497070312e+01
-3.866196441650390625e+01
-3.867196655273437500e+01
-3.868196487426757812e+01
-3.869196319580078125e+01
-3.870196151733398438e+01
-3.871195983886718750e+01
-3.872196197509765625e+01
-3.873196029663085938e+01
-3.874195861816406250e+01
-3.875195693969726562e+01
-3.876195526123046875e+01
-3.877195358276367188e+01
-3.878195190429687500e+01
-3.879195022583007812e+01
-3.880194854736328125e+01
-3.881194686889648438e+01
-3.882194519042968750e+01
-3.883194351196289062e+01
-3.884194183349609375e+01
-3.885194015502929688e+01
-3.886193847656250000e+01
-3.887193679809570312e+01
-3.888193130493164062e+01
-3.889192962646484375e+01
-3.890192794799804688e+01
-3.891192626953125000e+01
-3.892192077636718750e+01
-3.893191909790039062e+01
-3.894191741943359375e+01
-3.895191574096679688e+01
-3.896191024780273438e+01
-3.897190856933593750e+01
-3.898190307617187500e+01
-3.899190139770507812e+01
-3.900189971923828125e+01
-3.901189422607421875e+01
-3.902188873291015625e+01
-3.903188705444335938e+01
-3.904188156127929688e+01
-3.905187988281250000e+01
-3.906187438964843750e+01
-3.907187271118164062e+01
-3.909186172485351562e+01
-3.910185623168945312e+01
-3.910185623168945312e+01
-3.911185455322265625e+01
-3.912184906005859375e+01
-3.913184356689453125e+01
-3.914183807373046875e+01
-3.915183258056640625e+01
-3.916182708740234375e+01
-3.917182159423828125e+01
-3.918181991577148438e+01
-3.919181442260742188e+01
-3.920180511474609375e+01
-3.921179962158203125e+01
-3.922179412841796875e+01
-3.923178863525390625e+01
-3.924178314208984375e+01
-3.925177764892578125e+01
-3.926177215576171875e+01
-3.927176284790039062e+01
-3.928175735473632812e+01
-3.930174255371093750e+01
-3.930174255371093750e+01
-3.931173706054687500e+01
-3.932173156738281250e+01
-3.933172225952148438e+01
-3.934171676635742188e+01
-3.935170745849609375e+01
-3.936170196533203125e+01
-3.937169265747070312e+01
-3.938168334960937500e+01
-3.939167785644531250e+01
-3.940166854858398438e+01
-3.941165924072265625e+01
-3.942165374755859375e+01
-3.943164443969726562e+01
-3.944163513183593750e+01
-3.945162582397460938e+01
-3.946161651611328125e+01
-3.947160720825195312e+01
-3.948159790039062500e+01
-3.949158859252929688e+01
-3.951156997680664062e+01
-3.951156997680664062e+01
-3.953155136108398438e+01
-3.954154205322265625e+01
-3.954154205322265625e+01
-3.956151962280273438e+01
-3.957151031494140625e+01
-3.957151031494140625e+01
-3.958149719238281250e+01
-3.959148788452148438e+01
-3.960147857666015625e+01
-3.962145233154296875e+01
-3.962145233154296875e+01
-3.964142990112304688e+01
-3.964142990112304688e+01
-3.965142059326171875e+01
-3.966140747070312500e+01
-3.967139434814453125e+01
-3.969137191772460938e+01
-3.969137191772460938e+01
-3.970135879516601562e+01
-3.972133255004882812e+01
-3.972133255004882812e+01
-3.974130630493164062e+01
-3.974130630493164062e+01
-3.975129318237304688e+01
-3.977126312255859375e+01
-3.977126312255859375e+01
-3.978125000000000000e+01
-3.979123687744140625e+01
-3.980122375488281250e+01
-3.981120681762695312e+01
-3.982119369506835938e+01
-3.984116363525390625e+01
-3.984116363525390625e+01
-3.985114669799804688e+01
-3.986113357543945312e+01
-3.987111663818359375e+01
-3.989108657836914062e+01
-3.990106964111328125e+01
-3.990106964111328125e+01
-3.991105270385742188e+01
-3.992103576660156250e+01
-3.993101882934570312e+01
-3.994100189208984375e+01
-3.995098495483398438e+01
-3.996096801757812500e+01
-3.997095108032226562e+01
-3.998093414306640625e+01
-3.999091720581054688e+01
-4.000089645385742188e+01
-4.001087951660156250e+01
-4.002086257934570312e+01
-4.003084182739257812e+01
-4.004082489013671875e+01
-4.005080413818359375e+01
-4.007076644897460938e+01
-4.008074569702148438e+01
-4.009072875976562500e+01
-4.009072875976562500e+01
-4.010070800781250000e+01
-4.011068725585937500e+01
-4.012066650390625000e+01
-4.013064575195312500e+01
-4.014062500000000000e+01
-4.015060424804687500e+01
-4.016058349609375000e+01
-4.017056274414062500e+01
-4.018054199218750000e+01
-4.019051742553710938e+01
-4.020049667358398438e+01
-4.021047592163085938e+01
-4.022045135498046875e+01
-4.023043060302734375e+01
-4.024040603637695312e+01
-4.025038528442382812e+01
-4.026036071777343750e+01
-4.027033615112304688e+01
-4.028031158447265625e+01
-4.029029083251953125e+01
-4.030026626586914062e+01
-4.031024169921875000e+01
-4.032021713256835938e+01
-4.033019256591796875e+01
-4.034016799926757812e+01
-4.035013961791992188e+01
-4.036011505126953125e+01
-4.037009048461914062e+01
-4.038006210327148438e+01
-4.039003753662109375e+01
-4.040000915527343750e+01
-4.040998458862304688e+01
-4.041995620727539062e+01
-4.042992782592773438e+01
-4.043989944458007812e+01
-4.044987106323242188e+01
-4.045984268188476562e+01
-4.046981430053710938e+01
-4.047978591918945312e+01
-4.048975753784179688e+01
-4.049972915649414062e+01
-4.050969696044921875e+01
-4.051966857910156250e+01
-4.052963638305664062e+01
-4.053960800170898438e+01
-4.054957580566406250e+01
-4.055954360961914062e+01
-4.056951141357421875e+01
-4.057947921752929688e+01
-4.058944702148437500e+01
-4.059941482543945312e+01
-4.060938262939453125e+01
-4.061935043334960938e+01
-4.062931442260742188e+01
-4.063928222656250000e+01
-4.064924621582031250e+01
-4.065921401977539062e+01
-4.066917800903320312e+01
-4.067914199829101562e+01
-4.068910598754882812e+01
-4.069906997680664062e+01
-4.070903396606445312e+01
-4.071899795532226562e+01
-4.072896194458007812e+01
-4.073892211914062500e+01
-4.074888610839843750e+01
-4.075884628295898438e+01
-4.076880645751953125e+01
-4.077877044677734375e+01
-4.078873062133789062e+01
-4.079869079589843750e+01
-4.080865097045898438e+01
-4.081860733032226562e+01
-4.082856750488281250e+01
-4.083852767944335938e+01
-4.084848403930664062e+01
-4.085844039916992188e+01
-4.086840057373046875e+01
-4.087835693359375000e+01
-4.088831329345703125e+01
-4.089826965332031250e+01
-4.090822601318359375e+01
-4.091817855834960938e+01
-4.092813491821289062e+01
-4.093808746337890625e+01
-4.094804382324218750e+01
-4.095799636840820312e+01
-4.096794891357421875e+01
-4.097790145874023438e+01
-4.098785400390625000e+01
-4.099780654907226562e+01
-4.100775527954101562e+01
-4.101770782470703125e+01
-4.102765655517578125e+01
-4.103760528564453125e+01
-4.104755783081054688e+01
-4.105750656127929688e+01
-4.106745529174804688e+01
-4.108734893798828125e+01
-4.108734893798828125e+01
-4.109729385375976562e+01
-4.110724258422851562e+01
-4.111718750000000000e+01
-4.112713241577148438e+01
-4.113707733154296875e+01
-4.114702224731445312e+01
-4.115696716308593750e+01
-4.116690826416015625e+01
-4.117685317993164062e+01
-4.118679428100585938e+01
-4.119673538208007812e+01
-4.120667648315429688e+01
-4.121661758422851562e+01
-4.122655868530273438e+01
-4.123649978637695312e+01
-4.124643707275390625e+01
-4.125637435913085938e+01
-4.126631546020507812e+01
-4.127625274658203125e+01
-4.128619003295898438e+01
-4.129612350463867188e+01
-4.130606079101562500e+01
-4.131599426269531250e+01
-4.132593154907226562e+01
-4.133586502075195312e+01
-4.134579849243164062e+01
-4.135573196411132812e+01
-4.136566543579101562e+01
-4.137559509277343750e+01
-4.138552856445312500e+01
-4.139545822143554688e+01
-4.140538787841796875e+01
-4.141531753540039062e+01
-4.142524719238281250e+01
-4.143517303466796875e+01
-4.144510269165039062e+01
-4.145502853393554688e+01
-4.146495437622070312e+01
-4.147488021850585938e+01
-4.148480606079101562e+01
-4.149473190307617188e+01
-4.150465393066406250e+01
-4.151457977294921875e+01
-4.152450180053710938e+01
-4.153442382812500000e+01
-4.154434585571289062e+01
-4.155426406860351562e+01
-4.156418609619140625e+01
-4.157410430908203125e+01
-4.158402252197265625e+01
-4.159394073486328125e+01
-4.160385894775390625e+01
-4.161377716064453125e+01
-4.162369155883789062e+01
-4.163360977172851562e+01
-4.164352416992187500e+01
-4.165343856811523438e+01
-4.166335296630859375e+01
-4.167326354980468750e+01
-4.168317794799804688e+01
-4.169308853149414062e+01
-4.170299911499023438e+01
-4.171290969848632812e+01
-4.172282028198242188e+01
-4.173272705078125000e+01
-4.174263381958007812e+01
-4.175254440307617188e+01
-4.176245117187500000e+01
-4.177235412597656250e+01
-4.178226089477539062e+01
-4.179216384887695312e+01
-4.180207061767578125e+01
-4.181197357177734375e+01
-4.182187271118164062e+01
-4.183177566528320312e+01
-4.184167861938476562e+01
-4.185157775878906250e+01
-4.186147689819335938e+01
-4.187137603759765625e+01
-4.188127136230468750e+01
-4.189117050170898438e+01
-4.190106582641601562e+01
-4.191096115112304688e+01
-4.192085647583007812e+01
-4.193075180053710938e+01
-4.194064331054687500e+01
-4.195053863525390625e+01
-4.196043014526367188e+01
-4.197032165527343750e+01
-4.198020935058593750e+01
-4.199010086059570312e+01
-4.199998855590820312e+01
-4.200987625122070312e+01
-4.201976394653320312e+01
-4.202965164184570312e+01
-4.203953552246093750e+01
-4.204941940307617188e+01
-4.205930328369140625e+01
-4.207907104492187500e+01
-4.208895111083984375e+01
-4.208895111083984375e+01
-4.209883117675781250e+01
-4.210871124267578125e+01
-4.211859130859375000e+01
-4.212847137451171875e+01
-4.213834762573242188e+01
-4.214822387695312500e+01
-4.215810012817382812e+01
-4.216797256469726562e+01
-4.217784881591796875e+01
-4.218772125244140625e+01
-4.219759368896484375e+01
-4.220746612548828125e+01
-4.221733474731445312e+01
-4.222720718383789062e+01
-4.223707580566406250e+01
-4.224694442749023438e+01
-4.225680923461914062e+01
-4.226667785644531250e+01
-4.227654266357421875e+01
-4.228640747070312500e+01
-4.229626846313476562e+01
-4.230613327026367188e+01
-4.231599426269531250e+01
-4.232585525512695312e+01
-4.233571624755859375e+01
-4.234557342529296875e+01
-4.235543441772460938e+01
-4.236529159545898438e+01
-4.237514877319335938e+01
-4.238500213623046875e+01
-4.239485931396484375e+01
-4.240471267700195312e+01
-4.241456604003906250e+01
-4.242441558837890625e+01
-4.243426895141601562e+01
-4.244411849975585938e+01
-4.245396804809570312e+01
-4.246381378173828125e+01
-4.247366333007812500e+01
-4.248350906372070312e+01
-4.249335479736328125e+01
-4.250319671630859375e+01
-4.251304244995117188e+01
-4.252288436889648438e+01
-4.253272628784179688e+01
-4.254256820678710938e+01
-4.255240631103515625e+01
-4.256224441528320312e+01
-4.257208251953125000e+01
-4.258192062377929688e+01
-4.259175491333007812e+01
-4.260158920288085938e+01
-4.261142349243164062e+01
-4.262125778198242188e+01
-4.263109207153320312e+01
-4.264092254638671875e+01
-4.265075302124023438e+01
-4.266058349609375000e+01
-4.267041015625000000e+01
-4.268023681640625000e+01
-4.269006347656250000e+01
-4.269989013671875000e+01
-4.270971679687500000e+01
-4.271953964233398438e+01
-4.272936630249023438e+01
-4.273918914794921875e+01
-4.274900817871093750e+01
-4.275883102416992188e+01
-4.276865005493164062e+01
-4.277846908569335938e+01
-4.278828811645507812e+01
-4.279810714721679688e+01
-4.280792236328125000e+01
-4.281773757934570312e+01
-4.282755279541015625e+01
-4.283736801147460938e+01
-4.284718322753906250e+01
-4.285699462890625000e+01
-4.286680984497070312e+01
-4.287662124633789062e+01
-4.288642883300781250e+01
-4.289624023437500000e+01
-4.290604782104492188e+01
-4.291585922241210938e+01
-4.292566680908203125e+01
-4.293547058105468750e+01
-4.294527816772460938e+01
-4.295508575439453125e+01
-4.296488952636718750e+01
-4.297469329833984375e+01
-4.298449707031250000e+01
-4.299429702758789062e+01
-4.300410079956054688e+01
-4.301390075683593750e+01
-4.302370071411132812e+01
-4.303350067138671875e+01
-4.304330062866210938e+01
-4.306289672851562500e+01
-4.307269287109375000e+01
-4.307269287109375000e+01
-4.308248901367187500e+01
-4.309228515625000000e+01
-4.310208129882812500e+01
-4.311187744140625000e+01
-4.312166976928710938e+01
-4.313146209716796875e+01
-4.314125442504882812e+01
-4.315104675292968750e+01
-4.316083908081054688e+01
-4.317063140869140625e+01
-4.318041992187500000e+01
-4.319020843505859375e+01
-4.319999694824218750e+01
-4.320978546142578125e+01
-4.322936248779296875e+01
-4.322936248779296875e+01
-4.324893569946289062e+01
-4.324893569946289062e+01
-4.325872039794921875e+01
-4.326850509643554688e+01
-4.327828979492187500e+01
-4.328807449340820312e+01
-4.329785537719726562e+01
-4.330764007568359375e+01
-4.331742095947265625e+01
-4.332720184326171875e+01
-4.333698272705078125e+01
-4.334676361083984375e+01
-4.335654449462890625e+01
-4.336632537841796875e+01
-4.337610244750976562e+01
-4.338588333129882812e+01
-4.339566040039062500e+01
-4.340543746948242188e+01
-4.341521453857421875e+01
-4.342499160766601562e+01
-4.343476867675781250e+01
-4.344454193115234375e+01
-4.345431900024414062e+01
-4.346409225463867188e+01
-4.347386932373046875e+01
-4.348364257812500000e+01
-4.349341583251953125e+01
-4.350318908691406250e+01
-4.351296234130859375e+01
-4.352273178100585938e+01
-4.353250503540039062e+01
-4.354227447509765625e+01
-4.355204772949218750e+01
-4.356181716918945312e+01
-4.357158660888671875e+01
-4.358135604858398438e+01
-4.359112548828125000e+01
-4.360089492797851562e+01
-4.361066436767578125e+01
-4.362043380737304688e+01
-4.363019943237304688e+01
-4.363996887207031250e+01
-4.364973449707031250e+01
-4.365950393676757812e+01
-4.366926956176757812e+01
-4.367903518676757812e+01
-4.368880081176757812e+01
-4.369856643676757812e+01
-4.370833206176757812e+01
-4.371809768676757812e+01
-4.372785949707031250e+01
-4.373762512207031250e+01
-4.374738693237304688e+01
-4.375715255737304688e+01
-4.376691436767578125e+01
-4.377667999267578125e+01
-4.378644180297851562e+01
-4.379620361328125000e+01
-4.380596542358398438e+01
-4.381572723388671875e+01
-4.382548904418945312e+01
-4.383525085449218750e+01
-4.384501266479492188e+01
-4.385477447509765625e+01
-4.386453247070312500e+01
-4.387429428100585938e+01
-4.388405609130859375e+01
-4.389381408691406250e+01
-4.390357208251953125e+01
-4.391333389282226562e+01
-4.392309188842773438e+01
-4.393285369873046875e+01
-4.394261169433593750e+01
-4.395236968994140625e+01
-4.396212768554687500e+01
-4.397188568115234375e+01
-4.398164367675781250e+01
-4.399140167236328125e+01
-4.400115966796875000e+01
-4.401091766357421875e+01
-4.402067565917968750e+01
-4.404019165039062500e+01
-4.404019165039062500e+01
-4.404994964599609375e+01
-4.405970382690429688e+01
-4.406946182250976562e+01
-4.407921981811523438e+01
-4.408897399902343750e+01
-4.409873199462890625e+01
-4.410848999023437500e+01
-4.411824417114257812e+01
-4.412800216674804688e+01
-4.413775634765625000e+01
-4.414751434326171875e+01
-4.415726852416992188e+01
-4.416702651977539062e+01
-4.417678070068359375e+01
-4.418653488159179688e+01
-4.419629287719726562e+01
-4.421580505371093750e+01
-4.421580505371093750e+01
-4.423531341552734375e+01
-4.423531341552734375e+01
-4.424507141113281250e+01
-4.425482559204101562e+01
-4.426457977294921875e+01
-4.427433776855468750e+01
-4.428409194946289062e+01
-4.429384613037109375e+01
-4.430360412597656250e+01
-4.431335830688476562e+01
-4.432311248779296875e+01
-4.433287048339843750e+01
-4.434262466430664062e+01
-4.435237884521484375e+01
-4.436213684082031250e+01
-4.437189102172851562e+01
-4.438164520263671875e+01
-4.439140319824218750e+01
-4.440115737915039062e+01
-4.441091156005859375e+01
-4.442066955566406250e+01
-4.443042373657226562e+01
-4.444018173217773438e+01
-4.444993591308593750e+01
-4.445969390869140625e+01
-4.446944808959960938e+01
-4.447920608520507812e+01
-4.448896026611328125e+01
-4.449871826171875000e+01
-4.450847625732421875e+01
-4.451823043823242188e+01
-4.452798843383789062e+01
-4.453774642944335938e+01
-4.454750061035156250e+01
-4.455725860595703125e+01
-4.456701660156250000e+01
-4.457677459716796875e+01
-4.458653259277343750e+01
-4.459629058837890625e+01
-4.460604858398437500e+01
-4.461580657958984375e+01
-4.462556457519531250e+01
-4.463532257080078125e+01
-4.464508056640625000e+01
-4.465483856201171875e+01
-4.466460037231445312e+01
-4.467435836791992188e+01
-4.468411636352539062e+01
-4.469387817382812500e+01
-4.470363616943359375e+01
-4.471339797973632812e+01
-4.472315597534179688e+01
-4.473291778564453125e+01
-4.474267959594726562e+01
-4.475244140625000000e+01
-4.476219940185546875e+01
-4.477196121215820312e+01
-4.478172302246093750e+01
-4.479148483276367188e+01
-4.480124664306640625e+01
-4.482077407836914062e+01
-4.482077407836914062e+01
-4.483053588867187500e+01
-4.484030151367187500e+01
-4.485006332397460938e+01
-4.485982513427734375e+01
-4.486959075927734375e+01
-4.487935638427734375e+01
-4.488911819458007812e+01
-4.489888381958007812e+01
-4.490864944458007812e+01
-4.491841506958007812e+01
-4.492818069458007812e+01
-4.493794631958007812e+01
-4.494771194458007812e+01
-4.495747756958007812e+01
-4.496724319458007812e+01
-4.497700881958007812e+01
-4.498677825927734375e+01
-4.499654388427734375e+01
-4.501607894897460938e+01
-4.502584457397460938e+01
-4.502584457397460938e+01
-4.503561401367187500e+01
-4.504537963867187500e+01
-4.505514907836914062e+01
-4.506491851806640625e+01
-4.507468795776367188e+01
-4.508445358276367188e+01
-4.509422302246093750e+01
-4.510399246215820312e+01
-4.511376190185546875e+01
-4.512353134155273438e+01
-4.513330078125000000e+01
-4.514307403564453125e+01
-4.515284347534179688e+01
-4.516261291503906250e+01
-4.517238235473632812e+01
-4.518215560913085938e+01
-4.519192504882812500e+01
-4.520169830322265625e+01
-4.521146774291992188e+01
-4.522124099731445312e+01
-4.523101043701171875e+01
-4.524078369140625000e+01
-4.525055694580078125e+01
-4.526033020019531250e+01
-4.527009963989257812e+01
-4.527987289428710938e+01
-4.528964614868164062e+01
-4.529941940307617188e+01
-4.530919265747070312e+01
-4.531896591186523438e+01
-4.532873916625976562e+01
-4.533851623535156250e+01
-4.534828948974609375e+01
-4.535806274414062500e+01
-4.536783599853515625e+01
-4.537761306762695312e+01
-4.538738632202148438e+01
-4.539715957641601562e+01
-4.540693664550781250e+01
-4.541670989990234375e+01
-4.542648696899414062e+01
-4.543626403808593750e+01
-4.544603729248046875e+01
-4.545581436157226562e+01
-4.546559143066406250e+01
-4.547536468505859375e+01
-4.548514175415039062e+01
-4.549491882324218750e+01
-4.550469589233398438e+01
-4.551447296142578125e+01
-4.552425003051757812e+01
-4.553402709960937500e+01
-4.554380416870117188e+01
-4.555358123779296875e+01
-4.556335830688476562e+01
-4.557313537597656250e+01
-4.558291244506835938e+01
-4.559269332885742188e+01
-4.560247039794921875e+01
-4.561224746704101562e+01
-4.562202835083007812e+01
-4.563180541992187500e+01
-4.564158248901367188e+01
-4.565136337280273438e+01
-4.566114044189453125e+01
-4.567092132568359375e+01
-4.568069839477539062e+01
-4.569047927856445312e+01
-4.570026016235351562e+01
-4.571003723144531250e+01
-4.571981811523437500e+01
-4.572959899902343750e+01
-4.573937606811523438e+01
-4.574915695190429688e+01
-4.575893783569335938e+01
-4.576871871948242188e+01
-4.577849960327148438e+01
-4.578828048706054688e+01
-4.579806137084960938e+01
-4.580783843994140625e+01
-4.581761932373046875e+01
-4.582740020751953125e+01
-4.583718490600585938e+01
-4.584696578979492188e+01
-4.585674667358398438e+01
-4.586652755737304688e+01
-4.587630844116210938e+01
-4.588608932495117188e+01
-4.589587020874023438e+01
-4.590565490722656250e+01
-4.591543579101562500e+01
-4.592521667480468750e+01
-4.593500137329101562e+01
-4.594478225708007812e+01
-4.595456314086914062e+01
-4.597412872314453125e+01
-4.597412872314453125e+01
-4.598391342163085938e+01
-4.600347900390625000e+01
-4.600347900390625000e+01
-4.601325988769531250e+01
-4.602304458618164062e+01
-4.603282546997070312e+01
-4.604261016845703125e+01
-4.605239105224609375e+01
-4.606217575073242188e+01
-4.607196044921875000e+01
-4.608174133300781250e+01
-4.609152603149414062e+01
-4.610131072998046875e+01
-4.611109161376953125e+01
-4.612087631225585938e+01
-4.613066101074218750e+01
-4.614044570922851562e+01
-4.615022659301757812e+01
-4.616001129150390625e+01
-4.616979598999023438e+01
-4.617958068847656250e+01
-4.618936538696289062e+01
-4.619915008544921875e+01
-4.620893478393554688e+01
-4.621871566772460938e+01
-4.622850036621093750e+01
-4.623828506469726562e+01
-4.624806976318359375e+01
-4.625785446166992188e+01
-4.626763916015625000e+01
-4.627742385864257812e+01
-4.628720855712890625e+01
-4.629699325561523438e+01
-4.630677795410156250e+01
-4.631656265258789062e+01
-4.632634735107421875e+01
-4.633613586425781250e+01
-4.634592056274414062e+01
-4.635570526123046875e+01
-4.636548995971679688e+01
-4.637527465820312500e+01
-4.638505935668945312e+01
-4.639484405517578125e+01
-4.640462875366210938e+01
-4.641441345214843750e+01
-4.642420196533203125e+01
-4.643398666381835938e+01
-4.644377136230468750e+01
-4.645355606079101562e+01
-4.646334075927734375e+01
-4.647312927246093750e+01
-4.648291397094726562e+01
-4.649269866943359375e+01
-4.650248336791992188e+01
-4.651226806640625000e+01
-4.652205657958984375e+01
-4.653184127807617188e+01
-4.654162597656250000e+01
-4.655141067504882812e+01
-4.656119918823242188e+01
-4.658076858520507812e+01
-4.658076858520507812e+01
-4.659055328369140625e+01
-4.660034179687500000e+01
-4.661012649536132812e+01
-4.661991119384765625e+01
-4.662969589233398438e+01
-4.663948440551757812e+01
-4.664926910400390625e+01
-4.665905380249023438e+01
-4.666883850097656250e+01
-4.667862701416015625e+01
-4.668841171264648438e+01
-4.669819641113281250e+01
-4.670798110961914062e+01
-4.671776962280273438e+01
-4.672755432128906250e+01
-4.673733901977539062e+01
-4.674712371826171875e+01
-4.675691223144531250e+01
-4.676669692993164062e+01
-4.677648162841796875e+01
-4.678626632690429688e+01
-4.679605484008789062e+01
-4.680583953857421875e+01
-4.681562423706054688e+01
-4.682540893554687500e+01
-4.683519363403320312e+01
-4.684498214721679688e+01
-4.685476684570312500e+01
-4.686455154418945312e+01
-4.687433624267578125e+01
-4.688412094116210938e+01
-4.689390945434570312e+01
-4.690369415283203125e+01
-4.691347885131835938e+01
-4.692326354980468750e+01
-4.693304824829101562e+01
-4.694283294677734375e+01
-4.695261764526367188e+01
-4.697219085693359375e+01
-4.697219085693359375e+01
-4.698197555541992188e+01
-4.699176025390625000e+01
-4.700154495239257812e+01
-4.701132965087890625e+01
-4.702111434936523438e+01
-4.703089904785156250e+01
-4.704068374633789062e+01
-4.705046844482421875e+01
-4.706025314331054688e+01
-4.707003784179687500e+01
-4.707982254028320312e+01
-4.708960723876953125e+01
-4.709939193725585938e+01
-4.710917663574218750e+01
-4.711896133422851562e+01
-4.712874221801757812e+01
-4.713852691650390625e+01
-4.714831161499023438e+01
-4.715809631347656250e+01
-4.716788101196289062e+01
-4.717766571044921875e+01
-4.718745040893554688e+01
-4.719723129272460938e+01
-4.720701599121093750e+01
-4.721680068969726562e+01
-4.722658538818359375e+01
-4.723637008666992188e+01
-4.724615097045898438e+01
-4.725593566894531250e+01
-4.726572036743164062e+01
-4.727550125122070312e+01
-4.728528594970703125e+01
-4.729507064819335938e+01
-4.730485153198242188e+01
-4.731463623046875000e+01
-4.732442092895507812e+01
-4.733420181274414062e+01
-4.734398651123046875e+01
-4.735377120971679688e+01
-4.736355209350585938e+01
-4.738311767578125000e+01
-4.739290237426757812e+01
-4.740268707275390625e+01
-4.741246795654296875e+01
-4.742225265502929688e+01
-4.743203353881835938e+01
-4.744181823730468750e+01
-4.746138381958007812e+01
-4.747116470336914062e+01
-4.748094558715820312e+01
-4.749073028564453125e+01
-4.749073028564453125e+01
-4.750051116943359375e+01
-4.751029586791992188e+01
-4.752007675170898438e+01
-4.752007675170898438e+01
-4.752985763549804688e+01
-4.753964233398437500e+01
-4.755920410156250000e+01
-4.756898880004882812e+01
-4.756898880004882812e+01
-4.757876968383789062e+01
-4.758855056762695312e+01
-4.760811614990234375e+01
-4.760811614990234375e+01
-4.761789703369140625e+01
-4.762767791748046875e+01
-4.763746261596679688e+01
-4.764724349975585938e+01
-4.765702438354492188e+01
-4.766680526733398438e+01
-4.768637084960937500e+01
-4.768637084960937500e+01
-4.769615173339843750e+01
-4.770593261718750000e+01
-4.771571350097656250e+01
-4.772549438476562500e+01
-4.773527526855468750e+01
-4.774505615234375000e+01
-4.775483703613281250e+01
-4.776461791992187500e+01
-4.777439880371093750e+01
-4.778417968750000000e+01
-4.779396057128906250e+01
-4.780374145507812500e+01
-4.782330322265625000e+01
-4.782330322265625000e+01
-4.783308410644531250e+01
-4.785264587402343750e+01
-4.785264587402343750e+01
-4.786242675781250000e+01
-4.787220764160156250e+01
-4.788198852539062500e+01
-4.789176940917968750e+01
-4.790154647827148438e+01
-4.792110824584960938e+01
-4.792110824584960938e+01
-4.793088912963867188e+01
-4.794067001342773438e+01
-4.795045089721679688e+01
-4.796022796630859375e+01
-4.797000885009765625e+01
-4.797978973388671875e+01
-4.799934768676757812e+01
-4.799934768676757812e+01
-4.800912857055664062e+01
-4.801890945434570312e+01
-4.802868652343750000e+01
-4.803846740722656250e+01
-4.804824447631835938e+01
-4.806780624389648438e+01
-4.807758331298828125e+01
-4.807758331298828125e+01
-4.808736419677734375e+01
-4.809714126586914062e+01
-4.810692214965820312e+01
-4.811669921875000000e+01
-4.813625717163085938e+01
-4.813625717163085938e+01
-4.814603805541992188e+01
-4.815581512451171875e+01
-4.816559600830078125e+01
-4.817537307739257812e+01
-4.818515396118164062e+01
-4.819493103027343750e+01
-4.820471191406250000e+01
-4.821448898315429688e+01
-4.822426605224609375e+01
-4.823404693603515625e+01
-4.824382400512695312e+01
-4.825360107421875000e+01
-4.826338195800781250e+01
-4.827315902709960938e+01
-4.828293609619140625e+01
-4.829271316528320312e+01
-4.831227111816406250e+01
-4.832204818725585938e+01
-4.832204818725585938e+01
-4.834160232543945312e+01
-4.834160232543945312e+01
-4.836116027832031250e+01
-4.836116027832031250e+01
-4.837093734741210938e+01
-4.838071441650390625e+01
-4.839049148559570312e+01
-4.840026855468750000e+01
-4.841004562377929688e+01
-4.841982269287109375e+01
-4.842959976196289062e+01
-4.843937683105468750e+01
-4.844915390014648438e+01
-4.845893096923828125e+01
-4.846870803833007812e+01
-4.847848510742187500e+01
-4.848826217651367188e+01
-4.849803924560546875e+01
-4.850781631469726562e+01
-4.852737045288085938e+01
-4.852737045288085938e+01
-4.854692459106445312e+01
-4.854692459106445312e+01
-4.855669784545898438e+01
-4.856647491455078125e+01
-4.857625198364257812e+01
-4.858602905273437500e+01
-4.859580612182617188e+01
-4.860557937622070312e+01
-4.861535644531250000e+01
-4.862513351440429688e+01
-4.863491058349609375e+01
-4.864468383789062500e+01
-4.865446090698242188e+01
-4.866423797607421875e+01
-4.867401123046875000e+01
-4.868378829956054688e+01
-4.869356155395507812e+01
-4.871311569213867188e+01
-4.871311569213867188e+01
-4.872288894653320312e+01
-4.873266601562500000e+01
-4.874243927001953125e+01
-4.875221633911132812e+01
-4.876198959350585938e+01
-4.877176666259765625e+01
-4.878153991699218750e+01
-4.879131698608398438e+01
-4.880109024047851562e+01
-4.881086349487304688e+01
-4.882064056396484375e+01
-4.883041381835937500e+01
-4.884018707275390625e+01
-4.884996414184570312e+01
-4.885973739624023438e+01
-4.886951065063476562e+01
-4.887928771972656250e+01
-4.888906097412109375e+01
-4.889883422851562500e+01
-4.890861129760742188e+01
-4.892815780639648438e+01
-4.892815780639648438e+01
-4.893793106079101562e+01
-4.894770431518554688e+01
-4.895747756958007812e+01
-4.896725463867187500e+01
-4.897702789306640625e+01
-4.898680114746093750e+01
-4.899657440185546875e+01
-4.900634765625000000e+01
-4.901612091064453125e+01
-4.902589416503906250e+01
-4.903566741943359375e+01
-4.904544067382812500e+01
-4.905521392822265625e+01
-4.906498718261718750e+01
-4.907476043701171875e+01
-4.908453369140625000e+01
-4.909430694580078125e+01
-4.910408020019531250e+01
-4.911385345458984375e+01
-4.912362289428710938e+01
-4.914316940307617188e+01
-4.914316940307617188e+01
-4.915294265747070312e+01
-4.917248535156250000e+01
-4.917248535156250000e+01
-4.918225860595703125e+01
-4.919203186035156250e+01
-4.920180511474609375e+01
-4.921157455444335938e+01
-4.922134780883789062e+01
-4.923112106323242188e+01
-4.924089050292968750e+01
-4.925066375732421875e+01
-4.926043701171875000e+01
-4.927020645141601562e+01
-4.927997970581054688e+01
-4.928974914550781250e+01
-4.929952239990234375e+01
-4.930929183959960938e+01
-4.931906509399414062e+01
-4.932883453369140625e+01
-4.933860778808593750e+01
-4.934837722778320312e+01
-4.935815048217773438e+01
-4.936791992187500000e+01
-4.937769317626953125e+01
-4.938746261596679688e+01
-4.939723587036132812e+01
-4.940700531005859375e+01
-4.941677474975585938e+01
-4.942654800415039062e+01
-4.943631744384765625e+01
-4.944609069824218750e+01
-4.945586013793945312e+01
-4.946562957763671875e+01
-4.947540283203125000e+01
-4.948517227172851562e+01
-4.949494171142578125e+01
-4.950471496582031250e+01
-4.951448440551757812e+01
-4.952425384521484375e+01
-4.953402328491210938e+01
-4.954379653930664062e+01
-4.955356597900390625e+01
-4.956333541870117188e+01
-4.957310867309570312e+01
-4.958287811279296875e+01
-4.959264755249023438e+01
-4.960241699218750000e+01
-4.961219024658203125e+01
-4.962195968627929688e+01
-4.963172912597656250e+01
-4.964150238037109375e+01
-4.965127182006835938e+01
-4.966104125976562500e+01
-4.967081069946289062e+01
-4.969035339355468750e+01
-4.969035339355468750e+01
-4.970012283325195312e+01
-4.970989227294921875e+01
-4.971966552734375000e+01
-4.972943496704101562e+01
-4.973920440673828125e+01
-4.974897766113281250e+01
-4.975874710083007812e+01
-4.976851654052734375e+01
-4.977828598022460938e+01
-4.978805923461914062e+01
-4.979782867431640625e+01
-4.980759811401367188e+01
-4.981737136840820312e+01
-4.982714080810546875e+01
-4.983691024780273438e+01
-4.984668350219726562e+01
-4.985645294189453125e+01
-4.986622619628906250e+01
-4.987599563598632812e+01
-4.988576507568359375e+01
-4.990530776977539062e+01
-4.990530776977539062e+01
-4.991508102416992188e+01
-4.992485046386718750e+01
-4.993462371826171875e+01
-4.994439315795898438e+01
-4.995416641235351562e+01
-4.996393585205078125e+01
-4.997370910644531250e+01
-4.998347854614257812e+01
-4.999325180053710938e+01
-5.000302124023437500e+01
-5.001279449462890625e+01
-5.002256393432617188e+01
-5.003233718872070312e+01
-5.004211044311523438e+01
-5.005187988281250000e+01
-5.006165313720703125e+01
-5.007142639160156250e+01
-5.008119583129882812e+01
-5.009096908569335938e+01
-5.010074234008789062e+01
-5.011051559448242188e+01
-5.012028503417968750e+01
-5.013005828857421875e+01
-5.013983154296875000e+01
-5.014960479736328125e+01
-5.015937805175781250e+01
-5.016915130615234375e+01
-5.017892456054687500e+01
-5.018869781494140625e+01
-5.019847106933593750e+01
-5.020824432373046875e+01
-5.021801757812500000e+01
-5.022779083251953125e+01
-5.023756408691406250e+01
-5.024733734130859375e+01
-5.025711059570312500e+01
-5.026688385009765625e+01
-5.027665710449218750e+01
-5.028643417358398438e+01
-5.029620742797851562e+01
-5.030598068237304688e+01
-5.031575393676757812e+01
-5.032553100585937500e+01
-5.033530426025390625e+01
-5.034507751464843750e+01
-5.035485458374023438e+01
-5.036462783813476562e+01
-5.037440490722656250e+01
-5.038417816162109375e+01
-5.039395523071289062e+01
-5.040373229980468750e+01
-5.041350555419921875e+01
-5.042328262329101562e+01
-5.043305969238281250e+01
-5.044283294677734375e+01
-5.045261001586914062e+01
-5.046238708496093750e+01
-5.047216415405273438e+01
-5.048194122314453125e+01
-5.049171447753906250e+01
-5.050149154663085938e+01
-5.051126861572265625e+01
-5.052104568481445312e+01
-5.053082656860351562e+01
-5.054060363769531250e+01
-5.055038070678710938e+01
-5.056015777587890625e+01
-5.056993484497070312e+01
-5.057971572875976562e+01
-5.058949279785156250e+01
-5.059926986694335938e+01
-5.060905075073242188e+01
-5.061882781982421875e+01
-5.062860870361328125e+01
-5.063838577270507812e+01
-5.064816665649414062e+01
-5.065794372558593750e+01
-5.066772460937500000e+01
-5.067750549316406250e+01
-5.068728637695312500e+01
-5.069706344604492188e+01
-5.070684432983398438e+01
-5.071662521362304688e+01
-5.072640609741210938e+01
-5.073618698120117188e+01
-5.074596786499023438e+01
-5.075574874877929688e+01
-5.076553344726562500e+01
-5.077531433105468750e+01
-5.078509521484375000e+01
-5.079487609863281250e+01
-5.080466079711914062e+01
-5.081444168090820312e+01
-5.082422637939453125e+01
-5.083400726318359375e+01
-5.084379196166992188e+01
-5.085357284545898438e+01
-5.086335754394531250e+01
-5.088292694091796875e+01
-5.089270782470703125e+01
-5.089270782470703125e+01
-5.090249252319335938e+01
-5.091227722167968750e+01
-5.092206192016601562e+01
-5.093184661865234375e+01
-5.094163513183593750e+01
-5.095141983032226562e+01
-5.096120452880859375e+01
-5.097098922729492188e+01
-5.098077774047851562e+01
-5.099056243896484375e+01
-5.100035095214843750e+01
-5.101013565063476562e+01
-5.101992416381835938e+01
-5.102971267700195312e+01
-5.103949737548828125e+01
-5.104928588867187500e+01
-5.105907440185546875e+01
-5.106886291503906250e+01
-5.107865142822265625e+01
-5.108843994140625000e+01
-5.109822845458984375e+01
-5.110801696777343750e+01
-5.111780929565429688e+01
-5.112759780883789062e+01
-5.113738632202148438e+01
-5.113738632202148438e+01
-5.113738632202148438e+01
-5.115696716308593750e+01
-5.117655181884765625e+01
-5.118634033203125000e+01
-5.119613265991210938e+01
-5.120592498779296875e+01
-5.121571731567382812e+01
-5.122550964355468750e+01
-5.123530197143554688e+01
-5.124509429931640625e+01
-5.125489044189453125e+01
-5.127447509765625000e+01
-5.127447509765625000e+01
-5.129406356811523438e+01
-5.129406356811523438e+01
-5.130385971069335938e+01
-5.132344818115234375e+01
-5.132344818115234375e+01
-5.133324432373046875e+01
-5.134304046630859375e+01
-5.135283660888671875e+01
-5.136263275146484375e+01
-5.137242889404296875e+01
-5.138222885131835938e+01
-5.139202499389648438e+01
-5.140182113647460938e+01
-5.140182113647460938e+01
-5.140182113647460938e+01
-5.140182113647460938e+01
-5.140182113647460938e+01
-5.140182113647460938e+01
-5.140182113647460938e+01
-5.140182113647460938e+01
-5.140182113647460938e+01
-5.140182113647460938e+01
-5.140182113647460938e+01
-5.357401275634765625e+01
-5.358400726318359375e+01
-5.359400177001953125e+01
-5.360399246215820312e+01
-5.361398696899414062e+01
-5.362398147583007812e+01
-5.363397216796875000e+01
-5.364396667480468750e+01
-5.365396118164062500e+01
-5.366395187377929688e+01
-5.367394638061523438e+01
-5.368394088745117188e+01
-5.369393157958984375e+01
-5.370392608642578125e+01
-5.371392059326171875e+01
-5.372391128540039062e+01
-5.373390579223632812e+01
-5.374390029907226562e+01
-5.375389099121093750e+01
-5.376388549804687500e+01
-5.377388000488281250e+01
-5.378387069702148438e+01
-5.379386520385742188e+01
-5.380385971069335938e+01
-5.381385421752929688e+01
-5.382384490966796875e+01
-5.383383941650390625e+01
-5.384383392333984375e+01
-5.385382461547851562e+01
-5.386381912231445312e+01
-5.387381362915039062e+01
-5.388380432128906250e+01
-5.389379882812500000e+01
-5.390379333496093750e+01
-5.391378784179687500e+01
-5.392377853393554688e+01
-5.393377304077148438e+01
-5.394376754760742188e+01
-5.395376205444335938e+01
-5.396375274658203125e+01
-5.398374176025390625e+01
-5.398374176025390625e+01
-5.399373626708984375e+01
-5.400372695922851562e+01
-5.401372146606445312e+01
-5.402371597290039062e+01
-5.403371047973632812e+01
-5.404370117187500000e+01
-5.405369567871093750e+01
-5.406369018554687500e+01
-5.407368469238281250e+01
-5.408367538452148438e+01
-5.409366989135742188e+01
-5.410366439819335938e+01
-5.411365890502929688e+01
-5.412365341186523438e+01
-5.413364410400390625e+01
-5.414363861083984375e+01
-5.415363311767578125e+01
-5.416362762451171875e+01
-5.417362213134765625e+01
-5.418361663818359375e+01
-5.419360733032226562e+01
-5.420360183715820312e+01
-5.421359634399414062e+01
-5.422359085083007812e+01
-5.423358535766601562e+01
-5.424357986450195312e+01
-5.425357437133789062e+01
-5.426356887817382812e+01
-5.427355957031250000e+01
-5.428355407714843750e+01
-5.429354858398437500e+01
-5.430354309082031250e+01
-5.431353759765625000e+01
-5.432353210449218750e+01
-5.433352661132812500e+01
-5.434352111816406250e+01
-5.435351562500000000e+01
-5.436351013183593750e+01
-5.437350463867187500e+01
-5.438349914550781250e+01
-5.439349365234375000e+01
-5.440348815917968750e+01
-5.441348266601562500e+01
-5.442347717285156250e+01
-5.443347167968750000e+01
-5.444346618652343750e+01
-5.445346069335937500e+01
-5.446345520019531250e+01
-5.447344970703125000e+01
-5.448344421386718750e+01
-5.449343872070312500e+01
-5.450343322753906250e+01
-5.451342773437500000e+01
-5.452342224121093750e+01
-5.453341674804687500e+01
-5.454341125488281250e+01
-5.455340576171875000e+01
-5.456340408325195312e+01
-5.457339859008789062e+01
-5.458339309692382812e+01
-5.459338760375976562e+01
-5.460338211059570312e+01
-5.461337661743164062e+01
-5.462337493896484375e+01
-5.463336944580078125e+01
-5.464336395263671875e+01
-5.465335845947265625e+01
-5.466335296630859375e+01
-5.467335128784179688e+01
-5.468334579467773438e+01
-5.469334030151367188e+01
-5.470333480834960938e+01
-5.471333312988281250e+01
-5.472332763671875000e+01
-5.473332214355468750e+01
-5.474331665039062500e+01
-5.475331497192382812e+01
-5.476330947875976562e+01
-5.477330398559570312e+01
-5.478330230712890625e+01
-5.479329681396484375e+01
-5.480329513549804688e+01
-5.481328964233398438e+01
-5.482328414916992188e+01
-5.483328247070312500e+01
-5.484327697753906250e+01
-5.485327529907226562e+01
-5.486326980590820312e+01
-5.487326431274414062e+01
-5.488326263427734375e+01
-5.489325714111328125e+01
-5.490325546264648438e+01
-5.491324996948242188e+01
-5.492324829101562500e+01
-5.493324279785156250e+01
-5.494324111938476562e+01
-5.495323944091796875e+01
-5.496323394775390625e+01
-5.497323226928710938e+01
-5.498322677612304688e+01
-5.499322509765625000e+01
-5.500321960449218750e+01
-5.501321792602539062e+01
-5.502321624755859375e+01
-5.503321075439453125e+01
-5.504320907592773438e+01
-5.505320739746093750e+01
-5.506320190429687500e+01
-5.507320022583007812e+01
-5.508319854736328125e+01
-5.509319686889648438e+01
-5.510319137573242188e+01
-5.511318969726562500e+01
-5.512318801879882812e+01
-5.513318634033203125e+01
-5.514318466186523438e+01
-5.515317916870117188e+01
-5.516317749023437500e+01
-5.517317581176757812e+01
-5.518317413330078125e+01
-5.519317245483398438e+01
-5.520317077636718750e+01
-5.521316909790039062e+01
-5.522316741943359375e+01
-5.523316574096679688e+01
-5.524316024780273438e+01
-5.525315856933593750e+01
-5.526315689086914062e+01
-5.527315521240234375e+01
-5.528315353393554688e+01
-5.529315567016601562e+01
-5.530315399169921875e+01
-5.531315231323242188e+01
-5.532315063476562500e+01
-5.533314895629882812e+01
-5.534314727783203125e+01
-5.535314559936523438e+01
-5.536314392089843750e+01
-5.537314224243164062e+01
-5.538314437866210938e+01
-5.539314270019531250e+01
-5.540314102172851562e+01
-5.541313934326171875e+01
-5.542314147949218750e+01
-5.543313980102539062e+01
-5.544313812255859375e+01
-5.545313644409179688e+01
-5.546313858032226562e+01
-5.547313690185546875e+01
-5.548313522338867188e+01
-5.549313735961914062e+01
-5.550313568115234375e+01
-5.551313781738281250e+01
-5.552313613891601562e+01
-5.553313827514648438e+01
-5.554313659667968750e+01
-5.555313491821289062e+01
-5.556313705444335938e+01
-5.557313919067382812e+01
-5.558313751220703125e+01
-5.559313964843750000e+01
-5.560313796997070312e+01
-5.561314010620117188e+01
-5.562313842773437500e+01
-5.563314056396484375e+01
-5.564314270019531250e+01
-5.565314102172851562e+01
-5.566314315795898438e+01
-5.567314529418945312e+01
-5.568314743041992188e+01
-5.569314575195312500e+01
-5.570314788818359375e+01
-5.571315002441406250e+01
-5.572315216064453125e+01
-5.573315429687500000e+01
-5.574315261840820312e+01
-5.575315475463867188e+01
-5.576315689086914062e+01
-5.577315902709960938e+01
-5.578316116333007812e+01
-5.579316329956054688e+01
-5.580316543579101562e+01
-5.581316757202148438e+01
-5.582316970825195312e+01
-5.583317184448242188e+01
-5.584317398071289062e+01
-5.585317611694335938e+01
-5.586317825317382812e+01
-5.587318038940429688e+01
-5.588318252563476562e+01
-5.589318466186523438e+01
-5.590318679809570312e+01
-5.591318893432617188e+01
-5.593319320678710938e+01
-5.594319915771484375e+01
-5.594319915771484375e+01
-5.595320129394531250e+01
-5.596320343017578125e+01
-5.597320556640625000e+01
-5.598320770263671875e+01
-5.599320983886718750e+01
-5.600321197509765625e+01
-5.601321411132812500e+01
-5.602321624755859375e+01
-5.603321838378906250e+01
-5.604322433471679688e+01
-5.605322647094726562e+01
-5.606322860717773438e+01
-5.607323074340820312e+01
-5.608323287963867188e+01
-5.609323501586914062e+01
-5.610323715209960938e+01
-5.611323928833007812e+01
-5.612324142456054688e+01
-5.613324356079101562e+01
-5.614324569702148438e+01
-5.615324783325195312e+01
-5.616324996948242188e+01
-5.617325210571289062e+01
-5.618325424194335938e+01
-5.619325637817382812e+01
-5.620325469970703125e+01
-5.621325683593750000e+01
-5.622325897216796875e+01
-5.623326110839843750e+01
-5.624326324462890625e+01
-5.625326156616210938e+01
-5.626326370239257812e+01
-5.627326583862304688e+01
-5.628326797485351562e+01
-5.629326629638671875e+01
-5.630326843261718750e+01
-5.631326675415039062e+01
-5.632326889038085938e+01
-5.633326721191406250e+01
-5.634326934814453125e+01
-5.635326766967773438e+01
-5.636326980590820312e+01
-5.637326812744140625e+01
-5.638327026367187500e+01
-5.639326858520507812e+01
-5.640326690673828125e+01
-5.641326522827148438e+01
-5.642326736450195312e+01
-5.643326568603515625e+01
-5.644326400756835938e+01
-5.645326232910156250e+01
-5.646326065063476562e+01
-5.647325897216796875e+01
-5.648325729370117188e+01
-5.649325561523437500e+01
-5.650325393676757812e+01
-5.651325225830078125e+01
-5.653324508666992188e+01
-5.653324508666992188e+01
-5.654324340820312500e+01
-5.655323791503906250e+01
-5.656323623657226562e+01
-5.657323074340820312e+01
-5.658322906494140625e+01
-5.659322357177734375e+01
-5.660321807861328125e+01
-5.661321640014648438e+01
-5.662321090698242188e+01
-5.663320541381835938e+01
-5.664319992065429688e+01
-5.665319442749023438e+01
-5.666318893432617188e+01
-5.667318344116210938e+01
-5.668317794799804688e+01
-5.669317245483398438e+01
-5.670316314697265625e+01
-5.671315765380859375e+01
-5.672315216064453125e+01
-5.673314285278320312e+01
-5.674313735961914062e+01
-5.675312805175781250e+01
-5.676311874389648438e+01
-5.677311325073242188e+01
-5.678310394287109375e+01
-5.679309463500976562e+01
-5.680308532714843750e+01
-5.681307601928710938e+01
-5.682306671142578125e+01
-5.683305358886718750e+01
-5.684304428100585938e+01
-5.685303497314453125e+01
-5.686302185058593750e+01
-5.687301254272460938e+01
-5.688299942016601562e+01
-5.689298629760742188e+01
-5.691296386718750000e+01
-5.691296386718750000e+01
-5.693293762207031250e+01
-5.693293762207031250e+01
-5.694292449951171875e+01
-5.695290756225585938e+01
-5.696289443969726562e+01
-5.697288131713867188e+01
-5.698286437988281250e+01
-5.699285125732421875e+01
-5.700283432006835938e+01
-5.701281738281250000e+01
-5.702280044555664062e+01
-5.703278350830078125e+01
-5.704276657104492188e+01
-5.705274963378906250e+01
-5.706273269653320312e+01
-5.707271575927734375e+01
-5.708269500732421875e+01
-5.709267807006835938e+01
-5.710265731811523438e+01
-5.711263656616210938e+01
-5.712261581420898438e+01
-5.713259506225585938e+01
-5.714257431030273438e+01
-5.715255355834960938e+01
-5.716253280639648438e+01
-5.717251205444335938e+01
-5.718248748779296875e+01
-5.719246292114257812e+01
-5.720244216918945312e+01
-5.721241760253906250e+01
-5.722239303588867188e+01
-5.723236846923828125e+01
-5.724234390258789062e+01
-5.725231933593750000e+01
-5.726229095458984375e+01
-5.727226638793945312e+01
-5.728223800659179688e+01
-5.729220962524414062e+01
-5.730218124389648438e+01
-5.731215286254882812e+01
-5.732212448120117188e+01
-5.733209609985351562e+01
-5.734206771850585938e+01
-5.735203552246093750e+01
-5.736200714111328125e+01
-5.737197494506835938e+01
-5.738194274902343750e+01
-5.739191055297851562e+01
-5.740187835693359375e+01
-5.741184616088867188e+01
-5.743177795410156250e+01
-5.743177795410156250e+01
-5.744174194335937500e+01
-5.745170593261718750e+01
-5.746166992187500000e+01
-5.747163391113281250e+01
-5.748159790039062500e+01
-5.749156188964843750e+01
-5.750152587890625000e+01
-5.751148605346679688e+01
-5.752144622802734375e+01
-5.753140640258789062e+01
-5.754136657714843750e+01
-5.755132675170898438e+01
-5.756128692626953125e+01
-5.757124328613281250e+01
-5.758120346069335938e+01
-5.759115982055664062e+01
-5.760111618041992188e+01
-5.761107254028320312e+01
-5.762102890014648438e+01
-5.763098526000976562e+01
-5.764093780517578125e+01
-5.765089416503906250e+01
-5.766084671020507812e+01
-5.767079925537109375e+01
-5.768075180053710938e+01
-5.769070053100585938e+01
-5.770065307617187500e+01
-5.771060562133789062e+01
-5.772055435180664062e+01
-5.773050308227539062e+01
-5.774045181274414062e+01
-5.775040054321289062e+01
-5.776034545898437500e+01
-5.777029418945312500e+01
-5.778023910522460938e+01
-5.779018402099609375e+01
-5.780012893676757812e+01
-5.781007385253906250e+01
-5.782001876831054688e+01
-5.782995986938476562e+01
-5.783990478515625000e+01
-5.784984588623046875e+01
-5.785978698730468750e+01
-5.786972427368164062e+01
-5.787966537475585938e+01
-5.788960647583007812e+01
-5.789954376220703125e+01
-5.790948104858398438e+01
-5.792935562133789062e+01
-5.792935562133789062e+01
-5.793928909301757812e+01
-5.794922637939453125e+01
-5.795915985107421875e+01
-5.796909332275390625e+01
-5.797902679443359375e+01
-5.798896026611328125e+01
-5.799888992309570312e+01
-5.800881958007812500e+01
-5.801875305175781250e+01
-5.802868270874023438e+01
-5.803860855102539062e+01
-5.804853820800781250e+01
-5.805846786499023438e+01
-5.806839370727539062e+01
-5.807831954956054688e+01
-5.808824539184570312e+01
-5.809817123413085938e+01
-5.810809707641601562e+01
-5.811801910400390625e+01
-5.812794494628906250e+01
-5.813786697387695312e+01
-5.814778900146484375e+01
-5.815771102905273438e+01
-5.816763305664062500e+01
-5.817755126953125000e+01
-5.818747329711914062e+01
-5.819739151000976562e+01
-5.820730972290039062e+01
-5.821722793579101562e+01
-5.822714614868164062e+01
-5.823706436157226562e+01
-5.824697875976562500e+01
-5.825689697265625000e+01
-5.826681137084960938e+01
-5.827672576904296875e+01
-5.828664016723632812e+01
-5.829655456542968750e+01
-5.830646896362304688e+01
-5.832629394531250000e+01
-5.832629394531250000e+01
-5.833620452880859375e+01
-5.834611511230468750e+01
-5.835602569580078125e+01
-5.836593627929687500e+01
-5.837584686279296875e+01
-5.838575363159179688e+01
-5.839566421508789062e+01
-5.840557098388671875e+01
-5.841548156738281250e+01
-5.842538833618164062e+01
-5.843529510498046875e+01
-5.844520187377929688e+01
-5.845510482788085938e+01
-5.846501159667968750e+01
-5.847491455078125000e+01
-5.848482131958007812e+01
-5.849472427368164062e+01
-5.850462722778320312e+01
-5.851453018188476562e+01
-5.852443313598632812e+01
-5.853433609008789062e+01
-5.854423522949218750e+01
-5.855413818359375000e+01
-5.856403732299804688e+01
-5.857394027709960938e+01
-5.858383941650390625e+01
-5.859373855590820312e+01
-5.860363769531250000e+01
-5.861353683471679688e+01
-5.862343597412109375e+01
-5.863333129882812500e+01
-5.864323043823242188e+01
-5.865312576293945312e+01
-5.866302490234375000e+01
-5.867292022705078125e+01
-5.868281555175781250e+01
-5.869271087646484375e+01
-5.870260620117187500e+01
-5.871250152587890625e+01
-5.872239685058593750e+01
-5.873228836059570312e+01
-5.874218368530273438e+01
-5.875207519531250000e+01
-5.876197052001953125e+01
-5.877186203002929688e+01
-5.878175354003906250e+01
-5.879164505004882812e+01
-5.880153656005859375e+01
-5.881142807006835938e+01
-5.882131958007812500e+01
-5.883121109008789062e+01
-5.884110260009765625e+01
-5.885099029541015625e+01
-5.886088180541992188e+01
-5.887076950073242188e+01
-5.888066101074218750e+01
-5.889054870605468750e+01
-5.890043640136718750e+01
-5.892021179199218750e+01
-5.893009948730468750e+01
-5.893009948730468750e+01
-5.893998718261718750e+01
-5.894987487792968750e+01
-5.895976257324218750e+01
-5.896964645385742188e+01
-5.897953414916992188e+01
-5.898941802978515625e+01
-5.899930572509765625e+01
-5.900918960571289062e+01
-5.901907730102539062e+01
-5.902896118164062500e+01
-5.903884506225585938e+01
-5.904872894287109375e+01
-5.905861282348632812e+01
-5.906849670410156250e+01
-5.907838058471679688e+01
-5.908826446533203125e+01
-5.909814834594726562e+01
-5.910803222656250000e+01
-5.911791610717773438e+01
-5.912779617309570312e+01
-5.913768005371093750e+01
-5.914756393432617188e+01
-5.915744400024414062e+01
-5.916732788085937500e+01
-5.917720794677734375e+01
-5.918709182739257812e+01
-5.919697189331054688e+01
-5.920685195922851562e+01
-5.921673202514648438e+01
-5.922661590576171875e+01
-5.923649597167968750e+01
-5.924637603759765625e+01
-5.925625610351562500e+01
-5.926613616943359375e+01
-5.927601623535156250e+01
-5.928589630126953125e+01
-5.929577636718750000e+01
-5.930565643310546875e+01
-5.931553649902343750e+01
-5.932541656494140625e+01
-5.933529281616210938e+01
-5.934517288208007812e+01
-5.935505294799804688e+01
-5.936493301391601562e+01
-5.937480926513671875e+01
-5.938468933105468750e+01
-5.939456939697265625e+01
-5.940444564819335938e+01
-5.941432571411132812e+01
-5.942420196533203125e+01
-5.943408203125000000e+01
-5.944395828247070312e+01
-5.945383834838867188e+01
-5.946371459960937500e+01
-5.947359466552734375e+01
-5.949335098266601562e+01
-5.949335098266601562e+01
-5.951310348510742188e+01
-5.951310348510742188e+01
-5.952298355102539062e+01
-5.953285980224609375e+01
-5.954273986816406250e+01
-5.955261611938476562e+01
-5.956249237060546875e+01
-5.957237243652343750e+01
-5.958224868774414062e+01
-5.959212493896484375e+01
-5.960200500488281250e+01
-5.961188125610351562e+01
-5.962175750732421875e+01
-5.963163375854492188e+01
-5.964151382446289062e+01
-5.966126632690429688e+01
-5.967114639282226562e+01
-5.967114639282226562e+01
-5.968102264404296875e+01
-5.969089889526367188e+01
-5.970077896118164062e+01
-5.971065521240234375e+01
-5.972053146362304688e+01
-5.973041152954101562e+01
-5.975016784667968750e+01
-5.976004409790039062e+01
-5.976004409790039062e+01
-5.977980041503906250e+01
-5.977980041503906250e+01
-5.978967666625976562e+01
-5.980943298339843750e+01
-5.980943298339843750e+01
-5.981931304931640625e+01
-5.982918930053710938e+01
-5.983906936645507812e+01
-5.984894561767578125e+01
-5.985882568359375000e+01
-5.986870193481445312e+01
-5.987858200073242188e+01
-5.988846206665039062e+01
-5.989833831787109375e+01
-5.990821838378906250e+01
-5.991809844970703125e+01
-5.992797470092773438e+01
-5.993785476684570312e+01
-5.994773483276367188e+01
-5.995761489868164062e+01
-5.997737503051757812e+01
-5.997737503051757812e+01
-5.998725509643554688e+01
-5.999713516235351562e+01
-6.000701522827148438e+01
-6.001689529418945312e+01
-6.002677536010742188e+01
-6.003665542602539062e+01
-6.004653549194335938e+01
-6.005641937255859375e+01
-6.006629943847656250e+01
-6.007617950439453125e+01
-6.008606338500976562e+01
-6.009594345092773438e+01
-6.010582351684570312e+01
-6.011570739746093750e+01
-6.012559127807617188e+01
-6.013547134399414062e+01
-6.014535522460937500e+01
-6.015523910522460938e+01
-6.016511917114257812e+01
-6.017500305175781250e+01
-6.018488693237304688e+01
-6.019477081298828125e+01
-6.020465469360351562e+01
-6.021453857421875000e+01
-6.022442245483398438e+01
-6.023430633544921875e+01
-6.024419021606445312e+01
-6.025407409667968750e+01
-6.026395797729492188e+01
-6.027384567260742188e+01
-6.028372955322265625e+01
-6.029361343383789062e+01
-6.030350112915039062e+01
-6.031338500976562500e+01
-6.032327270507812500e+01
-6.033315658569335938e+01
-6.034304428100585938e+01
-6.035292816162109375e+01
-6.036281585693359375e+01
-6.037270355224609375e+01
-6.038258743286132812e+01
-6.039247512817382812e+01
-6.040236282348632812e+01
-6.041225051879882812e+01
-6.042213821411132812e+01
-6.043202209472656250e+01
-6.044190979003906250e+01
-6.045179748535156250e+01
-6.046168518066406250e+01
-6.047157287597656250e+01
-6.048146438598632812e+01
-6.049135208129882812e+01
-6.050123977661132812e+01
-6.051112747192382812e+01
-6.052101516723632812e+01
-6.053090667724609375e+01
-6.054079437255859375e+01
-6.055068206787109375e+01
-6.056057357788085938e+01
-6.057046127319335938e+01
-6.058035278320312500e+01
-6.059024047851562500e+01
-6.060013198852539062e+01
-6.061001968383789062e+01
-6.061991119384765625e+01
-6.062979888916015625e+01
-6.063969039916992188e+01
-6.064958190917968750e+01
-6.065946960449218750e+01
-6.066936111450195312e+01
-6.067925262451171875e+01
-6.068914413452148438e+01
-6.069903564453125000e+01
-6.070892715454101562e+01
-6.071881484985351562e+01
-6.072870635986328125e+01
-6.073859786987304688e+01
-6.074848937988281250e+01
-6.075838088989257812e+01
-6.076827239990234375e+01
-6.077816772460937500e+01
-6.078805923461914062e+01
-6.079795074462890625e+01
-6.080784225463867188e+01
-6.081773376464843750e+01
-6.082762527465820312e+01
-6.083752059936523438e+01
-6.084741210937500000e+01
-6.085730361938476562e+01
-6.086719512939453125e+01
-6.087709045410156250e+01
-6.089687728881835938e+01
-6.089687728881835938e+01
-6.090676879882812500e+01
-6.091666030883789062e+01
-6.092655563354492188e+01
-6.093644714355468750e+01
-6.094634246826171875e+01
-6.095623779296875000e+01
-6.096612930297851562e+01
-6.097602462768554688e+01
-6.098591613769531250e+01
-6.099581146240234375e+01
-6.100570678710937500e+01
-6.101559829711914062e+01
-6.102549362182617188e+01
-6.103538894653320312e+01
-6.104528045654296875e+01
-6.105517578125000000e+01
-6.106507110595703125e+01
-6.107496643066406250e+01
-6.108486175537109375e+01
-6.109475326538085938e+01
-6.110464859008789062e+01
-6.111454391479492188e+01
-6.112443923950195312e+01
-6.113433456420898438e+01
-6.114422988891601562e+01
-6.115412521362304688e+01
-6.116402053833007812e+01
-6.117391586303710938e+01
-6.118381118774414062e+01
-6.119370651245117188e+01
-6.120360183715820312e+01
-6.121349716186523438e+01
-6.122339248657226562e+01
-6.123328781127929688e+01
-6.124318313598632812e+01
-6.126297378540039062e+01
-6.127286911010742188e+01
-6.128276824951171875e+01
-6.128276824951171875e+01
-6.129266357421875000e+01
-6.130255889892578125e+01
-6.130255889892578125e+01
-6.132234954833984375e+01
-6.133224487304687500e+01
-6.134214401245117188e+01
-6.135203933715820312e+01
-6.136193466186523438e+01
-6.137182998657226562e+01
-6.138172912597656250e+01
-6.139162445068359375e+01
-6.140151977539062500e+01
-6.141141510009765625e+01
-6.142131423950195312e+01
-6.143120956420898438e+01
-6.144110488891601562e+01
-6.145100402832031250e+01
-6.146089935302734375e+01
-6.147079467773437500e+01
-6.148069381713867188e+01
-6.149058914184570312e+01
-6.150048446655273438e+01
-6.151038360595703125e+01
-6.153017807006835938e+01
-6.153017807006835938e+01
-6.154007339477539062e+01
-6.154996871948242188e+01
-6.155986785888671875e+01
-6.156976318359375000e+01
-6.157966232299804688e+01
-6.158955764770507812e+01
-6.159945297241210938e+01
-6.160935211181640625e+01
-6.162914657592773438e+01
-6.162914657592773438e+01
-6.163904190063476562e+01
-6.164893722534179688e+01
-6.165883636474609375e+01
-6.166873168945312500e+01
-6.167863082885742188e+01
-6.168852615356445312e+01
-6.169842529296875000e+01
-6.170832061767578125e+01
-6.171821594238281250e+01
-6.172811508178710938e+01
-6.173801040649414062e+01
-6.175780487060546875e+01
-6.175780487060546875e+01
-6.176770401000976562e+01
-6.178749465942382812e+01
-6.178749465942382812e+01
-6.179739379882812500e+01
-6.180728912353515625e+01
-6.181718826293945312e+01
-6.183698272705078125e+01
-6.183698272705078125e+01
-6.185677337646484375e+01
-6.185677337646484375e+01
-6.187656784057617188e+01
-6.188646697998046875e+01
-6.188646697998046875e+01
-6.189636230468750000e+01
-6.190625762939453125e+01
-6.191615676879882812e+01
-6.191615676879882812e+01
-6.191615676879882812e+01
-6.191615676879882812e+01
-6.191615676879882812e+01
-6.191615676879882812e+01
-6.191615676879882812e+01
-6.191615676879882812e+01
-6.191615676879882812e+01
-6.397097778320312500e+01
-6.398087310791015625e+01
-6.399076843261718750e+01
-6.400066375732421875e+01
-6.401055908203125000e+01
-6.402045440673828125e+01
-6.403034973144531250e+01
-6.404024505615234375e+01
-6.405014038085937500e+01
-6.406003570556640625e+01
-6.406993103027343750e+01
-6.407982635498046875e+01
-6.408972167968750000e+01
-6.409961700439453125e+01
-6.410951232910156250e+01
-6.411940765380859375e+01
-6.412930297851562500e+01
-6.413919830322265625e+01
-6.414909362792968750e+01
-6.414909362792968750e+01
-6.416889190673828125e+01
-6.417878723144531250e+01
-6.418868255615234375e+01
-6.419857788085937500e+01
-6.420847320556640625e+01
-6.421836853027343750e+01
-6.422826385498046875e+01
-6.423815917968750000e+01
-6.424805450439453125e+01
-6.425794982910156250e+01
-6.426784515380859375e+01
-6.427774047851562500e+01
-6.428763580322265625e+01
-6.429753112792968750e+01
-6.430742645263671875e+01
-6.431732177734375000e+01
-6.432721710205078125e+01
-6.433711242675781250e+01
-6.434700775146484375e+01
-6.435690307617187500e+01
-6.436679840087890625e+01
-6.437669372558593750e+01
-6.438659667968750000e+01
-6.439649200439453125e+01
-6.440638732910156250e+01
-6.441628265380859375e+01
-6.442617797851562500e+01
-6.443607330322265625e+01
-6.444596862792968750e+01
-6.445586395263671875e+01
-6.446575927734375000e+01
-6.447565460205078125e+01
-6.448554992675781250e+01
-6.449544525146484375e+01
-6.450534057617187500e+01
-6.451523590087890625e+01
-6.452513122558593750e+01
-6.453503417968750000e+01
-6.454492950439453125e+01
-6.455482482910156250e+01
-6.456472015380859375e+01
-6.457461547851562500e+01
-6.458451080322265625e+01
-6.459440612792968750e+01
-6.460430145263671875e+01
-6.461419677734375000e+01
-6.462409210205078125e+01
-6.463398742675781250e+01
-6.464389038085937500e+01
-6.465378570556640625e+01
-6.466368103027343750e+01
-6.467357635498046875e+01
-6.468347167968750000e+01
-6.469336700439453125e+01
-6.470326232910156250e+01
-6.471315765380859375e+01
-6.472305297851562500e+01
-6.473295593261718750e+01
-6.474285125732421875e+01
-6.475274658203125000e+01
-6.476264190673828125e+01
-6.477253723144531250e+01
-6.478243255615234375e+01
-6.479232788085937500e+01
-6.480222320556640625e+01
-6.481212615966796875e+01
-6.482202148437500000e+01
-6.483191680908203125e+01
-6.484181213378906250e+01
-6.485170745849609375e+01
-6.486160278320312500e+01
-6.487149810791015625e+01
-6.488140106201171875e+01
-6.489129638671875000e+01
-6.490119171142578125e+01
-6.491108703613281250e+01
-6.492098236083984375e+01
-6.493087768554687500e+01
-6.494078063964843750e+01
-6.495067596435546875e+01
-6.496057128906250000e+01
-6.497046661376953125e+01
-6.498036193847656250e+01
-6.499025726318359375e+01
-6.500016021728515625e+01
-6.501005554199218750e+01
-6.501995086669921875e+01
-6.502984619140625000e+01
-6.503974151611328125e+01
-6.504964447021484375e+01
-6.505953979492187500e+01
-6.506943511962890625e+01
-6.507933044433593750e+01
-6.508922576904296875e+01
-6.509912872314453125e+01
-6.510902404785156250e+01
-6.511891937255859375e+01
-6.512881469726562500e+01
-6.513871765136718750e+01
-6.514861297607421875e+01
-6.515850830078125000e+01
-6.516840362548828125e+01
-6.517829895019531250e+01
-6.518820190429687500e+01
-6.519809722900390625e+01
-6.520799255371093750e+01
-6.521789550781250000e+01
-6.522779083251953125e+01
-6.523768615722656250e+01
-6.524758148193359375e+01
-6.526737976074218750e+01
-6.526737976074218750e+01
-6.527727508544921875e+01
-6.528717041015625000e+01
-6.529707336425781250e+01
-6.530696868896484375e+01
-6.531686401367187500e+01
-6.532676696777343750e+01
-6.533666229248046875e+01
-6.534655761718750000e+01
-6.535646057128906250e+01
-6.536635589599609375e+01
-6.537625122070312500e+01
-6.538614654541015625e+01
-6.539604949951171875e+01
-6.540594482421875000e+01
-6.541584014892578125e+01
-6.542574310302734375e+01
-6.543563842773437500e+01
-6.544554138183593750e+01
-6.545543670654296875e+01
-6.546533203125000000e+01
-6.547523498535156250e+01
-6.548513031005859375e+01
-6.549502563476562500e+01
-6.550492858886718750e+01
-6.551482391357421875e+01
-6.552471923828125000e+01
-6.553462219238281250e+01
-6.554451751708984375e+01
-6.555442047119140625e+01
-6.556431579589843750e+01
-6.557421112060546875e+01
-6.558411407470703125e+01
-6.559400939941406250e+01
-6.560391235351562500e+01
-6.561380767822265625e+01
-6.562371063232421875e+01
-6.563360595703125000e+01
-6.564350128173828125e+01
-6.565340423583984375e+01
-6.566329956054687500e+01
-6.567320251464843750e+01
-6.568309783935546875e+01
-6.569300079345703125e+01
-6.570289611816406250e+01
-6.571279907226562500e+01
-6.572269439697265625e+01
-6.573259735107421875e+01
-6.574249267578125000e+01
-6.575239562988281250e+01
-6.576229095458984375e+01
-6.577219390869140625e+01
-6.578208923339843750e+01
-6.579199218750000000e+01
-6.580188751220703125e+01
-6.581179046630859375e+01
-6.582168579101562500e+01
-6.583158874511718750e+01
-6.584148406982421875e+01
-6.585138702392578125e+01
-6.586128234863281250e+01
-6.587118530273437500e+01
-6.588108825683593750e+01
-6.589098358154296875e+01
-6.590088653564453125e+01
-6.591078186035156250e+01
-6.592068481445312500e+01
-6.593058013916015625e+01
-6.594048309326171875e+01
-6.595038604736328125e+01
-6.596028137207031250e+01
-6.597018432617187500e+01
-6.598008728027343750e+01
-6.598998260498046875e+01
-6.599988555908203125e+01
-6.600978088378906250e+01
-6.601968383789062500e+01
-6.602958679199218750e+01
-6.603948211669921875e+01
-6.604938507080078125e+01
-6.605928802490234375e+01
-6.606918334960937500e+01
-6.607908630371093750e+01
-6.608898925781250000e+01
-6.609888458251953125e+01
-6.610878753662109375e+01
-6.611869049072265625e+01
-6.612859344482421875e+01
-6.613848876953125000e+01
-6.614839172363281250e+01
-6.615829467773437500e+01
-6.616819000244140625e+01
-6.617809295654296875e+01
-6.618799591064453125e+01
-6.619789886474609375e+01
-6.620779418945312500e+01
-6.621769714355468750e+01
-6.622760009765625000e+01
-6.623749542236328125e+01
-6.624739837646484375e+01
-6.625730133056640625e+01
-6.626720428466796875e+01
-6.627709960937500000e+01
-6.628700256347656250e+01
-6.629690551757812500e+01
-6.630680847167968750e+01
-6.631671142578125000e+01
-6.632660675048828125e+01
-6.633650970458984375e+01
-6.634641265869140625e+01
-6.635631561279296875e+01
-6.636621093750000000e+01
-6.637611389160156250e+01
-6.638601684570312500e+01
-6.639591979980468750e+01
-6.640581512451171875e+01
-6.641571807861328125e+01
-6.642562103271484375e+01
-6.643552398681640625e+01
-6.644541931152343750e+01
-6.645532226562500000e+01
-6.646522521972656250e+01
-6.647512817382812500e+01
-6.648503112792968750e+01
-6.649492645263671875e+01
-6.650482940673828125e+01
-6.651473236083984375e+01
-6.652463531494140625e+01
-6.653453063964843750e+01
-6.654443359375000000e+01
-6.655433654785156250e+01
-6.656423950195312500e+01
-6.657413482666015625e+01
-6.658403778076171875e+01
-6.659394073486328125e+01
-6.660384368896484375e+01
-6.661373901367187500e+01
-6.662364196777343750e+01
-6.663354492187500000e+01
-6.664344787597656250e+01
-6.665334320068359375e+01
-6.666324615478515625e+01
-6.667314910888671875e+01
-6.668305206298828125e+01
-6.669294738769531250e+01
-6.670285034179687500e+01
-6.671275329589843750e+01
-6.672264862060546875e+01
-6.673255157470703125e+01
-6.674245452880859375e+01
-6.675234985351562500e+01
-6.676225280761718750e+01
-6.677215576171875000e+01
-6.678205871582031250e+01
-6.679195404052734375e+01
-6.680185699462890625e+01
-6.681175994873046875e+01
-6.682165527343750000e+01
-6.683155822753906250e+01
-6.684145355224609375e+01
-6.685135650634765625e+01
-6.686125946044921875e+01
-6.687115478515625000e+01
-6.688105773925781250e+01
-6.689096069335937500e+01
-6.690085601806640625e+01
-6.691075897216796875e+01
-6.692065429687500000e+01
-6.693055725097656250e+01
-6.694046020507812500e+01
-6.695035552978515625e+01
-6.696025848388671875e+01
-6.697015380859375000e+01
-6.698005676269531250e+01
-6.698995208740234375e+01
-6.699985504150390625e+01
-6.700975036621093750e+01
-6.701965332031250000e+01
-6.702954864501953125e+01
-6.703945159912109375e+01
-6.704934692382812500e+01
-6.705924987792968750e+01
-6.706914520263671875e+01
-6.707904815673828125e+01
-6.708894348144531250e+01
-6.709884643554687500e+01
-6.710874176025390625e+01
-6.711864471435546875e+01
-6.712854003906250000e+01
-6.713843536376953125e+01
-6.714833831787109375e+01
-6.715823364257812500e+01
-6.716813659667968750e+01
-6.717803192138671875e+01
-6.718792724609375000e+01
-6.719783020019531250e+01
-6.720772552490234375e+01
-6.721762084960937500e+01
-6.722752380371093750e+01
-6.723741912841796875e+01
-6.724731445312500000e+01
-6.725721740722656250e+01
-6.726711273193359375e+01
-6.727700805664062500e+01
-6.728690338134765625e+01
-6.729679870605468750e+01
-6.730670166015625000e+01
-6.731659698486328125e+01
-6.732649230957031250e+01
-6.733638763427734375e+01
-6.733638763427734375e+01
-6.735618591308593750e+01
-6.736608123779296875e+01
-6.737597656250000000e+01
-6.738587188720703125e+01
-6.739576721191406250e+01
-6.740566253662109375e+01
-6.741555786132812500e+01
-6.742545318603515625e+01
-6.743534851074218750e+01
-6.744524383544921875e+01
-6.745513916015625000e+01
-6.746503448486328125e+01
-6.747492980957031250e+01
-6.748482513427734375e+01
-6.749472045898437500e+01
-6.750461578369140625e+01
-6.751451110839843750e+01
-6.752440643310546875e+01
-6.753430175781250000e+01
-6.754419708251953125e+01
-6.755409240722656250e+01
-6.756398010253906250e+01
-6.757387542724609375e+01
-6.758377075195312500e+01
-6.759366607666015625e+01
-6.760356140136718750e+01
-6.761344909667968750e+01
-6.762334442138671875e+01
-6.763323974609375000e+01
-6.764312744140625000e+01
-6.765302276611328125e+01
-6.766291809082031250e+01
-6.767280578613281250e+01
-6.768270111083984375e+01
-6.769259643554687500e+01
-6.770248413085937500e+01
-6.771237945556640625e+01
-6.772226715087890625e+01
-6.773216247558593750e+01
-6.774205017089843750e+01
-6.775194549560546875e+01
-6.776183319091796875e+01
-6.777172851562500000e+01
-6.778161621093750000e+01
-6.779151153564453125e+01
-6.780139923095703125e+01
-6.781129455566406250e+01
-6.782118225097656250e+01
-6.783106994628906250e+01
-6.784096527099609375e+01
-6.785085296630859375e+01
-6.786074066162109375e+01
-6.787062835693359375e+01
-6.788052368164062500e+01
-6.789041137695312500e+01
-6.790029907226562500e+01
-6.791018676757812500e+01
-6.792007446289062500e+01
-6.792996978759765625e+01
-6.793985748291015625e+01
-6.794974517822265625e+01
-6.795963287353515625e+01
-6.796952056884765625e+01
-6.797940826416015625e+01
-6.798929595947265625e+01
-6.799918365478515625e+01
-6.800907135009765625e+01
-6.801895904541015625e+01
-6.802884674072265625e+01
-6.803873443603515625e+01
-6.804861450195312500e+01
-6.805850219726562500e+01
-6.806838989257812500e+01
-6.807827758789062500e+01
-6.808816528320312500e+01
-6.809804534912109375e+01
-6.810793304443359375e+01
-6.811782073974609375e+01
-6.812770843505859375e+01
-6.813758850097656250e+01
-6.814747619628906250e+01
-6.815735626220703125e+01
-6.816724395751953125e+01
-6.817713165283203125e+01
-6.818701171875000000e+01
-6.819689941406250000e+01
-6.820677947998046875e+01
-6.821666717529296875e+01
-6.822654724121093750e+01
-6.823643493652343750e+01
-6.824631500244140625e+01
-6.825620269775390625e+01
-6.826608276367187500e+01
-6.827597045898437500e+01
-6.828585052490234375e+01
-6.829573059082031250e+01
-6.830561828613281250e+01
-6.831549835205078125e+01
-6.832538604736328125e+01
-6.833526611328125000e+01
-6.834514617919921875e+01
-6.835503387451171875e+01
-6.836491394042968750e+01
-6.837479400634765625e+01
-6.838468170166015625e+01
-6.839456176757812500e+01
-6.840444183349609375e+01
-6.841432952880859375e+01
-6.842420959472656250e+01
-6.843408966064453125e+01
-6.844396972656250000e+01
-6.845385742187500000e+01
-6.846373748779296875e+01
-6.847361755371093750e+01
-6.848350524902343750e+01
-6.849338531494140625e+01
-6.850326538085937500e+01
-6.851314544677734375e+01
-6.852303314208984375e+01
-6.853291320800781250e+01
-6.854279327392578125e+01
-6.855268096923828125e+01
-6.856256103515625000e+01
-6.857244110107421875e+01
-6.858232879638671875e+01
-6.859220886230468750e+01
-6.860208892822265625e+01
-6.861196899414062500e+01
-6.862185668945312500e+01
-6.863173675537109375e+01
-6.864161682128906250e+01
-6.865150451660156250e+01
-6.866138458251953125e+01
-6.867126464843750000e+01
-6.868115234375000000e+01
-6.869103240966796875e+01
-6.870092010498046875e+01
-6.871080017089843750e+01
-6.872068023681640625e+01
-6.873056793212890625e+01
-6.874044799804687500e+01
-6.875033569335937500e+01
-6.876021575927734375e+01
-6.877010345458984375e+01
-6.877998352050781250e+01
-6.878987121582031250e+01
-6.879975128173828125e+01
-6.880963897705078125e+01
-6.881951904296875000e+01
-6.882940673828125000e+01
-6.883928680419921875e+01
-6.884917449951171875e+01
-6.885906219482421875e+01
-6.886894226074218750e+01
-6.887882995605468750e+01
-6.888871765136718750e+01
-6.889859771728515625e+01
-6.890848541259765625e+01
-6.891837310791015625e+01
-6.892826080322265625e+01
-6.893814086914062500e+01
-6.894802856445312500e+01
-6.895791625976562500e+01
-6.896780395507812500e+01
-6.897769165039062500e+01
-6.898757934570312500e+01
-6.899746704101562500e+01
-6.900735473632812500e+01
-6.901724243164062500e+01
-6.902713012695312500e+01
-6.903701782226562500e+01
-6.904690551757812500e+01
-6.905679321289062500e+01
-6.906668090820312500e+01
-6.907656860351562500e+01
-6.908646392822265625e+01
-6.909635162353515625e+01
-6.910623931884765625e+01
-6.911612701416015625e+01
-6.912602233886718750e+01
-6.913591003417968750e+01
-6.914579772949218750e+01
-6.915569305419921875e+01
-6.916558074951171875e+01
-6.917547607421875000e+01
-6.918536376953125000e+01
-6.919525909423828125e+01
-6.920515441894531250e+01
-6.921504211425781250e+01
-6.922493743896484375e+01
-6.923483276367187500e+01
-6.924472808837890625e+01
-6.925461578369140625e+01
-6.926451110839843750e+01
-6.927440643310546875e+01
-6.928430175781250000e+01
-6.929419708251953125e+01
-6.930409240722656250e+01
-6.931398773193359375e+01
-6.932388305664062500e+01
-6.933378601074218750e+01
-6.934368133544921875e+01
-6.935357666015625000e+01
-6.936347198486328125e+01
-6.937337493896484375e+01
-6.938327026367187500e+01
-6.939317321777343750e+01
-6.940306854248046875e+01
-6.941297149658203125e+01
-6.942286682128906250e+01
-6.943276977539062500e+01
-6.944267272949218750e+01
-6.945256805419921875e+01
-6.946247100830078125e+01
-6.947237396240234375e+01
-6.948227691650390625e+01
-6.949217987060546875e+01
-6.950208282470703125e+01
-6.951198577880859375e+01
-6.952188873291015625e+01
-6.953179168701171875e+01
-6.954170227050781250e+01
-6.955160522460937500e+01
-6.956150817871093750e+01
-6.957141876220703125e+01
-6.958132171630859375e+01
-6.959123229980468750e+01
-6.960113525390625000e+01
-6.961104583740234375e+01
-6.962095642089843750e+01
-6.963086700439453125e+01
-6.964076995849609375e+01
-6.965068054199218750e+01
-6.966059112548828125e+01
-6.967050170898437500e+01
-6.968041229248046875e+01
-6.969033050537109375e+01
-6.970024108886718750e+01
-6.971015167236328125e+01
-6.972006225585937500e+01
-6.972998046875000000e+01
-6.973989105224609375e+01
-6.974980926513671875e+01
-6.975971984863281250e+01
-6.976963806152343750e+01
-6.977955627441406250e+01
-6.978947448730468750e+01
-6.979939270019531250e+01
-6.980931091308593750e+01
-6.981922912597656250e+01
-6.982914733886718750e+01
-6.983906555175781250e+01
-6.984898376464843750e+01
-6.985890960693359375e+01
-6.986882781982421875e+01
-6.987875366210937500e+01
-6.988867187500000000e+01
-6.989859771728515625e+01
-6.990851593017578125e+01
-6.991844177246093750e+01
-6.992836761474609375e+01
-6.993829345703125000e+01
-6.994821929931640625e+01
-6.995814514160156250e+01
-6.996807098388671875e+01
-6.997800445556640625e+01
-6.998793029785156250e+01
-6.999785614013671875e+01
-7.000778961181640625e+01
-7.001771545410156250e+01
-7.002764892578125000e+01
-7.003758239746093750e+01
-7.004751586914062500e+01
-7.005744934082031250e+01
-7.006738281250000000e+01
-7.007731628417968750e+01
-7.008724975585937500e+01
-7.009718322753906250e+01
-7.010712432861328125e+01
-7.011705780029296875e+01
-7.012699890136718750e+01
-7.013693237304687500e+01
-7.014687347412109375e+01
-7.015681457519531250e+01
-7.016675567626953125e+01
-7.017669677734375000e+01
-7.018663787841796875e+01
-7.019657897949218750e+01
-7.020652008056640625e+01
-7.021646118164062500e+01
-7.022640991210937500e+01
-7.023635101318359375e+01
-7.024629974365234375e+01
-7.025624084472656250e+01
-7.026618957519531250e+01
-7.027613830566406250e+01
-7.028608703613281250e+01
-7.029603576660156250e+01
-7.030598449707031250e+01
-7.031593322753906250e+01
-7.032588195800781250e+01
-7.033583831787109375e+01
-7.034578704833984375e+01
-7.035574340820312500e+01
-7.036569213867187500e+01
-7.037564849853515625e+01
-7.038559722900390625e+01
-7.039555358886718750e+01
-7.040550994873046875e+01
-7.041546630859375000e+01
-7.042542266845703125e+01
-7.043537902832031250e+01
-7.044533538818359375e+01
-7.045529174804687500e+01
-7.046525573730468750e+01
-7.047521209716796875e+01
-7.048517608642578125e+01
-7.049513244628906250e+01
-7.050509643554687500e+01
-7.051505279541015625e+01
-7.052501678466796875e+01
-7.053498077392578125e+01
-7.054494476318359375e+01
-7.054494476318359375e+01
-7.056487274169921875e+01
-7.057483673095703125e+01
-7.058480072021484375e+01
-7.059476470947265625e+01
-7.060473632812500000e+01
-7.061470031738281250e+01
-7.062466430664062500e+01
-7.063463592529296875e+01
-7.064460754394531250e+01
-7.065457153320312500e+01
-7.066454315185546875e+01
-7.067451477050781250e+01
-7.068447875976562500e+01
-7.069445037841796875e+01
-7.070442199707031250e+01
-7.071439361572265625e+01
-7.072436523437500000e+01
-7.073434448242187500e+01
-7.074431610107421875e+01
-7.075428771972656250e+01
-7.076425933837890625e+01
-7.077423858642578125e+01
-7.078421020507812500e+01
-7.079418945312500000e+01
-7.080416107177734375e+01
-7.081414031982421875e+01
-7.082411956787109375e+01
-7.083409118652343750e+01
-7.084407043457031250e+01
-7.085404968261718750e+01
-7.086402893066406250e+01
-7.087400817871093750e+01
-7.088398742675781250e+01
-7.089396667480468750e+01
-7.090394592285156250e+01
-7.091392517089843750e+01
-7.092391204833984375e+01
-7.093389129638671875e+01
-7.094387054443359375e+01
-7.095385742187500000e+01
-7.096383666992187500e+01
-7.097382354736328125e+01
-7.098380279541015625e+01
-7.099378967285156250e+01
-7.100377655029296875e+01
-7.101375579833984375e+01
-7.102374267578125000e+01
-7.103372955322265625e+01
-7.104371643066406250e+01
-7.105370330810546875e+01
-7.106369018554687500e+01
-7.107367706298828125e+01
-7.108366394042968750e+01
-7.109365081787109375e+01
-7.110363769531250000e+01
-7.111362457275390625e+01
-7.112361907958984375e+01
-7.113360595703125000e+01
-7.114359283447265625e+01
-7.115358734130859375e+01
-7.116357421875000000e+01
-7.117356109619140625e+01
-7.118355560302734375e+01
-7.118355560302734375e+01
-7.120353698730468750e+01
-7.121353149414062500e+01
-7.122351837158203125e+01
-7.123351287841796875e+01
-7.124350738525390625e+01
-7.125350189208984375e+01
-7.126348876953125000e+01
-7.127348327636718750e+01
-7.128347778320312500e+01
-7.129347229003906250e+01
-7.130346679687500000e+01
-7.131346130371093750e+01
-7.132345581054687500e+01
-7.133345031738281250e+01
-7.134345245361328125e+01
-7.135344696044921875e+01
-7.136344146728515625e+01
-7.137343597412109375e+01
-7.138343048095703125e+01
-7.139343261718750000e+01
-7.140342712402343750e+01
-7.141342163085937500e+01
-7.142342376708984375e+01
-7.143341827392578125e+01
-7.144342041015625000e+01
-7.145341491699218750e+01
-7.146341705322265625e+01
-7.147341156005859375e+01
-7.148341369628906250e+01
-7.149341583251953125e+01
-7.150341033935546875e+01
-7.151341247558593750e+01
-7.152341461181640625e+01
-7.153340911865234375e+01
-7.154341125488281250e+01
-7.155341339111328125e+01
-7.156341552734375000e+01
-7.157341766357421875e+01
-7.158341217041015625e+01
-7.159341430664062500e+01
-7.160341644287109375e+01
-7.161341857910156250e+01
-7.162342071533203125e+01
-7.163342285156250000e+01
-7.164342498779296875e+01
-7.165342712402343750e+01
-7.166342926025390625e+01
-7.167343139648437500e+01
-7.168343353271484375e+01
-7.169343566894531250e+01
-7.170344543457031250e+01
-7.171344757080078125e+01
-7.172344970703125000e+01
-7.173345184326171875e+01
-7.174345397949218750e+01
-7.175345611572265625e+01
-7.176346588134765625e+01
-7.177346801757812500e+01
-7.178347015380859375e+01
-7.179347991943359375e+01
-7.180348205566406250e+01
-7.181348419189453125e+01
-7.182348632812500000e+01
-7.183349609375000000e+01
-7.184349822998046875e+01
-7.185350799560546875e+01
-7.186351013183593750e+01
-7.187351226806640625e+01
-7.188352203369140625e+01
-7.189352416992187500e+01
-7.190353393554687500e+01
-7.191353607177734375e+01
-7.192354583740234375e+01
-7.193354797363281250e+01
-7.194355773925781250e+01
-7.195355987548828125e+01
-7.196356964111328125e+01
-7.197357177734375000e+01
-7.198358154296875000e+01
-7.199358367919921875e+01
-7.200359344482421875e+01
-7.201359558105468750e+01
-7.202360534667968750e+01
-7.203360748291015625e+01
-7.204361724853515625e+01
-7.205361938476562500e+01
-7.206362915039062500e+01
-7.207363128662109375e+01
-7.208364105224609375e+01
-7.209365081787109375e+01
-7.210365295410156250e+01
-7.211366271972656250e+01
-7.212366485595703125e+01
-7.213367462158203125e+01
-7.214367675781250000e+01
-7.215368652343750000e+01
-7.216369628906250000e+01
-7.217369842529296875e+01
-7.218370819091796875e+01
-7.219371032714843750e+01
-7.220372009277343750e+01
-7.221372222900390625e+01
-7.222373199462890625e+01
-7.223374176025390625e+01
-7.224374389648437500e+01
-7.225375366210937500e+01
-7.226375579833984375e+01
-7.227376556396484375e+01
-7.228376770019531250e+01
-7.229377746582031250e+01
-7.230377960205078125e+01
-7.231378936767578125e+01
-7.232379913330078125e+01
-7.233380126953125000e+01
-7.234381103515625000e+01
-7.235381317138671875e+01
-7.236382293701171875e+01
-7.237382507324218750e+01
-7.238383483886718750e+01
-7.239383697509765625e+01
-7.240384674072265625e+01
-7.241384887695312500e+01
-7.242385864257812500e+01
-7.243386077880859375e+01
-7.244387054443359375e+01
-7.245387268066406250e+01
-7.246387481689453125e+01
-7.247388458251953125e+01
-7.248388671875000000e+01
-7.249389648437500000e+01
-7.250389862060546875e+01
-7.251390838623046875e+01
-7.252391052246093750e+01
-7.253391265869140625e+01
-7.254392242431640625e+01
-7.255392456054687500e+01
-7.256393432617187500e+01
-7.257393646240234375e+01
-7.258393859863281250e+01
-7.259394836425781250e+01
-7.260395050048828125e+01
-7.261395263671875000e+01
-7.262396240234375000e+01
-7.263396453857421875e+01
-7.264396667480468750e+01
-7.265397644042968750e+01
-7.266397857666015625e+01
-7.267398071289062500e+01
-7.268399047851562500e+01
-7.269399261474609375e+01
-7.270399475097656250e+01
-7.271399688720703125e+01
-7.272399902343750000e+01
-7.273400878906250000e+01
-7.274401092529296875e+01
-7.275401306152343750e+01
-7.276401519775390625e+01
-7.277401733398437500e+01
-7.278402709960937500e+01
-7.279402923583984375e+01
-7.280403137207031250e+01
-7.281403350830078125e+01
-7.282403564453125000e+01
-7.283403778076171875e+01
-7.284403991699218750e+01
-7.285404205322265625e+01
-7.286404418945312500e+01
-7.287404632568359375e+01
-7.288404846191406250e+01
-7.289405059814453125e+01
-7.290405273437500000e+01
-7.291405487060546875e+01
-7.292405700683593750e+01
-7.293405914306640625e+01
-7.294406127929687500e+01
-7.295406341552734375e+01
-7.296406555175781250e+01
-7.297406768798828125e+01
-7.298406982421875000e+01
-7.299407196044921875e+01
-7.300407409667968750e+01
-7.301406860351562500e+01
-7.302407073974609375e+01
-7.303407287597656250e+01
-7.304407501220703125e+01
-7.305406951904296875e+01
-7.306407165527343750e+01
-7.306407165527343750e+01
-7.308407592773437500e+01
-7.309407043457031250e+01
-7.310407257080078125e+01
-7.311407470703125000e+01
-7.312406921386718750e+01
-7.313407135009765625e+01
-7.314407348632812500e+01
-7.315406799316406250e+01
-7.316407012939453125e+01
-7.317406463623046875e+01
-7.318406677246093750e+01
-7.319406127929687500e+01
-7.320406341552734375e+01
-7.321405792236328125e+01
-7.322406005859375000e+01
-7.323405456542968750e+01
-7.324404907226562500e+01
-7.326404571533203125e+01
-7.327404022216796875e+01
-7.327404022216796875e+01
-7.327404022216796875e+01
-7.329403686523437500e+01
-7.330403137207031250e+01
-7.330403137207031250e+01
-7.332402801513671875e+01
-7.333402252197265625e+01
-7.334401702880859375e+01
-7.335401153564453125e+01
-7.336401367187500000e+01
-7.337400817871093750e+01
-7.338400268554687500e+01
-7.339399719238281250e+01
-7.340399169921875000e+01
-7.341398620605468750e+01
-7.342398071289062500e+01
-7.343397521972656250e+01
-7.344396972656250000e+01
-7.345396423339843750e+01
-7.346395874023437500e+01
-7.347395324707031250e+01
-7.348394775390625000e+01
-7.349393463134765625e+01
-7.350392913818359375e+01
-7.351392364501953125e+01
-7.352391815185546875e+01
-7.353390502929687500e+01
-7.354389953613281250e+01
-7.355389404296875000e+01
-7.356388854980468750e+01
-7.357387542724609375e+01
-7.358386993408203125e+01
-7.359385681152343750e+01
-7.360385131835937500e+01
-7.361383819580078125e+01
-7.362383270263671875e+01
-7.363381958007812500e+01
-7.364381408691406250e+01
-7.365380096435546875e+01
-7.366379547119140625e+01
-7.367378234863281250e+01
-7.368376922607421875e+01
-7.369376373291015625e+01
-7.370375061035156250e+01
-7.371373748779296875e+01
-7.372372436523437500e+01
-7.373371887207031250e+01
-7.374370574951171875e+01
-7.375369262695312500e+01
-7.376367950439453125e+01
-7.377366638183593750e+01
-7.378365325927734375e+01
-7.379364013671875000e+01
-7.380362701416015625e+01
-7.381361389160156250e+01
-7.382360076904296875e+01
-7.383358764648437500e+01
-7.384357452392578125e+01
-7.385356140136718750e+01
-7.386354064941406250e+01
-7.387352752685546875e+01
-7.388351440429687500e+01
-7.389350128173828125e+01
-7.390348052978515625e+01
-7.391346740722656250e+01
-7.392345428466796875e+01
-7.393343353271484375e+01
-7.394342041015625000e+01
-7.394342041015625000e+01
-7.396338653564453125e+01
-7.397336578369140625e+01
-7.398335266113281250e+01
-7.399333190917968750e+01
-7.399333190917968750e+01
-7.401329803466796875e+01
-7.402327728271484375e+01
-7.403325653076171875e+01
-7.404323577880859375e+01
-7.405321502685546875e+01
-7.406320190429687500e+01
-7.407318115234375000e+01
-7.408316040039062500e+01
-7.409313964843750000e+01
-7.410311889648437500e+01
-7.411309814453125000e+01
-7.412307739257812500e+01
-7.413305664062500000e+01
-7.414303588867187500e+01
-7.415300750732421875e+01
-7.416298675537109375e+01
-7.417296600341796875e+01
-7.418294525146484375e+01
-7.419291687011718750e+01
-7.420289611816406250e+01
-7.421286773681640625e+01
-7.422284698486328125e+01
-7.423282623291015625e+01
-7.424279785156250000e+01
-7.425277709960937500e+01
-7.426274871826171875e+01
-7.427272033691406250e+01
-7.428269958496093750e+01
-7.429267120361328125e+01
-7.430264282226562500e+01
-7.431261444091796875e+01
-7.432259368896484375e+01
-7.433256530761718750e+01
-7.434253692626953125e+01
-7.435250854492187500e+01
-7.436248016357421875e+01
-7.437245178222656250e+01
-7.438242340087890625e+01
-7.439239501953125000e+01
-7.440236663818359375e+01
-7.441233062744140625e+01
-7.442230224609375000e+01
-7.443227386474609375e+01
-7.444224548339843750e+01
-7.445220947265625000e+01
-7.446218109130859375e+01
-7.447214508056640625e+01
-7.448211669921875000e+01
-7.449208068847656250e+01
-7.450205230712890625e+01
-7.451201629638671875e+01
-7.452198028564453125e+01
-7.453195190429687500e+01
-7.454191589355468750e+01
-7.455187988281250000e+01
-7.456184387207031250e+01
-7.457180786132812500e+01
-7.457180786132812500e+01
-7.459174346923828125e+01
-7.460169982910156250e+01
-7.461166381835937500e+01
-7.462162780761718750e+01
-7.463159179687500000e+01
-7.464155578613281250e+01
-7.465151977539062500e+01
-7.466147613525390625e+01
-7.467144012451171875e+01
-7.468140411376953125e+01
-7.469136047363281250e+01
-7.470132446289062500e+01
-7.471128082275390625e+01
-7.472123718261718750e+01
-7.473120117187500000e+01
-7.474115753173828125e+01
-7.475111389160156250e+01
-7.476107025146484375e+01
-7.477103424072265625e+01
-7.478099060058593750e+01
-7.479094696044921875e+01
-7.480090332031250000e+01
-7.481085968017578125e+01
-7.482081604003906250e+01
-7.483076477050781250e+01
-7.484072113037109375e+01
-7.485067749023437500e+01
-7.486063385009765625e+01
-7.487058258056640625e+01
-7.488053894042968750e+01
-7.489048767089843750e+01
-7.490044403076171875e+01
-7.491039276123046875e+01
-7.492034912109375000e+01
-7.493029785156250000e+01
-7.494024658203125000e+01
-7.495019531250000000e+01
-7.496014404296875000e+01
-7.497009277343750000e+01
-7.498004150390625000e+01
-7.498999023437500000e+01
-7.499993896484375000e+01
-7.500988769531250000e+01
-7.501983642578125000e+01
-7.502978515625000000e+01
-7.503972625732421875e+01
-7.504967498779296875e+01
-7.505962371826171875e+01
-7.506956481933593750e+01
-7.507951354980468750e+01
-7.508945465087890625e+01
-7.509939575195312500e+01
-7.510934448242187500e+01
-7.511928558349609375e+01
-7.512922668457031250e+01
-7.513916778564453125e+01
-7.514910888671875000e+01
-7.515904998779296875e+01
-7.516899108886718750e+01
-7.517893218994140625e+01
-7.518887329101562500e+01
-7.519880676269531250e+01
-7.520874786376953125e+01
-7.521868896484375000e+01
-7.522862243652343750e+01
-7.523856353759765625e+01
-7.524849700927734375e+01
-7.525843048095703125e+01
-7.526837158203125000e+01
-7.527830505371093750e+01
-7.528823852539062500e+01
-7.529817199707031250e+01
-7.529817199707031250e+01
-7.531803894042968750e+01
-7.532797241210937500e+01
-7.533790588378906250e+01
-7.533790588378906250e+01
-7.533790588378906250e+01
-7.536769866943359375e+01
-7.536769866943359375e+01
-7.538755798339843750e+01
-7.539749145507812500e+01
-7.540741729736328125e+01
-7.541734313964843750e+01
-7.542727661132812500e+01
-7.543720245361328125e+01
-7.544712829589843750e+01
-7.545705413818359375e+01
-7.546697998046875000e+01
-7.547690582275390625e+01
-7.547690582275390625e+01
-7.549674987792968750e+01
-7.550667572021484375e+01
-7.551660156250000000e+01
-7.552651977539062500e+01
-7.553644561767578125e+01
-7.554636383056640625e+01
-7.555628967285156250e+01
-7.556620788574218750e+01
-7.556620788574218750e+01
-7.557612609863281250e+01
-7.558604431152343750e+01
-7.560588073730468750e+01
-7.561579895019531250e+01
-7.562571716308593750e+01
-7.562571716308593750e+01
-7.564555358886718750e+01
-7.564555358886718750e+01
-7.564555358886718750e+01
-7.564555358886718750e+01
-7.564555358886718750e+01
-7.564555358886718750e+01
-7.564555358886718750e+01
-7.564555358886718750e+01
-7.564555358886718750e+01
-7.564555358886718750e+01
-7.752005004882812500e+01
-7.752996826171875000e+01
-7.753987884521484375e+01
-7.754978942871093750e+01
-7.755970764160156250e+01
-7.756961822509765625e+01
-7.757952880859375000e+01
-7.758944702148437500e+01
-7.759935760498046875e+01
-7.760926818847656250e+01
-7.761918640136718750e+01
-7.762909698486328125e+01
-7.763900756835937500e+01
-7.764892578125000000e+01
-7.765883636474609375e+01
-7.766874694824218750e+01
-7.767866516113281250e+01
-7.768857574462890625e+01
-7.769848632812500000e+01
-7.770840454101562500e+01
-7.771831512451171875e+01
-7.772822570800781250e+01
-7.773814392089843750e+01
-7.774805450439453125e+01
-7.775796508789062500e+01
-7.776788330078125000e+01
-7.777779388427734375e+01
-7.778770446777343750e+01
-7.779761505126953125e+01
-7.780753326416015625e+01
-7.781744384765625000e+01
-7.782735443115234375e+01
-7.783727264404296875e+01
-7.784718322753906250e+01
-7.785709381103515625e+01
-7.786701202392578125e+01
-7.787692260742187500e+01
-7.788683319091796875e+01
-7.789675140380859375e+01
-7.790666198730468750e+01
-7.791657257080078125e+01
-7.792649078369140625e+01
-7.793640136718750000e+01
-7.794631195068359375e+01
-7.795623016357421875e+01
-7.796614074707031250e+01
-7.797605133056640625e+01
-7.798596954345703125e+01
-7.799588012695312500e+01
-7.800579071044921875e+01
-7.801570892333984375e+01
-7.802561950683593750e+01
-7.803553009033203125e+01
-7.804544830322265625e+01
-7.805535888671875000e+01
-7.806526947021484375e+01
-7.807518768310546875e+01
-7.808509826660156250e+01
-7.809500885009765625e+01
-7.810492706298828125e+01
-7.811483764648437500e+01
-7.812474822998046875e+01
-7.813466644287109375e+01
-7.814457702636718750e+01
-7.815448760986328125e+01
-7.816440582275390625e+01
-7.817431640625000000e+01
-7.818422698974609375e+01
-7.819414520263671875e+01
-7.820405578613281250e+01
-7.821396636962890625e+01
-7.822388458251953125e+01
-7.823379516601562500e+01
-7.824370574951171875e+01
-7.825362396240234375e+01
-7.826353454589843750e+01
-7.827344512939453125e+01
-7.828336334228515625e+01
-7.829327392578125000e+01
-7.830318450927734375e+01
-7.831310272216796875e+01
-7.832301330566406250e+01
-7.833292388916015625e+01
-7.834284210205078125e+01
-7.835275268554687500e+01
-7.836266326904296875e+01
-7.837258148193359375e+01
-7.838249206542968750e+01
-7.839240264892578125e+01
-7.840232086181640625e+01
-7.841223144531250000e+01
-7.842214202880859375e+01
-7.843206024169921875e+01
-7.844197082519531250e+01
-7.845188140869140625e+01
-7.846179962158203125e+01
-7.847171020507812500e+01
-7.848162078857421875e+01
-7.849153900146484375e+01
-7.850144958496093750e+01
-7.851136016845703125e+01
-7.852127838134765625e+01
-7.853118896484375000e+01
-7.854109954833984375e+01
-7.855101776123046875e+01
-7.856092834472656250e+01
-7.857083892822265625e+01
-7.858075714111328125e+01
-7.859066772460937500e+01
-7.860057830810546875e+01
-7.861049652099609375e+01
-7.862040710449218750e+01
-7.863031768798828125e+01
-7.864023590087890625e+01
-7.865014648437500000e+01
-7.866005706787109375e+01
-7.866997528076171875e+01
-7.867988586425781250e+01
-7.868979644775390625e+01
-7.869971466064453125e+01
-7.870962524414062500e+01
-7.871953582763671875e+01
-7.872944641113281250e+01
-7.873936462402343750e+01
-7.874927520751953125e+01
-7.875918579101562500e+01
-7.876910400390625000e+01
-7.877901458740234375e+01
-7.878892517089843750e+01
-7.879884338378906250e+01
-7.880875396728515625e+01
-7.881866455078125000e+01
-7.882858276367187500e+01
-7.883849334716796875e+01
-7.884840393066406250e+01
-7.885832214355468750e+01
-7.886823272705078125e+01
-7.887814331054687500e+01
-7.888806152343750000e+01
-7.889797210693359375e+01
-7.890788269042968750e+01
-7.891780090332031250e+01
-7.892771148681640625e+01
-7.893762207031250000e+01
-7.894754028320312500e+01
-7.895745086669921875e+01
-7.896736145019531250e+01
-7.897727966308593750e+01
-7.898719024658203125e+01
-7.899710083007812500e+01
-7.900701904296875000e+01
-7.901692962646484375e+01
-7.902684020996093750e+01
-7.903675842285156250e+01
-7.904666900634765625e+01
-7.905657958984375000e+01
-7.906649780273437500e+01
-7.907640838623046875e+01
-7.908631896972656250e+01
-7.909623718261718750e+01
-7.910614776611328125e+01
-7.911605834960937500e+01
-7.912597656250000000e+01
-7.913588714599609375e+01
-7.914579772949218750e+01
-7.915571594238281250e+01
-7.916562652587890625e+01
-7.917553710937500000e+01
-7.918545532226562500e+01
-7.919536590576171875e+01
-7.920527648925781250e+01
-7.921519470214843750e+01
-7.922510528564453125e+01
-7.923501586914062500e+01
-7.924493408203125000e+01
-7.925484466552734375e+01
-7.926475524902343750e+01
-7.927467346191406250e+01
-7.928458404541015625e+01
-7.929449462890625000e+01
-7.930441284179687500e+01
-7.931432342529296875e+01
-7.932423400878906250e+01
-7.933414459228515625e+01
-7.934406280517578125e+01
-7.935397338867187500e+01
-7.936388397216796875e+01
-7.937380218505859375e+01
-7.938371276855468750e+01
-7.939362335205078125e+01
-7.940354156494140625e+01
-7.941345214843750000e+01
-7.942336273193359375e+01
-7.943328094482421875e+01
-7.944319152832031250e+01
-7.945310211181640625e+01
-7.946302032470703125e+01
-7.947293090820312500e+01
-7.948284149169921875e+01
-7.949275970458984375e+01
-7.950267028808593750e+01
-7.951258087158203125e+01
-7.952249908447265625e+01
-7.953240966796875000e+01
-7.954232025146484375e+01
-7.955223846435546875e+01
-7.956214904785156250e+01
-7.957205963134765625e+01
-7.958197784423828125e+01
-7.959188842773437500e+01
-7.960179901123046875e+01
-7.961171722412109375e+01
-7.962162780761718750e+01
-7.963153839111328125e+01
-7.964145660400390625e+01
-7.965136718750000000e+01
-7.966127777099609375e+01
-7.967119598388671875e+01
-7.968110656738281250e+01
-7.969101715087890625e+01
-7.970093536376953125e+01
-7.971084594726562500e+01
-7.972075653076171875e+01
-7.973067474365234375e+01
-7.974058532714843750e+01
-7.975049591064453125e+01
-7.976041412353515625e+01
-7.977032470703125000e+01
-7.978023529052734375e+01
-7.979014587402343750e+01
-7.980006408691406250e+01
-7.980997467041015625e+01
-7.981988525390625000e+01
-7.982980346679687500e+01
-7.983971405029296875e+01
-7.984962463378906250e+01
-7.985954284667968750e+01
-7.986945343017578125e+01
-7.987936401367187500e+01
-7.988928222656250000e+01
-7.989919281005859375e+01
-7.990910339355468750e+01
-7.991902160644531250e+01
-7.992893218994140625e+01
-7.993884277343750000e+01
-7.994876098632812500e+01
-7.995867156982421875e+01
-7.996858215332031250e+01
-7.997850036621093750e+01
-7.998841094970703125e+01
-7.999832153320312500e+01
-8.000823974609375000e+01
-8.001815032958984375e+01
-8.002806091308593750e+01
-8.003797912597656250e+01
-8.004788970947265625e+01
-8.005780029296875000e+01
-8.006771850585937500e+01
-8.007762908935546875e+01
-8.008753967285156250e+01
-8.009745788574218750e+01
-8.010736846923828125e+01
-8.011727905273437500e+01
-8.012719726562500000e+01
-8.013710784912109375e+01
-8.014701843261718750e+01
-8.015693664550781250e+01
-8.016684722900390625e+01
-8.017675781250000000e+01
-8.018667602539062500e+01
-8.019658660888671875e+01
-8.020649719238281250e+01
-8.021640777587890625e+01
-8.022632598876953125e+01
-8.023623657226562500e+01
-8.024614715576171875e+01
-8.025606536865234375e+01
-8.026597595214843750e+01
-8.027588653564453125e+01
-8.028580474853515625e+01
-8.029571533203125000e+01
-8.030562591552734375e+01
-8.031554412841796875e+01
-8.032545471191406250e+01
-8.033536529541015625e+01
-8.034528350830078125e+01
-8.035519409179687500e+01
-8.036510467529296875e+01
-8.037502288818359375e+01
-8.038493347167968750e+01
-8.039484405517578125e+01
-8.040476226806640625e+01
-8.041467285156250000e+01
-8.042458343505859375e+01
-8.043450164794921875e+01
-8.044441223144531250e+01
-8.045432281494140625e+01
-8.046424102783203125e+01
-8.047415161132812500e+01
-8.048406219482421875e+01
-8.049398040771484375e+01
-8.050389099121093750e+01
-8.052371978759765625e+01
-8.052371978759765625e+01
-8.053363037109375000e+01
-8.054354095458984375e+01
-8.055345916748046875e+01
-8.056336975097656250e+01
-8.057328033447265625e+01
-8.058319854736328125e+01
-8.059310913085937500e+01
-8.060301971435546875e+01
-8.061293792724609375e+01
-8.062284851074218750e+01
-8.063275909423828125e+01
-8.064267730712890625e+01
-8.065258789062500000e+01
-8.066249847412109375e+01
-8.067241668701171875e+01
-8.068232727050781250e+01
-8.069223785400390625e+01
-8.070215606689453125e+01
-8.071206665039062500e+01
-8.072197723388671875e+01
-8.073189544677734375e+01
-8.074180603027343750e+01
-8.075171661376953125e+01
-8.076163482666015625e+01
-8.077154541015625000e+01
-8.078145599365234375e+01
-8.079137420654296875e+01
-8.080128479003906250e+01
-8.081119537353515625e+01
-8.082111358642578125e+01
-8.083102416992187500e+01
-8.084093475341796875e+01
-8.085085296630859375e+01
-8.086076354980468750e+01
-8.087067413330078125e+01
-8.088059234619140625e+01
-8.089050292968750000e+01
-8.090041351318359375e+01
-8.091033172607421875e+01
-8.092024230957031250e+01
-8.093015289306640625e+01
-8.094007110595703125e+01
-8.094998168945312500e+01
-8.095989227294921875e+01
-8.096981048583984375e+01
-8.097972106933593750e+01
-8.098963165283203125e+01
-8.099954986572265625e+01
-8.100946044921875000e+01
-8.101937103271484375e+01
-8.102928924560546875e+01
-8.103919982910156250e+01
-8.104911041259765625e+01
-8.105902862548828125e+01
-8.106893920898437500e+01
-8.107884979248046875e+01
-8.108876800537109375e+01
-8.109867858886718750e+01
-8.110858917236328125e+01
-8.111850738525390625e+01
-8.112841796875000000e+01
-8.113832855224609375e+01
-8.114824676513671875e+01
-8.115815734863281250e+01
-8.116806793212890625e+01
-8.117798614501953125e+01
-8.118789672851562500e+01
-8.119780731201171875e+01
-8.120772552490234375e+01
-8.121763610839843750e+01
-8.122754669189453125e+01
-8.123746490478515625e+01
-8.124737548828125000e+01
-8.125728607177734375e+01
-8.126720428466796875e+01
-8.127711486816406250e+01
-8.128702545166015625e+01
-8.129694366455078125e+01
-8.130685424804687500e+01
-8.131676483154296875e+01
-8.132668304443359375e+01
-8.133659362792968750e+01
-8.134650421142578125e+01
-8.135642242431640625e+01
-8.136633300781250000e+01
-8.137624359130859375e+01
-8.138616180419921875e+01
-8.139607238769531250e+01
-8.140598297119140625e+01
-8.141590118408203125e+01
-8.142581176757812500e+01
-8.143572235107421875e+01
-8.144564056396484375e+01
-8.145555114746093750e+01
-8.146546173095703125e+01
-8.147537994384765625e+01
-8.148529052734375000e+01
-8.149520111083984375e+01
-8.150511932373046875e+01
-8.151502990722656250e+01
-8.152494812011718750e+01
-8.153485870361328125e+01
-8.154476928710937500e+01
-8.155468750000000000e+01
-8.156459808349609375e+01
-8.157450866699218750e+01
-8.158442687988281250e+01
-8.159433746337890625e+01
-8.160424804687500000e+01
-8.161416625976562500e+01
-8.162407684326171875e+01
-8.163398742675781250e+01
-8.164390563964843750e+01
-8.165381622314453125e+01
-8.166372680664062500e+01
-8.167364501953125000e+01
-8.168355560302734375e+01
-8.169346618652343750e+01
-8.170338439941406250e+01
-8.171329498291015625e+01
-8.172320556640625000e+01
-8.173312377929687500e+01
-8.174303436279296875e+01
-8.175294494628906250e+01
-8.176286315917968750e+01
-8.177277374267578125e+01
-8.178268432617187500e+01
-8.179260253906250000e+01
-8.180251312255859375e+01
-8.181242370605468750e+01
-8.182234191894531250e+01
-8.183225250244140625e+01
-8.184216308593750000e+01
-8.185208129882812500e+01
-8.186199188232421875e+01
-8.187190246582031250e+01
-8.188182067871093750e+01
-8.189173126220703125e+01
-8.190164184570312500e+01
-8.191156005859375000e+01
-8.192147064208984375e+01
-8.193138885498046875e+01
-8.194129943847656250e+01
-8.195121002197265625e+01
-8.196112823486328125e+01
-8.197103881835937500e+01
-8.198094940185546875e+01
-8.199086761474609375e+01
-8.200077819824218750e+01
-8.201068878173828125e+01
-8.202060699462890625e+01
-8.203051757812500000e+01
-8.204042816162109375e+01
-8.205034637451171875e+01
-8.206025695800781250e+01
-8.207016754150390625e+01
-8.208008575439453125e+01
-8.208999633789062500e+01
-8.209990692138671875e+01
-8.210982513427734375e+01
-8.211973571777343750e+01
-8.212964630126953125e+01
-8.213956451416015625e+01
-8.214947509765625000e+01
-8.215938568115234375e+01
-8.216930389404296875e+01
-8.217921447753906250e+01
-8.218912506103515625e+01
-8.219904327392578125e+01
-8.220895385742187500e+01
-8.221886444091796875e+01
-8.222878265380859375e+01
-8.223869323730468750e+01
-8.224860382080078125e+01
-8.225852203369140625e+01
-8.226843261718750000e+01
-8.227834320068359375e+01
-8.228826141357421875e+01
-8.229817199707031250e+01
-8.230808258056640625e+01
-8.231800079345703125e+01
-8.232791137695312500e+01
-8.233782196044921875e+01
-8.234774017333984375e+01
-8.235765075683593750e+01
-8.236756134033203125e+01
-8.237747955322265625e+01
-8.238739013671875000e+01
-8.239730072021484375e+01
-8.240721893310546875e+01
-8.241712951660156250e+01
-8.242704010009765625e+01
-8.243695831298828125e+01
-8.244686889648437500e+01
-8.245677947998046875e+01
-8.246669769287109375e+01
-8.247660827636718750e+01
-8.248651885986328125e+01
-8.249643707275390625e+01
-8.250634765625000000e+01
-8.251625823974609375e+01
-8.252617645263671875e+01
-8.253608703613281250e+01
-8.254599761962890625e+01
-8.255591583251953125e+01
-8.256582641601562500e+01
-8.257573699951171875e+01
-8.258565521240234375e+01
-8.259556579589843750e+01
-8.260547637939453125e+01
-8.261539459228515625e+01
-8.262530517578125000e+01
-8.263521575927734375e+01
-8.264513397216796875e+01
-8.265504455566406250e+01
-8.266495513916015625e+01
-8.267486572265625000e+01
-8.268478393554687500e+01
-8.269469451904296875e+01
-8.270460510253906250e+01
-8.271452331542968750e+01
-8.272443389892578125e+01
-8.273434448242187500e+01
-8.274426269531250000e+01
-8.275417327880859375e+01
-8.276408386230468750e+01
-8.277400207519531250e+01
-8.278391265869140625e+01
-8.279382324218750000e+01
-8.280374145507812500e+01
-8.281365203857421875e+01
-8.282356262207031250e+01
-8.283348083496093750e+01
-8.284339141845703125e+01
-8.285330200195312500e+01
-8.286321258544921875e+01
-8.287313079833984375e+01
-8.288304138183593750e+01
-8.289295196533203125e+01
-8.290287017822265625e+01
-8.291278076171875000e+01
-8.292269134521484375e+01
-8.293260955810546875e+01
-8.294252014160156250e+01
-8.295243072509765625e+01
-8.296234893798828125e+01
-8.297225952148437500e+01
-8.298217010498046875e+01
-8.299208068847656250e+01
-8.300199890136718750e+01
-8.301190948486328125e+01
-8.302182006835937500e+01
-8.303173828125000000e+01
-8.304164886474609375e+01
-8.305155944824218750e+01
-8.306147766113281250e+01
-8.307138824462890625e+01
-8.308129882812500000e+01
-8.309120941162109375e+01
-8.310112762451171875e+01
-8.311103820800781250e+01
-8.312094879150390625e+01
-8.313086700439453125e+01
-8.314077758789062500e+01
-8.315068817138671875e+01
-8.316060638427734375e+01
-8.318042755126953125e+01
-8.318042755126953125e+01
-8.319033813476562500e+01
-8.320025634765625000e+01
-8.321016693115234375e+01
-8.322007751464843750e+01
-8.322999572753906250e+01
-8.323990631103515625e+01
-8.324981689453125000e+01
-8.325972747802734375e+01
-8.326964569091796875e+01
-8.327955627441406250e+01
-8.328946685791015625e+01
-8.329938507080078125e+01
-8.330929565429687500e+01
-8.331920623779296875e+01
-8.332911682128906250e+01
-8.333903503417968750e+01
-8.334894561767578125e+01
-8.335885620117187500e+01
-8.336877441406250000e+01
-8.337868499755859375e+01
-8.338859558105468750e+01
-8.340842437744140625e+01
-8.340842437744140625e+01
-8.342824554443359375e+01
-8.343816375732421875e+01
-8.343816375732421875e+01
-8.344807434082031250e+01
-8.346789550781250000e+01
-8.346789550781250000e+01
-8.347781372070312500e+01
-8.348772430419921875e+01
-8.349763488769531250e+01
-8.350755310058593750e+01
-8.351746368408203125e+01
-8.352737426757812500e+01
-8.353728485107421875e+01
-8.354720306396484375e+01
-8.355711364746093750e+01
-8.356702423095703125e+01
-8.357693481445312500e+01
-8.358685302734375000e+01
-8.359676361083984375e+01
-8.360667419433593750e+01
-8.361659240722656250e+01
-8.362650299072265625e+01
-8.363641357421875000e+01
-8.364632415771484375e+01
-8.365624237060546875e+01
-8.366615295410156250e+01
-8.367606353759765625e+01
-8.368598175048828125e+01
-8.369589233398437500e+01
-8.370580291748046875e+01
-8.371571350097656250e+01
-8.372563171386718750e+01
-8.373554229736328125e+01
-8.374545288085937500e+01
-8.375537109375000000e+01
-8.376528167724609375e+01
-8.377519226074218750e+01
-8.378510284423828125e+01
-8.379502105712890625e+01
-8.380493164062500000e+01
-8.381484222412109375e+01
-8.382476043701171875e+01
-8.383467102050781250e+01
-8.384458160400390625e+01
-8.385449218750000000e+01
-8.386441040039062500e+01
-8.387432098388671875e+01
-8.388423156738281250e+01
-8.389414978027343750e+01
-8.390406036376953125e+01
-8.391397094726562500e+01
-8.392388153076171875e+01
-8.393379974365234375e+01
-8.394371032714843750e+01
-8.395362091064453125e+01
-8.396353912353515625e+01
-8.397344970703125000e+01
-8.398336029052734375e+01
-8.399327087402343750e+01
-8.400318908691406250e+01
-8.401309967041015625e+01
-8.402301025390625000e+01
-8.403292846679687500e+01
-8.404283905029296875e+01
-8.405274963378906250e+01
-8.406266784667968750e+01
-8.407257843017578125e+01
-8.408248901367187500e+01
-8.409239959716796875e+01
-8.410231781005859375e+01
-8.411222839355468750e+01
-8.412213897705078125e+01
-8.413205718994140625e+01
-8.414196777343750000e+01
-8.415187835693359375e+01
-8.416179656982421875e+01
-8.417170715332031250e+01
-8.418161773681640625e+01
-8.419153594970703125e+01
-8.420144653320312500e+01
-8.421135711669921875e+01
-8.422126770019531250e+01
-8.423118591308593750e+01
-8.424109649658203125e+01
-8.425100708007812500e+01
-8.426092529296875000e+01
-8.427083587646484375e+01
-8.428074645996093750e+01
-8.429066467285156250e+01
-8.430057525634765625e+01
-8.431048583984375000e+01
-8.432040405273437500e+01
-8.433031463623046875e+01
-8.434022521972656250e+01
-8.435014343261718750e+01
-8.436005401611328125e+01
-8.436996459960937500e+01
-8.437988281250000000e+01
-8.438979339599609375e+01
-8.439970397949218750e+01
-8.440962219238281250e+01
-8.441953277587890625e+01
-8.442944335937500000e+01
-8.443936157226562500e+01
-8.444927215576171875e+01
-8.445918273925781250e+01
-8.446910095214843750e+01
-8.447901153564453125e+01
-8.448892211914062500e+01
-8.449884033203125000e+01
-8.450875091552734375e+01
-8.451866912841796875e+01
-8.452857971191406250e+01
-8.453849029541015625e+01
-8.454840850830078125e+01
-8.455831909179687500e+01
-8.456822967529296875e+01
-8.457814788818359375e+01
-8.458805847167968750e+01
-8.459796905517578125e+01
-8.460788726806640625e+01
-8.461779785156250000e+01
-8.462771606445312500e+01
-8.463762664794921875e+01
-8.464753723144531250e+01
-8.465745544433593750e+01
-8.466736602783203125e+01
-8.467727661132812500e+01
-8.468719482421875000e+01
-8.469710540771484375e+01
-8.470702362060546875e+01
-8.471693420410156250e+01
-8.472684478759765625e+01
-8.473676300048828125e+01
-8.474667358398437500e+01
-8.475659179687500000e+01
-8.476650238037109375e+01
-8.477641296386718750e+01
-8.478633117675781250e+01
-8.479624176025390625e+01
-8.480615997314453125e+01
-8.481607055664062500e+01
-8.482598114013671875e+01
-8.483589935302734375e+01
-8.484580993652343750e+01
-8.485572814941406250e+01
-8.486563873291015625e+01
-8.487554931640625000e+01
-8.488546752929687500e+01
-8.489537811279296875e+01
-8.490529632568359375e+01
-8.491520690917968750e+01
-8.492512512207031250e+01
-8.493503570556640625e+01
-8.494495391845703125e+01
-8.495486450195312500e+01
-8.496477508544921875e+01
-8.497469329833984375e+01
-8.498460388183593750e+01
-8.499452209472656250e+01
-8.500443267822265625e+01
-8.501435089111328125e+01
-8.502426147460937500e+01
-8.503417968750000000e+01
-8.504409027099609375e+01
-8.505400085449218750e+01
-8.506391906738281250e+01
-8.507382965087890625e+01
-8.508374786376953125e+01
-8.508374786376953125e+01
-8.510357666015625000e+01
-8.511348724365234375e+01
-8.512340545654296875e+01
-8.513331604003906250e+01
-8.514323425292968750e+01
-8.516306304931640625e+01
-8.516306304931640625e+01
-8.520272064208984375e+01
-8.521263122558593750e+01
-8.522254943847656250e+01
-8.523246002197265625e+01
-8.523246002197265625e+01
-8.524237823486328125e+01
-8.525228881835937500e+01
-8.526220703125000000e+01
-8.528203582763671875e+01
-8.528203582763671875e+01
-8.529194641113281250e+01
-8.530186462402343750e+01
-8.531177520751953125e+01
-8.532169342041015625e+01
-8.533160400390625000e+01
-8.534152221679687500e+01
-8.535143280029296875e+01
-8.536135101318359375e+01
-8.538117980957031250e+01
-8.538117980957031250e+01
-8.539109039306640625e+01
-8.541091918945312500e+01
-8.541091918945312500e+01
-8.542083740234375000e+01
-8.543074798583984375e+01
-8.544066619873046875e+01
-8.545057678222656250e+01
-8.546049499511718750e+01
-8.547040557861328125e+01
-8.548032379150390625e+01
-8.549023437500000000e+01
-8.550015258789062500e+01
-8.551006317138671875e+01
-8.551998138427734375e+01
-8.552989196777343750e+01
-8.554972076416015625e+01
-8.554972076416015625e+01
-8.555963897705078125e+01
-8.557946777343750000e+01
-8.557946777343750000e+01
-8.558937835693359375e+01
-8.559929656982421875e+01
-8.560921478271484375e+01
-8.561912536621093750e+01
-8.562904357910156250e+01
-8.563895416259765625e+01
-8.564887237548828125e+01
-8.565878295898437500e+01
-8.566870117187500000e+01
-8.566870117187500000e+01
-8.566870117187500000e+01
-8.566870117187500000e+01
-8.566870117187500000e+01
-8.566870117187500000e+01
-8.566870117187500000e+01
-8.566870117187500000e+01
-8.566870117187500000e+01
-8.566870117187500000e+01
-8.566870117187500000e+01
-8.566870117187500000e+01
-8.751948547363281250e+01
-8.752948760986328125e+01
-8.753948211669921875e+01
-8.754948425292968750e+01
-8.755948638916015625e+01
-8.756948852539062500e+01
-8.757948303222656250e+01
-8.758948516845703125e+01
-8.759948730468750000e+01
-8.760948181152343750e+01
-8.761948394775390625e+01
-8.762948608398437500e+01
-8.763948822021484375e+01
-8.764948272705078125e+01
-8.765948486328125000e+01
-8.766948699951171875e+01
-8.767948150634765625e+01
-8.768948364257812500e+01
-8.769948577880859375e+01
-8.770948028564453125e+01
-8.771948242187500000e+01
-8.772948455810546875e+01
-8.773947906494140625e+01
-8.774948120117187500e+01
-8.775948333740234375e+01
-8.776947784423828125e+01
-8.777947998046875000e+01
-8.778948211669921875e+01
-8.779947662353515625e+01
-8.780947875976562500e+01
-8.781948089599609375e+01
-8.782947540283203125e+01
-8.783947753906250000e+01
-8.784947204589843750e+01
-8.785947418212890625e+01
-8.786947631835937500e+01
-8.787947082519531250e+01
-8.788947296142578125e+01
-8.789946746826171875e+01
-8.790946960449218750e+01
-8.791946411132812500e+01
-8.792946624755859375e+01
-8.793946075439453125e+01
-8.794946289062500000e+01
-8.795945739746093750e+01
-8.796945953369140625e+01
-8.797945404052734375e+01
-8.798945617675781250e+01
-8.799945068359375000e+01
-8.800945281982421875e+01
-8.801944732666015625e+01
-8.802944946289062500e+01
-8.803944396972656250e+01
-8.804944610595703125e+01
-8.805944061279296875e+01
-8.806943511962890625e+01
-8.807943725585937500e+01
-8.808943176269531250e+01
-8.809942626953125000e+01
-8.810942840576171875e+01
-8.811942291259765625e+01
-8.812941741943359375e+01
-8.813941955566406250e+01
-8.814941406250000000e+01
-8.815940856933593750e+01
-8.816941070556640625e+01
-8.817940521240234375e+01
-8.818939971923828125e+01
-8.819939422607421875e+01
-8.820938873291015625e+01
-8.821939086914062500e+01
-8.822938537597656250e+01
-8.823937988281250000e+01
-8.824937438964843750e+01
-8.825936889648437500e+01
-8.826936340332031250e+01
-8.827935791015625000e+01
-8.828935241699218750e+01
-8.829935455322265625e+01
-8.830934906005859375e+01
-8.831934356689453125e+01
-8.832933807373046875e+01
-8.833933258056640625e+01
-8.834932708740234375e+01
-8.835931396484375000e+01
-8.836930847167968750e+01
-8.837930297851562500e+01
-8.838929748535156250e+01
-8.839929199218750000e+01
-8.840928649902343750e+01
-8.841928100585937500e+01
-8.842927551269531250e+01
-8.843926239013671875e+01
-8.844925689697265625e+01
-8.845925140380859375e+01
-8.846924591064453125e+01
-8.847923278808593750e+01
-8.848922729492187500e+01
-8.849922180175781250e+01
-8.850920867919921875e+01
-8.851920318603515625e+01
-8.852919769287109375e+01
-8.853918457031250000e+01
-8.854917907714843750e+01
-8.855916595458984375e+01
-8.856916046142578125e+01
-8.857914733886718750e+01
-8.858914184570312500e+01
-8.859912872314453125e+01
-8.860912322998046875e+01
-8.861911010742187500e+01
-8.862909698486328125e+01
-8.863909149169921875e+01
-8.864907836914062500e+01
-8.865906524658203125e+01
-8.866905975341796875e+01
-8.867904663085937500e+01
-8.868903350830078125e+01
-8.869902038574218750e+01
-8.870901489257812500e+01
-8.871900177001953125e+01
-8.872898864746093750e+01
-8.873897552490234375e+01
-8.874896240234375000e+01
-8.875894927978515625e+01
-8.876893615722656250e+01
-8.877892303466796875e+01
-8.878890991210937500e+01
-8.879889678955078125e+01
-8.880888366699218750e+01
-8.881887054443359375e+01
-8.882885742187500000e+01
-8.883883666992187500e+01
-8.884882354736328125e+01
-8.885881042480468750e+01
-8.886879730224609375e+01
-8.887877655029296875e+01
-8.888876342773437500e+01
-8.889875030517578125e+01
-8.890872955322265625e+01
-8.891871643066406250e+01
-8.892869567871093750e+01
-8.893868255615234375e+01
-8.894866180419921875e+01
-8.895864868164062500e+01
-8.896862792968750000e+01
-8.897861480712890625e+01
-8.898859405517578125e+01
-8.899857330322265625e+01
-8.900856018066406250e+01
-8.901853942871093750e+01
-8.902851867675781250e+01
-8.903850555419921875e+01
-8.904848480224609375e+01
-8.905846405029296875e+01
-8.906844329833984375e+01
-8.907842254638671875e+01
-8.908840179443359375e+01
-8.909838104248046875e+01
-8.910836029052734375e+01
-8.911833953857421875e+01
-8.912831878662109375e+01
-8.913829803466796875e+01
-8.914827728271484375e+01
-8.915824890136718750e+01
-8.916822814941406250e+01
-8.917820739746093750e+01
-8.918817901611328125e+01
-8.919815826416015625e+01
-8.919815826416015625e+01
-8.921810913085937500e+01
-8.922808837890625000e+01
-8.923805999755859375e+01
-8.924803924560546875e+01
-8.925801086425781250e+01
-8.926799011230468750e+01
-8.927796173095703125e+01
-8.928793334960937500e+01
-8.929791259765625000e+01
-8.930788421630859375e+01
-8.931785583496093750e+01
-8.932782745361328125e+01
-8.933779907226562500e+01
-8.934777069091796875e+01
-8.935774230957031250e+01
-8.936771392822265625e+01
-8.938765716552734375e+01
-8.938765716552734375e+01
-8.939762878417968750e+01
-8.940760040283203125e+01
-8.941757202148437500e+01
-8.942753601074218750e+01
-8.943750762939453125e+01
-8.944747924804687500e+01
-8.945744323730468750e+01
-8.946741485595703125e+01
-8.947738647460937500e+01
-8.948735046386718750e+01
-8.949731445312500000e+01
-8.950728607177734375e+01
-8.951725006103515625e+01
-8.952721405029296875e+01
-8.953718566894531250e+01
-8.954714965820312500e+01
-8.955711364746093750e+01
-8.956707763671875000e+01
-8.957704162597656250e+01
-8.958700561523437500e+01
-8.959696960449218750e+01
-8.960693359375000000e+01
-8.961688995361328125e+01
-8.962685394287109375e+01
-8.963681793212890625e+01
-8.964677429199218750e+01
-8.965673828125000000e+01
-8.966669464111328125e+01
-8.967665863037109375e+01
-8.968661499023437500e+01
-8.969657897949218750e+01
-8.970653533935546875e+01
-8.971649169921875000e+01
-8.972644805908203125e+01
-8.973640441894531250e+01
-8.974636077880859375e+01
-8.975631713867187500e+01
-8.976627349853515625e+01
-8.977622985839843750e+01
-8.978617858886718750e+01
-8.979613494873046875e+01
-8.980609130859375000e+01
-8.981604003906250000e+01
-8.982599639892578125e+01
-8.983594512939453125e+01
-8.984589385986328125e+01
-8.985585021972656250e+01
-8.986579895019531250e+01
-8.987574768066406250e+01
-8.988569641113281250e+01
-8.989564514160156250e+01
-8.990559387207031250e+01
-8.991553497314453125e+01
-8.992548370361328125e+01
-8.993543243408203125e+01
-8.994537353515625000e+01
-8.995532226562500000e+01
-8.996526336669921875e+01
-8.997521209716796875e+01
-8.998515319824218750e+01
-8.999509429931640625e+01
-9.000503540039062500e+01
-9.001497650146484375e+01
-9.002491760253906250e+01
-9.003485870361328125e+01
-9.004479980468750000e+01
-9.005473327636718750e+01
-9.006467437744140625e+01
-9.007460784912109375e+01
-9.008454895019531250e+01
-9.009448242187500000e+01
-9.010441589355468750e+01
-9.011434936523437500e+01
-9.012428283691406250e+01
-9.013421630859375000e+01
-9.014414978027343750e+01
-9.015408325195312500e+01
-9.016401672363281250e+01
-9.017394256591796875e+01
-9.018387603759765625e+01
-9.019380187988281250e+01
-9.020372772216796875e+01
-9.021366119384765625e+01
-9.022358703613281250e+01
-9.023351287841796875e+01
-9.024343872070312500e+01
-9.025335693359375000e+01
-9.026328277587890625e+01
-9.027320861816406250e+01
-9.028312683105468750e+01
-9.029305267333984375e+01
-9.030297088623046875e+01
-9.031288909912109375e+01
-9.032280731201171875e+01
-9.033272552490234375e+01
-9.034264373779296875e+01
-9.035256195068359375e+01
-9.036248016357421875e+01
-9.037239074707031250e+01
-9.038230895996093750e+01
-9.039221954345703125e+01
-9.040213012695312500e+01
-9.041204833984375000e+01
-9.042195892333984375e+01
-9.043186950683593750e+01
-9.044177246093750000e+01
-9.045168304443359375e+01
-9.046159362792968750e+01
-9.047149658203125000e+01
-9.048140716552734375e+01
-9.049131011962890625e+01
-9.050121307373046875e+01
-9.051111602783203125e+01
-9.052101898193359375e+01
-9.053092193603515625e+01
-9.054081726074218750e+01
-9.055072021484375000e+01
-9.056061553955078125e+01
-9.057051849365234375e+01
-9.058041381835937500e+01
-9.059030914306640625e+01
-9.060020446777343750e+01
-9.061009979248046875e+01
-9.061998748779296875e+01
-9.062988281250000000e+01
-9.063977813720703125e+01
-9.064966583251953125e+01
-9.065955352783203125e+01
-9.066944122314453125e+01
-9.067932891845703125e+01
-9.068921661376953125e+01
-9.069910430908203125e+01
-9.070898437500000000e+01
-9.071887207031250000e+01
-9.072875213623046875e+01
-9.073863220214843750e+01
-9.074851226806640625e+01
-9.075839233398437500e+01
-9.076827239990234375e+01
-9.077815246582031250e+01
-9.078802490234375000e+01
-9.079790496826171875e+01
-9.080777740478515625e+01
-9.081764984130859375e+01
-9.082752227783203125e+01
-9.083739471435546875e+01
-9.084726715087890625e+01
-9.085713195800781250e+01
-9.086700439453125000e+01
-9.087686920166015625e+01
-9.088673400878906250e+01
-9.089659881591796875e+01
-9.090646362304687500e+01
-9.091632843017578125e+01
-9.092618560791015625e+01
-9.093605041503906250e+01
-9.094590759277343750e+01
-9.095576477050781250e+01
-9.096562194824218750e+01
-9.097547912597656250e+01
-9.098533630371093750e+01
-9.099518585205078125e+01
-9.100504302978515625e+01
-9.101489257812500000e+01
-9.102474212646484375e+01
-9.103459167480468750e+01
-9.104444122314453125e+01
-9.105429077148437500e+01
-9.106413269042968750e+01
-9.107398223876953125e+01
-9.108382415771484375e+01
-9.109366607666015625e+01
-9.110350799560546875e+01
-9.111334991455078125e+01
-9.112318420410156250e+01
-9.113302612304687500e+01
-9.114286041259765625e+01
-9.115269470214843750e+01
-9.116252899169921875e+01
-9.117236328125000000e+01
-9.118218994140625000e+01
-9.119202423095703125e+01
-9.120185089111328125e+01
-9.121167755126953125e+01
-9.122150421142578125e+01
-9.123133087158203125e+01
-9.124115753173828125e+01
-9.125097656250000000e+01
-9.126080322265625000e+01
-9.127062225341796875e+01
-9.128044128417968750e+01
-9.129026031494140625e+01
-9.130007934570312500e+01
-9.130989074707031250e+01
-9.131970977783203125e+01
-9.132952117919921875e+01
-9.133933258056640625e+01
-9.134914398193359375e+01
-9.135895538330078125e+01
-9.136876678466796875e+01
-9.137857818603515625e+01
-9.138838195800781250e+01
-9.139818572998046875e+01
-9.140798950195312500e+01
-9.141780090332031250e+01
-9.142759704589843750e+01
-9.143740081787109375e+01
-9.144720458984375000e+01
-9.145700073242187500e+01
-9.146680450439453125e+01
-9.147660064697265625e+01
-9.148639678955078125e+01
-9.149619293212890625e+01
-9.150598907470703125e+01
-9.151578521728515625e+01
-9.152557373046875000e+01
-9.153536987304687500e+01
-9.154515838623046875e+01
-9.155494689941406250e+01
-9.156473541259765625e+01
-9.157452392578125000e+01
-9.158431243896484375e+01
-9.159410095214843750e+01
-9.160388946533203125e+01
-9.161367034912109375e+01
-9.162345123291015625e+01
-9.163323974609375000e+01
-9.164302062988281250e+01
-9.165280151367187500e+01
-9.166258239746093750e+01
-9.167236328125000000e+01
-9.168214416503906250e+01
-9.169191741943359375e+01
-9.170169830322265625e+01
-9.171147155761718750e+01
-9.172124481201171875e+01
-9.173102569580078125e+01
-9.174079895019531250e+01
-9.175057220458984375e+01
-9.176034545898437500e+01
-9.177011871337890625e+01
-9.177988433837890625e+01
-9.178965759277343750e+01
-9.179942321777343750e+01
-9.180919647216796875e+01
-9.181896209716796875e+01
-9.182872772216796875e+01
-9.183850097656250000e+01
-9.184826660156250000e+01
-9.185803222656250000e+01
-9.186779785156250000e+01
-9.187755584716796875e+01
-9.188732147216796875e+01
-9.189708709716796875e+01
-9.190684509277343750e+01
-9.191661071777343750e+01
-9.192636871337890625e+01
-9.193613433837890625e+01
-9.194589233398437500e+01
-9.195565032958984375e+01
-9.196540832519531250e+01
-9.197516632080078125e+01
-9.198492431640625000e+01
-9.199468231201171875e+01
-9.200444030761718750e+01
-9.201419830322265625e+01
-9.202394866943359375e+01
-9.203370666503906250e+01
-9.204345703125000000e+01
-9.205321502685546875e+01
-9.206296539306640625e+01
-9.207272338867187500e+01
-9.208247375488281250e+01
-9.209222412109375000e+01
-9.210197448730468750e+01
-9.211172485351562500e+01
-9.212147521972656250e+01
-9.213122558593750000e+01
-9.214097595214843750e+01
-9.215072631835937500e+01
-9.216047668457031250e+01
-9.217022705078125000e+01
-9.217996978759765625e+01
-9.218972015380859375e+01
-9.219947052001953125e+01
-9.220921325683593750e+01
-9.221896362304687500e+01
-9.222870635986328125e+01
-9.223845672607421875e+01
-9.224819946289062500e+01
-9.225794219970703125e+01
-9.226769256591796875e+01
-9.227743530273437500e+01
-9.228717803955078125e+01
-9.229692077636718750e+01
-9.230667114257812500e+01
-9.231641387939453125e+01
-9.232615661621093750e+01
-9.233589935302734375e+01
-9.234564208984375000e+01
-9.235538482666015625e+01
-9.236512756347656250e+01
-9.237487030029296875e+01
-9.238461303710937500e+01
-9.239435577392578125e+01
-9.240409088134765625e+01
-9.241383361816406250e+01
-9.242357635498046875e+01
-9.243331909179687500e+01
-9.244306182861328125e+01
-9.245279693603515625e+01
-9.246253967285156250e+01
-9.247228240966796875e+01
-9.248201751708984375e+01
-9.249176025390625000e+01
-9.250150299072265625e+01
-9.251123809814453125e+01
-9.252098083496093750e+01
-9.253072357177734375e+01
-9.254045867919921875e+01
-9.255020141601562500e+01
-9.255993652343750000e+01
-9.256967926025390625e+01
-9.257941436767578125e+01
-9.258915710449218750e+01
-9.259889984130859375e+01
-9.260863494873046875e+01
-9.261837768554687500e+01
-9.262811279296875000e+01
-9.263785552978515625e+01
-9.264759063720703125e+01
-9.265733337402343750e+01
-9.266707611083984375e+01
-9.267681121826171875e+01
-9.268655395507812500e+01
-9.269628906250000000e+01
-9.270603179931640625e+01
-9.271577453613281250e+01
-9.272550964355468750e+01
-9.273525238037109375e+01
-9.274499511718750000e+01
-9.275473022460937500e+01
-9.276447296142578125e+01
-9.277421569824218750e+01
-9.278395080566406250e+01
-9.279369354248046875e+01
-9.280343627929687500e+01
-9.281317901611328125e+01
-9.282291412353515625e+01
-9.283265686035156250e+01
-9.284239959716796875e+01
-9.285214233398437500e+01
-9.286188507080078125e+01
-9.287162780761718750e+01
-9.288137054443359375e+01
-9.289111328125000000e+01
-9.290085601806640625e+01
-9.291059875488281250e+01
-9.292034149169921875e+01
-9.293008422851562500e+01
-9.293982696533203125e+01
-9.294956970214843750e+01
-9.295931243896484375e+01
-9.296906280517578125e+01
-9.297880554199218750e+01
-9.298854827880859375e+01
-9.299829864501953125e+01
-9.300804138183593750e+01
-9.301779174804687500e+01
-9.302753448486328125e+01
-9.303728485107421875e+01
-9.304702758789062500e+01
-9.305677795410156250e+01
-9.306652832031250000e+01
-9.307627105712890625e+01
-9.308602142333984375e+01
-9.309577178955078125e+01
-9.310552215576171875e+01
-9.311527252197265625e+01
-9.312502288818359375e+01
-9.313477325439453125e+01
-9.314452362060546875e+01
-9.315427398681640625e+01
-9.316402435302734375e+01
-9.317377471923828125e+01
-9.318352508544921875e+01
-9.319327545166015625e+01
-9.320303344726562500e+01
-9.321278381347656250e+01
-9.322253417968750000e+01
-9.323229217529296875e+01
-9.324204254150390625e+01
-9.325179290771484375e+01
-9.326155090332031250e+01
-9.327130126953125000e+01
-9.328105926513671875e+01
-9.329080963134765625e+01
-9.330056762695312500e+01
-9.331032562255859375e+01
-9.332007598876953125e+01
-9.332983398437500000e+01
-9.333959197998046875e+01
-9.334934997558593750e+01
-9.335910034179687500e+01
-9.336885833740234375e+01
-9.337861633300781250e+01
-9.338837432861328125e+01
-9.339813232421875000e+01
-9.340789031982421875e+01
-9.341764831542968750e+01
-9.342740631103515625e+01
-9.343716430664062500e+01
-9.344692230224609375e+01
-9.345668029785156250e+01
-9.346644592285156250e+01
-9.347620391845703125e+01
-9.348596191406250000e+01
-9.349571990966796875e+01
-9.350547790527343750e+01
-9.351524353027343750e+01
-9.352500152587890625e+01
-9.353475952148437500e+01
-9.354452514648437500e+01
-9.355428314208984375e+01
-9.356404876708984375e+01
-9.357380676269531250e+01
-9.358357238769531250e+01
-9.359333038330078125e+01
-9.360309600830078125e+01
-9.361285400390625000e+01
-9.362261962890625000e+01
-9.363237762451171875e+01
-9.364214324951171875e+01
-9.365190887451171875e+01
-9.366166687011718750e+01
-9.367143249511718750e+01
-9.368119812011718750e+01
-9.369095611572265625e+01
-9.370072174072265625e+01
-9.371048736572265625e+01
-9.372025299072265625e+01
-9.373001861572265625e+01
-9.373977661132812500e+01
-9.374954223632812500e+01
-9.375930786132812500e+01
-9.376907348632812500e+01
-9.377883911132812500e+01
-9.378860473632812500e+01
-9.379837036132812500e+01
-9.380813598632812500e+01
-9.381790161132812500e+01
-9.382766723632812500e+01
-9.383743286132812500e+01
-9.384719848632812500e+01
-9.385696411132812500e+01
-9.386672973632812500e+01
-9.387649536132812500e+01
-9.388626098632812500e+01
-9.389603424072265625e+01
-9.390579986572265625e+01
-9.391556549072265625e+01
-9.392533111572265625e+01
-9.393509674072265625e+01
-9.394486236572265625e+01
-9.395463562011718750e+01
-9.396440124511718750e+01
-9.397416687011718750e+01
-9.398393249511718750e+01
-9.399370574951171875e+01
-9.400347137451171875e+01
-9.401323699951171875e+01
-9.402301025390625000e+01
-9.403277587890625000e+01
-9.404254150390625000e+01
-9.405231475830078125e+01
-9.406208038330078125e+01
-9.407184600830078125e+01
-9.408161926269531250e+01
-9.409138488769531250e+01
-9.410115051269531250e+01
-9.411092376708984375e+01
-9.412068939208984375e+01
-9.413046264648437500e+01
-9.414022827148437500e+01
-9.414999389648437500e+01
-9.415976715087890625e+01
-9.416953277587890625e+01
-9.417930603027343750e+01
-9.418907165527343750e+01
-9.419884490966796875e+01
-9.420861053466796875e+01
-9.421838378906250000e+01
-9.422814941406250000e+01
-9.423791503906250000e+01
-9.424768829345703125e+01
-9.425745391845703125e+01
-9.426722717285156250e+01
-9.427699279785156250e+01
-9.428676605224609375e+01
-9.429653167724609375e+01
-9.430630493164062500e+01
-9.431607055664062500e+01
-9.432584381103515625e+01
-9.433560943603515625e+01
-9.434538269042968750e+01
-9.435514831542968750e+01
-9.436492156982421875e+01
-9.437468719482421875e+01
-9.438446044921875000e+01
-9.439422607421875000e+01
-9.440399932861328125e+01
-9.441376495361328125e+01
-9.442353820800781250e+01
-9.443330383300781250e+01
-9.444307708740234375e+01
-9.445284271240234375e+01
-9.446261596679687500e+01
-9.447238159179687500e+01
-9.448215484619140625e+01
-9.449192047119140625e+01
-9.450169372558593750e+01
-9.451145935058593750e+01
-9.452123260498046875e+01
-9.453099822998046875e+01
-9.454077148437500000e+01
-9.455053710937500000e+01
-9.456030273437500000e+01
-9.457007598876953125e+01
-9.457984161376953125e+01
-9.458961486816406250e+01
-9.459938049316406250e+01
-9.460915374755859375e+01
-9.461891937255859375e+01
-9.462868499755859375e+01
-9.463845825195312500e+01
-9.464822387695312500e+01
-9.465798950195312500e+01
-9.466776275634765625e+01
-9.467752838134765625e+01
-9.468729400634765625e+01
-9.469706726074218750e+01
-9.470683288574218750e+01
-9.471659851074218750e+01
-9.472637176513671875e+01
-9.473613739013671875e+01
-9.474590301513671875e+01
-9.475566864013671875e+01
-9.476544189453125000e+01
-9.477520751953125000e+01
-9.478497314453125000e+01
-9.479473876953125000e+01
-9.480451202392578125e+01
-9.480451202392578125e+01
-9.482404327392578125e+01
-9.483380889892578125e+01
-9.484357452392578125e+01
-9.485334014892578125e+01
-9.486310577392578125e+01
-9.487287139892578125e+01
-9.488263702392578125e+01
-9.489241027832031250e+01
-9.490217590332031250e+01
-9.491194152832031250e+01
-9.492170715332031250e+01
-9.493147277832031250e+01
-9.496076965332031250e+01
-9.496076965332031250e+01
-9.497052764892578125e+01
-9.498029327392578125e+01
-9.498029327392578125e+01
-9.499005889892578125e+01
-9.499982452392578125e+01
-9.500959014892578125e+01
-9.501935577392578125e+01
-9.502912139892578125e+01
-9.503888702392578125e+01
-9.504865264892578125e+01
-9.505841827392578125e+01
-9.506817626953125000e+01
-9.507794189453125000e+01
-9.508770751953125000e+01
-9.509747314453125000e+01
-9.510723876953125000e+01
-9.511699676513671875e+01
-9.512676239013671875e+01
-9.513652801513671875e+01
-9.514629364013671875e+01
-9.515605163574218750e+01
-9.516581726074218750e+01
-9.517558288574218750e+01
-9.518534851074218750e+01
-9.519510650634765625e+01
-9.520487213134765625e+01
-9.521463775634765625e+01
-9.522439575195312500e+01
-9.523416137695312500e+01
-9.524392700195312500e+01
-9.525368499755859375e+01
-9.526345062255859375e+01
-9.527321624755859375e+01
-9.528297424316406250e+01
-9.529273986816406250e+01
-9.530250549316406250e+01
-9.532202911376953125e+01
-9.532202911376953125e+01
-9.533178710937500000e+01
-9.534155273437500000e+01
-9.536107635498046875e+01
-9.536107635498046875e+01
-9.537084197998046875e+01
-9.538059997558593750e+01
-9.539036560058593750e+01
-9.540013122558593750e+01
-9.540988922119140625e+01
-9.541965484619140625e+01
-9.542941284179687500e+01
-9.543917846679687500e+01
-9.544893646240234375e+01
-9.545870208740234375e+01
-9.546846008300781250e+01
-9.547822570800781250e+01
-9.548798370361328125e+01
-9.549774932861328125e+01
-9.550750732421875000e+01
-9.551727294921875000e+01
-9.552703857421875000e+01
-9.553679656982421875e+01
-9.554656219482421875e+01
-9.555632019042968750e+01
-9.556608581542968750e+01
-9.557584381103515625e+01
-9.558560943603515625e+01
-9.559536743164062500e+01
-9.560513305664062500e+01
-9.561489105224609375e+01
-9.562464904785156250e+01
-9.563441467285156250e+01
-9.564417266845703125e+01
-9.565393829345703125e+01
-9.566369628906250000e+01
-9.567346191406250000e+01
-9.568321990966796875e+01
-9.569298553466796875e+01
-9.570274353027343750e+01
-9.571250915527343750e+01
-9.572226715087890625e+01
-9.573203277587890625e+01
-9.574179077148437500e+01
-9.575155639648437500e+01
-9.576131439208984375e+01
-9.577108001708984375e+01
-9.578083801269531250e+01
-9.579060363769531250e+01
-9.580036163330078125e+01
-9.581012725830078125e+01
-9.581988525390625000e+01
-9.582965087890625000e+01
-9.583940887451171875e+01
-9.584917449951171875e+01
-9.585893249511718750e+01
-9.586869812011718750e+01
-9.587845611572265625e+01
-9.588822174072265625e+01
-9.589797973632812500e+01
-9.590774536132812500e+01
-9.591750335693359375e+01
-9.592726898193359375e+01
-9.593702697753906250e+01
-9.594679260253906250e+01
-9.595655059814453125e+01
-9.596631622314453125e+01
-9.597607421875000000e+01
-9.598583984375000000e+01
-9.599559783935546875e+01
-9.600536346435546875e+01
-9.601512145996093750e+01
-9.602488708496093750e+01
-9.603465270996093750e+01
-9.604441070556640625e+01
-9.605417633056640625e+01
-9.606393432617187500e+01
-9.607369995117187500e+01
-9.608345794677734375e+01
-9.609322357177734375e+01
-9.610298919677734375e+01
-9.611274719238281250e+01
-9.612251281738281250e+01
-9.613227844238281250e+01
-9.614203643798828125e+01
-9.615180206298828125e+01
-9.616156005859375000e+01
-9.617132568359375000e+01
-9.618109130859375000e+01
-9.619084930419921875e+01
-9.620061492919921875e+01
-9.621038055419921875e+01
-9.622013854980468750e+01
-9.622990417480468750e+01
-9.623966979980468750e+01
-9.624943542480468750e+01
-9.625919342041015625e+01
-9.626895904541015625e+01
-9.627872467041015625e+01
-9.628848266601562500e+01
-9.629824829101562500e+01
-9.630801391601562500e+01
-9.631777954101562500e+01
-9.632754516601562500e+01
-9.633730316162109375e+01
-9.634706878662109375e+01
-9.635683441162109375e+01
-9.636660003662109375e+01
-9.637636566162109375e+01
-9.638613128662109375e+01
-9.639588928222656250e+01
-9.640565490722656250e+01
-9.641542053222656250e+01
-9.642518615722656250e+01
-9.643495178222656250e+01
-9.644471740722656250e+01
-9.645448303222656250e+01
-9.646424865722656250e+01
-9.647401428222656250e+01
-9.648377990722656250e+01
-9.649354553222656250e+01
-9.650331115722656250e+01
-9.651307678222656250e+01
-9.652284240722656250e+01
-9.653260803222656250e+01
-9.654237365722656250e+01
-9.655213928222656250e+01
-9.656190490722656250e+01
-9.657167053222656250e+01
-9.658143615722656250e+01
-9.659120178222656250e+01
-9.660096740722656250e+01
-9.661073303222656250e+01
-9.662049865722656250e+01
-9.663027191162109375e+01
-9.664003753662109375e+01
-9.664980316162109375e+01
-9.665956878662109375e+01
-9.666933441162109375e+01
-9.667910766601562500e+01
-9.668887329101562500e+01
-9.669863891601562500e+01
-9.670841217041015625e+01
-9.671817779541015625e+01
-9.672794342041015625e+01
-9.673770904541015625e+01
-9.674748229980468750e+01
-9.675724792480468750e+01
-9.676701354980468750e+01
-9.677678680419921875e+01
-9.678655242919921875e+01
-9.679631805419921875e+01
-9.680609130859375000e+01
-9.681585693359375000e+01
-9.682563018798828125e+01
-9.683539581298828125e+01
-9.684516143798828125e+01
-9.685493469238281250e+01
-9.686470031738281250e+01
-9.687447357177734375e+01
-9.688423919677734375e+01
-9.689401245117187500e+01
-9.690377807617187500e+01
-9.691355133056640625e+01
-9.692331695556640625e+01
-9.693308258056640625e+01
-9.694285583496093750e+01
-9.695262145996093750e+01
-9.696239471435546875e+01
-9.697216033935546875e+01
-9.698193359375000000e+01
-9.699169921875000000e+01
-9.700147247314453125e+01
-9.701123809814453125e+01
-9.702101135253906250e+01
-9.703077697753906250e+01
-9.704055023193359375e+01
-9.705031585693359375e+01
-9.706008911132812500e+01
-9.706985473632812500e+01
-9.707962799072265625e+01
-9.708939361572265625e+01
-9.709916687011718750e+01
-9.710893249511718750e+01
-9.711870574951171875e+01
-9.712847137451171875e+01
-9.714801025390625000e+01
-9.714801025390625000e+01
-9.715778350830078125e+01
-9.716754913330078125e+01
-9.717732238769531250e+01
-9.718708801269531250e+01
-9.719686126708984375e+01
-9.720662689208984375e+01
-9.721640014648437500e+01
-9.722616577148437500e+01
-9.723593902587890625e+01
-9.724570465087890625e+01
-9.725547790527343750e+01
-9.726524353027343750e+01
-9.727501678466796875e+01
-9.728478240966796875e+01
-9.729454803466796875e+01
-9.730432128906250000e+01
-9.731408691406250000e+01
-9.732386016845703125e+01
-9.733362579345703125e+01
-9.734339141845703125e+01
-9.735316467285156250e+01
-9.736293029785156250e+01
-9.737270355224609375e+01
-9.738246917724609375e+01
-9.739223480224609375e+01
-9.740200805664062500e+01
-9.741177368164062500e+01
-9.741177368164062500e+01
-9.743131256103515625e+01
-9.744107818603515625e+01
-9.745084381103515625e+01
-9.746060943603515625e+01
-9.747038269042968750e+01
-9.748014831542968750e+01
-9.748991394042968750e+01
-9.749967956542968750e+01
-9.750944519042968750e+01
-9.751921844482421875e+01
-9.752898406982421875e+01
-9.753874969482421875e+01
-9.754851531982421875e+01
-9.755828094482421875e+01
-9.756804656982421875e+01
-9.757781219482421875e+01
-9.758758544921875000e+01
-9.759735107421875000e+01
-9.760711669921875000e+01
-9.761688232421875000e+01
-9.762664794921875000e+01
-9.763641357421875000e+01
-9.764617919921875000e+01
-9.765594482421875000e+01
-9.766570281982421875e+01
-9.767546844482421875e+01
-9.768523406982421875e+01
-9.769499969482421875e+01
-9.770476531982421875e+01
-9.771453094482421875e+01
-9.772429656982421875e+01
-9.773405456542968750e+01
-9.774382019042968750e+01
-9.775358581542968750e+01
-9.776335144042968750e+01
-9.777310943603515625e+01
-9.778287506103515625e+01
-9.779264068603515625e+01
-9.780239868164062500e+01
-9.781216430664062500e+01
-9.782192993164062500e+01
-9.783168792724609375e+01
-9.784145355224609375e+01
-9.785121154785156250e+01
-9.786097717285156250e+01
-9.787073516845703125e+01
-9.788050079345703125e+01
-9.789025878906250000e+01
-9.790001678466796875e+01
-9.790978240966796875e+01
-9.791954040527343750e+01
-9.792929840087890625e+01
-9.793906402587890625e+01
-9.794882202148437500e+01
-9.795858001708984375e+01
-9.796833801269531250e+01
-9.797809600830078125e+01
-9.798786163330078125e+01
-9.799761962890625000e+01
-9.800737762451171875e+01
-9.801713562011718750e+01
-9.802689361572265625e+01
-9.803665161132812500e+01
-9.804640960693359375e+01
-9.805616760253906250e+01
-9.806591796875000000e+01
-9.807567596435546875e+01
-9.808543395996093750e+01
-9.809519195556640625e+01
-9.810494995117187500e+01
-9.811470031738281250e+01
-9.812445831298828125e+01
-9.813421630859375000e+01
-9.814396667480468750e+01
-9.815372467041015625e+01
-9.816347503662109375e+01
-9.817323303222656250e+01
-9.818298339843750000e+01
-9.819274139404296875e+01
-9.820249176025390625e+01
-9.821224975585937500e+01
-9.822200012207031250e+01
-9.823175048828125000e+01
-9.824150085449218750e+01
-9.825125885009765625e+01
-9.826100921630859375e+01
-9.827075958251953125e+01
-9.828050994873046875e+01
-9.829026031494140625e+01
-9.830001068115234375e+01
-9.830976104736328125e+01
-9.831951141357421875e+01
-9.832926177978515625e+01
-9.833901214599609375e+01
-9.834876251220703125e+01
-9.835850524902343750e+01
-9.836825561523437500e+01
-9.837800598144531250e+01
-9.838774871826171875e+01
-9.839749908447265625e+01
-9.840724945068359375e+01
-9.841699218750000000e+01
-9.842674255371093750e+01
-9.843648529052734375e+01
-9.844622802734375000e+01
-9.845597839355468750e+01
-9.846572113037109375e+01
-9.847546386718750000e+01
-9.848521423339843750e+01
-9.849495697021484375e+01
-9.850469970703125000e+01
-9.851444244384765625e+01
-9.852418518066406250e+01
-9.853392791748046875e+01
-9.854367065429687500e+01
-9.855341339111328125e+01
-9.856315612792968750e+01
-9.857289886474609375e+01
-9.858264160156250000e+01
-9.859238433837890625e+01
-9.860212707519531250e+01
-9.861186218261718750e+01
-9.862160491943359375e+01
-9.863134765625000000e+01
-9.864109039306640625e+01
-9.865082550048828125e+01
-9.866056823730468750e+01
-9.868004608154296875e+01
-9.868978881835937500e+01
-9.868978881835937500e+01
-9.869953155517578125e+01
-9.870926666259765625e+01
-9.871900939941406250e+01
-9.872875213623046875e+01
-9.873848724365234375e+01
-9.874822998046875000e+01
-9.875796508789062500e+01
-9.876770782470703125e+01
-9.877744293212890625e+01
-9.878718566894531250e+01
-9.879692840576171875e+01
-9.880666351318359375e+01
-9.881640625000000000e+01
-9.882614135742187500e+01
-9.883588409423828125e+01
-9.884561920166015625e+01
-9.885536193847656250e+01
-9.886509704589843750e+01
-9.887483978271484375e+01
-9.888458251953125000e+01
-9.889431762695312500e+01
-9.890406036376953125e+01
-9.891379547119140625e+01
-9.892353820800781250e+01
-9.893328094482421875e+01
-9.894301605224609375e+01
-9.895275878906250000e+01
-9.896250152587890625e+01
-9.897223663330078125e+01
-9.898197937011718750e+01
-9.899172210693359375e+01
-9.900145721435546875e+01
-9.901119995117187500e+01
-9.902094268798828125e+01
-9.903068542480468750e+01
-9.904042816162109375e+01
-9.905016326904296875e+01
-9.905990600585937500e+01
-9.906964874267578125e+01
-9.907939147949218750e+01
-9.908913421630859375e+01
-9.909887695312500000e+01
-9.910861968994140625e+01
-9.911836242675781250e+01
-9.912810516357421875e+01
-9.913784790039062500e+01
-9.914759826660156250e+01
-9.915734100341796875e+01
-9.916708374023437500e+01
-9.917682647705078125e+01
-9.918657684326171875e+01
-9.919631958007812500e+01
-9.920606231689453125e+01
-9.921581268310546875e+01
-9.922555541992187500e+01
-9.923530578613281250e+01
-9.924504852294921875e+01
-9.925479888916015625e+01
-9.926454925537109375e+01
-9.927429962158203125e+01
-9.928404235839843750e+01
-9.929379272460937500e+01
-9.930354309082031250e+01
-9.931329345703125000e+01
-9.932304382324218750e+01
-9.933279418945312500e+01
-9.934254455566406250e+01
-9.935230255126953125e+01
-9.936205291748046875e+01
-9.937180328369140625e+01
-9.938155364990234375e+01
-9.939131164550781250e+01
-9.940106201171875000e+01
-9.941082000732421875e+01
-9.942057800292968750e+01
-9.943032836914062500e+01
-9.944008636474609375e+01
-9.944984436035156250e+01
-9.945960235595703125e+01
-9.946936035156250000e+01
-9.947911834716796875e+01
-9.948887634277343750e+01
-9.949863433837890625e+01
-9.950839996337890625e+01
-9.951815795898437500e+01
-9.952792358398437500e+01
-9.953768157958984375e+01
-9.954744720458984375e+01
-9.955720520019531250e+01
-9.956697082519531250e+01
-9.957673645019531250e+01
-9.958650207519531250e+01
-9.959626770019531250e+01
-9.960603332519531250e+01
-9.961580657958984375e+01
-9.962557220458984375e+01
-9.963533782958984375e+01
-9.964511108398437500e+01
-9.965487670898437500e+01
-9.966464996337890625e+01
-9.967442321777343750e+01
-9.968419647216796875e+01
-9.969396972656250000e+01
-9.970374298095703125e+01
-9.971351623535156250e+01
-9.972328948974609375e+01
-9.973307037353515625e+01
-9.974284362792968750e+01
-9.975262451171875000e+01
-9.976240539550781250e+01
-9.977218627929687500e+01
-9.978195953369140625e+01
-9.979174804687500000e+01
-9.980152893066406250e+01
-9.981130981445312500e+01
-9.982109069824218750e+01
-9.983087921142578125e+01
-9.984066009521484375e+01
-9.985044860839843750e+01
-9.986023712158203125e+01
-9.987002563476562500e+01
-9.987981414794921875e+01
-9.988960266113281250e+01
-9.989939880371093750e+01
-9.990918731689453125e+01
-9.991898345947265625e+01
-9.992877197265625000e+01
-9.993856811523437500e+01
-9.994836425781250000e+01
-9.995816040039062500e+01
-9.996796417236328125e+01
-9.997776031494140625e+01
-9.998755645751953125e+01
-9.999736022949218750e+01
-1.000071640014648438e+02
-1.000169677734375000e+02
-1.000267715454101562e+02
-1.000365753173828125e+02
-1.000463790893554688e+02
-1.000561904907226562e+02
-1.000659942626953125e+02
-1.000758056640625000e+02
-1.000856170654296875e+02
-1.000954284667968750e+02
-1.001052398681640625e+02
-1.001150512695312500e+02
-1.001248703002929688e+02
-1.001346817016601562e+02
-1.001445007324218750e+02
-1.001543197631835938e+02
-1.001641387939453125e+02
-1.001739578247070312e+02
-1.001837844848632812e+02
-1.001936035156250000e+02
-1.002034301757812500e+02
-1.002132568359375000e+02
-1.002230834960937500e+02
-1.002329101562500000e+02
-1.002427368164062500e+02
-1.002525711059570312e+02
-1.002624053955078125e+02
-1.002722320556640625e+02
-1.002820663452148438e+02
-1.002919082641601562e+02
-1.003017425537109375e+02
-1.003115768432617188e+02
-1.003214187622070312e+02
-1.003312606811523438e+02
-1.003411026000976562e+02
-1.003509445190429688e+02
-1.003607864379882812e+02
-1.003706283569335938e+02
-1.003804779052734375e+02
-1.003903198242187500e+02
-1.004001693725585938e+02
-1.004100189208984375e+02
-1.004198684692382812e+02
-1.004297256469726562e+02
-1.004395751953125000e+02
-1.004494323730468750e+02
-1.004592895507812500e+02
-1.004691390991210938e+02
-1.004789962768554688e+02
-1.004888610839843750e+02
-1.004987182617187500e+02
-1.005085754394531250e+02
-1.005184402465820312e+02
-1.005283050537109375e+02
-1.005381698608398438e+02
-1.005381698608398438e+02
-1.005381698608398438e+02
-1.005677642822265625e+02
-1.005776367187500000e+02
-1.005875015258789062e+02
-1.005973739624023438e+02
-1.006072463989257812e+02
-1.006171188354492188e+02
-1.006269912719726562e+02
-1.006368637084960938e+02
-1.006467437744140625e+02
-1.006566162109375000e+02
-1.006664962768554688e+02
-1.006664962768554688e+02
-1.006862564086914062e+02
-1.006961364746093750e+02
-1.007060165405273438e+02
-1.007159042358398438e+02
-1.007257843017578125e+02
-1.007356719970703125e+02
-1.007455520629882812e+02
-1.007554397583007812e+02
-1.007653274536132812e+02
-1.007752151489257812e+02
-1.007851104736328125e+02
-1.007949981689453125e+02
-1.008048934936523438e+02
-1.008147811889648438e+02
-1.008246765136718750e+02
-1.008345718383789062e+02
-1.008444671630859375e+02
-1.008543624877929688e+02
-1.008642578125000000e+02
-1.008642578125000000e+02
-1.008642578125000000e+02
-1.008642578125000000e+02
-1.008642578125000000e+02
-1.008642578125000000e+02
-1.008642578125000000e+02
-1.008642578125000000e+02
-1.025446624755859375e+02
-1.025545578002929688e+02
-1.025644531250000000e+02
-1.025743484497070312e+02
-1.025842361450195312e+02
-1.025941314697265625e+02
-1.026040267944335938e+02
-1.026139221191406250e+02
-1.026238174438476562e+02
-1.026337051391601562e+02
-1.026436004638671875e+02
-1.026534957885742188e+02
-1.026633911132812500e+02
-1.026732864379882812e+02
-1.026732864379882812e+02
-1.026930694580078125e+02
-1.027029647827148438e+02
-1.027128601074218750e+02
-1.027227478027343750e+02
-1.027326431274414062e+02
-1.027425384521484375e+02
-1.027524337768554688e+02
-1.027623291015625000e+02
-1.027722167968750000e+02
-1.027821121215820312e+02
-1.027920074462890625e+02
-1.028019027709960938e+02
-1.028117980957031250e+02
-1.028216857910156250e+02
-1.028315811157226562e+02
-1.028414764404296875e+02
-1.028513717651367188e+02
-1.028612670898437500e+02
-1.028711547851562500e+02
-1.028810501098632812e+02
-1.028909454345703125e+02
-1.029008407592773438e+02
-1.029107284545898438e+02
-1.029206237792968750e+02
-1.029305191040039062e+02
-1.029404144287109375e+02
-1.029503097534179688e+02
-1.029601974487304688e+02
-1.029700927734375000e+02
-1.029799880981445312e+02
-1.029898834228515625e+02
-1.029997787475585938e+02
-1.030096664428710938e+02
-1.030195617675781250e+02
-1.030294570922851562e+02
-1.030393524169921875e+02
-1.030492477416992188e+02
-1.030591354370117188e+02
-1.030690307617187500e+02
-1.030789260864257812e+02
-1.030888214111328125e+02
-1.030987091064453125e+02
-1.031086044311523438e+02
-1.031184997558593750e+02
-1.031283950805664062e+02
-1.031382904052734375e+02
-1.031481781005859375e+02
-1.031580734252929688e+02
-1.031679687500000000e+02
-1.031778640747070312e+02
-1.031877593994140625e+02
-1.031976470947265625e+02
-1.032075424194335938e+02
-1.032174377441406250e+02
-1.032273330688476562e+02
-1.032372283935546875e+02
-1.032471160888671875e+02
-1.032570114135742188e+02
-1.032669067382812500e+02
-1.032768020629882812e+02
-1.032866897583007812e+02
-1.032965850830078125e+02
-1.033064804077148438e+02
-1.033163757324218750e+02
-1.033262710571289062e+02
-1.033361587524414062e+02
-1.033460540771484375e+02
-1.033559494018554688e+02
-1.033658447265625000e+02
-1.033757400512695312e+02
-1.033856277465820312e+02
-1.033955230712890625e+02
-1.034054183959960938e+02
-1.034153137207031250e+02
-1.034252090454101562e+02
-1.034350967407226562e+02
-1.034449920654296875e+02
-1.034548873901367188e+02
-1.034647827148437500e+02
-1.034746704101562500e+02
-1.034845657348632812e+02
-1.034944610595703125e+02
-1.035043563842773438e+02
-1.035142517089843750e+02
-1.035241394042968750e+02
-1.035340347290039062e+02
-1.035439300537109375e+02
-1.035538253784179688e+02
-1.035637207031250000e+02
-1.035736083984375000e+02
-1.035835037231445312e+02
-1.035933990478515625e+02
-1.036032943725585938e+02
-1.036131896972656250e+02
-1.036230773925781250e+02
-1.036329727172851562e+02
-1.036428680419921875e+02
-1.036527633666992188e+02
-1.036626510620117188e+02
-1.036725463867187500e+02
-1.036824417114257812e+02
-1.036923370361328125e+02
-1.037022323608398438e+02
-1.037121200561523438e+02
-1.037220153808593750e+02
-1.037319107055664062e+02
-1.037418060302734375e+02
-1.037517013549804688e+02
-1.037615890502929688e+02
-1.037714843750000000e+02
-1.037813796997070312e+02
-1.037912750244140625e+02
-1.037912750244140625e+02
-1.038011703491210938e+02
-1.038209533691406250e+02
-1.038308486938476562e+02
-1.038407440185546875e+02
-1.038506393432617188e+02
-1.038605270385742188e+02
-1.038605270385742188e+02
-1.038803176879882812e+02
-1.038902130126953125e+02
-1.039001007080078125e+02
-1.039099960327148438e+02
-1.039198913574218750e+02
-1.039297866821289062e+02
-1.039297866821289062e+02
-1.039495697021484375e+02
-1.039495697021484375e+02
-1.039693603515625000e+02
-1.039792556762695312e+02
-1.039891510009765625e+02
-1.039990386962890625e+02
-1.040089340209960938e+02
-1.040188293457031250e+02
-1.040287246704101562e+02
-1.040386199951171875e+02
-1.040485076904296875e+02
-1.040584030151367188e+02
-1.040682983398437500e+02
-1.040781936645507812e+02
-1.040880813598632812e+02
-1.040979766845703125e+02
-1.041078720092773438e+02
-1.041177673339843750e+02
-1.041276626586914062e+02
-1.041375503540039062e+02
-1.041474456787109375e+02
-1.041573410034179688e+02
-1.041672363281250000e+02
-1.041771316528320312e+02
-1.041870193481445312e+02
-1.041969146728515625e+02
-1.042068099975585938e+02
-1.042167053222656250e+02
-1.042266006469726562e+02
-1.042364883422851562e+02
-1.042463836669921875e+02
-1.042562789916992188e+02
-1.042661743164062500e+02
-1.042760696411132812e+02
-1.042859573364257812e+02
-1.042958526611328125e+02
-1.042958526611328125e+02
-1.043057479858398438e+02
-1.043255386352539062e+02
-1.043354263305664062e+02
-1.043453216552734375e+02
-1.043552169799804688e+02
-1.043651123046875000e+02
-1.043750000000000000e+02
-1.043848953247070312e+02
-1.043947906494140625e+02
-1.044046859741210938e+02
-1.044145812988281250e+02
-1.044244689941406250e+02
-1.044343643188476562e+02
-1.044442596435546875e+02
-1.044541549682617188e+02
-1.044640502929687500e+02
-1.044739379882812500e+02
-1.044838333129882812e+02
-1.044937286376953125e+02
-1.045036239624023438e+02
-1.045135192871093750e+02
-1.045234069824218750e+02
-1.045333023071289062e+02
-1.045431976318359375e+02
-1.045530929565429688e+02
-1.045629882812500000e+02
-1.045728759765625000e+02
-1.045827713012695312e+02
-1.045926666259765625e+02
-1.046025619506835938e+02
-1.046124496459960938e+02
-1.046223449707031250e+02
-1.046322402954101562e+02
-1.046421356201171875e+02
-1.046520309448242188e+02
-1.046619186401367188e+02
-1.046718139648437500e+02
-1.046817092895507812e+02
-1.046916046142578125e+02
-1.047014999389648438e+02
-1.047113876342773438e+02
-1.047212829589843750e+02
-1.047311782836914062e+02
-1.047410736083984375e+02
-1.047509689331054688e+02
-1.047608566284179688e+02
-1.047707519531250000e+02
-1.047806472778320312e+02
-1.047905426025390625e+02
-1.048004379272460938e+02
-1.048103256225585938e+02
-1.048202209472656250e+02
-1.048301162719726562e+02
-1.048400115966796875e+02
-1.048499069213867188e+02
-1.048597946166992188e+02
-1.048696899414062500e+02
-1.048795852661132812e+02
-1.048894805908203125e+02
-1.048993682861328125e+02
-1.049092636108398438e+02
-1.049191589355468750e+02
-1.049290542602539062e+02
-1.049389495849609375e+02
-1.049488372802734375e+02
-1.049587326049804688e+02
-1.049686279296875000e+02
-1.049785232543945312e+02
-1.049884185791015625e+02
-1.049983062744140625e+02
-1.050082015991210938e+02
-1.050180969238281250e+02
-1.050279922485351562e+02
-1.050378875732421875e+02
-1.050477752685546875e+02
-1.050576705932617188e+02
-1.050675659179687500e+02
-1.050774612426757812e+02
-1.050873489379882812e+02
-1.050972442626953125e+02
-1.051071395874023438e+02
-1.051170349121093750e+02
-1.051269302368164062e+02
-1.051368179321289062e+02
-1.051467132568359375e+02
-1.051566085815429688e+02
-1.051665039062500000e+02
-1.051763992309570312e+02
-1.051862869262695312e+02
-1.051961822509765625e+02
-1.052060775756835938e+02
-1.052159729003906250e+02
-1.052258682250976562e+02
-1.052357559204101562e+02
-1.052456512451171875e+02
-1.052555465698242188e+02
-1.052654418945312500e+02
-1.052753372192382812e+02
-1.052852249145507812e+02
-1.052951202392578125e+02
-1.053050155639648438e+02
-1.053149108886718750e+02
-1.053247985839843750e+02
-1.053346939086914062e+02
-1.053445892333984375e+02
-1.053544845581054688e+02
-1.053643798828125000e+02
-1.053742675781250000e+02
-1.053841629028320312e+02
-1.053940582275390625e+02
-1.054039535522460938e+02
-1.054138488769531250e+02
-1.054237365722656250e+02
-1.054336318969726562e+02
-1.054435272216796875e+02
-1.054534225463867188e+02
-1.054633102416992188e+02
-1.054732055664062500e+02
-1.054831008911132812e+02
-1.054929962158203125e+02
-1.055028915405273438e+02
-1.055127792358398438e+02
-1.055226745605468750e+02
-1.055325698852539062e+02
-1.055424652099609375e+02
-1.055523605346679688e+02
-1.055622482299804688e+02
-1.055721435546875000e+02
-1.055820388793945312e+02
-1.055919342041015625e+02
-1.056018295288085938e+02
-1.056117172241210938e+02
-1.056216125488281250e+02
-1.056315078735351562e+02
-1.056414031982421875e+02
-1.056512908935546875e+02
-1.056611862182617188e+02
-1.056710815429687500e+02
-1.056809768676757812e+02
-1.056908721923828125e+02
-1.057007598876953125e+02
-1.057106552124023438e+02
-1.057205505371093750e+02
-1.057304458618164062e+02
-1.057403335571289062e+02
-1.057502288818359375e+02
-1.057502288818359375e+02
-1.057700195312500000e+02
-1.057799148559570312e+02
-1.057898025512695312e+02
-1.057996978759765625e+02
-1.058095932006835938e+02
-1.058194885253906250e+02
-1.058293838500976562e+02
-1.058392715454101562e+02
-1.058491668701171875e+02
-1.058590621948242188e+02
-1.058689575195312500e+02
-1.058788452148437500e+02
-1.058887405395507812e+02
-1.058986358642578125e+02
-1.059085311889648438e+02
-1.059184265136718750e+02
-1.059283142089843750e+02
-1.059382095336914062e+02
-1.059481048583984375e+02
-1.059580001831054688e+02
-1.059678878784179688e+02
-1.059777832031250000e+02
-1.059876785278320312e+02
-1.059975738525390625e+02
-1.060074691772460938e+02
-1.060173568725585938e+02
-1.060272521972656250e+02
-1.060371475219726562e+02
-1.060470428466796875e+02
-1.060569381713867188e+02
-1.060668258666992188e+02
-1.060767211914062500e+02
-1.060866165161132812e+02
-1.060965118408203125e+02
-1.061063995361328125e+02
-1.061162948608398438e+02
-1.061261901855468750e+02
-1.061360855102539062e+02
-1.061459808349609375e+02
-1.061459808349609375e+02
-1.061657638549804688e+02
-1.061756591796875000e+02
-1.061756591796875000e+02
-1.061954421997070312e+02
-1.062053375244140625e+02
-1.062152328491210938e+02
-1.062251281738281250e+02
-1.062350234985351562e+02
-1.062449111938476562e+02
-1.062548065185546875e+02
-1.062647018432617188e+02
-1.062745971679687500e+02
-1.062844848632812500e+02
-1.062844848632812500e+02
-1.063042755126953125e+02
-1.063141708374023438e+02
-1.063240661621093750e+02
-1.063339538574218750e+02
-1.063438491821289062e+02
-1.063438491821289062e+02
-1.063636398315429688e+02
-1.063735275268554688e+02
-1.063735275268554688e+02
-1.063933181762695312e+02
-1.064032135009765625e+02
-1.064131088256835938e+02
-1.064131088256835938e+02
-1.064229965209960938e+02
-1.064427871704101562e+02
-1.064526824951171875e+02
-1.064625701904296875e+02
-1.064724655151367188e+02
-1.064823608398437500e+02
-1.064922561645507812e+02
-1.065021514892578125e+02
-1.065120391845703125e+02
-1.065219345092773438e+02
-1.065318298339843750e+02
-1.065417251586914062e+02
-1.065516204833984375e+02
-1.065516204833984375e+02
-1.065615081787109375e+02
-1.065812988281250000e+02
-1.065911941528320312e+02
-1.065911941528320312e+02
-1.066010818481445312e+02
-1.066109771728515625e+02
-1.066208724975585938e+02
-1.066406631469726562e+02
-1.066505508422851562e+02
-1.066505508422851562e+02
-1.066604461669921875e+02
-1.066703414916992188e+02
-1.066802368164062500e+02
-1.066901245117187500e+02
-1.067000198364257812e+02
-1.067099151611328125e+02
-1.067198104858398438e+02
-1.067395935058593750e+02
-1.067494888305664062e+02
-1.067494888305664062e+02
-1.067593841552734375e+02
-1.067692794799804688e+02
-1.067791748046875000e+02
-1.067989578247070312e+02
-1.068088531494140625e+02
-1.068187484741210938e+02
-1.068187484741210938e+02
-1.068385314941406250e+02
-1.068385314941406250e+02
-1.068583221435546875e+02
-1.068682174682617188e+02
-1.068682174682617188e+02
-1.068880004882812500e+02
-1.068880004882812500e+02
-1.068978958129882812e+02
-1.069077911376953125e+02
-1.069176864624023438e+02
-1.069275741577148438e+02
-1.069473648071289062e+02
-1.069473648071289062e+02
-1.069671554565429688e+02
-1.069671554565429688e+02
-1.069770431518554688e+02
-1.069869384765625000e+02
-1.070067291259765625e+02
-1.070166244506835938e+02
-1.070265121459960938e+02
-1.070364074707031250e+02
-1.070463027954101562e+02
-1.070561981201171875e+02
-1.070660858154296875e+02
-1.070759811401367188e+02
-1.070858764648437500e+02
-1.070957717895507812e+02
-1.071056671142578125e+02
-1.071155548095703125e+02
-1.071254501342773438e+02
-1.071353454589843750e+02
-1.071452407836914062e+02
-1.071551361083984375e+02
-1.071650238037109375e+02
-1.071749191284179688e+02
-1.071848144531250000e+02
-1.071947097778320312e+02
-1.072046051025390625e+02
-1.072144927978515625e+02
-1.072243881225585938e+02
-1.072342834472656250e+02
-1.072342834472656250e+02
-1.072540740966796875e+02
-1.072639617919921875e+02
-1.072738571166992188e+02
-1.072837524414062500e+02
-1.072936477661132812e+02
-1.073035430908203125e+02
-1.073134307861328125e+02
-1.073233261108398438e+02
-1.073332214355468750e+02
-1.073431167602539062e+02
-1.073431167602539062e+02
-1.073629074096679688e+02
-1.073727951049804688e+02
-1.073826904296875000e+02
-1.073925857543945312e+02
-1.074024810791015625e+02
-1.074024810791015625e+02
-1.074222640991210938e+02
-1.074321594238281250e+02
-1.074420547485351562e+02
-1.074519500732421875e+02
-1.074618453979492188e+02
-1.074717330932617188e+02
-1.074816284179687500e+02
-1.074915237426757812e+02
-1.075014190673828125e+02
-1.075113143920898438e+02
-1.075212097167968750e+02
-1.075310974121093750e+02
-1.075409927368164062e+02
-1.075508880615234375e+02
-1.075508880615234375e+02
-1.075706787109375000e+02
-1.075805664062500000e+02
-1.075904617309570312e+02
-1.076003570556640625e+02
-1.076102523803710938e+02
-1.076201477050781250e+02
-1.076300430297851562e+02
-1.076399307250976562e+02
-1.076498260498046875e+02
-1.076597213745117188e+02
-1.076696166992187500e+02
-1.076795120239257812e+02
-1.076894073486328125e+02
-1.076992950439453125e+02
-1.076992950439453125e+02
-1.077190856933593750e+02
-1.077289810180664062e+02
-1.077388763427734375e+02
-1.077487640380859375e+02
-1.077586593627929688e+02
-1.077685546875000000e+02
-1.077784500122070312e+02
-1.077883453369140625e+02
-1.077982406616210938e+02
-1.078081283569335938e+02
-1.078180236816406250e+02
-1.078180236816406250e+02
-1.078279190063476562e+02
-1.078477096557617188e+02
-1.078576049804687500e+02
-1.078674926757812500e+02
-1.078773880004882812e+02
-1.078872833251953125e+02
-1.078971786499023438e+02
-1.079070739746093750e+02
-1.079169692993164062e+02
-1.079268569946289062e+02
-1.079367523193359375e+02
-1.079367523193359375e+02
-1.079565429687500000e+02
-1.079664382934570312e+02
-1.079763336181640625e+02
-1.079862213134765625e+02
-1.079961166381835938e+02
-1.080060119628906250e+02
-1.080159072875976562e+02
-1.080258026123046875e+02
-1.080356903076171875e+02
-1.080455856323242188e+02
-1.080554809570312500e+02
-1.080653762817382812e+02
-1.080752716064453125e+02
-1.080851669311523438e+02
-1.080950546264648438e+02
-1.081049499511718750e+02
-1.081148452758789062e+02
-1.081346359252929688e+02
-1.081346359252929688e+02
-1.081445312500000000e+02
-1.081544189453125000e+02
-1.081544189453125000e+02
-1.081643142700195312e+02
-1.081742095947265625e+02
-1.081940002441406250e+02
-1.082038879394531250e+02
-1.082137832641601562e+02
-1.082137832641601562e+02
-1.082335739135742188e+02
-1.082434692382812500e+02
-1.082533645629882812e+02
-1.082632522583007812e+02
-1.082632522583007812e+02
-1.082830429077148438e+02
-1.082929382324218750e+02
-1.083028335571289062e+02
-1.083028335571289062e+02
-1.083226165771484375e+02
-1.083325119018554688e+02
-1.083424072265625000e+02
-1.083523025512695312e+02
-1.083621978759765625e+02
-1.083720855712890625e+02
-1.083819808959960938e+02
-1.083918762207031250e+02
-1.084017715454101562e+02
-1.084116668701171875e+02
-1.084215545654296875e+02
-1.084314498901367188e+02
-1.084314498901367188e+02
-1.084512405395507812e+02
-1.084611358642578125e+02
-1.084710235595703125e+02
-1.084809188842773438e+02
-1.084809188842773438e+02
-1.085007095336914062e+02
-1.085106048583984375e+02
-1.085204925537109375e+02
-1.085303878784179688e+02
-1.085303878784179688e+02
-1.085402832031250000e+02
-1.085600738525390625e+02
-1.085699615478515625e+02
-1.085699615478515625e+02
-1.085897521972656250e+02
-1.085996475219726562e+02
-1.086095352172851562e+02
-1.086194305419921875e+02
-1.086293258666992188e+02
-1.086392211914062500e+02
-1.086491165161132812e+02
-1.086590042114257812e+02
-1.086688995361328125e+02
-1.086787948608398438e+02
-1.086886901855468750e+02
-1.086985778808593750e+02
-1.087084732055664062e+02
-1.087183685302734375e+02
-1.087282638549804688e+02
-1.087381591796875000e+02
-1.087480468750000000e+02
-1.087579421997070312e+02
-1.087678375244140625e+02
-1.087777328491210938e+02
-1.087876205444335938e+02
-1.087975158691406250e+02
-1.088074111938476562e+02
-1.088173065185546875e+02
-1.088271942138671875e+02
-1.088370895385742188e+02
-1.088469848632812500e+02
-1.088469848632812500e+02
-1.088667678833007812e+02
-1.088667678833007812e+02
-1.088766632080078125e+02
-1.088964538574218750e+02
-1.089063415527343750e+02
-1.089162368774414062e+02
-1.089261322021484375e+02
-1.089360275268554688e+02
-1.089459152221679688e+02
-1.089558105468750000e+02
-1.089558105468750000e+02
-1.089756011962890625e+02
-1.089756011962890625e+02
-1.089854888916015625e+02
-1.089953842163085938e+02
-1.090151672363281250e+02
-1.090151672363281250e+02
-1.090250625610351562e+02
-1.090448532104492188e+02
-1.090547409057617188e+02
-1.090646362304687500e+02
-1.090745315551757812e+02
-1.090844268798828125e+02
-1.090943145751953125e+02
-1.091042098999023438e+02
-1.091042098999023438e+02
-1.091141052246093750e+02
-1.091338882446289062e+02
-1.091437835693359375e+02
-1.091536712646484375e+02
-1.091635665893554688e+02
-1.091734619140625000e+02
-1.091833572387695312e+02
-1.091932449340820312e+02
-1.092031402587890625e+02
-1.092130355834960938e+02
-1.092229232788085938e+02
-1.092328186035156250e+02
-1.092427139282226562e+02
-1.092526016235351562e+02
-1.092624969482421875e+02
-1.092723922729492188e+02
-1.092822799682617188e+02
-1.092921752929687500e+02
-1.093020706176757812e+02
-1.093119583129882812e+02
-1.093119583129882812e+02
-1.093317489624023438e+02
-1.093416366577148438e+02
-1.093515319824218750e+02
-1.093614273071289062e+02
-1.093713150024414062e+02
-1.093812103271484375e+02
-1.093911056518554688e+02
-1.094009933471679688e+02
-1.094108886718750000e+02
-1.094207839965820312e+02
-1.094306716918945312e+02
-1.094405670166015625e+02
-1.094504547119140625e+02
-1.094504547119140625e+02
-1.094702453613281250e+02
-1.094801330566406250e+02
-1.094900283813476562e+02
-1.094900283813476562e+02
-1.095098114013671875e+02
-1.095197067260742188e+02
-1.095296020507812500e+02
-1.095394897460937500e+02
-1.095493850708007812e+02
-1.095592803955078125e+02
-1.095691680908203125e+02
-1.095790634155273438e+02
-1.095889587402343750e+02
-1.095988464355468750e+02
-1.096087417602539062e+02
-1.096186294555664062e+02
-1.096285247802734375e+02
-1.096384201049804688e+02
-1.096483078002929688e+02
-1.096582031250000000e+02
-1.096680984497070312e+02
-1.096779861450195312e+02
-1.096878814697265625e+02
-1.096977767944335938e+02
-1.097076644897460938e+02
-1.097175598144531250e+02
-1.097274551391601562e+02
-1.097373428344726562e+02
-1.097472381591796875e+02
-1.097472381591796875e+02
-1.097670211791992188e+02
-1.097769165039062500e+02
-1.097868118286132812e+02
-1.097966995239257812e+02
-1.098065948486328125e+02
-1.098164901733398438e+02
-1.098263778686523438e+02
-1.098362731933593750e+02
-1.098362731933593750e+02
-1.098560562133789062e+02
-1.098659515380859375e+02
-1.098758468627929688e+02
-1.098857345581054688e+02
-1.098956298828125000e+02
-1.099055252075195312e+02
-1.099154129028320312e+02
-1.099253082275390625e+02
-1.099352035522460938e+02
-1.099450912475585938e+02
-1.099549865722656250e+02
-1.099648818969726562e+02
-1.099747695922851562e+02
-1.099846649169921875e+02
-1.099945602416992188e+02
-1.100044555664062500e+02
-1.100044555664062500e+02
-1.100143432617187500e+02
-1.100341339111328125e+02
-1.100440216064453125e+02
-1.100539169311523438e+02
-1.100638122558593750e+02
-1.100737075805664062e+02
-1.100835952758789062e+02
-1.100934906005859375e+02
-1.101033859252929688e+02
-1.101033859252929688e+02
-1.101033859252929688e+02
-1.101033859252929688e+02
-1.101033859252929688e+02
-1.101429595947265625e+02
-1.101627426147460938e+02
-1.101627426147460938e+02
-1.101825332641601562e+02
-1.101825332641601562e+02
-1.101924285888671875e+02
-1.102122116088867188e+02
-1.102122116088867188e+02
-1.102320022583007812e+02
-1.102418899536132812e+02
-1.102517852783203125e+02
-1.102616806030273438e+02
-1.102715759277343750e+02
-1.102814712524414062e+02
-1.102913589477539062e+02
-1.103012542724609375e+02
-1.103012542724609375e+02
-1.103210449218750000e+02
-1.103309402465820312e+02
-1.103408355712890625e+02
-1.103507232666015625e+02
-1.103606185913085938e+02
-1.103705139160156250e+02
-1.103804092407226562e+02
-1.103903045654296875e+02
-1.104001998901367188e+02
-1.104100952148437500e+02
-1.104100952148437500e+02
-1.104100952148437500e+02
-1.104100952148437500e+02
-1.104100952148437500e+02
-1.104100952148437500e+02
-1.104100952148437500e+02
-1.119724426269531250e+02
-1.119819869995117188e+02
-1.119915390014648438e+02
-1.120010833740234375e+02
-1.120106353759765625e+02
-1.120201797485351562e+02
-1.120297241210937500e+02
-1.120392761230468750e+02
-1.120488204956054688e+02
-1.120583724975585938e+02
-1.120679168701171875e+02
-1.120774688720703125e+02
-1.120870132446289062e+02
-1.120965576171875000e+02
-1.121061096191406250e+02
-1.121156539916992188e+02
-1.121251983642578125e+02
-1.121347427368164062e+02
-1.121442947387695312e+02
-1.121538391113281250e+02
-1.121633834838867188e+02
-1.121729278564453125e+02
-1.121824722290039062e+02
-1.121920166015625000e+02
-1.122015609741210938e+02
-1.122111053466796875e+02
-1.122206497192382812e+02
-1.122301940917968750e+02
-1.122397384643554688e+02
-1.122492752075195312e+02
-1.122588195800781250e+02
-1.122683639526367188e+02
-1.122779006958007812e+02
-1.122874450683593750e+02
-1.122969818115234375e+02
-1.123065261840820312e+02
-1.123160629272460938e+02
-1.123256072998046875e+02
-1.123351440429687500e+02
-1.123446807861328125e+02
-1.123542175292968750e+02
-1.123637542724609375e+02
-1.123732910156250000e+02
-1.123828277587890625e+02
-1.123923645019531250e+02
-1.124019012451171875e+02
-1.124114303588867188e+02
-1.124209671020507812e+02
-1.124304962158203125e+02
-1.124400329589843750e+02
-1.124495620727539062e+02
-1.124590911865234375e+02
-1.124686203002929688e+02
-1.124781570434570312e+02
-1.124876785278320312e+02
-1.124972076416015625e+02
-1.125067367553710938e+02
-1.125162658691406250e+02
-1.125257873535156250e+02
-1.125353164672851562e+02
-1.125448379516601562e+02
-1.125543670654296875e+02
-1.125638885498046875e+02
-1.125734100341796875e+02
-1.125829315185546875e+02
-1.125924530029296875e+02
-1.126019668579101562e+02
-1.126114883422851562e+02
-1.126210098266601562e+02
-1.126305236816406250e+02
-1.126400375366210938e+02
-1.126495513916015625e+02
-1.126590652465820312e+02
-1.126685791015625000e+02
-1.126780929565429688e+02
-1.126876068115234375e+02
-1.126971130371093750e+02
-1.127066268920898438e+02
-1.127161331176757812e+02
-1.127256393432617188e+02
-1.127351455688476562e+02
-1.127446517944335938e+02
-1.127541580200195312e+02
-1.127636566162109375e+02
-1.127731628417968750e+02
-1.127826614379882812e+02
-1.127921600341796875e+02
-1.128016586303710938e+02
-1.128111572265625000e+02
-1.128206481933593750e+02
-1.128301467895507812e+02
-1.128396377563476562e+02
-1.128491363525390625e+02
-1.128586273193359375e+02
-1.128681182861328125e+02
-1.128776016235351562e+02
-1.128870925903320312e+02
-1.128965759277343750e+02
-1.129060668945312500e+02
-1.129155502319335938e+02
-1.129250335693359375e+02
-1.129345092773437500e+02
-1.129439926147460938e+02
-1.129534683227539062e+02
-1.129629440307617188e+02
-1.129724197387695312e+02
-1.129818954467773438e+02
-1.129913711547851562e+02
-1.130008392333984375e+02
-1.130103149414062500e+02
-1.130197830200195312e+02
-1.130292510986328125e+02
-1.130387191772460938e+02
-1.130481796264648438e+02
-1.130576400756835938e+02
-1.130671081542968750e+02
-1.130765686035156250e+02
-1.130860214233398438e+02
-1.130954818725585938e+02
-1.131049346923828125e+02
-1.131143875122070312e+02
-1.131238403320312500e+02
-1.131332931518554688e+02
-1.131427459716796875e+02
-1.131521911621093750e+02
-1.131616363525390625e+02
-1.131710815429687500e+02
-1.131805191040039062e+02
-1.131899642944335938e+02
-1.131994018554687500e+02
-1.132088394165039062e+02
-1.132182769775390625e+02
-1.132277145385742188e+02
-1.132371444702148438e+02
-1.132465744018554688e+02
-1.132560043334960938e+02
-1.132654342651367188e+02
-1.132748565673828125e+02
-1.132842788696289062e+02
-1.132937011718750000e+02
-1.133031234741210938e+02
-1.133125381469726562e+02
-1.133219528198242188e+02
-1.133313674926757812e+02
-1.133407821655273438e+02
-1.133501968383789062e+02
-1.133596038818359375e+02
-1.133690109252929688e+02
-1.133784179687500000e+02
-1.133878173828125000e+02
-1.133972167968750000e+02
-1.134066162109375000e+02
-1.134160156250000000e+02
-1.134254074096679688e+02
-1.134348068237304688e+02
-1.134441986083984375e+02
-1.134535827636718750e+02
-1.134629745483398438e+02
-1.134723587036132812e+02
-1.134817428588867188e+02
-1.134911193847656250e+02
-1.135005035400390625e+02
-1.135098800659179688e+02
-1.135192489624023438e+02
-1.135286254882812500e+02
-1.135379943847656250e+02
-1.135473632812500000e+02
-1.135567321777343750e+02
-1.135660934448242188e+02
-1.135754547119140625e+02
-1.135848159790039062e+02
-1.135941696166992188e+02
-1.136035308837890625e+02
-1.136128845214843750e+02
-1.136222305297851562e+02
-1.136315841674804688e+02
-1.136409301757812500e+02
-1.136502685546875000e+02
-1.136596145629882812e+02
-1.136689529418945312e+02
-1.136782913208007812e+02
-1.136782913208007812e+02
-1.136969604492187500e+02
-1.137062911987304688e+02
-1.137249450683593750e+02
-1.137249450683593750e+02
-1.137342681884765625e+02
-1.137435913085937500e+02
-1.137529144287109375e+02
-1.137622299194335938e+02
-1.137715454101562500e+02
-1.137808609008789062e+02
-1.137901687622070312e+02
-1.137994766235351562e+02
-1.138087844848632812e+02
-1.138180847167968750e+02
-1.138273849487304688e+02
-1.138366851806640625e+02
-1.138459854125976562e+02
-1.138552780151367188e+02
-1.138645706176757812e+02
-1.138738555908203125e+02
-1.138831481933593750e+02
-1.138924331665039062e+02
-1.139017105102539062e+02
-1.139109954833984375e+02
-1.139202728271484375e+02
-1.139295425415039062e+02
-1.139388198852539062e+02
-1.139480895996093750e+02
-1.139573593139648438e+02
-1.139666213989257812e+02
-1.139758834838867188e+02
-1.139851455688476562e+02
-1.139944000244140625e+02
-1.140036544799804688e+02
-1.140129089355468750e+02
-1.140221633911132812e+02
-1.140314102172851562e+02
-1.140406570434570312e+02
-1.140498962402343750e+02
-1.140591354370117188e+02
-1.140683746337890625e+02
-1.140776062011718750e+02
-1.140868453979492188e+02
-1.140960693359375000e+02
-1.141053009033203125e+02
-1.141145248413085938e+02
-1.141237487792968750e+02
-1.141329650878906250e+02
-1.141421813964843750e+02
-1.141513977050781250e+02
-1.141606140136718750e+02
-1.141698226928710938e+02
-1.141790313720703125e+02
-1.141882324218750000e+02
-1.141974334716796875e+02
-1.142066345214843750e+02
-1.142158279418945312e+02
-1.142250213623046875e+02
-1.142342147827148438e+02
-1.142434005737304688e+02
-1.142525863647460938e+02
-1.142617721557617188e+02
-1.142709503173828125e+02
-1.142801284790039062e+02
-1.142893066406250000e+02
-1.142984771728515625e+02
-1.143076477050781250e+02
-1.143168106079101562e+02
-1.143259735107421875e+02
-1.143351364135742188e+02
-1.143442916870117188e+02
-1.143534469604492188e+02
-1.143626022338867188e+02
-1.143717575073242188e+02
-1.143808975219726562e+02
-1.143900451660156250e+02
-1.143991851806640625e+02
-1.144083251953125000e+02
-1.144174652099609375e+02
-1.144265975952148438e+02
-1.144357299804687500e+02
-1.144448547363281250e+02
-1.144539794921875000e+02
-1.144631042480468750e+02
-1.144722213745117188e+02
-1.144813385009765625e+02
-1.144904479980468750e+02
-1.144995574951171875e+02
-1.145086669921875000e+02
-1.145177764892578125e+02
-1.145268783569335938e+02
-1.145359725952148438e+02
-1.145450744628906250e+02
-1.145541610717773438e+02
-1.145632553100585938e+02
-1.145723419189453125e+02
-1.145814285278320312e+02
-1.145905075073242188e+02
-1.145995864868164062e+02
-1.146086654663085938e+02
-1.146177368164062500e+02
-1.146268081665039062e+02
-1.146358718872070312e+02
-1.146449356079101562e+02
-1.146539916992187500e+02
-1.146630554199218750e+02
-1.146721115112304688e+02
-1.146811599731445312e+02
-1.146902084350585938e+02
-1.146992568969726562e+02
-1.147082977294921875e+02
-1.147173385620117188e+02
-1.147263717651367188e+02
-1.147354049682617188e+02
-1.147444381713867188e+02
-1.147534637451171875e+02
-1.147624893188476562e+02
-1.147715072631835938e+02
-1.147805252075195312e+02
-1.147895431518554688e+02
-1.147985534667968750e+02
-1.148075637817382812e+02
-1.148165664672851562e+02
-1.148255691528320312e+02
-1.148345718383789062e+02
-1.148435668945312500e+02
-1.148525543212890625e+02
-1.148615493774414062e+02
-1.148705368041992188e+02
-1.148795166015625000e+02
-1.148884963989257812e+02
-1.148974761962890625e+02
-1.149064483642578125e+02
-1.149154205322265625e+02
-1.149243850708007812e+02
-1.149333496093750000e+02
-1.149423141479492188e+02
-1.149512710571289062e+02
-1.149602279663085938e+02
-1.149691772460937500e+02
-1.149781265258789062e+02
-1.149870681762695312e+02
-1.149960098266601562e+02
-1.150049514770507812e+02
-1.150138854980468750e+02
-1.150228195190429688e+02
-1.150317459106445312e+02
-1.150406723022460938e+02
-1.150495986938476562e+02
-1.150585174560546875e+02
-1.150674362182617188e+02
-1.150763473510742188e+02
-1.150852584838867188e+02
-1.150941696166992188e+02
-1.151030731201171875e+02
-1.151119766235351562e+02
-1.151208724975585938e+02
-1.151297683715820312e+02
-1.151386642456054688e+02
-1.151475601196289062e+02
-1.151564483642578125e+02
-1.151653289794921875e+02
-1.151742172241210938e+02
-1.151830978393554688e+02
-1.151919784545898438e+02
-1.152008514404296875e+02
-1.152097244262695312e+02
-1.152185974121093750e+02
-1.152274627685546875e+02
-1.152363281250000000e+02
-1.152451934814453125e+02
-1.152540512084960938e+02
-1.152629089355468750e+02
-1.152717666625976562e+02
-1.152806167602539062e+02
-1.152894668579101562e+02
-1.152983169555664062e+02
-1.153071670532226562e+02
-1.153160095214843750e+02
-1.153248519897460938e+02
-1.153336944580078125e+02
-1.153425292968750000e+02
-1.153513641357421875e+02
-1.153601989746093750e+02
-1.153690338134765625e+02
-1.153778610229492188e+02
-1.153866882324218750e+02
-1.153955154418945312e+02
-1.154043350219726562e+02
-1.154131546020507812e+02
-1.154219741821289062e+02
-1.154307937622070312e+02
-1.154396133422851562e+02
-1.154484252929687500e+02
-1.154572372436523438e+02
-1.154660491943359375e+02
-1.154748535156250000e+02
-1.154836578369140625e+02
-1.154924621582031250e+02
-1.155012664794921875e+02
-1.155100708007812500e+02
-1.155188674926757812e+02
-1.155276641845703125e+02
-1.155364608764648438e+02
-1.155452575683593750e+02
-1.155540542602539062e+02
-1.155628433227539062e+02
-1.155716323852539062e+02
-1.155804214477539062e+02
-1.155892105102539062e+02
-1.155979995727539062e+02
-1.156067810058593750e+02
-1.156155624389648438e+02
-1.156243438720703125e+02
-1.156331253051757812e+02
-1.156419067382812500e+02
-1.156506805419921875e+02
-1.156594619750976562e+02
-1.156682357788085938e+02
-1.156770095825195312e+02
-1.156857833862304688e+02
-1.156945571899414062e+02
-1.157033233642578125e+02
-1.157120971679687500e+02
-1.157208633422851562e+02
-1.157208633422851562e+02
-1.157383956909179688e+02
-1.157471618652343750e+02
-1.157559280395507812e+02
-1.157646942138671875e+02
-1.157734527587890625e+02
-1.157822189331054688e+02
-1.157909774780273438e+02
-1.157997360229492188e+02
-1.158084945678710938e+02
-1.158172531127929688e+02
-1.158260116577148438e+02
-1.158347702026367188e+02
-1.158435287475585938e+02
-1.158522872924804688e+02
-1.158610382080078125e+02
-1.158697967529296875e+02
-1.158785476684570312e+02
-1.158872985839843750e+02
-1.158960494995117188e+02
-1.159048080444335938e+02
-1.159135589599609375e+02
-1.159223098754882812e+02
-1.159310607910156250e+02
-1.159398117065429688e+02
-1.159485626220703125e+02
-1.159573059082031250e+02
-1.159660568237304688e+02
-1.159748077392578125e+02
-1.159835586547851562e+02
-1.159923019409179688e+02
-1.160010528564453125e+02
-1.160098037719726562e+02
-1.160185470581054688e+02
-1.160272979736328125e+02
-1.160360412597656250e+02
-1.160447921752929688e+02
-1.160535354614257812e+02
-1.160622863769531250e+02
-1.160710296630859375e+02
-1.160797805786132812e+02
-1.160885238647460938e+02
-1.160972747802734375e+02
-1.161060180664062500e+02
-1.161147689819335938e+02
-1.161235198974609375e+02
-1.161322631835937500e+02
-1.161410140991210938e+02
-1.161497573852539062e+02
-1.161585083007812500e+02
-1.161672592163085938e+02
-1.161760025024414062e+02
-1.161847534179687500e+02
-1.161935043334960938e+02
-1.162022552490234375e+02
-1.162110061645507812e+02
-1.162197570800781250e+02
-1.162285079956054688e+02
-1.162372589111328125e+02
-1.162460098266601562e+02
-1.162547607421875000e+02
-1.162635116577148438e+02
-1.162722702026367188e+02
-1.162810211181640625e+02
-1.162897720336914062e+02
-1.162985305786132812e+02
-1.163072891235351562e+02
-1.163160400390625000e+02
-1.163247985839843750e+02
-1.163335571289062500e+02
-1.163423156738281250e+02
-1.163510742187500000e+02
-1.163598403930664062e+02
-1.163685989379882812e+02
-1.163773651123046875e+02
-1.163861236572265625e+02
-1.163948898315429688e+02
-1.164036560058593750e+02
-1.164124221801757812e+02
-1.164211883544921875e+02
-1.164299545288085938e+02
-1.164387207031250000e+02
-1.164474868774414062e+02
-1.164562606811523438e+02
-1.164650344848632812e+02
-1.164738006591796875e+02
-1.164825744628906250e+02
-1.164913482666015625e+02
-1.165001220703125000e+02
-1.165088958740234375e+02
-1.165176696777343750e+02
-1.165264511108398438e+02
-1.165352249145507812e+02
-1.165440063476562500e+02
-1.165527801513671875e+02
-1.165615615844726562e+02
-1.165703430175781250e+02
-1.165791244506835938e+02
-1.165879058837890625e+02
-1.165966873168945312e+02
-1.166054687500000000e+02
-1.166142501831054688e+02
-1.166230316162109375e+02
-1.166318206787109375e+02
-1.166406021118164062e+02
-1.166493911743164062e+02
-1.166581802368164062e+02
-1.166669692993164062e+02
-1.166757507324218750e+02
-1.166845397949218750e+02
-1.166933288574218750e+02
-1.167021255493164062e+02
-1.167109146118164062e+02
-1.167197036743164062e+02
-1.167284927368164062e+02
-1.167372894287109375e+02
-1.167460784912109375e+02
-1.167548751831054688e+02
-1.167636718750000000e+02
-1.167724609375000000e+02
-1.167812576293945312e+02
-1.167900543212890625e+02
-1.167988510131835938e+02
-1.168076477050781250e+02
-1.168164443969726562e+02
-1.168252410888671875e+02
-1.168340454101562500e+02
-1.168428421020507812e+02
-1.168516387939453125e+02
-1.168604431152343750e+02
-1.168692398071289062e+02
-1.168780441284179688e+02
-1.168868408203125000e+02
-1.168956451416015625e+02
-1.169044494628906250e+02
-1.169132461547851562e+02
-1.169220504760742188e+02
-1.169308547973632812e+02
-1.169396591186523438e+02
-1.169484634399414062e+02
-1.169572677612304688e+02
-1.169660720825195312e+02
-1.169748764038085938e+02
-1.169836883544921875e+02
-1.169924926757812500e+02
-1.170012969970703125e+02
-1.170101089477539062e+02
-1.170189132690429688e+02
-1.170277252197265625e+02
-1.170365295410156250e+02
-1.170453414916992188e+02
-1.170541458129882812e+02
-1.170629577636718750e+02
-1.170717620849609375e+02
-1.170805740356445312e+02
-1.170893859863281250e+02
-1.170981979370117188e+02
-1.171070022583007812e+02
-1.171070022583007812e+02
-1.171246261596679688e+02
-1.171334381103515625e+02
-1.171422500610351562e+02
-1.171510620117187500e+02
-1.171598739624023438e+02
-1.171686859130859375e+02
-1.171774978637695312e+02
-1.171863098144531250e+02
-1.171951217651367188e+02
-1.172039413452148438e+02
-1.172127532958984375e+02
-1.172215652465820312e+02
-1.172303771972656250e+02
-1.172391967773437500e+02
-1.172480087280273438e+02
-1.172568206787109375e+02
-1.172656326293945312e+02
-1.172744522094726562e+02
-1.172832641601562500e+02
-1.172920761108398438e+02
-1.173008956909179688e+02
-1.173097076416015625e+02
-1.173185272216796875e+02
-1.173273391723632812e+02
-1.173361587524414062e+02
-1.173449707031250000e+02
-1.173537826538085938e+02
-1.173626022338867188e+02
-1.173714141845703125e+02
-1.173802337646484375e+02
-1.173890457153320312e+02
-1.173978652954101562e+02
-1.174066772460937500e+02
-1.174154968261718750e+02
-1.174243087768554688e+02
-1.174331283569335938e+02
-1.174419403076171875e+02
-1.174507598876953125e+02
-1.174595718383789062e+02
-1.174683914184570312e+02
-1.174772033691406250e+02
-1.174860229492187500e+02
-1.174948348999023438e+02
-1.175036544799804688e+02
-1.175124664306640625e+02
-1.175212860107421875e+02
-1.175300979614257812e+02
-1.175389175415039062e+02
-1.175477294921875000e+02
-1.175565414428710938e+02
-1.175653610229492188e+02
-1.175741729736328125e+02
-1.175829925537109375e+02
-1.175918045043945312e+02
-1.176006164550781250e+02
-1.176094360351562500e+02
-1.176182479858398438e+02
-1.176270599365234375e+02
-1.176358718872070312e+02
-1.176446914672851562e+02
-1.176535034179687500e+02
-1.176623153686523438e+02
-1.176711273193359375e+02
-1.176799392700195312e+02
-1.176887512207031250e+02
-1.176975708007812500e+02
-1.177063827514648438e+02
-1.177151947021484375e+02
-1.177240066528320312e+02
-1.177328186035156250e+02
-1.177416229248046875e+02
-1.177504348754882812e+02
-1.177592468261718750e+02
-1.177680587768554688e+02
-1.177768707275390625e+02
-1.177856826782226562e+02
-1.177944869995117188e+02
-1.178032989501953125e+02
-1.178121109008789062e+02
-1.178209152221679688e+02
-1.178297271728515625e+02
-1.178385314941406250e+02
-1.178473434448242188e+02
-1.178561477661132812e+02
-1.178649597167968750e+02
-1.178737640380859375e+02
-1.178825683593750000e+02
-1.178913803100585938e+02
-1.179001846313476562e+02
-1.179089889526367188e+02
-1.179177932739257812e+02
-1.179266052246093750e+02
-1.179354095458984375e+02
-1.179442138671875000e+02
-1.179530181884765625e+02
-1.179618225097656250e+02
-1.179706268310546875e+02
-1.179794311523437500e+02
-1.179882354736328125e+02
-1.179970397949218750e+02
-1.180058441162109375e+02
-1.180146484375000000e+02
-1.180234527587890625e+02
-1.180322494506835938e+02
-1.180410537719726562e+02
-1.180498580932617188e+02
-1.180586624145507812e+02
-1.180674667358398438e+02
-1.180762634277343750e+02
-1.180850677490234375e+02
-1.180938720703125000e+02
-1.181026687622070312e+02
-1.181114730834960938e+02
-1.181202774047851562e+02
-1.181290740966796875e+02
-1.181378784179687500e+02
-1.181466751098632812e+02
-1.181554794311523438e+02
-1.181642761230468750e+02
-1.181730804443359375e+02
-1.181818771362304688e+02
-1.181906814575195312e+02
-1.181994781494140625e+02
-1.182082824707031250e+02
-1.182170791625976562e+02
-1.182258758544921875e+02
-1.182346801757812500e+02
-1.182434768676757812e+02
-1.182522735595703125e+02
-1.182610778808593750e+02
-1.182698745727539062e+02
-1.182786712646484375e+02
-1.182874755859375000e+02
-1.182962722778320312e+02
-1.183050689697265625e+02
-1.183138656616210938e+02
-1.183226699829101562e+02
-1.183314666748046875e+02
-1.183402633666992188e+02
-1.183490600585937500e+02
-1.183578643798828125e+02
-1.183666610717773438e+02
-1.183754577636718750e+02
-1.183842544555664062e+02
-1.183930511474609375e+02
-1.184018554687500000e+02
-1.184106521606445312e+02
-1.184194488525390625e+02
-1.184282455444335938e+02
-1.184370422363281250e+02
-1.184458465576171875e+02
-1.184546432495117188e+02
-1.184634399414062500e+02
-1.184722366333007812e+02
-1.184810333251953125e+02
-1.184898300170898438e+02
-1.184986343383789062e+02
-1.185074310302734375e+02
-1.185162277221679688e+02
-1.185250244140625000e+02
-1.185338211059570312e+02
-1.185426177978515625e+02
-1.185514221191406250e+02
-1.185602188110351562e+02
-1.185690155029296875e+02
-1.185778121948242188e+02
-1.185866088867187500e+02
-1.185954055786132812e+02
-1.186042098999023438e+02
-1.186130065917968750e+02
-1.186218032836914062e+02
-1.186305999755859375e+02
-1.186394042968750000e+02
-1.186482009887695312e+02
-1.186569976806640625e+02
-1.186657943725585938e+02
-1.186745986938476562e+02
-1.186833953857421875e+02
-1.186921920776367188e+02
-1.187009887695312500e+02
-1.187097930908203125e+02
-1.187185897827148438e+02
-1.187273864746093750e+02
-1.187361907958984375e+02
-1.187449874877929688e+02
-1.187537841796875000e+02
-1.187625885009765625e+02
-1.187713851928710938e+02
-1.187801895141601562e+02
-1.187889862060546875e+02
-1.187977905273437500e+02
-1.188065872192382812e+02
-1.188153915405273438e+02
-1.188241882324218750e+02
-1.188329925537109375e+02
-1.188417892456054688e+02
-1.188505935668945312e+02
-1.188593902587890625e+02
-1.188681945800781250e+02
-1.188769989013671875e+02
-1.188857955932617188e+02
-1.188945999145507812e+02
-1.189034042358398438e+02
-1.189122009277343750e+02
-1.189210052490234375e+02
-1.189298095703125000e+02
-1.189386138916015625e+02
-1.189474105834960938e+02
-1.189562149047851562e+02
-1.189650192260742188e+02
-1.189738235473632812e+02
-1.189826278686523438e+02
-1.189914321899414062e+02
-1.190002365112304688e+02
-1.190090408325195312e+02
-1.190178451538085938e+02
-1.190266494750976562e+02
-1.190354537963867188e+02
-1.190442581176757812e+02
-1.190530624389648438e+02
-1.190618743896484375e+02
-1.190706787109375000e+02
-1.190794830322265625e+02
-1.190882873535156250e+02
-1.190970993041992188e+02
-1.191059036254882812e+02
-1.191147079467773438e+02
-1.191235198974609375e+02
-1.191323242187500000e+02
-1.191411361694335938e+02
-1.191499404907226562e+02
-1.191587524414062500e+02
-1.191675567626953125e+02
-1.191763687133789062e+02
-1.191851806640625000e+02
-1.191939849853515625e+02
-1.192027969360351562e+02
-1.192116088867187500e+02
-1.192204208374023438e+02
-1.192292327880859375e+02
-1.192380447387695312e+02
-1.192468490600585938e+02
-1.192556610107421875e+02
-1.192644729614257812e+02
-1.192732925415039062e+02
-1.192821044921875000e+02
-1.192909164428710938e+02
-1.192997283935546875e+02
-1.193085403442382812e+02
-1.193173522949218750e+02
-1.193261642456054688e+02
-1.193349838256835938e+02
-1.193437957763671875e+02
-1.193526077270507812e+02
-1.193614273071289062e+02
-1.193702392578125000e+02
-1.193790512084960938e+02
-1.193878707885742188e+02
-1.193966827392578125e+02
-1.194054946899414062e+02
-1.194143142700195312e+02
-1.194231262207031250e+02
-1.194319458007812500e+02
-1.194407577514648438e+02
-1.194495773315429688e+02
-1.194583892822265625e+02
-1.194672088623046875e+02
-1.194760208129882812e+02
-1.194848403930664062e+02
-1.194936523437500000e+02
-1.195024719238281250e+02
-1.195112915039062500e+02
-1.195201034545898438e+02
-1.195289230346679688e+02
-1.195377349853515625e+02
-1.195465545654296875e+02
-1.195553665161132812e+02
-1.195641860961914062e+02
-1.195729980468750000e+02
-1.195818176269531250e+02
-1.195906372070312500e+02
-1.195994491577148438e+02
-1.196082687377929688e+02
-1.196170806884765625e+02
-1.196259002685546875e+02
-1.196347122192382812e+02
-1.196435317993164062e+02
-1.196523437500000000e+02
-1.196611633300781250e+02
-1.196699752807617188e+02
-1.196787948608398438e+02
-1.196876068115234375e+02
-1.196964263916015625e+02
-1.197052383422851562e+02
-1.197140579223632812e+02
-1.197228698730468750e+02
-1.197316818237304688e+02
-1.197405014038085938e+02
-1.197493133544921875e+02
-1.197581253051757812e+02
-1.197669448852539062e+02
-1.197757568359375000e+02
-1.197845687866210938e+02
-1.197933807373046875e+02
-1.198022003173828125e+02
-1.198110122680664062e+02
-1.198198242187500000e+02
-1.198286361694335938e+02
-1.198374481201171875e+02
-1.198462600708007812e+02
-1.198550720214843750e+02
-1.198638839721679688e+02
-1.198726959228515625e+02
-1.198815078735351562e+02
-1.198903198242187500e+02
-1.198991317749023438e+02
-1.199079360961914062e+02
-1.199167480468750000e+02
-1.199255599975585938e+02
-1.199343719482421875e+02
-1.199431762695312500e+02
-1.199519882202148438e+02
-1.199607925415039062e+02
-1.199696044921875000e+02
-1.199784088134765625e+02
-1.199872207641601562e+02
-1.199960250854492188e+02
-1.200048294067382812e+02
-1.200136413574218750e+02
-1.200224456787109375e+02
-1.200312500000000000e+02
-1.200400543212890625e+02
-1.200488586425781250e+02
-1.200576629638671875e+02
-1.200664672851562500e+02
-1.200752716064453125e+02
-1.200840759277343750e+02
-1.200928726196289062e+02
-1.201016769409179688e+02
-1.201104812622070312e+02
-1.201192779541015625e+02
-1.201280822753906250e+02
-1.201368789672851562e+02
-1.201456756591796875e+02
-1.201544799804687500e+02
-1.201632766723632812e+02
-1.201720733642578125e+02
-1.201808700561523438e+02
-1.201896667480468750e+02
-1.201984634399414062e+02
-1.202072601318359375e+02
-1.202160568237304688e+02
-1.202248535156250000e+02
-1.202336425781250000e+02
-1.202424392700195312e+02
-1.202512283325195312e+02
-1.202600250244140625e+02
-1.202688140869140625e+02
-1.202776031494140625e+02
-1.202863998413085938e+02
-1.202951889038085938e+02
-1.203039779663085938e+02
-1.203127670288085938e+02
-1.203215484619140625e+02
-1.203303375244140625e+02
-1.203391265869140625e+02
-1.203479080200195312e+02
-1.203566970825195312e+02
-1.203654785156250000e+02
-1.203742675781250000e+02
-1.203830490112304688e+02
-1.203918304443359375e+02
-1.204006118774414062e+02
-1.204093933105468750e+02
-1.204181747436523438e+02
-1.204269561767578125e+02
-1.204357299804687500e+02
-1.204445114135742188e+02
-1.204532852172851562e+02
-1.204620590209960938e+02
-1.204708404541015625e+02
-1.204796142578125000e+02
-1.204883880615234375e+02
-1.204971618652343750e+02
-1.205059356689453125e+02
-1.205147018432617188e+02
-1.205234756469726562e+02
-1.205322418212890625e+02
-1.205410156250000000e+02
-1.205497817993164062e+02
-1.205585479736328125e+02
-1.205673141479492188e+02
-1.205760803222656250e+02
-1.205848464965820312e+02
-1.205936126708984375e+02
-1.206023712158203125e+02
-1.206111373901367188e+02
-1.206198959350585938e+02
-1.206286544799804688e+02
-1.206374130249023438e+02
-1.206461715698242188e+02
-1.206549301147460938e+02
-1.206636886596679688e+02
-1.206724472045898438e+02
-1.206811981201171875e+02
-1.206899566650390625e+02
-1.206987075805664062e+02
-1.207074661254882812e+02
-1.207162170410156250e+02
-1.207249679565429688e+02
-1.207337188720703125e+02
-1.207424697875976562e+02
-1.207512207031250000e+02
-1.207599716186523438e+02
-1.207687225341796875e+02
-1.207687225341796875e+02
-1.207862167358398438e+02
-1.207949676513671875e+02
-1.208037109375000000e+02
-1.208124618530273438e+02
-1.208212051391601562e+02
-1.208299560546875000e+02
-1.208386993408203125e+02
-1.208474426269531250e+02
-1.208561935424804688e+02
-1.208649368286132812e+02
-1.208736801147460938e+02
-1.208824310302734375e+02
-1.208911743164062500e+02
-1.208999176025390625e+02
-1.209086685180664062e+02
-1.209174118041992188e+02
-1.209261550903320312e+02
-1.209348983764648438e+02
-1.209436492919921875e+02
-1.209523925781250000e+02
-1.209611358642578125e+02
-1.209698867797851562e+02
-1.209786300659179688e+02
-1.209873733520507812e+02
-1.209961242675781250e+02
-1.210048675537109375e+02
-1.210136184692382812e+02
-1.210223617553710938e+02
-1.210311126708984375e+02
-1.210398559570312500e+02
-1.210486068725585938e+02
-1.210573501586914062e+02
-1.210661010742187500e+02
-1.210748519897460938e+02
-1.210836029052734375e+02
-1.210923538208007812e+02
-1.211011047363281250e+02
-1.211098556518554688e+02
-1.211186065673828125e+02
-1.211273574829101562e+02
-1.211361160278320312e+02
-1.211448669433593750e+02
-1.211536178588867188e+02
-1.211623764038085938e+02
-1.211711349487304688e+02
-1.211798934936523438e+02
-1.211886444091796875e+02
-1.211974029541015625e+02
-1.212061691284179688e+02
-1.212149276733398438e+02
-1.212236862182617188e+02
-1.212324523925781250e+02
-1.212412109375000000e+02
-1.212499771118164062e+02
-1.212587432861328125e+02
-1.212675094604492188e+02
-1.212762756347656250e+02
-1.212850418090820312e+02
-1.212938156127929688e+02
-1.213025817871093750e+02
-1.213113555908203125e+02
-1.213201293945312500e+02
-1.213289031982421875e+02
-1.213376770019531250e+02
-1.213464508056640625e+02
-1.213552322387695312e+02
-1.213640136718750000e+02
-1.213727874755859375e+02
-1.213815765380859375e+02
-1.213903579711914062e+02
-1.213991394042968750e+02
-1.214079284667968750e+02
-1.214167175292968750e+02
-1.214255065917968750e+02
-1.214342956542968750e+02
-1.214430847167968750e+02
-1.214518814086914062e+02
-1.214606781005859375e+02
-1.214694747924804688e+02
-1.214782714843750000e+02
-1.214870758056640625e+02
-1.214958801269531250e+02
-1.215046844482421875e+02
-1.215134887695312500e+02
-1.215222930908203125e+02
-1.215311050415039062e+02
-1.215399169921875000e+02
-1.215487289428710938e+02
-1.215575408935546875e+02
-1.215663604736328125e+02
-1.215751800537109375e+02
-1.215839996337890625e+02
-1.215928268432617188e+02
-1.216016540527343750e+02
-1.216104812622070312e+02
-1.216193084716796875e+02
-1.216281356811523438e+02
-1.216369705200195312e+02
-1.216458053588867188e+02
-1.216546478271484375e+02
-1.216634902954101562e+02
-1.216723327636718750e+02
-1.216811752319335938e+02
-1.216900253295898438e+02
-1.216988754272460938e+02
-1.217077255249023438e+02
-1.217165756225585938e+02
-1.217254333496093750e+02
-1.217342910766601562e+02
-1.217431564331054688e+02
-1.217520217895507812e+02
-1.217608871459960938e+02
-1.217697525024414062e+02
-1.217786254882812500e+02
-1.217875061035156250e+02
-1.217963790893554688e+02
-1.218052597045898438e+02
-1.218141403198242188e+02
-1.218230285644531250e+02
-1.218319168090820312e+02
-1.218408050537109375e+02
-1.218497009277343750e+02
-1.218585968017578125e+02
-1.218674926757812500e+02
-1.218763961791992188e+02
-1.218852996826171875e+02
-1.218942108154296875e+02
-1.219031219482421875e+02
-1.219120330810546875e+02
-1.219209518432617188e+02
-1.219298706054687500e+02
-1.219387969970703125e+02
-1.219477157592773438e+02
-1.219566497802734375e+02
-1.219655838012695312e+02
-1.219745178222656250e+02
-1.219834518432617188e+02
-1.219923934936523438e+02
-1.220013427734375000e+02
-1.220102920532226562e+02
-1.220192413330078125e+02
-1.220281982421875000e+02
-1.220371551513671875e+02
-1.220461196899414062e+02
-1.220550842285156250e+02
-1.220640487670898438e+02
-1.220730209350585938e+02
-1.220820007324218750e+02
-1.220909729003906250e+02
-1.220999603271484375e+02
-1.221089401245117188e+02
-1.221179275512695312e+02
-1.221269226074218750e+02
-1.221359176635742188e+02
-1.221449127197265625e+02
-1.221539154052734375e+02
-1.221629180908203125e+02
-1.221719284057617188e+02
-1.221809387207031250e+02
-1.221899490356445312e+02
-1.221989669799804688e+02
-1.222079849243164062e+02
-1.222170104980468750e+02
-1.222260360717773438e+02
-1.222350692749023438e+02
-1.222441024780273438e+02
-1.222531356811523438e+02
-1.222621765136718750e+02
-1.222712173461914062e+02
-1.222802658081054688e+02
-1.222893142700195312e+02
-1.222983627319335938e+02
-1.223074188232421875e+02
-1.223164749145507812e+02
-1.223255386352539062e+02
-1.223345947265625000e+02
-1.223436660766601562e+02
-1.223527374267578125e+02
-1.223618087768554688e+02
-1.223708801269531250e+02
-1.223799591064453125e+02
-1.223890380859375000e+02
-1.223981246948242188e+02
-1.224072113037109375e+02
-1.224163055419921875e+02
-1.224253997802734375e+02
-1.224344940185546875e+02
-1.224435882568359375e+02
-1.224526901245117188e+02
-1.224617996215820312e+02
-1.224709014892578125e+02
-1.224800109863281250e+02
-1.224891281127929688e+02
-1.224982452392578125e+02
-1.225073623657226562e+02
-1.225164871215820312e+02
-1.225256118774414062e+02
-1.225347366333007812e+02
-1.225438690185546875e+02
-1.225530014038085938e+02
-1.225621337890625000e+02
-1.225712738037109375e+02
-1.225804138183593750e+02
-1.225895538330078125e+02
-1.225987014770507812e+02
-1.226078491210937500e+02
-1.226170043945312500e+02
-1.226261596679687500e+02
-1.226353149414062500e+02
-1.226444778442382812e+02
-1.226536331176757812e+02
-1.226628036499023438e+02
-1.226719665527343750e+02
-1.226811370849609375e+02
-1.226903152465820312e+02
-1.226994857788085938e+02
-1.227086639404296875e+02
-1.227178497314453125e+02
-1.227270278930664062e+02
-1.227362136840820312e+02
-1.227454071044921875e+02
-1.227545928955078125e+02
-1.227545928955078125e+02
-1.227729873657226562e+02
-1.228005905151367188e+02
-1.228005905151367188e+02
-1.228005905151367188e+02
-1.228097915649414062e+02
-1.228190002441406250e+02
-1.228190002441406250e+02
-1.228190002441406250e+02
-1.228466415405273438e+02
-1.228558578491210938e+02
-1.228650817871093750e+02
-1.228650817871093750e+02
-1.228835296630859375e+02
-1.228927536010742188e+02
-1.229019851684570312e+02
-1.229112167358398438e+02
-1.229204559326171875e+02
-1.229296875000000000e+02
-1.229389266967773438e+02
-1.229481735229492188e+02
-1.229574127197265625e+02
-1.229666595458984375e+02
-1.229759063720703125e+02
-1.229851608276367188e+02
-1.229944152832031250e+02
-1.230036697387695312e+02
-1.230129241943359375e+02
-1.230221862792968750e+02
-1.230314483642578125e+02
-1.230407104492187500e+02
-1.230499801635742188e+02
-1.230592498779296875e+02
-1.230685195922851562e+02
-1.230777893066406250e+02
-1.230870666503906250e+02
-1.230963439941406250e+02
-1.231056213378906250e+02
-1.231149063110351562e+02
-1.231241912841796875e+02
-1.231334762573242188e+02
-1.231427612304687500e+02
-1.231520538330078125e+02
-1.231613464355468750e+02
-1.231706390380859375e+02
-1.231799316406250000e+02
-1.231892318725585938e+02
-1.231985321044921875e+02
-1.232078323364257812e+02
-1.232171401977539062e+02
-1.232171401977539062e+02
-1.232171401977539062e+02
-1.232171401977539062e+02
-1.232171401977539062e+02
-1.232171401977539062e+02
-1.232171401977539062e+02
-1.232171401977539062e+02
-1.232171401977539062e+02
-1.244377212524414062e+02
-1.244463348388671875e+02
-1.244549484252929688e+02
-1.244635696411132812e+02
-1.244721832275390625e+02
-1.244807968139648438e+02
-1.244894104003906250e+02
-1.244980239868164062e+02
-1.245066452026367188e+02
-1.245152587890625000e+02
-1.245238723754882812e+02
-1.245324859619140625e+02
-1.245410995483398438e+02
-1.245497131347656250e+02
-1.245583267211914062e+02
-1.245669326782226562e+02
-1.245755462646484375e+02
-1.245841598510742188e+02
-1.245927658081054688e+02
-1.246013793945312500e+02
-1.246099853515625000e+02
-1.246185989379882812e+02
-1.246272048950195312e+02
-1.246358108520507812e+02
-1.246444168090820312e+02
-1.246530227661132812e+02
-1.246616287231445312e+02
-1.246702270507812500e+02
-1.246788330078125000e+02
-1.246874313354492188e+02
-1.246960372924804688e+02
-1.247046356201171875e+02
-1.247132339477539062e+02
-1.247218322753906250e+02
-1.247304306030273438e+02
-1.247390213012695312e+02
-1.247476196289062500e+02
-1.247562103271484375e+02
-1.247648010253906250e+02
-1.247733917236328125e+02
-1.247819824218750000e+02
-1.247905731201171875e+02
-1.247991561889648438e+02
-1.248077392578125000e+02
-1.248163299560546875e+02
-1.248249053955078125e+02
-1.248334884643554688e+02
-1.248420715332031250e+02
-1.248506469726562500e+02
-1.248592224121093750e+02
-1.248677978515625000e+02
-1.248763732910156250e+02
-1.248849411010742188e+02
-1.248935089111328125e+02
-1.249020767211914062e+02
-1.249106445312500000e+02
-1.249192123413085938e+02
-1.249277725219726562e+02
-1.249363327026367188e+02
-1.249448928833007812e+02
-1.249534454345703125e+02
-1.249620056152343750e+02
-1.249705581665039062e+02
-1.249791030883789062e+02
-1.249876556396484375e+02
-1.249962005615234375e+02
-1.250047454833984375e+02
-1.250132904052734375e+02
-1.250218276977539062e+02
-1.250303649902343750e+02
-1.250389022827148438e+02
-1.250474319458007812e+02
-1.250559692382812500e+02
-1.250644912719726562e+02
-1.250730209350585938e+02
-1.250815429687500000e+02
-1.250900650024414062e+02
-1.250985870361328125e+02
-1.251071014404296875e+02
-1.251156158447265625e+02
-1.251241226196289062e+02
-1.251326370239257812e+02
-1.251411437988281250e+02
-1.251496429443359375e+02
-1.251581420898437500e+02
-1.251666412353515625e+02
-1.251751403808593750e+02
-1.251836318969726562e+02
-1.251921157836914062e+02
-1.252006072998046875e+02
-1.252090911865234375e+02
-1.252175674438476562e+02
-1.252260437011718750e+02
-1.252345199584960938e+02
-1.252429885864257812e+02
-1.252514572143554688e+02
-1.252599258422851562e+02
-1.252683868408203125e+02
-1.252768478393554688e+02
-1.252853012084960938e+02
-1.252937545776367188e+02
-1.253022079467773438e+02
-1.253106536865234375e+02
-1.253190917968750000e+02
-1.253275299072265625e+02
-1.253359680175781250e+02
-1.253443984985351562e+02
-1.253528289794921875e+02
-1.253612594604492188e+02
-1.253696823120117188e+02
-1.253780975341796875e+02
-1.253865127563476562e+02
-1.253949203491210938e+02
-1.254033279418945312e+02
-1.254117355346679688e+02
-1.254201354980468750e+02
-1.254285354614257812e+02
-1.254369277954101562e+02
-1.254453125000000000e+02
-1.254536972045898438e+02
-1.254620819091796875e+02
-1.254704589843750000e+02
-1.254788284301757812e+02
-1.254871978759765625e+02
-1.254955673217773438e+02
-1.255039291381835938e+02
-1.255122833251953125e+02
-1.255206375122070312e+02
-1.255289840698242188e+02
-1.255373306274414062e+02
-1.255456695556640625e+02
-1.255540084838867188e+02
-1.255623397827148438e+02
-1.255706710815429688e+02
-1.255789947509765625e+02
-1.255873107910156250e+02
-1.255956268310546875e+02
-1.256039352416992188e+02
-1.256122436523437500e+02
-1.256205444335937500e+02
-1.256288375854492188e+02
-1.256371307373046875e+02
-1.256454238891601562e+02
-1.256537094116210938e+02
-1.256619873046875000e+02
-1.256702575683593750e+02
-1.256785278320312500e+02
-1.256867980957031250e+02
-1.256950607299804688e+02
-1.257033157348632812e+02
-1.257115707397460938e+02
-1.257198181152343750e+02
-1.257280654907226562e+02
-1.257363052368164062e+02
-1.257445373535156250e+02
-1.257527694702148438e+02
-1.257610015869140625e+02
-1.257692260742187500e+02
-1.257774429321289062e+02
-1.257856521606445312e+02
-1.257938690185546875e+02
-1.258020706176757812e+02
-1.258102722167968750e+02
-1.258184738159179688e+02
-1.258266601562500000e+02
-1.258348541259765625e+02
-1.258430328369140625e+02
-1.258512191772460938e+02
-1.258593902587890625e+02
-1.258675613403320312e+02
-1.258757324218750000e+02
-1.258838958740234375e+02
-1.258920516967773438e+02
-1.259002075195312500e+02
-1.259083557128906250e+02
-1.259165039062500000e+02
-1.259246444702148438e+02
-1.259327774047851562e+02
-1.259409103393554688e+02
-1.259490432739257812e+02
-1.259571685791015625e+02
-1.259652862548828125e+02
-1.259734039306640625e+02
-1.259815139770507812e+02
-1.259896240234375000e+02
-1.259977264404296875e+02
-1.260058288574218750e+02
-1.260139236450195312e+02
-1.260220108032226562e+02
-1.260300979614257812e+02
-1.260381774902343750e+02
-1.260462570190429688e+02
-1.260543365478515625e+02
-1.260624008178710938e+02
-1.260704727172851562e+02
-1.260785293579101562e+02
-1.260865859985351562e+02
-1.260946426391601562e+02
-1.261026916503906250e+02
-1.261107330322265625e+02
-1.261187744140625000e+02
-1.261268157958984375e+02
-1.261348495483398438e+02
-1.261428756713867188e+02
-1.261509017944335938e+02
-1.261589202880859375e+02
-1.261669387817382812e+02
-1.261749496459960938e+02
-1.261829528808593750e+02
-1.261909561157226562e+02
-1.261989593505859375e+02
-1.262069549560546875e+02
-1.262149429321289062e+02
-1.262229309082031250e+02
-1.262309188842773438e+02
-1.262388992309570312e+02
-1.262468719482421875e+02
-1.262548446655273438e+02
-1.262628097534179688e+02
-1.262707748413085938e+02
-1.262787322998046875e+02
-1.262866897583007812e+02
-1.262946395874023438e+02
-1.263025817871093750e+02
-1.263105239868164062e+02
-1.263184661865234375e+02
-1.263264007568359375e+02
-1.263343276977539062e+02
-1.263422546386718750e+02
-1.263501815795898438e+02
-1.263581008911132812e+02
-1.263660125732421875e+02
-1.263739242553710938e+02
-1.263818283081054688e+02
-1.263897323608398438e+02
-1.263976287841796875e+02
-1.264055252075195312e+02
-1.264134140014648438e+02
-1.264213027954101562e+02
-1.264291839599609375e+02
-1.264370651245117188e+02
-1.264449386596679688e+02
-1.264528121948242188e+02
-1.264606781005859375e+02
-1.264685363769531250e+02
-1.264763946533203125e+02
-1.264842529296875000e+02
-1.264921035766601562e+02
-1.264999465942382812e+02
-1.265077896118164062e+02
-1.265156326293945312e+02
-1.265234680175781250e+02
-1.265312957763671875e+02
-1.265391235351562500e+02
-1.265469512939453125e+02
-1.265547714233398438e+02
-1.265625839233398438e+02
-1.265703964233398438e+02
-1.265782012939453125e+02
-1.265860061645507812e+02
-1.265938110351562500e+02
-1.266016006469726562e+02
-1.266093978881835938e+02
-1.266171875000000000e+02
-1.266249694824218750e+02
-1.266327514648437500e+02
-1.266405258178710938e+02
-1.266483001708984375e+02
-1.266560668945312500e+02
-1.266638336181640625e+02
-1.266715927124023438e+02
-1.266793518066406250e+02
-1.266871032714843750e+02
-1.266948547363281250e+02
-1.267025985717773438e+02
-1.267103424072265625e+02
-1.267180862426757812e+02
-1.267258148193359375e+02
-1.267335510253906250e+02
-1.267412719726562500e+02
-1.267490005493164062e+02
-1.267567138671875000e+02
-1.267644348144531250e+02
-1.267721405029296875e+02
-1.267798538208007812e+02
-1.267875518798828125e+02
-1.267952575683593750e+02
-1.268029479980468750e+02
-1.268106384277343750e+02
-1.268183288574218750e+02
-1.268260116577148438e+02
-1.268336944580078125e+02
-1.268413696289062500e+02
-1.268490447998046875e+02
-1.268567123413085938e+02
-1.268643722534179688e+02
-1.268720321655273438e+02
-1.268796920776367188e+02
-1.268873443603515625e+02
-1.268949966430664062e+02
-1.269026412963867188e+02
-1.269102783203125000e+02
-1.269179153442382812e+02
-1.269255523681640625e+02
-1.269408035278320312e+02
-1.269484252929687500e+02
-1.269484252929687500e+02
-1.269636535644531250e+02
-1.269636535644531250e+02
-1.269712600708007812e+02
-1.269788665771484375e+02
-1.269864654541015625e+02
-1.269940643310546875e+02
-1.270016555786132812e+02
-1.270092468261718750e+02
-1.270168304443359375e+02
-1.270244140625000000e+02
-1.270319900512695312e+02
-1.270395660400390625e+02
-1.270471343994140625e+02
-1.270546951293945312e+02
-1.270622558593750000e+02
-1.270773696899414062e+02
-1.270773696899414062e+02
-1.270849151611328125e+02
-1.270924606323242188e+02
-1.270999984741210938e+02
-1.271075363159179688e+02
-1.271150741577148438e+02
-1.271225967407226562e+02
-1.271301193237304688e+02
-1.271376419067382812e+02
-1.271451568603515625e+02
-1.271526718139648438e+02
-1.271601791381835938e+02
-1.271676864624023438e+02
-1.271751861572265625e+02
-1.271826782226562500e+02
-1.271901702880859375e+02
-1.272051391601562500e+02
-1.272051391601562500e+02
-1.272126159667968750e+02
-1.272200927734375000e+02
-1.272275619506835938e+02
-1.272350311279296875e+02
-1.272424926757812500e+02
-1.272499542236328125e+02
-1.272574081420898438e+02
-1.272648544311523438e+02
-1.272723007202148438e+02
-1.272797470092773438e+02
-1.272871780395507812e+02
-1.272946166992187500e+02
-1.273020401000976562e+02
-1.273094711303710938e+02
-1.273168869018554688e+02
-1.273243026733398438e+02
-1.273317184448242188e+02
-1.273391265869140625e+02
-1.273465270996093750e+02
-1.273539276123046875e+02
-1.273613281250000000e+02
-1.273687133789062500e+02
-1.273761062622070312e+02
-1.273834838867187500e+02
-1.273908691406250000e+02
-1.273982391357421875e+02
-1.274056091308593750e+02
-1.274129791259765625e+02
-1.274203338623046875e+02
-1.274276962280273438e+02
-1.274350509643554688e+02
-1.274423980712890625e+02
-1.274497451782226562e+02
-1.274570846557617188e+02
-1.274644165039062500e+02
-1.274717483520507812e+02
-1.274790802001953125e+02
-1.274863967895507812e+02
-1.274937210083007812e+02
-1.275010299682617188e+02
-1.275083465576171875e+02
-1.275156478881835938e+02
-1.275229492187500000e+02
-1.275302505493164062e+02
-1.275375442504882812e+02
-1.275448303222656250e+02
-1.275521163940429688e+02
-1.275593948364257812e+02
-1.275666732788085938e+02
-1.275739440917968750e+02
-1.275812072753906250e+02
-1.275884704589843750e+02
-1.275957260131835938e+02
-1.276029815673828125e+02
-1.276102294921875000e+02
-1.276174774169921875e+02
-1.276247177124023438e+02
-1.276319580078125000e+02
-1.276391830444335938e+02
-1.276464157104492188e+02
-1.276536407470703125e+02
-1.276608581542968750e+02
-1.276680679321289062e+02
-1.276752777099609375e+02
-1.276824874877929688e+02
-1.276896896362304688e+02
-1.276968841552734375e+02
-1.277040786743164062e+02
-1.277112655639648438e+02
-1.277184448242187500e+02
-1.277256240844726562e+02
-1.277328033447265625e+02
-1.277399749755859375e+02
-1.277471389770507812e+02
-1.277542953491210938e+02
-1.277614517211914062e+02
-1.277686080932617188e+02
-1.277757568359375000e+02
-1.277828979492187500e+02
-1.277900390625000000e+02
-1.277971725463867188e+02
-1.278042984008789062e+02
-1.278114242553710938e+02
-1.278185501098632812e+02
-1.278256683349609375e+02
-1.278327789306640625e+02
-1.278398818969726562e+02
-1.278469848632812500e+02
-1.278540878295898438e+02
-1.278611755371093750e+02
-1.278682708740234375e+02
-1.278753509521484375e+02
-1.278824310302734375e+02
-1.278895111083984375e+02
-1.278965759277343750e+02
-1.279036483764648438e+02
-1.279107055664062500e+02
-1.279177627563476562e+02
-1.279248199462890625e+02
-1.279318695068359375e+02
-1.279389114379882812e+02
-1.279459457397460938e+02
-1.279529800415039062e+02
-1.279600143432617188e+02
-1.279670410156250000e+02
-1.279740600585937500e+02
-1.279810714721679688e+02
-1.279880828857421875e+02
-1.279950942993164062e+02
-1.280020904541015625e+02
-1.280090942382812500e+02
-1.280160827636718750e+02
-1.280230712890625000e+02
-1.280300598144531250e+02
-1.280370330810546875e+02
-1.280440063476562500e+02
-1.280509796142578125e+02
-1.280579376220703125e+02
-1.280649108886718750e+02
-1.280718536376953125e+02
-1.280788116455078125e+02
-1.280857543945312500e+02
-1.280926971435546875e+02
-1.280996398925781250e+02
-1.281065673828125000e+02
-1.281134948730468750e+02
-1.281204223632812500e+02
-1.281273345947265625e+02
-1.281342468261718750e+02
-1.281411590576171875e+02
-1.281480560302734375e+02
-1.281549530029296875e+02
-1.281618499755859375e+02
-1.281687469482421875e+02
-1.281756286621093750e+02
-1.281825103759765625e+02
-1.281893768310546875e+02
-1.281962585449218750e+02
-1.282031097412109375e+02
-1.282099761962890625e+02
-1.282168273925781250e+02
-1.282236785888671875e+02
-1.282305297851562500e+02
-1.282373657226562500e+02
-1.282442016601562500e+02
-1.282510375976562500e+02
-1.282578735351562500e+02
-1.282646942138671875e+02
-1.282715148925781250e+02
-1.282783203125000000e+02
-1.282851257324218750e+02
-1.282919311523437500e+02
-1.282987365722656250e+02
-1.283055267333984375e+02
-1.283123168945312500e+02
-1.283190917968750000e+02
-1.283258666992187500e+02
-1.283326416015625000e+02
-1.283394165039062500e+02
-1.283461761474609375e+02
-1.283529357910156250e+02
-1.283596954345703125e+02
-1.283664398193359375e+02
-1.283731842041015625e+02
-1.283799285888671875e+02
-1.283866577148437500e+02
-1.283933868408203125e+02
-1.284001159667968750e+02
-1.284068298339843750e+02
-1.284135589599609375e+02
-1.284202575683593750e+02
-1.284269714355468750e+02
-1.284336700439453125e+02
-1.284403686523437500e+02
-1.284470520019531250e+02
-1.284537353515625000e+02
-1.284604187011718750e+02
-1.284670867919921875e+02
-1.284737701416015625e+02
-1.284804229736328125e+02
-1.284870910644531250e+02
-1.284937438964843750e+02
-1.285003967285156250e+02
-1.285070343017578125e+02
-1.285136871337890625e+02
-1.285136871337890625e+02
-1.285269470214843750e+02
-1.285335693359375000e+02
-1.285401916503906250e+02
-1.285468139648437500e+02
-1.285534210205078125e+02
-1.285600280761718750e+02
-1.285732116699218750e+02
-1.285798034667968750e+02
-1.285863952636718750e+02
-1.285929718017578125e+02
-1.285995483398437500e+02
-1.285995483398437500e+02
-1.286061248779296875e+02
-1.286126861572265625e+02
-1.286192474365234375e+02
-1.286323394775390625e+02
-1.286323394775390625e+02
-1.286454315185546875e+02
-1.286454315185546875e+02
-1.286519622802734375e+02
-1.286584930419921875e+02
-1.286650238037109375e+02
-1.286715393066406250e+02
-1.286780548095703125e+02
-1.286845550537109375e+02
-1.286910552978515625e+02
-1.286975555419921875e+02
-1.287040557861328125e+02
-1.287105407714843750e+02
-1.287170257568359375e+02
-1.287235107421875000e+02
-1.287299804687500000e+02
-1.287364501953125000e+02
-1.287429046630859375e+02
-1.287493591308593750e+02
-1.287558135986328125e+02
-1.287622680664062500e+02
-1.287687072753906250e+02
-1.287751464843750000e+02
-1.287815856933593750e+02
-1.287880096435546875e+02
-1.287944335937500000e+02
-1.288008575439453125e+02
-1.288072662353515625e+02
-1.288136749267578125e+02
-1.288200836181640625e+02
-1.288264770507812500e+02
-1.288328704833984375e+02
-1.288392639160156250e+02
-1.288456420898437500e+02
-1.288520202636718750e+02
-1.288583984375000000e+02
-1.288647613525390625e+02
-1.288711395263671875e+02
-1.288774871826171875e+02
-1.288838500976562500e+02
-1.288901977539062500e+02
-1.288965454101562500e+02
-1.289028778076171875e+02
-1.289092254638671875e+02
-1.289155426025390625e+02
-1.289218750000000000e+02
-1.289281921386718750e+02
-1.289345092773437500e+02
-1.289408264160156250e+02
-1.289471282958984375e+02
-1.289534301757812500e+02
-1.289597320556640625e+02
-1.289660186767578125e+02
-1.289723052978515625e+02
-1.289785919189453125e+02
-1.289848785400390625e+02
-1.289911499023437500e+02
-1.289974212646484375e+02
-1.290036773681640625e+02
-1.290099334716796875e+02
-1.290161895751953125e+02
-1.290224456787109375e+02
-1.290286865234375000e+02
-1.290349273681640625e+02
-1.290411682128906250e+02
-1.290473937988281250e+02
-1.290536193847656250e+02
-1.290598449707031250e+02
-1.290660705566406250e+02
-1.290722808837890625e+02
-1.290784912109375000e+02
-1.290846862792968750e+02
-1.290908966064453125e+02
-1.290970916748046875e+02
-1.291032714843750000e+02
-1.291094665527343750e+02
-1.291156463623046875e+02
-1.291218109130859375e+02
-1.291279907226562500e+02
-1.291341552734375000e+02
-1.291403198242187500e+02
-1.291464843750000000e+02
-1.291526336669921875e+02
-1.291587829589843750e+02
-1.291649322509765625e+02
-1.291710662841796875e+02
-1.291772003173828125e+02
-1.291833343505859375e+02
-1.291894531250000000e+02
-1.291955871582031250e+02
-1.292017059326171875e+02
-1.292078094482421875e+02
-1.292139282226562500e+02
-1.292200317382812500e+02
-1.292261199951171875e+02
-1.292322235107421875e+02
-1.292383117675781250e+02
-1.292444000244140625e+02
-1.292504882812500000e+02
-1.292565612792968750e+02
-1.292626342773437500e+02
-1.292687072753906250e+02
-1.292747650146484375e+02
-1.292808227539062500e+02
-1.292868804931640625e+02
-1.292929382324218750e+02
-1.292989807128906250e+02
-1.293050231933593750e+02
-1.293110656738281250e+02
-1.293170928955078125e+02
-1.293231353759765625e+02
-1.293291625976562500e+02
-1.293351745605468750e+02
-1.293412017822265625e+02
-1.293472137451171875e+02
-1.293532104492187500e+02
-1.293592224121093750e+02
-1.293652191162109375e+02
-1.293712158203125000e+02
-1.293772125244140625e+02
-1.293831939697265625e+02
-1.293891754150390625e+02
-1.293951568603515625e+02
-1.294011383056640625e+02
-1.294071044921875000e+02
-1.294130706787109375e+02
-1.294190368652343750e+02
-1.294249877929687500e+02
-1.294309387207031250e+02
-1.294368896484375000e+02
-1.294428405761718750e+02
-1.294487762451171875e+02
-1.294547119140625000e+02
-1.294606475830078125e+02
-1.294665832519531250e+02
-1.294725036621093750e+02
-1.294784240722656250e+02
-1.294843444824218750e+02
-1.294902496337890625e+02
-1.294961700439453125e+02
-1.295020599365234375e+02
-1.295079650878906250e+02
-1.295138702392578125e+02
-1.295197601318359375e+02
-1.295256500244140625e+02
-1.295315246582031250e+02
-1.295373992919921875e+02
-1.295432739257812500e+02
-1.295491485595703125e+02
-1.295550231933593750e+02
-1.295608825683593750e+02
-1.295667266845703125e+02
-1.295725860595703125e+02
-1.295784301757812500e+02
-1.295842742919921875e+02
-1.295901184082031250e+02
-1.295959472656250000e+02
-1.296017761230468750e+02
-1.296076049804687500e+02
-1.296134185791015625e+02
-1.296192321777343750e+02
-1.296250457763671875e+02
-1.296308441162109375e+02
-1.296366424560546875e+02
-1.296424407958984375e+02
-1.296482238769531250e+02
-1.296540222167968750e+02
-1.296597900390625000e+02
-1.296655731201171875e+02
-1.296713409423828125e+02
-1.296770935058593750e+02
-1.296828613281250000e+02
-1.296886138916015625e+02
-1.296943511962890625e+02
-1.297001037597656250e+02
-1.297058258056640625e+02
-1.297115631103515625e+02
-1.297172851562500000e+02
-1.297230072021484375e+02
-1.297287139892578125e+02
-1.297344360351562500e+02
-1.297401275634765625e+02
-1.297458343505859375e+02
-1.297515258789062500e+02
-1.297572021484375000e+02
-1.297628784179687500e+02
-1.297685546875000000e+02
-1.297742156982421875e+02
-1.297798767089843750e+02
-1.297855377197265625e+02
-1.297911834716796875e+02
-1.297968292236328125e+02
-1.298024597167968750e+02
-1.298080902099609375e+02
-1.298137207031250000e+02
-1.298193359375000000e+02
-1.298249511718750000e+02
-1.298305511474609375e+02
-1.298361511230468750e+02
-1.298417510986328125e+02
-1.298473358154296875e+02
-1.298529052734375000e+02
-1.298584747314453125e+02
-1.298640441894531250e+02
-1.298696136474609375e+02
-1.298751525878906250e+02
-1.298807067871093750e+02
-1.298862457275390625e+02
-1.298862457275390625e+02
-1.298973083496093750e+02
-1.299028167724609375e+02
-1.299083251953125000e+02
-1.299138336181640625e+02
-1.299193267822265625e+02
-1.299303131103515625e+02
-1.299303131103515625e+02
-1.299357757568359375e+02
-1.299412536621093750e+02
-1.299467163085937500e+02
-1.299521636962890625e+02
-1.299576110839843750e+02
-1.299630584716796875e+02
-1.299684906005859375e+02
-1.299739074707031250e+02
-1.299793243408203125e+02
-1.299847412109375000e+02
-1.299901428222656250e+02
-1.299955291748046875e+02
-1.300009155273437500e+02
-1.300063018798828125e+02
-1.300116729736328125e+02
-1.300170440673828125e+02
-1.300223999023437500e+02
-1.300277404785156250e+02
-1.300330810546875000e+02
-1.300384216308593750e+02
-1.300437316894531250e+02
-1.300543670654296875e+02
-1.300543670654296875e+02
-1.300596618652343750e+02
-1.300649566650390625e+02
-1.300649566650390625e+02
-1.300649566650390625e+02
-1.300649566650390625e+02
-1.306558227539062500e+02
-1.306611022949218750e+02
-1.306663970947265625e+02
-1.306716766357421875e+02
-1.306769561767578125e+02
-1.306822509765625000e+02
-1.306875305175781250e+02
-1.306928100585937500e+02
-1.306981048583984375e+02
-1.307033843994140625e+02
-1.307086791992187500e+02
-1.307139587402343750e+02
-1.307192382812500000e+02
-1.307245330810546875e+02
-1.307298126220703125e+02
-1.307351074218750000e+02
-1.307403869628906250e+02
-1.307456665039062500e+02
-1.307509613037109375e+02
-1.307562408447265625e+02
-1.307615356445312500e+02
-1.307668151855468750e+02
-1.307721099853515625e+02
-1.307773895263671875e+02
-1.307826690673828125e+02
-1.307879638671875000e+02
-1.307932434082031250e+02
-1.307985382080078125e+02
-1.308038177490234375e+02
-1.308091125488281250e+02
-1.308144073486328125e+02
-1.308196868896484375e+02
-1.308249816894531250e+02
-1.308302612304687500e+02
-1.308355560302734375e+02
-1.308408355712890625e+02
-1.308461303710937500e+02
-1.308514251708984375e+02
-1.308567047119140625e+02
-1.308619995117187500e+02
-1.308672790527343750e+02
-1.308725738525390625e+02
-1.308778686523437500e+02
-1.308831481933593750e+02
-1.308884429931640625e+02
-1.308937377929687500e+02
-1.308990325927734375e+02
-1.309043121337890625e+02
-1.309096069335937500e+02
-1.309149017333984375e+02
-1.309201965332031250e+02
-1.309254913330078125e+02
-1.309307708740234375e+02
-1.309360656738281250e+02
-1.309413604736328125e+02
-1.309466552734375000e+02
-1.309519500732421875e+02
-1.309572448730468750e+02
-1.309625396728515625e+02
-1.309678344726562500e+02
-1.309731292724609375e+02
-1.309784240722656250e+02
-1.309837188720703125e+02
-1.309890136718750000e+02
-1.309943084716796875e+02
-1.309996032714843750e+02
-1.310048980712890625e+02
-1.310102081298828125e+02
-1.310155029296875000e+02
-1.310207977294921875e+02
-1.310260925292968750e+02
-1.310313873291015625e+02
-1.310366973876953125e+02
-1.310419921875000000e+02
-1.310472869873046875e+02
-1.310525970458984375e+02
-1.310578918457031250e+02
-1.310632019042968750e+02
-1.310684967041015625e+02
-1.310737915039062500e+02
-1.310791015625000000e+02
-1.310843963623046875e+02
-1.310897064208984375e+02
-1.310950164794921875e+02
-1.311003112792968750e+02
-1.311056213378906250e+02
-1.311109313964843750e+02
-1.311162261962890625e+02
-1.311215362548828125e+02
-1.311268463134765625e+02
-1.311321563720703125e+02
-1.311374511718750000e+02
-1.311427612304687500e+02
-1.311480712890625000e+02
-1.311533813476562500e+02
-1.311586914062500000e+02
-1.311640014648437500e+02
-1.311693115234375000e+02
-1.311746215820312500e+02
-1.311799316406250000e+02
-1.311852416992187500e+02
-1.311905517578125000e+02
-1.311958770751953125e+02
-1.312011871337890625e+02
-1.312064971923828125e+02
-1.312118072509765625e+02
-1.312171325683593750e+02
-1.312224426269531250e+02
-1.312277679443359375e+02
-1.312330780029296875e+02
-1.312384033203125000e+02
-1.312437133789062500e+02
-1.312490386962890625e+02
-1.312543487548828125e+02
-1.312596740722656250e+02
-1.312649993896484375e+02
-1.312703094482421875e+02
-1.312756347656250000e+02
-1.312809600830078125e+02
-1.312862854003906250e+02
-1.312915954589843750e+02
-1.312969207763671875e+02
-1.313022460937500000e+02
-1.313075714111328125e+02
-1.313128967285156250e+02
-1.313182220458984375e+02
-1.313235473632812500e+02
-1.313288726806640625e+02
-1.313341979980468750e+02
-1.313395233154296875e+02
-1.313448486328125000e+02
-1.313501739501953125e+02
-1.313554992675781250e+02
-1.313608093261718750e+02
-1.313661346435546875e+02
-1.313714599609375000e+02
-1.313767852783203125e+02
-1.313821105957031250e+02
-1.313874359130859375e+02
-1.313927612304687500e+02
-1.313980865478515625e+02
-1.314034118652343750e+02
-1.314087371826171875e+02
-1.314140625000000000e+02
-1.314193878173828125e+02
-1.314247131347656250e+02
-1.314300231933593750e+02
-1.314353485107421875e+02
-1.314406738281250000e+02
-1.314459991455078125e+02
-1.314513244628906250e+02
-1.314566345214843750e+02
-1.314619598388671875e+02
-1.314672851562500000e+02
-1.314725952148437500e+02
-1.314779205322265625e+02
-1.314832305908203125e+02
-1.314885559082031250e+02
-1.314938659667968750e+02
-1.314991912841796875e+02
-1.315045013427734375e+02
-1.315098114013671875e+02
-1.315151367187500000e+02
-1.315204467773437500e+02
-1.315257568359375000e+02
-1.315310668945312500e+02
-1.315363769531250000e+02
-1.315416870117187500e+02
-1.315469970703125000e+02
-1.315523071289062500e+02
-1.315576171875000000e+02
-1.315629119873046875e+02
-1.315682220458984375e+02
-1.315735321044921875e+02
-1.315788269042968750e+02
-1.315841369628906250e+02
-1.315894317626953125e+02
-1.315947265625000000e+02
-1.316000366210937500e+02
-1.316053314208984375e+02
-1.316106262207031250e+02
-1.316159210205078125e+02
-1.316212158203125000e+02
-1.316265106201171875e+02
-1.316317901611328125e+02
-1.316370849609375000e+02
-1.316423645019531250e+02
-1.316476593017578125e+02
-1.316529388427734375e+02
-1.316582336425781250e+02
-1.316635131835937500e+02
-1.316687927246093750e+02
-1.316740722656250000e+02
-1.316793518066406250e+02
-1.316846160888671875e+02
-1.316898956298828125e+02
-1.316951751708984375e+02
-1.317004394531250000e+02
-1.317057037353515625e+02
-1.317109832763671875e+02
-1.317162475585937500e+02
-1.317215118408203125e+02
-1.317267761230468750e+02
-1.317320251464843750e+02
-1.317372894287109375e+02
-1.317425384521484375e+02
-1.317478027343750000e+02
-1.317530517578125000e+02
-1.317583007812500000e+02
-1.317635498046875000e+02
-1.317687988281250000e+02
-1.317740478515625000e+02
-1.317792816162109375e+02
-1.317845306396484375e+02
-1.317897644042968750e+02
-1.317949981689453125e+02
-1.318002319335937500e+02
-1.318054656982421875e+02
-1.318106994628906250e+02
-1.318159179687500000e+02
-1.318211517333984375e+02
-1.318263702392578125e+02
-1.318315887451171875e+02
-1.318368072509765625e+02
-1.318420257568359375e+02
-1.318472442626953125e+02
-1.318524475097656250e+02
-1.318576660156250000e+02
-1.318628692626953125e+02
-1.318680725097656250e+02
-1.318732757568359375e+02
-1.318784790039062500e+02
-1.318836822509765625e+02
-1.318888854980468750e+02
-1.318940734863281250e+02
-1.318992767333984375e+02
-1.319044647216796875e+02
-1.319096679687500000e+02
-1.319148559570312500e+02
-1.319200592041015625e+02
-1.319252471923828125e+02
-1.319304351806640625e+02
-1.319356231689453125e+02
-1.319408264160156250e+02
-1.319460144042968750e+02
-1.319512023925781250e+02
-1.319563903808593750e+02
-1.319615783691406250e+02
-1.319667816162109375e+02
-1.319719696044921875e+02
-1.319771575927734375e+02
-1.319823455810546875e+02
-1.319875488281250000e+02
-1.319927368164062500e+02
-1.319979248046875000e+02
-1.320031280517578125e+02
-1.320083160400390625e+02
-1.320135192871093750e+02
-1.320187225341796875e+02
-1.320239105224609375e+02
-1.320291137695312500e+02
-1.320343170166015625e+02
-1.320395202636718750e+02
-1.320447235107421875e+02
-1.320499267578125000e+02
-1.320551452636718750e+02
-1.320603485107421875e+02
-1.320655670166015625e+02
-1.320707855224609375e+02
-1.320760040283203125e+02
-1.320812225341796875e+02
-1.320864410400390625e+02
-1.320916595458984375e+02
-1.320968933105468750e+02
-1.321021270751953125e+02
-1.321073608398437500e+02
-1.321125946044921875e+02
-1.321178283691406250e+02
-1.321230773925781250e+02
-1.321283264160156250e+02
-1.321335754394531250e+02
-1.321388244628906250e+02
-1.321440734863281250e+02
-1.321493377685546875e+02
-1.321546020507812500e+02
-1.321598663330078125e+02
-1.321651458740234375e+02
-1.321704101562500000e+02
-1.321756896972656250e+02
-1.321809844970703125e+02
-1.321862640380859375e+02
-1.321915588378906250e+02
-1.321968536376953125e+02
-1.322021636962890625e+02
-1.322074584960937500e+02
-1.322127838134765625e+02
-1.322180938720703125e+02
-1.322234191894531250e+02
-1.322287445068359375e+02
-1.322340698242187500e+02
-1.322394104003906250e+02
-1.322447509765625000e+02
-1.322501068115234375e+02
-1.322554626464843750e+02
-1.322608184814453125e+02
-1.322661895751953125e+02
-1.322715606689453125e+02
-1.322769317626953125e+02
-1.322823181152343750e+02
-1.322877197265625000e+02
-1.322931060791015625e+02
-1.322985229492187500e+02
-1.323039245605468750e+02
-1.323093414306640625e+02
-1.323147735595703125e+02
-1.323202056884765625e+02
-1.323256378173828125e+02
-1.323310852050781250e+02
-1.323365325927734375e+02
-1.323419952392578125e+02
-1.323474578857421875e+02
-1.323529357910156250e+02
-1.323584136962890625e+02
-1.323639068603515625e+02
-1.323694000244140625e+02
-1.323749084472656250e+02
-1.323804321289062500e+02
-1.323859405517578125e+02
-1.323914794921875000e+02
-1.323970184326171875e+02
-1.324025573730468750e+02
-1.324081268310546875e+02
-1.324136810302734375e+02
-1.324192504882812500e+02
-1.324248352050781250e+02
-1.324304351806640625e+02
-1.324360351562500000e+02
-1.324416351318359375e+02
-1.324472503662109375e+02
-1.324528808593750000e+02
-1.324585113525390625e+02
-1.324641571044921875e+02
-1.324698181152343750e+02
-1.324754791259765625e+02
-1.324811401367187500e+02
-1.324868164062500000e+02
-1.324925079345703125e+02
-1.324981994628906250e+02
-1.325039062500000000e+02
-1.325096130371093750e+02
-1.325153350830078125e+02
-1.325210723876953125e+02
-1.325210723876953125e+02
-1.325325469970703125e+02
-1.325382995605468750e+02
-1.325440673828125000e+02
-1.325498352050781250e+02
-1.325556182861328125e+02
-1.325614013671875000e+02
-1.325671997070312500e+02
-1.325729980468750000e+02
-1.325788116455078125e+02
-1.325846252441406250e+02
-1.325904541015625000e+02
-1.325962982177734375e+02
-1.326021423339843750e+02
-1.326079864501953125e+02
-1.326138458251953125e+02
-1.326197052001953125e+02
-1.326255798339843750e+02
-1.326314697265625000e+02
-1.326373596191406250e+02
-1.326432647705078125e+02
-1.326491699218750000e+02
-1.326550750732421875e+02
-1.326609954833984375e+02
-1.326669311523437500e+02
-1.326728668212890625e+02
-1.326788024902343750e+02
-1.326847534179687500e+02
-1.326907196044921875e+02
-1.326966857910156250e+02
-1.327026519775390625e+02
-1.327086334228515625e+02
-1.327146301269531250e+02
-1.327206268310546875e+02
-1.327266235351562500e+02
-1.327326354980468750e+02
-1.327386474609375000e+02
-1.327446746826171875e+02
-1.327507171630859375e+02
-1.327567443847656250e+02
-1.327628021240234375e+02
-1.327688446044921875e+02
-1.327749023437500000e+02
-1.327809753417968750e+02
-1.327870483398437500e+02
-1.327931365966796875e+02
-1.327992248535156250e+02
-1.328053131103515625e+02
-1.328114166259765625e+02
-1.328175201416015625e+02
-1.328236389160156250e+02
-1.328297576904296875e+02
-1.328358917236328125e+02
-1.328420257568359375e+02
-1.328481750488281250e+02
-1.328543243408203125e+02
-1.328604736328125000e+02
-1.328666381835937500e+02
-1.328728027343750000e+02
-1.328789825439453125e+02
-1.328851623535156250e+02
-1.328913421630859375e+02
-1.328975372314453125e+02
-1.329037475585937500e+02
-1.329099426269531250e+02
-1.329161682128906250e+02
-1.329223785400390625e+02
-1.329286041259765625e+02
-1.329348449707031250e+02
-1.329410858154296875e+02
-1.329473266601562500e+02
-1.329535675048828125e+02
-1.329598236083984375e+02
-1.329660949707031250e+02
-1.329723663330078125e+02
-1.329786376953125000e+02
-1.329849243164062500e+02
-1.329912109375000000e+02
-1.329974975585937500e+02
-1.330037994384765625e+02
-1.330101013183593750e+02
-1.330164031982421875e+02
-1.330227203369140625e+02
-1.330290527343750000e+02
-1.330353698730468750e+02
-1.330417022705078125e+02
-1.330480499267578125e+02
-1.330543823242187500e+02
-1.330607452392578125e+02
-1.330670928955078125e+02
-1.330734558105468750e+02
-1.330798187255859375e+02
-1.330861968994140625e+02
-1.330925750732421875e+02
-1.330989532470703125e+02
-1.331053466796875000e+02
-1.331117401123046875e+02
-1.331181335449218750e+02
-1.331245422363281250e+02
-1.331309509277343750e+02
-1.331373596191406250e+02
-1.331437835693359375e+02
-1.331502075195312500e+02
-1.331566314697265625e+02
-1.331630706787109375e+02
-1.331695098876953125e+02
-1.331759643554687500e+02
-1.331824188232421875e+02
-1.331888732910156250e+02
-1.331953430175781250e+02
-1.332018127441406250e+02
-1.332082824707031250e+02
-1.332147674560546875e+02
-1.332212524414062500e+02
-1.332277374267578125e+02
-1.332342376708984375e+02
-1.332407379150390625e+02
-1.332472381591796875e+02
-1.332537536621093750e+02
-1.332602691650390625e+02
-1.332667999267578125e+02
-1.332733306884765625e+02
-1.332798614501953125e+02
-1.332864074707031250e+02
-1.332929534912109375e+02
-1.332994995117187500e+02
-1.333060607910156250e+02
-1.333126220703125000e+02
-1.333191833496093750e+02
-1.333257598876953125e+02
-1.333323364257812500e+02
-1.333389282226562500e+02
-1.333455200195312500e+02
-1.333521118164062500e+02
-1.333587036132812500e+02
-1.333653106689453125e+02
-1.333719329833984375e+02
-1.333785400390625000e+02
-1.333851623535156250e+02
-1.333917999267578125e+02
-1.333984222412109375e+02
-1.334050750732421875e+02
-1.334117126464843750e+02
-1.334183654785156250e+02
-1.334250183105468750e+02
-1.334316864013671875e+02
-1.334383544921875000e+02
-1.334450225830078125e+02
-1.334517059326171875e+02
-1.334583892822265625e+02
-1.334650726318359375e+02
-1.334717712402343750e+02
-1.334784698486328125e+02
-1.334851684570312500e+02
-1.334918823242187500e+02
-1.334985961914062500e+02
-1.335053253173828125e+02
-1.335120544433593750e+02
-1.335187835693359375e+02
-1.335255279541015625e+02
-1.335322723388671875e+02
-1.335390319824218750e+02
-1.335457763671875000e+02
-1.335525360107421875e+02
-1.335593109130859375e+02
-1.335660858154296875e+02
-1.335728607177734375e+02
-1.335796508789062500e+02
-1.335864410400390625e+02
-1.335932312011718750e+02
-1.336000366210937500e+02
-1.336068420410156250e+02
-1.336136627197265625e+02
-1.336204681396484375e+02
-1.336273040771484375e+02
-1.336341247558593750e+02
-1.336409606933593750e+02
-1.336478118896484375e+02
-1.336546478271484375e+02
-1.336614990234375000e+02
-1.336683654785156250e+02
-1.336752319335937500e+02
-1.336820983886718750e+02
-1.336889648437500000e+02
-1.336958465576171875e+02
-1.337027435302734375e+02
-1.337096252441406250e+02
-1.337165222167968750e+02
-1.337234344482421875e+02
-1.337234344482421875e+02
-1.337372589111328125e+02
-1.337441711425781250e+02
-1.337510986328125000e+02
-1.337580413818359375e+02
-1.337649688720703125e+02
-1.337719116210937500e+02
-1.337788696289062500e+02
-1.337858276367187500e+02
-1.337927856445312500e+02
-1.337997436523437500e+02
-1.338067169189453125e+02
-1.338137054443359375e+02
-1.338206787109375000e+02
-1.338276672363281250e+02
-1.338346710205078125e+02
-1.338416748046875000e+02
-1.338486785888671875e+02
-1.338556976318359375e+02
-1.338627166748046875e+02
-1.338697357177734375e+02
-1.338767700195312500e+02
-1.338838043212890625e+02
-1.338908386230468750e+02
-1.338978881835937500e+02
-1.339049377441406250e+02
-1.339120025634765625e+02
-1.339190673828125000e+02
-1.339261322021484375e+02
-1.339332122802734375e+02
-1.339402923583984375e+02
-1.339473724365234375e+02
-1.339544677734375000e+02
-1.339615631103515625e+02
-1.339686737060546875e+02
-1.339757843017578125e+02
-1.339828948974609375e+02
-1.339900207519531250e+02
-1.339971466064453125e+02
-1.340042724609375000e+02
-1.340114135742187500e+02
-1.340185546875000000e+02
-1.340257110595703125e+02
-1.340328521728515625e+02
-1.340400238037109375e+02
-1.340471801757812500e+02
-1.340543518066406250e+02
-1.340615386962890625e+02
-1.340687103271484375e+02
-1.340758972167968750e+02
-1.340830993652343750e+02
-1.340903015136718750e+02
-1.340975036621093750e+02
-1.341047058105468750e+02
-1.341119232177734375e+02
-1.341191406250000000e+02
-1.341263732910156250e+02
-1.341336059570312500e+02
-1.341408386230468750e+02
-1.341480865478515625e+02
-1.341553344726562500e+02
-1.341625823974609375e+02
-1.341698455810546875e+02
-1.341771087646484375e+02
-1.341843872070312500e+02
-1.341916656494140625e+02
-1.341989440917968750e+02
-1.342062225341796875e+02
-1.342135162353515625e+02
-1.342208099365234375e+02
-1.342281188964843750e+02
-1.342354278564453125e+02
-1.342427368164062500e+02
-1.342500610351562500e+02
-1.342573852539062500e+02
-1.342647094726562500e+02
-1.342720489501953125e+02
-1.342793884277343750e+02
-1.342867431640625000e+02
-1.342940826416015625e+02
-1.343014526367187500e+02
-1.343088073730468750e+02
-1.343161773681640625e+02
-1.343235473632812500e+02
-1.343309326171875000e+02
-1.343383178710937500e+02
-1.343457031250000000e+02
-1.343530883789062500e+02
-1.343604888916015625e+02
-1.343679046630859375e+02
-1.343753051757812500e+02
-1.343827209472656250e+02
-1.343901367187500000e+02
-1.343975677490234375e+02
-1.344049987792968750e+02
-1.344124298095703125e+02
-1.344198760986328125e+02
-1.344273223876953125e+02
-1.344347839355468750e+02
-1.344422302246093750e+02
-1.344496917724609375e+02
-1.344571685791015625e+02
-1.344646453857421875e+02
-1.344721221923828125e+02
-1.344795989990234375e+02
-1.344870910644531250e+02
-1.344945831298828125e+02
-1.345020751953125000e+02
-1.345095825195312500e+02
-1.345170898437500000e+02
-1.345246124267578125e+02
-1.345321350097656250e+02
-1.345396575927734375e+02
-1.345471801757812500e+02
-1.345547180175781250e+02
-1.345622558593750000e+02
-1.345698089599609375e+02
-1.345773620605468750e+02
-1.345849151611328125e+02
-1.345924682617187500e+02
-1.346000366210937500e+02
-1.346076049804687500e+02
-1.346151885986328125e+02
-1.346227722167968750e+02
-1.346303558349609375e+02
-1.346379394531250000e+02
-1.346455383300781250e+02
-1.346531372070312500e+02
-1.346607513427734375e+02
-1.346683502197265625e+02
-1.346759796142578125e+02
-1.346835937500000000e+02
-1.346912231445312500e+02
-1.346988525390625000e+02
-1.347064819335937500e+02
-1.347141265869140625e+02
-1.347217712402343750e+02
-1.347294311523437500e+02
-1.347370910644531250e+02
-1.347447509765625000e+02
-1.347524108886718750e+02
-1.347600860595703125e+02
-1.347677612304687500e+02
-1.347754364013671875e+02
-1.347831268310546875e+02
-1.347908172607421875e+02
-1.347985229492187500e+02
-1.348062133789062500e+02
-1.348139190673828125e+02
-1.348216400146484375e+02
-1.348293457031250000e+02
-1.348370666503906250e+02
-1.348448028564453125e+02
-1.348525238037109375e+02
-1.348602600097656250e+02
-1.348680114746093750e+02
-1.348757476806640625e+02
-1.348834991455078125e+02
-1.348912658691406250e+02
-1.348990173339843750e+02
-1.349067840576171875e+02
-1.349145507812500000e+02
-1.349223327636718750e+02
-1.349301147460937500e+02
-1.349378967285156250e+02
-1.349456787109375000e+02
-1.349534759521484375e+02
-1.349612731933593750e+02
-1.349690856933593750e+02
-1.349768981933593750e+02
-1.349847106933593750e+02
-1.349925231933593750e+02
-1.350003509521484375e+02
-1.350081787109375000e+02
-1.350160064697265625e+02
-1.350238494873046875e+02
-1.350316925048828125e+02
-1.350395355224609375e+02
-1.350473937988281250e+02
-1.350552520751953125e+02
-1.350631103515625000e+02
-1.350709838867187500e+02
-1.350788574218750000e+02
-1.350867309570312500e+02
-1.350946197509765625e+02
-1.351024932861328125e+02
-1.351103973388671875e+02
-1.351182861328125000e+02
-1.351261901855468750e+02
-1.351340942382812500e+02
-1.351419982910156250e+02
-1.351499176025390625e+02
-1.351578369140625000e+02
-1.351657562255859375e+02
-1.351736907958984375e+02
-1.351816253662109375e+02
-1.351895599365234375e+02
-1.351975097656250000e+02
-1.352054595947265625e+02
-1.352134094238281250e+02
-1.352213745117187500e+02
-1.352293243408203125e+02
-1.352373046875000000e+02
-1.352452697753906250e+02
-1.352532501220703125e+02
-1.352612304687500000e+02
-1.352692108154296875e+02
-1.352772064208984375e+02
-1.352852020263671875e+02
-1.352931976318359375e+02
-1.352931976318359375e+02
-1.353092193603515625e+02
-1.353172302246093750e+02
-1.353252563476562500e+02
-1.353332672119140625e+02
-1.353413085937500000e+02
-1.353493347167968750e+02
-1.353573760986328125e+02
-1.353654174804687500e+02
-1.353734588623046875e+02
-1.353815155029296875e+02
-1.353895721435546875e+02
-1.353976287841796875e+02
-1.354057006835937500e+02
-1.354137725830078125e+02
-1.354218444824218750e+02
-1.354299163818359375e+02
-1.354380035400390625e+02
-1.354460906982421875e+02
-1.354541778564453125e+02
-1.354622802734375000e+02
-1.354703826904296875e+02
-1.354784851074218750e+02
-1.354866027832031250e+02
-1.354947204589843750e+02
-1.355028381347656250e+02
-1.355109710693359375e+02
-1.355190887451171875e+02
-1.355272216796875000e+02
-1.355353698730468750e+02
-1.355435028076171875e+02
-1.355516510009765625e+02
-1.355598144531250000e+02
-1.355679626464843750e+02
-1.355761260986328125e+02
-1.355842895507812500e+02
-1.355924682617187500e+02
-1.356006469726562500e+02
-1.356088256835937500e+02
-1.356170043945312500e+02
-1.356251983642578125e+02
-1.356333923339843750e+02
-1.356415863037109375e+02
-1.356497802734375000e+02
-1.356579895019531250e+02
-1.356661987304687500e+02
-1.356744232177734375e+02
-1.356826324462890625e+02
-1.356908569335937500e+02
-1.356990966796875000e+02
-1.357073211669921875e+02
-1.357155609130859375e+02
-1.357238006591796875e+02
-1.357320556640625000e+02
-1.357403106689453125e+02
-1.357485656738281250e+02
-1.357568206787109375e+02
-1.357650756835937500e+02
-1.357733459472656250e+02
-1.357816314697265625e+02
-1.357899017333984375e+02
-1.357981872558593750e+02
-1.358064727783203125e+02
-1.358147583007812500e+02
-1.358230590820312500e+02
-1.358313598632812500e+02
-1.358396606445312500e+02
-1.358479766845703125e+02
-1.358562774658203125e+02
-1.358645935058593750e+02
-1.358729248046875000e+02
-1.358812408447265625e+02
-1.358895721435546875e+02
-1.358979034423828125e+02
-1.359062500000000000e+02
-1.359145965576171875e+02
-1.359229431152343750e+02
-1.359312896728515625e+02
-1.359396514892578125e+02
-1.359480133056640625e+02
-1.359563751220703125e+02
-1.359647369384765625e+02
-1.359731140136718750e+02
-1.359814910888671875e+02
-1.359898681640625000e+02
-1.359982604980468750e+02
-1.360066528320312500e+02
-1.360150451660156250e+02
-1.360234527587890625e+02
-1.360318450927734375e+02
-1.360402526855468750e+02
-1.360486755371093750e+02
-1.360570831298828125e+02
-1.360655059814453125e+02
-1.360739288330078125e+02
-1.360823516845703125e+02
-1.360907897949218750e+02
-1.360992279052734375e+02
-1.361076660156250000e+02
-1.361161193847656250e+02
-1.361245727539062500e+02
-1.361330261230468750e+02
-1.361414794921875000e+02
-1.361499481201171875e+02
-1.361584014892578125e+02
-1.361668853759765625e+02
-1.361753540039062500e+02
-1.361838378906250000e+02
-1.361923217773437500e+02
-1.362008056640625000e+02
-1.362092895507812500e+02
-1.362177886962890625e+02
-1.362262878417968750e+02
-1.362348022460937500e+02
-1.362433013916015625e+02
-1.362518157958984375e+02
-1.362603302001953125e+02
-1.362688598632812500e+02
-1.362773742675781250e+02
-1.362859039306640625e+02
-1.362944335937500000e+02
-1.363029785156250000e+02
-1.363115234375000000e+02
-1.363200683593750000e+02
-1.363286132812500000e+02
-1.363371734619140625e+02
-1.363457336425781250e+02
-1.363542938232421875e+02
-1.363628540039062500e+02
-1.363714294433593750e+02
-1.363800048828125000e+02
-1.363885803222656250e+02
-1.363971557617187500e+02
-1.364057464599609375e+02
-1.364143371582031250e+02
-1.364229278564453125e+02
-1.364315338134765625e+02
-1.364401245117187500e+02
-1.364487304687500000e+02
-1.364573516845703125e+02
-1.364659576416015625e+02
-1.364745788574218750e+02
-1.364832000732421875e+02
-1.364918365478515625e+02
-1.365004577636718750e+02
-1.365090942382812500e+02
-1.365177307128906250e+02
-1.365263824462890625e+02
-1.365350189208984375e+02
-1.365436706542968750e+02
-1.365523223876953125e+02
-1.365609893798828125e+02
-1.365696411132812500e+02
-1.365783081054687500e+02
-1.365869903564453125e+02
-1.365956573486328125e+02
-1.366043395996093750e+02
-1.366130218505859375e+02
-1.366217041015625000e+02
-1.366303863525390625e+02
-1.366390838623046875e+02
-1.366477813720703125e+02
-1.366564788818359375e+02
-1.366651916503906250e+02
-1.366739044189453125e+02
-1.366826171875000000e+02
-1.366913299560546875e+02
-1.367000427246093750e+02
-1.367087707519531250e+02
-1.367174987792968750e+02
-1.367262268066406250e+02
-1.367349700927734375e+02
-1.367437133789062500e+02
-1.367524566650390625e+02
-1.367611999511718750e+02
-1.367699432373046875e+02
-1.367787017822265625e+02
-1.367874603271484375e+02
-1.367962188720703125e+02
-1.368049926757812500e+02
-1.368137664794921875e+02
-1.368225402832031250e+02
-1.368313140869140625e+02
-1.368400878906250000e+02
-1.368488769531250000e+02
-1.368576660156250000e+02
-1.368664550781250000e+02
-1.368752441406250000e+02
-1.368840484619140625e+02
-1.368928527832031250e+02
-1.369016571044921875e+02
-1.369104766845703125e+02
-1.369192810058593750e+02
-1.369281005859375000e+02
-1.369369201660156250e+02
-1.369457550048828125e+02
-1.369545745849609375e+02
-1.369634094238281250e+02
-1.369722442626953125e+02
-1.369810791015625000e+02
-1.369899291992187500e+02
-1.369987792968750000e+02
-1.370076293945312500e+02
-1.370164794921875000e+02
-1.370253295898437500e+02
-1.370341949462890625e+02
-1.370430603027343750e+02
-1.370519256591796875e+02
-1.370608062744140625e+02
-1.370696716308593750e+02
-1.370785522460937500e+02
-1.370874328613281250e+02
-1.370963134765625000e+02
-1.371052093505859375e+02
-1.371141052246093750e+02
-1.371230010986328125e+02
-1.371318969726562500e+02
-1.371408081054687500e+02
-1.371497039794921875e+02
-1.371586151123046875e+02
-1.371675262451171875e+02
-1.371764526367187500e+02
-1.371764526367187500e+02
-1.371942901611328125e+02
-1.372032165527343750e+02
-1.372121429443359375e+02
-1.372210845947265625e+02
-1.372300262451171875e+02
-1.372389678955078125e+02
-1.372479095458984375e+02
-1.372568511962890625e+02
-1.372658081054687500e+02
-1.372747650146484375e+02
-1.372837219238281250e+02
-1.372926788330078125e+02
-1.373016357421875000e+02
-1.373106079101562500e+02
-1.373195800781250000e+02
-1.373285522460937500e+02
-1.373375396728515625e+02
-1.373465118408203125e+02
-1.373554992675781250e+02
-1.373644866943359375e+02
-1.373734741210937500e+02
-1.373824768066406250e+02
-1.373914642333984375e+02
-1.374004669189453125e+02
-1.374094696044921875e+02
-1.374184875488281250e+02
-1.374274902343750000e+02
-1.374365081787109375e+02
-1.374455261230468750e+02
-1.374545440673828125e+02
-1.374635620117187500e+02
-1.374725952148437500e+02
-1.374816284179687500e+02
-1.374906616210937500e+02
-1.374996948242187500e+02
-1.375087280273437500e+02
-1.375177764892578125e+02
-1.375268249511718750e+02
-1.375358734130859375e+02
-1.375449218750000000e+02
-1.375539855957031250e+02
-1.375630493164062500e+02
-1.375720977783203125e+02
-1.375811767578125000e+02
-1.375902404785156250e+02
-1.375993041992187500e+02
-1.376083831787109375e+02
-1.376174621582031250e+02
-1.376265411376953125e+02
-1.376356353759765625e+02
-1.376447143554687500e+02
-1.376538085937500000e+02
-1.376629028320312500e+02
-1.376719970703125000e+02
-1.376811065673828125e+02
-1.376902160644531250e+02
-1.376993103027343750e+02
-1.377084350585937500e+02
-1.377175445556640625e+02
-1.377266540527343750e+02
-1.377357788085937500e+02
-1.377449035644531250e+02
-1.377540283203125000e+02
-1.377631683349609375e+02
-1.377722930908203125e+02
-1.377814331054687500e+02
-1.377905731201171875e+02
-1.377997131347656250e+02
-1.378088684082031250e+02
-1.378180084228515625e+02
-1.378271636962890625e+02
-1.378363189697265625e+02
-1.378454742431640625e+02
-1.378546447753906250e+02
-1.378638153076171875e+02
-1.378729858398437500e+02
-1.378821563720703125e+02
-1.378913269042968750e+02
-1.379005126953125000e+02
-1.379096832275390625e+02
-1.379188690185546875e+02
-1.379280700683593750e+02
-1.379372558593750000e+02
-1.379464569091796875e+02
-1.379556579589843750e+02
-1.379648590087890625e+02
-1.379740600585937500e+02
-1.379832611083984375e+02
-1.379924774169921875e+02
-1.380016937255859375e+02
-1.380109100341796875e+02
-1.380201416015625000e+02
-1.380293579101562500e+02
-1.380385894775390625e+02
-1.380478210449218750e+02
-1.380570526123046875e+02
-1.380662841796875000e+02
-1.380755310058593750e+02
-1.380847778320312500e+02
-1.380940246582031250e+02
-1.381032714843750000e+02
-1.381125335693359375e+02
-1.381217956542968750e+02
-1.381310424804687500e+02
-1.381403198242187500e+02
-1.381495819091796875e+02
-1.381588439941406250e+02
-1.381681213378906250e+02
-1.381773986816406250e+02
-1.381866760253906250e+02
-1.381959686279296875e+02
-1.382052612304687500e+02
-1.382145385742187500e+02
-1.382238311767578125e+02
-1.382331390380859375e+02
-1.382424316406250000e+02
-1.382517395019531250e+02
-1.382610473632812500e+02
-1.382703552246093750e+02
-1.382796630859375000e+02
-1.382889862060546875e+02
-1.382983093261718750e+02
-1.383076324462890625e+02
-1.383169555664062500e+02
-1.383262939453125000e+02
-1.383356170654296875e+02
-1.383449554443359375e+02
-1.383542938232421875e+02
-1.383636322021484375e+02
-1.383729858398437500e+02
-1.383823394775390625e+02
-1.383916931152343750e+02
-1.384010467529296875e+02
-1.384104003906250000e+02
-1.384197692871093750e+02
-1.384291381835937500e+02
-1.384385070800781250e+02
-1.384478759765625000e+02
-1.384572448730468750e+02
-1.384666290283203125e+02
-1.384760131835937500e+02
-1.384853973388671875e+02
-1.384947814941406250e+02
-1.385041809082031250e+02
-1.385135803222656250e+02
-1.385229797363281250e+02
-1.385323791503906250e+02
-1.385417785644531250e+02
-1.385511932373046875e+02
-1.385606079101562500e+02
-1.385700225830078125e+02
-1.385794372558593750e+02
-1.385888519287109375e+02
-1.385982818603515625e+02
-1.386077117919921875e+02
-1.386171417236328125e+02
-1.386265716552734375e+02
-1.386360015869140625e+02
-1.386454467773437500e+02
-1.386548767089843750e+02
-1.386643218994140625e+02
-1.386737670898437500e+02
-1.386832275390625000e+02
-1.386926727294921875e+02
-1.387021331787109375e+02
-1.387115783691406250e+02
-1.387210388183593750e+02
-1.387304992675781250e+02
-1.387399749755859375e+02
-1.387494354248046875e+02
-1.387589111328125000e+02
-1.387683715820312500e+02
-1.387778472900390625e+02
-1.387873229980468750e+02
-1.387968139648437500e+02
-1.388062896728515625e+02
-1.388157806396484375e+02
-1.388252563476562500e+02
-1.388347473144531250e+02
-1.388442382812500000e+02
-1.388537292480468750e+02
-1.388632202148437500e+02
-1.388727264404296875e+02
-1.388822174072265625e+02
-1.388917236328125000e+02
-1.389012298583984375e+02
-1.389107360839843750e+02
-1.389202423095703125e+02
-1.389297485351562500e+02
-1.389392547607421875e+02
-1.389487762451171875e+02
-1.389582824707031250e+02
-1.389678039550781250e+02
-1.389773254394531250e+02
-1.389868316650390625e+02
-1.389963531494140625e+02
-1.390058898925781250e+02
-1.390154113769531250e+02
-1.390249328613281250e+02
-1.390344696044921875e+02
-1.390439910888671875e+02
-1.390535278320312500e+02
-1.390630493164062500e+02
-1.390725860595703125e+02
-1.390821228027343750e+02
-1.390916595458984375e+02
-1.391011962890625000e+02
-1.391107482910156250e+02
-1.391202850341796875e+02
-1.391298217773437500e+02
-1.391393737792968750e+02
-1.391489105224609375e+02
-1.391584625244140625e+02
-1.391680145263671875e+02
-1.391775512695312500e+02
-1.391871032714843750e+02
-1.391966552734375000e+02
-1.392062072753906250e+02
-1.392157592773437500e+02
-1.392253112792968750e+02
-1.392348785400390625e+02
-1.392444305419921875e+02
-1.392539825439453125e+02
-1.392635498046875000e+02
-1.392731018066406250e+02
-1.392826690673828125e+02
-1.392922210693359375e+02
-1.393017883300781250e+02
-1.393113403320312500e+02
-1.393209075927734375e+02
-1.393304748535156250e+02
-1.393400421142578125e+02
-1.393495941162109375e+02
-1.393591613769531250e+02
-1.393687286376953125e+02
-1.393782958984375000e+02
-1.393878631591796875e+02
-1.393974304199218750e+02
-1.394069976806640625e+02
-1.394165649414062500e+02
-1.394261322021484375e+02
-1.394356994628906250e+02
-1.394452667236328125e+02
-1.394548492431640625e+02
-1.394644165039062500e+02
-1.394739837646484375e+02
-1.394835510253906250e+02
-1.394931182861328125e+02
-1.395027008056640625e+02
-1.395122680664062500e+02
-1.395218353271484375e+02
-1.395314025878906250e+02
-1.395409698486328125e+02
-1.395409698486328125e+02
-1.395409698486328125e+02
-1.395409698486328125e+02
-1.395409698486328125e+02
-1.395409698486328125e+02
-1.395409698486328125e+02
-1.395409698486328125e+02
-1.395409698486328125e+02
-1.395409698486328125e+02
-1.395409698486328125e+02
-1.395409698486328125e+02
-1.395409698486328125e+02
-1.395409698486328125e+02
-1.395409698486328125e+02
-1.395409698486328125e+02
-1.395409698486328125e+02
-1.395409698486328125e+02
-1.395409698486328125e+02
-1.395409698486328125e+02
-1.395409698486328125e+02
-1.395409698486328125e+02
-1.395409698486328125e+02
-1.395409698486328125e+02
-1.395409698486328125e+02
-1.395409698486328125e+02
-1.395409698486328125e+02
-1.395409698486328125e+02
-1.395409698486328125e+02
-1.395409698486328125e+02
-1.395409698486328125e+02
-1.395409698486328125e+02
-1.395409698486328125e+02
-1.395409698486328125e+02
-1.395409698486328125e+02
-1.395409698486328125e+02
-1.395409698486328125e+02
-1.395409698486328125e+02
-1.395409698486328125e+02
-1.395409698486328125e+02
-1.395409698486328125e+02
-1.395409698486328125e+02
-1.395409698486328125e+02
-1.395409698486328125e+02
-1.395409698486328125e+02
-1.395409698486328125e+02
-1.395409698486328125e+02
-1.395409698486328125e+02
-1.395409698486328125e+02
-1.395409698486328125e+02
-1.395409698486328125e+02
-1.395409698486328125e+02
-1.395409698486328125e+02
-1.395409698486328125e+02
-1.395409698486328125e+02
-1.395409698486328125e+02
-1.395409698486328125e+02
-1.395409698486328125e+02
-1.395409698486328125e+02
-1.395409698486328125e+02
-1.395409698486328125e+02
-1.395409698486328125e+02
-1.395409698486328125e+02
-1.395409698486328125e+02
-1.395409698486328125e+02
-1.395409698486328125e+02
-1.395409698486328125e+02
-1.395409698486328125e+02
-1.395409698486328125e+02
-1.395409698486328125e+02
-1.395409698486328125e+02
-1.395409698486328125e+02
-1.395409698486328125e+02
-1.395409698486328125e+02
-1.395409698486328125e+02
-1.395409698486328125e+02
-1.395409698486328125e+02
-1.395409698486328125e+02
-1.395409698486328125e+02
-1.395409698486328125e+02
-1.395409698486328125e+02
-1.395409698486328125e+02
-1.395409698486328125e+02
-1.395409698486328125e+02
-1.395409698486328125e+02
-1.395409698486328125e+02
-1.395409698486328125e+02
-1.395409698486328125e+02
-1.395409698486328125e+02
-1.395409698486328125e+02
-1.395409698486328125e+02
-1.395409698486328125e+02
-1.395409698486328125e+02
-1.395409698486328125e+02
-1.395409698486328125e+02
-1.395409698486328125e+02
-1.395409698486328125e+02
-1.395409698486328125e+02
-1.395409698486328125e+02
-1.395409698486328125e+02
-1.395409698486328125e+02
-1.395409698486328125e+02
-1.395409698486328125e+02
-1.395409698486328125e+02
-1.395409698486328125e+02
-1.395409698486328125e+02
-1.395409698486328125e+02
-1.395409698486328125e+02
-1.395409698486328125e+02
-1.395409698486328125e+02
-1.395409698486328125e+02
-1.395409698486328125e+02
-1.395409698486328125e+02
-1.395409698486328125e+02
-1.395409698486328125e+02
-1.395409698486328125e+02
-1.395409698486328125e+02
-1.395409698486328125e+02
-1.395409698486328125e+02
-1.395409698486328125e+02
-1.395409698486328125e+02
-1.395409698486328125e+02
-1.395409698486328125e+02
-1.395409698486328125e+02
-1.395409698486328125e+02
-1.395409698486328125e+02
-1.395409698486328125e+02
-1.395409698486328125e+02
-1.395409698486328125e+02
-1.395409698486328125e+02
-1.395409698486328125e+02
-1.395409698486328125e+02
-1.395409698486328125e+02
-1.395409698486328125e+02
-1.395409698486328125e+02
-1.395409698486328125e+02
-1.395409698486328125e+02
-1.395409698486328125e+02
-1.395409698486328125e+02
-1.395409698486328125e+02
-1.395409698486328125e+02
-1.395409698486328125e+02
-1.395409698486328125e+02
-1.395409698486328125e+02
-1.395409698486328125e+02
-1.395409698486328125e+02
-1.395409698486328125e+02
-1.395409698486328125e+02
-1.395409698486328125e+02
-1.395409698486328125e+02
-1.395409698486328125e+02
-1.395409698486328125e+02
-1.395409698486328125e+02
-1.395409698486328125e+02
-1.395409698486328125e+02
-1.395409698486328125e+02
-1.395409698486328125e+02
-1.395409698486328125e+02
-1.395409698486328125e+02
-1.395409698486328125e+02
-1.395409698486328125e+02
-1.395409698486328125e+02
-1.395409698486328125e+02
-1.395409698486328125e+02
-1.395409698486328125e+02
-1.395409698486328125e+02
-1.395409698486328125e+02
-1.395409698486328125e+02
-1.395409698486328125e+02
-1.395409698486328125e+02
-1.395409698486328125e+02
-1.395409698486328125e+02
-1.395409698486328125e+02
-1.395409698486328125e+02
-1.395409698486328125e+02
-1.395409698486328125e+02
-1.395409698486328125e+02
-1.395409698486328125e+02
-1.395409698486328125e+02
-1.395409698486328125e+02
-1.395409698486328125e+02
-1.395409698486328125e+02
-1.395409698486328125e+02
-1.395409698486328125e+02
-1.395409698486328125e+02
-1.395409698486328125e+02
-1.395409698486328125e+02
-1.395409698486328125e+02
-1.395409698486328125e+02
-1.395409698486328125e+02
-1.395409698486328125e+02
-1.395409698486328125e+02
-1.395409698486328125e+02
-1.395409698486328125e+02
-1.395409698486328125e+02
-1.395409698486328125e+02
-1.395409698486328125e+02
-1.395409698486328125e+02
-1.395409698486328125e+02
-1.395409698486328125e+02
-1.395409698486328125e+02
-1.395409698486328125e+02
-1.395409698486328125e+02
-1.395409698486328125e+02
-1.395409698486328125e+02
-1.395409698486328125e+02
-1.395409698486328125e+02
-1.395409698486328125e+02
-1.395409698486328125e+02
-1.395409698486328125e+02
-1.395409698486328125e+02
-1.395409698486328125e+02
-1.395409698486328125e+02
-1.395409698486328125e+02
-1.395409698486328125e+02
-1.395409698486328125e+02
-1.395409698486328125e+02
-1.395409698486328125e+02
-1.395409698486328125e+02
-1.395409698486328125e+02
-1.395409698486328125e+02
-1.395409698486328125e+02
-1.395409698486328125e+02
-1.395409698486328125e+02
-1.395409698486328125e+02
-1.395409698486328125e+02
-1.395409698486328125e+02
-1.395409698486328125e+02
-1.395409698486328125e+02
-1.395409698486328125e+02
-1.395409698486328125e+02
-1.395409698486328125e+02
-1.395409698486328125e+02
-1.395409698486328125e+02
-1.395409698486328125e+02
-1.395409698486328125e+02
-1.395409698486328125e+02
-1.395409698486328125e+02
-1.395409698486328125e+02
-1.395409698486328125e+02
-1.395409698486328125e+02
-1.395409698486328125e+02
-1.395409698486328125e+02
-1.395409698486328125e+02
-1.395409698486328125e+02
-1.395409698486328125e+02
-1.395409698486328125e+02
-1.395409698486328125e+02
-1.395409698486328125e+02
-1.395409698486328125e+02
-1.395409698486328125e+02
-1.395409698486328125e+02
-1.395409698486328125e+02
-1.395409698486328125e+02
-1.395409698486328125e+02
-1.395409698486328125e+02
-1.395409698486328125e+02
-1.395409698486328125e+02
-1.395409698486328125e+02
-1.395409698486328125e+02
-1.395409698486328125e+02
-1.395409698486328125e+02
-1.395409698486328125e+02
-1.395409698486328125e+02
-1.395409698486328125e+02
-1.395409698486328125e+02
-1.395409698486328125e+02
-1.395409698486328125e+02
-1.395409698486328125e+02
-1.395409698486328125e+02
-1.395409698486328125e+02
-1.395409698486328125e+02
-1.395409698486328125e+02
-1.395409698486328125e+02
-1.395409698486328125e+02
-1.395409698486328125e+02
-1.395409698486328125e+02
-1.395409698486328125e+02
-1.395409698486328125e+02
-1.395409698486328125e+02
-1.395409698486328125e+02
-1.395409698486328125e+02
-1.395409698486328125e+02
-1.395409698486328125e+02
-1.395409698486328125e+02
-1.395409698486328125e+02
-1.395409698486328125e+02
-1.395409698486328125e+02
-1.395409698486328125e+02
-1.395409698486328125e+02
-1.395409698486328125e+02
-1.395409698486328125e+02
-1.395409698486328125e+02
-1.395409698486328125e+02
-1.395409698486328125e+02
-1.395409698486328125e+02
-1.395409698486328125e+02
-1.395409698486328125e+02
-1.395409698486328125e+02
-1.395409698486328125e+02
-1.395409698486328125e+02
-1.395409698486328125e+02
-1.395409698486328125e+02
-1.395409698486328125e+02
-1.395409698486328125e+02
-1.395409698486328125e+02
-1.395409698486328125e+02
-1.395409698486328125e+02
-1.395409698486328125e+02
-1.395409698486328125e+02
-1.395409698486328125e+02
-1.395409698486328125e+02
-1.395409698486328125e+02
-1.395409698486328125e+02
-1.395409698486328125e+02
-1.395409698486328125e+02
-1.395409698486328125e+02
-1.395409698486328125e+02
-1.395409698486328125e+02
-1.395409698486328125e+02
-1.395409698486328125e+02
-1.395409698486328125e+02
-1.395409698486328125e+02
-1.395409698486328125e+02
-1.395409698486328125e+02
-1.395409698486328125e+02
-1.395409698486328125e+02
-1.395409698486328125e+02
-1.395409698486328125e+02
-1.395409698486328125e+02
-1.395409698486328125e+02
-1.395409698486328125e+02
-1.395409698486328125e+02
-1.395409698486328125e+02
-1.395409698486328125e+02
-1.395409698486328125e+02
-1.395409698486328125e+02
-1.395409698486328125e+02
-1.395409698486328125e+02
-1.395409698486328125e+02
-1.395409698486328125e+02
-1.395409698486328125e+02
-1.395409698486328125e+02
-1.395409698486328125e+02
-1.395409698486328125e+02
-1.395409698486328125e+02
-1.395409698486328125e+02
-1.395409698486328125e+02
-1.395409698486328125e+02
-1.395409698486328125e+02
-1.395409698486328125e+02
-1.395409698486328125e+02
-1.395409698486328125e+02
-1.395409698486328125e+02
-1.395409698486328125e+02
-1.395409698486328125e+02
-1.395409698486328125e+02
-1.395409698486328125e+02
-1.395409698486328125e+02
-1.395409698486328125e+02
-1.395409698486328125e+02
-1.395409698486328125e+02
-1.395409698486328125e+02
-1.395409698486328125e+02
-1.395409698486328125e+02
-1.395409698486328125e+02
-1.395409698486328125e+02
-1.395409698486328125e+02
-1.395409698486328125e+02
-1.395409698486328125e+02
-1.395409698486328125e+02
-1.395409698486328125e+02
-1.395409698486328125e+02
-1.395409698486328125e+02
-1.395409698486328125e+02
-1.395409698486328125e+02
-1.395409698486328125e+02
-1.395409698486328125e+02
-1.395409698486328125e+02
-1.395409698486328125e+02
-1.395409698486328125e+02
-1.395409698486328125e+02
-1.395409698486328125e+02
-1.395409698486328125e+02
-1.395409698486328125e+02
-1.395409698486328125e+02
-1.395409698486328125e+02
-1.395409698486328125e+02
-1.395409698486328125e+02
-1.395409698486328125e+02
-1.395409698486328125e+02
-1.395409698486328125e+02
-1.395409698486328125e+02
-1.395409698486328125e+02
-1.395409698486328125e+02
-1.395409698486328125e+02
-1.395409698486328125e+02
-1.395409698486328125e+02
-1.395409698486328125e+02
-1.395409698486328125e+02
-1.395409698486328125e+02
-1.395409698486328125e+02
-1.395409698486328125e+02
-1.395409698486328125e+02
-1.395409698486328125e+02
-1.395409698486328125e+02
-1.395409698486328125e+02
-1.395409698486328125e+02
-1.395409698486328125e+02
-1.395409698486328125e+02
-1.395409698486328125e+02
-1.395409698486328125e+02
-1.395409698486328125e+02
-1.395409698486328125e+02
-1.403009338378906250e+02
-1.403009338378906250e+02
-1.403099365234375000e+02
-1.403279113769531250e+02
-1.403279113769531250e+02
-1.403368988037109375e+02
-1.403548889160156250e+02
-1.403548889160156250e+02
-1.403638763427734375e+02
-1.403728637695312500e+02
-1.403908386230468750e+02
-1.403908386230468750e+02
-1.404088134765625000e+02
-1.404178009033203125e+02
-1.404267883300781250e+02
-1.404357604980468750e+02
-1.404447479248046875e+02
-1.404447479248046875e+02
-1.404627075195312500e+02
-1.404627075195312500e+02
-1.404716796875000000e+02
-1.404896240234375000e+02
-1.404985961914062500e+02
-1.404985961914062500e+02
-1.405075683593750000e+02
-1.405165405273437500e+02
-1.405254974365234375e+02
-1.405344696044921875e+02
-1.405434265136718750e+02
-1.405523834228515625e+02
-1.405702972412109375e+02
-1.405792541503906250e+02
-1.405882110595703125e+02
-1.405882110595703125e+02
-1.405971527099609375e+02
-1.406060943603515625e+02
-1.406150360107421875e+02
-1.406239776611328125e+02
-1.406329193115234375e+02
-1.406418609619140625e+02
-1.406507873535156250e+02
-1.406597137451171875e+02
-1.406686401367187500e+02
-1.406775665283203125e+02
-1.406953887939453125e+02
-1.407042999267578125e+02
-1.407042999267578125e+02
-1.407132110595703125e+02
-1.407221221923828125e+02
-1.407310180664062500e+02
-1.407399139404296875e+02
-1.407577056884765625e+02
-1.407577056884765625e+02
-1.407665863037109375e+02
-1.407754669189453125e+02
-1.407932128906250000e+02
-1.407932128906250000e+02
-1.408020935058593750e+02
-1.408198089599609375e+02
-1.408286743164062500e+02
-1.408286743164062500e+02
-1.408375244140625000e+02
-1.408552093505859375e+02
-1.408640441894531250e+02
-1.408640441894531250e+02
-1.408728790283203125e+02
-1.408905334472656250e+02
-1.408993530273437500e+02
-1.408993530273437500e+02
-1.409081573486328125e+02
-1.409169616699218750e+02
-1.409257659912109375e+02
-1.409345703125000000e+02
-1.409433593750000000e+02
-1.409609222412109375e+02
-1.409609222412109375e+02
-1.409696960449218750e+02
-1.409784698486328125e+02
-1.409872283935546875e+02
-1.410047302246093750e+02
-1.410134887695312500e+02
-1.410134887695312500e+02
-1.410222167968750000e+02
-1.410309600830078125e+02
-1.410484008789062500e+02
-1.410571136474609375e+02
-1.410658264160156250e+02
-1.410658264160156250e+02
-1.410745239257812500e+02
-1.410832214355468750e+02
-1.410919036865234375e+02
-1.411092681884765625e+02
-1.411092681884765625e+02
-1.411179351806640625e+02
-1.411266021728515625e+02
-1.411352691650390625e+02
-1.411525573730468750e+02
-1.411525573730468750e+02
-1.411611938476562500e+02
-1.411784515380859375e+02
-1.411784515380859375e+02
-1.411870727539062500e+02
-1.411956939697265625e+02
-1.412042999267578125e+02
-1.412128906250000000e+02
-1.412214813232421875e+02
-1.412300720214843750e+02
-1.412386474609375000e+02
-1.412472229003906250e+02
-1.412557830810546875e+02
-1.412643432617187500e+02
-1.412729034423828125e+02
-1.412814483642578125e+02
-1.412985076904296875e+02
-1.412985076904296875e+02
-1.413070373535156250e+02
-1.413155517578125000e+02
-1.413240661621093750e+02
-1.413325653076171875e+02
-1.413410491943359375e+02
-1.413495483398437500e+02
-1.413580322265625000e+02
-1.413665008544921875e+02
-1.413749694824218750e+02
-1.413918762207031250e+02
-1.413918762207031250e+02
-1.414003143310546875e+02
-1.414087524414062500e+02
-1.414171905517578125e+02
-1.414256134033203125e+02
-1.414340209960937500e+02
-1.414424285888671875e+02
-1.414508361816406250e+02
-1.414592285156250000e+02
-1.414676055908203125e+02
-1.414759826660156250e+02
-1.414843597412109375e+02
-1.414927215576171875e+02
-1.415010681152343750e+02
-1.415094146728515625e+02
-1.415177612304687500e+02
-1.415260925292968750e+02
-1.415344085693359375e+02
-1.415427246093750000e+02
-1.415510406494140625e+02
-1.415593414306640625e+02
-1.415676269531250000e+02
-1.415759124755859375e+02
-1.415841979980468750e+02
-1.415924530029296875e+02
-1.416007232666015625e+02
-1.416089630126953125e+02
-1.416254425048828125e+02
-1.416254425048828125e+02
-1.416336822509765625e+02
-1.416418914794921875e+02
-1.416501007080078125e+02
-1.416583099365234375e+02
-1.416665039062500000e+02
-1.416746978759765625e+02
-1.416828765869140625e+02
-1.416910400390625000e+02
-1.416992034912109375e+02
-1.417073516845703125e+02
-1.417154998779296875e+02
-1.417236328125000000e+02
-1.417317657470703125e+02
-1.417398986816406250e+02
-1.417480163574218750e+02
-1.417561187744140625e+02
-1.417642211914062500e+02
-1.417803955078125000e+02
-1.417803955078125000e+02
-1.417884826660156250e+02
-1.417965545654296875e+02
-1.418046264648437500e+02
-1.418126983642578125e+02
-1.418207550048828125e+02
-1.418287963867187500e+02
-1.418368377685546875e+02
-1.418448791503906250e+02
-1.418529205322265625e+02
-1.418609466552734375e+02
-1.418689727783203125e+02
-1.418769836425781250e+02
-1.418849945068359375e+02
-1.418930053710937500e+02
-1.419010009765625000e+02
-1.419090118408203125e+02
-1.419170074462890625e+02
-1.419249877929687500e+02
-1.419329681396484375e+02
-1.419409637451171875e+02
-1.419489288330078125e+02
-1.419569091796875000e+02
-1.419648742675781250e+02
-1.419728393554687500e+02
-1.419808044433593750e+02
-1.419967193603515625e+02
-1.419967193603515625e+02
-1.420046691894531250e+02
-1.420126190185546875e+02
-1.420205688476562500e+02
-1.420285186767578125e+02
-1.420444030761718750e+02
-1.420523376464843750e+02
-1.420602722167968750e+02
-1.420682067871093750e+02
-1.420761413574218750e+02
-1.420840759277343750e+02
-1.420840759277343750e+02
-1.420919952392578125e+02
-1.421078491210937500e+02
-1.421078491210937500e+02
-1.421157836914062500e+02
-1.421237030029296875e+02
-1.421316223144531250e+02
-1.421395416259765625e+02
-1.421474609375000000e+02
-1.421553802490234375e+02
-1.421712341308593750e+02
-1.421712341308593750e+02
-1.421791534423828125e+02
-1.421949920654296875e+02
-1.421949920654296875e+02
-1.422029113769531250e+02
-1.422108306884765625e+02
-1.422187500000000000e+02
-1.422346038818359375e+02
-1.422346038818359375e+02
-1.422504425048828125e+02
-1.422583770751953125e+02
-1.422583770751953125e+02
-1.422662963867187500e+02
-1.422742309570312500e+02
-1.422900848388671875e+02
-1.422900848388671875e+02
-1.422980194091796875e+02
-1.423059692382812500e+02
-1.423139038085937500e+02
-1.423297882080078125e+02
-1.423297882080078125e+02
-1.423377227783203125e+02
-1.423536224365234375e+02
-1.423536224365234375e+02
-1.423615722656250000e+02
-1.423695373535156250e+02
-1.423774871826171875e+02
-1.423854522705078125e+02
-1.423934020996093750e+02
-1.424013671875000000e+02
-1.424172973632812500e+02
-1.424172973632812500e+02
-1.424252624511718750e+02
-1.424332275390625000e+02
-1.424491729736328125e+02
-1.424571380615234375e+02
-1.424571380615234375e+02
-1.424651184082031250e+02
-1.424730987548828125e+02
-1.424810791015625000e+02
-1.424890594482421875e+02
-1.424970397949218750e+02
-1.425050201416015625e+02
-1.425130004882812500e+02
-1.425209808349609375e+02
-1.425289764404296875e+02
-1.425369567871093750e+02
-1.425449523925781250e+02
-1.425529479980468750e+02
-1.425609283447265625e+02
-1.425689239501953125e+02
-1.425849151611328125e+02
-1.425849151611328125e+02
-1.425929107666015625e+02
-1.426089019775390625e+02
-1.426089019775390625e+02
-1.426168975830078125e+02
-1.426248931884765625e+02
-1.426329040527343750e+02
-1.426408996582031250e+02
-1.426488952636718750e+02
-1.426569061279296875e+02
-1.426649017333984375e+02
-1.426729125976562500e+02
-1.426809082031250000e+02
-1.426889190673828125e+02
-1.426969146728515625e+02
-1.427049255371093750e+02
-1.427129364013671875e+02
-1.427289428710937500e+02
-1.427289428710937500e+02
-1.427369537353515625e+02
-1.427449645996093750e+02
-1.427529602050781250e+02
-1.427609710693359375e+02
-1.427689819335937500e+02
-1.427850036621093750e+02
-1.427850036621093750e+02
-1.427929992675781250e+02
-1.428010101318359375e+02
-1.428170318603515625e+02
-1.428170318603515625e+02
-1.428250274658203125e+02
-1.428330383300781250e+02
-1.428410491943359375e+02
-1.428490600585937500e+02
-1.428570556640625000e+02
-1.428650665283203125e+02
-1.428730773925781250e+02
-1.428810729980468750e+02
-1.428890838623046875e+02
-1.428970947265625000e+02
-1.429050903320312500e+02
-1.429131011962890625e+02
-1.429291076660156250e+02
-1.429371032714843750e+02
-1.429371032714843750e+02
-1.429531097412109375e+02
-1.429531097412109375e+02
-1.429611053466796875e+02
-1.429691009521484375e+02
-1.429771118164062500e+02
-1.429851074218750000e+02
-1.429931030273437500e+02
-1.430010986328125000e+02
-1.430090942382812500e+02
-1.430170898437500000e+02
-1.430250854492187500e+02
-1.430410614013671875e+02
-1.430490570068359375e+02
-1.430490570068359375e+02
-1.430570526123046875e+02
-1.430730285644531250e+02
-1.430730285644531250e+02
-1.430810241699218750e+02
-1.430890197753906250e+02
-1.431049957275390625e+02
-1.431049957275390625e+02
-1.431209716796875000e+02
-1.431209716796875000e+02
-1.431289520263671875e+02
-1.431369476318359375e+02
-1.431449279785156250e+02
-1.431609039306640625e+02
-1.431609039306640625e+02
-1.431688995361328125e+02
-1.431768798828125000e+02
-1.431848602294921875e+02
-1.431928558349609375e+02
-1.432008361816406250e+02
-1.432088165283203125e+02
-1.432168121337890625e+02
-1.432247924804687500e+02
-1.432327728271484375e+02
-1.432407684326171875e+02
-1.432487487792968750e+02
-1.432567291259765625e+02
-1.432647247314453125e+02
-1.432727050781250000e+02
-1.432806854248046875e+02
-1.432886810302734375e+02
-1.433046417236328125e+02
-1.433046417236328125e+02
-1.433206176757812500e+02
-1.433285980224609375e+02
-1.433285980224609375e+02
-1.433445739746093750e+02
-1.433445739746093750e+02
-1.433525543212890625e+02
-1.433605499267578125e+02
-1.433685302734375000e+02
-1.433845062255859375e+02
-1.433845062255859375e+02
-1.433924865722656250e+02
-1.434004821777343750e+02
-1.434084625244140625e+02
-1.434164581298828125e+02
-1.434324340820312500e+02
-1.434324340820312500e+02
-1.434404144287109375e+02
-1.434484100341796875e+02
-1.434564056396484375e+02
-1.434643859863281250e+02
-1.434723815917968750e+02
-1.434883575439453125e+02
-1.434883575439453125e+02
-1.434963531494140625e+02
-1.435043487548828125e+02
-1.435123443603515625e+02
-1.435203399658203125e+02
-1.435283355712890625e+02
-1.435363311767578125e+02
-1.435443267822265625e+02
-1.435523223876953125e+02
-1.435603179931640625e+02
-1.435683135986328125e+02
-1.435763092041015625e+02
-1.435843200683593750e+02
-1.435923156738281250e+02
-1.436003112792968750e+02
-1.436163177490234375e+02
-1.436163177490234375e+02
-1.436243286132812500e+02
-1.436323242187500000e+02
-1.436403350830078125e+02
-1.436483306884765625e+02
-1.436563415527343750e+02
-1.436643524169921875e+02
-1.436723480224609375e+02
-1.436803588867187500e+02
-1.436883697509765625e+02
-1.436963806152343750e+02
-1.437043762207031250e+02
-1.437203979492187500e+02
-1.437284088134765625e+02
-1.437284088134765625e+02
-1.437364196777343750e+02
-1.437444305419921875e+02
-1.437524261474609375e+02
-1.437604370117187500e+02
-1.437684478759765625e+02
-1.437764587402343750e+02
-1.437844696044921875e+02
-1.437924804687500000e+02
-1.438004760742187500e+02
-1.438084869384765625e+02
-1.438164978027343750e+02
-1.438325042724609375e+02
-1.438325042724609375e+02
-1.438405151367187500e+02
-1.438485260009765625e+02
-1.438645324707031250e+02
-1.438645324707031250e+02
-1.438725433349609375e+02
-1.438805389404296875e+02
-1.438885498046875000e+02
-1.438965454101562500e+02
-1.439045410156250000e+02
-1.439125518798828125e+02
-1.439205474853515625e+02
-1.439285430908203125e+02
-1.439365539550781250e+02
-1.439445495605468750e+02
-1.439525451660156250e+02
-1.439605407714843750e+02
-1.439685363769531250e+02
-1.439765319824218750e+02
-1.439845123291015625e+02
-1.439925079345703125e+02
-1.440005035400390625e+02
-1.440084838867187500e+02
-1.440164794921875000e+02
-1.440244598388671875e+02
-1.440324401855468750e+02
-1.440404357910156250e+02
-1.440484161376953125e+02
-1.440563964843750000e+02
-1.440643768310546875e+02
-1.440723571777343750e+02
-1.440803222656250000e+02
-1.440883026123046875e+02
-1.440962677001953125e+02
-1.441042480468750000e+02
-1.441122131347656250e+02
-1.441201782226562500e+02
-1.441281433105468750e+02
-1.441440734863281250e+02
-1.441440734863281250e+02
-1.441520385742187500e+02
-1.441599884033203125e+02
-1.441679534912109375e+02
-1.441759033203125000e+02
-1.441838531494140625e+02
-1.441918029785156250e+02
-1.442077026367187500e+02
-1.442156372070312500e+02
-1.442156372070312500e+02
-1.442235870361328125e+02
-1.442315216064453125e+02
-1.442394561767578125e+02
-1.442473907470703125e+02
-1.442553253173828125e+02
-1.442632598876953125e+02
-1.442791137695312500e+02
-1.442791137695312500e+02
-1.442870330810546875e+02
-1.442949676513671875e+02
-1.443028869628906250e+02
-1.443108062744140625e+02
-1.443187255859375000e+02
-1.443266448974609375e+02
-1.443345642089843750e+02
-1.443424835205078125e+02
-1.443504028320312500e+02
-1.443583221435546875e+02
-1.443662414550781250e+02
-1.443741455078125000e+02
-1.443899841308593750e+02
-1.443899841308593750e+02
-1.444058227539062500e+02
-1.444058227539062500e+02
-1.444137420654296875e+02
-1.444295806884765625e+02
-1.444375000000000000e+02
-1.444375000000000000e+02
-1.444454345703125000e+02
-1.444533538818359375e+02
-1.444612884521484375e+02
-1.444692077636718750e+02
-1.444850769042968750e+02
-1.444850769042968750e+02
-1.444929962158203125e+02
-1.445009460449218750e+02
-1.445168151855468750e+02
-1.445168151855468750e+02
-1.445326995849609375e+02
-1.445326995849609375e+02
-1.445406494140625000e+02
-1.445486145019531250e+02
-1.445565643310546875e+02
-1.445645141601562500e+02
-1.445724792480468750e+02
-1.445804443359375000e+02
-1.445884094238281250e+02
-1.445963897705078125e+02
-1.446043701171875000e+02
-1.446123504638671875e+02
-1.446203308105468750e+02
-1.446283264160156250e+02
-1.446363067626953125e+02
-1.446443176269531250e+02
-1.446523132324218750e+02
-1.446603240966796875e+02
-1.446683349609375000e+02
-1.446763610839843750e+02
-1.446924133300781250e+02
-1.446924133300781250e+02
-1.447004394531250000e+02
-1.447084808349609375e+02
-1.447165374755859375e+02
-1.447245788574218750e+02
-1.447326354980468750e+02
-1.447407073974609375e+02
-1.447487792968750000e+02
-1.447568511962890625e+02
-1.447649383544921875e+02
-1.447730407714843750e+02
-1.447811279296875000e+02
-1.447892456054687500e+02
-1.447973480224609375e+02
-1.448054656982421875e+02
-1.448135986328125000e+02
-1.448217315673828125e+02
-1.448298797607421875e+02
-1.448380279541015625e+02
-1.448461914062500000e+02
-1.448543548583984375e+02
-1.448707275390625000e+02
-1.448707275390625000e+02
-1.448789215087890625e+02
-1.448871154785156250e+02
-1.448953247070312500e+02
-1.449035491943359375e+02
-1.449117736816406250e+02
-1.449200134277343750e+02
-1.449282531738281250e+02
-1.449365081787109375e+02
-1.449447631835937500e+02
-1.449530334472656250e+02
-1.449613189697265625e+02
-1.449696044921875000e+02
-1.449778900146484375e+02
-1.449861907958984375e+02
-1.450028228759765625e+02
-1.450028228759765625e+02
-1.450194854736328125e+02
-1.450194854736328125e+02
-1.450361633300781250e+02
-1.450361633300781250e+02
-1.450528869628906250e+02
-1.450528869628906250e+02
-1.450612640380859375e+02
-1.450696411132812500e+02
-1.450864257812500000e+02
-1.450948181152343750e+02
-1.450948181152343750e+02
-1.451116485595703125e+02
-1.451116485595703125e+02
-1.451200714111328125e+02
-1.451369476318359375e+02
-1.451369476318359375e+02
-1.451453857421875000e+02
-1.451622924804687500e+02
-1.451622924804687500e+02
-1.451707611083984375e+02
-1.451792297363281250e+02
-1.451877136230468750e+02
-1.451961975097656250e+02
-1.452046966552734375e+02
-1.452131958007812500e+02
-1.452216949462890625e+02
-1.452302093505859375e+02
-1.452387390136718750e+02
-1.452472534179687500e+02
-1.452557983398437500e+02
-1.452643280029296875e+02
-1.452814331054687500e+02
-1.452814331054687500e+02
-1.452899932861328125e+02
-1.452985534667968750e+02
-1.453157043457031250e+02
-1.453242797851562500e+02
-1.453242797851562500e+02
-1.453328704833984375e+02
-1.453414611816406250e+02
-1.453500671386718750e+02
-1.453586730957031250e+02
-1.453672790527343750e+02
-1.453759002685546875e+02
-1.453845214843750000e+02
-1.453931579589843750e+02
-1.454017944335937500e+02
-1.454104309082031250e+02
-1.454190826416015625e+02
-1.454277343750000000e+02
-1.454363861083984375e+02
-1.454537200927734375e+02
-1.454537200927734375e+02
-1.454710693359375000e+02
-1.454710693359375000e+02
-1.454797515869140625e+02
-1.454884338378906250e+02
-1.455058288574218750e+02
-1.455058288574218750e+02
-1.455145416259765625e+02
-1.455232391357421875e+02
-1.455319519042968750e+02
-1.455406799316406250e+02
-1.455493927001953125e+02
-1.455581359863281250e+02
-1.455668640136718750e+02
-1.455755920410156250e+02
-1.455843353271484375e+02
-1.455930938720703125e+02
-1.456018371582031250e+02
-1.456105957031250000e+02
-1.456193542480468750e+02
-1.456281280517578125e+02
-1.456369018554687500e+02
-1.456544494628906250e+02
-1.456544494628906250e+02
-1.456632385253906250e+02
-1.456720275878906250e+02
-1.456808166503906250e+02
-1.456896209716796875e+02
-1.456984252929687500e+02
-1.457160491943359375e+02
-1.457160491943359375e+02
-1.457248687744140625e+02
-1.457336883544921875e+02
-1.457425079345703125e+02
-1.457601776123046875e+02
-1.457601776123046875e+02
-1.457690277099609375e+02
-1.457778625488281250e+02
-1.457867126464843750e+02
-1.457955780029296875e+02
-1.458044281005859375e+02
-1.458221740722656250e+02
-1.458221740722656250e+02
-1.458310394287109375e+02
-1.458399200439453125e+02
-1.458488006591796875e+02
-1.458576965332031250e+02
-1.458665924072265625e+02
-1.458843841552734375e+02
-1.458843841552734375e+02
-1.458932952880859375e+02
-1.459022064208984375e+02
-1.459111175537109375e+02
-1.459200439453125000e+02
-1.459289703369140625e+02
-1.459378967285156250e+02
-1.459468231201171875e+02
-1.459557647705078125e+02
-1.459647064208984375e+02
-1.459826049804687500e+02
-1.459826049804687500e+02
-1.459915618896484375e+02
-1.460005340576171875e+02
-1.460094909667968750e+02
-1.460274505615234375e+02
-1.460274505615234375e+02
-1.460364227294921875e+02
-1.460454101562500000e+02
-1.460543975830078125e+02
-1.460634002685546875e+02
-1.460723876953125000e+02
-1.460813903808593750e+02
-1.460904083251953125e+02
-1.460994110107421875e+02
-1.461174468994140625e+02
-1.461174468994140625e+02
-1.461264801025390625e+02
-1.461355133056640625e+02
-1.461445465087890625e+02
-1.461535797119140625e+02
-1.461716766357421875e+02
-1.461716766357421875e+02
-1.461807250976562500e+02
-1.461897888183593750e+02
-1.461988525390625000e+02
-1.462079162597656250e+02
-1.462169952392578125e+02
-1.462260589599609375e+02
-1.462351379394531250e+02
-1.462442321777343750e+02
-1.462533264160156250e+02
-1.462624206542968750e+02
-1.462715148925781250e+02
-1.462715148925781250e+02
-1.462897186279296875e+02
-1.462988281250000000e+02
-1.463079528808593750e+02
-1.463170776367187500e+02
-1.463262023925781250e+02
-1.463353271484375000e+02
-1.463444671630859375e+02
-1.463536071777343750e+02
-1.463627471923828125e+02
-1.463718872070312500e+02
-1.463810424804687500e+02
-1.463993682861328125e+02
-1.463993682861328125e+02
-1.464085235595703125e+02
-1.464176940917968750e+02
-1.464268646240234375e+02
-1.464360504150390625e+02
-1.464452362060546875e+02
-1.464544219970703125e+02
-1.464636077880859375e+02
-1.464728088378906250e+02
-1.464820098876953125e+02
-1.464912261962890625e+02
-1.465004272460937500e+02
-1.465096435546875000e+02
-1.465188598632812500e+02
-1.465280914306640625e+02
-1.465373077392578125e+02
-1.465465545654296875e+02
-1.465557861328125000e+02
-1.465650329589843750e+02
-1.465742645263671875e+02
-1.465742645263671875e+02
-1.465742645263671875e+02
-1.465742645263671875e+02
-1.471828460693359375e+02
-1.471828460693359375e+02
-1.471913757324218750e+02
-1.471998901367187500e+02
-1.472084045410156250e+02
-1.472169189453125000e+02
-1.472254333496093750e+02
-1.472339630126953125e+02
-1.472424774169921875e+02
-1.472594909667968750e+02
-1.472594909667968750e+02
-1.472680053710937500e+02
-1.472850341796875000e+02
-1.472935333251953125e+02
-1.473020477294921875e+02
-1.473105468750000000e+02
-1.473190612792968750e+02
-1.473275604248046875e+02
-1.473275604248046875e+02
-1.473445587158203125e+02
-1.473530426025390625e+02
-1.473615417480468750e+02
-1.473700256347656250e+02
-1.473785247802734375e+02
-1.473870086669921875e+02
-1.473954925537109375e+02
-1.474039764404296875e+02
-1.474124450683593750e+02
-1.474209136962890625e+02
-1.474293975830078125e+02
-1.474378662109375000e+02
-1.474463195800781250e+02
-1.474547882080078125e+02
-1.474632415771484375e+02
-1.474716949462890625e+02
-1.474801483154296875e+02
-1.474885864257812500e+02
-1.474970397949218750e+02
-1.474970397949218750e+02
-1.475139007568359375e+02
-1.475223388671875000e+02
-1.475307617187500000e+02
-1.475391845703125000e+02
-1.475475921630859375e+02
-1.475560150146484375e+02
-1.475644073486328125e+02
-1.475728149414062500e+02
-1.475728149414062500e+02
-1.475895996093750000e+02
-1.475979919433593750e+02
-1.475979919433593750e+02
-1.476147460937500000e+02
-1.476147460937500000e+02
-1.476314697265625000e+02
-1.476398315429687500e+02
-1.476398315429687500e+02
-1.476481781005859375e+02
-1.476648712158203125e+02
-1.476732025146484375e+02
-1.476815338134765625e+02
-1.476815338134765625e+02
-1.476981658935546875e+02
-1.476981658935546875e+02
-1.477147674560546875e+02
-1.477147674560546875e+02
-1.477313385009765625e+02
-1.477396240234375000e+02
-1.477478942871093750e+02
-1.477561645507812500e+02
-1.477644195556640625e+02
-1.477726593017578125e+02
-1.477726593017578125e+02
-1.477891387939453125e+02
-1.477973632812500000e+02
-1.478055877685546875e+02
-1.478137969970703125e+02
-1.478219909667968750e+02
-1.478301849365234375e+02
-1.478383789062500000e+02
-1.478465576171875000e+02
-1.478547210693359375e+02
-1.478628845214843750e+02
-1.478710327148437500e+02
-1.478791809082031250e+02
-1.478873138427734375e+02
-1.478954315185546875e+02
-1.479035491943359375e+02
-1.479035491943359375e+02
-1.479197540283203125e+02
-1.479197540283203125e+02
-1.479359130859375000e+02
-1.479439849853515625e+02
-1.479439849853515625e+02
-1.479600982666015625e+02
-1.479681243896484375e+02
-1.479761657714843750e+02
-1.479841766357421875e+02
-1.479921875000000000e+02
-1.480001831054687500e+02
-1.480081787109375000e+02
-1.480161590576171875e+02
-1.480241241455078125e+02
-1.480320739746093750e+02
-1.480400238037109375e+02
-1.480479583740234375e+02
-1.480558929443359375e+02
-1.480637969970703125e+02
-1.480717010498046875e+02
-1.480795898437500000e+02
-1.480874786376953125e+02
-1.480953369140625000e+02
-1.481031951904296875e+02
-1.481110382080078125e+02
-1.481188812255859375e+02
-1.481188812255859375e+02
-1.481345062255859375e+02
-1.481423034667968750e+02
-1.481501007080078125e+02
-1.481578674316406250e+02
-1.481656341552734375e+02
-1.481656341552734375e+02
-1.481733856201171875e+02
-1.481888427734375000e+02
-1.481965637207031250e+02
-1.482042541503906250e+02
-1.482119445800781250e+02
-1.482272796630859375e+02
-1.482272796630859375e+02
-1.482349243164062500e+02
-1.482425689697265625e+02
-1.482501831054687500e+02
-1.482577972412109375e+02
-1.482653808593750000e+02
-1.482729644775390625e+02
-1.482805328369140625e+02
-1.482880859375000000e+02
-1.482956237792968750e+02
-1.483031616210937500e+02
-1.483106689453125000e+02
-1.483181610107421875e+02
-1.483256530761718750e+02
-1.483331298828125000e+02
-1.483405914306640625e+02
-1.483480377197265625e+02
-1.483480377197265625e+02
-1.483554840087890625e+02
-1.483703155517578125e+02
-1.483777313232421875e+02
-1.483851318359375000e+02
-1.483925170898437500e+02
-1.483999023437500000e+02
-1.484072723388671875e+02
-1.484219818115234375e+02
-1.484219818115234375e+02
-1.484293365478515625e+02
-1.484366760253906250e+02
-1.484440155029296875e+02
-1.484513397216796875e+02
-1.484586639404296875e+02
-1.484659881591796875e+02
-1.484659881591796875e+02
-1.484806060791015625e+02
-1.484879150390625000e+02
-1.484952239990234375e+02
-1.484952239990234375e+02
-1.485025177001953125e+02
-1.485098266601562500e+02
-1.485244140625000000e+02
-1.485317077636718750e+02
-1.485389862060546875e+02
-1.485462799072265625e+02
-1.485535736083984375e+02
-1.485608673095703125e+02
-1.485608673095703125e+02
-1.485754547119140625e+02
-1.485827484130859375e+02
-1.485900421142578125e+02
-1.485973358154296875e+02
-1.486046447753906250e+02
-1.486119384765625000e+02
-1.486192474365234375e+02
-1.486192474365234375e+02
-1.486338806152343750e+02
-1.486412048339843750e+02
-1.486485290527343750e+02
-1.486558532714843750e+02
-1.486631927490234375e+02
-1.486705474853515625e+02
-1.486778869628906250e+02
-1.486852569580078125e+02
-1.486926116943359375e+02
-1.486999969482421875e+02
-1.487073822021484375e+02
-1.487147674560546875e+02
-1.487221679687500000e+02
-1.487295837402343750e+02
-1.487295837402343750e+02
-1.487444305419921875e+02
-1.487518768310546875e+02
-1.487593383789062500e+02
-1.487667999267578125e+02
-1.487742767333984375e+02
-1.487817687988281250e+02
-1.487892761230468750e+02
-1.487967834472656250e+02
-1.488043212890625000e+02
-1.488118591308593750e+02
-1.488194274902343750e+02
-1.488269958496093750e+02
-1.488345947265625000e+02
-1.488421936035156250e+02
-1.488498077392578125e+02
-1.488574371337890625e+02
-1.488650817871093750e+02
-1.488727264404296875e+02
-1.488804016113281250e+02
-1.488880767822265625e+02
-1.488957824707031250e+02
-1.489034881591796875e+02
-1.489112091064453125e+02
-1.489189453125000000e+02
-1.489266815185546875e+02
-1.489344482421875000e+02
-1.489344482421875000e+02
-1.489422149658203125e+02
-1.489577941894531250e+02
-1.489655914306640625e+02
-1.489734039306640625e+02
-1.489812469482421875e+02
-1.489890747070312500e+02
-1.489969329833984375e+02
-1.490047912597656250e+02
-1.490126647949218750e+02
-1.490205535888671875e+02
-1.490284576416015625e+02
-1.490363616943359375e+02
-1.490442810058593750e+02
-1.490522003173828125e+02
-1.490601348876953125e+02
-1.490680847167968750e+02
-1.490760498046875000e+02
-1.490840148925781250e+02
-1.490919952392578125e+02
-1.490999755859375000e+02
-1.491079711914062500e+02
-1.491159820556640625e+02
-1.491239929199218750e+02
-1.491320190429687500e+02
-1.491400604248046875e+02
-1.491481018066406250e+02
-1.491561431884765625e+02
-1.491642150878906250e+02
-1.491722717285156250e+02
-1.491803588867187500e+02
-1.491884460449218750e+02
-1.491965332031250000e+02
-1.492046356201171875e+02
-1.492127380371093750e+02
-1.492208557128906250e+02
-1.492289886474609375e+02
-1.492371215820312500e+02
-1.492452545166015625e+02
-1.492534027099609375e+02
-1.492615661621093750e+02
-1.492697143554687500e+02
-1.492697143554687500e+02
-1.492860565185546875e+02
-1.492942504882812500e+02
-1.493024291992187500e+02
-1.493024291992187500e+02
-1.493188323974609375e+02
-1.493188323974609375e+02
-1.493352508544921875e+02
-1.493434600830078125e+02
-1.493516845703125000e+02
-1.493599243164062500e+02
-1.493681488037109375e+02
-1.493763885498046875e+02
-1.493846435546875000e+02
-1.493928985595703125e+02
-1.494011535644531250e+02
-1.494094238281250000e+02
-1.494176788330078125e+02
-1.494259643554687500e+02
-1.494342498779296875e+02
-1.494425354003906250e+02
-1.494508209228515625e+02
-1.494591217041015625e+02
-1.494674224853515625e+02
-1.494757385253906250e+02
-1.494840545654296875e+02
-1.494840545654296875e+02
-1.495007019042968750e+02
-1.495007019042968750e+02
-1.495090332031250000e+02
-1.495257263183593750e+02
-1.495340728759765625e+02
-1.495424346923828125e+02
-1.495507965087890625e+02
-1.495507965087890625e+02
-1.495675506591796875e+02
-1.495759277343750000e+02
-1.495843200683593750e+02
-1.495843200683593750e+02
-1.496011199951171875e+02
-1.496095275878906250e+02
-1.496179351806640625e+02
-1.496263580322265625e+02
-1.496347808837890625e+02
-1.496432189941406250e+02
-1.496432189941406250e+02
-1.496600952148437500e+02
-1.496685485839843750e+02
-1.496770019531250000e+02
-1.496770019531250000e+02
-1.496939392089843750e+02
-1.497024078369140625e+02
-1.497108917236328125e+02
-1.497193908691406250e+02
-1.497278747558593750e+02
-1.497363739013671875e+02
-1.497448883056640625e+02
-1.497534027099609375e+02
-1.497534027099609375e+02
-1.497704467773437500e+02
-1.497789916992187500e+02
-1.497875213623046875e+02
-1.497960662841796875e+02
-1.498046264648437500e+02
-1.498131866455078125e+02
-1.498217468261718750e+02
-1.498303222656250000e+02
-1.498388977050781250e+02
-1.498388977050781250e+02
-1.498560791015625000e+02
-1.498646850585937500e+02
-1.498732910156250000e+02
-1.498818969726562500e+02
-1.498818969726562500e+02
-1.498991546630859375e+02
-1.499077758789062500e+02
-1.499164276123046875e+02
-1.499250640869140625e+02
-1.499337158203125000e+02
-1.499423828125000000e+02
-1.499510498046875000e+02
-1.499597167968750000e+02
-1.499683990478515625e+02
-1.499770965576171875e+02
-1.499857788085937500e+02
-1.499944915771484375e+02
-1.500031890869140625e+02
-1.500031890869140625e+02
-1.500206298828125000e+02
-1.500293579101562500e+02
-1.500380859375000000e+02
-1.500468292236328125e+02
-1.500555725097656250e+02
-1.500643310546875000e+02
-1.500730895996093750e+02
-1.500730895996093750e+02
-1.500818481445312500e+02
-1.500993957519531250e+02
-1.501081848144531250e+02
-1.501169738769531250e+02
-1.501257781982421875e+02
-1.501345825195312500e+02
-1.501433868408203125e+02
-1.501522064208984375e+02
-1.501610260009765625e+02
-1.501698608398437500e+02
-1.501786956787109375e+02
-1.501875305175781250e+02
-1.501963806152343750e+02
-1.502052307128906250e+02
-1.502140960693359375e+02
-1.502229614257812500e+02
-1.502318267822265625e+02
-1.502407073974609375e+02
-1.502495880126953125e+02
-1.502584838867187500e+02
-1.502673797607421875e+02
-1.502762756347656250e+02
-1.502851867675781250e+02
-1.502940979003906250e+02
-1.503030242919921875e+02
-1.503119506835937500e+02
-1.503208770751953125e+02
-1.503298187255859375e+02
-1.503387603759765625e+02
-1.503477020263671875e+02
-1.503566589355468750e+02
-1.503656158447265625e+02
-1.503745880126953125e+02
-1.503835601806640625e+02
-1.503925323486328125e+02
-1.504015197753906250e+02
-1.504105072021484375e+02
-1.504194946289062500e+02
-1.504284973144531250e+02
-1.504375000000000000e+02
-1.504465026855468750e+02
-1.504555206298828125e+02
-1.504645538330078125e+02
-1.504645538330078125e+02
-1.504826049804687500e+02
-1.504916381835937500e+02
-1.505006866455078125e+02
-1.505097351074218750e+02
-1.505187835693359375e+02
-1.505278472900390625e+02
-1.505369110107421875e+02
-1.505369110107421875e+02
-1.505550537109375000e+02
-1.505641326904296875e+02
-1.505732116699218750e+02
-1.505823059082031250e+02
-1.505914001464843750e+02
-1.506005096435546875e+02
-1.506096038818359375e+02
-1.506187133789062500e+02
-1.506187133789062500e+02
-1.506369628906250000e+02
-1.506460876464843750e+02
-1.506552124023437500e+02
-1.506643524169921875e+02
-1.506643524169921875e+02
-1.506826324462890625e+02
-1.506917877197265625e+02
-1.507009429931640625e+02
-1.507101135253906250e+02
-1.507192687988281250e+02
-1.507284545898437500e+02
-1.507376251220703125e+02
-1.507468109130859375e+02
-1.507559967041015625e+02
-1.507651824951171875e+02
-1.507743835449218750e+02
-1.507835845947265625e+02
-1.507927856445312500e+02
-1.508020019531250000e+02
-1.508112182617187500e+02
-1.508204345703125000e+02
-1.508296661376953125e+02
-1.508388977050781250e+02
-1.508481292724609375e+02
-1.508573760986328125e+02
-1.508573760986328125e+02
-1.508758697509765625e+02
-1.508851165771484375e+02
-1.508943786621093750e+02
-1.508943786621093750e+02
-1.509129180908203125e+02
-1.509221954345703125e+02
-1.509314727783203125e+02
-1.509407501220703125e+02
-1.509500427246093750e+02
-1.509593353271484375e+02
-1.509686279296875000e+02
-1.509779357910156250e+02
-1.509872436523437500e+02
-1.509965515136718750e+02
-1.510058593750000000e+02
-1.510151824951171875e+02
-1.510245056152343750e+02
-1.510338439941406250e+02
-1.510431671142578125e+02
-1.510525207519531250e+02
-1.510618591308593750e+02
-1.510711975097656250e+02
-1.510805511474609375e+02
-1.510899200439453125e+02
-1.510992736816406250e+02
-1.511086425781250000e+02
-1.511180114746093750e+02
-1.511273803710937500e+02
-1.511367645263671875e+02
-1.511461486816406250e+02
-1.511555328369140625e+02
-1.511649322509765625e+02
-1.511743316650390625e+02
-1.511837310791015625e+02
-1.511931304931640625e+02
-1.512025451660156250e+02
-1.512119598388671875e+02
-1.512213745117187500e+02
-1.512308044433593750e+02
-1.512402343750000000e+02
-1.512496643066406250e+02
-1.512590942382812500e+02
-1.512685394287109375e+02
-1.512779846191406250e+02
-1.512874298095703125e+02
-1.512968750000000000e+02
-1.513063354492187500e+02
-1.513157958984375000e+02
-1.513252716064453125e+02
-1.513347320556640625e+02
-1.513347320556640625e+02
-1.513536834716796875e+02
-1.513631744384765625e+02
-1.513726501464843750e+02
-1.513821411132812500e+02
-1.513916320800781250e+02
-1.514011383056640625e+02
-1.514011383056640625e+02
-1.514201354980468750e+02
-1.514296569824218750e+02
-1.514391632080078125e+02
-1.514486846923828125e+02
-1.514486846923828125e+02
-1.514677276611328125e+02
-1.514772644042968750e+02
-1.514867858886718750e+02
-1.514963226318359375e+02
-1.514963226318359375e+02
-1.515154113769531250e+02
-1.515249633789062500e+02
-1.515345153808593750e+02
-1.515440673828125000e+02
-1.515536346435546875e+02
-1.515631866455078125e+02
-1.515631866455078125e+02
-1.515823364257812500e+02
-1.515919036865234375e+02
-1.516014862060546875e+02
-1.516110687255859375e+02
-1.516206512451171875e+02
-1.516302490234375000e+02
-1.516398315429687500e+02
-1.516494293212890625e+02
-1.516590270996093750e+02
-1.516686401367187500e+02
-1.516782379150390625e+02
-1.516878509521484375e+02
-1.516974639892578125e+02
-1.517070922851562500e+02
-1.517167053222656250e+02
-1.517167053222656250e+02
-1.517359619140625000e+02
-1.517455902099609375e+02
-1.517552185058593750e+02
-1.517648620605468750e+02
-1.517745056152343750e+02
-1.517841491699218750e+02
-1.517937927246093750e+02
-1.518034515380859375e+02
-1.518131103515625000e+02
-1.518227691650390625e+02
-1.518324279785156250e+02
-1.518420867919921875e+02
-1.518517608642578125e+02
-1.518517608642578125e+02
-1.518614349365234375e+02
-1.518807830810546875e+02
-1.518904724121093750e+02
-1.519001464843750000e+02
-1.519098358154296875e+02
-1.519098358154296875e+02
-1.519292297363281250e+02
-1.519389190673828125e+02
-1.519486236572265625e+02
-1.519583282470703125e+02
-1.519680328369140625e+02
-1.519777374267578125e+02
-1.519874572753906250e+02
-1.519971618652343750e+02
-1.520068817138671875e+02
-1.520166015625000000e+02
-1.520263366699218750e+02
-1.520360565185546875e+02
-1.520457916259765625e+02
-1.520555267333984375e+02
-1.520652618408203125e+02
-1.520749969482421875e+02
-1.520847320556640625e+02
-1.520944824218750000e+02
-1.521042327880859375e+02
-1.521139831542968750e+02
-1.521237335205078125e+02
-1.521334838867187500e+02
-1.521432495117187500e+02
-1.521432495117187500e+02
-1.521627807617187500e+02
-1.521725463867187500e+02
-1.521823120117187500e+02
-1.521920928955078125e+02
-1.522018585205078125e+02
-1.522116394042968750e+02
-1.522214202880859375e+02
-1.522312011718750000e+02
-1.522409820556640625e+02
-1.522507781982421875e+02
-1.522507781982421875e+02
-1.522605743408203125e+02
-1.522801666259765625e+02
-1.522801666259765625e+02
-1.522899627685546875e+02
-1.523095703125000000e+02
-1.523193664550781250e+02
-1.523291778564453125e+02
-1.523389892578125000e+02
-1.523488006591796875e+02
-1.523488006591796875e+02
-1.523586273193359375e+02
-1.523782653808593750e+02
-1.523880920410156250e+02
-1.523880920410156250e+02
-1.524077453613281250e+02
-1.524175720214843750e+02
-1.524273986816406250e+02
-1.524372406005859375e+02
-1.524470825195312500e+02
-1.524569244384765625e+02
-1.524667663574218750e+02
-1.524667663574218750e+02
-1.524864501953125000e+02
-1.524963073730468750e+02
-1.525061492919921875e+02
-1.525061492919921875e+02
-1.525258636474609375e+02
-1.525357208251953125e+02
-1.525357208251953125e+02
-1.525554351806640625e+02
-1.525554351806640625e+02
-1.525751647949218750e+02
-1.525850372314453125e+02
-1.525949096679687500e+02
-1.526047821044921875e+02
-1.526146545410156250e+02
-1.526146545410156250e+02
-1.526344146728515625e+02
-1.526442871093750000e+02
-1.526541748046875000e+02
-1.526640625000000000e+02
-1.526640625000000000e+02
-1.526838378906250000e+02
-1.526838378906250000e+02
-1.526937255859375000e+02
-1.527135162353515625e+02
-1.527234039306640625e+02
-1.527333068847656250e+02
-1.527333068847656250e+02
-1.527531127929687500e+02
-1.527630157470703125e+02
-1.527729187011718750e+02
-1.527828216552734375e+02
-1.527927398681640625e+02
-1.528026428222656250e+02
-1.528125610351562500e+02
-1.528224639892578125e+02
-1.528323822021484375e+02
-1.528323822021484375e+02
-1.528522186279296875e+02
-1.528621368408203125e+02
-1.528720703125000000e+02
-1.528819885253906250e+02
-1.528919067382812500e+02
-1.529018402099609375e+02
-1.529117736816406250e+02
-1.529216918945312500e+02
-1.529316253662109375e+02
-1.529316253662109375e+02
-1.529514923095703125e+02
-1.529614257812500000e+02
-1.529713745117187500e+02
-1.529713745117187500e+02
-1.529912414550781250e+02
-1.530011901855468750e+02
-1.530111389160156250e+02
-1.530210723876953125e+02
-1.530310211181640625e+02
-1.530409698486328125e+02
-1.530509185791015625e+02
-1.530608673095703125e+02
-1.530708160400390625e+02
-1.530807800292968750e+02
-1.530807800292968750e+02
-1.531006774902343750e+02
-1.531006774902343750e+02
-1.531205902099609375e+02
-1.531305541992187500e+02
-1.531405181884765625e+02
-1.531504821777343750e+02
-1.531504821777343750e+02
-1.531703948974609375e+02
-1.531703948974609375e+02
-1.531903381347656250e+02
-1.531903381347656250e+02
-1.532102661132812500e+02
-1.532202301025390625e+02
-1.532302093505859375e+02
-1.532401733398437500e+02
-1.532501525878906250e+02
-1.532601165771484375e+02
-1.532700958251953125e+02
-1.532700958251953125e+02
-1.532900390625000000e+02
-1.533000183105468750e+02
-1.533099975585937500e+02
-1.533199768066406250e+02
-1.533299560546875000e+02
-1.533399353027343750e+02
-1.533499145507812500e+02
-1.533598937988281250e+02
-1.533698883056640625e+02
-1.533798675537109375e+02
-1.533898468017578125e+02
-1.533998413085937500e+02
-1.534098205566406250e+02
-1.534198150634765625e+02
-1.534297943115234375e+02
-1.534397888183593750e+02
-1.534497680664062500e+02
-1.534597625732421875e+02
-1.534697570800781250e+02
-1.534797363281250000e+02
-1.534897308349609375e+02
-1.534997253417968750e+02
-1.535097198486328125e+02
-1.535197143554687500e+02
-1.535297088623046875e+02
-1.535297088623046875e+02
-1.535496978759765625e+02
-1.535596923828125000e+02
-1.535696868896484375e+02
-1.535796813964843750e+02
-1.535896759033203125e+02
-1.535996704101562500e+02
-1.536096801757812500e+02
-1.536196746826171875e+02
-1.536296691894531250e+02
-1.536396636962890625e+02
-1.536496734619140625e+02
-1.536596679687500000e+02
-1.536596679687500000e+02
-1.536796722412109375e+02
-1.536796722412109375e+02
-1.536996612548828125e+02
-1.537096710205078125e+02
-1.537196655273437500e+02
-1.537296752929687500e+02
-1.537396697998046875e+02
-1.537496795654296875e+02
-1.537496795654296875e+02
-1.537696838378906250e+02
-1.537796783447265625e+02
-1.537896881103515625e+02
-1.537996826171875000e+02
-1.537996826171875000e+02
-1.538196868896484375e+02
-1.538296966552734375e+02
-1.538397064208984375e+02
-1.538497009277343750e+02
-1.538497009277343750e+02
-1.538597106933593750e+02
-1.538597106933593750e+02
-1.538597106933593750e+02
-1.538597106933593750e+02
-1.538597106933593750e+02
-1.538597106933593750e+02
-1.538597106933593750e+02
-1.538597106933593750e+02
-1.538597106933593750e+02
-1.538597106933593750e+02
-1.538597106933593750e+02
-1.538597106933593750e+02
-1.538597106933593750e+02
-1.538597106933593750e+02
-1.538597106933593750e+02
-1.538597106933593750e+02
-1.538597106933593750e+02
-1.538597106933593750e+02
-1.538597106933593750e+02
-1.538597106933593750e+02
-1.538597106933593750e+02
-1.538597106933593750e+02
-1.538597106933593750e+02
-1.538597106933593750e+02
-1.538597106933593750e+02
-1.538597106933593750e+02
-1.538597106933593750e+02
-1.538597106933593750e+02
-1.538597106933593750e+02
-1.538597106933593750e+02
-1.538597106933593750e+02
-1.538597106933593750e+02
-1.538597106933593750e+02
-1.538597106933593750e+02
-1.538597106933593750e+02
-1.538597106933593750e+02
-1.538597106933593750e+02
-1.538597106933593750e+02
-1.538597106933593750e+02
-1.538597106933593750e+02
-1.538597106933593750e+02
-1.538597106933593750e+02
-1.538597106933593750e+02
-1.538597106933593750e+02
-1.538597106933593750e+02
-1.538597106933593750e+02
-1.538597106933593750e+02
-1.538597106933593750e+02
-1.538597106933593750e+02
-1.538597106933593750e+02
-1.538597106933593750e+02
-1.538597106933593750e+02
-1.538597106933593750e+02
-1.538597106933593750e+02
-1.538597106933593750e+02
-1.538597106933593750e+02
-1.538597106933593750e+02
-1.538597106933593750e+02
-1.538597106933593750e+02
-1.538597106933593750e+02
-1.538597106933593750e+02
-1.538597106933593750e+02
-1.538597106933593750e+02
-1.538597106933593750e+02
-1.538597106933593750e+02
-1.538597106933593750e+02
-1.538597106933593750e+02
-1.538597106933593750e+02
-1.538597106933593750e+02
-1.538597106933593750e+02
-1.538597106933593750e+02
-1.538597106933593750e+02
-1.538597106933593750e+02
-1.538597106933593750e+02
-1.538597106933593750e+02
-1.538597106933593750e+02
-1.538597106933593750e+02
-1.538597106933593750e+02
-1.538597106933593750e+02
-1.538597106933593750e+02
-1.538597106933593750e+02
-1.538597106933593750e+02
-1.538597106933593750e+02
-1.538597106933593750e+02
-1.538597106933593750e+02
-1.538597106933593750e+02
-1.538597106933593750e+02
-1.538597106933593750e+02
-1.538597106933593750e+02
-1.538597106933593750e+02
-1.538597106933593750e+02
-1.538597106933593750e+02
-1.538597106933593750e+02
-1.538597106933593750e+02
-1.538597106933593750e+02
-1.538597106933593750e+02
-1.538597106933593750e+02
-1.538597106933593750e+02
-1.538597106933593750e+02
-1.538597106933593750e+02
-1.538597106933593750e+02
-1.538597106933593750e+02
-1.538597106933593750e+02
-1.538597106933593750e+02
-1.538597106933593750e+02
-1.538597106933593750e+02
-1.538597106933593750e+02
-1.538597106933593750e+02
-1.538597106933593750e+02
-1.538597106933593750e+02
-1.538597106933593750e+02
-1.538597106933593750e+02
-1.538597106933593750e+02
-1.538597106933593750e+02
-1.538597106933593750e+02
-1.538597106933593750e+02
-1.538597106933593750e+02
-1.538597106933593750e+02
-1.538597106933593750e+02
-1.538597106933593750e+02
-1.538597106933593750e+02
-1.538597106933593750e+02
-1.538597106933593750e+02
-1.538597106933593750e+02
-1.538597106933593750e+02
-1.538597106933593750e+02
-1.538597106933593750e+02
-1.538597106933593750e+02
-1.538597106933593750e+02
-1.538597106933593750e+02
-1.538597106933593750e+02
-1.538597106933593750e+02
-1.538597106933593750e+02
-1.538597106933593750e+02
-1.538597106933593750e+02
-1.538597106933593750e+02
-1.538597106933593750e+02
-1.538597106933593750e+02
-1.538597106933593750e+02
-1.538597106933593750e+02
-1.538597106933593750e+02
-1.538597106933593750e+02
-1.538597106933593750e+02
-1.538597106933593750e+02
-1.538597106933593750e+02
-1.538597106933593750e+02
-1.538597106933593750e+02
-1.538597106933593750e+02
-1.538597106933593750e+02
-1.538597106933593750e+02
-1.538597106933593750e+02
-1.538597106933593750e+02
-1.538597106933593750e+02
-1.538597106933593750e+02
-1.538597106933593750e+02
-1.538597106933593750e+02
-1.538597106933593750e+02
-1.538597106933593750e+02
-1.538597106933593750e+02
-1.538597106933593750e+02
-1.538597106933593750e+02
-1.538597106933593750e+02
-1.538597106933593750e+02
-1.538597106933593750e+02
-1.538597106933593750e+02
-1.538597106933593750e+02
-1.538597106933593750e+02
-1.538597106933593750e+02
-1.538597106933593750e+02
-1.538597106933593750e+02
-1.538597106933593750e+02
-1.538597106933593750e+02
-1.538597106933593750e+02
-1.538597106933593750e+02
-1.538597106933593750e+02
-1.538597106933593750e+02
-1.538597106933593750e+02
-1.538597106933593750e+02
-1.538597106933593750e+02
-1.538597106933593750e+02
-1.538597106933593750e+02
-1.538597106933593750e+02
-1.538597106933593750e+02
-1.538597106933593750e+02
-1.538597106933593750e+02
-1.538597106933593750e+02
-1.538597106933593750e+02
-1.538597106933593750e+02
-1.538597106933593750e+02
-1.538597106933593750e+02
-1.538597106933593750e+02
-1.538597106933593750e+02
-1.538597106933593750e+02
-1.538597106933593750e+02
-1.538597106933593750e+02
-1.538597106933593750e+02
-1.538597106933593750e+02
-1.538597106933593750e+02
-1.538597106933593750e+02
-1.538597106933593750e+02
-1.538597106933593750e+02
-1.538597106933593750e+02
-1.538597106933593750e+02
-1.538597106933593750e+02
-1.538597106933593750e+02
-1.538597106933593750e+02
-1.538597106933593750e+02
-1.538597106933593750e+02
-1.538597106933593750e+02
-1.538597106933593750e+02
-1.538597106933593750e+02
-1.538597106933593750e+02
-1.538597106933593750e+02
-1.538597106933593750e+02
-1.538597106933593750e+02
-1.538597106933593750e+02
-1.538597106933593750e+02
-1.538597106933593750e+02
-1.538597106933593750e+02
-1.538597106933593750e+02
-1.538597106933593750e+02
-1.538597106933593750e+02
-1.538597106933593750e+02
-1.538597106933593750e+02
-1.538597106933593750e+02
-1.538597106933593750e+02
-1.538597106933593750e+02
-1.538597106933593750e+02
-1.538597106933593750e+02
-1.538597106933593750e+02
-1.538597106933593750e+02
-1.538597106933593750e+02
-1.538597106933593750e+02
-1.538597106933593750e+02
-1.538597106933593750e+02
-1.538597106933593750e+02
-1.538597106933593750e+02
-1.538597106933593750e+02
-1.538597106933593750e+02
-1.538597106933593750e+02
-1.538597106933593750e+02
-1.538597106933593750e+02
-1.538597106933593750e+02
-1.538597106933593750e+02
-1.538597106933593750e+02
-1.538597106933593750e+02
-1.538597106933593750e+02
-1.538597106933593750e+02
-1.538597106933593750e+02
-1.538597106933593750e+02
-1.538597106933593750e+02
-1.538597106933593750e+02
-1.538597106933593750e+02
-1.538597106933593750e+02
-1.538597106933593750e+02
-1.538597106933593750e+02
-1.538597106933593750e+02
-1.538597106933593750e+02
-1.538597106933593750e+02
-1.538597106933593750e+02
-1.538597106933593750e+02
-1.538597106933593750e+02
-1.538597106933593750e+02
-1.538597106933593750e+02
-1.538597106933593750e+02
-1.538597106933593750e+02
-1.538597106933593750e+02
-1.538597106933593750e+02
-1.538597106933593750e+02
-1.538597106933593750e+02
-1.538597106933593750e+02
-1.538597106933593750e+02
-1.538597106933593750e+02
-1.538597106933593750e+02
-1.538597106933593750e+02
-1.538597106933593750e+02
-1.538597106933593750e+02
-1.538597106933593750e+02
-1.538597106933593750e+02
-1.538597106933593750e+02
-1.538597106933593750e+02
-1.538597106933593750e+02
-1.538597106933593750e+02
-1.538597106933593750e+02
-1.538597106933593750e+02
-1.538597106933593750e+02
-1.538597106933593750e+02
-1.538597106933593750e+02
-1.538597106933593750e+02
-1.538597106933593750e+02
-1.538597106933593750e+02
-1.538597106933593750e+02
-1.538597106933593750e+02
-1.538597106933593750e+02
-1.538597106933593750e+02
-1.538597106933593750e+02
-1.538597106933593750e+02
-1.538597106933593750e+02
-1.538597106933593750e+02
-1.538597106933593750e+02
-1.538597106933593750e+02
-1.538597106933593750e+02
-1.538597106933593750e+02
-1.538597106933593750e+02
-1.538597106933593750e+02
-1.538597106933593750e+02
-1.538597106933593750e+02
-1.538597106933593750e+02
-1.538597106933593750e+02
-1.538597106933593750e+02
-1.538597106933593750e+02
-1.538597106933593750e+02
-1.538597106933593750e+02
-1.538597106933593750e+02
-1.538597106933593750e+02
-1.538597106933593750e+02
-1.538597106933593750e+02
-1.538597106933593750e+02
-1.538597106933593750e+02
-1.538597106933593750e+02
-1.538597106933593750e+02
-1.538597106933593750e+02
-1.538597106933593750e+02
-1.538597106933593750e+02
-1.538597106933593750e+02
-1.538597106933593750e+02
-1.538597106933593750e+02
-1.538597106933593750e+02
-1.538597106933593750e+02
-1.538597106933593750e+02
-1.538597106933593750e+02
-1.538597106933593750e+02
-1.538597106933593750e+02
-1.538597106933593750e+02
-1.538597106933593750e+02
-1.538597106933593750e+02
-1.538597106933593750e+02
-1.538597106933593750e+02
-1.538597106933593750e+02
-1.538597106933593750e+02
-1.538597106933593750e+02
-1.538597106933593750e+02
-1.538597106933593750e+02
-1.538597106933593750e+02
-1.538597106933593750e+02
-1.538597106933593750e+02
-1.538597106933593750e+02
-1.538597106933593750e+02
-1.538597106933593750e+02
-1.538597106933593750e+02
-1.538597106933593750e+02
-1.538597106933593750e+02
-1.538597106933593750e+02
-1.538597106933593750e+02
-1.538597106933593750e+02
-1.538597106933593750e+02
-1.538597106933593750e+02
-1.538597106933593750e+02
-1.538597106933593750e+02
-1.538597106933593750e+02
-1.538597106933593750e+02
-1.538597106933593750e+02
-1.538597106933593750e+02
-1.538597106933593750e+02
-1.538597106933593750e+02
-1.538597106933593750e+02
-1.538597106933593750e+02
-1.538597106933593750e+02
-1.538597106933593750e+02
-1.538597106933593750e+02
-1.538597106933593750e+02
-1.538597106933593750e+02
-1.538597106933593750e+02
-1.538597106933593750e+02
-1.538597106933593750e+02
-1.538597106933593750e+02
-1.538597106933593750e+02
-1.538597106933593750e+02
-1.538597106933593750e+02
-1.538597106933593750e+02
-1.538597106933593750e+02
-1.538597106933593750e+02
-1.538597106933593750e+02
-1.538597106933593750e+02
-1.538597106933593750e+02
-1.538597106933593750e+02
-1.538597106933593750e+02
-1.538597106933593750e+02
-1.538597106933593750e+02
-1.538597106933593750e+02
-1.538597106933593750e+02
-1.538597106933593750e+02
-1.538597106933593750e+02
-1.538597106933593750e+02
-1.538597106933593750e+02
-1.538597106933593750e+02
-1.538597106933593750e+02
-1.538597106933593750e+02
-1.545278320312500000e+02
-1.545376739501953125e+02
-1.545475158691406250e+02
-1.545573577880859375e+02
-1.545671997070312500e+02
-1.545770416259765625e+02
-1.545868682861328125e+02
-1.545967102050781250e+02
-1.546065521240234375e+02
-1.546163940429687500e+02
-1.546262359619140625e+02
-1.546360626220703125e+02
-1.546459045410156250e+02
-1.546557464599609375e+02
-1.546655731201171875e+02
-1.546754150390625000e+02
-1.546852416992187500e+02
-1.546852416992187500e+02
-1.547049102783203125e+02
-1.547147369384765625e+02
-1.547245635986328125e+02
-1.547245635986328125e+02
-1.547343902587890625e+02
-1.547540435791015625e+02
-1.547638702392578125e+02
-1.547736816406250000e+02
-1.547835083007812500e+02
-1.547933197021484375e+02
-1.548031463623046875e+02
-1.548129577636718750e+02
-1.548227691650390625e+02
-1.548325805664062500e+02
-1.548423919677734375e+02
-1.548522033691406250e+02
-1.548619995117187500e+02
-1.548718109130859375e+02
-1.548816070556640625e+02
-1.548914031982421875e+02
-1.549011993408203125e+02
-1.549109954833984375e+02
-1.549207916259765625e+02
-1.549305725097656250e+02
-1.549403686523437500e+02
-1.549501495361328125e+02
-1.549599304199218750e+02
-1.549697113037109375e+02
-1.549794921875000000e+02
-1.549892578125000000e+02
-1.549990386962890625e+02
-1.550088043212890625e+02
-1.550185699462890625e+02
-1.550283355712890625e+02
-1.550380859375000000e+02
-1.550478515625000000e+02
-1.550576019287109375e+02
-1.550673522949218750e+02
-1.550770874023437500e+02
-1.550868377685546875e+02
-1.550965728759765625e+02
-1.551063079833984375e+02
-1.551160430908203125e+02
-1.551257781982421875e+02
-1.551257781982421875e+02
-1.551354980468750000e+02
-1.551549377441406250e+02
-1.551646575927734375e+02
-1.551743621826171875e+02
-1.551840667724609375e+02
-1.551840667724609375e+02
-1.551937713623046875e+02
-1.552131652832031250e+02
-1.552131652832031250e+02
-1.552325439453125000e+02
-1.552422332763671875e+02
-1.552519073486328125e+02
-1.552615814208984375e+02
-1.552712554931640625e+02
-1.552809143066406250e+02
-1.552905883789062500e+02
-1.553002471923828125e+02
-1.553099060058593750e+02
-1.553195495605468750e+02
-1.553292083740234375e+02
-1.553292083740234375e+02
-1.553484954833984375e+02
-1.553581237792968750e+02
-1.553677520751953125e+02
-1.553773803710937500e+02
-1.553870086669921875e+02
-1.553966369628906250e+02
-1.554062500000000000e+02
-1.554158630371093750e+02
-1.554254760742187500e+02
-1.554350738525390625e+02
-1.554446868896484375e+02
-1.554542694091796875e+02
-1.554638671875000000e+02
-1.554734649658203125e+02
-1.554830474853515625e+02
-1.554926300048828125e+02
-1.555021972656250000e+02
-1.555117797851562500e+02
-1.555213470458984375e+02
-1.555213470458984375e+02
-1.555309143066406250e+02
-1.555500335693359375e+02
-1.555595855712890625e+02
-1.555595855712890625e+02
-1.555786743164062500e+02
-1.555786743164062500e+02
-1.555977478027343750e+02
-1.556072845458984375e+02
-1.556168060302734375e+02
-1.556263427734375000e+02
-1.556358642578125000e+02
-1.556453704833984375e+02
-1.556548919677734375e+02
-1.556643981933593750e+02
-1.556643981933593750e+02
-1.556833953857421875e+02
-1.556928863525390625e+02
-1.556928863525390625e+02
-1.557023773193359375e+02
-1.557213439941406250e+02
-1.557213439941406250e+02
-1.557308349609375000e+02
-1.557497711181640625e+02
-1.557592468261718750e+02
-1.557592468261718750e+02
-1.557687072753906250e+02
-1.557876129150390625e+02
-1.557970581054687500e+02
-1.558065032958984375e+02
-1.558159484863281250e+02
-1.558253784179687500e+02
-1.558348083496093750e+02
-1.558442382812500000e+02
-1.558536682128906250e+02
-1.558630828857421875e+02
-1.558724975585937500e+02
-1.558819122314453125e+02
-1.558819122314453125e+02
-1.559007110595703125e+02
-1.559101104736328125e+02
-1.559194946289062500e+02
-1.559288940429687500e+02
-1.559382781982421875e+02
-1.559476470947265625e+02
-1.559570312500000000e+02
-1.559664001464843750e+02
-1.559664001464843750e+02
-1.559851226806640625e+02
-1.559944763183593750e+02
-1.560038299560546875e+02
-1.560131683349609375e+02
-1.560225067138671875e+02
-1.560318450927734375e+02
-1.560411834716796875e+02
-1.560505065917968750e+02
-1.560598297119140625e+02
-1.560691528320312500e+02
-1.560784606933593750e+02
-1.560877685546875000e+02
-1.560970764160156250e+02
-1.561063690185546875e+02
-1.561156616210937500e+02
-1.561249542236328125e+02
-1.561342468261718750e+02
-1.561435241699218750e+02
-1.561528015136718750e+02
-1.561620635986328125e+02
-1.561713256835937500e+02
-1.561805877685546875e+02
-1.561805877685546875e+02
-1.561990966796875000e+02
-1.562083435058593750e+02
-1.562175750732421875e+02
-1.562268066406250000e+02
-1.562360382080078125e+02
-1.562452697753906250e+02
-1.562544860839843750e+02
-1.562637023925781250e+02
-1.562729034423828125e+02
-1.562821197509765625e+02
-1.562913055419921875e+02
-1.563005065917968750e+02
-1.563096923828125000e+02
-1.563188781738281250e+02
-1.563280487060546875e+02
-1.563372344970703125e+02
-1.563463897705078125e+02
-1.563555603027343750e+02
-1.563647155761718750e+02
-1.563738708496093750e+02
-1.563830108642578125e+02
-1.563921508789062500e+02
-1.564012908935546875e+02
-1.564104156494140625e+02
-1.564195404052734375e+02
-1.564195404052734375e+02
-1.564377746582031250e+02
-1.564468841552734375e+02
-1.564468841552734375e+02
-1.564559783935546875e+02
-1.564741668701171875e+02
-1.564832611083984375e+02
-1.564923400878906250e+02
-1.565014190673828125e+02
-1.565104827880859375e+02
-1.565195465087890625e+02
-1.565286102294921875e+02
-1.565376586914062500e+02
-1.565557403564453125e+02
-1.565557403564453125e+02
-1.565647735595703125e+02
-1.565738067626953125e+02
-1.565738067626953125e+02
-1.565918426513671875e+02
-1.566008605957031250e+02
-1.566098632812500000e+02
-1.566188659667968750e+02
-1.566278533935546875e+02
-1.566368408203125000e+02
-1.566458282470703125e+02
-1.566548004150390625e+02
-1.566637725830078125e+02
-1.566727294921875000e+02
-1.566816864013671875e+02
-1.566906280517578125e+02
-1.566995849609375000e+02
-1.567085113525390625e+02
-1.567174530029296875e+02
-1.567263793945312500e+02
-1.567352905273437500e+02
-1.567442016601562500e+02
-1.567531127929687500e+02
-1.567620086669921875e+02
-1.567709045410156250e+02
-1.567798004150390625e+02
-1.567886810302734375e+02
-1.567975463867187500e+02
-1.568064270019531250e+02
-1.568152770996093750e+02
-1.568241424560546875e+02
-1.568329925537109375e+02
-1.568418273925781250e+02
-1.568506622314453125e+02
-1.568594970703125000e+02
-1.568683166503906250e+02
-1.568771362304687500e+02
-1.568859405517578125e+02
-1.568947448730468750e+02
-1.569035339355468750e+02
-1.569123229980468750e+02
-1.569211120605468750e+02
-1.569298858642578125e+02
-1.569386444091796875e+02
-1.569474182128906250e+02
-1.569561614990234375e+02
-1.569649200439453125e+02
-1.569736480712890625e+02
-1.569823913574218750e+02
-1.569911193847656250e+02
-1.569911193847656250e+02
-1.570085449218750000e+02
-1.570172576904296875e+02
-1.570259552001953125e+02
-1.570346527099609375e+02
-1.570433349609375000e+02
-1.570520172119140625e+02
-1.570606842041015625e+02
-1.570693511962890625e+02
-1.570780029296875000e+02
-1.570866546630859375e+02
-1.570953063964843750e+02
-1.571039428710937500e+02
-1.571125793457031250e+02
-1.571212005615234375e+02
-1.571298217773437500e+02
-1.571384277343750000e+02
-1.571470336914062500e+02
-1.571556396484375000e+02
-1.571642303466796875e+02
-1.571642303466796875e+02
-1.571813964843750000e+02
-1.571813964843750000e+02
-1.571985321044921875e+02
-1.571985321044921875e+02
-1.572156524658203125e+02
-1.572241973876953125e+02
-1.572327423095703125e+02
-1.572412719726562500e+02
-1.572498016357421875e+02
-1.572583160400390625e+02
-1.572668457031250000e+02
-1.572753448486328125e+02
-1.572838592529296875e+02
-1.572923431396484375e+02
-1.573008422851562500e+02
-1.573008422851562500e+02
-1.573177947998046875e+02
-1.573262786865234375e+02
-1.573347320556640625e+02
-1.573432006835937500e+02
-1.573516540527343750e+02
-1.573516540527343750e+02
-1.573601074218750000e+02
-1.573769836425781250e+02
-1.573854064941406250e+02
-1.573938293457031250e+02
-1.574022521972656250e+02
-1.574106597900390625e+02
-1.574190673828125000e+02
-1.574190673828125000e+02
-1.574358520507812500e+02
-1.574442443847656250e+02
-1.574526214599609375e+02
-1.574609985351562500e+02
-1.574693756103515625e+02
-1.574777374267578125e+02
-1.574860839843750000e+02
-1.574860839843750000e+02
-1.575027923583984375e+02
-1.575111236572265625e+02
-1.575111236572265625e+02
-1.575277862548828125e+02
-1.575361175537109375e+02
-1.575444335937500000e+02
-1.575527496337890625e+02
-1.575610504150390625e+02
-1.575693511962890625e+02
-1.575776367187500000e+02
-1.575859222412109375e+02
-1.575942077636718750e+02
-1.576024780273437500e+02
-1.576107330322265625e+02
-1.576189880371093750e+02
-1.576272430419921875e+02
-1.576272430419921875e+02
-1.576437225341796875e+02
-1.576519470214843750e+02
-1.576601715087890625e+02
-1.576683807373046875e+02
-1.576765747070312500e+02
-1.576847686767578125e+02
-1.576929626464843750e+02
-1.577011413574218750e+02
-1.577011413574218750e+02
-1.577174682617187500e+02
-1.577256164550781250e+02
-1.577337493896484375e+02
-1.577418823242187500e+02
-1.577500000000000000e+02
-1.577581176757812500e+02
-1.577662200927734375e+02
-1.577743225097656250e+02
-1.577823944091796875e+02
-1.577904663085937500e+02
-1.577985382080078125e+02
-1.578065795898437500e+02
-1.578146209716796875e+02
-1.578146209716796875e+02
-1.578306732177734375e+02
-1.578386840820312500e+02
-1.578386840820312500e+02
-1.578546600341796875e+02
-1.578546600341796875e+02
-1.578706054687500000e+02
-1.578785552978515625e+02
-1.578785552978515625e+02
-1.578864898681640625e+02
-1.579023437500000000e+02
-1.579102325439453125e+02
-1.579102325439453125e+02
-1.579260101318359375e+02
-1.579338684082031250e+02
-1.579417266845703125e+02
-1.579495697021484375e+02
-1.579573974609375000e+02
-1.579652099609375000e+02
-1.579730072021484375e+02
-1.579807891845703125e+02
-1.579885559082031250e+02
-1.579963226318359375e+02
-1.580040588378906250e+02
-1.580117950439453125e+02
-1.580195159912109375e+02
-1.580195159912109375e+02
-1.580272064208984375e+02
-1.580348968505859375e+02
-1.580502319335937500e+02
-1.580578765869140625e+02
-1.580655059814453125e+02
-1.580731201171875000e+02
-1.580807189941406250e+02
-1.580883026123046875e+02
-1.580958862304687500e+02
-1.580958862304687500e+02
-1.581109924316406250e+02
-1.581185455322265625e+02
-1.581260681152343750e+02
-1.581335906982421875e+02
-1.581410980224609375e+02
-1.581486053466796875e+02
-1.581560974121093750e+02
-1.581635894775390625e+02
-1.581710662841796875e+02
-1.581710662841796875e+02
-1.581859893798828125e+02
-1.581934509277343750e+02
-1.582008972167968750e+02
-1.582083435058593750e+02
-1.582157897949218750e+02
-1.582232208251953125e+02
-1.582306518554687500e+02
-1.582380828857421875e+02
-1.582455139160156250e+02
-1.582529296875000000e+02
-1.582603454589843750e+02
-1.582677612304687500e+02
-1.582751770019531250e+02
-1.582825927734375000e+02
-1.582900085449218750e+02
-1.582974243164062500e+02
-1.583048400878906250e+02
-1.583122558593750000e+02
-1.583196716308593750e+02
-1.583270874023437500e+02
-1.583345031738281250e+02
-1.583419342041015625e+02
-1.583419342041015625e+02
-1.583567810058593750e+02
-1.583642272949218750e+02
-1.583716583251953125e+02
-1.583716583251953125e+02
-1.583865509033203125e+02
-1.583939971923828125e+02
-1.583939971923828125e+02
-1.584089355468750000e+02
-1.584164123535156250e+02
-1.584164123535156250e+02
-1.584313812255859375e+02
-1.584388732910156250e+02
-1.584463806152343750e+02
-1.584539031982421875e+02
-1.584614257812500000e+02
-1.584689636230468750e+02
-1.584765167236328125e+02
-1.584840850830078125e+02
-1.584916534423828125e+02
-1.584992370605468750e+02
-1.585068359375000000e+02
-1.585144348144531250e+02
-1.585220642089843750e+02
-1.585297088623046875e+02
-1.585373535156250000e+02
-1.585450286865234375e+02
-1.585527038574218750e+02
-1.585603942871093750e+02
-1.585681152343750000e+02
-1.585758361816406250e+02
-1.585835723876953125e+02
-1.585913238525390625e+02
-1.585990905761718750e+02
-1.586068725585937500e+02
-1.586146697998046875e+02
-1.586224822998046875e+02
-1.586302947998046875e+02
-1.586381378173828125e+02
-1.586459808349609375e+02
-1.586538391113281250e+02
-1.586538391113281250e+02
-1.586617126464843750e+02
-1.586774902343750000e+02
-1.586854095458984375e+02
-1.586933288574218750e+02
-1.587012634277343750e+02
-1.587092132568359375e+02
-1.587092132568359375e+02
-1.587251434326171875e+02
-1.587331237792968750e+02
-1.587331237792968750e+02
-1.587491149902343750e+02
-1.587491149902343750e+02
-1.587651519775390625e+02
-1.587731933593750000e+02
-1.587812500000000000e+02
-1.587893066406250000e+02
-1.587973632812500000e+02
-1.588054504394531250e+02
-1.588054504394531250e+02
-1.588135375976562500e+02
-1.588297424316406250e+02
-1.588378601074218750e+02
-1.588459930419921875e+02
-1.588541259765625000e+02
-1.588622741699218750e+02
-1.588704376220703125e+02
-1.588704376220703125e+02
-1.588786010742187500e+02
-1.588949584960937500e+02
-1.589031524658203125e+02
-1.589031524658203125e+02
-1.589195556640625000e+02
-1.589277648925781250e+02
-1.589359893798828125e+02
-1.589442291259765625e+02
-1.589524688720703125e+02
-1.589607086181640625e+02
-1.589689636230468750e+02
-1.589772338867187500e+02
-1.589855041503906250e+02
-1.589937744140625000e+02
-1.590020599365234375e+02
-1.590020599365234375e+02
-1.590186462402343750e+02
-1.590269622802734375e+02
-1.590352630615234375e+02
-1.590435791015625000e+02
-1.590519104003906250e+02
-1.590519104003906250e+02
-1.590685729980468750e+02
-1.590769042968750000e+02
-1.590852508544921875e+02
-1.590852508544921875e+02
-1.591019592285156250e+02
-1.591103210449218750e+02
-1.591186981201171875e+02
-1.591270751953125000e+02
-1.591354522705078125e+02
-1.591438446044921875e+02
-1.591522369384765625e+02
-1.591606292724609375e+02
-1.591690368652343750e+02
-1.591690368652343750e+02
-1.591858673095703125e+02
-1.591942901611328125e+02
-1.592027130126953125e+02
-1.592111511230468750e+02
-1.592195892333984375e+02
-1.592280426025390625e+02
-1.592364959716796875e+02
-1.592449645996093750e+02
-1.592534179687500000e+02
-1.592534179687500000e+02
-1.592619018554687500e+02
-1.592788543701171875e+02
-1.592873535156250000e+02
-1.592958374023437500e+02
-1.593043518066406250e+02
-1.593128509521484375e+02
-1.593213653564453125e+02
-1.593213653564453125e+02
-1.593384094238281250e+02
-1.593469543457031250e+02
-1.593554840087890625e+02
-1.593640289306640625e+02
-1.593640289306640625e+02
-1.593725891113281250e+02
-1.593897094726562500e+02
-1.593982849121093750e+02
-1.594068603515625000e+02
-1.594154510498046875e+02
-1.594240417480468750e+02
-1.594240417480468750e+02
-1.594412384033203125e+02
-1.594498443603515625e+02
-1.594584655761718750e+02
-1.594670867919921875e+02
-1.594670867919921875e+02
-1.594843444824218750e+02
-1.594929809570312500e+02
-1.595016326904296875e+02
-1.595102844238281250e+02
-1.595189514160156250e+02
-1.595276184082031250e+02
-1.595362854003906250e+02
-1.595449676513671875e+02
-1.595536499023437500e+02
-1.595623474121093750e+02
-1.595710449218750000e+02
-1.595797576904296875e+02
-1.595884704589843750e+02
-1.595971832275390625e+02
-1.596059112548828125e+02
-1.596146392822265625e+02
-1.596233825683593750e+02
-1.596321258544921875e+02
-1.596408843994140625e+02
-1.596496429443359375e+02
-1.596584167480468750e+02
-1.596671752929687500e+02
-1.596759643554687500e+02
-1.596847534179687500e+02
-1.596935424804687500e+02
-1.597023315429687500e+02
-1.597111511230468750e+02
-1.597199554443359375e+02
-1.597287750244140625e+02
-1.597375946044921875e+02
-1.597464294433593750e+02
-1.597552642822265625e+02
-1.597641143798828125e+02
-1.597729644775390625e+02
-1.597818298339843750e+02
-1.597906951904296875e+02
-1.597995605468750000e+02
-1.598084411621093750e+02
-1.598173217773437500e+02
-1.598262176513671875e+02
-1.598351135253906250e+02
-1.598440246582031250e+02
-1.598440246582031250e+02
-1.598618469238281250e+02
-1.598707733154296875e+02
-1.598796997070312500e+02
-1.598886413574218750e+02
-1.598975830078125000e+02
-1.599065399169921875e+02
-1.599154968261718750e+02
-1.599244537353515625e+02
-1.599334259033203125e+02
-1.599423980712890625e+02
-1.599513854980468750e+02
-1.599603729248046875e+02
-1.599693756103515625e+02
-1.599783782958984375e+02
-1.599783782958984375e+02
-1.599963989257812500e+02
-1.600054168701171875e+02
-1.600054168701171875e+02
-1.600144500732421875e+02
-1.600325317382812500e+02
-1.600415802001953125e+02
-1.600415802001953125e+02
-1.600506286621093750e+02
-1.600687561035156250e+02
-1.600778350830078125e+02
-1.600869140625000000e+02
-1.600960083007812500e+02
-1.601051025390625000e+02
-1.601141967773437500e+02
-1.601141967773437500e+02
-1.601233062744140625e+02
-1.601415405273437500e+02
-1.601506652832031250e+02
-1.601506652832031250e+02
-1.601598052978515625e+02
-1.601780853271484375e+02
-1.601872406005859375e+02
-1.601963958740234375e+02
-1.602055664062500000e+02
-1.602147369384765625e+02
-1.602239074707031250e+02
-1.602330932617187500e+02
-1.602422943115234375e+02
-1.602514801025390625e+02
-1.602606964111328125e+02
-1.602698974609375000e+02
-1.602791137695312500e+02
-1.602883300781250000e+02
-1.602975616455078125e+02
-1.603067932128906250e+02
-1.603160247802734375e+02
-1.603252716064453125e+02
-1.603345184326171875e+02
-1.603437652587890625e+02
-1.603530273437500000e+02
-1.603622894287109375e+02
-1.603715515136718750e+02
-1.603808288574218750e+02
-1.603900909423828125e+02
-1.603993835449218750e+02
-1.603993835449218750e+02
-1.604179534912109375e+02
-1.604272460937500000e+02
-1.604272460937500000e+02
-1.604458465576171875e+02
-1.604551391601562500e+02
-1.604644470214843750e+02
-1.604737701416015625e+02
-1.604830780029296875e+02
-1.604924011230468750e+02
-1.604924011230468750e+02
-1.605110473632812500e+02
-1.605203704833984375e+02
-1.605297088623046875e+02
-1.605390472412109375e+02
-1.605483856201171875e+02
-1.605577239990234375e+02
-1.605670623779296875e+02
-1.605764160156250000e+02
-1.605764160156250000e+02
-1.605951080322265625e+02
-1.605951080322265625e+02
-1.606044616699218750e+02
-1.606138153076171875e+02
-1.606325378417968750e+02
-1.606418914794921875e+02
-1.606512603759765625e+02
-1.606606292724609375e+02
-1.606699829101562500e+02
-1.606793518066406250e+02
-1.606887207031250000e+02
-1.606980895996093750e+02
-1.606980895996093750e+02
-1.607168426513671875e+02
-1.607262115478515625e+02
-1.607262115478515625e+02
-1.607449645996093750e+02
-1.607449645996093750e+02
-1.607543334960937500e+02
-1.607730865478515625e+02
-1.607824707031250000e+02
-1.607918395996093750e+02
-1.608012237548828125e+02
-1.608012237548828125e+02
-1.608012237548828125e+02
-1.608012237548828125e+02
-1.608012237548828125e+02
-1.608012237548828125e+02
-1.608012237548828125e+02
-1.608012237548828125e+02
-1.608012237548828125e+02
-1.608012237548828125e+02
-1.608012237548828125e+02
-1.608012237548828125e+02
-1.608012237548828125e+02
-1.608012237548828125e+02
-1.608012237548828125e+02
-1.608012237548828125e+02
-1.608012237548828125e+02
-1.608012237548828125e+02
-1.608012237548828125e+02
-1.608012237548828125e+02
-1.608012237548828125e+02
-1.608012237548828125e+02
-1.608012237548828125e+02
-1.608012237548828125e+02
-1.608012237548828125e+02
-1.608012237548828125e+02
-1.608012237548828125e+02
-1.608012237548828125e+02
-1.608012237548828125e+02
-1.608012237548828125e+02
-1.608012237548828125e+02
-1.608012237548828125e+02
-1.608012237548828125e+02
-1.608012237548828125e+02
-1.608012237548828125e+02
-1.608012237548828125e+02
-1.608012237548828125e+02
-1.608012237548828125e+02
-1.608012237548828125e+02
-1.608012237548828125e+02
-1.608012237548828125e+02
-1.608012237548828125e+02
-1.608012237548828125e+02
-1.608012237548828125e+02
-1.608012237548828125e+02
-1.608012237548828125e+02
-1.608012237548828125e+02
-1.608012237548828125e+02
-1.608012237548828125e+02
-1.608012237548828125e+02
-1.608012237548828125e+02
-1.608012237548828125e+02
-1.608012237548828125e+02
-1.608012237548828125e+02
-1.608012237548828125e+02
-1.608012237548828125e+02
-1.608012237548828125e+02
-1.608012237548828125e+02
-1.608012237548828125e+02
-1.608012237548828125e+02
-1.608012237548828125e+02
-1.608012237548828125e+02
-1.608012237548828125e+02
-1.608012237548828125e+02
-1.608012237548828125e+02
-1.608012237548828125e+02
-1.608012237548828125e+02
-1.608012237548828125e+02
-1.608012237548828125e+02
-1.608012237548828125e+02
-1.608012237548828125e+02
-1.608012237548828125e+02
-1.608012237548828125e+02
-1.608012237548828125e+02
-1.608012237548828125e+02
-1.608012237548828125e+02
-1.608012237548828125e+02
-1.608012237548828125e+02
-1.608012237548828125e+02
-1.608012237548828125e+02
-1.608012237548828125e+02
-1.608012237548828125e+02
-1.608012237548828125e+02
-1.608012237548828125e+02
-1.608012237548828125e+02
-1.613756408691406250e+02
-1.613756408691406250e+02
-1.613930816650390625e+02
-1.614018096923828125e+02
-1.614105224609375000e+02
-1.614192504882812500e+02
-1.614279632568359375e+02
-1.614366760253906250e+02
-1.614454040527343750e+02
-1.614541168212890625e+02
-1.614628295898437500e+02
-1.614715423583984375e+02
-1.614802398681640625e+02
-1.614889526367187500e+02
-1.614976654052734375e+02
-1.615063629150390625e+02
-1.615150604248046875e+02
-1.615237579345703125e+02
-1.615324554443359375e+02
-1.615411529541015625e+02
-1.615498504638671875e+02
-1.615585327148437500e+02
-1.615672149658203125e+02
-1.615758972167968750e+02
-1.615845794677734375e+02
-1.615932464599609375e+02
-1.616019134521484375e+02
-1.616105804443359375e+02
-1.616192474365234375e+02
-1.616278991699218750e+02
-1.616365509033203125e+02
-1.616452026367187500e+02
-1.616538391113281250e+02
-1.616624755859375000e+02
-1.616711120605468750e+02
-1.616797485351562500e+02
-1.616883697509765625e+02
-1.616969757080078125e+02
-1.617055969238281250e+02
-1.617142028808593750e+02
-1.617227935791015625e+02
-1.617313842773437500e+02
-1.617399749755859375e+02
-1.617485656738281250e+02
-1.617571411132812500e+02
-1.617657012939453125e+02
-1.617742614746093750e+02
-1.617828216552734375e+02
-1.617913665771484375e+02
-1.617998962402343750e+02
-1.618084411621093750e+02
-1.618169555664062500e+02
-1.618254699707031250e+02
-1.618339843750000000e+02
-1.618424835205078125e+02
-1.618509826660156250e+02
-1.618594665527343750e+02
-1.618679351806640625e+02
-1.618764038085937500e+02
-1.618848571777343750e+02
-1.618933105468750000e+02
-1.619017486572265625e+02
-1.619101867675781250e+02
-1.619186096191406250e+02
-1.619270172119140625e+02
-1.619354248046875000e+02
-1.619438171386718750e+02
-1.619521942138671875e+02
-1.619605712890625000e+02
-1.619689331054687500e+02
-1.619772949218750000e+02
-1.619856414794921875e+02
-1.619939880371093750e+02
-1.620023193359375000e+02
-1.620106353759765625e+02
-1.620189514160156250e+02
-1.620272521972656250e+02
-1.620355377197265625e+02
-1.620438232421875000e+02
-1.620520935058593750e+02
-1.620603637695312500e+02
-1.620686187744140625e+02
-1.620768737792968750e+02
-1.620851135253906250e+02
-1.620933380126953125e+02
-1.621015625000000000e+02
-1.621097717285156250e+02
-1.621179809570312500e+02
-1.621261749267578125e+02
-1.621343536376953125e+02
-1.621425323486328125e+02
-1.621507110595703125e+02
-1.621588592529296875e+02
-1.621670227050781250e+02
-1.621751556396484375e+02
-1.621832885742187500e+02
-1.621914215087890625e+02
-1.621995391845703125e+02
-1.622076416015625000e+02
-1.622157440185546875e+02
-1.622238311767578125e+02
-1.622319183349609375e+02
-1.622399902343750000e+02
-1.622480468750000000e+02
-1.622561035156250000e+02
-1.622641601562500000e+02
-1.622722015380859375e+02
-1.622802276611328125e+02
-1.622882537841796875e+02
-1.622962646484375000e+02
-1.623042602539062500e+02
-1.623122711181640625e+02
-1.623202514648437500e+02
-1.623282318115234375e+02
-1.623362121582031250e+02
-1.623441619873046875e+02
-1.623521270751953125e+02
-1.623600769042968750e+02
-1.623680114746093750e+02
-1.623759460449218750e+02
-1.623838653564453125e+02
-1.623917846679687500e+02
-1.623996887207031250e+02
-1.624075775146484375e+02
-1.624154663085937500e+02
-1.624233551025390625e+02
-1.624312286376953125e+02
-1.624390869140625000e+02
-1.624469451904296875e+02
-1.624548034667968750e+02
-1.624626312255859375e+02
-1.624704742431640625e+02
-1.624782867431640625e+02
-1.624861145019531250e+02
-1.624939117431640625e+02
-1.625017089843750000e+02
-1.625095062255859375e+02
-1.625172882080078125e+02
-1.625250701904296875e+02
-1.625328216552734375e+02
-1.625405883789062500e+02
-1.625483398437500000e+02
-1.625560760498046875e+02
-1.625638122558593750e+02
-1.625715332031250000e+02
-1.625792388916015625e+02
-1.625869445800781250e+02
-1.625946502685546875e+02
-1.626023406982421875e+02
-1.626100158691406250e+02
-1.626176910400390625e+02
-1.626253509521484375e+02
-1.626329956054687500e+02
-1.626406555175781250e+02
-1.626482849121093750e+02
-1.626559143066406250e+02
-1.626635284423828125e+02
-1.626711425781250000e+02
-1.626787414550781250e+02
-1.626863403320312500e+02
-1.626939239501953125e+02
-1.627014923095703125e+02
-1.627090606689453125e+02
-1.627166137695312500e+02
-1.627241668701171875e+02
-1.627317047119140625e+02
-1.627392272949218750e+02
-1.627467498779296875e+02
-1.627542572021484375e+02
-1.627617645263671875e+02
-1.627692565917968750e+02
-1.627767333984375000e+02
-1.627842102050781250e+02
-1.627916717529296875e+02
-1.627991333007812500e+02
-1.628065795898437500e+02
-1.628140258789062500e+02
-1.628214416503906250e+02
-1.628288726806640625e+02
-1.628362731933593750e+02
-1.628436737060546875e+02
-1.628510742187500000e+02
-1.628584442138671875e+02
-1.628658142089843750e+02
-1.628731842041015625e+02
-1.628805389404296875e+02
-1.628878784179687500e+02
-1.628952178955078125e+02
-1.629025421142578125e+02
-1.629098510742187500e+02
-1.629171600341796875e+02
-1.629244537353515625e+02
-1.629317474365234375e+02
-1.629390258789062500e+02
-1.629462890625000000e+02
-1.629535369873046875e+02
-1.629607849121093750e+02
-1.629680328369140625e+02
-1.629752502441406250e+02
-1.629824829101562500e+02
-1.629896850585937500e+02
-1.629968872070312500e+02
-1.629968872070312500e+02
-1.630112457275390625e+02
-1.630184173583984375e+02
-1.630255889892578125e+02
-1.630327301025390625e+02
-1.630398712158203125e+02
-1.630469970703125000e+02
-1.630541229248046875e+02
-1.630612335205078125e+02
-1.630683288574218750e+02
-1.630754241943359375e+02
-1.630825042724609375e+02
-1.630895690917968750e+02
-1.630966339111328125e+02
-1.631036834716796875e+02
-1.631107330322265625e+02
-1.631177520751953125e+02
-1.631247711181640625e+02
-1.631317901611328125e+02
-1.631387939453125000e+02
-1.631457824707031250e+02
-1.631527557373046875e+02
-1.631597290039062500e+02
-1.631666870117187500e+02
-1.631736297607421875e+02
-1.631805725097656250e+02
-1.631875000000000000e+02
-1.631944274902343750e+02
-1.632013244628906250e+02
-1.632082214355468750e+02
-1.632151184082031250e+02
-1.632219848632812500e+02
-1.632288513183593750e+02
-1.632357177734375000e+02
-1.632425689697265625e+02
-1.632494049072265625e+02
-1.632562255859375000e+02
-1.632630310058593750e+02
-1.632698364257812500e+02
-1.632766418457031250e+02
-1.632834167480468750e+02
-1.632901916503906250e+02
-1.632969512939453125e+02
-1.633037109375000000e+02
-1.633104553222656250e+02
-1.633171844482421875e+02
-1.633238983154296875e+02
-1.633306121826171875e+02
-1.633373107910156250e+02
-1.633439941406250000e+02
-1.633506774902343750e+02
-1.633573455810546875e+02
-1.633639984130859375e+02
-1.633706359863281250e+02
-1.633772735595703125e+02
-1.633838958740234375e+02
-1.633905181884765625e+02
-1.633971252441406250e+02
-1.634037170410156250e+02
-1.634102935791015625e+02
-1.634168701171875000e+02
-1.634234313964843750e+02
-1.634299774169921875e+02
-1.634365234375000000e+02
-1.634430541992187500e+02
-1.634495697021484375e+02
-1.634560852050781250e+02
-1.634625854492187500e+02
-1.634690704345703125e+02
-1.634755401611328125e+02
-1.634820098876953125e+02
-1.634884643554687500e+02
-1.634949188232421875e+02
-1.635013580322265625e+02
-1.635077819824218750e+02
-1.635141906738281250e+02
-1.635205993652343750e+02
-1.635269927978515625e+02
-1.635333862304687500e+02
-1.635397491455078125e+02
-1.635461273193359375e+02
-1.635524749755859375e+02
-1.635588226318359375e+02
-1.635651550292968750e+02
-1.635714721679687500e+02
-1.635777893066406250e+02
-1.635840911865234375e+02
-1.635903778076171875e+02
-1.635966644287109375e+02
-1.636029357910156250e+02
-1.636092071533203125e+02
-1.636154479980468750e+02
-1.636216888427734375e+02
-1.636279296875000000e+02
-1.636341400146484375e+02
-1.636403656005859375e+02
-1.636465606689453125e+02
-1.636527557373046875e+02
-1.636589355468750000e+02
-1.636651000976562500e+02
-1.636712646484375000e+02
-1.636774139404296875e+02
-1.636835632324218750e+02
-1.636896820068359375e+02
-1.636958007812500000e+02
-1.637019195556640625e+02
-1.637080230712890625e+02
-1.637141113281250000e+02
-1.637201843261718750e+02
-1.637262573242187500e+02
-1.637323303222656250e+02
-1.637383728027343750e+02
-1.637444152832031250e+02
-1.637504425048828125e+02
-1.637564697265625000e+02
-1.637624816894531250e+02
-1.637684783935546875e+02
-1.637744750976562500e+02
-1.637804412841796875e+02
-1.637864074707031250e+02
-1.637923736572265625e+02
-1.637983245849609375e+02
-1.638042602539062500e+02
-1.638101806640625000e+02
-1.638160858154296875e+02
-1.638219909667968750e+02
-1.638278808593750000e+02
-1.638337554931640625e+02
-1.638396301269531250e+02
-1.638454895019531250e+02
-1.638513336181640625e+02
-1.638571624755859375e+02
-1.638629760742187500e+02
-1.638687896728515625e+02
-1.638745727539062500e+02
-1.638803558349609375e+02
-1.638861389160156250e+02
-1.638918914794921875e+02
-1.638976287841796875e+02
-1.639033660888671875e+02
-1.639090881347656250e+02
-1.639147949218750000e+02
-1.639204864501953125e+02
-1.639261627197265625e+02
-1.639318389892578125e+02
-1.639374847412109375e+02
-1.639431304931640625e+02
-1.639487457275390625e+02
-1.639543609619140625e+02
-1.639599609375000000e+02
-1.639655456542968750e+02
-1.639711151123046875e+02
-1.639766693115234375e+02
-1.639822235107421875e+02
-1.639877471923828125e+02
-1.639932556152343750e+02
-1.639987640380859375e+02
-1.640042419433593750e+02
-1.640097198486328125e+02
-1.640151672363281250e+02
-1.640206146240234375e+02
-1.640260314941406250e+02
-1.640314483642578125e+02
-1.640368347167968750e+02
-1.640422210693359375e+02
-1.640475921630859375e+02
-1.640529327392578125e+02
-1.640582733154296875e+02
-1.640635833740234375e+02
-1.640688934326171875e+02
-1.640741729736328125e+02
-1.640794372558593750e+02
-1.640847015380859375e+02
-1.640899353027343750e+02
-1.640951538085937500e+02
-1.641003570556640625e+02
-1.641055450439453125e+02
-1.641107177734375000e+02
-1.641158905029296875e+02
-1.641210327148437500e+02
-1.641261596679687500e+02
-1.641312713623046875e+02
-1.641363830566406250e+02
-1.641414642333984375e+02
-1.641465454101562500e+02
-1.641516113281250000e+02
-1.641566619873046875e+02
-1.641616973876953125e+02
-1.641667327880859375e+02
-1.641717529296875000e+02
-1.641767578125000000e+02
-1.641817474365234375e+02
-1.641867370605468750e+02
-1.641917114257812500e+02
-1.641966705322265625e+02
-1.642016296386718750e+02
-1.642065734863281250e+02
-1.642115173339843750e+02
-1.642164459228515625e+02
-1.642213745117187500e+02
-1.642262878417968750e+02
-1.642312011718750000e+02
-1.642360992431640625e+02
-1.642409973144531250e+02
-1.642458801269531250e+02
-1.642507629394531250e+02
-1.642556304931640625e+02
-1.642605133056640625e+02
-1.642653656005859375e+02
-1.642702331542968750e+02
-1.642750854492187500e+02
-1.642799377441406250e+02
-1.642847900390625000e+02
-1.642896423339843750e+02
-1.642993164062500000e+02
-1.643041534423828125e+02
-1.643089904785156250e+02
-1.643089904785156250e+02
-1.643138275146484375e+02
-1.643186645507812500e+02
-1.643234863281250000e+02
-1.643283233642578125e+02
-1.643331451416015625e+02
-1.643379821777343750e+02
-1.643428039550781250e+02
-1.643476409912109375e+02
-1.643524780273437500e+02
-1.643572998046875000e+02
-1.643621368408203125e+02
-1.643669738769531250e+02
-1.643718109130859375e+02
-1.643766632080078125e+02
-1.643815002441406250e+02
-1.643863525390625000e+02
-1.643912048339843750e+02
-1.643960571289062500e+02
-1.644009246826171875e+02
-1.644057769775390625e+02
-1.644106445312500000e+02
-1.644155273437500000e+02
-1.644203948974609375e+02
-1.644252777099609375e+02
-1.644301605224609375e+02
-1.644350585937500000e+02
-1.644399414062500000e+02
-1.644448394775390625e+02
-1.644497375488281250e+02
-1.644546356201171875e+02
-1.644595489501953125e+02
-1.644644470214843750e+02
-1.644693603515625000e+02
-1.644742736816406250e+02
-1.644792022705078125e+02
-1.644841156005859375e+02
-1.644890441894531250e+02
-1.644939727783203125e+02
-1.644989013671875000e+02
-1.645038299560546875e+02
-1.645087585449218750e+02
-1.645137023925781250e+02
-1.645186462402343750e+02
-1.645235748291015625e+02
-1.645285186767578125e+02
-1.645334625244140625e+02
-1.645384216308593750e+02
-1.645433654785156250e+02
-1.645483093261718750e+02
-1.645532684326171875e+02
-1.645582275390625000e+02
-1.645631713867187500e+02
-1.645681304931640625e+02
-1.645730895996093750e+02
-1.645780487060546875e+02
-1.645830078125000000e+02
-1.645879669189453125e+02
-1.645929412841796875e+02
-1.645979003906250000e+02
-1.646028594970703125e+02
-1.646078186035156250e+02
-1.646127929687500000e+02
-1.646177520751953125e+02
-1.646227264404296875e+02
-1.646276855468750000e+02
-1.646326599121093750e+02
-1.646376190185546875e+02
-1.646425933837890625e+02
-1.646475524902343750e+02
-1.646525268554687500e+02
-1.646574859619140625e+02
-1.646624603271484375e+02
-1.646674194335937500e+02
-1.646723937988281250e+02
-1.646773529052734375e+02
-1.646823120117187500e+02
-1.646872863769531250e+02
-1.646922454833984375e+02
-1.646972045898437500e+02
-1.647021636962890625e+02
-1.647071228027343750e+02
-1.647170410156250000e+02
-1.647170410156250000e+02
-1.647220001220703125e+02
-1.647269592285156250e+02
-1.647319030761718750e+02
-1.647368621826171875e+02
-1.647418212890625000e+02
-1.647467651367187500e+02
-1.647517242431640625e+02
-1.647566680908203125e+02
-1.647616119384765625e+02
-1.647665557861328125e+02
-1.647715148925781250e+02
-1.647764587402343750e+02
-1.647814025878906250e+02
-1.647863464355468750e+02
-1.647912902832031250e+02
-1.647962341308593750e+02
-1.648011627197265625e+02
-1.648061065673828125e+02
-1.648110504150390625e+02
-1.648159942626953125e+02
-1.648209228515625000e+02
-1.648258666992187500e+02
-1.648308105468750000e+02
-1.648357391357421875e+02
-1.648406829833984375e+02
-1.648456115722656250e+02
-1.648505554199218750e+02
-1.648554840087890625e+02
-1.648604278564453125e+02
-1.648653564453125000e+02
-1.648702850341796875e+02
-1.648752288818359375e+02
-1.648801574707031250e+02
-1.648850860595703125e+02
-1.648900146484375000e+02
-1.648949584960937500e+02
-1.648998870849609375e+02
-1.649048156738281250e+02
-1.649097442626953125e+02
-1.649146728515625000e+02
-1.649196014404296875e+02
-1.649245452880859375e+02
-1.649294738769531250e+02
-1.649344024658203125e+02
-1.649393310546875000e+02
-1.649442596435546875e+02
-1.649491882324218750e+02
-1.649541168212890625e+02
-1.649590454101562500e+02
-1.649639892578125000e+02
-1.649689178466796875e+02
-1.649738464355468750e+02
-1.649787750244140625e+02
-1.649837036132812500e+02
-1.649886322021484375e+02
-1.649935607910156250e+02
-1.649985046386718750e+02
-1.650034332275390625e+02
-1.650083618164062500e+02
-1.650132904052734375e+02
-1.650182189941406250e+02
-1.650231628417968750e+02
-1.650280914306640625e+02
-1.650330200195312500e+02
-1.650379638671875000e+02
-1.650428924560546875e+02
-1.650478210449218750e+02
-1.650527648925781250e+02
-1.650576934814453125e+02
-1.650626373291015625e+02
-1.650675659179687500e+02
-1.650724945068359375e+02
-1.650774383544921875e+02
-1.650823669433593750e+02
-1.650873107910156250e+02
-1.650922393798828125e+02
-1.650971832275390625e+02
-1.651021118164062500e+02
-1.651070556640625000e+02
-1.651119995117187500e+02
-1.651169281005859375e+02
-1.651218719482421875e+02
-1.651268005371093750e+02
-1.651317443847656250e+02
-1.651366882324218750e+02
-1.651416168212890625e+02
-1.651465606689453125e+02
-1.651515045166015625e+02
-1.651564331054687500e+02
-1.651613769531250000e+02
-1.651663208007812500e+02
-1.651712493896484375e+02
-1.651761932373046875e+02
-1.651811370849609375e+02
-1.651860656738281250e+02
-1.651910095214843750e+02
-1.651959533691406250e+02
-1.652008819580078125e+02
-1.652058258056640625e+02
-1.652107696533203125e+02
-1.652157135009765625e+02
-1.652206420898437500e+02
-1.652255859375000000e+02
-1.652305297851562500e+02
-1.652354736328125000e+02
-1.652404022216796875e+02
-1.652453460693359375e+02
-1.652502899169921875e+02
-1.652552337646484375e+02
-1.652601623535156250e+02
-1.652651062011718750e+02
-1.652651062011718750e+02
-1.652749938964843750e+02
-1.652799377441406250e+02
-1.652848663330078125e+02
-1.652898101806640625e+02
-1.652947540283203125e+02
-1.652996978759765625e+02
-1.653046264648437500e+02
-1.653095703125000000e+02
-1.653145141601562500e+02
-1.653194580078125000e+02
-1.653243865966796875e+02
-1.653293304443359375e+02
-1.653342742919921875e+02
-1.653392028808593750e+02
-1.653441467285156250e+02
-1.653490905761718750e+02
-1.653540344238281250e+02
-1.653589630126953125e+02
-1.653639068603515625e+02
-1.653688507080078125e+02
-1.653737792968750000e+02
-1.653787231445312500e+02
-1.653836669921875000e+02
-1.653885955810546875e+02
-1.653935394287109375e+02
-1.654034118652343750e+02
-1.654034118652343750e+02
-1.654083557128906250e+02
-1.654132995605468750e+02
-1.654182281494140625e+02
-1.654231719970703125e+02
-1.654281158447265625e+02
-1.654330444335937500e+02
-1.654429321289062500e+02
-1.654429321289062500e+02
-1.654478607177734375e+02
-1.654528045654296875e+02
-1.654577331542968750e+02
-1.654626770019531250e+02
-1.654676208496093750e+02
-1.654725494384765625e+02
-1.654774932861328125e+02
-1.654824218750000000e+02
-1.654873657226562500e+02
-1.654923095703125000e+02
-1.654972381591796875e+02
-1.655021820068359375e+02
-1.655071258544921875e+02
-1.655120544433593750e+02
-1.655169982910156250e+02
-1.655219268798828125e+02
-1.655268707275390625e+02
-1.655317993164062500e+02
-1.655367431640625000e+02
-1.655416870117187500e+02
-1.655466156005859375e+02
-1.655515594482421875e+02
-1.655564880371093750e+02
-1.655614318847656250e+02
-1.655663757324218750e+02
-1.655713043212890625e+02
-1.655762481689453125e+02
-1.655811767578125000e+02
-1.655861206054687500e+02
-1.655910491943359375e+02
-1.655959930419921875e+02
-1.656009368896484375e+02
-1.656058654785156250e+02
-1.656108093261718750e+02
-1.656157379150390625e+02
-1.656206817626953125e+02
-1.656256103515625000e+02
-1.656305541992187500e+02
-1.656305541992187500e+02
-1.656305541992187500e+02
-1.656305541992187500e+02
-1.656305541992187500e+02
-1.656305541992187500e+02
-1.656305541992187500e+02
-1.656305541992187500e+02
-1.656305541992187500e+02
-1.656305541992187500e+02
-1.656305541992187500e+02
-1.656305541992187500e+02
-1.656305541992187500e+02
-1.656305541992187500e+02
-1.656305541992187500e+02
-1.656305541992187500e+02
-1.656305541992187500e+02
-1.656305541992187500e+02
-1.656305541992187500e+02
-1.656305541992187500e+02
-1.656305541992187500e+02
-1.656305541992187500e+02
-1.656305541992187500e+02
-1.656305541992187500e+02
-1.656305541992187500e+02
-1.656305541992187500e+02
-1.656305541992187500e+02
-1.656305541992187500e+02
-1.656305541992187500e+02
-1.656305541992187500e+02
-1.656305541992187500e+02
-1.656305541992187500e+02
-1.656305541992187500e+02
-1.656305541992187500e+02
-1.656305541992187500e+02
-1.656305541992187500e+02
-1.656305541992187500e+02
-1.656305541992187500e+02
-1.656305541992187500e+02
-1.656305541992187500e+02
-1.656305541992187500e+02
-1.656305541992187500e+02
-1.656305541992187500e+02
-1.656305541992187500e+02
-1.656305541992187500e+02
-1.656305541992187500e+02
-1.656305541992187500e+02
-1.656305541992187500e+02
-1.656305541992187500e+02
-1.656305541992187500e+02
-1.656305541992187500e+02
-1.656305541992187500e+02
-1.656305541992187500e+02
-1.656305541992187500e+02
-1.656305541992187500e+02
-1.656305541992187500e+02
-1.656305541992187500e+02
-1.656305541992187500e+02
-1.656305541992187500e+02
-1.656305541992187500e+02
-1.656305541992187500e+02
-1.656305541992187500e+02
-1.656305541992187500e+02
-1.656305541992187500e+02
-1.656305541992187500e+02
-1.656305541992187500e+02
-1.656305541992187500e+02
-1.656305541992187500e+02
-1.656305541992187500e+02
-1.656305541992187500e+02
-1.656305541992187500e+02
-1.656305541992187500e+02
-1.656305541992187500e+02
-1.656305541992187500e+02
-1.656305541992187500e+02
-1.656305541992187500e+02
-1.656305541992187500e+02
-1.656305541992187500e+02
-1.656305541992187500e+02
-1.656305541992187500e+02
-1.656305541992187500e+02
-1.656305541992187500e+02
-1.656305541992187500e+02
-1.656305541992187500e+02
-1.656305541992187500e+02
-1.656305541992187500e+02
-1.656305541992187500e+02
-1.656305541992187500e+02
-1.656305541992187500e+02
-1.656305541992187500e+02
-1.656305541992187500e+02
-1.656305541992187500e+02
-1.656305541992187500e+02
-1.656305541992187500e+02
-1.656305541992187500e+02
-1.656305541992187500e+02
-1.656305541992187500e+02
-1.656305541992187500e+02
-1.656305541992187500e+02
-1.656305541992187500e+02
-1.656305541992187500e+02
-1.656305541992187500e+02
-1.656305541992187500e+02
-1.656305541992187500e+02
-1.656305541992187500e+02
-1.656305541992187500e+02
-1.656305541992187500e+02
-1.656305541992187500e+02
-1.656305541992187500e+02
-1.656305541992187500e+02
-1.656305541992187500e+02
-1.656305541992187500e+02
-1.656305541992187500e+02
-1.656305541992187500e+02
-1.656305541992187500e+02
-1.656305541992187500e+02
-1.656305541992187500e+02
-1.656305541992187500e+02
-1.656305541992187500e+02
-1.656305541992187500e+02
-1.656305541992187500e+02
-1.656305541992187500e+02
-1.656305541992187500e+02
-1.656305541992187500e+02
-1.656305541992187500e+02
-1.656305541992187500e+02
-1.656305541992187500e+02
-1.656305541992187500e+02
-1.656305541992187500e+02
-1.656305541992187500e+02
-1.656305541992187500e+02
-1.656305541992187500e+02
-1.656305541992187500e+02
-1.656305541992187500e+02
-1.656305541992187500e+02
-1.656305541992187500e+02
-1.656305541992187500e+02
-1.656305541992187500e+02
-1.656305541992187500e+02
-1.656305541992187500e+02
-1.656305541992187500e+02
-1.656305541992187500e+02
-1.656305541992187500e+02
-1.656305541992187500e+02
-1.656305541992187500e+02
-1.656305541992187500e+02
-1.656305541992187500e+02
-1.656305541992187500e+02
-1.656305541992187500e+02
-1.656305541992187500e+02
-1.656305541992187500e+02
-1.656305541992187500e+02
-1.656305541992187500e+02
-1.656305541992187500e+02
-1.656305541992187500e+02
-1.656305541992187500e+02
-1.656305541992187500e+02
-1.656305541992187500e+02
-1.656305541992187500e+02
-1.656305541992187500e+02
-1.656305541992187500e+02
-1.656305541992187500e+02
-1.656305541992187500e+02
-1.656305541992187500e+02
-1.656305541992187500e+02
-1.656305541992187500e+02
-1.656305541992187500e+02
-1.656305541992187500e+02
-1.656305541992187500e+02
-1.656305541992187500e+02
-1.656305541992187500e+02
-1.656305541992187500e+02
-1.656305541992187500e+02
-1.656305541992187500e+02
-1.656305541992187500e+02
-1.656305541992187500e+02
-1.656305541992187500e+02
-1.656305541992187500e+02
-1.656305541992187500e+02
-1.656305541992187500e+02
-1.656305541992187500e+02
-1.656305541992187500e+02
-1.656305541992187500e+02
-1.656305541992187500e+02
-1.656305541992187500e+02
-1.656305541992187500e+02
-1.656305541992187500e+02
-1.656305541992187500e+02
-1.656305541992187500e+02
-1.656305541992187500e+02
-1.656305541992187500e+02
-1.656305541992187500e+02
-1.656305541992187500e+02
-1.656305541992187500e+02
-1.656305541992187500e+02
-1.656305541992187500e+02
-1.656305541992187500e+02
-1.656305541992187500e+02
-1.656305541992187500e+02
-1.656305541992187500e+02
-1.656305541992187500e+02
-1.656305541992187500e+02
-1.656305541992187500e+02
-1.656305541992187500e+02
-1.656305541992187500e+02
-1.656305541992187500e+02
-1.656305541992187500e+02
-1.656305541992187500e+02
-1.656305541992187500e+02
-1.656305541992187500e+02
-1.656305541992187500e+02
-1.656305541992187500e+02
-1.656305541992187500e+02
-1.656305541992187500e+02
-1.656305541992187500e+02
-1.656305541992187500e+02
-1.656305541992187500e+02
-1.656305541992187500e+02
-1.656305541992187500e+02
-1.656305541992187500e+02
-1.656305541992187500e+02
-1.656305541992187500e+02
-1.656305541992187500e+02
-1.656305541992187500e+02
-1.656305541992187500e+02
-1.656305541992187500e+02
-1.656305541992187500e+02
-1.656305541992187500e+02
-1.656305541992187500e+02
-1.656305541992187500e+02
-1.656305541992187500e+02
-1.656305541992187500e+02
-1.656305541992187500e+02
-1.656305541992187500e+02
-1.656305541992187500e+02
-1.656305541992187500e+02
-1.656305541992187500e+02
-1.656305541992187500e+02
-1.656305541992187500e+02
-1.656305541992187500e+02
-1.656305541992187500e+02
-1.656305541992187500e+02
-1.656305541992187500e+02
-1.656305541992187500e+02
-1.656305541992187500e+02
-1.656305541992187500e+02
-1.656305541992187500e+02
-1.656305541992187500e+02
-1.656305541992187500e+02
-1.656305541992187500e+02
-1.656305541992187500e+02
-1.656305541992187500e+02
-1.656305541992187500e+02
-1.656305541992187500e+02
-1.656305541992187500e+02
-1.656305541992187500e+02
-1.656305541992187500e+02
-1.656305541992187500e+02
-1.656305541992187500e+02
-1.656305541992187500e+02
-1.656305541992187500e+02
-1.656305541992187500e+02
-1.656305541992187500e+02
-1.656305541992187500e+02
-1.656305541992187500e+02
-1.656305541992187500e+02
-1.656305541992187500e+02
-1.656305541992187500e+02
-1.656305541992187500e+02
-1.656305541992187500e+02
-1.656305541992187500e+02
-1.656305541992187500e+02
-1.656305541992187500e+02
-1.656305541992187500e+02
-1.656305541992187500e+02
-1.656305541992187500e+02
-1.656305541992187500e+02
-1.656305541992187500e+02
-1.656305541992187500e+02
-1.656305541992187500e+02
-1.656305541992187500e+02
-1.656305541992187500e+02
-1.656305541992187500e+02
-1.656305541992187500e+02
-1.656305541992187500e+02
-1.656305541992187500e+02
-1.656305541992187500e+02
-1.656305541992187500e+02
-1.656305541992187500e+02
-1.656305541992187500e+02
-1.656305541992187500e+02
-1.656305541992187500e+02
-1.656305541992187500e+02
-1.656305541992187500e+02
-1.656305541992187500e+02
-1.656305541992187500e+02
-1.656305541992187500e+02
-1.656305541992187500e+02
-1.656305541992187500e+02
-1.656305541992187500e+02
-1.656305541992187500e+02
-1.656305541992187500e+02
-1.656305541992187500e+02
-1.656305541992187500e+02
-1.656305541992187500e+02
-1.656305541992187500e+02
-1.656305541992187500e+02
-1.656305541992187500e+02
-1.656305541992187500e+02
-1.656305541992187500e+02
-1.656305541992187500e+02
-1.656305541992187500e+02
-1.656305541992187500e+02
-1.656305541992187500e+02
-1.656305541992187500e+02
-1.656305541992187500e+02
-1.656305541992187500e+02
-1.656305541992187500e+02
-1.656305541992187500e+02
-1.656305541992187500e+02
-1.656305541992187500e+02
-1.656305541992187500e+02
-1.656305541992187500e+02
-1.656305541992187500e+02
-1.656305541992187500e+02
-1.656305541992187500e+02
-1.656305541992187500e+02
-1.656305541992187500e+02
-1.656305541992187500e+02
-1.656305541992187500e+02
-1.656305541992187500e+02
-1.656305541992187500e+02
-1.656305541992187500e+02
-1.656305541992187500e+02
-1.656305541992187500e+02
-1.656305541992187500e+02
-1.656305541992187500e+02
-1.656305541992187500e+02
-1.656305541992187500e+02
-1.656305541992187500e+02
-1.656305541992187500e+02
-1.656305541992187500e+02
-1.656305541992187500e+02
-1.656305541992187500e+02
-1.656305541992187500e+02
-1.656305541992187500e+02
-1.656305541992187500e+02
-1.656305541992187500e+02
-1.656305541992187500e+02
-1.656305541992187500e+02
-1.656305541992187500e+02
-1.656305541992187500e+02
-1.656305541992187500e+02
-1.656305541992187500e+02
-1.656305541992187500e+02
-1.656305541992187500e+02
-1.656305541992187500e+02
-1.656305541992187500e+02
-1.656305541992187500e+02
-1.656305541992187500e+02
-1.656305541992187500e+02
-1.656305541992187500e+02
-1.656305541992187500e+02
-1.656305541992187500e+02
-1.656305541992187500e+02
-1.656305541992187500e+02
-1.656305541992187500e+02
-1.656305541992187500e+02
-1.656305541992187500e+02
-1.656305541992187500e+02
-1.656305541992187500e+02
-1.656305541992187500e+02
-1.656305541992187500e+02
-1.656305541992187500e+02
-1.656305541992187500e+02
-1.656305541992187500e+02
-1.656305541992187500e+02
-1.656305541992187500e+02
-1.656305541992187500e+02
-1.656305541992187500e+02
-1.656305541992187500e+02
-1.656305541992187500e+02
-1.656305541992187500e+02
-1.656305541992187500e+02
-1.656305541992187500e+02
-1.656305541992187500e+02
-1.656305541992187500e+02
-1.656305541992187500e+02
-1.656305541992187500e+02
-1.656305541992187500e+02
-1.656305541992187500e+02
-1.656305541992187500e+02
-1.656305541992187500e+02
-1.656305541992187500e+02
-1.656305541992187500e+02
-1.656305541992187500e+02
-1.656305541992187500e+02
-1.656305541992187500e+02
-1.656305541992187500e+02
-1.656305541992187500e+02
-1.656305541992187500e+02
-1.656305541992187500e+02
-1.656305541992187500e+02
-1.656305541992187500e+02
-1.656305541992187500e+02
-1.656305541992187500e+02
-1.656305541992187500e+02
-1.656305541992187500e+02
-1.656305541992187500e+02
-1.656305541992187500e+02
-1.656305541992187500e+02
-1.656305541992187500e+02
-1.656305541992187500e+02
-1.656305541992187500e+02
-1.656305541992187500e+02
-1.656305541992187500e+02
-1.656305541992187500e+02
-1.656305541992187500e+02
-1.656305541992187500e+02
-1.656305541992187500e+02
-1.656305541992187500e+02
-1.656305541992187500e+02
-1.656305541992187500e+02
-1.656305541992187500e+02
-1.656305541992187500e+02
-1.656305541992187500e+02
-1.656305541992187500e+02
-1.656305541992187500e+02
-1.656305541992187500e+02
-1.656305541992187500e+02
-1.656305541992187500e+02
-1.656305541992187500e+02
-1.656305541992187500e+02
-1.656305541992187500e+02
-1.656305541992187500e+02
-1.656305541992187500e+02
-1.656305541992187500e+02
-1.656305541992187500e+02
-1.656305541992187500e+02
-1.656305541992187500e+02
-1.656305541992187500e+02
-1.656305541992187500e+02
-1.656305541992187500e+02
-1.656305541992187500e+02
-1.656305541992187500e+02
-1.656305541992187500e+02
-1.656305541992187500e+02
-1.656305541992187500e+02
-1.656305541992187500e+02
-1.656305541992187500e+02
-1.656305541992187500e+02
-1.656305541992187500e+02
-1.656305541992187500e+02
-1.656305541992187500e+02
-1.656305541992187500e+02
-1.656305541992187500e+02
-1.656305541992187500e+02
-1.656305541992187500e+02
-1.656305541992187500e+02
-1.656305541992187500e+02
-1.656305541992187500e+02
-1.656305541992187500e+02
-1.656305541992187500e+02
-1.656305541992187500e+02
-1.656305541992187500e+02
-1.656305541992187500e+02
-1.656305541992187500e+02
-1.656305541992187500e+02
-1.656305541992187500e+02
-1.656305541992187500e+02
-1.656305541992187500e+02
-1.656305541992187500e+02
-1.656305541992187500e+02
-1.656305541992187500e+02
-1.656305541992187500e+02
-1.656305541992187500e+02
-1.656305541992187500e+02
-1.656305541992187500e+02
-1.656305541992187500e+02
-1.656305541992187500e+02
-1.656305541992187500e+02
-1.656305541992187500e+02
-1.656305541992187500e+02
-1.656305541992187500e+02
-1.656305541992187500e+02
-1.656305541992187500e+02
-1.656305541992187500e+02
-1.656305541992187500e+02
-1.656305541992187500e+02
-1.656305541992187500e+02
-1.656305541992187500e+02
-1.656305541992187500e+02
-1.656305541992187500e+02
-1.656305541992187500e+02
-1.656305541992187500e+02
-1.656305541992187500e+02
-1.656305541992187500e+02
-1.656305541992187500e+02
-1.656305541992187500e+02
-1.656305541992187500e+02
-1.656305541992187500e+02
-1.656305541992187500e+02
-1.656305541992187500e+02
-1.656305541992187500e+02
-1.656305541992187500e+02
-1.656305541992187500e+02
-1.656305541992187500e+02
-1.656305541992187500e+02
-1.656305541992187500e+02
-1.656305541992187500e+02
-1.656305541992187500e+02
-1.656305541992187500e+02
-1.656305541992187500e+02
-1.656305541992187500e+02
-1.656305541992187500e+02
-1.656305541992187500e+02
-1.656305541992187500e+02
-1.656305541992187500e+02
-1.656305541992187500e+02
-1.656305541992187500e+02
-1.656305541992187500e+02
-1.656305541992187500e+02
-1.656305541992187500e+02
-1.656305541992187500e+02
-1.656305541992187500e+02
-1.656305541992187500e+02
-1.656305541992187500e+02
-1.656305541992187500e+02
-1.656305541992187500e+02
-1.656305541992187500e+02
-1.656305541992187500e+02
-1.656305541992187500e+02
-1.656305541992187500e+02
-1.656305541992187500e+02
-1.656305541992187500e+02
-1.656305541992187500e+02
-1.656305541992187500e+02
-1.656305541992187500e+02
-1.656305541992187500e+02
-1.656305541992187500e+02
-1.656305541992187500e+02
-1.656305541992187500e+02
-1.656305541992187500e+02
-1.656305541992187500e+02
-1.656305541992187500e+02
-1.656305541992187500e+02
-1.656305541992187500e+02
-1.656305541992187500e+02
-1.656305541992187500e+02
-1.656305541992187500e+02
-1.656305541992187500e+02
-1.656305541992187500e+02
-1.656305541992187500e+02
-1.656305541992187500e+02
-1.656305541992187500e+02
-1.656305541992187500e+02
-1.656305541992187500e+02
-1.656305541992187500e+02
-1.656305541992187500e+02
-1.656305541992187500e+02
-1.656305541992187500e+02
-1.656305541992187500e+02
-1.656305541992187500e+02
-1.656305541992187500e+02
-1.656305541992187500e+02
-1.656305541992187500e+02
-1.656305541992187500e+02
-1.656305541992187500e+02
-1.656305541992187500e+02
-1.656305541992187500e+02
-1.656305541992187500e+02
-1.656305541992187500e+02
-1.656305541992187500e+02
-1.656305541992187500e+02
-1.656305541992187500e+02
-1.656305541992187500e+02
-1.656305541992187500e+02
-1.656305541992187500e+02
-1.656305541992187500e+02
-1.656305541992187500e+02
-1.656305541992187500e+02
-1.656305541992187500e+02
-1.656305541992187500e+02
-1.656305541992187500e+02
-1.656305541992187500e+02
-1.656305541992187500e+02
-1.656305541992187500e+02
-1.656305541992187500e+02
-1.656305541992187500e+02
-1.658920745849609375e+02
-1.658970184326171875e+02
-1.659019622802734375e+02
-1.659068908691406250e+02
-1.659118347167968750e+02
-1.659167633056640625e+02
-1.659217071533203125e+02
-1.659266357421875000e+02
-1.659315795898437500e+02
-1.659365234375000000e+02
-1.659414520263671875e+02
-1.659463958740234375e+02
-1.659513244628906250e+02
-1.659611968994140625e+02
-1.659611968994140625e+02
-1.659661407470703125e+02
-1.659710693359375000e+02
-1.659760131835937500e+02
-1.659809570312500000e+02
-1.659858856201171875e+02
-1.659908294677734375e+02
-1.659957580566406250e+02
-1.660007019042968750e+02
-1.660056304931640625e+02
-1.660105743408203125e+02
-1.660155181884765625e+02
-1.660204467773437500e+02
-1.660253906250000000e+02
-1.660303192138671875e+02
-1.660352630615234375e+02
-1.660401916503906250e+02
-1.660451354980468750e+02
-1.660500793457031250e+02
-1.660550079345703125e+02
-1.660599517822265625e+02
-1.660648803710937500e+02
-1.660698242187500000e+02
-1.660747528076171875e+02
-1.660796966552734375e+02
-1.660846405029296875e+02
-1.660895690917968750e+02
-1.660945129394531250e+02
-1.660994415283203125e+02
-1.661043853759765625e+02
-1.661093139648437500e+02
-1.661142578125000000e+02
-1.661192016601562500e+02
-1.661241302490234375e+02
-1.661290740966796875e+02
-1.661340026855468750e+02
-1.661389465332031250e+02
-1.661438903808593750e+02
-1.661488189697265625e+02
-1.661537628173828125e+02
-1.661586914062500000e+02
-1.661636352539062500e+02
-1.661685638427734375e+02
-1.661735076904296875e+02
-1.661784515380859375e+02
-1.661833801269531250e+02
-1.661883239746093750e+02
-1.661932525634765625e+02
-1.661981964111328125e+02
-1.662031250000000000e+02
-1.662080688476562500e+02
-1.662130126953125000e+02
-1.662179412841796875e+02
-1.662228851318359375e+02
-1.662278137207031250e+02
-1.662327575683593750e+02
-1.662376861572265625e+02
-1.662426300048828125e+02
-1.662475738525390625e+02
-1.662525024414062500e+02
-1.662574462890625000e+02
-1.662623748779296875e+02
-1.662673187255859375e+02
-1.662722625732421875e+02
-1.662771911621093750e+02
-1.662821350097656250e+02
-1.662870635986328125e+02
-1.662920074462890625e+02
-1.662969360351562500e+02
-1.663018798828125000e+02
-1.663068084716796875e+02
-1.663117523193359375e+02
-1.663166961669921875e+02
-1.663216247558593750e+02
-1.663265686035156250e+02
-1.663314971923828125e+02
-1.663364410400390625e+02
-1.663413696289062500e+02
-1.663463134765625000e+02
-1.663512420654296875e+02
-1.663561859130859375e+02
-1.663611297607421875e+02
-1.663660583496093750e+02
-1.663710021972656250e+02
-1.663759307861328125e+02
-1.663808746337890625e+02
-1.663858032226562500e+02
-1.663907470703125000e+02
-1.663956756591796875e+02
-1.664006195068359375e+02
-1.664055480957031250e+02
-1.664104919433593750e+02
-1.664154205322265625e+02
-1.664203643798828125e+02
-1.664253082275390625e+02
-1.664302368164062500e+02
-1.664351806640625000e+02
-1.664401092529296875e+02
-1.664450531005859375e+02
-1.664499816894531250e+02
-1.664549255371093750e+02
-1.664598541259765625e+02
-1.664647979736328125e+02
-1.664697265625000000e+02
-1.664746704101562500e+02
-1.664795989990234375e+02
-1.664845428466796875e+02
-1.664894866943359375e+02
-1.664944152832031250e+02
-1.664993591308593750e+02
-1.665042877197265625e+02
-1.665092315673828125e+02
-1.665141601562500000e+02
-1.665191040039062500e+02
-1.665240325927734375e+02
-1.665289764404296875e+02
-1.665339202880859375e+02
-1.665388488769531250e+02
-1.665437927246093750e+02
-1.665487213134765625e+02
-1.665536651611328125e+02
-1.665586090087890625e+02
-1.665635375976562500e+02
-1.665684814453125000e+02
-1.665734100341796875e+02
-1.665783538818359375e+02
-1.665832977294921875e+02
-1.665882263183593750e+02
-1.665931701660156250e+02
-1.665981140136718750e+02
-1.666030426025390625e+02
-1.666079864501953125e+02
-1.666129150390625000e+02
-1.666178588867187500e+02
-1.666228027343750000e+02
-1.666277313232421875e+02
-1.666326751708984375e+02
-1.666376190185546875e+02
-1.666425628662109375e+02
-1.666474914550781250e+02
-1.666524353027343750e+02
-1.666573791503906250e+02
-1.666623077392578125e+02
-1.666672515869140625e+02
-1.666721954345703125e+02
-1.666771240234375000e+02
-1.666820678710937500e+02
-1.666870117187500000e+02
-1.666919555664062500e+02
-1.666968841552734375e+02
-1.667018280029296875e+02
-1.667067718505859375e+02
-1.667117004394531250e+02
-1.667166442871093750e+02
-1.667215881347656250e+02
-1.667265167236328125e+02
-1.667314605712890625e+02
-1.667364044189453125e+02
-1.667413330078125000e+02
-1.667462768554687500e+02
-1.667512207031250000e+02
-1.667561492919921875e+02
-1.667610931396484375e+02
-1.667660217285156250e+02
-1.667709655761718750e+02
-1.667758941650390625e+02
-1.667808380126953125e+02
-1.667857818603515625e+02
-1.667907104492187500e+02
-1.667956542968750000e+02
-1.668005828857421875e+02
-1.668055267333984375e+02
-1.668104553222656250e+02
-1.668153839111328125e+02
-1.668203277587890625e+02
-1.668252563476562500e+02
-1.668302001953125000e+02
-1.668351287841796875e+02
-1.668400573730468750e+02
-1.668450012207031250e+02
-1.668499298095703125e+02
-1.668548583984375000e+02
-1.668597869873046875e+02
-1.668647308349609375e+02
-1.668696594238281250e+02
-1.668745880126953125e+02
-1.668795166015625000e+02
-1.668844451904296875e+02
-1.668893737792968750e+02
-1.668943023681640625e+02
-1.668992309570312500e+02
-1.669041748046875000e+02
-1.669091033935546875e+02
-1.669140319824218750e+02
-1.669189605712890625e+02
-1.669238891601562500e+02
-1.669288177490234375e+02
-1.669337463378906250e+02
-1.669386749267578125e+02
-1.669436035156250000e+02
-1.669485321044921875e+02
-1.669534606933593750e+02
-1.669583892822265625e+02
-1.669633331298828125e+02
-1.669682617187500000e+02
-1.669731903076171875e+02
-1.669781188964843750e+02
-1.669830627441406250e+02
-1.669879913330078125e+02
-1.669929199218750000e+02
