-1.750196453554638509e+01
-1.750196453554638509e+01
-1.750196453554638509e+01
-1.750196453554638509e+01
-1.750196453554638509e+01
-1.750196453554638509e+01
-1.750196453554638509e+01
-1.750196453554638509e+01
-1.750196453554638509e+01
-1.750196453554638509e+01
-1.750196453554638509e+01
-1.750196453554638509e+01
-1.750196453554638509e+01
-1.750196453554638509e+01
-1.750196453554638509e+01
-1.750196453554638509e+01
-1.750196453554638509e+01
-1.750196453554638509e+01
-1.750196453554638509e+01
-1.750196453554638509e+01
-1.750196453554638509e+01
-1.750196453554638509e+01
-1.750196453554638509e+01
-1.750196453554638509e+01
-1.750196453554638509e+01
-1.750196453554638509e+01
-1.750196453554638509e+01
-1.750196453554638509e+01
-1.750196453554638509e+01
-1.750196453554638509e+01
-1.750196453554638509e+01
-1.750196453554638509e+01
-1.750196453554638509e+01
-1.750196453554638509e+01
-1.750196453554638509e+01
-1.750196453554638509e+01
-1.750196453554638509e+01
-1.750196453554638509e+01
-1.750196453554638509e+01
-1.750196453554638509e+01
-1.750196453554638509e+01
-1.750196453554638509e+01
-1.750196453554638509e+01
-1.750196453554638509e+01
-1.750196453554638509e+01
-1.750196453554638509e+01
-1.750196453554638509e+01
-1.750196453554638509e+01
-1.750196453554638509e+01
-1.750196453554638509e+01
-1.750196453554638509e+01
-1.750196453554638509e+01
-1.750196453554638509e+01
-1.750196453554638509e+01
-1.750196453554638509e+01
-1.750196453554638509e+01
-1.750196453554638509e+01
-1.750196453554638509e+01
-1.750196453554638509e+01
-1.750196453554638509e+01
-1.750196453554638509e+01
-1.750196453554638509e+01
-1.750196453554638509e+01
-1.750196453554638509e+01
-1.750196453554638509e+01
-1.750196453554638509e+01
-1.750196453554638509e+01
-1.750196453554638509e+01
-1.750196453554638509e+01
-1.750196453554638509e+01
-1.750196453554638509e+01
-1.750196453554638509e+01
-1.750196453554638509e+01
-1.750196453554638509e+01
-1.750196453554638509e+01
-1.750196453554638509e+01
-1.750196453554638509e+01
-1.750196453554638509e+01
-1.750196453554638509e+01
-1.750196453554638509e+01
-1.750196453554638509e+01
-1.750196453554638509e+01
-1.750196453554638509e+01
-1.750196453554638509e+01
-1.750196453554638509e+01
-1.750196453554638509e+01
-1.750196453554638509e+01
-1.750196453554638509e+01
-1.750196453554638509e+01
-1.750196453554638509e+01
-1.750196453554638509e+01
-1.750196453554638509e+01
-1.750196453554638509e+01
-1.750196453554638509e+01
-1.750196453554638509e+01
-1.750196453554638509e+01
-1.750196453554638509e+01
-1.750196453554638509e+01
-1.750196453554638509e+01
-1.750196453554638509e+01
-1.750196453554638509e+01
-1.750196453554638509e+01
-1.750196453554638509e+01
-1.750196453554638509e+01
-1.750196453554638509e+01
-1.750196453554638509e+01
-1.750196453554638509e+01
-1.750196453554638509e+01
-1.750196453554638509e+01
-1.750196453554638509e+01
-1.750196453554638509e+01
-1.750196453554638509e+01
-1.750196453554638509e+01
-1.750196453554638509e+01
-1.750196453554638509e+01
-1.750196453554638509e+01
-1.750196453554638509e+01
-1.750196453554638509e+01
-1.750196453554638509e+01
-1.750196453554638509e+01
-1.750196453554638509e+01
-1.750196453554638509e+01
-1.750196453554638509e+01
-1.750196453554638509e+01
-1.750196453554638509e+01
-1.750196453554638509e+01
-1.750196453554638509e+01
-1.750196453554638509e+01
-1.750196453554638509e+01
-1.750196453554638509e+01
-1.750196453554638509e+01
-1.750196453554638509e+01
-1.750196453554638509e+01
-1.750196453554638509e+01
-1.750196453554638509e+01
-1.750196453554638509e+01
-1.750196453554638509e+01
-1.750196453554638509e+01
-1.750196453554638509e+01
-1.750196453554638509e+01
-1.750196453554638509e+01
-1.750196453554638509e+01
-1.750196453554638509e+01
-1.750196453554638509e+01
-1.750196453554638509e+01
-1.750196453554638509e+01
-1.750196453554638509e+01
-1.750196453554638509e+01
-1.750196453554638509e+01
-1.750196453554638509e+01
-1.750196453554638509e+01
-1.750196453554638509e+01
-1.750196453554638509e+01
-1.750196453554638509e+01
-1.750196453554638509e+01
-1.750196453554638509e+01
-1.750196453554638509e+01
-1.750196453554638509e+01
-1.750196453554638509e+01
-1.750196453554638509e+01
-1.750196453554638509e+01
-1.750196453554638509e+01
-1.750196453554638509e+01
-1.750196453554638509e+01
-1.750196453554638509e+01
-1.750196453554638509e+01
-1.750196453554638509e+01
-1.750196453554638509e+01
-1.750196453554638509e+01
-1.750196453554638509e+01
-1.750196453554638509e+01
-1.750196453554638509e+01
-1.750196453554638509e+01
-1.750196453554638509e+01
-1.750196453554638509e+01
-1.750196453554638509e+01
-1.750196453554638509e+01
-1.750196453554638509e+01
-1.750196453554638509e+01
-1.750196453554638509e+01
-1.750196453554638509e+01
-1.750196453554638509e+01
-1.750196453554638509e+01
-1.750196453554638509e+01
-1.750196453554638509e+01
-1.750196453554638509e+01
-1.750196453554638509e+01
-1.750196453554638509e+01
-1.750196453554638509e+01
-1.750196453554638509e+01
-1.750196453554638509e+01
-1.750196453554638509e+01
-1.750196453554638509e+01
-1.750196453554638509e+01
-1.750196453554638509e+01
-1.750196453554638509e+01
-1.750196453554638509e+01
-1.750196453554638509e+01
-1.750196453554638509e+01
-1.750196453554638509e+01
-1.750196453554638509e+01
-1.750196453554638509e+01
-1.750196453554638509e+01
-1.750196453554638509e+01
-1.750196453554638509e+01
-1.750196453554638509e+01
-1.750196453554638509e+01
-1.750196453554638509e+01
-1.750196453554638509e+01
-1.750196453554638509e+01
-1.750196453554638509e+01
-1.750196453554638509e+01
-1.750196453554638509e+01
-1.750196453554638509e+01
-1.750196453554638509e+01
-1.750196453554638509e+01
-1.750196453554638509e+01
-1.750196453554638509e+01
-1.750196453554638509e+01
-1.750196453554638509e+01
-1.750196453554638509e+01
-1.750196453554638509e+01
-1.750196453554638509e+01
-1.750196453554638509e+01
-1.750196453554638509e+01
-1.750196453554638509e+01
-1.750196453554638509e+01
-1.750196453554638509e+01
-1.750196453554638509e+01
-1.750196453554638509e+01
-1.750196453554638509e+01
-1.750196453554638509e+01
-1.750196453554638509e+01
-1.750196453554638509e+01
-1.750196453554638509e+01
-1.750196453554638509e+01
-1.750196453554638509e+01
-1.750196453554638509e+01
-1.750196453554638509e+01
-1.750196453554638509e+01
-1.750196453554638509e+01
-1.750196453554638509e+01
-1.750196453554638509e+01
-1.750196453554638509e+01
-1.750196453554638509e+01
-1.750196453554638509e+01
-1.750196453554638509e+01
-1.750196453554638509e+01
-1.750196453554638509e+01
-1.750196453554638509e+01
-1.750196453554638509e+01
-1.750196453554638509e+01
-1.750196453554638509e+01
-1.750196453554638509e+01
-1.750196453554638509e+01
-1.750196453554638509e+01
-1.750196453554638509e+01
-1.750196453554638509e+01
-1.750196453554638509e+01
-1.750196453554638509e+01
-1.750196453554638509e+01
-1.750196453554638509e+01
-1.750196453554638509e+01
-1.750196453554638509e+01
-1.750196453554638509e+01
-1.750196453554638509e+01
-1.750196453554638509e+01
-1.750196453554638509e+01
-1.750196453554638509e+01
-1.750196453554638509e+01
-1.750196453554638509e+01
-1.750196453554638509e+01
-1.750196453554638509e+01
-1.750196453554638509e+01
-1.750196453554638509e+01
-1.750196453554638509e+01
-1.750196453554638509e+01
-1.750196453554638509e+01
-1.750196453554638509e+01
-1.750196453554638509e+01
-1.750196453554638509e+01
-1.750196453554638509e+01
-1.750196453554638509e+01
-1.750196453554638509e+01
-1.750196453554638509e+01
-1.750196453554638509e+01
-1.750196453554638509e+01
-1.750196453554638509e+01
-1.750196453554638509e+01
-1.750196453554638509e+01
-1.750196453554638509e+01
-1.750196453554638509e+01
-1.750196453554638509e+01
-1.750196453554638509e+01
-1.750196453554638509e+01
-1.750196453554638509e+01
-1.750196453554638509e+01
-1.750196453554638509e+01
-1.750196453554638509e+01
-1.750196453554638509e+01
-1.750196453554638509e+01
-1.750196453554638509e+01
-1.750196453554638509e+01
-1.750196453554638509e+01
-1.750196453554638509e+01
-1.750196453554638509e+01
-1.750196453554638509e+01
-1.750196453554638509e+01
-1.750196453554638509e+01
-1.750196453554638509e+01
-1.750196453554638509e+01
-1.750196453554638509e+01
-1.750196453554638509e+01
-1.750196453554638509e+01
-1.750196453554638509e+01
-1.750196453554638509e+01
-1.750196453554638509e+01
-1.750196453554638509e+01
-1.750196453554638509e+01
-1.750196453554638509e+01
-1.750196453554638509e+01
-1.750196453554638509e+01
-1.750196453554638509e+01
-1.750196453554638509e+01
-1.750196453554638509e+01
-1.750196453554638509e+01
-1.750196453554638509e+01
-1.750196453554638509e+01
-1.750196453554638509e+01
-1.750196453554638509e+01
-1.750196453554638509e+01
-1.750196453554638509e+01
-1.750196453554638509e+01
-1.750196453554638509e+01
-1.750196453554638509e+01
-1.750196453554638509e+01
-1.750196453554638509e+01
-1.750196453554638509e+01
-1.750196453554638509e+01
-1.750196453554638509e+01
-1.750196453554638509e+01
-1.750196453554638509e+01
-1.750196453554638509e+01
-1.750196453554638509e+01
-1.750196453554638509e+01
-1.750196453554638509e+01
-1.750196453554638509e+01
-1.750196453554638509e+01
-1.750196453554638509e+01
-1.750196453554638509e+01
-1.750196453554638509e+01
-1.750196453554638509e+01
-1.750196453554638509e+01
-1.750196453554638509e+01
-1.750196453554638509e+01
-1.750196453554638509e+01
-1.750196453554638509e+01
-1.750196453554638509e+01
-1.750196453554638509e+01
-1.750196453554638509e+01
-1.750196453554638509e+01
-1.750196453554638509e+01
-1.750196453554638509e+01
-1.750196453554638509e+01
-1.750196453554638509e+01
-1.750196453554638509e+01
-1.750196453554638509e+01
-1.750196453554638509e+01
-1.750196453554638509e+01
-1.750196453554638509e+01
-1.750196453554638509e+01
-1.750196453554638509e+01
-1.750196453554638509e+01
-1.750196453554638509e+01
-1.750196453554638509e+01
-1.750196453554638509e+01
-1.750196453554638509e+01
-1.750196453554638509e+01
-1.750196453554638509e+01
-1.750196453554638509e+01
-1.750196453554638509e+01
-1.750196453554638509e+01
-1.750196453554638509e+01
-1.750196453554638509e+01
-1.750196453554638509e+01
-1.750196453554638509e+01
-1.750196453554638509e+01
-1.750196453554638509e+01
-1.750196453554638509e+01
-1.750196453554638509e+01
-1.750196453554638509e+01
-1.750196453554638509e+01
-1.750196453554638509e+01
-1.750196453554638509e+01
-1.750196453554638509e+01
-1.750196453554638509e+01
-1.750196453554638509e+01
-1.750196453554638509e+01
-1.750196453554638509e+01
-1.750196453554638509e+01
-1.750196453554638509e+01
-1.750196453554638509e+01
-1.750196453554638509e+01
-1.750196453554638509e+01
-1.750196453554638509e+01
-1.750196453554638509e+01
-1.750196453554638509e+01
-1.750196453554638509e+01
-1.750196453554638509e+01
-1.750196453554638509e+01
-1.750196453554638509e+01
-1.750196453554638509e+01
-1.750196453554638509e+01
-1.750196453554638509e+01
-1.750196453554638509e+01
-1.750196453554638509e+01
-1.750196453554638509e+01
-1.750196453554638509e+01
-1.750196453554638509e+01
-1.750196453554638509e+01
-1.750196453554638509e+01
-1.750196453554638509e+01
-1.750196453554638509e+01
-1.750196453554638509e+01
-1.750196453554638509e+01
-1.750196453554638509e+01
-1.750196453554638509e+01
-1.750196453554638509e+01
-1.750196453554638509e+01
-1.750196453554638509e+01
-1.750196453554638509e+01
-1.750196453554638509e+01
-1.750196453554638509e+01
-1.750196453554638509e+01
-1.750196453554638509e+01
-1.750196453554638509e+01
-1.750196453554638509e+01
-1.750196453554638509e+01
-1.750196453554638509e+01
-1.750196453554638509e+01
-1.750196453554638509e+01
-1.750196453554638509e+01
-1.750196453554638509e+01
-1.750196453554638509e+01
-1.750196453554638509e+01
-1.750196453554638509e+01
-1.750196453554638509e+01
-1.750196453554638509e+01
-1.750196453554638509e+01
-1.750196453554638509e+01
-1.750196453554638509e+01
-1.750196453554638509e+01
-1.750196453554638509e+01
-1.750196453554638509e+01
-1.750196453554638509e+01
-1.750196453554638509e+01
-1.750196453554638509e+01
-1.750196453554638509e+01
-1.750196453554638509e+01
-1.750196453554638509e+01
-1.750196453554638509e+01
-1.750196453554638509e+01
-1.750196453554638509e+01
-1.750196453554638509e+01
-1.750196453554638509e+01
-1.750196453554638509e+01
-1.750196453554638509e+01
-1.750196453554638509e+01
-1.750196453554638509e+01
-1.750196453554638509e+01
-1.750196453554638509e+01
-1.750196453554638509e+01
-1.750196453554638509e+01
-1.750196453554638509e+01
-1.750196453554638509e+01
-1.750196453554638509e+01
-1.750196453554638509e+01
-1.750196453554638509e+01
-1.750196453554638509e+01
-1.750196453554638509e+01
-1.750196453554638509e+01
-1.750196453554638509e+01
-1.750196453554638509e+01
-1.750196453554638509e+01
-1.750196453554638509e+01
-1.750196453554638509e+01
-1.750196453554638509e+01
-1.750196453554638509e+01
-1.750196453554638509e+01
-1.750196453554638509e+01
-1.750196453554638509e+01
-1.750196453554638509e+01
-1.750196453554638509e+01
-1.750196453554638509e+01
-1.750196453554638509e+01
-1.750196453554638509e+01
-1.750196453554638509e+01
-1.750196453554638509e+01
-1.750196453554638509e+01
-1.750196453554638509e+01
-1.750196453554638509e+01
-1.750196453554638509e+01
-1.750196453554638509e+01
-1.750196453554638509e+01
-1.750196453554638509e+01
-1.750196453554638509e+01
-1.750196453554638509e+01
-1.750196453554638509e+01
-1.750196453554638509e+01
-1.750196453554638509e+01
-1.750196453554638509e+01
-1.750196453554638509e+01
-1.750196453554638509e+01
-1.750196453554638509e+01
-1.750196453554638509e+01
-1.750196453554638509e+01
-1.750196453554638509e+01
-1.750196453554638509e+01
-1.750196453554638509e+01
-1.750196453554638509e+01
-1.750196453554638509e+01
-1.750196453554638509e+01
-1.750196453554638509e+01
-1.750196453554638509e+01
-1.750196453554638509e+01
-1.750196453554638509e+01
-1.750196453554638509e+01
-1.750196453554638509e+01
-1.750196453554638509e+01
-1.750196453554638509e+01
-1.750196453554638509e+01
-1.750196453554638509e+01
-1.750196453554638509e+01
-1.750196453554638509e+01
-1.750196453554638509e+01
-1.750196453554638509e+01
-1.750196453554638509e+01
-1.750196453554638509e+01
-1.750196453554638509e+01
-1.750196453554638509e+01
-1.750196453554638509e+01
-1.750196453554638509e+01
-1.750196453554638509e+01
-1.750196453554638509e+01
-1.750196453554638509e+01
-1.750196453554638509e+01
-1.750196453554638509e+01
-1.750196453554638509e+01
-1.750196453554638509e+01
-1.750196453554638509e+01
-1.750196453554638509e+01
-1.750196453554638509e+01
-1.750196453554638509e+01
-1.750196453554638509e+01
-1.750196453554638509e+01
-1.750196453554638509e+01
-1.750196453554638509e+01
-1.750196453554638509e+01
-1.750196453554638509e+01
-1.750196453554638509e+01
-1.750196453554638509e+01
-1.750196453554638509e+01
-1.750196453554638509e+01
-1.750196453554638509e+01
-1.750196453554638509e+01
-1.750196453554638509e+01
-1.750196453554638509e+01
-1.750196453554638509e+01
-1.750196453554638509e+01
-1.750196453554638509e+01
-1.750196453554638509e+01
-1.750196453554638509e+01
-1.750196453554638509e+01
-1.750196453554638509e+01
-1.750196453554638509e+01
-1.750196453554638509e+01
-1.750196453554638509e+01
-1.750196453554638509e+01
-1.750196453554638509e+01
-1.750196453554638509e+01
-1.750196453554638509e+01
-1.750196453554638509e+01
-1.750196453554638509e+01
-1.750196453554638509e+01
-1.750196453554638509e+01
-1.750196453554638509e+01
-1.750196453554638509e+01
-1.750196453554638509e+01
-1.750196453554638509e+01
-1.750196453554638509e+01
-1.750196453554638509e+01
-1.750196453554638509e+01
-1.750196453554638509e+01
-1.750196453554638509e+01
-1.750196453554638509e+01
-1.750196453554638509e+01
-1.750196453554638509e+01
-1.750196453554638509e+01
-1.750196453554638509e+01
-1.750196453554638509e+01
-1.750196453554638509e+01
-1.750196453554638509e+01
-1.750196453554638509e+01
-1.750196453554638509e+01
-1.750196453554638509e+01
-1.750196453554638509e+01
-1.750196453554638509e+01
-1.750196453554638509e+01
-1.750196453554638509e+01
-1.750196453554638509e+01
-1.750196453554638509e+01
-1.750196453554638509e+01
-1.750196453554638509e+01
-1.750196453554638509e+01
-1.750196453554638509e+01
-1.750196453554638509e+01
-1.750196453554638509e+01
-1.750196453554638509e+01
-1.750196453554638509e+01
-1.750196453554638509e+01
-1.750196453554638509e+01
-1.750196453554638509e+01
-1.750196453554638509e+01
-1.750196453554638509e+01
-1.750196453554638509e+01
-1.750196453554638509e+01
-1.750196453554638509e+01
-1.750196453554638509e+01
-1.750196453554638509e+01
-1.750196453554638509e+01
-1.750196453554638509e+01
-1.750196453554638509e+01
-1.750196453554638509e+01
-1.750196453554638509e+01
-1.750196453554638509e+01
-1.750196453554638509e+01
-1.750196453554638509e+01
-1.750196453554638509e+01
-1.750196453554638509e+01
-1.750196453554638509e+01
-1.750196453554638509e+01
-1.750196453554638509e+01
-1.750196453554638509e+01
-1.750196453554638509e+01
-1.750196453554638509e+01
-1.750196453554638509e+01
-1.750196453554638509e+01
-1.750196453554638509e+01
-1.750196453554638509e+01
-1.750196453554638509e+01
-1.750196453554638509e+01
-1.750196453554638509e+01
-1.750196453554638509e+01
-1.750196453554638509e+01
-1.750196453554638509e+01
-1.750196453554638509e+01
-1.750196453554638509e+01
-1.750196453554638509e+01
-1.750196453554638509e+01
-1.750196453554638509e+01
-1.750196453554638509e+01
-1.750196453554638509e+01
-1.750196453554638509e+01
-1.750196453554638509e+01
-1.750196453554638509e+01
-1.750196453554638509e+01
-1.750196453554638509e+01
-1.750196453554638509e+01
-1.750196453554638509e+01
-1.750196453554638509e+01
-1.750196453554638509e+01
-1.750196453554638509e+01
-1.750196453554638509e+01
-1.750196453554638509e+01
-1.750196453554638509e+01
-1.750196453554638509e+01
-1.750196453554638509e+01
-1.750196453554638509e+01
-1.750196453554638509e+01
-1.750196453554638509e+01
-1.750196453554638509e+01
-1.750196453554638509e+01
-1.750196453554638509e+01
-1.750196453554638509e+01
-1.750196453554638509e+01
-1.750196453554638509e+01
-1.750196453554638509e+01
-1.750196453554638509e+01
-1.750196453554638509e+01
-1.750196453554638509e+01
-1.750196453554638509e+01
-1.750196453554638509e+01
-1.750196453554638509e+01
-1.750196453554638509e+01
-1.750196453554638509e+01
-1.750196453554638509e+01
-1.750196453554638509e+01
-1.750196453554638509e+01
-1.750196453554638509e+01
-1.750196453554638509e+01
-1.750196453554638509e+01
-1.750196453554638509e+01
-1.750196453554638509e+01
-1.750196453554638509e+01
-1.750196453554638509e+01
-1.750196453554638509e+01
-1.750196453554638509e+01
-1.750196453554638509e+01
-1.750196453554638509e+01
-1.750196453554638509e+01
-1.750196453554638509e+01
-1.750196453554638509e+01
-1.750196453554638509e+01
-1.750196453554638509e+01
-1.750196453554638509e+01
-1.750196453554638509e+01
-1.750196453554638509e+01
-1.750196453554638509e+01
-1.750196453554638509e+01
-1.750196453554638509e+01
-1.750196453554638509e+01
-1.750196453554638509e+01
-1.750196453554638509e+01
-1.750196453554638509e+01
-1.750196453554638509e+01
-1.750196453554638509e+01
-1.750196453554638509e+01
-1.750196453554638509e+01
-1.750196453554638509e+01
-1.750196453554638509e+01
-1.750196453554638509e+01
-1.750196453554638509e+01
-1.750196453554638509e+01
-1.750196453554638509e+01
-1.750196453554638509e+01
-1.750196453554638509e+01
-1.750196453554638509e+01
-1.750196453554638509e+01
-1.750196453554638509e+01
-1.750196453554638509e+01
-1.750196453554638509e+01
-1.750196453554638509e+01
-1.750196453554638509e+01
-1.750196453554638509e+01
-1.750196453554638509e+01
-1.750196453554638509e+01
-1.750196453554638509e+01
-1.750196453554638509e+01
-1.750196453554638509e+01
-1.750196453554638509e+01
-1.750196453554638509e+01
-1.750196453554638509e+01
-1.750196453554638509e+01
-1.750196453554638509e+01
-1.750196453554638509e+01
-1.750196453554638509e+01
-1.750196453554638509e+01
-1.750196453554638509e+01
-1.750196453554638509e+01
-1.750196453554638509e+01
-1.750196453554638509e+01
-1.750196453554638509e+01
-1.750196453554638509e+01
-1.750196453554638509e+01
-1.750196453554638509e+01
-1.750196453554638509e+01
-1.750196453554638509e+01
-1.750196453554638509e+01
-1.750196453554638509e+01
-1.750196453554638509e+01
-1.750196453554638509e+01
-1.750196453554638509e+01
-1.750196453554638509e+01
-1.750196453554638509e+01
-1.750196453554638509e+01
-1.750196453554638509e+01
-1.750196453554638509e+01
-1.750196453554638509e+01
-1.750196453554638509e+01
-1.750196453554638509e+01
-1.750196453554638509e+01
-1.750196453554638509e+01
-1.750196453554638509e+01
-1.750196453554638509e+01
-1.750196453554638509e+01
-1.750196453554638509e+01
-1.750196453554638509e+01
-1.750196453554638509e+01
-1.750196453554638509e+01
-1.750196453554638509e+01
-1.750196453554638509e+01
-1.750196453554638509e+01
-1.750196453554638509e+01
-1.750196453554638509e+01
-1.750196453554638509e+01
-1.750196453554638509e+01
-1.750196453554638509e+01
-1.750196453554638509e+01
-1.750196453554638509e+01
-1.750196453554638509e+01
-1.750196453554638509e+01
-1.750196453554638509e+01
-1.750196453554638509e+01
-1.750196453554638509e+01
-1.750196453554638509e+01
-1.750196453554638509e+01
-1.750196453554638509e+01
-1.750196453554638509e+01
-1.750196453554638509e+01
-1.750196453554638509e+01
-1.750196453554638509e+01
-1.750196453554638509e+01
-1.750196453554638509e+01
-1.750196453554638509e+01
-1.750196453554638509e+01
-1.750196453554638509e+01
-1.750196453554638509e+01
-1.750196453554638509e+01
-1.750196453554638509e+01
-1.750196453554638509e+01
-1.750196453554638509e+01
-1.750196453554638509e+01
-1.750196453554638509e+01
-1.750196453554638509e+01
-1.750196453554638509e+01
-1.750196453554638509e+01
-1.750196453554638509e+01
-1.750196453554638509e+01
-1.750196453554638509e+01
-1.750196453554638509e+01
-1.750196453554638509e+01
-1.750196453554638509e+01
-1.750196453554638509e+01
-1.750196453554638509e+01
-1.750196453554638509e+01
-1.750196453554638509e+01
-1.750196453554638509e+01
-1.750196453554638509e+01
-1.750196453554638509e+01
-1.750196453554638509e+01
-1.750196453554638509e+01
-1.750196453554638509e+01
-1.750196453554638509e+01
-1.750196453554638509e+01
-1.750196453554638509e+01
-1.750196453554638509e+01
-1.750196453554638509e+01
-1.750196453554638509e+01
-1.750196453554638509e+01
-1.750196453554638509e+01
-1.750196453554638509e+01
-1.750196453554638509e+01
-1.750196453554638509e+01
-1.750196453554638509e+01
-1.750196453554638509e+01
-1.750196453554638509e+01
-1.750196453554638509e+01
-1.750196453554638509e+01
-1.750196453554638509e+01
-1.750196453554638509e+01
-1.750196453554638509e+01
-1.750196453554638509e+01
-1.750196453554638509e+01
-1.750196453554638509e+01
-1.750196453554638509e+01
-1.750196453554638509e+01
-1.750196453554638509e+01
-1.750196453554638509e+01
-1.750196453554638509e+01
-1.750196453554638509e+01
-1.750196453554638509e+01
-1.750196453554638509e+01
-1.750196453554638509e+01
-1.750196453554638509e+01
-1.750196453554638509e+01
-1.750196453554638509e+01
-1.750196453554638509e+01
-1.750196453554638509e+01
-1.750196453554638509e+01
-1.750196453554638509e+01
-1.750196453554638509e+01
-1.750196453554638509e+01
-1.750196453554638509e+01
-1.750196453554638509e+01
-1.750196453554638509e+01
-1.750196453554638509e+01
-1.750196453554638509e+01
-1.750196453554638509e+01
-1.750196453554638509e+01
-1.750196453554638509e+01
-1.750196453554638509e+01
-1.750196453554638509e+01
-1.750196453554638509e+01
-1.750196453554638509e+01
-1.750196453554638509e+01
-1.750196453554638509e+01
-1.750196453554638509e+01
-1.750196453554638509e+01
-1.750196453554638509e+01
-1.750196453554638509e+01
-1.750196453554638509e+01
-1.750196453554638509e+01
-1.750196453554638509e+01
-1.750196453554638509e+01
-1.750196453554638509e+01
-1.750196453554638509e+01
-1.750196453554638509e+01
-1.750196453554638509e+01
-1.750196453554638509e+01
-1.750196453554638509e+01
-1.750196453554638509e+01
-1.750196453554638509e+01
-1.750196453554638509e+01
-1.750196453554638509e+01
-1.750196453554638509e+01
-1.750196453554638509e+01
-1.750196453554638509e+01
-1.750196453554638509e+01
-1.750196453554638509e+01
-1.750196453554638509e+01
-1.750196453554638509e+01
-1.750196453554638509e+01
-1.750196453554638509e+01
-1.750196453554638509e+01
-1.750196453554638509e+01
-1.750196453554638509e+01
-1.750196453554638509e+01
-1.750196453554638509e+01
-1.750196453554638509e+01
-1.750196453554638509e+01
-1.750196453554638509e+01
-1.750196453554638509e+01
-1.750196453554638509e+01
-1.750196453554638509e+01
-1.750196453554638509e+01
-1.750196453554638509e+01
-1.750196453554638509e+01
-1.750196453554638509e+01
-1.750196453554638509e+01
-1.750196453554638509e+01
-1.750196453554638509e+01
-1.750196453554638509e+01
-1.750196453554638509e+01
-1.750196453554638509e+01
-1.750196453554638509e+01
-1.750196453554638509e+01
-1.750196453554638509e+01
-1.750196453554638509e+01
-1.750196453554638509e+01
-1.750196453554638509e+01
-1.750196453554638509e+01
-1.750196453554638509e+01
-1.750196453554638509e+01
-1.750196453554638509e+01
-1.750196453554638509e+01
-1.750196453554638509e+01
-1.750196453554638509e+01
-1.750196453554638509e+01
-1.750196453554638509e+01
-1.750196453554638509e+01
-1.750196453554638509e+01
-1.750196453554638509e+01
-1.750196453554638509e+01
-1.750196453554638509e+01
-1.750196453554638509e+01
-1.750196453554638509e+01
-1.750196453554638509e+01
-1.750196453554638509e+01
-1.750196453554638509e+01
-1.750196453554638509e+01
-1.750196453554638509e+01
-1.750196453554638509e+01
-1.750196453554638509e+01
-1.750196453554638509e+01
-1.750196453554638509e+01
-1.750196453554638509e+01
-1.750196453554638509e+01
-1.750196453554638509e+01
-1.750196453554638509e+01
-1.750196453554638509e+01
-1.750196453554638509e+01
-1.750196453554638509e+01
-1.750196453554638509e+01
-1.750196453554638509e+01
-1.750196453554638509e+01
-1.750196453554638509e+01
-1.750196453554638509e+01
-1.750196453554638509e+01
-1.750196453554638509e+01
-1.750196453554638509e+01
-1.750196453554638509e+01
-1.750196453554638509e+01
-1.750196453554638509e+01
-1.750196453554638509e+01
-1.750196453554638509e+01
-1.750196453554638509e+01
-1.750196453554638509e+01
-1.750196453554638509e+01
-1.750196453554638509e+01
-1.750196453554638509e+01
-1.750196453554638509e+01
-1.750196453554638509e+01
-1.750196453554638509e+01
-1.750196453554638509e+01
-1.750196453554638509e+01
-1.750196453554638509e+01
-1.750196453554638509e+01
-1.750196453554638509e+01
-1.750196453554638509e+01
-1.750196453554638509e+01
-1.750196453554638509e+01
-1.750196453554638509e+01
-1.750196453554638509e+01
-1.750196453554638509e+01
-1.750196453554638509e+01
-1.750196453554638509e+01
-1.750196453554638509e+01
-1.750196453554638509e+01
-1.750196453554638509e+01
-1.750196453554638509e+01
-1.750196453554638509e+01
-1.750196453554638509e+01
-1.750196453554638509e+01
-1.750196453554638509e+01
-1.750196453554638509e+01
-1.750196453554638509e+01
-1.750196453554638509e+01
-1.750196453554638509e+01
-1.750196453554638509e+01
-1.750196453554638509e+01
-1.750196453554638509e+01
-1.750196453554638509e+01
-1.750196453554638509e+01
-1.750196453554638509e+01
-1.750196453554638509e+01
-1.750196453554638509e+01
-1.750196453554638509e+01
-1.750196453554638509e+01
-1.750196453554638509e+01
-1.750196453554638509e+01
-1.750196453554638509e+01
-1.750196453554638509e+01
-1.750196453554638509e+01
-1.750196453554638509e+01
-1.750196453554638509e+01
-1.750196453554638509e+01
-1.750196453554638509e+01
-1.750196453554638509e+01
-1.750196453554638509e+01
-1.750196453554638509e+01
-1.750196453554638509e+01
-1.750196453554638509e+01
-1.750196453554638509e+01
-1.750196453554638509e+01
-1.750196453554638509e+01
-1.750196453554638509e+01
-1.750196453554638509e+01
-1.750196453554638509e+01
-1.750196453554638509e+01
-1.750196453554638509e+01
-1.750196453554638509e+01
-1.750196453554638509e+01
-1.750196453554638509e+01
-1.750196453554638509e+01
-1.750196453554638509e+01
-1.750196453554638509e+01
-1.750196453554638509e+01
-1.750196453554638509e+01
-1.750196453554638509e+01
-1.750196453554638509e+01
-1.750196453554638509e+01
-1.750196453554638509e+01
-1.750196453554638509e+01
-1.750196453554638509e+01
-1.750196453554638509e+01
-1.750196453554638509e+01
-1.750196453554638509e+01
-1.750196453554638509e+01
-1.750196453554638509e+01
-1.750196453554638509e+01
-1.750196453554638509e+01
-1.750196453554638509e+01
-1.750196453554638509e+01
-1.750196453554638509e+01
-1.750196453554638509e+01
-1.750196453554638509e+01
-1.750196453554638509e+01
-1.750196453554638509e+01
-1.750196453554638509e+01
-1.750196453554638509e+01
-1.750196453554638509e+01
-1.750196453554638509e+01
-1.750196453554638509e+01
-1.750196453554638509e+01
-1.750196453554638509e+01
-1.750196453554638509e+01
-1.750196453554638509e+01
-1.750196453554638509e+01
-1.750196453554638509e+01
-1.750196453554638509e+01
-1.750196453554638509e+01
-1.750196453554638509e+01
-1.750196453554638509e+01
-1.750196453554638509e+01
-1.750196453554638509e+01
-1.750196453554638509e+01
-1.750196453554638509e+01
-1.750196453554638509e+01
-1.750196453554638509e+01
-1.750196453554638509e+01
-1.750196453554638509e+01
-1.750196453554638509e+01
-1.750196453554638509e+01
-1.750196453554638509e+01
-1.750196453554638509e+01
-1.750196453554638509e+01
-1.750196453554638509e+01
-1.750196453554638509e+01
-1.750196453554638509e+01
-1.750196453554638509e+01
-1.750196453554638509e+01
-1.750196453554638509e+01
-1.750196453554638509e+01
-1.750196453554638509e+01
-1.750196453554638509e+01
-1.750196453554638509e+01
-1.750196453554638509e+01
-1.750196453554638509e+01
-1.750196453554638509e+01
-1.750196453554638509e+01
-1.750196453554638509e+01
-1.750196453554638509e+01
-1.750196453554638509e+01
-1.750196453554638509e+01
-1.750196453554638509e+01
-1.750196453554638509e+01
-1.750196453554638509e+01
-1.750196453554638509e+01
-1.750196453554638509e+01
-1.750196453554638509e+01
-1.750196453554638509e+01
-1.750196453554638509e+01
-1.750196453554638509e+01
-1.750196453554638509e+01
-1.750196453554638509e+01
-1.750196453554638509e+01
-1.750196453554638509e+01
-1.750196453554638509e+01
-1.750196453554638509e+01
-1.750196453554638509e+01
-1.750196453554638509e+01
-1.750196453554638509e+01
-1.750196453554638509e+01
-1.750196453554638509e+01
-1.750196453554638509e+01
-1.750196453554638509e+01
-1.750196453554638509e+01
-1.750196453554638509e+01
-1.750196453554638509e+01
-1.750196453554638509e+01
-1.750196453554638509e+01
-1.750196453554638509e+01
-1.750196453554638509e+01
-1.750196453554638509e+01
-1.750196453554638509e+01
-1.750196453554638509e+01
-1.750196453554638509e+01
-1.750196453554638509e+01
-1.750196453554638509e+01
-1.750196453554638509e+01
-1.750196453554638509e+01
-1.750196453554638509e+01
-1.750196453554638509e+01
-1.750196453554638509e+01
-1.750196453554638509e+01
-1.750196453554638509e+01
-1.750196453554638509e+01
-1.750196453554638509e+01
-1.750196453554638509e+01
-1.750196453554638509e+01
-1.750196453554638509e+01
-1.750196453554638509e+01
-1.750196453554638509e+01
-1.750196453554638509e+01
-1.750196453554638509e+01
-1.750196453554638509e+01
-1.750196453554638509e+01
-1.750196453554638509e+01
-1.750196453554638509e+01
-1.750196453554638509e+01
-1.750196453554638509e+01
-1.750196453554638509e+01
-1.750196453554638509e+01
-1.750196453554638509e+01
-1.750196453554638509e+01
-1.750196453554638509e+01
-1.750196453554638509e+01
-1.750196453554638509e+01
-1.750196453554638509e+01
-1.750196453554638509e+01
-1.750196453554638509e+01
-1.750196453554638509e+01
-1.750196453554638509e+01
-1.750196453554638509e+01
-1.750196453554638509e+01
-1.750196453554638509e+01
-1.750196453554638509e+01
-1.750196453554638509e+01
-1.750196453554638509e+01
-1.750196453554638509e+01
-1.750196453554638509e+01
-1.750196453554638509e+01
-1.750196453554638509e+01
-1.750196453554638509e+01
-1.750196453554638509e+01
-1.750196453554638509e+01
-1.750196453554638509e+01
-1.750196453554638509e+01
-1.750196453554638509e+01
-1.750196453554638509e+01
-1.750196453554638509e+01
-1.750196453554638509e+01
-1.750196453554638509e+01
-1.750196453554638509e+01
-1.750196453554638509e+01
-1.750196453554638509e+01
-1.750196453554638509e+01
-1.750196453554638509e+01
-1.750196453554638509e+01
-1.750196453554638509e+01
-1.750196453554638509e+01
-1.750196453554638509e+01
-1.750196453554638509e+01
-1.750196453554638509e+01
-1.750196453554638509e+01
-1.750196453554638509e+01
-1.750196453554638509e+01
-1.750196453554638509e+01
-1.750196453554638509e+01
-1.750196453554638509e+01
-1.750196453554638509e+01
-1.750196453554638509e+01
-1.750196453554638509e+01
-1.750196453554638509e+01
-1.750196453554638509e+01
-1.750196453554638509e+01
-1.750196453554638509e+01
-1.750196453554638509e+01
-1.750196453554638509e+01
-1.750196453554638509e+01
-1.750196453554638509e+01
-1.750196453554638509e+01
-1.750196453554638509e+01
-1.750196453554638509e+01
-1.750196453554638509e+01
-1.750196453554638509e+01
-1.750196453554638509e+01
-1.750196453554638509e+01
-1.750196453554638509e+01
-1.750196453554638509e+01
-1.750196453554638509e+01
-1.750196453554638509e+01
-1.750196453554638509e+01
-1.750196453554638509e+01
-1.750196453554638509e+01
-1.750196453554638509e+01
-1.750196453554638509e+01
-1.750196453554638509e+01
-1.750196453554638509e+01
-1.750196453554638509e+01
-1.750196453554638509e+01
-1.750196453554638509e+01
-1.750196453554638509e+01
-1.750196453554638509e+01
-1.750196453554638509e+01
-1.750196453554638509e+01
-1.750196453554638509e+01
-1.750196453554638509e+01
-1.750196453554638509e+01
-1.750196453554638509e+01
-1.750196453554638509e+01
-1.750196453554638509e+01
-1.750196453554638509e+01
-1.750196453554638509e+01
-1.750196453554638509e+01
-1.750196453554638509e+01
-1.750196453554638509e+01
-1.750196453554638509e+01
-1.750196453554638509e+01
-1.750196453554638509e+01
-1.750196453554638509e+01
-1.750196453554638509e+01
-1.750196453554638509e+01
-1.750196453554638509e+01
-1.750196453554638509e+01
-1.750196453554638509e+01
-1.750196453554638509e+01
-1.750196453554638509e+01
-1.750196453554638509e+01
-1.750196453554638509e+01
-1.750196453554638509e+01
-1.750196453554638509e+01
-1.750196453554638509e+01
-1.750196453554638509e+01
-1.750196453554638509e+01
-1.750196453554638509e+01
-1.750196453554638509e+01
-1.750196453554638509e+01
-1.750196453554638509e+01
-1.750196453554638509e+01
-1.750196453554638509e+01
-1.750196453554638509e+01
-1.750196453554638509e+01
-1.750196453554638509e+01
-1.750196453554638509e+01
-1.750196453554638509e+01
-1.750196453554638509e+01
-1.750196453554638509e+01
-1.750196453554638509e+01
-1.750196453554638509e+01
-1.750196453554638509e+01
-1.750196453554638509e+01
-1.750196453554638509e+01
-1.750196453554638509e+01
-1.750196453554638509e+01
-1.750196453554638509e+01
-1.750196453554638509e+01
-1.750196453554638509e+01
-1.750196453554638509e+01
-1.750196453554638509e+01
-1.750196453554638509e+01
-1.750196453554638509e+01
-1.750196453554638509e+01
-1.750196453554638509e+01
-1.750196453554638509e+01
-1.750196453554638509e+01
-1.750196453554638509e+01
-1.750196453554638509e+01
-1.750196453554638509e+01
-1.750196453554638509e+01
-1.750196453554638509e+01
-1.750196453554638509e+01
-1.750196453554638509e+01
-1.750196453554638509e+01
-1.750196453554638509e+01
-1.750196453554638509e+01
-1.750196453554638509e+01
-1.750196453554638509e+01
-1.750196453554638509e+01
-1.750196453554638509e+01
-1.750196453554638509e+01
-1.750196453554638509e+01
-1.750196453554638509e+01
-1.750196453554638509e+01
-1.750196453554638509e+01
-1.750196453554638509e+01
-1.750196453554638509e+01
-1.750196453554638509e+01
-1.750196453554638509e+01
-1.750196453554638509e+01
-1.750196453554638509e+01
-1.750196453554638509e+01
-1.750196453554638509e+01
-1.750196453554638509e+01
-1.750196453554638509e+01
-1.750196453554638509e+01
-1.750196453554638509e+01
-1.750196453554638509e+01
-1.750196453554638509e+01
-1.750196453554638509e+01
-1.750196453554638509e+01
-1.750196453554638509e+01
-1.750196453554638509e+01
-1.750196453554638509e+01
-1.750196453554638509e+01
-1.750196453554638509e+01
-1.750196453554638509e+01
-1.750196453554638509e+01
-1.750196453554638509e+01
-1.750196453554638509e+01
-1.750196453554638509e+01
-1.750196453554638509e+01
-1.750196453554638509e+01
-1.750196453554638509e+01
-1.750196453554638509e+01
-1.750196453554638509e+01
-1.750196453554638509e+01
-1.750196453554638509e+01
-1.750196453554638509e+01
-1.750196453554638509e+01
-1.750196453554638509e+01
-1.750196453554638509e+01
-1.750196453554638509e+01
-1.750196453554638509e+01
-1.750196453554638509e+01
-1.750196453554638509e+01
-1.750196453554638509e+01
-1.750196453554638509e+01
-1.750196453554638509e+01
-1.750196453554638509e+01
-1.750196453554638509e+01
-1.750196453554638509e+01
-1.750196453554638509e+01
-1.750196453554638509e+01
-1.750196453554638509e+01
-1.750196453554638509e+01
-1.750196453554638509e+01
-1.750196453554638509e+01
-1.750196453554638509e+01
-1.750196453554638509e+01
-1.750196453554638509e+01
-1.750196453554638509e+01
-1.750196453554638509e+01
-1.750196453554638509e+01
-1.750196453554638509e+01
-1.750196453554638509e+01
-1.750196453554638509e+01
-1.750196453554638509e+01
-1.750196453554638509e+01
-1.750196453554638509e+01
-1.750196453554638509e+01
-1.750196453554638509e+01
-1.750196453554638509e+01
-1.750196453554638509e+01
-1.750196453554638509e+01
-1.750196453554638509e+01
-1.750196453554638509e+01
-1.750196453554638509e+01
-1.750196453554638509e+01
-1.750196453554638509e+01
-1.750196453554638509e+01
-1.750196453554638509e+01
-1.750196453554638509e+01
-1.750196453554638509e+01
-1.750196453554638509e+01
-1.750196453554638509e+01
-1.750196453554638509e+01
-1.750196453554638509e+01
-1.750196453554638509e+01
-1.750196453554638509e+01
-1.750196453554638509e+01
-1.750196453554638509e+01
-1.750196453554638509e+01
-1.750196453554638509e+01
-1.750196453554638509e+01
-1.750196453554638509e+01
-1.750196453554638509e+01
-1.750196453554638509e+01
-1.750196453554638509e+01
-1.750196453554638509e+01
-1.750196453554638509e+01
-1.750196453554638509e+01
-1.750196453554638509e+01
-1.750196453554638509e+01
-1.750196453554638509e+01
-1.750196453554638509e+01
-1.750196453554638509e+01
-1.750196453554638509e+01
-1.750196453554638509e+01
-1.750196453554638509e+01
-1.750196453554638509e+01
-1.750196453554638509e+01
-1.750196453554638509e+01
-1.750196453554638509e+01
-1.750196453554638509e+01
-1.750196453554638509e+01
-1.750196453554638509e+01
-1.750196453554638509e+01
-1.750196453554638509e+01
-1.750196453554638509e+01
-1.750196453554638509e+01
-1.750196453554638509e+01
-1.750196453554638509e+01
-1.750196453554638509e+01
-1.750196453554638509e+01
-1.750196453554638509e+01
-1.750196453554638509e+01
-1.750196453554638509e+01
-1.750196453554638509e+01
-1.750196453554638509e+01
-1.750196453554638509e+01
-1.750196453554638509e+01
-1.750196453554638509e+01
-1.750196453554638509e+01
-1.750196453554638509e+01
-1.750196453554638509e+01
-1.750196453554638509e+01
-1.750196453554638509e+01
-1.750196453554638509e+01
-1.750196453554638509e+01
-1.750196453554638509e+01
-1.750196453554638509e+01
-1.750196453554638509e+01
-1.750196453554638509e+01
-1.750196453554638509e+01
-1.750196453554638509e+01
-1.750196453554638509e+01
-1.750196453554638509e+01
-1.750196453554638509e+01
-2.222546768188476562e+01
-2.224503517150878906e+01
-2.224503517150878906e+01
-2.225481796264648438e+01
-2.226460075378417969e+01
-2.228416824340820312e+01
-2.229395103454589844e+01
-2.229395103454589844e+01
-2.232330131530761719e+01
-2.232330131530761719e+01
-2.232330131530761719e+01
-2.233308410644531250e+01
-2.233308410644531250e+01
-2.236243438720703125e+01
-2.237221908569335938e+01
-2.238200187683105469e+01
-2.239178466796875000e+01
-2.240156745910644531e+01
-2.241135215759277344e+01
-2.241135215759277344e+01
-2.243091773986816406e+01
-2.244070053100585938e+01
-2.244070053100585938e+01
-2.246026802062988281e+01
-2.247983360290527344e+01
-2.247983360290527344e+01
-2.247983360290527344e+01
-2.248961639404296875e+01
-2.250918197631835938e+01
-2.250918197631835938e+01
-2.250918197631835938e+01
-2.251896476745605469e+01
-2.254831314086914062e+01
-2.254831314086914062e+01
-2.256787872314453125e+01
-2.256787872314453125e+01
-2.257766151428222656e+01
-2.259722709655761719e+01
-2.260700988769531250e+01
-2.261679267883300781e+01
-2.261679267883300781e+01
-2.262657546997070312e+01
-2.264613914489746094e+01
-2.265592193603515625e+01
-2.266570472717285156e+01
-2.267548751831054688e+01
-2.268526840209960938e+01
-2.269505119323730469e+01
-2.270483398437500000e+01
-2.270483398437500000e+01
-2.272439765930175781e+01
-2.272439765930175781e+01
-2.273418045043945312e+01
-2.273418045043945312e+01
-2.277330589294433594e+01
-2.277330589294433594e+01
-2.277330589294433594e+01
-2.279286956787109375e+01
-2.280265235900878906e+01
-2.281243324279785156e+01
-2.281243324279785156e+01
-2.281243324279785156e+01
-2.284177780151367188e+01
-2.284177780151367188e+01
-2.286133956909179688e+01
-2.287112045288085938e+01
-2.288090133666992188e+01
-2.289068222045898438e+01
-2.290046310424804688e+01
-2.291024398803710938e+01
-2.292002487182617188e+01
-2.292002487182617188e+01
-2.293958663940429688e+01
-2.294936561584472656e+01
-2.294936561584472656e+01
-2.295914649963378906e+01
-2.296892738342285156e+01
-2.297870635986328125e+01
-2.299826812744140625e+01
-2.300804710388183594e+01
-2.301782798767089844e+01
-2.302760696411132812e+01
-2.302760696411132812e+01
-2.304716682434082031e+01
-2.305694580078125000e+01
-2.305694580078125000e+01
-2.307650375366210938e+01
-2.308628273010253906e+01
-2.308628273010253906e+01
-2.310584259033203125e+01
-2.310584259033203125e+01
-2.312539863586425781e+01
-2.313517761230468750e+01
-2.314495658874511719e+01
-2.315473556518554688e+01
-2.316451454162597656e+01
-2.316451454162597656e+01
-2.316451454162597656e+01
-2.319384765625000000e+01
-2.320362663269042969e+01
-2.321340370178222656e+01
-2.321340370178222656e+01
-2.323295974731445312e+01
-2.324273681640625000e+01
-2.324273681640625000e+01
-2.325251579284667969e+01
-2.326229286193847656e+01
-2.328184700012207031e+01
-2.328184700012207031e+01
-2.330140113830566406e+01
-2.331117630004882812e+01
-2.332095336914062500e+01
-2.333073043823242188e+01
-2.334050750732421875e+01
-2.335028266906738281e+01
-2.336005973815917969e+01
-2.336983489990234375e+01
-2.337961006164550781e+01
-2.337961006164550781e+01
-2.339916229248046875e+01
-2.340893745422363281e+01
-2.340893745422363281e+01
-2.342848777770996094e+01
-2.343826293945312500e+01
-2.343826293945312500e+01
-2.345781326293945312e+01
-2.346758842468261719e+01
-2.347736167907714844e+01
-2.348713684082031250e+01
-2.348713684082031250e+01
-2.350668525695800781e+01
-2.351645851135253906e+01
-2.352623367309570312e+01
-2.353600692749023438e+01
-2.353600692749023438e+01
-2.355555343627929688e+01
-2.356532669067382812e+01
-2.356532669067382812e+01
-2.358487319946289062e+01
-2.359464645385742188e+01
-2.359464645385742188e+01
-2.361419105529785156e+01
-2.362396430969238281e+01
-2.363373565673828125e+01
-2.364350700378417969e+01
-2.365328025817871094e+01
-2.365328025817871094e+01
-2.366305160522460938e+01
-2.368259429931640625e+01
-2.369236564636230469e+01
-2.370213699340820312e+01
-2.370213699340820312e+01
-2.372167778015136719e+01
-2.373144912719726562e+01
-2.373144912719726562e+01
-2.375098991394042969e+01
-2.376075935363769531e+01
-2.377053070068359375e+01
-2.377053070068359375e+01
-2.379983901977539062e+01
-2.379983901977539062e+01
-2.380960845947265625e+01
-2.380960845947265625e+01
-2.382914543151855469e+01
-2.383891487121582031e+01
-2.383891487121582031e+01
-2.385845184326171875e+01
-2.386821937561035156e+01
-2.387798690795898438e+01
-2.388775444030761719e+01
-2.388775444030761719e+01
-2.389752197265625000e+01
-2.391705703735351562e+01
-2.391705703735351562e+01
-2.393659210205078125e+01
-2.394635772705078125e+01
-2.394635772705078125e+01
-2.396589088439941406e+01
-2.397565650939941406e+01
-2.398542213439941406e+01
-2.399518966674804688e+01
-2.400495338439941406e+01
-2.401471900939941406e+01
-2.402448463439941406e+01
-2.402448463439941406e+01
-2.404401397705078125e+01
-2.405377960205078125e+01
-2.405377960205078125e+01
-2.407330703735351562e+01
-2.407330703735351562e+01
-2.408307075500488281e+01
-2.410259819030761719e+01
-2.410259819030761719e+01
-2.410259819030761719e+01
-2.413188743591308594e+01
-2.413188743591308594e+01
-2.415141296386718750e+01
-2.415141296386718750e+01
-2.416117477416992188e+01
-2.418069839477539062e+01
-2.418069839477539062e+01
-2.420022201538085938e+01
-2.420022201538085938e+01
-2.420998382568359375e+01
-2.421974372863769531e+01
-2.423926544189453125e+01
-2.424902534484863281e+01
-2.424902534484863281e+01
-2.426854515075683594e+01
-2.426854515075683594e+01
-2.428806495666503906e+01
-2.428806495666503906e+01
-2.428806495666503906e+01
-2.431734085083007812e+01
-2.431734085083007812e+01
-2.433685874938964844e+01
-2.434661674499511719e+01
-2.434661674499511719e+01
-2.436613082885742188e+01
-2.437588882446289062e+01
-2.437588882446289062e+01
-2.439540290832519531e+01
-2.440515899658203125e+01
-2.441491508483886719e+01
-2.442467117309570312e+01
-2.443442726135253906e+01
-2.444418334960937500e+01
-2.445393753051757812e+01
-2.445393753051757812e+01
-2.447344779968261719e+01
-2.448320198059082031e+01
-2.448320198059082031e+01
-2.450271034240722656e+01
-2.450271034240722656e+01
-2.450271034240722656e+01
-2.453197097778320312e+01
-2.453197097778320312e+01
-2.454172515869140625e+01
-2.456122970581054688e+01
-2.456122970581054688e+01
-2.458073425292968750e+01
-2.459048652648925781e+01
-2.459048652648925781e+01
-2.460023880004882812e+01
-2.461974143981933594e+01
-2.462949180603027344e+01
-2.462949180603027344e+01
-2.464899253845214844e+01
-2.465874099731445312e+01
-2.466849136352539062e+01
-2.467824172973632812e+01
-2.467824172973632812e+01
-2.469773864746093750e+01
-2.469773864746093750e+01
-2.471723556518554688e+01
-2.472698402404785156e+01
-2.472698402404785156e+01
-2.474647903442382812e+01
-2.474647903442382812e+01
-2.475622558593750000e+01
-2.477572059631347656e+01
-2.477572059631347656e+01
-2.478546714782714844e+01
-2.479521179199218750e+01
-2.479521179199218750e+01
-2.482444953918457031e+01
-2.482444953918457031e+01
-2.484393882751464844e+01
-2.485368347167968750e+01
-2.485368347167968750e+01
-2.487317085266113281e+01
-2.488291358947753906e+01
-2.488291358947753906e+01
-2.489265823364257812e+01
-2.491214370727539062e+01
-2.492188644409179688e+01
-2.493162727355957031e+01
-2.494137001037597656e+01
-2.494137001037597656e+01
-2.496085166931152344e+01
-2.497059249877929688e+01
-2.498033332824707031e+01
-2.499007415771484375e+01
-2.499007415771484375e+01
-2.500955200195312500e+01
-2.501929283142089844e+01
-2.501929283142089844e+01
-2.503877067565917969e+01
-2.504850769042968750e+01
-2.504850769042968750e+01
-2.506798362731933594e+01
-2.506798362731933594e+01
-2.508745765686035156e+01
-2.509719467163085938e+01
-2.509719467163085938e+01
-2.511666870117187500e+01
-2.512640380859375000e+01
-2.513613891601562500e+01
-2.514587402343750000e+01
-2.515560913085937500e+01
-2.516534423828125000e+01
-2.517507743835449219e+01
-2.517507743835449219e+01
-2.518481254577636719e+01
-2.520427894592285156e+01
-2.521401214599609375e+01
-2.522374343872070312e+01
-2.522374343872070312e+01
-2.523347663879394531e+01
-2.525293922424316406e+01
-2.525293922424316406e+01
-2.526267051696777344e+01
-2.528213310241699219e+01
-2.528213310241699219e+01
-2.529186248779296875e+01
-2.531132316589355469e+01
-2.531132316589355469e+01
-2.533078002929687500e+01
-2.533078002929687500e+01
-2.535023689270019531e+01
-2.535996437072753906e+01
-2.535996437072753906e+01
-2.536969184875488281e+01
-2.537941932678222656e+01
-2.538914680480957031e+01
-2.540859985351562500e+01
-2.541832542419433594e+01
-2.542805099487304688e+01
-2.543777465820312500e+01
-2.543777465820312500e+01
-2.544750022888183594e+01
-2.546694755554199219e+01
-2.546694755554199219e+01
-2.548639488220214844e+01
-2.548639488220214844e+01
-2.551556205749511719e+01
-2.551556205749511719e+01
-2.551556205749511719e+01
-2.552528381347656250e+01
-2.554472732543945312e+01
-2.555444717407226562e+01
-2.556416893005371094e+01
-2.557388877868652344e+01
-2.557388877868652344e+01
-2.559332656860351562e+01
-2.560304641723632812e+01
-2.560304641723632812e+01
-2.560304641723632812e+01
-2.563220024108886719e+01
-2.564191818237304688e+01
-2.565163421630859375e+01
-2.565163421630859375e+01
-2.566135025024414062e+01
-2.568078231811523438e+01
-2.568078231811523438e+01
-2.570021438598632812e+01
-2.570992851257324219e+01
-2.571964263916015625e+01
-2.572935676574707031e+01
-2.573907089233398438e+01
-2.574878311157226562e+01
-2.574878311157226562e+01
-2.575849533081054688e+01
-2.576820755004882812e+01
-2.578763198852539062e+01
-2.578763198852539062e+01
-2.579734230041503906e+01
-2.581676483154296875e+01
-2.581676483154296875e+01
-2.583618354797363281e+01
-2.584589385986328125e+01
-2.584589385986328125e+01
-2.586531066894531250e+01
-2.587501907348632812e+01
-2.588472557067871094e+01
-2.588472557067871094e+01
-2.589443397521972656e+01
-2.590414047241210938e+01
-2.592355155944824219e+01
-2.592355155944824219e+01
-2.592355155944824219e+01
-2.595266723632812500e+01
-2.596237182617187500e+01
-2.596237182617187500e+01
-2.598177909851074219e+01
-2.599148178100585938e+01
-2.600118446350097656e+01
-2.600118446350097656e+01
-2.601088714599609375e+01
-2.603029060363769531e+01
-2.603029060363769531e+01
-2.604969215393066406e+01
-2.605939292907714844e+01
-2.605939292907714844e+01
-2.607879066467285156e+01
-2.608848953247070312e+01
-2.608848953247070312e+01
-2.610788726806640625e+01
-2.610788726806640625e+01
-2.611758422851562500e+01
-2.612728118896484375e+01
-2.613697814941406250e+01
-2.615637016296386719e+01
-2.617576026916503906e+01
-2.618545532226562500e+01
-2.618545532226562500e+01
-2.618545532226562500e+01
-2.621453666687011719e+01
-2.621453666687011719e+01
-2.621453666687011719e+01
-2.622422981262207031e+01
-2.624361419677734375e+01
-2.624361419677734375e+01
-2.625330543518066406e+01
-2.627268600463867188e+01
-2.627268600463867188e+01
-2.629206657409667969e+01
-2.630175590515136719e+01
-2.630175590515136719e+01
-2.630175590515136719e+01
-2.633082008361816406e+01
-2.633082008361816406e+01
-2.635019493103027344e+01
-2.635988235473632812e+01
-2.635988235473632812e+01
-2.637925338745117188e+01
-2.638893890380859375e+01
-2.639862251281738281e+01
-2.640830802917480469e+01
-2.640830802917480469e+01
-2.641799163818359375e+01
-2.643735694885253906e+01
-2.643735694885253906e+01
-2.645672225952148438e+01
-2.646640205383300781e+01
-2.647608375549316406e+01
-2.647608375549316406e+01
-2.649544525146484375e+01
-2.650512313842773438e+01
-2.650512313842773438e+01
-2.651480293273925781e+01
-2.653416061401367188e+01
-2.654383659362792969e+01
-2.655351448059082031e+01
-2.655351448059082031e+01
-2.657286643981933594e+01
-2.658254241943359375e+01
-2.658254241943359375e+01
-2.660189247131347656e+01
-2.661156654357910156e+01
-2.662124061584472656e+01
-2.664058685302734375e+01
-2.664058685302734375e+01
-2.665025901794433594e+01
-2.665025901794433594e+01
-2.666960334777832031e+01
-2.667927360534667969e+01
-2.668894386291503906e+01
-2.669861412048339844e+01
-2.670828247070312500e+01
-2.671795272827148438e+01
-2.672762107849121094e+01
-2.674695587158203125e+01
-2.674695587158203125e+01
-2.675662231445312500e+01
-2.675662231445312500e+01
-2.676628875732421875e+01
-2.677595520019531250e+01
-2.679528617858886719e+01
-2.680494880676269531e+01
-2.681461334228515625e+01
-2.681461334228515625e+01
-2.683394050598144531e+01
-2.683394050598144531e+01
-2.685326385498046875e+01
-2.686292457580566406e+01
-2.686292457580566406e+01
-2.688224601745605469e+01
-2.689190673828125000e+01
-2.689190673828125000e+01
-2.691122436523437500e+01
-2.692088317871093750e+01
-2.693054008483886719e+01
-2.694019699096679688e+01
-2.694019699096679688e+01
-2.695951080322265625e+01
-2.695951080322265625e+01
-2.696916580200195312e+01
-2.698847579956054688e+01
-2.698847579956054688e+01
-2.699812889099121094e+01
-2.701743507385253906e+01
-2.701743507385253906e+01
-2.702708816528320312e+01
-2.704639244079589844e+01
-2.704639244079589844e+01
-2.706569290161132812e+01
-2.707534217834472656e+01
-2.707534217834472656e+01
-2.709464073181152344e+01
-2.710429000854492188e+01
-2.711393737792968750e+01
-2.711393737792968750e+01
-2.714287757873535156e+01
-2.714287757873535156e+01
-2.714287757873535156e+01
-2.716216850280761719e+01
-2.716216850280761719e+01
-2.718145561218261719e+01
-2.719109916687011719e+01
-2.720074272155761719e+01
-2.721038436889648438e+01
-2.722002601623535156e+01
-2.722966766357421875e+01
-2.722966766357421875e+01
-2.724894905090332031e+01
-2.725858879089355469e+01
-2.725858879089355469e+01
-2.727786636352539062e+01
-2.728750419616699219e+01
-2.728750419616699219e+01
-2.730677795410156250e+01
-2.732604980468750000e+01
-2.732604980468750000e+01
-2.733568572998046875e+01
-2.733568572998046875e+01
-2.734531974792480469e+01
-2.736458778381347656e+01
-2.736458778381347656e+01
-2.738385391235351562e+01
-2.739348602294921875e+01
-2.739348602294921875e+01
-2.741274833679199219e+01
-2.742237854003906250e+01
-2.743200683593750000e+01
-2.743200683593750000e+01
-2.745126533508300781e+01
-2.746089363098144531e+01
-2.747052001953125000e+01
-2.747052001953125000e+01
-2.748977470397949219e+01
-2.749939918518066406e+01
-2.749939918518066406e+01
-2.751865005493164062e+01
-2.751865005493164062e+01
-2.753789710998535156e+01
-2.754751968383789062e+01
-2.754751968383789062e+01
-2.756676292419433594e+01
-2.756676292419433594e+01
-2.757638549804687500e+01
-2.758600616455078125e+01
-2.760524559020996094e+01
-2.760524559020996094e+01
-2.762448310852050781e+01
-2.762448310852050781e+01
-2.763409996032714844e+01
-2.765333366394042969e+01
-2.766295051574707031e+01
-2.766295051574707031e+01
-2.768218040466308594e+01
-2.768218040466308594e+01
-2.770140838623046875e+01
-2.771102142333984375e+01
-2.772063446044921875e+01
-2.773024559020996094e+01
-2.773024559020996094e+01
-2.774946784973144531e+01
-2.775907897949218750e+01
-2.775907897949218750e+01
-2.777829742431640625e+01
-2.778790473937988281e+01
-2.778790473937988281e+01
-2.780711936950683594e+01
-2.781672668457031250e+01
-2.781672668457031250e+01
-2.783593750000000000e+01
-2.783593750000000000e+01
-2.784554290771484375e+01
-2.786475181579589844e+01
-2.786475181579589844e+01
-2.788395690917968750e+01
-2.789355850219726562e+01
-2.789355850219726562e+01
-2.791275978088378906e+01
-2.791275978088378906e+01
-2.792236137390136719e+01
-2.794155883789062500e+01
-2.794155883789062500e+01
-2.796075439453125000e+01
-2.797035217285156250e+01
-2.797035217285156250e+01
-2.798954391479492188e+01
-2.799913978576660156e+01
-2.799913978576660156e+01
-2.801832771301269531e+01
-2.802792167663574219e+01
-2.803751373291015625e+01
-2.804710769653320312e+01
-2.806628990173339844e+01
-2.806628990173339844e+01
-2.807588005065917969e+01
-2.808547019958496094e+01
-2.809505844116210938e+01
-2.810464668273925781e+01
-2.811423492431640625e+01
-2.811423492431640625e+01
-2.812382316589355469e+01
-2.815258026123046875e+01
-2.815258026123046875e+01
-2.815258026123046875e+01
-2.816216468811035156e+01
-2.818133354187011719e+01
-2.818133354187011719e+01
-2.820049858093261719e+01
-2.821007919311523438e+01
-2.821966171264648438e+01
-2.822924232482910156e+01
-2.823882102966308594e+01
-2.824839973449707031e+01
-2.825797843933105469e+01
-2.825797843933105469e+01
-2.827713394165039062e+01
-2.828671073913574219e+01
-2.828671073913574219e+01
-2.830586242675781250e+01
-2.831543731689453125e+01
-2.831543731689453125e+01
-2.833458518981933594e+01
-2.834415817260742188e+01
-2.835372924804687500e+01
-2.836330223083496094e+01
-2.836330223083496094e+01
-2.836330223083496094e+01
-2.839201354980468750e+01
-2.839201354980468750e+01
-2.841114997863769531e+01
-2.841114997863769531e+01
-2.841114997863769531e+01
-2.843028450012207031e+01
-2.845898246765136719e+01
-2.845898246765136719e+01
-2.845898246765136719e+01
-2.846854782104492188e+01
-2.847811126708984375e+01
-2.848767471313476562e+01
-2.850679779052734375e+01
-2.851635932922363281e+01
-2.851635932922363281e+01
-2.852592086791992188e+01
-2.853548049926757812e+01
-2.854504013061523438e+01
-2.855459785461425781e+01
-2.856415748596191406e+01
-2.857371330261230469e+01
-2.858327102661132812e+01
-2.859282684326171875e+01
-2.860238265991210938e+01
-2.861193656921386719e+01
-2.862149047851562500e+01
-2.863104438781738281e+01
-2.864059638977050781e+01
-2.865014839172363281e+01
-2.865970039367675781e+01
-2.866925239562988281e+01
-2.867880249023437500e+01
-2.868835067749023438e+01
-2.869790077209472656e+01
-2.870744705200195312e+01
-2.871699523925781250e+01
-2.872654151916503906e+01
-2.873608779907226562e+01
-2.874563407897949219e+01
-2.875517845153808594e+01
-2.876472282409667969e+01
-2.877426528930664062e+01
-2.878380966186523438e+01
-2.879335021972656250e+01
-2.880289268493652344e+01
-2.881243324279785156e+01
-2.882197380065917969e+01
-2.883151245117187500e+01
-2.884105110168457031e+01
-2.886012649536132812e+01
-2.886966323852539062e+01
-2.887919998168945312e+01
-2.888873481750488281e+01
-2.889826965332031250e+01
-2.890780258178710938e+01
-2.891733551025390625e+01
-2.891733551025390625e+01
-2.893640136718750000e+01
-2.894593238830566406e+01
-2.894593238830566406e+01
-2.896499252319335938e+01
-2.897452163696289062e+01
-2.898405075073242188e+01
-2.899357795715332031e+01
-2.899357795715332031e+01
-2.900310516357421875e+01
-2.902215766906738281e+01
-2.902215766906738281e+01
-2.904120635986328125e+01
-2.904120635986328125e+01
-2.906025314331054688e+01
-2.906977462768554688e+01
-2.907929611206054688e+01
-2.908881759643554688e+01
-2.908881759643554688e+01
-2.910785675048828125e+01
-2.911737632751464844e+01
-2.912689399719238281e+01
-2.912689399719238281e+01
-2.914592742919921875e+01
-2.914592742919921875e+01
-2.915544319152832031e+01
-2.917447280883789062e+01
-2.918398666381835938e+01
-2.918398666381835938e+01
-2.919350051879882812e+01
-2.921252441406250000e+01
-2.921252441406250000e+01
-2.923154449462890625e+01
-2.923154449462890625e+01
-2.923154449462890625e+01
-2.926007080078125000e+01
-2.926007080078125000e+01
-2.926957893371582031e+01
-2.928859138488769531e+01
-2.928859138488769531e+01
-2.929809761047363281e+01
-2.931710433959960938e+01
-2.931710433959960938e+01
-2.933611106872558594e+01
-2.933611106872558594e+01
-2.935511398315429688e+01
-2.935511398315429688e+01
-2.936461257934570312e+01
-2.937411308288574219e+01
-2.939311027526855469e+01
-2.939311027526855469e+01
-2.940260696411132812e+01
-2.942160034179687500e+01
-2.942160034179687500e+01
-2.944058990478515625e+01
-2.945008277893066406e+01
-2.945957565307617188e+01
-2.946906852722167969e+01
-2.946906852722167969e+01
-2.948805046081542969e+01
-2.949753952026367188e+01
-2.949753952026367188e+01
-2.951651763916015625e+01
-2.953549194335937500e+01
-2.953549194335937500e+01
-2.954497909545898438e+01
-2.954497909545898438e+01
-2.956394958496093750e+01
-2.957343292236328125e+01
-2.957343292236328125e+01
-2.959239959716796875e+01
-2.960188102722167969e+01
-2.961136245727539062e+01
-2.962084388732910156e+01
-2.963032341003417969e+01
-2.963980102539062500e+01
-2.964928054809570312e+01
-2.964928054809570312e+01
-2.966823387145996094e+01
-2.967770957946777344e+01
-2.967770957946777344e+01
-2.969665908813476562e+01
-2.970613288879394531e+01
-2.970613288879394531e+01
-2.972507858276367188e+01
-2.974402046203613281e+01
-2.974402046203613281e+01
-2.975349044799804688e+01
-2.975349044799804688e+01
-2.977242851257324219e+01
-2.978189659118652344e+01
-2.979136276245117188e+01
-2.980082893371582031e+01
-2.980082893371582031e+01
-2.981029510498046875e+01
-2.982922363281250000e+01
-2.982922363281250000e+01
-2.984814834594726562e+01
-2.985761070251464844e+01
-2.985761070251464844e+01
-2.987653160095214844e+01
-2.987653160095214844e+01
-2.989544868469238281e+01
-2.990490722656250000e+01
-2.990490722656250000e+01
-2.991436386108398438e+01
-2.993327522277832031e+01
-2.994272994995117188e+01
-2.995218276977539062e+01
-2.996163749694824219e+01
-2.997108840942382812e+01
-2.997108840942382812e+01
-2.998054122924804688e+01
-2.998999214172363281e+01
-3.001833915710449219e+01
-3.002778625488281250e+01
-3.002778625488281250e+01
-3.003723335266113281e+01
-3.005612564086914062e+01
-3.005612564086914062e+01
-3.005612564086914062e+01
-3.006556892395019531e+01
-3.008445739746093750e+01
-3.009389877319335938e+01
-3.010334014892578125e+01
-3.010334014892578125e+01
-3.013166046142578125e+01
-3.013166046142578125e+01
-3.014109802246093750e+01
-3.014109802246093750e+01
-3.015997314453125000e+01
-3.016940879821777344e+01
-3.016940879821777344e+01
-3.018827819824218750e+01
-3.019771194458007812e+01
-3.019771194458007812e+01
-3.021657562255859375e+01
-3.021657562255859375e+01
-3.022600746154785156e+01
-3.023543739318847656e+01
-3.024486732482910156e+01
-3.025429534912109375e+01
-3.027315139770507812e+01
-3.027315139770507812e+01
-3.029200363159179688e+01
-3.030142784118652344e+01
-3.031085205078125000e+01
-3.032027435302734375e+01
-3.032027435302734375e+01
-3.033911895751953125e+01
-3.034853935241699219e+01
-3.034853935241699219e+01
-3.036737823486328125e+01
-3.037679672241210938e+01
-3.038621520996093750e+01
-3.039563179016113281e+01
-3.040504837036132812e+01
-3.041446304321289062e+01
-3.042387771606445312e+01
-3.042387771606445312e+01
-3.044270324707031250e+01
-3.044270324707031250e+01
-3.045211601257324219e+01
-3.047093582153320312e+01
-3.047093582153320312e+01
-3.048975372314453125e+01
-3.049916267395019531e+01
-3.049916267395019531e+01
-3.050856971740722656e+01
-3.052737998962402344e+01
-3.052737998962402344e+01
-3.053678512573242188e+01
-3.055559158325195312e+01
-3.055559158325195312e+01
-3.057439422607421875e+01
-3.058379554748535156e+01
-3.058379554748535156e+01
-3.060259437561035156e+01
-3.061199188232421875e+01
-3.062138938903808594e+01
-3.063078498840332031e+01
-3.063078498840332031e+01
-3.064957427978515625e+01
-3.065896797180175781e+01
-3.065896797180175781e+01
-3.067775344848632812e+01
-3.068714523315429688e+01
-3.068714523315429688e+01
-3.070592498779296875e+01
-3.071531295776367188e+01
-3.072470092773437500e+01
-3.073408889770507812e+01
-3.073408889770507812e+01
-3.074347496032714844e+01
-3.076224517822265625e+01
-3.076224517822265625e+01
-3.077162742614746094e+01
-3.079039382934570312e+01
-3.079039382934570312e+01
-3.080915451049804688e+01
-3.080915451049804688e+01
-3.081853485107421875e+01
-3.083728981018066406e+01
-3.083728981018066406e+01
-3.085604286193847656e+01
-3.086541938781738281e+01
-3.086541938781738281e+01
-3.088416671752929688e+01
-3.089353942871093750e+01
-3.089353942871093750e+01
-3.091228294372558594e+01
-3.091228294372558594e+01
-3.093102264404296875e+01
-3.094038963317871094e+01
-3.094038963317871094e+01
-3.095912551879882812e+01
-3.096849060058593750e+01
-3.096849060058593750e+01
-3.097785568237304688e+01
-3.099658203125000000e+01
-3.099658203125000000e+01
-3.101530647277832031e+01
-3.102466773986816406e+01
-3.103402709960937500e+01
-3.104338645935058594e+01
-3.104338645935058594e+01
-3.106210136413574219e+01
-3.107145881652832031e+01
-3.107145881652832031e+01
-3.109016799926757812e+01
-3.109952163696289062e+01
-3.110887527465820312e+01
-3.111822700500488281e+01
-3.111822700500488281e+01
-3.112757873535156250e+01
-3.114627838134765625e+01
-3.114627838134765625e+01
-3.116497421264648438e+01
-3.117432022094726562e+01
-3.117432022094726562e+01
-3.119301223754882812e+01
-3.120235633850097656e+01
-3.120235633850097656e+01
-3.122104072570800781e+01
-3.123038291931152344e+01
-3.123972320556640625e+01
-3.123972320556640625e+01
-3.124906349182128906e+01
-3.125840187072753906e+01
-3.127707672119140625e+01
-3.127707672119140625e+01
-3.129574775695800781e+01
-3.130508232116699219e+01
-3.130508232116699219e+01
-3.132374954223632812e+01
-3.133308029174804688e+01
-3.134241104125976562e+01
-3.135174179077148438e+01
-3.136107063293457031e+01
-3.137039947509765625e+01
-3.137972640991210938e+01
-3.137972640991210938e+01
-3.139837837219238281e+01
-3.140770339965820312e+01
-3.140770339965820312e+01
-3.142634963989257812e+01
-3.143567085266113281e+01
-3.143567085266113281e+01
-3.144499206542968750e+01
-3.146363258361816406e+01
-3.146363258361816406e+01
-3.148226737976074219e+01
-3.148226737976074219e+01
-3.150090026855468750e+01
-3.151021575927734375e+01
-3.151952934265136719e+01
-3.152884292602539062e+01
-3.153815460205078125e+01
-3.153815460205078125e+01
-3.155677795410156250e+01
-3.155677795410156250e+01
-3.156608772277832031e+01
-3.158470535278320312e+01
-3.158470535278320312e+01
-3.160331916809082031e+01
-3.161262512207031250e+01
-3.161262512207031250e+01
-3.163123321533203125e+01
-3.164053535461425781e+01
-3.164983749389648438e+01
-3.165913963317871094e+01
-3.166843986511230469e+01
-3.167774009704589844e+01
-3.168704032897949219e+01
-3.168704032897949219e+01
-3.170563507080078125e+01
-3.170563507080078125e+01
-3.171493148803710938e+01
-3.173352241516113281e+01
-3.174281692504882812e+01
-3.174281692504882812e+01
-3.176140213012695312e+01
-3.176140213012695312e+01
-3.177069473266601562e+01
-3.177998542785644531e+01
-3.178927612304687500e+01
-3.178927612304687500e+01
-3.181714057922363281e+01
-3.181714057922363281e+01
-3.182642745971679688e+01
-3.184499931335449219e+01
-3.185428428649902344e+01
-3.185428428649902344e+01
-3.187285232543945312e+01
-3.188213348388671875e+01
-3.189141654968261719e+01
-3.189141654968261719e+01
-3.190997695922851562e+01
-3.191925621032714844e+01
-3.193781280517578125e+01
-3.193781280517578125e+01
-3.193781280517578125e+01
-3.196564102172851562e+01
-3.196564102172851562e+01
-3.197491645812988281e+01
-3.197491645812988281e+01
-3.199346351623535156e+01
-3.199346351623535156e+01
-3.201200866699218750e+01
-3.202127838134765625e+01
-3.202127838134765625e+01
-3.203054809570312500e+01
-3.204908752441406250e+01
-3.205835723876953125e+01
-3.206762313842773438e+01
-3.206762313842773438e+01
-3.208615875244140625e+01
-3.209542083740234375e+01
-3.209542083740234375e+01
-3.211395263671875000e+01
-3.212321472167968750e+01
-3.213247680664062500e+01
-3.214173889160156250e+01
-3.214173889160156250e+01
-3.216025924682617188e+01
-3.216952133178710938e+01
-3.216952133178710938e+01
-3.218803787231445312e+01
-3.219729614257812500e+01
-3.219729614257812500e+01
-3.221580886840820312e+01
-3.221580886840820312e+01
-3.223431777954101562e+01
-3.223431777954101562e+01
-3.225282669067382812e+01
-3.226208114624023438e+01
-3.226208114624023438e+01
-3.228058242797851562e+01
-3.228058242797851562e+01
-3.228983306884765625e+01
-3.228983306884765625e+01
-3.228983306884765625e+01
-3.231758117675781250e+01
-3.233607864379882812e+01
-3.233607864379882812e+01
-3.234532546997070312e+01
-3.234532546997070312e+01
-3.234532546997070312e+01
-3.237306213378906250e+01
-3.238230895996093750e+01
-3.239155197143554688e+01
-3.240079498291015625e+01
-3.241003799438476562e+01
-3.241927719116210938e+01
-3.243775939941406250e+01
-3.243775939941406250e+01
-3.245624160766601562e+01
-3.245624160766601562e+01
-3.246547698974609375e+01
-3.248395538330078125e+01
-3.249319076538085938e+01
-3.249319076538085938e+01
-3.250242614746093750e+01
-3.252089691162109375e+01
-3.252089691162109375e+01
-3.253013229370117188e+01
-3.253936767578125000e+01
-3.254859924316406250e+01
-3.255783081054687500e+01
-3.256706619262695312e+01
-3.257629394531250000e+01
-3.258552551269531250e+01
-3.260398864746093750e+01
-3.261321640014648438e+01
-3.261321640014648438e+01
-3.263167190551757812e+01
-3.263167190551757812e+01
-3.264089965820312500e+01
-3.265012741088867188e+01
-3.265935134887695312e+01
-3.266857910156250000e+01
-3.267780303955078125e+01
-3.268702697753906250e+01
-3.269625091552734375e+01
-3.270547485351562500e+01
-3.271469879150390625e+01
-3.272392272949218750e+01
-3.273314285278320312e+01
-3.274236297607421875e+01
-3.275158309936523438e+01
-3.276080703735351562e+01
-3.277002334594726562e+01
-3.277924346923828125e+01
-3.278846359252929688e+01
-3.279767990112304688e+01
-3.281611633300781250e+01
-3.281611633300781250e+01
-3.282533264160156250e+01
-3.284376144409179688e+01
-3.284376144409179688e+01
-3.285297775268554688e+01
-3.286219024658203125e+01
-3.287140655517578125e+01
-3.288061904907226562e+01
-3.288983154296875000e+01
-3.289904403686523438e+01
-3.290825653076171875e+01
-3.291746902465820312e+01
-3.292667770385742188e+01
-3.293588638305664062e+01
-3.294509887695312500e+01
-3.295430755615234375e+01
-3.297272491455078125e+01
-3.297272491455078125e+01
-3.298193359375000000e+01
-3.299113845825195312e+01
-3.300034713745117188e+01
-3.300955200195312500e+01
-3.301876068115234375e+01
-3.302796554565429688e+01
-3.304637527465820312e+01
-3.304637527465820312e+01
-3.305557632446289062e+01
-3.306478118896484375e+01
-3.307398605346679688e+01
-3.308318710327148438e+01
-3.309238815307617188e+01
-3.310158920288085938e+01
-3.311079406738281250e+01
-3.311999130249023438e+01
-3.312919235229492188e+01
-3.313839340209960938e+01
-3.314759445190429688e+01
-3.314759445190429688e+01
-3.314759445190429688e+01
-3.314759445190429688e+01
-3.314759445190429688e+01
-3.314759445190429688e+01
-3.314759445190429688e+01
-3.314759445190429688e+01
-3.314759445190429688e+01
-3.314759445190429688e+01
-3.314759445190429688e+01
-3.314759445190429688e+01
-3.314759445190429688e+01
-3.314759445190429688e+01
-3.314759445190429688e+01
-3.314759445190429688e+01
-3.314759445190429688e+01
-3.705215072631835938e+01
-3.706061935424804688e+01
-3.706908416748046875e+01
-3.707754898071289062e+01
-3.707754898071289062e+01
-3.710294723510742188e+01
-3.710294723510742188e+01
-3.711141204833984375e+01
-3.711141204833984375e+01
-3.712834167480468750e+01
-3.714527130126953125e+01
-3.714527130126953125e+01
-3.715373992919921875e+01
-3.717066955566406250e+01
-3.717066955566406250e+01
-3.717913436889648438e+01
-3.719606399536132812e+01
-3.719606399536132812e+01
-3.720452880859375000e+01
-3.722145843505859375e+01
-3.722145843505859375e+01
-3.722992324829101562e+01
-3.722992324829101562e+01
-3.724685287475585938e+01
-3.725531768798828125e+01
-3.726378250122070312e+01
-3.727224731445312500e+01
-3.728917694091796875e+01
-3.728917694091796875e+01
-3.729764175415039062e+01
-3.729764175415039062e+01
-3.729764175415039062e+01
-3.732303619384765625e+01
-3.733996200561523438e+01
-3.733996200561523438e+01
-3.734842681884765625e+01
-3.735689163208007812e+01
-3.736535263061523438e+01
-3.738228225708007812e+01
-3.738228225708007812e+01
-3.739074325561523438e+01
-3.739920806884765625e+01
-3.740766906738281250e+01
-3.741613388061523438e+01
-3.742459869384765625e+01
-3.742459869384765625e+01
-3.744152069091796875e+01
-3.744152069091796875e+01
-3.745844650268554688e+01
-3.746691131591796875e+01
-3.747537231445312500e+01
-3.748383331298828125e+01
-3.750075912475585938e+01
-3.750075912475585938e+01
-3.750922012329101562e+01
-3.751768112182617188e+01
-3.752614212036132812e+01
-3.753460311889648438e+01
-3.754306411743164062e+01
-3.755152511596679688e+01
-3.756844711303710938e+01
-3.756844711303710938e+01
-3.757690811157226562e+01
-3.759382629394531250e+01
-3.759382629394531250e+01
-3.760228729248046875e+01
-3.761074829101562500e+01
-3.761920547485351562e+01
-3.762766647338867188e+01
-3.763612365722656250e+01
-3.763612365722656250e+01
-3.766149902343750000e+01
-3.766149902343750000e+01
-3.766996002197265625e+01
-3.768687438964843750e+01
-3.768687438964843750e+01
-3.768687438964843750e+01
-3.770379257202148438e+01
-3.771224975585937500e+01
-3.772070693969726562e+01
-3.772916412353515625e+01
-3.773761749267578125e+01
-3.775453186035156250e+01
-3.775453186035156250e+01
-3.776298904418945312e+01
-3.777989959716796875e+01
-3.777989959716796875e+01
-3.778835678100585938e+01
-3.779681015014648438e+01
-3.780526351928710938e+01
-3.781372070312500000e+01
-3.783062744140625000e+01
-3.783062744140625000e+01
-3.783908081054687500e+01
-3.785599136352539062e+01
-3.785599136352539062e+01
-3.785599136352539062e+01
-3.787289428710937500e+01
-3.787289428710937500e+01
-3.789825439453125000e+01
-3.789825439453125000e+01
-3.790670394897460938e+01
-3.792360687255859375e+01
-3.792360687255859375e+01
-3.793206024169921875e+01
-3.794895935058593750e+01
-3.794895935058593750e+01
-3.795741271972656250e+01
-3.797431182861328125e+01
-3.797431182861328125e+01
-3.798276138305664062e+01
-3.799965667724609375e+01
-3.799965667724609375e+01
-3.800810623168945312e+01
-3.801655578613281250e+01
-3.802500152587890625e+01
-3.803345108032226562e+01
-3.804189682006835938e+01
-3.805879211425781250e+01
-3.805879211425781250e+01
-3.805879211425781250e+01
-3.808412933349609375e+01
-3.808412933349609375e+01
-3.809257507324218750e+01
-3.810102081298828125e+01
-3.810946273803710938e+01
-3.812635421752929688e+01
-3.812635421752929688e+01
-3.813479614257812500e+01
-3.815168380737304688e+01
-3.815168380737304688e+01
-3.816012573242187500e+01
-3.816012573242187500e+01
-3.817700958251953125e+01
-3.817700958251953125e+01
-3.819389343261718750e+01
-3.819389343261718750e+01
-3.821921539306640625e+01
-3.821921539306640625e+01
-3.822765350341796875e+01
-3.824453353881835938e+01
-3.824453353881835938e+01
-3.824453353881835938e+01
-3.826140975952148438e+01
-3.826984786987304688e+01
-3.827828598022460938e+01
-3.828672027587890625e+01
-3.829515838623046875e+01
-3.830359268188476562e+01
-3.832046508789062500e+01
-3.832046508789062500e+01
-3.832889938354492188e+01
-3.833733749389648438e+01
-3.834577178955078125e+01
-3.835420227050781250e+01
-3.836263656616210938e+01
-3.837950515747070312e+01
-3.837950515747070312e+01
-3.838793563842773438e+01
-3.840480041503906250e+01
-3.840480041503906250e+01
-3.841323089599609375e+01
-3.842166137695312500e+01
-3.843009185791015625e+01
-3.843851852416992188e+01
-3.844694900512695312e+01
-3.845537948608398438e+01
-3.845537948608398438e+01
-3.847223663330078125e+01
-3.848066329956054688e+01
-3.849751663208007812e+01
-3.849751663208007812e+01
-3.849751663208007812e+01
-3.852279281616210938e+01
-3.852279281616210938e+01
-3.853964233398437500e+01
-3.853964233398437500e+01
-3.854806518554687500e+01
-3.856491088867187500e+01
-3.856491088867187500e+01
-3.857333374023437500e+01
-3.859017944335937500e+01
-3.859017944335937500e+01
-3.859859848022460938e+01
-3.861544036865234375e+01
-3.861544036865234375e+01
-3.862385940551757812e+01
-3.863227844238281250e+01
-3.864069747924804688e+01
-3.865753173828125000e+01
-3.865753173828125000e+01
-3.866594696044921875e+01
-3.868278121948242188e+01
-3.868278121948242188e+01
-3.869119644165039062e+01
-3.870802688598632812e+01
-3.870802688598632812e+01
-3.871643829345703125e+01
-3.872485351562500000e+01
-3.872485351562500000e+01
-3.875009155273437500e+01
-3.875009155273437500e+01
-3.875850296020507812e+01
-3.876691055297851562e+01
-3.877532196044921875e+01
-3.877532196044921875e+01
-3.880054855346679688e+01
-3.880054855346679688e+01
-3.880895614624023438e+01
-3.881736373901367188e+01
-3.882577133178710938e+01
-3.883417892456054688e+01
-3.884258270263671875e+01
-3.885099029541015625e+01
-3.886779785156250000e+01
-3.886779785156250000e+01
-3.887620162963867188e+01
-3.889300537109375000e+01
-3.889300537109375000e+01
-3.889300537109375000e+01
-3.890140914916992188e+01
-3.891820907592773438e+01
-3.891820907592773438e+01
-3.891820907592773438e+01
-3.894340896606445312e+01
-3.896020507812500000e+01
-3.896020507812500000e+01
-3.896860122680664062e+01
-3.896860122680664062e+01
-3.898539352416992188e+01
-3.900218200683593750e+01
-3.900218200683593750e+01
-3.901057434082031250e+01
-3.902736282348632812e+01
-3.902736282348632812e+01
-3.903575515747070312e+01
-3.905253601074218750e+01
-3.905253601074218750e+01
-3.906092834472656250e+01
-3.906931686401367188e+01
-3.907770538330078125e+01
-3.907770538330078125e+01
-3.908609390258789062e+01
-3.910286712646484375e+01
-3.911125564575195312e+01
-3.912802505493164062e+01
-3.913640975952148438e+01
-3.913640975952148438e+01
-3.916156005859375000e+01
-3.916156005859375000e+01
-3.916156005859375000e+01
-3.916994094848632812e+01
-3.917832183837890625e+01
-3.918670272827148438e+01
-3.919508361816406250e+01
-3.921183776855468750e+01
-3.921183776855468750e+01
-3.922021865844726562e+01
-3.923696899414062500e+01
-3.923696899414062500e+01
-3.924534606933593750e+01
-3.926209640502929688e+01
-3.926209640502929688e+01
-3.927046966552734375e+01
-3.928721237182617188e+01
-3.928721237182617188e+01
-3.929558563232421875e+01
-3.931232833862304688e+01
-3.931232833862304688e+01
-3.932069396972656250e+01
-3.933743286132812500e+01
-3.933743286132812500e+01
-3.934579849243164062e+01
-3.934579849243164062e+01
-3.936253356933593750e+01
-3.937926101684570312e+01
-3.937926101684570312e+01
-3.938762283325195312e+01
-3.939598846435546875e+01
-3.940435028076171875e+01
-3.942107009887695312e+01
-3.942107009887695312e+01
-3.942943191528320312e+01
-3.944614791870117188e+01
-3.944614791870117188e+01
-3.945450592041015625e+01
-3.946286392211914062e+01
-3.947121810913085938e+01
-3.947957611083984375e+01
-3.947957611083984375e+01
-3.948793029785156250e+01
-3.949628448486328125e+01
-3.951298904418945312e+01
-3.952133941650390625e+01
-3.952968978881835938e+01
-3.953804016113281250e+01
-3.954639053344726562e+01
-3.955473709106445312e+01
-3.956308364868164062e+01
-3.957143020629882812e+01
-3.957143020629882812e+01
-3.958812332153320312e+01
-3.959646606445312500e+01
-3.960480880737304688e+01
-3.961315155029296875e+01
-3.962983703613281250e+01
-3.962983703613281250e+01
-3.963817596435546875e+01
-3.964651489257812500e+01
-3.965485382080078125e+01
-3.967152786254882812e+01
-3.967152786254882812e+01
-3.967986679077148438e+01
-3.969653701782226562e+01
-3.969653701782226562e+01
-3.970486831665039062e+01
-3.972153472900390625e+01
-3.972153472900390625e+01
-3.972986602783203125e+01
-3.974652481079101562e+01
-3.974652481079101562e+01
-3.974652481079101562e+01
-3.976317977905273438e+01
-3.977150726318359375e+01
-3.978815841674804688e+01
-3.978815841674804688e+01
-3.979648208618164062e+01
-3.979648208618164062e+01
-3.979648208618164062e+01
-3.982145309448242188e+01
-3.982145309448242188e+01
-3.983809280395507812e+01
-3.984641265869140625e+01
-3.986304855346679688e+01
-3.986304855346679688e+01
-3.986304855346679688e+01
-3.987968063354492188e+01
-3.988799285888671875e+01
-3.989630889892578125e+01
-3.989630889892578125e+01
-3.990462112426757812e+01
-3.992955398559570312e+01
-3.992955398559570312e+01
-3.994617080688476562e+01
-3.994617080688476562e+01
-3.995447921752929688e+01
-3.997109222412109375e+01
-3.997109222412109375e+01
-3.997939682006835938e+01
-3.997939682006835938e+01
-3.998769760131835938e+01
-4.000430297851562500e+01
-4.002090454101562500e+01
-4.002090454101562500e+01
-4.003750228881835938e+01
-4.003750228881835938e+01
-4.004579925537109375e+01
-4.006238937377929688e+01
-4.006238937377929688e+01
-4.007068634033203125e+01
-4.008727264404296875e+01
-4.008727264404296875e+01
-4.009556198120117188e+01
-4.011214065551757812e+01
-4.011214065551757812e+01
-4.012042999267578125e+01
-4.013700485229492188e+01
-4.013700485229492188e+01
-4.014529037475585938e+01
-4.015357589721679688e+01
-4.016185760498046875e+01
-4.017842483520507812e+01
-4.017842483520507812e+01
-4.018670272827148438e+01
-4.020326232910156250e+01
-4.020326232910156250e+01
-4.021154022216796875e+01
-4.022809219360351562e+01
-4.022809219360351562e+01
-4.023636627197265625e+01
-4.024464035034179688e+01
-4.025291442871093750e+01
-4.026945877075195312e+01
-4.026945877075195312e+01
-4.027772521972656250e+01
-4.029426193237304688e+01
-4.029426193237304688e+01
-4.030252838134765625e+01
-4.031906127929687500e+01
-4.031906127929687500e+01
-4.033558654785156250e+01
-4.033558654785156250e+01
-4.034384918212890625e+01
-4.036036682128906250e+01
-4.036036682128906250e+01
-4.036862564086914062e+01
-4.038513946533203125e+01
-4.038513946533203125e+01
-4.039339447021484375e+01
-4.040164947509765625e+01
-4.040990066528320312e+01
-4.041815185546875000e+01
-4.042640304565429688e+01
-4.043465423583984375e+01
-4.044290161132812500e+01
-4.045114898681640625e+01
-4.045939636230468750e+01
-4.047588729858398438e+01
-4.047588729858398438e+01
-4.048413085937500000e+01
-4.050061416625976562e+01
-4.050061416625976562e+01
-4.051709365844726562e+01
-4.051709365844726562e+01
-4.052533340454101562e+01
-4.052533340454101562e+01
-4.054180526733398438e+01
-4.055003738403320312e+01
-4.056650543212890625e+01
-4.056650543212890625e+01
-4.057473754882812500e+01
-4.059119415283203125e+01
-4.059119415283203125e+01
-4.060765075683593750e+01
-4.060765075683593750e+01
-4.061587524414062500e+01
-4.063232421875000000e+01
-4.063232421875000000e+01
-4.064054489135742188e+01
-4.065698623657226562e+01
-4.065698623657226562e+01
-4.067342376708984375e+01
-4.067342376708984375e+01
-4.068164062500000000e+01
-4.068985748291015625e+01
-4.069807052612304688e+01
-4.070628356933593750e+01
-4.072270584106445312e+01
-4.072270584106445312e+01
-4.073091506958007812e+01
-4.073912429809570312e+01
-4.074733352661132812e+01
-4.076374435424804688e+01
-4.076374435424804688e+01
-4.077194595336914062e+01
-4.078834915161132812e+01
-4.080474853515625000e+01
-4.080474853515625000e+01
-4.081294631958007812e+01
-4.081294631958007812e+01
-4.082934188842773438e+01
-4.082934188842773438e+01
-4.083753585815429688e+01
-4.085391998291015625e+01
-4.085391998291015625e+01
-4.086211013793945312e+01
-4.087030029296875000e+01
-4.087848663330078125e+01
-4.088667678833007812e+01
-4.089486312866210938e+01
-4.090304565429687500e+01
-4.090304565429687500e+01
-4.091941070556640625e+01
-4.092759323120117188e+01
-4.094395065307617188e+01
-4.094395065307617188e+01
-4.095212936401367188e+01
-4.096847915649414062e+01
-4.096847915649414062e+01
-4.097665405273437500e+01
-4.098482513427734375e+01
-4.099299621582031250e+01
-4.100933456420898438e+01
-4.100933456420898438e+01
-4.101750183105468750e+01
-4.103383255004882812e+01
-4.103383255004882812e+01
-4.104199600219726562e+01
-4.105015945434570312e+01
-4.105832290649414062e+01
-4.106648254394531250e+01
-4.107463836669921875e+01
-4.108279800415039062e+01
-4.109910964965820312e+01
-4.109910964965820312e+01
-4.110726165771484375e+01
-4.112356567382812500e+01
-4.112356567382812500e+01
-4.113986206054687500e+01
-4.113986206054687500e+01
-4.114801025390625000e+01
-4.114801025390625000e+01
-4.116430282592773438e+01
-4.117244338989257812e+01
-4.118872833251953125e+01
-4.118872833251953125e+01
-4.119686889648437500e+01
-4.120500564575195312e+01
-4.121314239501953125e+01
-4.122127914428710938e+01
-4.123754501342773438e+01
-4.123754501342773438e+01
-4.123754501342773438e+01
-4.125380706787109375e+01
-4.126193618774414062e+01
-4.127006530761718750e+01
-4.127819061279296875e+01
-4.128631591796875000e+01
-4.129444122314453125e+01
-4.130256271362304688e+01
-4.131068420410156250e+01
-4.132691955566406250e+01
-4.132691955566406250e+01
-4.133503723144531250e+01
-4.135126876831054688e+01
-4.135938262939453125e+01
-4.135938262939453125e+01
-4.136749267578125000e+01
-4.137560272216796875e+01
-4.139181900024414062e+01
-4.139181900024414062e+01
-4.139992904663085938e+01
-4.140803146362304688e+01
-4.141613769531250000e+01
-4.141613769531250000e+01
-4.143233871459960938e+01
-4.144043731689453125e+01
-4.145663452148437500e+01
-4.145663452148437500e+01
-4.146472930908203125e+01
-4.147282409667968750e+01
-4.148091506958007812e+01
-4.149709701538085938e+01
-4.149709701538085938e+01
-4.150518417358398438e+01
-4.152135848999023438e+01
-4.152135848999023438e+01
-4.152944183349609375e+01
-4.154560852050781250e+01
-4.154560852050781250e+01
-4.155368804931640625e+01
-4.156176757812500000e+01
-4.156984329223632812e+01
-4.157791900634765625e+01
-4.157791900634765625e+01
-4.159406661987304688e+01
-4.161021041870117188e+01
-4.161827850341796875e+01
-4.161827850341796875e+01
-4.163441467285156250e+01
-4.163441467285156250e+01
-4.164247894287109375e+01
-4.165053939819335938e+01
-4.165860366821289062e+01
-4.166666412353515625e+01
-4.167472076416015625e+01
-4.168278121948242188e+01
-4.169889068603515625e+01
-4.169889068603515625e+01
-4.169889068603515625e+01
-4.172304534912109375e+01
-4.172304534912109375e+01
-4.173109436035156250e+01
-4.174718856811523438e+01
-4.174718856811523438e+01
-4.174718856811523438e+01
-4.176327514648437500e+01
-4.177131652832031250e+01
-4.178739547729492188e+01
-4.178739547729492188e+01
-4.179543304443359375e+01
-4.181150436401367188e+01
-4.181150436401367188e+01
-4.181953811645507812e+01
-4.183559799194335938e+01
-4.183559799194335938e+01
-4.184362792968750000e+01
-4.185165405273437500e+01
-4.185968017578125000e+01
-4.187572479248046875e+01
-4.187572479248046875e+01
-4.188374710083007812e+01
-4.189978408813476562e+01
-4.189978408813476562e+01
-4.190780258178710938e+01
-4.192382812500000000e+01
-4.192382812500000000e+01
-4.193184280395507812e+01
-4.193984985351562500e+01
-4.194786071777343750e+01
-4.195586776733398438e+01
-4.196387481689453125e+01
-4.197187805175781250e+01
-4.198788452148437500e+01
-4.198788452148437500e+01
-4.199588394165039062e+01
-4.201187896728515625e+01
-4.201187896728515625e+01
-4.201987457275390625e+01
-4.203585815429687500e+01
-4.203585815429687500e+01
-4.205183792114257812e+01
-4.205183792114257812e+01
-4.205982589721679688e+01
-4.207579803466796875e+01
-4.207579803466796875e+01
-4.208378219604492188e+01
-4.209974288940429688e+01
-4.209974288940429688e+01
-4.210771942138671875e+01
-4.210771942138671875e+01
-4.212367248535156250e+01
-4.213961791992187500e+01
-4.213961791992187500e+01
-4.213961791992187500e+01
-4.216352462768554688e+01
-4.216352462768554688e+01
-4.217148971557617188e+01
-4.217945480346679688e+01
-4.218741607666015625e+01
-4.220333862304687500e+01
-4.220333862304687500e+01
-4.221129608154296875e+01
-4.222720718383789062e+01
-4.222720718383789062e+01
-4.223516082763671875e+01
-4.225106048583984375e+01
-4.225106048583984375e+01
-4.225901031494140625e+01
-4.227490234375000000e+01
-4.227490234375000000e+01
-4.227490234375000000e+01
-4.229078674316406250e+01
-4.229872894287109375e+01
-4.231460189819335938e+01
-4.231460189819335938e+01
-4.232254028320312500e+01
-4.233840560913085938e+01
-4.233840560913085938e+01
-4.235426330566406250e+01
-4.235426330566406250e+01
-4.236219024658203125e+01
-4.237804031372070312e+01
-4.237804031372070312e+01
-4.238596343994140625e+01
-4.238596343994140625e+01
-4.240180587768554688e+01
-4.240972137451171875e+01
-4.241763687133789062e+01
-4.242555236816406250e+01
-4.243346405029296875e+01
-4.244137573242187500e+01
-4.244928359985351562e+01
-4.244928359985351562e+01
-4.246509933471679688e+01
-4.247300338745117188e+01
-4.248880767822265625e+01
-4.248880767822265625e+01
-4.249670410156250000e+01
-4.251250076293945312e+01
-4.251250076293945312e+01
-4.252039337158203125e+01
-4.252039337158203125e+01
-4.253617858886718750e+01
-4.254406738281250000e+01
-4.255195236206054688e+01
-4.255984115600585938e+01
-4.257560729980468750e+01
-4.257560729980468750e+01
-4.259136581420898438e+01
-4.259136581420898438e+01
-4.259924316406250000e+01
-4.260712051391601562e+01
-4.261499404907226562e+01
-4.262286758422851562e+01
-4.263860702514648438e+01
-4.263860702514648438e+01
-4.264647293090820312e+01
-4.266220092773437500e+01
-4.266220092773437500e+01
-4.267006301879882812e+01
-4.267792510986328125e+01
-4.268578338623046875e+01
-4.270149612426757812e+01
-4.270149612426757812e+01
-4.270934677124023438e+01
-4.272505187988281250e+01
-4.272505187988281250e+01
-4.273289871215820312e+01
-4.274858856201171875e+01
-4.274858856201171875e+01
-4.275643157958984375e+01
-4.276427459716796875e+01
-4.277211380004882812e+01
-4.277995300292968750e+01
-4.278778839111328125e+01
-4.279561996459960938e+01
-4.280345535278320312e+01
-4.281128311157226562e+01
-4.282694244384765625e+01
-4.282694244384765625e+01
-4.283476638793945312e+01
-4.284259033203125000e+01
-4.285041046142578125e+01
-4.285823059082031250e+01
-4.285823059082031250e+01
-4.287386703491210938e+01
-4.288168334960937500e+01
-4.288949584960937500e+01
-4.289730453491210938e+01
-4.290511703491210938e+01
-4.290511703491210938e+01
-4.291292190551757812e+01
-4.293633651733398438e+01
-4.293633651733398438e+01
-4.294413757324218750e+01
-4.295193481445312500e+01
-4.295193481445312500e+01
-4.295973205566406250e+01
-4.296752548217773438e+01
-4.297531890869140625e+01
-4.299090194702148438e+01
-4.299868774414062500e+01
-4.300647354125976562e+01
-4.300647354125976562e+01
-4.301425933837890625e+01
-4.302204132080078125e+01
-4.303760147094726562e+01
-4.303760147094726562e+01
-4.304537582397460938e+01
-4.305315399169921875e+01
-4.306092453002929688e+01
-4.306869888305664062e+01
-4.307646560668945312e+01
-4.308423614501953125e+01
-4.309199905395507812e+01
-4.309976577758789062e+01
-4.311528778076171875e+01
-4.312304687500000000e+01
-4.313080215454101562e+01
-4.313855743408203125e+01
-4.314630889892578125e+01
-4.315406036376953125e+01
-4.316180801391601562e+01
-4.317730331420898438e+01
-4.317730331420898438e+01
-4.319278717041015625e+01
-4.319278717041015625e+01
-4.320052719116210938e+01
-4.320826721191406250e+01
-4.321600341796875000e+01
-4.322373580932617188e+01
-4.322373580932617188e+01
-4.323920059204101562e+01
-4.324692916870117188e+01
-4.325465393066406250e+01
-4.327010345458984375e+01
-4.327010345458984375e+01
-4.327782440185546875e+01
-4.328554153442382812e+01
-4.329325866699218750e+01
-4.330097579956054688e+01
-4.330868911743164062e+01
-4.332410812377929688e+01
-4.332410812377929688e+01
-4.333181762695312500e+01
-4.333952331542968750e+01
-4.334722518920898438e+01
-4.335492706298828125e+01
-4.336262893676757812e+01
-4.337032699584960938e+01
-4.337802124023437500e+01
-4.338571548461914062e+01
-4.339340972900390625e+01
-4.340110015869140625e+01
-4.340878677368164062e+01
-4.340878677368164062e+01
-4.342415618896484375e+01
-4.343183898925781250e+01
-4.344720077514648438e+01
-4.344720077514648438e+01
-4.345487594604492188e+01
-4.347022247314453125e+01
-4.347022247314453125e+01
-4.347789382934570312e+01
-4.348556518554687500e+01
-4.348556518554687500e+01
-4.350856018066406250e+01
-4.350856018066406250e+01
-4.351622009277343750e+01
-4.353153610229492188e+01
-4.353153610229492188e+01
-4.353919219970703125e+01
-4.355449676513671875e+01
-4.355449676513671875e+01
-4.356978988647460938e+01
-4.356978988647460938e+01
-4.357743835449218750e+01
-4.358507919311523438e+01
-4.359272003173828125e+01
-4.360036087036132812e+01
-4.361563110351562500e+01
-4.361563110351562500e+01
-4.361563110351562500e+01
-4.363089752197265625e+01
-4.363852691650390625e+01
-4.363852691650390625e+01
-4.365377807617187500e+01
-4.365377807617187500e+01
-4.367664337158203125e+01
-4.367664337158203125e+01
-4.368425750732421875e+01
-4.369948577880859375e+01
-4.369948577880859375e+01
-4.370709991455078125e+01
-4.371470642089843750e+01
-4.372231292724609375e+01
-4.373752212524414062e+01
-4.373752212524414062e+01
-4.374512481689453125e+01
-4.374512481689453125e+01
-4.376031875610351562e+01
-4.376791381835937500e+01
-4.377550506591796875e+01
-4.378309631347656250e+01
-4.379068756103515625e+01
-4.379827117919921875e+01
-4.380585861206054688e+01
-4.382101821899414062e+01
-4.382101821899414062e+01
-4.382859802246093750e+01
-4.384375000000000000e+01
-4.384375000000000000e+01
-4.385132217407226562e+01
-4.386645889282226562e+01
-4.386645889282226562e+01
-4.387402343750000000e+01
-4.387402343750000000e+01
-4.388914871215820312e+01
-4.390426635742187500e+01
-4.390426635742187500e+01
-4.391182327270507812e+01
-4.392692947387695312e+01
-4.392692947387695312e+01
-4.393447875976562500e+01
-4.393447875976562500e+01
-4.395711135864257812e+01
-4.396465301513671875e+01
-4.396465301513671875e+01
-4.397219085693359375e+01
-4.398726272583007812e+01
-4.398726272583007812e+01
-4.399479675292968750e+01
-4.400985336303710938e+01
-4.400985336303710938e+01
-4.401737976074218750e+01
-4.403242492675781250e+01
-4.403242492675781250e+01
-4.403994369506835938e+01
-4.405497741699218750e+01
-4.405497741699218750e+01
-4.406249237060546875e+01
-4.407751083374023438e+01
-4.408501815795898438e+01
-4.408501815795898438e+01
-4.409252166748046875e+01
-4.410002517700195312e+01
-4.411502456665039062e+01
-4.411502456665039062e+01
-4.412252044677734375e+01
-4.413001632690429688e+01
-4.413750457763671875e+01
-4.415248489379882812e+01
-4.415248489379882812e+01
-4.415996932983398438e+01
-4.417493438720703125e+01
-4.417493438720703125e+01
-4.418241119384765625e+01
-4.418988800048828125e+01
-4.418988800048828125e+01
-4.420483398437500000e+01
-4.421230697631835938e+01
-4.421977233886718750e+01
-4.423470306396484375e+01
-4.423470306396484375e+01
-4.423470306396484375e+01
-4.425708007812500000e+01
-4.425708007812500000e+01
-4.426453399658203125e+01
-4.427943801879882812e+01
-4.427943801879882812e+01
-4.429433441162109375e+01
-4.429433441162109375e+01
-4.429433441162109375e+01
-4.431665802001953125e+01
-4.431665802001953125e+01
-4.432409667968750000e+01
-4.433153152465820312e+01
-4.433896636962890625e+01
-4.434639739990234375e+01
-4.436125564575195312e+01
-4.436125564575195312e+01
-4.436868286132812500e+01
-4.437610626220703125e+01
-4.438352584838867188e+01
-4.439836502075195312e+01
-4.439836502075195312e+01
-4.440578079223632812e+01
-4.442060470581054688e+01
-4.442060470581054688e+01
-4.442801666259765625e+01
-4.442801666259765625e+01
-4.444282913208007812e+01
-4.445023345947265625e+01
-4.446503448486328125e+01
-4.446503448486328125e+01
-4.447243499755859375e+01
-4.447983169555664062e+01
-4.448722457885742188e+01
-4.450201034545898438e+01
-4.450201034545898438e+01
-4.450939941406250000e+01
-4.452416992187500000e+01
-4.452416992187500000e+01
-4.453155517578125000e+01
-4.453155517578125000e+01
-4.454631805419921875e+01
-4.456106948852539062e+01
-4.456106948852539062e+01
-4.456844711303710938e+01
-4.458319091796875000e+01
-4.458319091796875000e+01
-4.459056091308593750e+01
-4.459056091308593750e+01
-4.460529327392578125e+01
-4.462002182006835938e+01
-4.462002182006835938e+01
-4.462738418579101562e+01
-4.464210128784179688e+01
-4.464210128784179688e+01
-4.464945602416992188e+01
-4.466416549682617188e+01
-4.466416549682617188e+01
-4.467151641845703125e+01
-4.467151641845703125e+01
-4.469355773925781250e+01
-4.469355773925781250e+01
-4.470824813842773438e+01
-4.471559143066406250e+01
-4.471559143066406250e+01
-4.472293090820312500e+01
-4.473760604858398438e+01
-4.473760604858398438e+01
-4.474494171142578125e+01
-4.475227737426757812e+01
-4.475960922241210938e+01
-4.476694107055664062e+01
-4.477426910400390625e+01
-4.477426910400390625e+01
-4.478892517089843750e+01
-4.480357360839843750e+01
-4.480357360839843750e+01
-4.481089782714843750e+01
-4.481821823120117188e+01
-4.482553863525390625e+01
-4.483285522460937500e+01
-4.484748840332031250e+01
-4.484748840332031250e+01
-4.486211776733398438e+01
-4.486211776733398438e+01
-4.486942672729492188e+01
-4.488404846191406250e+01
-4.488404846191406250e+01
-4.489135360717773438e+01
-4.489866256713867188e+01
-4.490596771240234375e+01
-4.491326904296875000e+01
-4.492057418823242188e+01
-4.492787551879882812e+01
-4.494247436523437500e+01
-4.494247436523437500e+01
-4.494977188110351562e+01
-4.496436309814453125e+01
-4.496436309814453125e+01
-4.497165679931640625e+01
-4.497894668579101562e+01
-4.498624038696289062e+01
-4.500082015991210938e+01
-4.500082015991210938e+01
-4.500810623168945312e+01
-4.502267837524414062e+01
-4.502267837524414062e+01
-4.502996444702148438e+01
-4.504452896118164062e+01
-4.504452896118164062e+01
-4.505181121826171875e+01
-4.505909347534179688e+01
-4.506637191772460938e+01
-4.508092498779296875e+01
-4.508092498779296875e+01
-4.508820343017578125e+01
-4.510275268554687500e+01
-4.511002349853515625e+01
-4.511002349853515625e+01
-4.512456512451171875e+01
-4.512456512451171875e+01
-4.513910675048828125e+01
-4.513910675048828125e+01
-4.514637374877929688e+01
-4.515364074707031250e+01
-4.516090774536132812e+01
-4.516090774536132812e+01
-4.518270111083984375e+01
-4.518270111083984375e+01
-4.518996047973632812e+01
-4.519722366333007812e+01
-4.520448303222656250e+01
-4.521174240112304688e+01
-4.521900177001953125e+01
-4.522626113891601562e+01
-4.524077606201171875e+01
-4.524077606201171875e+01
-4.524803161621093750e+01
-4.526253890991210938e+01
-4.526253890991210938e+01
-4.526979446411132812e+01
-4.526979446411132812e+01
-4.528429794311523438e+01
-4.529879760742187500e+01
-4.529879760742187500e+01
-4.530604553222656250e+01
-4.532054519653320312e+01
-4.532054519653320312e+01
-4.532778930664062500e+01
-4.534228134155273438e+01
-4.534228134155273438e+01
-4.534952926635742188e+01
-4.535677337646484375e+01
-4.536401748657226562e+01
-4.537850189208984375e+01
-4.537850189208984375e+01
-4.538574600219726562e+01
-4.540022659301757812e+01
-4.540022659301757812e+01
-4.541470718383789062e+01
-4.541470718383789062e+01
-4.542194366455078125e+01
-4.542918395996093750e+01
-4.543642044067382812e+01
-4.544365692138671875e+01
-4.545812988281250000e+01
-4.545812988281250000e+01
-4.546536636352539062e+01
-4.547983551025390625e+01
-4.547983551025390625e+01
-4.548706817626953125e+01
-4.550153732299804688e+01
-4.550153732299804688e+01
-4.551600265502929688e+01
-4.551600265502929688e+01
-4.552323532104492188e+01
-4.553769683837890625e+01
-4.553769683837890625e+01
-4.554492568969726562e+01
-4.555215454101562500e+01
-4.555938720703125000e+01
-4.556661605834960938e+01
-4.557384490966796875e+01
-4.558107376098632812e+01
-4.558830261230468750e+01
-4.560275650024414062e+01
-4.560998535156250000e+01
-4.560998535156250000e+01
-4.562443923950195312e+01
-4.563166427612304688e+01
-4.563166427612304688e+01
-4.563888931274414062e+01
-4.564611434936523438e+01
-4.565334320068359375e+01
-4.565334320068359375e+01
-4.567501831054687500e+01
-4.567501831054687500e+01
-4.568223953247070312e+01
-4.569668960571289062e+01
-4.569668960571289062e+01
-4.570391464233398438e+01
-4.571836090087890625e+01
-4.571836090087890625e+01
-4.572558593750000000e+01
-4.573280715942382812e+01
-4.573280715942382812e+01
-4.576169967651367188e+01
-4.576169967651367188e+01
-4.576169967651367188e+01
-4.576169967651367188e+01
-4.576169967651367188e+01
-4.576169967651367188e+01
-4.576169967651367188e+01
-4.576169967651367188e+01
-4.576169967651367188e+01
-4.576169967651367188e+01
-4.576169967651367188e+01
-4.577614593505859375e+01
-4.577614593505859375e+01
-4.577614593505859375e+01
-4.579781341552734375e+01
-4.579781341552734375e+01
-4.579781341552734375e+01
-4.580503463745117188e+01
-4.581948089599609375e+01
-4.581948089599609375e+01
-4.582670211791992188e+01
-4.584114837646484375e+01
-4.584836959838867188e+01
-4.585559082031250000e+01
-4.586281204223632812e+01
-4.587003707885742188e+01
-4.587725830078125000e+01
-4.588447952270507812e+01
-4.589170455932617188e+01
-4.589892578125000000e+01
-4.590614700317382812e+01
-4.591337203979492188e+01
-4.592059326171875000e+01
-4.592781829833984375e+01
-4.593503952026367188e+01
-4.594226455688476562e+01
-4.594948577880859375e+01
-4.595671081542968750e+01
-4.596393585205078125e+01
-4.597115707397460938e+01
-4.597838211059570312e+01
-4.598560714721679688e+01
-4.599283218383789062e+01
-4.600005722045898438e+01
-4.600728225708007812e+01
-4.601450729370117188e+01
-4.602173233032226562e+01
-4.602895736694335938e+01
-4.603618240356445312e+01
-4.604341125488281250e+01
-4.605063629150390625e+01
-4.605063629150390625e+01
-4.605063629150390625e+01
-4.605063629150390625e+01
-4.605063629150390625e+01
-4.605063629150390625e+01
-4.605063629150390625e+01
-4.605063629150390625e+01
-4.605063629150390625e+01
-4.605063629150390625e+01
-4.605063629150390625e+01
-4.605063629150390625e+01
-4.605063629150390625e+01
-4.605063629150390625e+01
-4.605063629150390625e+01
-4.855649185180664062e+01
-4.855649185180664062e+01
-4.856371688842773438e+01
-4.857094192504882812e+01
-4.857816696166992188e+01
-4.859261703491210938e+01
-4.859984207153320312e+01
-4.860706710815429688e+01
-4.862151718139648438e+01
-4.862874221801757812e+01
-4.862874221801757812e+01
-4.863596725463867188e+01
-4.864318847656250000e+01
-4.865041351318359375e+01
-4.865763854980468750e+01
-4.866486358642578125e+01
-4.867208862304687500e+01
-4.868653869628906250e+01
-4.868653869628906250e+01
-4.868653869628906250e+01
-4.870098876953125000e+01
-4.870098876953125000e+01
-4.870821380615234375e+01
-4.872266387939453125e+01
-4.872266387939453125e+01
-4.872988891601562500e+01
-4.873711395263671875e+01
-4.874433898925781250e+01
-4.875878906250000000e+01
-4.876601409912109375e+01
-4.878046035766601562e+01
-4.878046035766601562e+01
-4.878768539428710938e+01
-4.880213546752929688e+01
-4.880213546752929688e+01
-4.880936050415039062e+01
-4.882381057739257812e+01
-4.882381057739257812e+01
-4.883103561401367188e+01
-4.883826065063476562e+01
-4.884548568725585938e+01
-4.885271072387695312e+01
-4.885993576049804688e+01
-4.886716079711914062e+01
-4.888161087036132812e+01
-4.888161087036132812e+01
-4.888883590698242188e+01
-4.888883590698242188e+01
-4.888883590698242188e+01
-4.891051101684570312e+01
-4.892495727539062500e+01
-4.892495727539062500e+01
-4.893218231201171875e+01
-4.894663238525390625e+01
-4.894663238525390625e+01
-4.896108245849609375e+01
-4.896108245849609375e+01
-4.896830749511718750e+01
-4.898275756835937500e+01
-4.898275756835937500e+01
-4.898998260498046875e+01
-4.899720764160156250e+01
-4.899720764160156250e+01
-4.901888275146484375e+01
-4.901888275146484375e+01
-4.902610778808593750e+01
-4.904055786132812500e+01
-4.904055786132812500e+01
-4.904778289794921875e+01
-4.904778289794921875e+01
-4.904778289794921875e+01
-4.906945419311523438e+01
-4.906945419311523438e+01
-4.907667922973632812e+01
-4.909835433959960938e+01
-4.909835433959960938e+01
-4.910557937622070312e+01
-4.912002944946289062e+01
-4.912002944946289062e+01
-4.912725448608398438e+01
-4.914170455932617188e+01
-4.914170455932617188e+01
-4.915615463256835938e+01
-4.915615463256835938e+01
-4.916337966918945312e+01
-4.917782974243164062e+01
-4.917782974243164062e+01
-4.918505477905273438e+01
-4.920672988891601562e+01
-4.920672988891601562e+01
-4.920672988891601562e+01
-4.922117614746093750e+01
-4.922840118408203125e+01
-4.922840118408203125e+01
-4.924285125732421875e+01
-4.924285125732421875e+01
-4.925007629394531250e+01
-4.926452636718750000e+01
-4.926452636718750000e+01
-4.927175140380859375e+01
-4.928620147705078125e+01
-4.929342651367187500e+01
-4.929342651367187500e+01
-4.930065155029296875e+01
-4.930787658691406250e+01
-4.931510162353515625e+01
-4.932232666015625000e+01
-4.933677673339843750e+01
-4.933677673339843750e+01
-4.934400177001953125e+01
-4.935844802856445312e+01
-4.935844802856445312e+01
-4.936567306518554688e+01
-4.937289810180664062e+01
-4.938012313842773438e+01
-4.939457321166992188e+01
-4.939457321166992188e+01
-4.940179824829101562e+01
-4.941624832153320312e+01
-4.941624832153320312e+01
-4.942347335815429688e+01
-4.943792343139648438e+01
-4.943792343139648438e+01
-4.944514846801757812e+01
-4.945237350463867188e+01
-4.945959854125976562e+01
-4.947404861450195312e+01
-4.947404861450195312e+01
-4.948127365112304688e+01
-4.949571990966796875e+01
-4.949571990966796875e+01
-4.950294494628906250e+01
-4.951739501953125000e+01
-4.951739501953125000e+01
-4.952462005615234375e+01
-4.953184509277343750e+01
-4.953907012939453125e+01
-4.953907012939453125e+01
-4.955352020263671875e+01
-4.956074523925781250e+01
-4.957519531250000000e+01
-4.957519531250000000e+01
-4.958242034912109375e+01
-4.959687042236328125e+01
-4.959687042236328125e+01
-4.960409545898437500e+01
-4.961132049560546875e+01
-4.961854553222656250e+01
-4.963299560546875000e+01
-4.963299560546875000e+01
-4.964021682739257812e+01
-4.965466690063476562e+01
-4.965466690063476562e+01
-4.966189193725585938e+01
-4.967634201049804688e+01
-4.967634201049804688e+01
-4.968356704711914062e+01
-4.969079208374023438e+01
-4.969801712036132812e+01
-4.971246719360351562e+01
-4.971246719360351562e+01
-4.971969223022460938e+01
-4.973414230346679688e+01
-4.973414230346679688e+01
-4.974136734008789062e+01
-4.974136734008789062e+01
-4.975581741333007812e+01
-4.976304244995117188e+01
-4.977026748657226562e+01
-4.977026748657226562e+01
-4.979193878173828125e+01
-4.979193878173828125e+01
-4.979916381835937500e+01
-4.981361389160156250e+01
-4.981361389160156250e+01
-4.982083892822265625e+01
-4.982806396484375000e+01
-4.982806396484375000e+01
-4.984251403808593750e+01
-4.984973907470703125e+01
-4.985696411132812500e+01
-4.986418914794921875e+01
-4.987141418457031250e+01
-4.987863922119140625e+01
-4.989308929443359375e+01
-4.989308929443359375e+01
-4.990031433105468750e+01
-4.990753936767578125e+01
-4.990753936767578125e+01
-4.992921066284179688e+01
-4.992921066284179688e+01
-4.993643569946289062e+01
-4.994366073608398438e+01
-4.995088577270507812e+01
-4.995811080932617188e+01
-4.997256088256835938e+01
-4.997256088256835938e+01
-4.997978591918945312e+01
-4.999423599243164062e+01
-4.999423599243164062e+01
-5.000868606567382812e+01
-5.000868606567382812e+01
-5.001591110229492188e+01
-5.003036117553710938e+01
-5.003036117553710938e+01
-5.003758621215820312e+01
-5.005203628540039062e+01
-5.005203628540039062e+01
-5.005926132202148438e+01
-5.006648635864257812e+01
-5.006648635864257812e+01
-5.008815765380859375e+01
-5.008815765380859375e+01
-5.009538269042968750e+01
-5.010983276367187500e+01
-5.010983276367187500e+01
-5.011705780029296875e+01
-5.013150787353515625e+01
-5.013150787353515625e+01
-5.013873291015625000e+01
-5.015318298339843750e+01
-5.015318298339843750e+01
-5.015318298339843750e+01
-5.016763305664062500e+01
-5.016763305664062500e+01
-5.018930816650390625e+01
-5.018930816650390625e+01
-5.019653320312500000e+01
-5.021097946166992188e+01
-5.021097946166992188e+01
-5.021820449829101562e+01
-5.023265457153320312e+01
-5.023265457153320312e+01
-5.023987960815429688e+01
-5.023987960815429688e+01
-5.025432968139648438e+01
-5.025432968139648438e+01
-5.026877975463867188e+01
-5.027600479125976562e+01
-5.029045486450195312e+01
-5.029045486450195312e+01
-5.029767990112304688e+01
-5.031212997436523438e+01
-5.031212997436523438e+01
-5.032658004760742188e+01
-5.032658004760742188e+01
-5.032658004760742188e+01
-5.033380508422851562e+01
-5.034825515747070312e+01
-5.035547637939453125e+01
-5.036992645263671875e+01
-5.036992645263671875e+01
-5.036992645263671875e+01
-5.039160156250000000e+01
-5.039160156250000000e+01
-5.039160156250000000e+01
-5.041327667236328125e+01
-5.041327667236328125e+01
-5.042050170898437500e+01
-5.042772674560546875e+01
-5.043495178222656250e+01
-5.044940185546875000e+01
-5.044940185546875000e+01
-5.045662689208984375e+01
-5.047107696533203125e+01
-5.047107696533203125e+01
-5.047830200195312500e+01
-5.049275207519531250e+01
-5.049275207519531250e+01
-5.049997329711914062e+01
-5.049997329711914062e+01
-5.050719833374023438e+01
-5.052164840698242188e+01
-5.052887344360351562e+01
-5.053609848022460938e+01
-5.054332351684570312e+01
-5.055054855346679688e+01
-5.055054855346679688e+01
-5.057222366333007812e+01
-5.057222366333007812e+01
-5.057944869995117188e+01
-5.058667373657226562e+01
-5.059389877319335938e+01
-5.060112380981445312e+01
-5.060834884643554688e+01
-5.061557388305664062e+01
-5.062279891967773438e+01
-5.063002395629882812e+01
-5.063002395629882812e+01
-5.064447021484375000e+01
-5.065169525146484375e+01
-5.065892028808593750e+01
-5.066614532470703125e+01
-5.068059539794921875e+01
-5.068059539794921875e+01
-5.068782043457031250e+01
-5.070227050781250000e+01
-5.070949554443359375e+01
-5.070949554443359375e+01
-5.072394561767578125e+01
-5.072394561767578125e+01
-5.073117065429687500e+01
-5.073839569091796875e+01
-5.074562072753906250e+01
-5.076007080078125000e+01
-5.076007080078125000e+01
-5.076729583740234375e+01
-5.077452087402343750e+01
-5.078174209594726562e+01
-5.079619216918945312e+01
-5.079619216918945312e+01
-5.080341720581054688e+01
-5.081064224243164062e+01
-5.081786727905273438e+01
-5.082509231567382812e+01
-5.083954238891601562e+01
-5.083954238891601562e+01
-5.085399246215820312e+01
-5.085399246215820312e+01
-5.086121749877929688e+01
-5.087566757202148438e+01
-5.087566757202148438e+01
-5.088289260864257812e+01
-5.089734268188476562e+01
-5.089734268188476562e+01
-5.090456771850585938e+01
-5.091901779174804688e+01
-5.091901779174804688e+01
-5.092623901367187500e+01
-5.093346405029296875e+01
-5.094068908691406250e+01
-5.094068908691406250e+01
-5.095513916015625000e+01
-5.096236419677734375e+01
-5.096958923339843750e+01
-5.097681427001953125e+01
-5.098403930664062500e+01
-5.099848937988281250e+01
-5.099848937988281250e+01
-5.100571441650390625e+01
-5.102016448974609375e+01
-5.102016448974609375e+01
-5.102738952636718750e+01
-5.104183959960937500e+01
-5.104183959960937500e+01
-5.104906463623046875e+01
-5.106351470947265625e+01
-5.106351470947265625e+01
-5.106351470947265625e+01
-5.107073593139648438e+01
-5.108518600463867188e+01
-5.109963607788085938e+01
-5.109963607788085938e+01
-5.110686111450195312e+01
-5.110686111450195312e+01
-5.112853622436523438e+01
-5.112853622436523438e+01
-5.114298629760742188e+01
-5.114298629760742188e+01
-5.115021133422851562e+01
-5.115743637084960938e+01
-5.116466140747070312e+01
-5.117188644409179688e+01
-5.117911148071289062e+01
-5.118633651733398438e+01
-5.119356155395507812e+01
-5.119356155395507812e+01
-5.120801162719726562e+01
-5.121523284912109375e+01
-5.121523284912109375e+01
-5.122968292236328125e+01
-5.123690795898437500e+01
-5.123690795898437500e+01
-5.125135803222656250e+01
-5.125858306884765625e+01
-5.126580810546875000e+01
-5.126580810546875000e+01
-5.127303314208984375e+01
-5.128748321533203125e+01
-5.129470825195312500e+01
-5.130193328857421875e+01
-5.130915832519531250e+01
-5.131638336181640625e+01
-5.132360839843750000e+01
-5.133083343505859375e+01
-5.133805847167968750e+01
-5.134528350830078125e+01
-5.135250854492187500e+01
-5.135250854492187500e+01
-5.136695480346679688e+01
-5.137417984008789062e+01
-5.138140487670898438e+01
-5.138862991333007812e+01
-5.139585494995117188e+01
-5.140307998657226562e+01
-5.141030502319335938e+01
-5.141753005981445312e+01
-5.142475509643554688e+01
-5.143198013305664062e+01
-5.143920516967773438e+01
-5.144643020629882812e+01
-5.145365524291992188e+01
-5.146088027954101562e+01
-5.146810531616210938e+01
-5.147533035278320312e+01
-5.148255538940429688e+01
-5.148978042602539062e+01
-5.150422668457031250e+01
-5.150422668457031250e+01
-5.151145172119140625e+01
-5.152590179443359375e+01
-5.152590179443359375e+01
-5.153312683105468750e+01
-5.154757690429687500e+01
-5.154757690429687500e+01
-5.155480194091796875e+01
-5.156202697753906250e+01
-5.156202697753906250e+01
-5.158370208740234375e+01
-5.158370208740234375e+01
-5.159092712402343750e+01
-5.160537719726562500e+01
-5.160537719726562500e+01
-5.161260223388671875e+01
-5.161982727050781250e+01
-5.163427734375000000e+01
-5.163427734375000000e+01
-5.164149856567382812e+01
-5.164872360229492188e+01
-5.165594863891601562e+01
-5.167039871215820312e+01
-5.167039871215820312e+01
-5.168484878540039062e+01
-5.168484878540039062e+01
-5.169207382202148438e+01
-5.170652389526367188e+01
-5.170652389526367188e+01
-5.171374893188476562e+01
-5.172819900512695312e+01
-5.172819900512695312e+01
-5.172819900512695312e+01
-5.174987411499023438e+01
-5.174987411499023438e+01
-5.175709915161132812e+01
-5.176432418823242188e+01
-5.177154922485351562e+01
-5.177877426147460938e+01
-5.178599548339843750e+01
-5.179322052001953125e+01
-5.180767059326171875e+01
-5.180767059326171875e+01
-5.181489562988281250e+01
-5.182934570312500000e+01
-5.182934570312500000e+01
-5.183657073974609375e+01
-5.185102081298828125e+01
-5.185102081298828125e+01
-5.185824584960937500e+01
-5.186547088623046875e+01
-5.187269592285156250e+01
-5.188714599609375000e+01
-5.188714599609375000e+01
-5.189437103271484375e+01
-5.190882110595703125e+01
-5.190882110595703125e+01
-5.191604614257812500e+01
-5.193049240112304688e+01
-5.193049240112304688e+01
-5.193771743774414062e+01
-5.195216751098632812e+01
-5.195216751098632812e+01
-5.195939254760742188e+01
-5.196661758422851562e+01
-5.197384262084960938e+01
-5.198106765747070312e+01
-5.198829269409179688e+01
-5.199551773071289062e+01
-5.199551773071289062e+01
-5.199551773071289062e+01
-5.201719284057617188e+01
-5.203164291381835938e+01
-5.203164291381835938e+01
-5.203886795043945312e+01
-5.205331802368164062e+01
-5.205331802368164062e+01
-5.206054306030273438e+01
-5.207498931884765625e+01
-5.208221435546875000e+01
-5.208221435546875000e+01
-5.209666442871093750e+01
-5.209666442871093750e+01
-5.210388946533203125e+01
-5.211833953857421875e+01
-5.211833953857421875e+01
-5.212556457519531250e+01
-5.213278961181640625e+01
-5.214001464843750000e+01
-5.214001464843750000e+01
-5.215446472167968750e+01
-5.216168975830078125e+01
-5.216891479492187500e+01
-5.217613983154296875e+01
-5.218336486816406250e+01
-5.219058990478515625e+01
-5.219781494140625000e+01
-5.221226119995117188e+01
-5.221226119995117188e+01
-5.221948623657226562e+01
-5.223393630981445312e+01
-5.223393630981445312e+01
-5.224116134643554688e+01
-5.224116134643554688e+01
-5.226283645629882812e+01
-5.226283645629882812e+01
-5.227006149291992188e+01
-5.227728652954101562e+01
-5.228451156616210938e+01
-5.229896163940429688e+01
-5.229896163940429688e+01
-5.230618667602539062e+01
-5.230618667602539062e+01
-5.232063674926757812e+01
-5.233508682250976562e+01
-5.233508682250976562e+01
-5.234231185913085938e+01
-5.235675811767578125e+01
-5.235675811767578125e+01
-5.236398315429687500e+01
-5.237843322753906250e+01
-5.237843322753906250e+01
-5.238565826416015625e+01
-5.239288330078125000e+01
-5.239288330078125000e+01
-5.241455841064453125e+01
-5.241455841064453125e+01
-5.242178344726562500e+01
-5.243623352050781250e+01
-5.243623352050781250e+01
-5.244345855712890625e+01
-5.245068359375000000e+01
-5.245790863037109375e+01
-5.246513366699218750e+01
-5.246513366699218750e+01
-5.247958374023437500e+01
-5.247958374023437500e+01
-5.249403381347656250e+01
-5.250125503540039062e+01
-5.250848007202148438e+01
-5.250848007202148438e+01
-5.252293014526367188e+01
-5.253738021850585938e+01
-5.253738021850585938e+01
-5.254460525512695312e+01
-5.255183029174804688e+01
-5.255905532836914062e+01
-5.256628036499023438e+01
-5.257350540161132812e+01
-5.258073043823242188e+01
-5.259518051147460938e+01
-5.259518051147460938e+01
-5.260240554809570312e+01
-5.261685562133789062e+01
-5.261685562133789062e+01
-5.262408065795898438e+01
-5.263853073120117188e+01
-5.263853073120117188e+01
-5.264575195312500000e+01
-5.265297698974609375e+01
-5.266020202636718750e+01
-5.266742706298828125e+01
-5.267465209960937500e+01
-5.267465209960937500e+01
-5.269632720947265625e+01
-5.269632720947265625e+01
-5.270355224609375000e+01
-5.271800231933593750e+01
-5.271800231933593750e+01
-5.272522735595703125e+01
-5.273967742919921875e+01
-5.273967742919921875e+01
-5.274690246582031250e+01
-5.276135253906250000e+01
-5.276135253906250000e+01
-5.276857757568359375e+01
-5.276857757568359375e+01
-5.278302764892578125e+01
-5.279747390747070312e+01
-5.279747390747070312e+01
-5.280469894409179688e+01
-5.281192398071289062e+01
-5.281914901733398438e+01
-5.282637405395507812e+01
-5.283359909057617188e+01
-5.283359909057617188e+01
-5.285527420043945312e+01
-5.285527420043945312e+01
-5.286249923706054688e+01
-5.286972427368164062e+01
-5.286972427368164062e+01
-5.288417434692382812e+01
-5.289862442016601562e+01
-5.289862442016601562e+01
-5.290584945678710938e+01
-5.292029953002929688e+01
-5.292029953002929688e+01
-5.292752075195312500e+01
-5.294197082519531250e+01
-5.294197082519531250e+01
-5.294919586181640625e+01
-5.296364593505859375e+01
-5.296364593505859375e+01
-5.297087097167968750e+01
-5.298532104492187500e+01
-5.298532104492187500e+01
-5.299254608154296875e+01
-5.299977111816406250e+01
-5.300699615478515625e+01
-5.302144622802734375e+01
-5.302144622802734375e+01
-5.302867126464843750e+01
-5.304312133789062500e+01
-5.304312133789062500e+01
-5.304312133789062500e+01
-5.306479644775390625e+01
-5.306479644775390625e+01
-5.307201766967773438e+01
-5.307201766967773438e+01
-5.307201766967773438e+01
-5.309369277954101562e+01
-5.310814285278320312e+01
-5.310814285278320312e+01
-5.312259292602539062e+01
-5.312259292602539062e+01
-5.312981796264648438e+01
-5.313704299926757812e+01
-5.314426803588867188e+01
-5.315149307250976562e+01
-5.316594314575195312e+01
-5.316594314575195312e+01
-5.317316818237304688e+01
-5.318039321899414062e+01
-5.318761825561523438e+01
-5.319484329223632812e+01
-5.320206832885742188e+01
-5.320929336547851562e+01
-5.322373962402343750e+01
-5.322373962402343750e+01
-5.323096466064453125e+01
-5.324541473388671875e+01
-5.324541473388671875e+01
-5.325263977050781250e+01
-5.325986480712890625e+01
-5.326708984375000000e+01
-5.327431488037109375e+01
-5.328153991699218750e+01
-5.328876495361328125e+01
-5.329598999023437500e+01
-5.330321502685546875e+01
-5.331044006347656250e+01
-5.331766510009765625e+01
-5.332489013671875000e+01
-5.333211517333984375e+01
-5.334656524658203125e+01
-5.334656524658203125e+01
-5.335379028320312500e+01
-5.335379028320312500e+01
-5.336823654174804688e+01
-5.336823654174804688e+01
-5.338991165161132812e+01
-5.338991165161132812e+01
-5.339713668823242188e+01
-5.341158676147460938e+01
-5.341158676147460938e+01
-5.341881179809570312e+01
-5.342603683471679688e+01
-5.343326187133789062e+01
-5.344771194458007812e+01
-5.344771194458007812e+01
-5.345493698120117188e+01
-5.346938705444335938e+01
-5.346938705444335938e+01
-5.347661209106445312e+01
-5.349106216430664062e+01
-5.349106216430664062e+01
-5.349828720092773438e+01
-5.351273345947265625e+01
-5.351273345947265625e+01
-5.351273345947265625e+01
-5.351995849609375000e+01
-5.353440856933593750e+01
-5.354163360595703125e+01
-5.355608367919921875e+01
-5.356330871582031250e+01
-5.356330871582031250e+01
-5.357775878906250000e+01
-5.357775878906250000e+01
-5.358498382568359375e+01
-5.359943389892578125e+01
-5.359943389892578125e+01
-5.359943389892578125e+01
-5.360665893554687500e+01
-5.362110900878906250e+01
-5.362833404541015625e+01
-5.363555908203125000e+01
-5.365000534057617188e+01
-5.365000534057617188e+01
-5.365723037719726562e+01
-5.367168045043945312e+01
-5.367168045043945312e+01
-5.367890548706054688e+01
-5.369335556030273438e+01
-5.369335556030273438e+01
-5.370058059692382812e+01
-5.371503067016601562e+01
-5.371503067016601562e+01
-5.372225570678710938e+01
-5.373670578002929688e+01
-5.373670578002929688e+01
-5.374393081665039062e+01
-5.375115585327148438e+01
-5.375838088989257812e+01
-5.377283096313476562e+01
-5.377283096313476562e+01
-5.377283096313476562e+01
-5.378727722167968750e+01
-5.379450225830078125e+01
-5.380172729492187500e+01
-5.381617736816406250e+01
-5.381617736816406250e+01
-5.382340240478515625e+01
-5.383785247802734375e+01
-5.383785247802734375e+01
-5.384507751464843750e+01
-5.385952758789062500e+01
-5.385952758789062500e+01
-5.386675262451171875e+01
-5.388120269775390625e+01
-5.388120269775390625e+01
-5.389565277099609375e+01
-5.389565277099609375e+01
-5.390287780761718750e+01
-5.391732788085937500e+01
-5.391732788085937500e+01
-5.392455291748046875e+01
-5.393899917602539062e+01
-5.393899917602539062e+01
-5.394622421264648438e+01
-5.396067428588867188e+01
-5.396067428588867188e+01
-5.396789932250976562e+01
-5.398234939575195312e+01
-5.398234939575195312e+01
-5.398957443237304688e+01
-5.399679946899414062e+01
-5.399679946899414062e+01
-5.399679946899414062e+01
-5.402569961547851562e+01
-5.402569961547851562e+01
-5.403292465209960938e+01
-5.404014968872070312e+01
-5.406182479858398438e+01
-5.406182479858398438e+01
-5.407627105712890625e+01
-5.408349609375000000e+01
-5.409072113037109375e+01
-5.410517120361328125e+01
-5.410517120361328125e+01
-5.411962127685546875e+01
-5.411962127685546875e+01
-5.412684631347656250e+01
-5.413407135009765625e+01
-5.413407135009765625e+01
-5.414852142333984375e+01
-5.416297149658203125e+01
-5.416297149658203125e+01
-5.417742156982421875e+01
-5.418464660644531250e+01
-5.418464660644531250e+01
-5.419187164306640625e+01
-5.419909667968750000e+01
-5.420632171630859375e+01
-5.421354675292968750e+01
-5.422076797485351562e+01
-5.422799301147460938e+01
-5.423521804809570312e+01
-5.424244308471679688e+01
-5.424966812133789062e+01
-5.425689315795898438e+01
-5.427134323120117188e+01
-5.427134323120117188e+01
-5.427856826782226562e+01
-5.428579330444335938e+01
-5.430024337768554688e+01
-5.430024337768554688e+01
-5.430746841430664062e+01
-5.431469345092773438e+01
-5.432191848754882812e+01
-5.432914352416992188e+01
-5.433636856079101562e+01
-5.434359359741210938e+01
-5.435081863403320312e+01
-5.435803985595703125e+01
-5.436526489257812500e+01
-5.437248992919921875e+01
-5.437971496582031250e+01
-5.438694000244140625e+01
-5.439416503906250000e+01
-5.440861511230468750e+01
-5.440861511230468750e+01
-5.441584014892578125e+01
-5.442306518554687500e+01
-5.443029022216796875e+01
-5.443029022216796875e+01
-5.444474029541015625e+01
-5.445196533203125000e+01
-5.445919036865234375e+01
-5.447364044189453125e+01
-5.447364044189453125e+01
-5.448086547851562500e+01
-5.448809051513671875e+01
-5.449531555175781250e+01
-5.450253677368164062e+01
-5.450976181030273438e+01
-5.452421188354492188e+01
-5.453143692016601562e+01
-5.453143692016601562e+01
-5.453866195678710938e+01
-5.455311203002929688e+01
-5.455311203002929688e+01
-5.456033706665039062e+01
-5.456756210327148438e+01
-5.457478713989257812e+01
-5.458201217651367188e+01
-5.458923721313476562e+01
-5.459646224975585938e+01
-5.460368728637695312e+01
-5.462536239624023438e+01
-5.462536239624023438e+01
-5.463258743286132812e+01
-5.463258743286132812e+01
-5.463981246948242188e+01
-5.464703369140625000e+01
-5.466148376464843750e+01
-5.466148376464843750e+01
-5.467593383789062500e+01
-5.467593383789062500e+01
-5.468315887451171875e+01
-5.469038391113281250e+01
-5.469760894775390625e+01
-5.471205902099609375e+01
-5.471205902099609375e+01
-5.471928405761718750e+01
-5.473373413085937500e+01
-5.473373413085937500e+01
-5.474095916748046875e+01
-5.475540924072265625e+01
-5.475540924072265625e+01
-5.476263427734375000e+01
-5.476985931396484375e+01
-5.477708435058593750e+01
-5.479153060913085938e+01
-5.479153060913085938e+01
-5.479875564575195312e+01
-5.481320571899414062e+01
-5.481320571899414062e+01
-5.482043075561523438e+01
-5.483488082885742188e+01
-5.483488082885742188e+01
-5.484210586547851562e+01
-5.485655593872070312e+01
-5.485655593872070312e+01
-5.487100601196289062e+01
-5.487100601196289062e+01
-5.487823104858398438e+01
-5.489268112182617188e+01
-5.489268112182617188e+01
-5.489268112182617188e+01
-5.491435623168945312e+01
-5.491435623168945312e+01
-5.492880249023437500e+01
-5.492880249023437500e+01
-5.493602752685546875e+01
-5.495047760009765625e+01
-5.495047760009765625e+01
-5.495770263671875000e+01
-5.497215270996093750e+01
-5.497215270996093750e+01
-5.497937774658203125e+01
-5.499382781982421875e+01
-5.500105285644531250e+01
-5.500105285644531250e+01
-5.500827789306640625e+01
-5.502272796630859375e+01
-5.502995300292968750e+01
-5.502995300292968750e+01
-5.504440307617187500e+01
-5.504440307617187500e+01
-5.505162811279296875e+01
-5.506607818603515625e+01
-5.507329940795898438e+01
-5.507329940795898438e+01
-5.508052444458007812e+01
-5.509497451782226562e+01
-5.509497451782226562e+01
-5.510219955444335938e+01
-5.510219955444335938e+01
-5.511664962768554688e+01
-5.512387466430664062e+01
-5.513832473754882812e+01
-5.513832473754882812e+01
-5.514554977416992188e+01
-5.515999984741210938e+01
-5.515999984741210938e+01
-5.516722488403320312e+01
-5.518167495727539062e+01
-5.518167495727539062e+01
-5.518889999389648438e+01
-5.520335006713867188e+01
-5.520335006713867188e+01
-5.521057510375976562e+01
-5.522502136230468750e+01
-5.522502136230468750e+01
-5.523947143554687500e+01
-5.523947143554687500e+01
-5.524669647216796875e+01
-5.526114654541015625e+01
-5.526114654541015625e+01
-5.526837158203125000e+01
-5.528282165527343750e+01
-5.528282165527343750e+01
-5.529004669189453125e+01
-5.529004669189453125e+01
-5.529004669189453125e+01
-5.531894683837890625e+01
-5.532617187500000000e+01
-5.532617187500000000e+01
-5.534062194824218750e+01
-5.534784698486328125e+01
-5.534784698486328125e+01
-5.536229324340820312e+01
-5.536229324340820312e+01
-5.536951828002929688e+01
-5.538396835327148438e+01
-5.538396835327148438e+01
-5.539119338989257812e+01
-5.540564346313476562e+01
-5.540564346313476562e+01
-5.541286849975585938e+01
-5.542731857299804688e+01
-5.542731857299804688e+01
-5.543454360961914062e+01
-5.544176864624023438e+01
-5.544899368286132812e+01
-5.546344375610351562e+01
-5.546344375610351562e+01
-5.547066879272460938e+01
-5.547789382934570312e+01
-5.548511886596679688e+01
-5.549234390258789062e+01
-5.550679016113281250e+01
-5.550679016113281250e+01
-5.551401519775390625e+01
-5.552846527099609375e+01
-5.552846527099609375e+01
-5.554291534423828125e+01
-5.554291534423828125e+01
-5.555014038085937500e+01
-5.556459045410156250e+01
-5.556459045410156250e+01
-5.557181549072265625e+01
-5.558626556396484375e+01
-5.558626556396484375e+01
-5.559349060058593750e+01
-5.560794067382812500e+01
-5.561516571044921875e+01
-5.561516571044921875e+01
-5.562961578369140625e+01
-5.562961578369140625e+01
-5.563684082031250000e+01
-5.565128707885742188e+01
-5.565128707885742188e+01
-5.565851211547851562e+01
-5.567296218872070312e+01
-5.567296218872070312e+01
-5.568741226196289062e+01
-5.568741226196289062e+01
-5.569463729858398438e+01
-5.570908737182617188e+01
-5.570908737182617188e+01
-5.571631240844726562e+01
-5.572353744506835938e+01
-5.573798751831054688e+01
-5.573798751831054688e+01
-5.573798751831054688e+01
-5.573798751831054688e+01
-5.576688766479492188e+01
-5.576688766479492188e+01
-5.577411270141601562e+01
-5.578133773803710938e+01
-5.578855895996093750e+01
-5.579578399658203125e+01
-5.581023406982421875e+01
-5.581023406982421875e+01
-5.581745910644531250e+01
-5.583190917968750000e+01
-5.583190917968750000e+01
-5.584635925292968750e+01
-5.584635925292968750e+01
-5.585358428955078125e+01
-5.586803436279296875e+01
-5.586803436279296875e+01
-5.587525939941406250e+01
-5.588970947265625000e+01
-5.588970947265625000e+01
-5.589693450927734375e+01
-5.591138458251953125e+01
-5.591138458251953125e+01
-5.591860961914062500e+01
-5.593305587768554688e+01
-5.593305587768554688e+01
-5.594750595092773438e+01
-5.594750595092773438e+01
-5.595473098754882812e+01
-5.596918106079101562e+01
-5.596918106079101562e+01
-5.597640609741210938e+01
-5.597640609741210938e+01
-5.597640609741210938e+01
-5.600530624389648438e+01
-5.600530624389648438e+01
-5.601253128051757812e+01
-5.602698135375976562e+01
-5.602698135375976562e+01
-5.603420639038085938e+01
-5.604865646362304688e+01
-5.604865646362304688e+01
-5.605588150024414062e+01
-5.607033157348632812e+01
-5.607033157348632812e+01
-5.607033157348632812e+01
-5.609200286865234375e+01
-5.609200286865234375e+01
-5.610645294189453125e+01
-5.610645294189453125e+01
-5.610645294189453125e+01
-5.612812805175781250e+01
-5.612812805175781250e+01
-5.613535308837890625e+01
-5.614980316162109375e+01
-5.614980316162109375e+01
-5.615702819824218750e+01
-5.617147827148437500e+01
-5.617147827148437500e+01
-5.617870330810546875e+01
-5.619315338134765625e+01
-5.619315338134765625e+01
-5.620760345458984375e+01
-5.620760345458984375e+01
-5.621482849121093750e+01
-5.622927474975585938e+01
-5.622927474975585938e+01
-5.623649978637695312e+01
-5.625094985961914062e+01
-5.625094985961914062e+01
-5.625817489624023438e+01
-5.625817489624023438e+01
-5.627262496948242188e+01
-5.627985000610351562e+01
-5.629430007934570312e+01
-5.629430007934570312e+01
-5.630152511596679688e+01
-5.630875015258789062e+01
-5.632320022583007812e+01
-5.632320022583007812e+01
-5.633765029907226562e+01
-5.633765029907226562e+01
-5.634487533569335938e+01
-5.635932159423828125e+01
-5.635932159423828125e+01
-5.637377166748046875e+01
-5.637377166748046875e+01
-5.638099670410156250e+01
-5.639544677734375000e+01
-5.639544677734375000e+01
-5.640267181396484375e+01
-5.641712188720703125e+01
-5.641712188720703125e+01
-5.642434692382812500e+01
-5.643879699707031250e+01
-5.644602203369140625e+01
-5.644602203369140625e+01
-5.645324707031250000e+01
-5.646047210693359375e+01
-5.647492218017578125e+01
-5.647492218017578125e+01
-5.648214721679687500e+01
-5.649659729003906250e+01
-5.649659729003906250e+01
-5.651104354858398438e+01
-5.651826858520507812e+01
-5.651826858520507812e+01
-5.653271865844726562e+01
-5.653271865844726562e+01
-5.653994369506835938e+01
-5.655439376831054688e+01
-5.655439376831054688e+01
-5.656161880493164062e+01
-5.657606887817382812e+01
-5.657606887817382812e+01
-5.658329391479492188e+01
-5.659051895141601562e+01
-5.659774398803710938e+01
-5.661219406127929688e+01
-5.661219406127929688e+01
-5.661941909790039062e+01
-5.663386917114257812e+01
-5.663386917114257812e+01
-5.664109420776367188e+01
-5.665554046630859375e+01
-5.665554046630859375e+01
-5.666276550292968750e+01
-5.667721557617187500e+01
-5.667721557617187500e+01
-5.669166564941406250e+01
-5.669166564941406250e+01
-5.669889068603515625e+01
-5.671334075927734375e+01
-5.671334075927734375e+01
-5.672056579589843750e+01
-5.673501586914062500e+01
-5.673501586914062500e+01
-5.674224090576171875e+01
-5.675669097900390625e+01
-5.675669097900390625e+01
-5.676391601562500000e+01
-5.677836608886718750e+01
-5.677836608886718750e+01
-5.679281234741210938e+01
-5.680003738403320312e+01
-5.680003738403320312e+01
-5.681448745727539062e+01
-5.681448745727539062e+01
-5.682171249389648438e+01
-5.682171249389648438e+01
-5.683616256713867188e+01
-5.683616256713867188e+01
-5.685783767700195312e+01
-5.685783767700195312e+01
-5.686506271362304688e+01
-5.687951278686523438e+01
-5.687951278686523438e+01
-5.688673782348632812e+01
-5.689396286010742188e+01
-5.690118789672851562e+01
-5.691563796997070312e+01
-5.692286300659179688e+01
-5.692286300659179688e+01
-5.693730926513671875e+01
-5.693730926513671875e+01
-5.693730926513671875e+01
-5.694453430175781250e+01
-5.694453430175781250e+01
-5.696620941162109375e+01
-5.698065948486328125e+01
-5.698065948486328125e+01
-5.698065948486328125e+01
-5.698065948486328125e+01
-5.699510955810546875e+01
-5.699510955810546875e+01
-5.699510955810546875e+01
-5.700955963134765625e+01
-5.701678466796875000e+01
-5.701678466796875000e+01
-5.703123474121093750e+01
-5.703123474121093750e+01
-5.703845977783203125e+01
-5.705290985107421875e+01
-5.706013488769531250e+01
-5.706735992431640625e+01
-5.706735992431640625e+01
-5.708180618286132812e+01
-5.708903121948242188e+01
-5.708903121948242188e+01
-5.710348129272460938e+01
-5.711070632934570312e+01
-5.711793136596679688e+01
-5.712515640258789062e+01
-5.713238143920898438e+01
-5.713960647583007812e+01
-5.714683151245117188e+01
-5.714683151245117188e+01
-5.715405654907226562e+01
-5.716850662231445312e+01
-5.717573165893554688e+01
-5.718295669555664062e+01
-5.719018173217773438e+01
-5.719740676879882812e+01
-5.720463180541992188e+01
-5.720463180541992188e+01
-5.720463180541992188e+01
-5.720463180541992188e+01
-5.720463180541992188e+01
-5.720463180541992188e+01
-5.720463180541992188e+01
-5.720463180541992188e+01
-5.922238540649414062e+01
-5.923060226440429688e+01
-5.923060226440429688e+01
-5.924703979492187500e+01
-5.924703979492187500e+01
-5.926347351074218750e+01
-5.926347351074218750e+01
-5.927169036865234375e+01
-5.928812408447265625e+01
-5.928812408447265625e+01
-5.930456161499023438e+01
-5.932099533081054688e+01
-5.932099533081054688e+01
-5.932921218872070312e+01
-5.934564971923828125e+01
-5.934564971923828125e+01
-5.935386657714843750e+01
-5.935386657714843750e+01
-5.937030410766601562e+01
-5.937852478027343750e+01
-5.938674163818359375e+01
-5.939496231079101562e+01
-5.940318298339843750e+01
-5.940318298339843750e+01
-5.941962051391601562e+01
-5.941962051391601562e+01
-5.943606185913085938e+01
-5.944428253173828125e+01
-5.945250320434570312e+01
-5.946072387695312500e+01
-5.946894454956054688e+01
-5.946894454956054688e+01
-5.948538589477539062e+01
-5.949361038208007812e+01
-5.950183105468750000e+01
-5.951005554199218750e+01
-5.951005554199218750e+01
-5.951827621459960938e+01
-5.953472518920898438e+01
-5.955117416381835938e+01
-5.955117416381835938e+01
-5.955939865112304688e+01
-5.957584762573242188e+01
-5.957584762573242188e+01
-5.958407592773437500e+01
-5.959230041503906250e+01
-5.960052871704101562e+01
-5.960875320434570312e+01
-5.961698150634765625e+01
-5.962520980834960938e+01
-5.964166641235351562e+01
-5.964166641235351562e+01
-5.964989471435546875e+01
-5.966635513305664062e+01
-5.966635513305664062e+01
-5.967458724975585938e+01
-5.969105148315429688e+01
-5.969105148315429688e+01
-5.969928359985351562e+01
-5.971574783325195312e+01
-5.971574783325195312e+01
-5.972398376464843750e+01
-5.974045181274414062e+01
-5.974045181274414062e+01
-5.974868774414062500e+01
-5.975692367553710938e+01
-5.976515960693359375e+01
-5.977339553833007812e+01
-5.978163528442382812e+01
-5.978987503051757812e+01
-5.979811096191406250e+01
-5.980635070800781250e+01
-5.981459045410156250e+01
-5.982283401489257812e+01
-5.983107376098632812e+01
-5.983931732177734375e+01
-5.984756088256835938e+01
-5.985580444335937500e+01
-5.986404800415039062e+01
-5.987229156494140625e+01
-5.988053894042968750e+01
-5.988878631591796875e+01
-5.989703369140625000e+01
-5.990528106689453125e+01
-5.991352844238281250e+01
-5.993003082275390625e+01
-5.993827819824218750e+01
-5.993827819824218750e+01
-5.995478439331054688e+01
-5.995478439331054688e+01
-5.997129058837890625e+01
-5.997129058837890625e+01
-5.997954559326171875e+01
-5.999605941772460938e+01
-5.999605941772460938e+01
-6.000431823730468750e+01
-6.001257324218750000e+01
-6.002083587646484375e+01
-6.002909469604492188e+01
-6.003735351562500000e+01
-6.004561614990234375e+01
-6.006214141845703125e+01
-6.006214141845703125e+01
-6.007040786743164062e+01
-6.008694076538085938e+01
-6.008694076538085938e+01
-6.009520721435546875e+01
-6.011174392700195312e+01
-6.011174392700195312e+01
-6.012001419067382812e+01
-6.012828445434570312e+01
-6.013655853271484375e+01
-6.014482879638671875e+01
-6.014482879638671875e+01
-6.016138076782226562e+01
-6.017793273925781250e+01
-6.017793273925781250e+01
-6.018621063232421875e+01
-6.020277023315429688e+01
-6.020277023315429688e+01
-6.021105194091796875e+01
-6.021933364868164062e+01
-6.022761917114257812e+01
-6.023590087890625000e+01
-6.024418640136718750e+01
-6.025247573852539062e+01
-6.026076126098632812e+01
-6.026905059814453125e+01
-6.027733993530273438e+01
-6.029392623901367188e+01
-6.029392623901367188e+01
-6.030221939086914062e+01
-6.031880950927734375e+01
-6.031880950927734375e+01
-6.032710647583007812e+01
-6.033540344238281250e+01
-6.033540344238281250e+01
-6.035200500488281250e+01
-6.036030578613281250e+01
-6.037691497802734375e+01
-6.037691497802734375e+01
-6.039352798461914062e+01
-6.039352798461914062e+01
-6.040183639526367188e+01
-6.041014480590820312e+01
-6.041845703125000000e+01
-6.043508148193359375e+01
-6.043508148193359375e+01
-6.043508148193359375e+01
-6.044339752197265625e+01
-6.046002960205078125e+01
-6.046002960205078125e+01
-6.047666931152343750e+01
-6.048498916625976562e+01
-6.050163650512695312e+01
-6.050163650512695312e+01
-6.050163650512695312e+01
-6.052661514282226562e+01
-6.052661514282226562e+01
-6.053494644165039062e+01
-6.054327774047851562e+01
-6.055160903930664062e+01
-6.055994415283203125e+01
-6.056827926635742188e+01
-6.057661437988281250e+01
-6.058495330810546875e+01
-6.058495330810546875e+01
-6.060163497924804688e+01
-6.061832046508789062e+01
-6.061832046508789062e+01
-6.062666702270507812e+01
-6.064336395263671875e+01
-6.064336395263671875e+01
-6.065171432495117188e+01
-6.066006469726562500e+01
-6.066841888427734375e+01
-6.067677307128906250e+01
-6.068513107299804688e+01
-6.069348907470703125e+01
-6.070184707641601562e+01
-6.071020889282226562e+01
-6.071857070922851562e+01
-6.071857070922851562e+01
-6.074366760253906250e+01
-6.075203704833984375e+01
-6.075203704833984375e+01
-6.076041030883789062e+01
-6.076878356933593750e+01
-6.078553009033203125e+01
-6.078553009033203125e+01
-6.079391098022460938e+01
-6.079391098022460938e+01
-6.081066894531250000e+01
-6.081905364990234375e+01
-6.082743835449218750e+01
-6.083582305908203125e+01
-6.084421157836914062e+01
-6.085260009765625000e+01
-6.086099243164062500e+01
-6.086938476562500000e+01
-6.087778091430664062e+01
-6.088617706298828125e+01
-6.090297698974609375e+01
-6.090297698974609375e+01
-6.091137695312500000e+01
-6.092818832397460938e+01
-6.092818832397460938e+01
-6.093659591674804688e+01
-6.094500350952148438e+01
-6.095341491699218750e+01
-6.096182632446289062e+01
-6.097024154663085938e+01
-6.097866058349609375e+01
-6.098707962036132812e+01
-6.099549865722656250e+01
-6.100392150878906250e+01
-6.101234436035156250e+01
-6.102077102661132812e+01
-6.102920150756835938e+01
-6.102920150756835938e+01
-6.104606246948242188e+01
-6.105449676513671875e+01
-6.106293487548828125e+01
-6.107137298583984375e+01
-6.108825302124023438e+01
-6.108825302124023438e+01
-6.109669876098632812e+01
-6.110514450073242188e+01
-6.111359024047851562e+01
-6.112203979492187500e+01
-6.113894653320312500e+01
-6.113894653320312500e+01
-6.113894653320312500e+01
-6.114740371704101562e+01
-6.116432189941406250e+01
-6.117278289794921875e+01
-6.118971633911132812e+01
-6.118971633911132812e+01
-6.119818496704101562e+01
-6.120665359497070312e+01
-6.121512985229492188e+01
-6.122360229492187500e+01
-6.123207855224609375e+01
-6.124055862426757812e+01
-6.124904251098632812e+01
-6.124904251098632812e+01
-6.126601028442382812e+01
-6.126601028442382812e+01
-6.128298950195312500e+01
-6.129148101806640625e+01
-6.129148101806640625e+01
-6.130847167968750000e+01
-6.131697082519531250e+01
-6.132547378540039062e+01
-6.133397674560546875e+01
-6.135099029541015625e+01
-6.135099029541015625e+01
-6.135950088500976562e+01
-6.137652969360351562e+01
-6.137652969360351562e+01
-6.138504409790039062e+01
-6.139356613159179688e+01
-6.140208816528320312e+01
-6.141061019897460938e+01
-6.141913604736328125e+01
-6.142766571044921875e+01
-6.143619537353515625e+01
-6.144472885131835938e+01
-6.145326614379882812e+01
-6.147034072875976562e+01
-6.147034072875976562e+01
-6.147888565063476562e+01
-6.148742675781250000e+01
-6.149597549438476562e+01
-6.149597549438476562e+01
-6.151307678222656250e+01
-6.152162933349609375e+01
-6.153018188476562500e+01
-6.153874206542968750e+01
-6.154730224609375000e+01
-6.156442642211914062e+01
-6.156442642211914062e+01
-6.157299423217773438e+01
-6.159013366699218750e+01
-6.159870529174804688e+01
-6.159870529174804688e+01
-6.160728073120117188e+01
-6.162443923950195312e+01
-6.162443923950195312e+01
-6.162443923950195312e+01
-6.164160537719726562e+01
-6.165019226074218750e+01
-6.165877914428710938e+01
-6.166736984252929688e+01
-6.167596054077148438e+01
-6.168455505371093750e+01
-6.168455505371093750e+01
-6.171035385131835938e+01
-6.171035385131835938e+01
-6.171895599365234375e+01
-6.173617172241210938e+01
-6.173617172241210938e+01
-6.174478149414062500e+01
-6.174478149414062500e+01
-6.175339126586914062e+01
-6.177062225341796875e+01
-6.177062225341796875e+01
-6.178786087036132812e+01
-6.179648208618164062e+01
-6.180510711669921875e+01
-6.181373596191406250e+01
-6.182236480712890625e+01
-6.183099365234375000e+01
-6.183962631225585938e+01
-6.184826278686523438e+01
-6.185689926147460938e+01
-6.186553955078125000e+01
-6.187417984008789062e+01
-6.188282394409179688e+01
-6.189146804809570312e+01
-6.190011596679687500e+01
-6.190876770019531250e+01
-6.191741561889648438e+01
-6.193472671508789062e+01
-6.193472671508789062e+01
-6.195204544067382812e+01
-6.195204544067382812e+01
-6.196070480346679688e+01
-6.197803497314453125e+01
-6.197803497314453125e+01
-6.197803497314453125e+01
-6.198670196533203125e+01
-6.199537277221679688e+01
-6.201271820068359375e+01
-6.201271820068359375e+01
-6.203007507324218750e+01
-6.203007507324218750e+01
-6.204743576049804688e+01
-6.205611801147460938e+01
-6.205611801147460938e+01
-6.205611801147460938e+01
-6.207349395751953125e+01
-6.209957122802734375e+01
-6.209957122802734375e+01
-6.210826492309570312e+01
-6.210826492309570312e+01
-6.212566375732421875e+01
-6.213436508178710938e+01
-6.213436508178710938e+01
-6.215177536010742188e+01
-6.216048431396484375e+01
-6.216919326782226562e+01
-6.217790603637695312e+01
-6.219533157348632812e+01
-6.219533157348632812e+01
-6.219533157348632812e+01
-6.219533157348632812e+01
-6.222149276733398438e+01
-6.222149276733398438e+01
-6.223894119262695312e+01
-6.224766540527343750e+01
-6.224766540527343750e+01
-6.224766540527343750e+01
-6.227386093139648438e+01
-6.228259277343750000e+01
-6.228259277343750000e+01
-6.230006790161132812e+01
-6.230006790161132812e+01
-6.230881118774414062e+01
-6.232629776000976562e+01
-6.232629776000976562e+01
-6.234379196166992188e+01
-6.234379196166992188e+01
-6.235253906250000000e+01
-6.237004470825195312e+01
-6.237880325317382812e+01
-6.237880325317382812e+01
-6.238755798339843750e+01
-6.240507888793945312e+01
-6.240507888793945312e+01
-6.242260742187500000e+01
-6.242260742187500000e+01
-6.243137359619140625e+01
-6.244013977050781250e+01
-6.244891357421875000e+01
-6.245768356323242188e+01
-6.246645736694335938e+01
-6.247523498535156250e+01
-6.248401260375976562e+01
-6.249279022216796875e+01
-6.250157165527343750e+01
-6.251035308837890625e+01
-6.251913833618164062e+01
-6.253671264648437500e+01
-6.254550552368164062e+01
-6.255429840087890625e+01
-6.256309127807617188e+01
-6.257188796997070312e+01
-6.257188796997070312e+01
-6.258068466186523438e+01
-6.259828186035156250e+01
-6.260708618164062500e+01
-6.260708618164062500e+01
-6.262469863891601562e+01
-6.262469863891601562e+01
-6.264231491088867188e+01
-6.265112686157226562e+01
-6.265993881225585938e+01
-6.266875457763671875e+01
-6.267757034301757812e+01
-6.267757034301757812e+01
-6.269520950317382812e+01
-6.269520950317382812e+01
-6.271285629272460938e+01
-6.272167968750000000e+01
-6.273050689697265625e+01
-6.273050689697265625e+01
-6.274816894531250000e+01
-6.274816894531250000e+01
-6.276583480834960938e+01
-6.277466964721679688e+01
-6.278350830078125000e+01
-6.279234695434570312e+01
-6.280118560791015625e+01
-6.281002807617187500e+01
-6.281002807617187500e+01
-6.282772064208984375e+01
-6.282772064208984375e+01
-6.284541702270507812e+01
-6.284541702270507812e+01
-6.286311721801757812e+01
-6.287197113037109375e+01
-6.288082885742187500e+01
-6.288968658447265625e+01
-6.289854431152343750e+01
-6.291626739501953125e+01
-6.291626739501953125e+01
-6.292513275146484375e+01
-6.293399810791015625e+01
-6.293399810791015625e+01
-6.294286727905273438e+01
-6.296947860717773438e+01
-6.296947860717773438e+01
-6.297835159301757812e+01
-6.298722839355468750e+01
-6.299610519409179688e+01
-6.300498199462890625e+01
-6.301386260986328125e+01
-6.302274322509765625e+01
-6.303162765502929688e+01
-6.303162765502929688e+01
-6.304940032958984375e+01
-6.305828857421875000e+01
-6.306717681884765625e+01
-6.307606887817382812e+01
-6.309385681152343750e+01
-6.309385681152343750e+01
-6.310275268554687500e+01
-6.312054824829101562e+01
-6.312054824829101562e+01
-6.312945175170898438e+01
-6.313835144042968750e+01
-6.314725494384765625e+01
-6.315616226196289062e+01
-6.316506958007812500e+01
-6.317397689819335938e+01
-6.318288803100585938e+01
-6.318288803100585938e+01
-6.320071411132812500e+01
-6.320962524414062500e+01
-6.321854400634765625e+01
-6.322746276855468750e+01
-6.324530029296875000e+01
-6.324530029296875000e+01
-6.325422286987304688e+01
-6.327207183837890625e+01
-6.327207183837890625e+01
-6.328099822998046875e+01
-6.328992843627929688e+01
-6.329885864257812500e+01
-6.330778884887695312e+01
-6.331671905517578125e+01
-6.332565307617187500e+01
-6.333459091186523438e+01
-6.334352874755859375e+01
-6.334352874755859375e+01
-6.336140441894531250e+01
-6.337929153442382812e+01
-6.337929153442382812e+01
-6.338823318481445312e+01
-6.339718246459960938e+01
-6.340612792968750000e+01
-6.342402648925781250e+01
-6.342402648925781250e+01
-6.342402648925781250e+01
-6.344193267822265625e+01
-6.345088577270507812e+01
-6.345984268188476562e+01
-6.346879959106445312e+01
-6.347775650024414062e+01
-6.348671722412109375e+01
-6.349567794799804688e+01
-6.350464248657226562e+01
-6.350464248657226562e+01
-6.351360702514648438e+01
-6.353153991699218750e+01
-6.354948043823242188e+01
-6.354948043823242188e+01
-6.356742095947265625e+01
-6.356742095947265625e+01
-6.357639694213867188e+01
-6.359434890747070312e+01
-6.359434890747070312e+01
-6.360332870483398438e+01
-6.361230850219726562e+01
-6.362128829956054688e+01
-6.363026809692382812e+01
-6.363925170898437500e+01
-6.364823913574218750e+01
-6.364823913574218750e+01
-6.365722656250000000e+01
-6.366621398925781250e+01
-6.367520141601562500e+01
-6.370217514038085938e+01
-6.370217514038085938e+01
-6.370217514038085938e+01
-6.372016525268554688e+01
-6.372916412353515625e+01
-6.372916412353515625e+01
-6.374716186523437500e+01
-6.375616455078125000e+01
-6.376516723632812500e+01
-6.376516723632812500e+01
-6.378317642211914062e+01
-6.379218292236328125e+01
-6.380118942260742188e+01
-6.381921005249023438e+01
-6.381921005249023438e+01
-6.382822036743164062e+01
-6.384624862670898438e+01
-6.384624862670898438e+01
-6.385526275634765625e+01
-6.387329864501953125e+01
-6.387329864501953125e+01
-6.388232040405273438e+01
-6.389134216308593750e+01
-6.390036392211914062e+01
-6.390938949584960938e+01
-6.391841506958007812e+01
-6.392744064331054688e+01
-6.393647003173828125e+01
-6.394549942016601562e+01
-6.395452880859375000e+01
-6.397259521484375000e+01
-6.397259521484375000e+01
-6.398162841796875000e+01
-6.399066543579101562e+01
-6.399066543579101562e+01
-6.400874328613281250e+01
-6.402682495117187500e+01
-6.402682495117187500e+01
-6.403586578369140625e+01
-6.404490661621093750e+01
-6.405395507812500000e+01
-6.406300354003906250e+01
-6.407205200195312500e+01
-6.408110046386718750e+01
-6.409919738769531250e+01
-6.409919738769531250e+01
-6.410825347900390625e+01
-6.411730957031250000e+01
-6.412636566162109375e+01
-6.414447784423828125e+01
-6.414447784423828125e+01
-6.414447784423828125e+01
-6.416260528564453125e+01
-6.418073272705078125e+01
-6.418073272705078125e+01
-6.418979644775390625e+01
-6.419886016845703125e+01
-6.420793151855468750e+01
-6.421699523925781250e+01
-6.422606658935546875e+01
-6.423513793945312500e+01
-6.424421691894531250e+01
-6.426236724853515625e+01
-6.427144622802734375e+01
-6.427144622802734375e+01
-6.428052520751953125e+01
-6.428960418701171875e+01
-6.430776214599609375e+01
-6.430776214599609375e+01
-6.431684875488281250e+01
-6.433502197265625000e+01
-6.433502197265625000e+01
-6.433502197265625000e+01
-6.435319519042968750e+01
-6.436228942871093750e+01
-6.437138366699218750e+01
-6.438047027587890625e+01
-6.438957214355468750e+01
-6.440776062011718750e+01
-6.440776062011718750e+01
-6.441686248779296875e+01
-6.443505859375000000e+01
-6.443505859375000000e+01
-6.443505859375000000e+01
-6.445326995849609375e+01
-6.446237182617187500e+01
-6.448058319091796875e+01
-6.448058319091796875e+01
-6.448969268798828125e+01
-6.450791931152343750e+01
-6.450791931152343750e+01
-6.451702880859375000e+01
-6.453526306152343750e+01
-6.453526306152343750e+01
-6.454438018798828125e+01
-6.456261444091796875e+01
-6.456261444091796875e+01
-6.457173919677734375e+01
-6.457173919677734375e+01
-6.458998107910156250e+01
-6.459910583496093750e+01
-6.460823059082031250e+01
-6.461736297607421875e+01
-6.463562011718750000e+01
-6.463562011718750000e+01
-6.464475250244140625e+01
-6.466301727294921875e+01
-6.466301727294921875e+01
-6.467214965820312500e+01
-6.469042968750000000e+01
-6.469042968750000000e+01
-6.469956970214843750e+01
-6.469956970214843750e+01
-6.471784973144531250e+01
-6.472698974609375000e+01
-6.473613739013671875e+01
-6.474528503417968750e+01
-6.476358032226562500e+01
-6.476358032226562500e+01
-6.476358032226562500e+01
-6.478187561035156250e+01
-6.479103088378906250e+01
-6.480018615722656250e+01
-6.480018615722656250e+01
-6.481849670410156250e+01
-6.481849670410156250e+01
-6.483681488037109375e+01
-6.484597015380859375e+01
-6.485513305664062500e+01
-6.486429595947265625e+01
-6.487345886230468750e+01
-6.487345886230468750e+01
-6.487345886230468750e+01
-6.490096282958984375e+01
-6.491929626464843750e+01
-6.491929626464843750e+01
-6.492847442626953125e+01
-6.494681549072265625e+01
-6.494681549072265625e+01
-6.495599365234375000e+01
-6.495599365234375000e+01
-6.497434997558593750e+01
-6.498352813720703125e+01
-6.499271392822265625e+01
-6.500189208984375000e+01
-6.501107788085937500e+01
-6.502026367187500000e+01
-6.502944946289062500e+01
-6.504782104492187500e+01
-6.504782104492187500e+01
-6.505701446533203125e+01
-6.507540130615234375e+01
-6.507540130615234375e+01
-6.508459472656250000e+01
-6.509378814697265625e+01
-6.510298156738281250e+01
-6.511218261718750000e+01
-6.512138366699218750e+01
-6.512138366699218750e+01
-6.513978576660156250e+01
-6.514898681640625000e+01
-6.515818786621093750e+01
-6.517660522460937500e+01
-6.517660522460937500e+01
-6.518581390380859375e+01
-6.519502258300781250e+01
-6.519502258300781250e+01
-6.521343994140625000e+01
-6.523187255859375000e+01
-6.523187255859375000e+01
-6.524108886718750000e+01
-6.524108886718750000e+01
-6.525952148437500000e+01
-6.526874542236328125e+01
-6.527796173095703125e+01
-6.528718566894531250e+01
-6.529640960693359375e+01
-6.530563354492187500e+01
-6.531485748291015625e+01
-6.532408905029296875e+01
-6.533331298828125000e+01
-6.534254455566406250e+01
-6.536100769042968750e+01
-6.536100769042968750e+01
-6.537024688720703125e+01
-6.537024688720703125e+01
-6.538871765136718750e+01
-6.539795684814453125e+01
-6.539795684814453125e+01
-6.541643524169921875e+01
-6.542567443847656250e+01
-6.543491363525390625e+01
-6.544416046142578125e+01
-6.545340728759765625e+01
-6.546265411376953125e+01
-6.547190093994140625e+01
-6.548114776611328125e+01
-6.549040222167968750e+01
-6.549964904785156250e+01
-6.551815795898437500e+01
-6.551815795898437500e+01
-6.552741241455078125e+01
-6.554592895507812500e+01
-6.554592895507812500e+01
-6.555519104003906250e+01
-6.557371520996093750e+01
-6.558297729492187500e+01
-6.558297729492187500e+01
-6.560150909423828125e+01
-6.560150909423828125e+01
-6.561077117919921875e+01
-6.561077117919921875e+01
-6.562931060791015625e+01
-6.563858032226562500e+01
-6.563858032226562500e+01
-6.565712738037109375e+01
-6.567568206787109375e+01
-6.567568206787109375e+01
-6.568495941162109375e+01
-6.570351409912109375e+01
-6.570351409912109375e+01
-6.571279907226562500e+01
-6.572207641601562500e+01
-6.573136138916015625e+01
-6.574064636230468750e+01
-6.574993133544921875e+01
-6.575922393798828125e+01
-6.576850891113281250e+01
-6.577780151367187500e+01
-6.578709411621093750e+01
-6.580567932128906250e+01
-6.580567932128906250e+01
-6.581497192382812500e+01
-6.581497192382812500e+01
-6.583356475830078125e+01
-6.584286499023437500e+01
-6.586146545410156250e+01
-6.586146545410156250e+01
-6.586146545410156250e+01
-6.588938140869140625e+01
-6.588938140869140625e+01
-6.589868164062500000e+01
-6.590798950195312500e+01
-6.591730499267578125e+01
-6.592661285400390625e+01
-6.592661285400390625e+01
-6.592661285400390625e+01
-6.592661285400390625e+01
-6.592661285400390625e+01
-6.592661285400390625e+01
-6.592661285400390625e+01
-6.592661285400390625e+01
-6.592661285400390625e+01
-6.592661285400390625e+01
-6.594523620605468750e+01
-6.594523620605468750e+01
-6.597318267822265625e+01
-6.597318267822265625e+01
-6.597318267822265625e+01
-6.601045989990234375e+01
-6.601978302001953125e+01
-6.602910614013671875e+01
-6.602910614013671875e+01
-6.602910614013671875e+01
-6.602910614013671875e+01
-6.603843688964843750e+01
-6.604776000976562500e+01
-6.605709075927734375e+01
-6.607574462890625000e+01
-6.608508300781250000e+01
-6.609441375732421875e+01
-6.609441375732421875e+01
-6.611308288574218750e+01
-6.611308288574218750e+01
-6.613175964355468750e+01
-6.613175964355468750e+01
-6.615043640136718750e+01
-6.615977478027343750e+01
-6.616912078857421875e+01
-6.617846679687500000e+01
-6.618781280517578125e+01
-6.619715881347656250e+01
-6.620650482177734375e+01
-6.621585083007812500e+01
-6.622520446777343750e+01
-6.622520446777343750e+01
-6.624390411376953125e+01
-6.625325775146484375e+01
-6.626261901855468750e+01
-6.627197265625000000e+01
-6.628132629394531250e+01
-6.629068756103515625e+01
-6.630004882812500000e+01
-6.630941009521484375e+01
-6.631877136230468750e+01
-6.631877136230468750e+01
-6.633750152587890625e+01
-6.634687042236328125e+01
-6.635623168945312500e+01
-6.636560058593750000e+01
-6.637496948242187500e+01
-6.638434600830078125e+01
-6.639371490478515625e+01
-6.640309143066406250e+01
-6.641246032714843750e+01
-6.641246032714843750e+01
-6.641246032714843750e+01
-6.641246032714843750e+01
-6.641246032714843750e+01
-6.641246032714843750e+01
-6.641246032714843750e+01
-6.641246032714843750e+01
-6.641246032714843750e+01
-6.836444854736328125e+01
-6.837425231933593750e+01
-6.838405609130859375e+01
-6.839386749267578125e+01
-6.840367126464843750e+01
-6.841347503662109375e+01
-6.842328643798828125e+01
-6.843309020996093750e+01
-6.844289398193359375e+01
-6.845270538330078125e+01
-6.846250915527343750e+01
-6.848212432861328125e+01
-6.848212432861328125e+01
-6.850173950195312500e+01
-6.850173950195312500e+01
-6.851154327392578125e+01
-6.853115844726562500e+01
-6.853115844726562500e+01
-6.855077362060546875e+01
-6.856057739257812500e+01
-6.856057739257812500e+01
-6.858019256591796875e+01
-6.858999633789062500e+01
-6.859980773925781250e+01
-6.859980773925781250e+01
-6.860961151123046875e+01
-6.861942291259765625e+01
-6.863903808593750000e+01
-6.863903808593750000e+01
-6.864884948730468750e+01
-6.866846466064453125e+01
-6.866846466064453125e+01
-6.867826843261718750e+01
-6.869789123535156250e+01
-6.869789123535156250e+01
-6.871750640869140625e+01
-6.872731781005859375e+01
-6.873712158203125000e+01
-6.874693298339843750e+01
-6.874693298339843750e+01
-6.874693298339843750e+01
-6.877636718750000000e+01
-6.877636718750000000e+01
-6.879598236083984375e+01
-6.880579376220703125e+01
-6.881560516357421875e+01
-6.881560516357421875e+01
-6.882541656494140625e+01
-6.884503936767578125e+01
-6.884503936767578125e+01
-6.885485076904296875e+01
-6.887447357177734375e+01
-6.888428497314453125e+01
-6.888428497314453125e+01
-6.889409637451171875e+01
-6.891372680664062500e+01
-6.892353820800781250e+01
-6.893334960937500000e+01
-6.894316864013671875e+01
-6.894316864013671875e+01
-6.896279144287109375e+01
-6.896279144287109375e+01
-6.897261047363281250e+01
-6.899224090576171875e+01
-6.899224090576171875e+01
-6.899224090576171875e+01
-6.902168273925781250e+01
-6.902168273925781250e+01
-6.904132080078125000e+01
-6.904132080078125000e+01
-6.905113220214843750e+01
-6.905113220214843750e+01
-6.907077026367187500e+01
-6.908058929443359375e+01
-6.910022735595703125e+01
-6.911004638671875000e+01
-6.911985778808593750e+01
-6.911985778808593750e+01
-6.912968444824218750e+01
-6.914932250976562500e+01
-6.914932250976562500e+01
-6.915914154052734375e+01
-6.917877960205078125e+01
-6.917877960205078125e+01
-6.919842529296875000e+01
-6.919842529296875000e+01
-6.920824432373046875e+01
-6.922789001464843750e+01
-6.922789001464843750e+01
-6.923771667480468750e+01
-6.925736236572265625e+01
-6.925736236572265625e+01
-6.926718902587890625e+01
-6.928684234619140625e+01
-6.928684234619140625e+01
-6.930648803710937500e+01
-6.931631469726562500e+01
-6.932614135742187500e+01
-6.933596801757812500e+01
-6.933596801757812500e+01
-6.934580230712890625e+01
-6.936545562744140625e+01
-6.936545562744140625e+01
-6.937528228759765625e+01
-6.939494323730468750e+01
-6.940477752685546875e+01
-6.941460418701171875e+01
-6.942443847656250000e+01
-6.943426513671875000e+01
-6.944409942626953125e+01
-6.944409942626953125e+01
-6.946376800537109375e+01
-6.946376800537109375e+01
-6.947360229492187500e+01
-6.949327087402343750e+01
-6.949327087402343750e+01
-6.950310516357421875e+01
-6.952277374267578125e+01
-6.952277374267578125e+01
-6.953261566162109375e+01
-6.953261566162109375e+01
-6.955228424072265625e+01
-6.956212615966796875e+01
-6.957196044921875000e+01
-6.958180236816406250e+01
-6.959164428710937500e+01
-6.960148620605468750e+01
-6.960148620605468750e+01
-6.963100433349609375e+01
-6.963100433349609375e+01
-6.964084625244140625e+01
-6.966053771972656250e+01
-6.966053771972656250e+01
-6.966053771972656250e+01
-6.969007110595703125e+01
-6.969991302490234375e+01
-6.969991302490234375e+01
-6.971961212158203125e+01
-6.972946166992187500e+01
-6.972946166992187500e+01
-6.974915313720703125e+01
-6.974915313720703125e+01
-6.975900268554687500e+01
-6.975900268554687500e+01
-6.977870178222656250e+01
-6.979840850830078125e+01
-6.980825805664062500e+01
-6.981811523437500000e+01
-6.981811523437500000e+01
-6.983782196044921875e+01
-6.983782196044921875e+01
-6.986739349365234375e+01
-6.986739349365234375e+01
-6.986739349365234375e+01
-6.988710784912109375e+01
-6.988710784912109375e+01
-6.989696502685546875e+01
-6.991667938232421875e+01
-6.992654418945312500e+01
-6.992654418945312500e+01
-6.993640136718750000e+01
-6.995613098144531250e+01
-6.995613098144531250e+01
-6.995613098144531250e+01
-6.998571777343750000e+01
-6.998571777343750000e+01
-6.999558258056640625e+01
-7.001531982421875000e+01
-7.001531982421875000e+01
-7.002518463134765625e+01
-7.004492187500000000e+01
-7.004492187500000000e+01
-7.006465911865234375e+01
-7.007453155517578125e+01
-7.007453155517578125e+01
-7.008440399169921875e+01
-7.009427642822265625e+01
-7.010414886474609375e+01
-7.012390136718750000e+01
-7.012390136718750000e+01
-7.013377380371093750e+01
-7.015352630615234375e+01
-7.015352630615234375e+01
-7.016340637207031250e+01
-7.018316650390625000e+01
-7.018316650390625000e+01
-7.020292663574218750e+01
-7.020292663574218750e+01
-7.021280670166015625e+01
-7.023257446289062500e+01
-7.023257446289062500e+01
-7.024246215820312500e+01
-7.024246215820312500e+01
-7.026222991943359375e+01
-7.027211761474609375e+01
-7.029189300537109375e+01
-7.029189300537109375e+01
-7.031167602539062500e+01
-7.031167602539062500e+01
-7.032156372070312500e+01
-7.034134674072265625e+01
-7.035124206542968750e+01
-7.035124206542968750e+01
-7.037103271484375000e+01
-7.037103271484375000e+01
-7.038092803955078125e+01
-7.040071868896484375e+01
-7.040071868896484375e+01
-7.042051696777343750e+01
-7.043041992187500000e+01
-7.043041992187500000e+01
-7.045022583007812500e+01
-7.045022583007812500e+01
-7.046012878417968750e+01
-7.047993469238281250e+01
-7.047993469238281250e+01
-7.048983764648437500e+01
-7.050965118408203125e+01
-7.050965118408203125e+01
-7.052946472167968750e+01
-7.053937530517578125e+01
-7.053937530517578125e+01
-7.055919647216796875e+01
-7.055919647216796875e+01
-7.056910705566406250e+01
-7.056910705566406250e+01
-7.058893585205078125e+01
-7.059884643554687500e+01
-7.061868286132812500e+01
-7.061868286132812500e+01
-7.061868286132812500e+01
-7.064842987060546875e+01
-7.064842987060546875e+01
-7.066826629638671875e+01
-7.066826629638671875e+01
-7.067818450927734375e+01
-7.069802856445312500e+01
-7.069802856445312500e+01
-7.070795440673828125e+01
-7.071787261962890625e+01
-7.072779846191406250e+01
-7.074765014648437500e+01
-7.075757598876953125e+01
-7.075757598876953125e+01
-7.077742767333984375e+01
-7.077742767333984375e+01
-7.078735351562500000e+01
-7.080721282958984375e+01
-7.080721282958984375e+01
-7.081713867187500000e+01
-7.082707214355468750e+01
-7.083700561523437500e+01
-7.085686492919921875e+01
-7.086679840087890625e+01
-7.086679840087890625e+01
-7.087673187255859375e+01
-7.088666534423828125e+01
-7.089660644531250000e+01
-7.091647338867187500e+01
-7.091647338867187500e+01
-7.092641448974609375e+01
-7.094628906250000000e+01
-7.094628906250000000e+01
-7.095623016357421875e+01
-7.096617126464843750e+01
-7.097611236572265625e+01
-7.099599456787109375e+01
-7.100593566894531250e+01
-7.100593566894531250e+01
-7.102581787109375000e+01
-7.102581787109375000e+01
-7.103576660156250000e+01
-7.105565643310546875e+01
-7.105565643310546875e+01
-7.107554626464843750e+01
-7.108549499511718750e+01
-7.108549499511718750e+01
-7.109544372558593750e+01
-7.110539245605468750e+01
-7.111534118652343750e+01
-7.113523864746093750e+01
-7.114518737792968750e+01
-7.114518737792968750e+01
-7.116509246826171875e+01
-7.116509246826171875e+01
-7.117504882812500000e+01
-7.118499755859375000e+01
-7.119495391845703125e+01
-7.121485900878906250e+01
-7.122481536865234375e+01
-7.122481536865234375e+01
-7.124472808837890625e+01
-7.124472808837890625e+01
-7.126464080810546875e+01
-7.127459716796875000e+01
-7.127459716796875000e+01
-7.129451751708984375e+01
-7.129451751708984375e+01
-7.129451751708984375e+01
-7.130447387695312500e+01
-7.132439422607421875e+01
-7.133435821533203125e+01
-7.135427856445312500e+01
-7.135427856445312500e+01
-7.137420654296875000e+01
-7.138417053222656250e+01
-7.138417053222656250e+01
-7.140409851074218750e+01
-7.141406250000000000e+01
-7.141406250000000000e+01
-7.143399047851562500e+01
-7.143399047851562500e+01
-7.144396209716796875e+01
-7.146389007568359375e+01
-7.146389007568359375e+01
-7.148382568359375000e+01
-7.149379730224609375e+01
-7.150376892089843750e+01
-7.150376892089843750e+01
-7.150376892089843750e+01
-7.152370452880859375e+01
-7.154364776611328125e+01
-7.154364776611328125e+01
-7.154364776611328125e+01
-7.157356262207031250e+01
-7.157356262207031250e+01
-7.159350585937500000e+01
-7.159350585937500000e+01
-7.160347747802734375e+01
-7.162342834472656250e+01
-7.162342834472656250e+01
-7.163339996337890625e+01
-7.165335083007812500e+01
-7.165335083007812500e+01
-7.165335083007812500e+01
-7.165335083007812500e+01
-7.168328094482421875e+01
-7.169326019287109375e+01
-7.171321105957031250e+01
-7.171321105957031250e+01
-7.173316955566406250e+01
-7.173316955566406250e+01
-7.174314880371093750e+01
-7.176310729980468750e+01
-7.176310729980468750e+01
-7.177308654785156250e+01
-7.178306579589843750e+01
-7.179304504394531250e+01
-7.180302429199218750e+01
-7.181300354003906250e+01
-7.182299041748046875e+01
-7.183296966552734375e+01
-7.184294891357421875e+01
-7.185293579101562500e+01
-7.186291503906250000e+01
-7.187290191650390625e+01
-7.188288116455078125e+01
-7.189286804199218750e+01
-7.190284729003906250e+01
-7.191283416748046875e+01
-7.192282104492187500e+01
-7.193280792236328125e+01
-7.194278717041015625e+01
-7.195277404785156250e+01
-7.196276092529296875e+01
-7.197274780273437500e+01
-7.198273468017578125e+01
-7.199272155761718750e+01
-7.201269531250000000e+01
-7.201269531250000000e+01
-7.202268218994140625e+01
-7.204265594482421875e+01
-7.204265594482421875e+01
-7.205264282226562500e+01
-7.206262969970703125e+01
-7.208261108398437500e+01
-7.208261108398437500e+01
-7.209259796142578125e+01
-7.210258483886718750e+01
-7.212256622314453125e+01
-7.212256622314453125e+01
-7.213255310058593750e+01
-7.215253448486328125e+01
-7.215253448486328125e+01
-7.216252899169921875e+01
-7.217251586914062500e+01
-7.218251037597656250e+01
-7.218251037597656250e+01
-7.221248626708984375e+01
-7.221248626708984375e+01
-7.223246765136718750e+01
-7.224246215820312500e+01
-7.224246215820312500e+01
-7.226244354248046875e+01
-7.226244354248046875e+01
-7.226244354248046875e+01
-7.229242706298828125e+01
-7.229242706298828125e+01
-7.231240844726562500e+01
-7.232240295410156250e+01
-7.232240295410156250e+01
-7.234239196777343750e+01
-7.234239196777343750e+01
-7.235238647460937500e+01
-7.237237548828125000e+01
-7.238236999511718750e+01
-7.239236450195312500e+01
-7.240235900878906250e+01
-7.240235900878906250e+01
-7.242234802246093750e+01
-7.243234252929687500e+01
-7.243234252929687500e+01
-7.243234252929687500e+01
-7.245233154296875000e+01
-7.246232604980468750e+01
-7.246232604980468750e+01
-7.248232269287109375e+01
-7.249231719970703125e+01
-7.251230621337890625e+01
-7.251230621337890625e+01
-7.252230072021484375e+01
-7.253230285644531250e+01
-7.255229187011718750e+01
-7.255229187011718750e+01
-7.257228851318359375e+01
-7.257228851318359375e+01
-7.258228302001953125e+01
-7.260227966308593750e+01
-7.261227416992187500e+01
-7.262227630615234375e+01
-7.262227630615234375e+01
-7.263227081298828125e+01
-7.264226531982421875e+01
-7.266226196289062500e+01
-7.266226196289062500e+01
-7.267226409912109375e+01
-7.269226074218750000e+01
-7.269226074218750000e+01
-7.271225738525390625e+01
-7.271225738525390625e+01
-7.272225189208984375e+01
-7.273225402832031250e+01
-7.275225067138671875e+01
-7.275225067138671875e+01
-7.275225067138671875e+01
-7.277224731445312500e+01
-7.278224182128906250e+01
-7.279224395751953125e+01
-7.280224609375000000e+01
-7.282224273681640625e+01
-7.282224273681640625e+01
-7.283224487304687500e+01
-7.284223937988281250e+01
-7.285224151611328125e+01
-7.286224365234375000e+01
-7.288224029541015625e+01
-7.288224029541015625e+01
-7.289224243164062500e+01
-7.291223907470703125e+01
-7.291223907470703125e+01
-7.292224121093750000e+01
-7.294223785400390625e+01
-7.294223785400390625e+01
-7.295223999023437500e+01
-7.297224426269531250e+01
-7.297224426269531250e+01
-7.299224090576171875e+01
-7.299224090576171875e+01
-7.300224304199218750e+01
-7.301224517822265625e+01
-7.304224395751953125e+01
-7.304224395751953125e+01
-7.304224395751953125e+01
-7.305224609375000000e+01
-7.306224822998046875e+01
-7.307225036621093750e+01
-7.308225250244140625e+01
-7.310225677490234375e+01
-7.310225677490234375e+01
-7.310225677490234375e+01
-7.313225555419921875e+01
-7.313225555419921875e+01
-7.314225769042968750e+01
-7.316226196289062500e+01
-7.316226196289062500e+01
-7.317226409912109375e+01
-7.319226837158203125e+01
-7.319226837158203125e+01
-7.321227264404296875e+01
-7.322226715087890625e+01
-7.322226715087890625e+01
-7.324227142333984375e+01
-7.324227142333984375e+01
-7.325227355957031250e+01
-7.327227783203125000e+01
-7.327227783203125000e+01
-7.328227996826171875e+01
-7.330228424072265625e+01
-7.330228424072265625e+01
-7.332228851318359375e+01
-7.332228851318359375e+01
-7.333229064941406250e+01
-7.333229064941406250e+01
-7.335229492187500000e+01
-7.336229705810546875e+01
-7.338230133056640625e+01
-7.338230133056640625e+01
-7.339230346679687500e+01
-7.340230560302734375e+01
-7.341230773925781250e+01
-7.342230987548828125e+01
-7.344231414794921875e+01
-7.344231414794921875e+01
-7.346231842041015625e+01
-7.347232055664062500e+01
-7.347232055664062500e+01
-7.349232482910156250e+01
-7.349232482910156250e+01
-7.350232696533203125e+01
-7.351232910156250000e+01
-7.352233123779296875e+01
-7.354233551025390625e+01
-7.354233551025390625e+01
-7.355233764648437500e+01
-7.357234191894531250e+01
-7.357234191894531250e+01
-7.358233642578125000e+01
-7.360234069824218750e+01
-7.360234069824218750e+01
-7.361234283447265625e+01
-7.363234710693359375e+01
-7.363234710693359375e+01
-7.363234710693359375e+01
-7.365235137939453125e+01
-7.366235351562500000e+01
-7.367235565185546875e+01
-7.368235778808593750e+01
-7.370236206054687500e+01
-7.370236206054687500e+01
-7.372236633300781250e+01
-7.373236846923828125e+01
-7.373236846923828125e+01
-7.376236724853515625e+01
-7.376236724853515625e+01
-7.376236724853515625e+01
-7.377236938476562500e+01
-7.379237365722656250e+01
-7.380237579345703125e+01
-7.381237792968750000e+01
-7.381237792968750000e+01
-7.383238220214843750e+01
-7.383238220214843750e+01
-7.385237884521484375e+01
-7.385237884521484375e+01
-7.386238098144531250e+01
-7.388238525390625000e+01
-7.388238525390625000e+01
-7.389238739013671875e+01
-7.391238403320312500e+01
-7.391238403320312500e+01
-7.393238830566406250e+01
-7.394239044189453125e+01
-7.394239044189453125e+01
-7.396238708496093750e+01
-7.396238708496093750e+01
-7.397238922119140625e+01
-7.399238586425781250e+01
-7.399238586425781250e+01
-7.401239013671875000e+01
-7.401239013671875000e+01
-7.402239227294921875e+01
-7.404238891601562500e+01
-7.404238891601562500e+01
-7.404238891601562500e+01
-7.407238769531250000e+01
-7.407238769531250000e+01
-7.409238433837890625e+01
-7.410238647460937500e+01
-7.410238647460937500e+01
-7.412238311767578125e+01
-7.413238525390625000e+01
-7.413238525390625000e+01
-7.415238189697265625e+01
-7.415238189697265625e+01
-7.416238403320312500e+01
-7.418238067626953125e+01
-7.418238067626953125e+01
-7.419237518310546875e+01
-7.420237731933593750e+01
-7.421237182617187500e+01
-7.423236846923828125e+01
-7.423236846923828125e+01
-7.424237060546875000e+01
-7.426235961914062500e+01
-7.426235961914062500e+01
-7.426235961914062500e+01
-7.429235839843750000e+01
-7.429235839843750000e+01
-7.431234741210937500e+01
-7.432234954833984375e+01
-7.433234405517578125e+01
-7.434233856201171875e+01
-7.434233856201171875e+01
-7.434233856201171875e+01
-7.437232971191406250e+01
-7.437232971191406250e+01
-7.438232421875000000e+01
-7.440232086181640625e+01
-7.440232086181640625e+01
-7.441231536865234375e+01
-7.443231201171875000e+01
-7.443231201171875000e+01
-7.445230102539062500e+01
-7.445230102539062500e+01
-7.445230102539062500e+01
-7.448228454589843750e+01
-7.448228454589843750e+01
-7.449227905273437500e+01
-7.451226806640625000e+01
-7.451226806640625000e+01
-7.453225708007812500e+01
-7.453225708007812500e+01
-7.454225158691406250e+01
-7.456224060058593750e+01
-7.456224060058593750e+01
-7.457223510742187500e+01
-7.459222412109375000e+01
-7.459222412109375000e+01
-7.461220550537109375e+01
-7.461220550537109375e+01
-7.462220001220703125e+01
-7.464218139648437500e+01
-7.464218139648437500e+01
-7.465217590332031250e+01
-7.467215728759765625e+01
-7.467215728759765625e+01
-7.469214630126953125e+01
-7.470213317871093750e+01
-7.470213317871093750e+01
-7.472211456298828125e+01
-7.472211456298828125e+01
-7.473210906982421875e+01
-7.475209045410156250e+01
-7.475209045410156250e+01
-7.476207733154296875e+01
-7.478205871582031250e+01
-7.478205871582031250e+01
-7.480203247070312500e+01
-7.480203247070312500e+01
-7.481202697753906250e+01
-7.483200073242187500e+01
-7.483200073242187500e+01
-7.484198760986328125e+01
-7.486196899414062500e+01
-7.486196899414062500e+01
-7.487195587158203125e+01
-7.489192962646484375e+01
-7.489192962646484375e+01
-7.489192962646484375e+01
-7.492188262939453125e+01
-7.492188262939453125e+01
-7.494185638427734375e+01
-7.495184326171875000e+01
-7.495184326171875000e+01
-7.497181701660156250e+01
-7.497181701660156250e+01
-7.498179626464843750e+01
-7.500176239013671875e+01
-7.500176239013671875e+01
-7.502173614501953125e+01
-7.503171539306640625e+01
-7.503171539306640625e+01
-7.503171539306640625e+01
-7.506166839599609375e+01
-7.506166839599609375e+01
-7.508162689208984375e+01
-7.508162689208984375e+01
-7.509160614013671875e+01
-7.511157226562500000e+01
-7.512155151367187500e+01
-7.513153076171875000e+01
-7.514151000976562500e+01
-7.514151000976562500e+01
-7.514151000976562500e+01
-7.516146850585937500e+01
-7.518142700195312500e+01
-7.519140625000000000e+01
-7.519140625000000000e+01
-7.519140625000000000e+01
-7.522134399414062500e+01
-7.522134399414062500e+01
-7.523131561279296875e+01
-7.524129486083984375e+01
-7.525127410888671875e+01
-7.526124572753906250e+01
-7.528119659423828125e+01
-7.528119659423828125e+01
-7.528119659423828125e+01
-7.530114746093750000e+01
-7.531111907958984375e+01
-7.531111907958984375e+01
-7.533106994628906250e+01
-7.535101318359375000e+01
-7.536098480224609375e+01
-7.536098480224609375e+01
-7.538093566894531250e+01
-7.538093566894531250e+01
-7.539089965820312500e+01
-7.541084289550781250e+01
-7.541084289550781250e+01
-7.542081451416015625e+01
-7.543078613281250000e+01
-7.543078613281250000e+01
-7.544075775146484375e+01
-7.546069335937500000e+01
-7.547065734863281250e+01
-7.548062896728515625e+01
-7.550056457519531250e+01
-7.550056457519531250e+01
-7.552050018310546875e+01
-7.552050018310546875e+01
-7.552050018310546875e+01
-7.554042816162109375e+01
-7.555039215087890625e+01
-7.556035614013671875e+01
-7.559024810791015625e+01
-7.559024810791015625e+01
-7.559024810791015625e+01
-7.560021209716796875e+01
-7.561017608642578125e+01
-7.562014007568359375e+01
-7.563009643554687500e+01
-7.564006042480468750e+01
-7.565002441406250000e+01
-7.565998077392578125e+01
-7.566994476318359375e+01
-7.567990112304687500e+01
-7.568985748291015625e+01
-7.569982147216796875e+01
-7.570977783203125000e+01
-7.571973419189453125e+01
-7.572969055175781250e+01
-7.573964691162109375e+01
-7.574960327148437500e+01
-7.575955963134765625e+01
-7.576951599121093750e+01
-7.577947235107421875e+01
-7.578942871093750000e+01
-7.579937744140625000e+01
-7.580933380126953125e+01
-7.581929016113281250e+01
-7.582923889160156250e+01
-7.583919525146484375e+01
-7.584914398193359375e+01
-7.585909271240234375e+01
-7.586904907226562500e+01
-7.587899780273437500e+01
-7.588894653320312500e+01
-7.589889526367187500e+01
-7.590884399414062500e+01
-7.591879272460937500e+01
-7.592874145507812500e+01
-7.593868255615234375e+01
-7.594863128662109375e+01
-7.595858001708984375e+01
-7.596852111816406250e+01
-7.597846984863281250e+01
-7.598841094970703125e+01
-7.599835968017578125e+01
-7.600830078125000000e+01
-7.601824188232421875e+01
-7.601824188232421875e+01
-7.603813171386718750e+01
-7.604807281494140625e+01
-7.605801391601562500e+01
-7.607788848876953125e+01
-7.607788848876953125e+01
-7.608782958984375000e+01
-7.609777069091796875e+01
-7.610770416259765625e+01
-7.611764526367187500e+01
-7.612758636474609375e+01
-7.613751983642578125e+01
-7.615738677978515625e+01
-7.615738677978515625e+01
-7.616732788085937500e+01
-7.618719482421875000e+01
-7.618719482421875000e+01
-7.619712829589843750e+01
-7.621698760986328125e+01
-7.621698760986328125e+01
-7.621698760986328125e+01
-7.624678039550781250e+01
-7.624678039550781250e+01
-7.626663970947265625e+01
-7.627657318115234375e+01
-7.628649902343750000e+01
-7.629642486572265625e+01
-7.629642486572265625e+01
-7.630635070800781250e+01
-7.632620239257812500e+01
-7.632620239257812500e+01
-7.633612823486328125e+01
-7.635597991943359375e+01
-7.635597991943359375e+01
-7.637582397460937500e+01
-7.638574218750000000e+01
-7.639566802978515625e+01
-7.640558624267578125e+01
-7.640558624267578125e+01
-7.641550445556640625e+01
-7.643534088134765625e+01
-7.643534088134765625e+01
-7.644525909423828125e+01
-7.646509552001953125e+01
-7.646509552001953125e+01
-7.647501373291015625e+01
-7.649484252929687500e+01
-7.649484252929687500e+01
-7.650476074218750000e+01
-7.652458190917968750e+01
-7.652458190917968750e+01
-7.654441070556640625e+01
-7.654441070556640625e+01
-7.655432128906250000e+01
-7.657414245605468750e+01
-7.657414245605468750e+01
-7.658405303955078125e+01
-7.660386657714843750e+01
-7.660386657714843750e+01
-7.661377716064453125e+01
-7.663359069824218750e+01
-7.663359069824218750e+01
-7.664349365234375000e+01
-7.666330718994140625e+01
-7.666330718994140625e+01
-7.667321014404296875e+01
-7.669301605224609375e+01
-7.669301605224609375e+01
-7.670291900634765625e+01
-7.672271728515625000e+01
-7.672271728515625000e+01
-7.673262023925781250e+01
-7.675241851806640625e+01
-7.676231384277343750e+01
-7.677221679687500000e+01
-7.677221679687500000e+01
-7.678211212158203125e+01
-7.680190277099609375e+01
-7.680190277099609375e+01
-7.682169342041015625e+01
-7.683158874511718750e+01
-7.683158874511718750e+01
-7.685137176513671875e+01
-7.685137176513671875e+01
-7.686126708984375000e+01
-7.688105010986328125e+01
-7.688105010986328125e+01
-7.689093780517578125e+01
-7.691072082519531250e+01
-7.691072082519531250e+01
-7.692060852050781250e+01
-7.694038391113281250e+01
-7.694038391113281250e+01
-7.695026397705078125e+01
-7.697003936767578125e+01
-7.697003936767578125e+01
-7.697992706298828125e+01
-7.699969482421875000e+01
-7.699969482421875000e+01
-7.701945495605468750e+01
-7.701945495605468750e+01
-7.703922271728515625e+01
-7.704910278320312500e+01
-7.705898284912109375e+01
-7.705898284912109375e+01
-7.707873535156250000e+01
-7.707873535156250000e+01
-7.708861541748046875e+01
-7.710836791992187500e+01
-7.710836791992187500e+01
-7.711824798583984375e+01
-7.713799285888671875e+01
-7.713799285888671875e+01
-7.714787292480468750e+01
-7.716761779785156250e+01
-7.716761779785156250e+01
-7.716761779785156250e+01
-7.716761779785156250e+01
-7.719723510742187500e+01
-7.721697235107421875e+01
-7.721697235107421875e+01
-7.722684478759765625e+01
-7.724658203125000000e+01
-7.724658203125000000e+01
-7.725644683837890625e+01
-7.727618408203125000e+01
-7.727618408203125000e+01
-7.728604888916015625e+01
-7.730577850341796875e+01
-7.730577850341796875e+01
-7.731564331054687500e+01
-7.732550048828125000e+01
-7.732550048828125000e+01
-7.734523010253906250e+01
-7.735508728027343750e+01
-7.736495208740234375e+01
-7.738466644287109375e+01
-7.739453125000000000e+01
-7.739453125000000000e+01
-7.741424560546875000e+01
-7.741424560546875000e+01
-7.742410278320312500e+01
-7.744380950927734375e+01
-7.744380950927734375e+01
-7.745366668701171875e+01
-7.747337341308593750e+01
-7.747337341308593750e+01
-7.748323059082031250e+01
-7.749308013916015625e+01
-7.749308013916015625e+01
-7.751278686523437500e+01
-7.752263641357421875e+01
-7.752263641357421875e+01
-7.754233551025390625e+01
-7.755218505859375000e+01
-7.755218505859375000e+01
-7.757188415527343750e+01
-7.758172607421875000e+01
-7.760141754150390625e+01
-7.760141754150390625e+01
-7.761126708984375000e+01
-7.763095092773437500e+01
-7.763095092773437500e+01
-7.764080047607421875e+01
-7.764080047607421875e+01
-7.766048431396484375e+01
-7.767032623291015625e+01
-7.768016815185546875e+01
-7.769000244140625000e+01
-7.769984436035156250e+01
-7.770968627929687500e+01
-7.771952056884765625e+01
-7.771952056884765625e+01
-7.774903106689453125e+01
-7.774903106689453125e+01
-7.774903106689453125e+01
-7.776870727539062500e+01
-7.778837585449218750e+01
-7.779821014404296875e+01
-7.779821014404296875e+01
-7.781787109375000000e+01
-7.782770538330078125e+01
-7.782770538330078125e+01
-7.785719299316406250e+01
-7.785719299316406250e+01
-7.785719299316406250e+01
-7.786702728271484375e+01
-7.788668060302734375e+01
-7.789650726318359375e+01
-7.789650726318359375e+01
-7.791616058349609375e+01
-7.791616058349609375e+01
-7.792598724365234375e+01
-7.793581390380859375e+01
-7.794563293457031250e+01
-7.795545959472656250e+01
-7.797510528564453125e+01
-7.797510528564453125e+01
-7.798492431640625000e+01
-7.800457000732421875e+01
-7.800457000732421875e+01
-7.801438903808593750e+01
-7.803402709960937500e+01
-7.803402709960937500e+01
-7.804384613037109375e+01
-7.806347656250000000e+01
-7.806347656250000000e+01
-7.807329559326171875e+01
-7.808310699462890625e+01
-7.809292602539062500e+01
-7.811254882812500000e+01
-7.811254882812500000e+01
-7.812236785888671875e+01
-7.813217926025390625e+01
-7.814199066162109375e+01
-7.816161346435546875e+01
-7.816161346435546875e+01
-7.817141723632812500e+01
-7.817141723632812500e+01
-7.819104003906250000e+01
-7.820084381103515625e+01
-7.822045898437500000e+01
-7.822045898437500000e+01
-7.824007415771484375e+01
-7.824987792968750000e+01
-7.824987792968750000e+01
-7.826948547363281250e+01
-7.827928924560546875e+01
-7.827928924560546875e+01
-7.829889678955078125e+01
-7.830869293212890625e+01
-7.831849670410156250e+01
-7.832829284667968750e+01
-7.833809661865234375e+01
-7.834789276123046875e+01
-7.835768890380859375e+01
-7.835768890380859375e+01
-7.837728881835937500e+01
-7.838708496093750000e+01
-7.838708496093750000e+01
-7.838708496093750000e+01
-7.841646575927734375e+01
-7.841646575927734375e+01
-7.843605041503906250e+01
-7.843605041503906250e+01
-7.844584655761718750e+01
-7.846543121337890625e+01
-7.846543121337890625e+01
-7.847521972656250000e+01
-7.848500823974609375e+01
-7.850458526611328125e+01
-7.851437377929687500e+01
-7.852415466308593750e+01
-7.852415466308593750e+01
-7.854372406005859375e+01
-7.855351257324218750e+01
-7.855351257324218750e+01
-7.857307434082031250e+01
-7.858285522460937500e+01
-7.858285522460937500e+01
-7.860241699218750000e+01
-7.861219787597656250e+01
-7.861219787597656250e+01
-7.862197875976562500e+01
-7.863175201416015625e+01
-7.864153289794921875e+01
-7.865130615234375000e+01
-7.866107940673828125e+01
-7.867085266113281250e+01
-7.868062591552734375e+01
-7.868062591552734375e+01
-7.870017242431640625e+01
-7.870017242431640625e+01
-7.871971130371093750e+01
-7.873924255371093750e+01
-7.873924255371093750e+01
-7.874900817871093750e+01
-7.876853942871093750e+01
-7.876853942871093750e+01
-7.877830505371093750e+01
-7.879782867431640625e+01
-7.879782867431640625e+01
-7.881735229492187500e+01
-7.881735229492187500e+01
-7.883686828613281250e+01
-7.884661865234375000e+01
-7.884661865234375000e+01
-7.885637664794921875e+01
-7.886613464355468750e+01
-7.888563537597656250e+01
-7.888563537597656250e+01
-7.890513610839843750e+01
-7.890513610839843750e+01
-7.891488647460937500e+01
-7.893437957763671875e+01
-7.893437957763671875e+01
-7.894412231445312500e+01
-7.896361541748046875e+01
-7.896361541748046875e+01
-7.897335815429687500e+01
-7.899283599853515625e+01
-7.899283599853515625e+01
-7.901231384277343750e+01
-7.901231384277343750e+01
-7.902204895019531250e+01
-7.904151916503906250e+01
-7.904151916503906250e+01
-7.904151916503906250e+01
-7.907070922851562500e+01
-7.907070922851562500e+01
-7.908043670654296875e+01
-7.909016418457031250e+01
-7.909989166259765625e+01
-7.910961914062500000e+01
-7.912906646728515625e+01
-7.912906646728515625e+01
-7.913878631591796875e+01
-7.915822601318359375e+01
-7.915822601318359375e+01
-7.916793823242187500e+01
-7.918737030029296875e+01
-7.918737030029296875e+01
-7.919708251953125000e+01
-7.921650695800781250e+01
-7.921650695800781250e+01
-7.923592376708984375e+01
-7.924562835693359375e+01
-7.924562835693359375e+01
-7.926503753662109375e+01
-7.926503753662109375e+01
-7.927474212646484375e+01
-7.929413604736328125e+01
-7.929413604736328125e+01
-7.930383300781250000e+01
-7.932322692871093750e+01
-7.932322692871093750e+01
-7.934261322021484375e+01
-7.935230255126953125e+01
-7.935230255126953125e+01
-7.937168121337890625e+01
-7.938136291503906250e+01
-7.938136291503906250e+01
-7.939105224609375000e+01
-7.940073394775390625e+01
-7.941041564941406250e+01
-7.942977142333984375e+01
-7.942977142333984375e+01
-7.943944549560546875e+01
-7.945879364013671875e+01
-7.945879364013671875e+01
-7.945879364013671875e+01
-7.948780822753906250e+01
-7.948780822753906250e+01
-7.950714111328125000e+01
-7.951679992675781250e+01
-7.951679992675781250e+01
-7.953612518310546875e+01
-7.953612518310546875e+01
-7.954578399658203125e+01
-7.956509399414062500e+01
-7.957475280761718750e+01
-7.957475280761718750e+01
-7.958440399169921875e+01
-7.959405517578125000e+01
-7.960370635986328125e+01
-7.960370635986328125e+01
-7.960370635986328125e+01
-7.964228057861328125e+01
-7.965192413330078125e+01
-7.966156005859375000e+01
-7.968083190917968750e+01
-7.968083190917968750e+01
-7.969046020507812500e+01
-7.969046020507812500e+01
-7.970009613037109375e+01
-7.970972442626953125e+01
-7.971935272216796875e+01
-7.972897338867187500e+01
-7.973860168457031250e+01
-7.974822235107421875e+01
-7.974822235107421875e+01
-7.976746368408203125e+01
-7.977707672119140625e+01
-7.978668975830078125e+01
-7.979630279541015625e+01
-7.980591583251953125e+01
-7.981552886962890625e+01
-7.982513427734375000e+01
-7.983473968505859375e+01
-7.984433746337890625e+01
-7.985394287109375000e+01
-7.986354064941406250e+01
-7.987313842773437500e+01
-7.988273620605468750e+01
-7.989232635498046875e+01
-7.990191650390625000e+01
-7.991150665283203125e+01
-7.992109680175781250e+01
-7.993067932128906250e+01
-7.994026947021484375e+01
-7.994984436035156250e+01
-7.995942687988281250e+01
-7.996900177001953125e+01
-7.997857666015625000e+01
-7.998815155029296875e+01
-7.999772644042968750e+01
-8.000729370117187500e+01
-8.001686096191406250e+01
-8.002642822265625000e+01
-8.003598785400390625e+01
-8.004554748535156250e+01
-8.005510711669921875e+01
-8.006466674804687500e+01
-8.007421875000000000e+01
-8.008377075195312500e+01
-8.009332275390625000e+01
-8.010287475585937500e+01
-8.011241912841796875e+01
-8.011241912841796875e+01
-8.011241912841796875e+01
-8.011241912841796875e+01
-8.011241912841796875e+01
-8.113484191894531250e+01
-8.114382171630859375e+01
-8.114382171630859375e+01
-8.116177368164062500e+01
-8.117075347900390625e+01
-8.117972564697265625e+01
-8.118870544433593750e+01
-8.120665740966796875e+01
-8.120665740966796875e+01
-8.120665740966796875e+01
-8.121562957763671875e+01
-8.123358154296875000e+01
-8.124255371093750000e+01
-8.124255371093750000e+01
-8.126049804687500000e+01
-8.126947021484375000e+01
-8.127844238281250000e+01
-8.127844238281250000e+01
-8.128741455078125000e+01
-8.130535125732421875e+01
-8.131431579589843750e+01
-8.131431579589843750e+01
-8.133225250244140625e+01
-8.133225250244140625e+01
-8.135017395019531250e+01
-8.135913848876953125e+01
-8.136810302734375000e+01
-8.137705993652343750e+01
-8.138601684570312500e+01
-8.139497375488281250e+01
-8.139497375488281250e+01
-8.141288757324218750e+01
-8.142183685302734375e+01
-8.143078613281250000e+01
-8.143973541259765625e+01
-8.143973541259765625e+01
-8.144868469238281250e+01
-8.146657562255859375e+01
-8.146657562255859375e+01
-8.148446655273437500e+01
-8.149340057373046875e+01
-8.150234222412109375e+01
-8.151127624511718750e+01
-8.152021026611328125e+01
-8.152914428710937500e+01
-8.153807067871093750e+01
-8.154699707031250000e+01
-8.154699707031250000e+01
-8.156484985351562500e+01
-8.156484985351562500e+01
-8.157376861572265625e+01
-8.159160614013671875e+01
-8.159160614013671875e+01
-8.160942840576171875e+01
-8.162725067138671875e+01
-8.162725067138671875e+01
-8.163615417480468750e+01
-8.165395355224609375e+01
-8.165395355224609375e+01
-8.165395355224609375e+01
-8.167174530029296875e+01
-8.168063354492187500e+01
-8.168952178955078125e+01
-8.168952178955078125e+01
-8.168952178955078125e+01
-8.171617126464843750e+01
-8.171617126464843750e+01
-8.173392486572265625e+01
-8.174279785156250000e+01
-8.175166320800781250e+01
-8.176052856445312500e+01
-8.176052856445312500e+01
-8.176938629150390625e+01
-8.178710174560546875e+01
-8.178710174560546875e+01
-8.179595184326171875e+01
-8.181364440917968750e+01
-8.181364440917968750e+01
-8.182248687744140625e+01
-8.184015655517578125e+01
-8.184015655517578125e+01
-8.185781860351562500e+01
-8.186663818359375000e+01
-8.187545776367187500e+01
-8.188427734375000000e+01
-8.189308929443359375e+01
-8.190190124511718750e+01
-8.191070556640625000e+01
-8.191070556640625000e+01
-8.191950225830078125e+01
-8.191950225830078125e+01
-8.193708801269531250e+01
-8.194587707519531250e+01
-8.196344757080078125e+01
-8.196344757080078125e+01
-8.198099517822265625e+01
-8.198976135253906250e+01
-8.198976135253906250e+01
-8.199851989746093750e+01
-8.201603698730468750e+01
-8.201603698730468750e+01
-8.203353118896484375e+01
-8.204227447509765625e+01
-8.205101013183593750e+01
-8.205973815917968750e+01
-8.207718658447265625e+01
-8.207718658447265625e+01
-8.208590698242187500e+01
-8.208590698242187500e+01
-8.210332489013671875e+01
-8.210332489013671875e+01
-8.211203002929687500e+01
-8.212941741943359375e+01
-8.213810729980468750e+01
-8.213810729980468750e+01
-8.214678955078125000e+01
-8.217281341552734375e+01
-8.217281341552734375e+01
-8.218148040771484375e+01
-8.218148040771484375e+01
-8.219013977050781250e+01
-8.220744323730468750e+01
-8.221608734130859375e+01
-8.221608734130859375e+01
-8.223336029052734375e+01
-8.225061798095703125e+01
-8.225061798095703125e+01
-8.225923919677734375e+01
-8.225923919677734375e+01
-8.226786041259765625e+01
-8.229367828369140625e+01
-8.230227661132812500e+01
-8.231086730957031250e+01
-8.231086730957031250e+01
-8.231086730957031250e+01
-8.231945800781250000e+01
-8.232804107666015625e+01
-8.233661651611328125e+01
-8.234519195556640625e+01
-8.235375976562500000e+01
-8.237088775634765625e+01
-8.237944030761718750e+01
-8.237944030761718750e+01
-8.239653778076171875e+01
-8.239653778076171875e+01
-8.240507507324218750e+01
-8.242214965820312500e+01
-8.242214965820312500e+01
-8.243067169189453125e+01
-8.243067169189453125e+01
-8.246473693847656250e+01
-8.246473693847656250e+01
-8.246473693847656250e+01
-8.247323608398437500e+01
-8.248173522949218750e+01
-8.249023437500000000e+01
-8.251568603515625000e+01
-8.252416229248046875e+01
-8.253263854980468750e+01
-8.253263854980468750e+01
-8.254110717773437500e+01
-8.254956817626953125e+01
-8.255802154541015625e+01
-8.256647491455078125e+01
-8.257492828369140625e+01
-8.257492828369140625e+01
-8.259181213378906250e+01
-8.260024261474609375e+01
-8.260867309570312500e+01
-8.260867309570312500e+01
-8.263393402099609375e+01
-8.263393402099609375e+01
-8.264234924316406250e+01
-8.264234924316406250e+01
-8.265915679931640625e+01
-8.266755676269531250e+01
-8.266755676269531250e+01
-8.266755676269531250e+01
-8.270110321044921875e+01
-8.270110321044921875e+01
-8.270948028564453125e+01
-8.270948028564453125e+01
-8.272621917724609375e+01
-8.273458099365234375e+01
-8.273458099365234375e+01
-8.275128936767578125e+01
-8.275964355468750000e+01
-8.275964355468750000e+01
-8.277632904052734375e+01
-8.278466033935546875e+01
-8.279299163818359375e+01
-8.280131530761718750e+01
-8.280131530761718750e+01
-8.280131530761718750e+01
-8.282627105712890625e+01
-8.282627105712890625e+01
-8.284288024902343750e+01
-8.285118103027343750e+01
-8.285118103027343750e+01
-8.286776733398437500e+01
-8.287606048583984375e+01
-8.288433837890625000e+01
-8.289261627197265625e+01
-8.290088653564453125e+01
-8.290088653564453125e+01
-8.291742706298828125e+01
-8.291742706298828125e+01
-8.293393707275390625e+01
-8.294219207763671875e+01
-8.294219207763671875e+01
-8.295867919921875000e+01
-8.296691894531250000e+01
-8.296691894531250000e+01
-8.298338317871093750e+01
-8.299160766601562500e+01
-8.299982452392578125e+01
-8.300804138183593750e+01
-8.300804138183593750e+01
-8.302446746826171875e+01
-8.303266906738281250e+01
-8.303266906738281250e+01
-8.304906463623046875e+01
-8.305725097656250000e+01
-8.306543731689453125e+01
-8.306543731689453125e+01
-8.308179473876953125e+01
-8.308179473876953125e+01
-8.309813690185546875e+01
-8.310630035400390625e+01
-8.310630035400390625e+01
-8.312261962890625000e+01
-8.313076782226562500e+01
-8.313891601562500000e+01
-8.314705657958984375e+01
-8.315519714355468750e+01
-8.315519714355468750e+01
-8.317145538330078125e+01
-8.317145538330078125e+01
-8.318770599365234375e+01
-8.319581604003906250e+01
-8.320392608642578125e+01
-8.320392608642578125e+01
-8.321203613281250000e+01
-8.321203613281250000e+01
-8.323632812500000000e+01
-8.324441528320312500e+01
-8.325250244140625000e+01
-8.326058197021484375e+01
-8.326865386962890625e+01
-8.327672576904296875e+01
-8.328479003906250000e+01
-8.328479003906250000e+01
-8.329285430908203125e+01
-8.330895996093750000e+01
-8.330895996093750000e+01
-8.331700897216796875e+01
-8.333309173583984375e+01
-8.333309173583984375e+01
-8.334112548828125000e+01
-8.335717773437500000e+01
-8.335717773437500000e+01
-8.337321472167968750e+01
-8.338121795654296875e+01
-8.338121795654296875e+01
-8.339723205566406250e+01
-8.339723205566406250e+01
-8.339723205566406250e+01
-8.342120361328125000e+01
-8.342919158935546875e+01
-8.343716430664062500e+01
-8.344513702392578125e+01
-8.344513702392578125e+01
-8.346107482910156250e+01
-8.346903228759765625e+01
-8.346903228759765625e+01
-8.348493957519531250e+01
-8.348493957519531250e+01
-8.349288177490234375e+01
-8.350082397460937500e+01
-8.350875854492187500e+01
-8.351668548583984375e+01
-8.352461242675781250e+01
-8.354045104980468750e+01
-8.354836273193359375e+01
-8.355627441406250000e+01
-8.356417083740234375e+01
-8.356417083740234375e+01
-8.357996368408203125e+01
-8.357996368408203125e+01
-8.359573364257812500e+01
-8.360361480712890625e+01
-8.360361480712890625e+01
-8.361935424804687500e+01
-8.362722015380859375e+01
-8.362722015380859375e+01
-8.363507843017578125e+01
-8.364293670654296875e+01
-8.365863037109375000e+01
-8.366646575927734375e+01
-8.366646575927734375e+01
-8.366646575927734375e+01
-8.368995666503906250e+01
-8.368995666503906250e+01
-8.368995666503906250e+01
-8.371340179443359375e+01
-8.372120666503906250e+01
-8.372120666503906250e+01
-8.372901153564453125e+01
-8.373680114746093750e+01
-8.375238037109375000e+01
-8.376793670654296875e+01
-8.376793670654296875e+01
-8.377571105957031250e+01
-8.378347015380859375e+01
-8.379123687744140625e+01
-8.379898834228515625e+01
-8.379898834228515625e+01
-8.381448364257812500e+01
-8.382222747802734375e+01
-8.382996368408203125e+01
-8.383769226074218750e+01
-8.385314178466796875e+01
-8.385314178466796875e+01
-8.386085510253906250e+01
-8.386085510253906250e+01
-8.386856842041015625e+01
-8.388397216796875000e+01
-8.389167022705078125e+01
-8.389936065673828125e+01
-8.390704345703125000e+01
-8.390704345703125000e+01
-8.392240142822265625e+01
-8.393006896972656250e+01
-8.393773651123046875e+01
-8.394539642333984375e+01
-8.394539642333984375e+01
-8.396070098876953125e+01
-8.396834564208984375e+01
-8.397598266601562500e+01
-8.398361968994140625e+01
-8.399124908447265625e+01
-8.399887084960937500e+01
-8.399887084960937500e+01
-8.400648498535156250e+01
-8.401409912109375000e+01
-8.402171325683593750e+01
-8.402931213378906250e+01
-8.403691101074218750e+01
-8.404450225830078125e+01
-8.405209350585937500e+01
-8.406725311279296875e+01
-8.406725311279296875e+01
-8.407482147216796875e+01
-8.408238983154296875e+01
-8.408995056152343750e+01
-8.409750366210937500e+01
-8.410505676269531250e+01
-8.411260223388671875e+01
-8.412014007568359375e+01
-8.412767791748046875e+01
-8.413520050048828125e+01
-8.414273071289062500e+01
-8.415024566650390625e+01
-8.415776062011718750e+01
-8.416526794433593750e+01
-8.417276763916015625e+01
-8.418026733398437500e+01
-8.418775939941406250e+01
-8.419524383544921875e+01
-8.420272827148437500e+01
-8.421020507812500000e+01
-8.421767425537109375e+01
-8.422513580322265625e+01
-8.423259735107421875e+01
-8.424005126953125000e+01
-8.424749755859375000e+01
-8.425494384765625000e+01
-8.426238250732421875e+01
-8.426981353759765625e+01
-8.428466033935546875e+01
-8.428466033935546875e+01
-8.429207611083984375e+01
-8.429948425292968750e+01
-8.430689239501953125e+01
-8.431428527832031250e+01
-8.432167816162109375e+01
-8.432907104492187500e+01
-8.433645629882812500e+01
-8.434382629394531250e+01
-8.435120391845703125e+01
-8.435856628417968750e+01
-8.436592864990234375e+01
-8.437328338623046875e+01
-8.438063049316406250e+01
-8.438797760009765625e+01
-8.439530944824218750e+01
-8.440264129638671875e+01
-8.440997314453125000e+01
-8.441728973388671875e+01
-8.442460632324218750e+01
-8.442460632324218750e+01
-8.444651794433593750e+01
-8.444651794433593750e+01
-8.446109771728515625e+01
-8.446109771728515625e+01
-8.447566223144531250e+01
-8.448292541503906250e+01
-8.449019622802734375e+01
-8.449745178222656250e+01
-8.450470733642578125e+01
-8.451195526123046875e+01
-8.451919555664062500e+01
-8.452642822265625000e+01
-8.453366088867187500e+01
-8.454088592529296875e+01
-8.454810333251953125e+01
-8.455531311035156250e+01
-8.456972503662109375e+01
-8.456972503662109375e+01
-8.457691955566406250e+01
-8.458410644531250000e+01
-8.458410644531250000e+01
-8.459847259521484375e+01
-8.460564422607421875e+01
-8.461280822753906250e+01
-8.461996459960937500e+01
-8.461996459960937500e+01
-8.463426971435546875e+01
-8.464141082763671875e+01
-8.464141082763671875e+01
-8.465568542480468750e+01
-8.466280364990234375e+01
-8.466280364990234375e+01
-8.466280364990234375e+01
-8.468415069580078125e+01
-8.469124603271484375e+01
-8.469834136962890625e+01
-8.470543670654296875e+01
-8.471251678466796875e+01
-8.471959686279296875e+01
-8.472666931152343750e+01
-8.472666931152343750e+01
-8.474079132080078125e+01
-8.474079132080078125e+01
-8.475489807128906250e+01
-8.476194000244140625e+01
-8.476194000244140625e+01
-8.477600097656250000e+01
-8.478302764892578125e+01
-8.479004669189453125e+01
-8.479705810546875000e+01
-8.479705810546875000e+01
-8.481107330322265625e+01
-8.481107330322265625e+01
-8.483203887939453125e+01
-8.483203887939453125e+01
-8.483203887939453125e+01
-8.484599304199218750e+01
-8.485295867919921875e+01
-8.485991668701171875e+01
-8.485991668701171875e+01
-8.487382507324218750e+01
-8.488076782226562500e+01
-8.488076782226562500e+01
-8.488076782226562500e+01
-8.490156555175781250e+01
-8.490849304199218750e+01
-8.491540527343750000e+01
-8.491540527343750000e+01
-8.492231750488281250e+01
-8.493611907958984375e+01
-8.493611907958984375e+01
-8.494989776611328125e+01
-8.495678710937500000e+01
-8.496366119384765625e+01
-8.497053527832031250e+01
-8.497739410400390625e+01
-8.498426055908203125e+01
-8.499111175537109375e+01
-8.499796295166015625e+01
-8.500480651855468750e+01
-8.501164245605468750e+01
-8.501847839355468750e+01
-8.502530670166015625e+01
-8.503212738037109375e+01
-8.503212738037109375e+01
-8.503212738037109375e+01
-8.505255889892578125e+01
-8.505255889892578125e+01
-8.506615447998046875e+01
-8.507294464111328125e+01
-8.507972717285156250e+01
-8.508650970458984375e+01
-8.510004425048828125e+01
-8.510004425048828125e+01
-8.510681152343750000e+01
-8.510681152343750000e+01
-8.512032318115234375e+01
-8.512706756591796875e+01
-8.512706756591796875e+01
-8.513380432128906250e+01
-8.514727783203125000e+01
-8.514727783203125000e+01
-8.516072082519531250e+01
-8.516743469238281250e+01
-8.516743469238281250e+01
-8.516743469238281250e+01
-8.518755340576171875e+01
-8.519424438476562500e+01
-8.520093536376953125e+01
-8.521429443359375000e+01
-8.521429443359375000e+01
-8.522097015380859375e+01
-8.522097015380859375e+01
-8.522763824462890625e+01
-8.524095916748046875e+01
-8.524095916748046875e+01
-8.524761199951171875e+01
-8.526090240478515625e+01
-8.526090240478515625e+01
-8.527417755126953125e+01
-8.528079986572265625e+01
-8.528742218017578125e+01
-8.529404449462890625e+01
-8.530065917968750000e+01
-8.530726623535156250e+01
-8.531386566162109375e+01
-8.531386566162109375e+01
-8.532046508789062500e+01
-8.532705688476562500e+01
-8.533364105224609375e+01
-8.534022521972656250e+01
-8.535337829589843750e+01
-8.535994720458984375e+01
-8.536650848388671875e+01
-8.537306976318359375e+01
-8.537962341308593750e+01
-8.538616943359375000e+01
-8.539925384521484375e+01
-8.539925384521484375e+01
-8.539925384521484375e+01
-8.541231536865234375e+01
-8.541231536865234375e+01
-8.542535400390625000e+01
-8.543186950683593750e+01
-8.543838500976562500e+01
-8.544488525390625000e+01
-8.544488525390625000e+01
-8.545787811279296875e+01
-8.546437072753906250e+01
-8.546437072753906250e+01
-8.547734069824218750e+01
-8.548381042480468750e+01
-8.549028015136718750e+01
-8.549028015136718750e+01
-8.550320434570312500e+01
-8.550965881347656250e+01
-8.551611328125000000e+01
-8.551611328125000000e+01
-8.552899169921875000e+01
-8.553542327880859375e+01
-8.553542327880859375e+01
-8.554827117919921875e+01
-8.555468750000000000e+01
-8.555468750000000000e+01
-8.556749725341796875e+01
-8.557389831542968750e+01
-8.557389831542968750e+01
-8.558667755126953125e+01
-8.558667755126953125e+01
-8.559305572509765625e+01
-8.560579681396484375e+01
-8.560579681396484375e+01
-8.561215972900390625e+01
-8.561850738525390625e+01
-8.563120269775390625e+01
-8.563120269775390625e+01
-8.563753509521484375e+01
-8.564385986328125000e+01
-8.565650177001953125e+01
-8.565650177001953125e+01
-8.567540740966796875e+01
-8.568169403076171875e+01
-8.568797302246093750e+01
-8.568797302246093750e+01
-8.569424438476562500e+01
-8.570050811767578125e+01
-8.570677185058593750e+01
-8.570677185058593750e+01
-8.572550201416015625e+01
-8.572550201416015625e+01
-8.573173522949218750e+01
-8.573173522949218750e+01
-8.574417114257812500e+01
-8.575037384033203125e+01
-8.575657653808593750e+01
-8.576276397705078125e+01
-8.576895141601562500e+01
-8.577512359619140625e+01
-8.577512359619140625e+01
-8.578129577636718750e+01
-8.579360198974609375e+01
-8.579975128173828125e+01
-8.579975128173828125e+01
-8.581201171875000000e+01
-8.581813049316406250e+01
-8.581813049316406250e+01
-8.582424163818359375e+01
-8.583643341064453125e+01
-8.583643341064453125e+01
-8.584860229492187500e+01
-8.585466766357421875e+01
-8.585466766357421875e+01
-8.586677551269531250e+01
-8.587281799316406250e+01
-8.587885284423828125e+01
-8.588487243652343750e+01
-8.588487243652343750e+01
-8.589089202880859375e+01
-8.589689636230468750e+01
-8.590289306640625000e+01
-8.591485595703125000e+01
-8.591485595703125000e+01
-8.593273162841796875e+01
-8.593273162841796875e+01
-8.593273162841796875e+01
-8.595052337646484375e+01
-8.595052337646484375e+01
-8.595052337646484375e+01
-8.595643615722656250e+01
-8.596823120117187500e+01
-8.597411346435546875e+01
-8.597998046875000000e+01
-8.598584747314453125e+01
-8.599169921875000000e+01
-8.599754333496093750e+01
-8.599754333496093750e+01
-8.600337219238281250e+01
-8.600919342041015625e+01
-8.602080535888671875e+01
-8.602080535888671875e+01
-8.602659606933593750e+01
-8.603237152099609375e+01
-8.603814697265625000e+01
-8.604965209960937500e+01
-8.604965209960937500e+01
-8.606111907958984375e+01
-8.606683349609375000e+01
-8.606683349609375000e+01
-8.607253265380859375e+01
-8.608391571044921875e+01
-8.608958435058593750e+01
-8.608958435058593750e+01
-8.609524536132812500e+01
-8.609524536132812500e+01
-8.611215972900390625e+01
-8.611777496337890625e+01
-8.611777496337890625e+01
-8.612897491455078125e+01
-8.613455200195312500e+01
-8.613455200195312500e+01
-8.614569091796875000e+01
-8.615123748779296875e+01
-8.615123748779296875e+01
-8.615677642822265625e+01
-8.616230773925781250e+01
-8.616783142089843750e+01
-8.617334747314453125e+01
-8.617884826660156250e+01
-8.617884826660156250e+01
-8.619530487060546875e+01
-8.619530487060546875e+01
-8.620076751708984375e+01
-8.621168518066406250e+01
-8.621712493896484375e+01
-8.621712493896484375e+01
-8.622799682617187500e+01
-8.623341369628906250e+01
-8.623883056640625000e+01
-8.624423980712890625e+01
-8.624423980712890625e+01
-8.625503540039062500e+01
-8.625503540039062500e+01
-8.625503540039062500e+01
-8.627118682861328125e+01
-8.627118682861328125e+01
-8.627655792236328125e+01
-8.628729248046875000e+01
-8.628729248046875000e+01
-8.628729248046875000e+01
-8.630335235595703125e+01
-8.630869293212890625e+01
-8.630869293212890625e+01
-8.631403350830078125e+01
-8.631937408447265625e+01
-8.633003234863281250e+01
-8.633535766601562500e+01
-8.634068298339843750e+01
-8.634600830078125000e+01
-8.634600830078125000e+01
-8.634600830078125000e+01
-8.635663604736328125e+01
-8.636726379394531250e+01
-8.637257385253906250e+01
-8.637257385253906250e+01
-8.638849639892578125e+01
-8.638849639892578125e+01
-8.638849639892578125e+01
-8.640441131591796875e+01
-8.640441131591796875e+01
-8.640441131591796875e+01
-8.642031860351562500e+01
-8.642031860351562500e+01
-8.642031860351562500e+01
-8.642562866210937500e+01
-8.643623352050781250e+01
-8.644154357910156250e+01
-8.644685363769531250e+01
-8.645216369628906250e+01
-8.645216369628906250e+01
-8.645747375488281250e+01
-8.646810150146484375e+01
-8.646810150146484375e+01
-8.647873687744140625e+01
-8.648405456542968750e+01
-8.648937988281250000e+01
-8.649471282958984375e+01
-8.650003814697265625e+01
-8.650537872314453125e+01
-8.651071166992187500e+01
-8.651605987548828125e+01
-8.652140045166015625e+01
-8.652675628662109375e+01
-8.653746795654296875e+01
-8.653746795654296875e+01
-8.653746795654296875e+01
-8.654283905029296875e+01
-8.655358123779296875e+01
-8.655895996093750000e+01
-8.656434631347656250e+01
-8.656974029541015625e+01
-8.657514190673828125e+01
-8.658054351806640625e+01
-8.658054351806640625e+01
-8.658596038818359375e+01
-8.659137725830078125e+01
-8.659680175781250000e+01
-8.660223388671875000e+01
-8.661312866210937500e+01
-8.661858367919921875e+01
-8.662404632568359375e+01
-8.662404632568359375e+01
-8.664048767089843750e+01
-8.664598846435546875e+01
-8.665149688720703125e+01
-8.665149688720703125e+01
-8.665149688720703125e+01
-8.665701293945312500e+01
-8.666253662109375000e+01
-8.666807556152343750e+01
-8.667362213134765625e+01
-8.667917633056640625e+01
-8.668474578857421875e+01
-8.669032287597656250e+01
-8.669590759277343750e+01
-8.670150756835937500e+01
-8.670711517333984375e+01
-8.671273803710937500e+01
-8.671837615966796875e+01
-8.672401428222656250e+01
-8.672401428222656250e+01
-8.672401428222656250e+01
-8.705965423583984375e+01
-8.706530761718750000e+01
-8.707096099853515625e+01
-8.707660675048828125e+01
-8.708226013183593750e+01
-8.708226013183593750e+01
-8.709355926513671875e+01
-8.709921264648437500e+01
-8.710486602783203125e+01
-8.711051940917968750e+01
-8.711616516113281250e+01
-8.712747192382812500e+01
-8.712747192382812500e+01
-8.713877105712890625e+01
-8.713877105712890625e+01
-8.714442443847656250e+01
-8.715007781982421875e+01
-8.716137695312500000e+01
-8.716703033447265625e+01
-8.717267608642578125e+01
-8.717832946777343750e+01
-8.717832946777343750e+01
-8.718398284912109375e+01
-8.718963623046875000e+01
-8.720093536376953125e+01
-8.720093536376953125e+01
-8.720658874511718750e+01
-8.721788787841796875e+01
-8.721788787841796875e+01
-8.722919464111328125e+01
-8.723484039306640625e+01
-8.724049377441406250e+01
-8.724614715576171875e+01
-8.725179290771484375e+01
-8.725744628906250000e+01
-8.726309967041015625e+01
-8.726309967041015625e+01
-8.726875305175781250e+01
-8.728005218505859375e+01
-8.728005218505859375e+01
-8.729135894775390625e+01
-8.729700469970703125e+01
-8.730265808105468750e+01
-8.730265808105468750e+01
-8.731395721435546875e+01
-8.731961059570312500e+01
-8.732526397705078125e+01
-8.733091735839843750e+01
-8.733091735839843750e+01
-8.734221649169921875e+01
-8.735351562500000000e+01
-8.735351562500000000e+01
-8.735916900634765625e+01
-8.736482238769531250e+01
-8.736482238769531250e+01
-8.737612152099609375e+01
-8.737612152099609375e+01
-8.738177490234375000e+01
-8.739307403564453125e+01
-8.739307403564453125e+01
-8.739872741699218750e+01
-8.740438079833984375e+01
-8.741567993164062500e+01
-8.742133331298828125e+01
-8.742133331298828125e+01
-8.742698669433593750e+01
-8.743828582763671875e+01
-8.743828582763671875e+01
-8.744959259033203125e+01
-8.745523834228515625e+01
-8.745523834228515625e+01
-8.746654510498046875e+01
-8.746654510498046875e+01
-8.747219085693359375e+01
-8.747784423828125000e+01
-8.747784423828125000e+01
-8.749479675292968750e+01
-8.750045013427734375e+01
-8.750045013427734375e+01
-8.751174926757812500e+01
-8.751740264892578125e+01
-8.752305603027343750e+01
-8.752870941162109375e+01
-8.752870941162109375e+01
-8.754000854492187500e+01
-8.754566192626953125e+01
-8.754566192626953125e+01
-8.755696105957031250e+01
-8.756261444091796875e+01
-8.756261444091796875e+01
-8.757391357421875000e+01
-8.757956695556640625e+01
-8.757956695556640625e+01
-8.759086608886718750e+01
-8.759651947021484375e+01
-8.760217285156250000e+01
-8.760217285156250000e+01
-8.760782623291015625e+01
-8.761347198486328125e+01
-8.762477874755859375e+01
-8.762477874755859375e+01
-8.763607788085937500e+01
-8.764173126220703125e+01
-8.764173126220703125e+01
-8.765303039550781250e+01
-8.765868377685546875e+01
-8.766433715820312500e+01
-8.766999053955078125e+01
-8.766999053955078125e+01
-8.767563629150390625e+01
-8.768694305419921875e+01
-8.768694305419921875e+01
-8.769824218750000000e+01
-8.770389556884765625e+01
-8.770954895019531250e+01
-8.771519470214843750e+01
-8.772084808349609375e+01
-8.772084808349609375e+01
-8.773214721679687500e+01
-8.773780059814453125e+01
-8.773780059814453125e+01
-8.774910736083984375e+01
-8.775475311279296875e+01
-8.775475311279296875e+01
-8.776605987548828125e+01
-8.777735900878906250e+01
-8.777735900878906250e+01
-8.778301239013671875e+01
-8.778301239013671875e+01
-8.779431152343750000e+01
-8.779996490478515625e+01
-8.779996490478515625e+01
-8.781126403808593750e+01
-8.781691741943359375e+01
-8.781691741943359375e+01
-8.782822418212890625e+01
-8.782822418212890625e+01
-8.783386993408203125e+01
-8.784517669677734375e+01
-8.784517669677734375e+01
-8.785647583007812500e+01
-8.786212921142578125e+01
-8.786212921142578125e+01
-8.787342834472656250e+01
-8.787908172607421875e+01
-8.788473510742187500e+01
-8.789038085937500000e+01
-8.789603424072265625e+01
-8.790168762207031250e+01
-8.790734100341796875e+01
-8.791298675537109375e+01
-8.791864013671875000e+01
-8.792429351806640625e+01
-8.792429351806640625e+01
-8.793559265136718750e+01
-8.794124603271484375e+01
-8.794124603271484375e+01
-8.795254516601562500e+01
-8.795819854736328125e+01
-8.796385192871093750e+01
-8.796949768066406250e+01
-8.797515106201171875e+01
-8.798080444335937500e+01
-8.798645782470703125e+01
-8.799210357666015625e+01
-8.799775695800781250e+01
-8.800341033935546875e+01
-8.800341033935546875e+01
-8.801470947265625000e+01
-8.801470947265625000e+01
-8.802036285400390625e+01
-8.803166198730468750e+01
-8.803731536865234375e+01
-8.803731536865234375e+01
-8.804862213134765625e+01
-8.805426788330078125e+01
-8.805426788330078125e+01
-8.806557464599609375e+01
-8.806557464599609375e+01
-8.806557464599609375e+01
-8.808252716064453125e+01
-8.808818054199218750e+01
-8.808818054199218750e+01
-8.809947967529296875e+01
-8.809947967529296875e+01
-8.811077880859375000e+01
-8.811643218994140625e+01
-8.811643218994140625e+01
-8.812773895263671875e+01
-8.813338470458984375e+01
-8.813338470458984375e+01
-8.813903808593750000e+01
-8.815033721923828125e+01
-8.815033721923828125e+01
-8.816164398193359375e+01
-8.817294311523437500e+01
-8.817294311523437500e+01
-8.817859649658203125e+01
-8.818424987792968750e+01
-8.818424987792968750e+01
-8.819554901123046875e+01
-8.820120239257812500e+01
-8.820685577392578125e+01
-8.821250152587890625e+01
-8.821815490722656250e+01
-8.822380828857421875e+01
-8.822945404052734375e+01
-8.823510742187500000e+01
-8.824076080322265625e+01
-8.824076080322265625e+01
-8.824641418457031250e+01
-8.825771331787109375e+01
-8.826336669921875000e+01
-8.826901245117187500e+01
-8.827466583251953125e+01
-8.827466583251953125e+01
-8.828597259521484375e+01
-8.828597259521484375e+01
-8.829161834716796875e+01
-8.830292510986328125e+01
-8.830857086181640625e+01
-8.831422424316406250e+01
-8.831987762451171875e+01
-8.831987762451171875e+01
-8.832553100585937500e+01
-8.833683013916015625e+01
-8.833683013916015625e+01
-8.834812927246093750e+01
-8.835378265380859375e+01
-8.835378265380859375e+01
-8.836508941650390625e+01
-8.837073516845703125e+01
-8.837638854980468750e+01
-8.838204193115234375e+01
-8.838768768310546875e+01
-8.839334106445312500e+01
-8.839899444580078125e+01
-8.840464782714843750e+01
-8.840464782714843750e+01
-8.841594696044921875e+01
-8.841594696044921875e+01
-8.842725372314453125e+01
-8.843289947509765625e+01
-8.843289947509765625e+01
-8.844420623779296875e+01
-8.844985198974609375e+01
-8.844985198974609375e+01
-8.845550537109375000e+01
-8.846681213378906250e+01
-8.846681213378906250e+01
-8.847245788574218750e+01
-8.848376464843750000e+01
-8.848376464843750000e+01
-8.849506378173828125e+01
-8.850071716308593750e+01
-8.850637054443359375e+01
-8.851201629638671875e+01
-8.851766967773437500e+01
-8.851766967773437500e+01
-8.852896881103515625e+01
-8.852896881103515625e+01
-8.853462219238281250e+01
-8.854592895507812500e+01
-8.854592895507812500e+01
-8.855157470703125000e+01
-8.856288146972656250e+01
-8.856288146972656250e+01
-8.857418060302734375e+01
-8.857418060302734375e+01
-8.857983398437500000e+01
-8.859113311767578125e+01
-8.859678649902343750e+01
-8.860243988037109375e+01
-8.860808563232421875e+01
-8.861373901367187500e+01
-8.861939239501953125e+01
-8.861939239501953125e+01
-8.862504577636718750e+01
-8.863069152832031250e+01
-8.864199829101562500e+01
-8.864199829101562500e+01
-8.864764404296875000e+01
-8.865895080566406250e+01
-8.865895080566406250e+01
-8.865895080566406250e+01
-8.867024993896484375e+01
-8.867590332031250000e+01
-8.868155670166015625e+01
-8.868720245361328125e+01
-8.868720245361328125e+01
-8.870416259765625000e+01
-8.870416259765625000e+01
-8.870416259765625000e+01
-8.871546173095703125e+01
-8.872111511230468750e+01
-8.873241424560546875e+01
-8.873806762695312500e+01
-8.873806762695312500e+01
-8.874936676025390625e+01
-8.874936676025390625e+01
-8.875502014160156250e+01
-8.876631927490234375e+01
-8.877197265625000000e+01
-8.877197265625000000e+01
-8.878327941894531250e+01
-8.878892517089843750e+01
-8.879457855224609375e+01
-8.880023193359375000e+01
-8.880588531494140625e+01
-8.881153106689453125e+01
-8.881718444824218750e+01
-8.881718444824218750e+01
-8.882848358154296875e+01
-8.883413696289062500e+01
-8.883413696289062500e+01
-8.884544372558593750e+01
-8.885108947753906250e+01
-8.885108947753906250e+01
-8.886239624023437500e+01
-8.886239624023437500e+01
-8.886804199218750000e+01
-8.887934875488281250e+01
-8.889064788818359375e+01
-8.889064788818359375e+01
-8.889630126953125000e+01
-8.889630126953125000e+01
-8.890760040283203125e+01
-8.891325378417968750e+01
-8.891325378417968750e+01
-8.892456054687500000e+01
-8.893020629882812500e+01
-8.893020629882812500e+01
-8.894151306152343750e+01
-8.894715881347656250e+01
-8.895281219482421875e+01
-8.895846557617187500e+01
-8.895846557617187500e+01
-8.896976470947265625e+01
-8.897541809082031250e+01
-8.897541809082031250e+01
-8.898107147216796875e+01
-8.899237060546875000e+01
-8.899237060546875000e+01
-8.900367736816406250e+01
-8.900932312011718750e+01
-8.900932312011718750e+01
-8.902062988281250000e+01
-8.902627563476562500e+01
-8.902627563476562500e+01
-8.903758239746093750e+01
-8.903758239746093750e+01
-8.904323577880859375e+01
-8.905453491210937500e+01
-8.905453491210937500e+01
-8.906018829345703125e+01
-8.907148742675781250e+01
-8.907148742675781250e+01
-8.908279418945312500e+01
-8.908843994140625000e+01
-8.908843994140625000e+01
-8.909974670410156250e+01
-8.910539245605468750e+01
-8.911104583740234375e+01
-8.911669921875000000e+01
-8.912235260009765625e+01
-8.912799835205078125e+01
-8.913365173339843750e+01
-8.913930511474609375e+01
-8.914495086669921875e+01
-8.914495086669921875e+01
-8.915060424804687500e+01
-8.916191101074218750e+01
-8.916755676269531250e+01
-8.917886352539062500e+01
-8.917886352539062500e+01
-8.918451690673828125e+01
-8.919016265869140625e+01
-8.919581604003906250e+01
-8.919581604003906250e+01
-8.920146942138671875e+01
-8.920711517333984375e+01
-8.921276855468750000e+01
-8.921842193603515625e+01
-8.922407531738281250e+01
-8.922972106933593750e+01
-8.924102783203125000e+01
-8.924667358398437500e+01
-8.924667358398437500e+01
-8.925232696533203125e+01
-8.925798034667968750e+01
-8.926363372802734375e+01
-8.926927947998046875e+01
-8.927493286132812500e+01
-8.928058624267578125e+01
-8.928623199462890625e+01
-8.929188537597656250e+01
-8.929753875732421875e+01
-8.930319213867187500e+01
-8.930883789062500000e+01
-8.931449127197265625e+01
-8.932579040527343750e+01
-8.932579040527343750e+01
-8.933144378662109375e+01
-8.934275054931640625e+01
-8.934275054931640625e+01
-8.934839630126953125e+01
-8.935404968261718750e+01
-8.935970306396484375e+01
-8.936534881591796875e+01
-8.937100219726562500e+01
-8.937665557861328125e+01
-8.938230895996093750e+01
-8.938795471191406250e+01
-8.938795471191406250e+01
-8.939926147460937500e+01
-8.940490722656250000e+01
-8.941056060791015625e+01
-8.941621398925781250e+01
-8.942186737060546875e+01
-8.942751312255859375e+01
-8.943881988525390625e+01
-8.944446563720703125e+01
-8.945011901855468750e+01
-8.945011901855468750e+01
-8.946142578125000000e+01
-8.947272491455078125e+01
-8.947272491455078125e+01
-8.947837829589843750e+01
-8.948402404785156250e+01
-8.948402404785156250e+01
-8.949533081054687500e+01
-8.949533081054687500e+01
-8.950662994384765625e+01
-8.951228332519531250e+01
-8.951228332519531250e+01
-8.951793670654296875e+01
-8.952923583984375000e+01
-8.953488922119140625e+01
-8.954054260253906250e+01
-8.954618835449218750e+01
-8.954618835449218750e+01
-8.955749511718750000e+01
-8.955749511718750000e+01
-8.956314849853515625e+01
-8.957444763183593750e+01
-8.957444763183593750e+01
-8.958574676513671875e+01
-8.959140014648437500e+01
-8.959140014648437500e+01
-8.960270690917968750e+01
-8.960835266113281250e+01
-8.960835266113281250e+01
-8.961965942382812500e+01
-8.962530517578125000e+01
-8.963095855712890625e+01
-8.963661193847656250e+01
-8.964226531982421875e+01
-8.964226531982421875e+01
-8.965356445312500000e+01
-8.965921783447265625e+01
-8.966486358642578125e+01
-8.967051696777343750e+01
-8.967617034912109375e+01
-8.968182373046875000e+01
-8.968182373046875000e+01
-8.969877624511718750e+01
-8.969877624511718750e+01
-8.970442199707031250e+01
-8.970442199707031250e+01
-8.971572875976562500e+01
-8.972138214111328125e+01
-8.972138214111328125e+01
-8.973268127441406250e+01
-8.973833465576171875e+01
-8.974398040771484375e+01
-8.974963378906250000e+01
-8.974963378906250000e+01
-8.976094055175781250e+01
-8.976658630371093750e+01
-8.976658630371093750e+01
-8.977223968505859375e+01
-8.978353881835937500e+01
-8.978919219970703125e+01
-8.978919219970703125e+01
-8.980049896240234375e+01
-8.980614471435546875e+01
-8.981179809570312500e+01
-8.981745147705078125e+01
-8.982309722900390625e+01
-8.982875061035156250e+01
-8.982875061035156250e+01
-8.983440399169921875e+01
-8.984570312500000000e+01
-8.984570312500000000e+01
-8.984570312500000000e+01
-8.986265563964843750e+01
-8.986265563964843750e+01
-8.986830902099609375e+01
-8.987961578369140625e+01
-8.987961578369140625e+01
-8.989091491699218750e+01
-8.989656829833984375e+01
-8.989656829833984375e+01
-8.990786743164062500e+01
-8.991352081298828125e+01
-8.991917419433593750e+01
-8.992481994628906250e+01
-8.993047332763671875e+01
-8.993612670898437500e+01
-8.994178009033203125e+01
-8.994178009033203125e+01
-8.995307922363281250e+01
-8.995873260498046875e+01
-8.995873260498046875e+01
-8.997003173828125000e+01
-8.997568511962890625e+01
-8.997568511962890625e+01
-8.998698425292968750e+01
-8.999263763427734375e+01
-8.999829101562500000e+01
-9.000393676757812500e+01
-9.000959014892578125e+01
-9.000959014892578125e+01
-9.002089691162109375e+01
-9.002089691162109375e+01
-9.002654266357421875e+01
-9.003219604492187500e+01
-9.003219604492187500e+01
-9.004349517822265625e+01
-9.005480194091796875e+01
-9.005480194091796875e+01
-9.006610107421875000e+01
-9.007175445556640625e+01
-9.007175445556640625e+01
-9.008305358886718750e+01
-9.008870697021484375e+01
-9.009436035156250000e+01
-9.010001373291015625e+01
-9.010565948486328125e+01
-9.010565948486328125e+01
-9.011696624755859375e+01
-9.011696624755859375e+01
-9.012261199951171875e+01
-9.012826538085937500e+01
-9.013391876220703125e+01
-9.014521789550781250e+01
-9.014521789550781250e+01
-9.015087127685546875e+01
-9.016217041015625000e+01
-9.016782379150390625e+01
-9.017347717285156250e+01
-9.017913055419921875e+01
-9.017913055419921875e+01
-9.019042968750000000e+01
-9.019608306884765625e+01
-9.019608306884765625e+01
-9.020738220214843750e+01
-9.021303558349609375e+01
-9.021868896484375000e+01
-9.022433471679687500e+01
-9.022433471679687500e+01
-9.022998809814453125e+01
-9.024128723144531250e+01
-9.024128723144531250e+01
-9.024694061279296875e+01
-9.024694061279296875e+01
-9.025824737548828125e+01
-9.026954650878906250e+01
-9.027519989013671875e+01
-9.027519989013671875e+01
-9.028649902343750000e+01
-9.029215240478515625e+01
-9.029215240478515625e+01
-9.030345153808593750e+01
-9.030910491943359375e+01
-9.031475830078125000e+01
-9.031475830078125000e+01
-9.031475830078125000e+01
-9.032605743408203125e+01
-9.033736419677734375e+01
-9.033736419677734375e+01
-9.034300994873046875e+01
-9.035431671142578125e+01
-9.035431671142578125e+01
-9.036561584472656250e+01
-9.037126922607421875e+01
-9.037126922607421875e+01
-9.038256835937500000e+01
-9.039387512207031250e+01
-9.039387512207031250e+01
-9.039387512207031250e+01
-9.040517425537109375e+01
-9.041082763671875000e+01
-9.041648101806640625e+01
-9.041648101806640625e+01
-9.042778015136718750e+01
-9.043343353271484375e+01
-9.043343353271484375e+01
-9.044473266601562500e+01
-9.045038604736328125e+01
-9.045038604736328125e+01
-9.046168518066406250e+01
-9.047299194335937500e+01
-9.047299194335937500e+01
-9.047864532470703125e+01
-9.048429107666015625e+01
-9.048994445800781250e+01
-9.049559783935546875e+01
-9.049559783935546875e+01
-9.050689697265625000e+01
-9.051255035400390625e+01
-9.051255035400390625e+01
-9.052384948730468750e+01
-9.052384948730468750e+01
-9.052950286865234375e+01
-9.054080200195312500e+01
-9.054645538330078125e+01
-9.055210876464843750e+01
-9.055776214599609375e+01
-9.056906127929687500e+01
-9.056906127929687500e+01
-9.056906127929687500e+01
-9.058601379394531250e+01
-9.058601379394531250e+01
-9.059166717529296875e+01
-9.059732055664062500e+01
-9.059732055664062500e+01
-9.060861968994140625e+01
-9.061427307128906250e+01
-9.061427307128906250e+01
-9.061427307128906250e+01
-9.061427307128906250e+01
-9.061427307128906250e+01
-9.061427307128906250e+01
-9.061427307128906250e+01
-9.061427307128906250e+01
-9.061427307128906250e+01
-9.061427307128906250e+01
-9.061427307128906250e+01
-9.061427307128906250e+01
-9.061427307128906250e+01
-9.061427307128906250e+01
-9.061427307128906250e+01
-9.061427307128906250e+01
-9.061427307128906250e+01
-9.061427307128906250e+01
-9.061427307128906250e+01
-9.061427307128906250e+01
-9.061427307128906250e+01
-9.061427307128906250e+01
-9.061427307128906250e+01
-9.061427307128906250e+01
-9.061427307128906250e+01
-9.061427307128906250e+01
-9.061427307128906250e+01
-9.061427307128906250e+01
-9.061427307128906250e+01
-9.061427307128906250e+01
-9.061427307128906250e+01
-9.061427307128906250e+01
-9.061427307128906250e+01
-9.061427307128906250e+01
-9.061427307128906250e+01
-9.061427307128906250e+01
-9.061427307128906250e+01
-9.061427307128906250e+01
-9.061427307128906250e+01
-9.061427307128906250e+01
-9.061427307128906250e+01
-9.061427307128906250e+01
-9.061427307128906250e+01
-9.061427307128906250e+01
-9.061427307128906250e+01
-9.061427307128906250e+01
-9.061427307128906250e+01
-9.061427307128906250e+01
-9.061427307128906250e+01
-9.061427307128906250e+01
-9.061427307128906250e+01
-9.061427307128906250e+01
-9.061427307128906250e+01
-9.061427307128906250e+01
-9.061427307128906250e+01
-9.061427307128906250e+01
-9.061427307128906250e+01
-9.061427307128906250e+01
-9.061427307128906250e+01
-9.061427307128906250e+01
-9.061427307128906250e+01
-9.061427307128906250e+01
-9.061427307128906250e+01
-9.061427307128906250e+01
-9.061427307128906250e+01
-9.061427307128906250e+01
-9.061427307128906250e+01
-9.061427307128906250e+01
-9.061427307128906250e+01
-9.061427307128906250e+01
-9.061427307128906250e+01
-9.061427307128906250e+01
-9.061427307128906250e+01
-9.061427307128906250e+01
-9.061427307128906250e+01
-9.061427307128906250e+01
-9.061427307128906250e+01
-9.061427307128906250e+01
-9.061427307128906250e+01
-9.061427307128906250e+01
-9.061427307128906250e+01
-9.061427307128906250e+01
-9.061427307128906250e+01
-9.061427307128906250e+01
-9.061427307128906250e+01
-9.061427307128906250e+01
-9.061427307128906250e+01
-9.061427307128906250e+01
-9.061427307128906250e+01
-9.061427307128906250e+01
-9.061427307128906250e+01
-9.061427307128906250e+01
-9.061427307128906250e+01
-9.061427307128906250e+01
-9.061427307128906250e+01
-9.061427307128906250e+01
-9.061427307128906250e+01
-9.061427307128906250e+01
-9.061427307128906250e+01
-9.061427307128906250e+01
-9.061427307128906250e+01
-9.061427307128906250e+01
-9.061427307128906250e+01
-9.061427307128906250e+01
-9.061427307128906250e+01
-9.061427307128906250e+01
-9.061427307128906250e+01
-9.061427307128906250e+01
-9.061427307128906250e+01
-9.061427307128906250e+01
-9.061427307128906250e+01
-9.061427307128906250e+01
-9.061427307128906250e+01
-9.061427307128906250e+01
-9.061427307128906250e+01
-9.061427307128906250e+01
-9.061427307128906250e+01
-9.061427307128906250e+01
-9.061427307128906250e+01
-9.061427307128906250e+01
-9.061427307128906250e+01
-9.061427307128906250e+01
-9.061427307128906250e+01
-9.061427307128906250e+01
-9.061427307128906250e+01
-9.061427307128906250e+01
-9.061427307128906250e+01
-9.061427307128906250e+01
-9.061427307128906250e+01
-9.061427307128906250e+01
-9.061427307128906250e+01
-9.061427307128906250e+01
-9.061427307128906250e+01
-9.061427307128906250e+01
-9.061427307128906250e+01
-9.061427307128906250e+01
-9.061427307128906250e+01
-9.061427307128906250e+01
-9.061427307128906250e+01
-9.061427307128906250e+01
-9.061427307128906250e+01
-9.061427307128906250e+01
-9.061427307128906250e+01
-9.061427307128906250e+01
-9.061427307128906250e+01
-9.061427307128906250e+01
-9.061427307128906250e+01
-9.061427307128906250e+01
-9.061427307128906250e+01
-9.061427307128906250e+01
-9.061427307128906250e+01
-9.061427307128906250e+01
-9.061427307128906250e+01
-9.061427307128906250e+01
-9.061427307128906250e+01
-9.061427307128906250e+01
-9.061427307128906250e+01
-9.061427307128906250e+01
-9.061427307128906250e+01
-9.061427307128906250e+01
-9.061427307128906250e+01
-9.061427307128906250e+01
-9.061427307128906250e+01
-9.061427307128906250e+01
-9.061427307128906250e+01
-9.061427307128906250e+01
-9.061427307128906250e+01
-9.061427307128906250e+01
-9.061427307128906250e+01
-9.061427307128906250e+01
-9.061427307128906250e+01
-9.061427307128906250e+01
-9.061427307128906250e+01
-9.061427307128906250e+01
-9.061427307128906250e+01
-9.061427307128906250e+01
-9.061427307128906250e+01
-9.061427307128906250e+01
-9.061427307128906250e+01
-9.061427307128906250e+01
-9.061427307128906250e+01
-9.061427307128906250e+01
-9.061427307128906250e+01
-9.061427307128906250e+01
-9.061427307128906250e+01
-9.061427307128906250e+01
-9.061427307128906250e+01
-9.061427307128906250e+01
-9.061427307128906250e+01
-9.061427307128906250e+01
-9.061427307128906250e+01
-9.061427307128906250e+01
-9.061427307128906250e+01
-9.061427307128906250e+01
-9.061427307128906250e+01
-9.061427307128906250e+01
-9.061427307128906250e+01
-9.061427307128906250e+01
-9.061427307128906250e+01
-9.061427307128906250e+01
-9.061427307128906250e+01
-9.061427307128906250e+01
-9.061427307128906250e+01
-9.061427307128906250e+01
-9.061427307128906250e+01
-9.061427307128906250e+01
-9.061427307128906250e+01
-9.061427307128906250e+01
-9.061427307128906250e+01
-9.061427307128906250e+01
-9.061427307128906250e+01
-9.061427307128906250e+01
-9.061427307128906250e+01
-9.061427307128906250e+01
-9.061427307128906250e+01
-9.061427307128906250e+01
-9.061427307128906250e+01
-9.061427307128906250e+01
-9.061427307128906250e+01
-9.061427307128906250e+01
-9.061427307128906250e+01
-9.061427307128906250e+01
-9.061427307128906250e+01
-9.061427307128906250e+01
-9.061427307128906250e+01
-9.061427307128906250e+01
-9.061427307128906250e+01
-9.061427307128906250e+01
-9.061427307128906250e+01
-9.061427307128906250e+01
-9.061427307128906250e+01
-9.061427307128906250e+01
-9.061427307128906250e+01
-9.061427307128906250e+01
-9.061427307128906250e+01
-9.061427307128906250e+01
-9.061427307128906250e+01
-9.061427307128906250e+01
-9.061427307128906250e+01
-9.061427307128906250e+01
-9.061427307128906250e+01
-9.061427307128906250e+01
-9.061427307128906250e+01
-9.061427307128906250e+01
-9.061427307128906250e+01
-9.061427307128906250e+01
-9.061427307128906250e+01
-9.061427307128906250e+01
-9.061427307128906250e+01
-9.061427307128906250e+01
-9.061427307128906250e+01
-9.061427307128906250e+01
-9.061427307128906250e+01
-9.061427307128906250e+01
-9.061427307128906250e+01
-9.061427307128906250e+01
-9.061427307128906250e+01
-9.061427307128906250e+01
-9.061427307128906250e+01
-9.061427307128906250e+01
-9.061427307128906250e+01
-9.061427307128906250e+01
-9.061427307128906250e+01
-9.061427307128906250e+01
-9.061427307128906250e+01
-9.061427307128906250e+01
-9.061427307128906250e+01
-9.061427307128906250e+01
-9.061427307128906250e+01
-9.061427307128906250e+01
-9.061427307128906250e+01
-9.061427307128906250e+01
-9.061427307128906250e+01
-9.061427307128906250e+01
-9.061427307128906250e+01
-9.061427307128906250e+01
-9.061427307128906250e+01
-9.061427307128906250e+01
-9.061427307128906250e+01
-9.061427307128906250e+01
-9.061427307128906250e+01
-9.061427307128906250e+01
-9.061427307128906250e+01
-9.061427307128906250e+01
-9.061427307128906250e+01
-9.061427307128906250e+01
-9.061427307128906250e+01
-9.061427307128906250e+01
-9.061427307128906250e+01
-9.061427307128906250e+01
-9.061427307128906250e+01
-9.061427307128906250e+01
-9.061427307128906250e+01
-9.061427307128906250e+01
-9.061427307128906250e+01
-9.061427307128906250e+01
-9.061427307128906250e+01
-9.061427307128906250e+01
-9.061427307128906250e+01
-9.061427307128906250e+01
-9.061427307128906250e+01
-9.061427307128906250e+01
-9.061427307128906250e+01
-9.061427307128906250e+01
-9.061427307128906250e+01
-9.061427307128906250e+01
-9.061427307128906250e+01
-9.061427307128906250e+01
-9.061427307128906250e+01
-9.061427307128906250e+01
-9.061427307128906250e+01
-9.061427307128906250e+01
-9.061427307128906250e+01
-9.061427307128906250e+01
-9.061427307128906250e+01
-9.061427307128906250e+01
-9.061427307128906250e+01
-9.061427307128906250e+01
-9.061427307128906250e+01
-9.061427307128906250e+01
-9.061427307128906250e+01
-9.061427307128906250e+01
-9.061427307128906250e+01
-9.061427307128906250e+01
-9.061427307128906250e+01
-9.061427307128906250e+01
-9.061427307128906250e+01
-9.061427307128906250e+01
-9.061427307128906250e+01
-9.061427307128906250e+01
-9.061427307128906250e+01
-9.061427307128906250e+01
-9.061427307128906250e+01
-9.061427307128906250e+01
-9.061427307128906250e+01
-9.061427307128906250e+01
-9.061427307128906250e+01
-9.061427307128906250e+01
-9.061427307128906250e+01
-9.061427307128906250e+01
-9.061427307128906250e+01
-9.061427307128906250e+01
-9.061427307128906250e+01
-9.061427307128906250e+01
-9.061427307128906250e+01
-9.061427307128906250e+01
-9.061427307128906250e+01
-9.061427307128906250e+01
-9.061427307128906250e+01
-9.061427307128906250e+01
-9.061427307128906250e+01
-9.061427307128906250e+01
-9.061427307128906250e+01
-9.061427307128906250e+01
-9.061427307128906250e+01
-9.061427307128906250e+01
-9.061427307128906250e+01
-9.061427307128906250e+01
-9.061427307128906250e+01
-9.061427307128906250e+01
-9.061427307128906250e+01
-9.061427307128906250e+01
-9.061427307128906250e+01
-9.061427307128906250e+01
-9.061427307128906250e+01
-9.061427307128906250e+01
-9.061427307128906250e+01
-9.061427307128906250e+01
-9.061427307128906250e+01
-9.061427307128906250e+01
-9.061427307128906250e+01
-9.061427307128906250e+01
-9.061427307128906250e+01
-9.061427307128906250e+01
-9.061427307128906250e+01
-9.061427307128906250e+01
-9.061427307128906250e+01
-9.061427307128906250e+01
-9.061427307128906250e+01
-9.061427307128906250e+01
-9.061427307128906250e+01
-9.061427307128906250e+01
-9.061427307128906250e+01
-9.061427307128906250e+01
-9.061427307128906250e+01
-9.061427307128906250e+01
-9.061427307128906250e+01
-9.061427307128906250e+01
-9.061427307128906250e+01
-9.061427307128906250e+01
-9.061427307128906250e+01
-9.061427307128906250e+01
-9.061427307128906250e+01
-9.061427307128906250e+01
-9.061427307128906250e+01
-9.061427307128906250e+01
-9.061427307128906250e+01
-9.061427307128906250e+01
-9.061427307128906250e+01
-9.061427307128906250e+01
-9.061427307128906250e+01
-9.061427307128906250e+01
-9.061427307128906250e+01
-9.061427307128906250e+01
-9.061427307128906250e+01
-9.061427307128906250e+01
-9.061427307128906250e+01
-9.061427307128906250e+01
-9.061427307128906250e+01
-9.061427307128906250e+01
-9.061427307128906250e+01
-9.061427307128906250e+01
-9.061427307128906250e+01
-9.061427307128906250e+01
-9.061427307128906250e+01
-9.061427307128906250e+01
-9.061427307128906250e+01
-9.061427307128906250e+01
-9.061427307128906250e+01
-9.061427307128906250e+01
-9.061427307128906250e+01
-9.061427307128906250e+01
-9.061427307128906250e+01
-9.061427307128906250e+01
-9.061427307128906250e+01
-9.061427307128906250e+01
-9.061427307128906250e+01
-9.061427307128906250e+01
-9.061427307128906250e+01
-9.061427307128906250e+01
-9.061427307128906250e+01
-9.061427307128906250e+01
-9.061427307128906250e+01
-9.061427307128906250e+01
-9.061427307128906250e+01
-9.061427307128906250e+01
-9.061427307128906250e+01
-9.061427307128906250e+01
-9.061427307128906250e+01
-9.061427307128906250e+01
-9.061427307128906250e+01
-9.061427307128906250e+01
-9.061427307128906250e+01
-9.061427307128906250e+01
-9.061427307128906250e+01
-9.061427307128906250e+01
-9.061427307128906250e+01
-9.061427307128906250e+01
-9.061427307128906250e+01
-9.061427307128906250e+01
-9.061427307128906250e+01
-9.061427307128906250e+01
-9.061427307128906250e+01
-9.061427307128906250e+01
-9.061427307128906250e+01
-9.061427307128906250e+01
-9.061427307128906250e+01
-9.061427307128906250e+01
-9.061427307128906250e+01
-9.061427307128906250e+01
-9.061427307128906250e+01
-9.061427307128906250e+01
-9.061427307128906250e+01
-9.061427307128906250e+01
-9.061427307128906250e+01
-9.061427307128906250e+01
-9.061427307128906250e+01
-9.061427307128906250e+01
-9.061427307128906250e+01
-9.061427307128906250e+01
-9.061427307128906250e+01
-9.061427307128906250e+01
-9.061427307128906250e+01
-9.061427307128906250e+01
-9.061427307128906250e+01
-9.061427307128906250e+01
-9.061427307128906250e+01
-9.061427307128906250e+01
-9.061427307128906250e+01
-9.061427307128906250e+01
-9.061427307128906250e+01
-9.061427307128906250e+01
-9.061427307128906250e+01
-9.061427307128906250e+01
-9.061427307128906250e+01
-9.061427307128906250e+01
-9.061427307128906250e+01
-9.061427307128906250e+01
-9.061427307128906250e+01
-9.061427307128906250e+01
-9.061427307128906250e+01
-9.061427307128906250e+01
-9.061427307128906250e+01
-9.061427307128906250e+01
-9.061427307128906250e+01
-9.061427307128906250e+01
-9.061427307128906250e+01
-9.061427307128906250e+01
-9.061427307128906250e+01
-9.061427307128906250e+01
-9.061427307128906250e+01
-9.061427307128906250e+01
-9.061427307128906250e+01
-9.061427307128906250e+01
-9.061427307128906250e+01
-9.061427307128906250e+01
-9.061427307128906250e+01
-9.061427307128906250e+01
-9.061427307128906250e+01
-9.061427307128906250e+01
-9.061427307128906250e+01
-9.061427307128906250e+01
-9.061427307128906250e+01
-9.061427307128906250e+01
-9.061427307128906250e+01
-9.061427307128906250e+01
-9.061427307128906250e+01
-9.061427307128906250e+01
-9.061427307128906250e+01
-9.061427307128906250e+01
-9.061427307128906250e+01
-9.061427307128906250e+01
-9.061427307128906250e+01
-9.061427307128906250e+01
-9.061427307128906250e+01
-9.061427307128906250e+01
-9.061427307128906250e+01
-9.061427307128906250e+01
-9.061427307128906250e+01
-9.061427307128906250e+01
-9.061427307128906250e+01
-9.061427307128906250e+01
-9.061427307128906250e+01
-9.061427307128906250e+01
-9.061427307128906250e+01
-9.061427307128906250e+01
-9.061427307128906250e+01
-9.061427307128906250e+01
-9.061427307128906250e+01
-9.061427307128906250e+01
-9.061427307128906250e+01
-9.061427307128906250e+01
-9.061427307128906250e+01
-9.061427307128906250e+01
-9.061427307128906250e+01
-9.061427307128906250e+01
-9.061427307128906250e+01
-9.061427307128906250e+01
-9.061427307128906250e+01
-9.061427307128906250e+01
-9.061427307128906250e+01
-9.061427307128906250e+01
-9.061427307128906250e+01
-9.061427307128906250e+01
-9.061427307128906250e+01
-9.061427307128906250e+01
-9.061427307128906250e+01
-9.061427307128906250e+01
-9.061427307128906250e+01
-9.061427307128906250e+01
-9.061427307128906250e+01
-9.061427307128906250e+01
-9.061427307128906250e+01
-9.061427307128906250e+01
-9.061427307128906250e+01
-9.061427307128906250e+01
-9.061427307128906250e+01
-9.061427307128906250e+01
-9.061427307128906250e+01
-9.061427307128906250e+01
-9.061427307128906250e+01
-9.061427307128906250e+01
-9.061427307128906250e+01
-9.061427307128906250e+01
-9.061427307128906250e+01
-9.061427307128906250e+01
-9.061427307128906250e+01
-9.061427307128906250e+01
-9.061427307128906250e+01
-9.061427307128906250e+01
-9.061427307128906250e+01
-9.061427307128906250e+01
-9.061427307128906250e+01
-9.061427307128906250e+01
-9.061427307128906250e+01
-9.061427307128906250e+01
-9.061427307128906250e+01
-9.061427307128906250e+01
-9.061427307128906250e+01
-9.061427307128906250e+01
-9.061427307128906250e+01
-9.061427307128906250e+01
-9.061427307128906250e+01
-9.061427307128906250e+01
-9.061427307128906250e+01
-9.061427307128906250e+01
-9.061427307128906250e+01
-9.061427307128906250e+01
-9.061427307128906250e+01
-9.061427307128906250e+01
-9.061427307128906250e+01
-9.061427307128906250e+01
-9.061427307128906250e+01
-9.061427307128906250e+01
-9.061427307128906250e+01
-9.061427307128906250e+01
-9.061427307128906250e+01
-9.061427307128906250e+01
-9.061427307128906250e+01
-9.061427307128906250e+01
-9.061427307128906250e+01
-9.061427307128906250e+01
-9.061427307128906250e+01
-9.061427307128906250e+01
-9.061427307128906250e+01
-9.061427307128906250e+01
-9.061427307128906250e+01
-9.061427307128906250e+01
-9.061427307128906250e+01
-9.061427307128906250e+01
-9.061427307128906250e+01
-9.061427307128906250e+01
-9.061427307128906250e+01
-9.061427307128906250e+01
-9.061427307128906250e+01
-9.061427307128906250e+01
-9.061427307128906250e+01
-9.061427307128906250e+01
-9.061427307128906250e+01
-9.061427307128906250e+01
-9.061427307128906250e+01
-9.061427307128906250e+01
-9.061427307128906250e+01
-9.061427307128906250e+01
-9.061427307128906250e+01
-9.061427307128906250e+01
-9.061427307128906250e+01
-9.061427307128906250e+01
-9.061427307128906250e+01
-9.061427307128906250e+01
-9.061427307128906250e+01
-9.061427307128906250e+01
-9.061427307128906250e+01
-9.061427307128906250e+01
-9.061427307128906250e+01
-9.061427307128906250e+01
-9.061427307128906250e+01
-9.061427307128906250e+01
-9.061427307128906250e+01
-9.061427307128906250e+01
-9.061427307128906250e+01
-9.061427307128906250e+01
-9.061427307128906250e+01
-9.061427307128906250e+01
-9.061427307128906250e+01
-9.061427307128906250e+01
-9.061427307128906250e+01
-9.061427307128906250e+01
-9.061427307128906250e+01
-9.061427307128906250e+01
-9.061427307128906250e+01
-9.061427307128906250e+01
-9.061427307128906250e+01
-9.061427307128906250e+01
-9.061427307128906250e+01
-9.061427307128906250e+01
-9.061427307128906250e+01
-9.061427307128906250e+01
-9.061427307128906250e+01
-9.061427307128906250e+01
-9.061427307128906250e+01
-9.061427307128906250e+01
-9.061427307128906250e+01
-9.061427307128906250e+01
-9.061427307128906250e+01
-9.061427307128906250e+01
-9.061427307128906250e+01
-9.061427307128906250e+01
-9.061427307128906250e+01
-9.061427307128906250e+01
-9.061427307128906250e+01
-9.061427307128906250e+01
-9.061427307128906250e+01
-9.061427307128906250e+01
-9.061427307128906250e+01
-9.061427307128906250e+01
-9.061427307128906250e+01
-9.061427307128906250e+01
-9.061427307128906250e+01
-9.061427307128906250e+01
-9.061427307128906250e+01
-9.061427307128906250e+01
-9.061427307128906250e+01
-9.061427307128906250e+01
-9.061427307128906250e+01
-9.061427307128906250e+01
-9.061427307128906250e+01
-9.061427307128906250e+01
-9.061427307128906250e+01
-9.061427307128906250e+01
-9.061427307128906250e+01
-9.061427307128906250e+01
-9.061427307128906250e+01
-9.061427307128906250e+01
-9.061427307128906250e+01
-9.061427307128906250e+01
-9.061427307128906250e+01
-9.061427307128906250e+01
-9.061427307128906250e+01
-9.061427307128906250e+01
-9.061427307128906250e+01
-9.061427307128906250e+01
-9.061427307128906250e+01
-9.061427307128906250e+01
-9.061427307128906250e+01
-9.061427307128906250e+01
-9.061427307128906250e+01
-9.061427307128906250e+01
-9.061427307128906250e+01
-9.061427307128906250e+01
-9.061427307128906250e+01
-9.061427307128906250e+01
-9.061427307128906250e+01
-9.061427307128906250e+01
-9.061427307128906250e+01
-9.061427307128906250e+01
-9.061427307128906250e+01
-9.061427307128906250e+01
-9.061427307128906250e+01
-9.061427307128906250e+01
-9.061427307128906250e+01
-9.061427307128906250e+01
-9.061427307128906250e+01
-9.061427307128906250e+01
-9.061427307128906250e+01
-9.061427307128906250e+01
-9.061427307128906250e+01
-9.061427307128906250e+01
-9.061427307128906250e+01
-9.061427307128906250e+01
-9.061427307128906250e+01
-9.061427307128906250e+01
-9.061427307128906250e+01
-9.061427307128906250e+01
-9.061427307128906250e+01
-9.061427307128906250e+01
-9.061427307128906250e+01
-9.061427307128906250e+01
-9.061427307128906250e+01
-9.061427307128906250e+01
-9.061427307128906250e+01
-9.061427307128906250e+01
-9.061427307128906250e+01
-9.061427307128906250e+01
-9.061427307128906250e+01
-9.061427307128906250e+01
-9.061427307128906250e+01
-9.061427307128906250e+01
-9.061427307128906250e+01
-9.061427307128906250e+01
-9.061427307128906250e+01
-9.061427307128906250e+01
-9.061427307128906250e+01
-9.061427307128906250e+01
-9.061427307128906250e+01
-9.061427307128906250e+01
-9.061427307128906250e+01
-9.061427307128906250e+01
-9.061427307128906250e+01
-9.061427307128906250e+01
-9.061427307128906250e+01
-9.061427307128906250e+01
-9.061427307128906250e+01
-9.061427307128906250e+01
-9.061427307128906250e+01
-9.061427307128906250e+01
-9.061427307128906250e+01
-9.061427307128906250e+01
-9.061427307128906250e+01
-9.061427307128906250e+01
-9.061427307128906250e+01
-9.061427307128906250e+01
-9.061427307128906250e+01
-9.061427307128906250e+01
-9.061427307128906250e+01
-9.061427307128906250e+01
-9.061427307128906250e+01
-9.061427307128906250e+01
-9.061427307128906250e+01
-9.061427307128906250e+01
-9.061427307128906250e+01
-9.061427307128906250e+01
-9.061427307128906250e+01
-9.061427307128906250e+01
-9.061427307128906250e+01
-9.061427307128906250e+01
-9.061427307128906250e+01
-9.061427307128906250e+01
-9.061427307128906250e+01
-9.061427307128906250e+01
-9.061427307128906250e+01
-9.061427307128906250e+01
-9.061427307128906250e+01
-9.061427307128906250e+01
-9.061427307128906250e+01
-9.061427307128906250e+01
-9.061427307128906250e+01
-9.061427307128906250e+01
-9.061427307128906250e+01
-9.061427307128906250e+01
-9.061427307128906250e+01
-9.061427307128906250e+01
-9.061427307128906250e+01
-9.061427307128906250e+01
-9.061427307128906250e+01
-9.061427307128906250e+01
-9.061427307128906250e+01
-9.061427307128906250e+01
-9.061427307128906250e+01
-9.061427307128906250e+01
-9.061427307128906250e+01
-9.061427307128906250e+01
-9.061427307128906250e+01
-9.061427307128906250e+01
-9.061427307128906250e+01
-9.061427307128906250e+01
-9.061427307128906250e+01
-9.061427307128906250e+01
-9.061427307128906250e+01
-9.061427307128906250e+01
-9.061427307128906250e+01
-9.061427307128906250e+01
-9.061427307128906250e+01
-9.061427307128906250e+01
-9.061427307128906250e+01
-9.061427307128906250e+01
-9.061427307128906250e+01
-9.061427307128906250e+01
-9.061427307128906250e+01
-9.061427307128906250e+01
-9.061427307128906250e+01
-9.061427307128906250e+01
-9.061427307128906250e+01
-9.061427307128906250e+01
-9.061427307128906250e+01
-9.061427307128906250e+01
-9.061427307128906250e+01
-9.061427307128906250e+01
-9.061427307128906250e+01
-9.061427307128906250e+01
-9.061427307128906250e+01
-9.061427307128906250e+01
-9.061427307128906250e+01
-9.061427307128906250e+01
-9.061427307128906250e+01
-9.061427307128906250e+01
-9.061427307128906250e+01
-9.061427307128906250e+01
-9.061427307128906250e+01
-9.061427307128906250e+01
-9.061427307128906250e+01
-9.061427307128906250e+01
-9.061427307128906250e+01
-9.061427307128906250e+01
-9.061427307128906250e+01
-9.061427307128906250e+01
-9.061427307128906250e+01
-9.061427307128906250e+01
-9.061427307128906250e+01
-9.061427307128906250e+01
-9.061427307128906250e+01
-9.061427307128906250e+01
-9.061427307128906250e+01
-9.061427307128906250e+01
-9.061427307128906250e+01
-9.061427307128906250e+01
-9.061427307128906250e+01
-9.061427307128906250e+01
-9.061427307128906250e+01
-9.061427307128906250e+01
-9.061427307128906250e+01
-9.061427307128906250e+01
-9.061427307128906250e+01
-9.061427307128906250e+01
-9.061427307128906250e+01
-9.061427307128906250e+01
-9.061427307128906250e+01
-9.061427307128906250e+01
-9.061427307128906250e+01
-9.061427307128906250e+01
-9.061427307128906250e+01
-9.061427307128906250e+01
-9.061427307128906250e+01
-9.061427307128906250e+01
-9.061427307128906250e+01
-9.061427307128906250e+01
-9.061427307128906250e+01
-9.061427307128906250e+01
-9.061427307128906250e+01
-9.061427307128906250e+01
-9.061427307128906250e+01
-9.061427307128906250e+01
-9.061427307128906250e+01
-9.061427307128906250e+01
-9.061427307128906250e+01
-9.061427307128906250e+01
-9.061427307128906250e+01
-9.061427307128906250e+01
-9.061427307128906250e+01
-9.061427307128906250e+01
-9.061427307128906250e+01
-9.061427307128906250e+01
-9.061427307128906250e+01
-9.061427307128906250e+01
-9.061427307128906250e+01
-9.061427307128906250e+01
-9.061427307128906250e+01
-9.061427307128906250e+01
-9.061427307128906250e+01
-9.061427307128906250e+01
-9.061427307128906250e+01
-9.061427307128906250e+01
-9.061427307128906250e+01
-9.061427307128906250e+01
-9.061427307128906250e+01
-9.061427307128906250e+01
-9.061427307128906250e+01
-9.061427307128906250e+01
-9.061427307128906250e+01
-9.061427307128906250e+01
-9.061427307128906250e+01
-9.061427307128906250e+01
-9.061427307128906250e+01
-9.061427307128906250e+01
-9.061427307128906250e+01
-9.061427307128906250e+01
-9.061427307128906250e+01
-9.061427307128906250e+01
-9.061427307128906250e+01
-9.061427307128906250e+01
-9.061427307128906250e+01
-9.061427307128906250e+01
-9.061427307128906250e+01
-9.061427307128906250e+01
-9.061427307128906250e+01
-9.061427307128906250e+01
-9.061427307128906250e+01
-9.061427307128906250e+01
-9.061427307128906250e+01
-9.061427307128906250e+01
-9.061427307128906250e+01
-9.061427307128906250e+01
-9.061427307128906250e+01
-9.061427307128906250e+01
-9.061427307128906250e+01
-9.061427307128906250e+01
-9.061427307128906250e+01
-9.061427307128906250e+01
-9.061427307128906250e+01
-9.061427307128906250e+01
-9.061427307128906250e+01
-9.061427307128906250e+01
-9.061427307128906250e+01
-9.061427307128906250e+01
-9.061427307128906250e+01
-9.061427307128906250e+01
-9.061427307128906250e+01
-9.061427307128906250e+01
-9.061427307128906250e+01
-9.061427307128906250e+01
-9.061427307128906250e+01
-9.061427307128906250e+01
-9.061427307128906250e+01
-9.061427307128906250e+01
-9.061427307128906250e+01
-9.061427307128906250e+01
-9.061427307128906250e+01
-9.061427307128906250e+01
-9.061427307128906250e+01
-9.061427307128906250e+01
-9.061427307128906250e+01
-9.061427307128906250e+01
-9.061427307128906250e+01
-9.061427307128906250e+01
-9.061427307128906250e+01
-9.061427307128906250e+01
-9.061427307128906250e+01
-9.061427307128906250e+01
-9.061427307128906250e+01
-9.061427307128906250e+01
-9.061427307128906250e+01
-9.061427307128906250e+01
-9.061427307128906250e+01
-9.061427307128906250e+01
-9.061427307128906250e+01
-9.061427307128906250e+01
-9.061427307128906250e+01
-9.061427307128906250e+01
-9.061427307128906250e+01
-9.061427307128906250e+01
-9.061427307128906250e+01
-9.061427307128906250e+01
-9.061427307128906250e+01
-9.061427307128906250e+01
-9.061427307128906250e+01
-9.061427307128906250e+01
-9.061427307128906250e+01
-9.061427307128906250e+01
-9.080702209472656250e+01
-9.081267547607421875e+01
-9.081832122802734375e+01
-9.082397460937500000e+01
-9.082962799072265625e+01
-9.083528137207031250e+01
-9.084092712402343750e+01
-9.084092712402343750e+01
-9.085223388671875000e+01
-9.085787963867187500e+01
-9.086353302001953125e+01
-9.086918640136718750e+01
-9.087483978271484375e+01
-9.088048553466796875e+01
-9.088613891601562500e+01
-9.089179229736328125e+01
-9.089743804931640625e+01
-9.090309143066406250e+01
-9.090874481201171875e+01
-9.091439819335937500e+01
-9.092004394531250000e+01
-9.092569732666015625e+01
-9.092569732666015625e+01
-9.093699645996093750e+01
-9.093699645996093750e+01
-9.094830322265625000e+01
-9.094830322265625000e+01
-9.095960235595703125e+01
-9.097090911865234375e+01
-9.097090911865234375e+01
-9.097655487060546875e+01
-9.097655487060546875e+01
-9.097655487060546875e+01
-9.099351501464843750e+01
-9.100481414794921875e+01
-9.100481414794921875e+01
-9.101046752929687500e+01
-9.101611328125000000e+01
-9.101611328125000000e+01
-9.102742004394531250e+01
-9.103307342529296875e+01
-9.103871917724609375e+01
-9.104437255859375000e+01
-9.105002593994140625e+01
-9.105567932128906250e+01
-9.106132507324218750e+01
-9.107263183593750000e+01
-9.107263183593750000e+01
-9.107827758789062500e+01
-9.108393096923828125e+01
-9.108393096923828125e+01
-9.109523773193359375e+01
-9.110088348388671875e+01
-9.110653686523437500e+01
-9.111219024658203125e+01
-9.111219024658203125e+01
-9.112348937988281250e+01
-9.112914276123046875e+01
-9.112914276123046875e+01
-9.113479614257812500e+01
-9.114044189453125000e+01
-9.115174865722656250e+01
-9.115739440917968750e+01
-9.116304779052734375e+01
-9.116870117187500000e+01
-9.116870117187500000e+01
-9.118000030517578125e+01
-9.118565368652343750e+01
-9.119695281982421875e+01
-9.119695281982421875e+01
-9.120260620117187500e+01
-9.120825958251953125e+01
-9.121391296386718750e+01
-9.121955871582031250e+01
-9.122521209716796875e+01
-9.123086547851562500e+01
-9.124216461181640625e+01
-9.124216461181640625e+01
-9.124781799316406250e+01
-9.125911712646484375e+01
-9.125911712646484375e+01
-9.126477050781250000e+01
-9.126477050781250000e+01
-9.127606964111328125e+01
-9.128172302246093750e+01
-9.128737640380859375e+01
-9.129302978515625000e+01
-9.129867553710937500e+01
-9.130432891845703125e+01
-9.130998229980468750e+01
-9.132128143310546875e+01
-9.132128143310546875e+01
-9.132693481445312500e+01
-9.132693481445312500e+01
-9.133823394775390625e+01
-9.134954071044921875e+01
-9.134954071044921875e+01
-9.135518646240234375e+01
-9.135518646240234375e+01
-9.137214660644531250e+01
-9.137214660644531250e+01
-9.137779235839843750e+01
-9.138344573974609375e+01
-9.138909912109375000e+01
-9.139474487304687500e+01
-9.139474487304687500e+01
-9.140039825439453125e+01
-9.141170501708984375e+01
-9.141170501708984375e+01
-9.141735076904296875e+01
-9.142865753173828125e+01
-9.143431091308593750e+01
-9.143995666503906250e+01
-9.144561004638671875e+01
-9.145126342773437500e+01
-9.146256256103515625e+01
-9.146256256103515625e+01
-9.146821594238281250e+01
-9.147386932373046875e+01
-9.147951507568359375e+01
-9.148516845703125000e+01
-9.149082183837890625e+01
-9.149082183837890625e+01
-9.150212097167968750e+01
-9.150777435302734375e+01
-9.151342773437500000e+01
-9.151342773437500000e+01
-9.152472686767578125e+01
-9.153038024902343750e+01
-9.153038024902343750e+01
-9.153038024902343750e+01
-9.154167938232421875e+01
-9.155863189697265625e+01
-9.155863189697265625e+01
-9.156428527832031250e+01
-9.156993865966796875e+01
-9.157558441162109375e+01
-9.158123779296875000e+01
-9.158123779296875000e+01
-9.159254455566406250e+01
-9.159819030761718750e+01
-9.160384368896484375e+01
-9.160949707031250000e+01
-9.162079620361328125e+01
-9.162079620361328125e+01
-9.162644958496093750e+01
-9.163210296630859375e+01
-9.163774871826171875e+01
-9.164340209960937500e+01
-9.165470123291015625e+01
-9.165470123291015625e+01
-9.166035461425781250e+01
-9.167166137695312500e+01
-9.167166137695312500e+01
-9.167730712890625000e+01
-9.168296051025390625e+01
-9.168861389160156250e+01
-9.169991302490234375e+01
-9.169991302490234375e+01
-9.170556640625000000e+01
-9.170556640625000000e+01
-9.171686553955078125e+01
-9.172251892089843750e+01
-9.173381805419921875e+01
-9.173381805419921875e+01
-9.173947143554687500e+01
-9.174512481689453125e+01
-9.175077819824218750e+01
-9.176207733154296875e+01
-9.176207733154296875e+01
-9.176207733154296875e+01
-9.177337646484375000e+01
-9.177902984619140625e+01
-9.177902984619140625e+01
-9.179598236083984375e+01
-9.179598236083984375e+01
-9.180163574218750000e+01
-9.181294250488281250e+01
-9.181294250488281250e+01
-9.181858825683593750e+01
-9.182989501953125000e+01
-9.182989501953125000e+01
-9.183554077148437500e+01
-9.184119415283203125e+01
-9.184684753417968750e+01
-9.185250091552734375e+01
-9.185814666748046875e+01
-9.186380004882812500e+01
-9.186945343017578125e+01
-9.187509918212890625e+01
-9.188075256347656250e+01
-9.189205932617187500e+01
-9.189205932617187500e+01
-9.189770507812500000e+01
-9.190335845947265625e+01
-9.190901184082031250e+01
-9.191465759277343750e+01
-9.192031097412109375e+01
-9.192596435546875000e+01
-9.193161773681640625e+01
-9.193161773681640625e+01
-9.193726348876953125e+01
-9.194291687011718750e+01
-9.195986938476562500e+01
-9.195986938476562500e+01
-9.196552276611328125e+01
-9.196552276611328125e+01
-9.197117614746093750e+01
-9.198812866210937500e+01
-9.198812866210937500e+01
-9.199377441406250000e+01
-9.200508117675781250e+01
-9.200508117675781250e+01
-9.201073455810546875e+01
-9.201638031005859375e+01
-9.202203369140625000e+01
-9.202203369140625000e+01
-9.202203369140625000e+01
-9.203898620605468750e+01
-9.205029296875000000e+01
-9.205029296875000000e+01
-9.205593872070312500e+01
-9.205593872070312500e+01
-9.206724548339843750e+01
-9.207289123535156250e+01
-9.207854461669921875e+01
-9.208419799804687500e+01
-9.208985137939453125e+01
-9.209549713134765625e+01
-9.210115051269531250e+01
-9.210680389404296875e+01
-9.210680389404296875e+01
-9.211810302734375000e+01
-9.212375640869140625e+01
-9.212375640869140625e+01
-9.213505554199218750e+01
-9.213505554199218750e+01
-9.214636230468750000e+01
-9.215200805664062500e+01
-9.216331481933593750e+01
-9.216331481933593750e+01
-9.216896820068359375e+01
-9.216896820068359375e+01
-9.218026733398437500e+01
-9.218592071533203125e+01
-9.219157409667968750e+01
-9.219157409667968750e+01
-9.220287322998046875e+01
-9.220852661132812500e+01
-9.221417236328125000e+01
-9.222547912597656250e+01
-9.222547912597656250e+01
-9.223113250732421875e+01
-9.224243164062500000e+01
-9.224243164062500000e+01
-9.224243164062500000e+01
-9.225373077392578125e+01
-9.225938415527343750e+01
-9.225938415527343750e+01
-9.227069091796875000e+01
-9.227633666992187500e+01
-9.228199005126953125e+01
-9.228764343261718750e+01
-9.229328918457031250e+01
-9.230459594726562500e+01
-9.230459594726562500e+01
-9.231024932861328125e+01
-9.232154846191406250e+01
-9.232154846191406250e+01
-9.232720184326171875e+01
-9.232720184326171875e+01
-9.233850097656250000e+01
-9.234415435791015625e+01
-9.234980773925781250e+01
-9.235545349121093750e+01
-9.236110687255859375e+01
-9.236676025390625000e+01
-9.237240600585937500e+01
-9.238371276855468750e+01
-9.238371276855468750e+01
-9.238936614990234375e+01
-9.239501190185546875e+01
-9.240066528320312500e+01
-9.240631866455078125e+01
-9.241196441650390625e+01
-9.241761779785156250e+01
-9.242327117919921875e+01
-9.242327117919921875e+01
-9.243457031250000000e+01
-9.244022369384765625e+01
-9.244022369384765625e+01
-9.245152282714843750e+01
-9.245717620849609375e+01
-9.246282958984375000e+01
-9.246848297119140625e+01
-9.247978210449218750e+01
-9.247978210449218750e+01
-9.248543548583984375e+01
-9.249673461914062500e+01
-9.249673461914062500e+01
-9.249673461914062500e+01
-9.250804138183593750e+01
-9.251368713378906250e+01
-9.251368713378906250e+01
-9.251368713378906250e+01
-9.252499389648437500e+01
-9.254194641113281250e+01
-9.254194641113281250e+01
-9.254759979248046875e+01
-9.254759979248046875e+01
-9.255889892578125000e+01
-9.256455230712890625e+01
-9.257585144042968750e+01
-9.257585144042968750e+01
-9.257585144042968750e+01
-9.259280395507812500e+01
-9.259280395507812500e+01
-9.259845733642578125e+01
-9.259845733642578125e+01
-9.260976409912109375e+01
-9.261540985107421875e+01
-9.262106323242187500e+01
-9.262106323242187500e+01
-9.263236236572265625e+01
-9.263236236572265625e+01
-9.264366912841796875e+01
-9.265496826171875000e+01
-9.265496826171875000e+01
-9.266062164306640625e+01
-9.266062164306640625e+01
-9.267757415771484375e+01
-9.267757415771484375e+01
-9.268322753906250000e+01
-9.268322753906250000e+01
-9.269452667236328125e+01
-9.270018005371093750e+01
-9.270018005371093750e+01
-9.271147918701171875e+01
-9.271713256835937500e+01
-9.272278594970703125e+01
-9.272278594970703125e+01
-9.274539184570312500e+01
-9.275103759765625000e+01
-9.275669097900390625e+01
-9.276234436035156250e+01
-9.276799774169921875e+01
-9.277364349365234375e+01
-9.277929687500000000e+01
-9.278495025634765625e+01
-9.279059600830078125e+01
-9.279059600830078125e+01
-9.279059600830078125e+01
-9.279059600830078125e+01
-9.279059600830078125e+01
-9.279059600830078125e+01
-9.279059600830078125e+01
-9.279059600830078125e+01
-9.279059600830078125e+01
-9.279059600830078125e+01
-9.279059600830078125e+01
-9.279059600830078125e+01
-9.279059600830078125e+01
-9.279059600830078125e+01
-9.279059600830078125e+01
-9.279059600830078125e+01
-9.279059600830078125e+01
-9.279059600830078125e+01
-9.279059600830078125e+01
-9.279059600830078125e+01
-9.279059600830078125e+01
-9.279059600830078125e+01
-9.279059600830078125e+01
-9.279059600830078125e+01
-9.279059600830078125e+01
-9.279059600830078125e+01
-9.279059600830078125e+01
-9.279059600830078125e+01
-9.279059600830078125e+01
-9.279059600830078125e+01
-9.279059600830078125e+01
-9.279059600830078125e+01
-9.279059600830078125e+01
-9.279059600830078125e+01
-9.279059600830078125e+01
-9.279059600830078125e+01
-9.279059600830078125e+01
-9.279059600830078125e+01
-9.279059600830078125e+01
-9.279059600830078125e+01
-9.279059600830078125e+01
-9.279059600830078125e+01
-9.279059600830078125e+01
-9.279059600830078125e+01
-9.279059600830078125e+01
-9.279059600830078125e+01
-9.279059600830078125e+01
-9.279059600830078125e+01
-9.279059600830078125e+01
-9.279059600830078125e+01
-9.279059600830078125e+01
-9.279059600830078125e+01
-9.279059600830078125e+01
-9.279059600830078125e+01
-9.279059600830078125e+01
-9.279059600830078125e+01
-9.279059600830078125e+01
-9.279059600830078125e+01
-9.279059600830078125e+01
-9.279059600830078125e+01
-9.279059600830078125e+01
-9.279059600830078125e+01
-9.279059600830078125e+01
-9.279059600830078125e+01
-9.279059600830078125e+01
-9.279059600830078125e+01
-9.279059600830078125e+01
-9.279059600830078125e+01
-9.279059600830078125e+01
-9.279059600830078125e+01
-9.279059600830078125e+01
-9.279059600830078125e+01
-9.279059600830078125e+01
-9.279059600830078125e+01
-9.279059600830078125e+01
-9.279059600830078125e+01
-9.279059600830078125e+01
-9.279059600830078125e+01
-9.279059600830078125e+01
-9.279059600830078125e+01
-9.279059600830078125e+01
-9.279059600830078125e+01
-9.279059600830078125e+01
-9.279059600830078125e+01
-9.279059600830078125e+01
-9.279059600830078125e+01
-9.279059600830078125e+01
-9.279059600830078125e+01
-9.279059600830078125e+01
-9.279059600830078125e+01
-9.279059600830078125e+01
-9.279059600830078125e+01
-9.279059600830078125e+01
-9.279059600830078125e+01
-9.279059600830078125e+01
-9.279059600830078125e+01
-9.279059600830078125e+01
-9.279059600830078125e+01
-9.279059600830078125e+01
-9.279059600830078125e+01
-9.279059600830078125e+01
-9.279059600830078125e+01
-9.279059600830078125e+01
-9.279059600830078125e+01
-9.279059600830078125e+01
-9.279059600830078125e+01
-9.279059600830078125e+01
-9.279059600830078125e+01
-9.279059600830078125e+01
-9.279059600830078125e+01
-9.279059600830078125e+01
-9.279059600830078125e+01
-9.279059600830078125e+01
-9.279059600830078125e+01
-9.279059600830078125e+01
-9.279059600830078125e+01
-9.279059600830078125e+01
-9.279059600830078125e+01
-9.279059600830078125e+01
-9.279059600830078125e+01
-9.279059600830078125e+01
-9.279059600830078125e+01
-9.279059600830078125e+01
-9.279059600830078125e+01
-9.279059600830078125e+01
-9.279059600830078125e+01
-9.279059600830078125e+01
-9.279059600830078125e+01
-9.279059600830078125e+01
-9.279059600830078125e+01
-9.279059600830078125e+01
-9.279059600830078125e+01
-9.279059600830078125e+01
-9.279059600830078125e+01
-9.279059600830078125e+01
-9.279059600830078125e+01
-9.279059600830078125e+01
-9.279059600830078125e+01
-9.279059600830078125e+01
-9.279059600830078125e+01
-9.279059600830078125e+01
-9.279059600830078125e+01
-9.279059600830078125e+01
-9.279059600830078125e+01
-9.279059600830078125e+01
-9.279059600830078125e+01
-9.279059600830078125e+01
-9.279059600830078125e+01
-9.279059600830078125e+01
-9.279059600830078125e+01
-9.279059600830078125e+01
-9.279059600830078125e+01
-9.279059600830078125e+01
-9.279059600830078125e+01
-9.279059600830078125e+01
-9.279059600830078125e+01
-9.279059600830078125e+01
-9.279059600830078125e+01
-9.279059600830078125e+01
-9.279059600830078125e+01
-9.279059600830078125e+01
-9.279059600830078125e+01
-9.279059600830078125e+01
-9.279059600830078125e+01
-9.279059600830078125e+01
-9.279059600830078125e+01
-9.279059600830078125e+01
-9.279059600830078125e+01
-9.279059600830078125e+01
-9.279059600830078125e+01
-9.279059600830078125e+01
-9.279059600830078125e+01
-9.279059600830078125e+01
-9.279059600830078125e+01
-9.279059600830078125e+01
-9.279059600830078125e+01
-9.279059600830078125e+01
-9.279059600830078125e+01
-9.279059600830078125e+01
-9.279059600830078125e+01
-9.279059600830078125e+01
-9.279059600830078125e+01
-9.279059600830078125e+01
-9.279059600830078125e+01
-9.279059600830078125e+01
-9.279059600830078125e+01
-9.279059600830078125e+01
-9.279059600830078125e+01
-9.279059600830078125e+01
-9.279059600830078125e+01
-9.279059600830078125e+01
-9.279059600830078125e+01
-9.279059600830078125e+01
-9.279059600830078125e+01
-9.279059600830078125e+01
-9.279059600830078125e+01
-9.279059600830078125e+01
-9.279059600830078125e+01
-9.279059600830078125e+01
-9.279059600830078125e+01
-9.279059600830078125e+01
-9.279059600830078125e+01
-9.279059600830078125e+01
-9.279059600830078125e+01
-9.279059600830078125e+01
-9.279059600830078125e+01
-9.279059600830078125e+01
-9.279059600830078125e+01
-9.279059600830078125e+01
-9.279059600830078125e+01
-9.279059600830078125e+01
-9.279059600830078125e+01
-9.279059600830078125e+01
-9.279059600830078125e+01
-9.279059600830078125e+01
-9.279059600830078125e+01
-9.279059600830078125e+01
-9.279059600830078125e+01
-9.279059600830078125e+01
-9.279059600830078125e+01
-9.279059600830078125e+01
-9.279059600830078125e+01
-9.279059600830078125e+01
-9.279059600830078125e+01
-9.279059600830078125e+01
-9.279059600830078125e+01
-9.279059600830078125e+01
-9.279059600830078125e+01
-9.279059600830078125e+01
-9.279059600830078125e+01
-9.279059600830078125e+01
-9.279059600830078125e+01
-9.279059600830078125e+01
-9.279059600830078125e+01
-9.279059600830078125e+01
-9.279059600830078125e+01
-9.279059600830078125e+01
-9.279059600830078125e+01
-9.279059600830078125e+01
-9.279059600830078125e+01
-9.279059600830078125e+01
-9.279059600830078125e+01
-9.279059600830078125e+01
-9.279059600830078125e+01
-9.279059600830078125e+01
-9.279059600830078125e+01
-9.279059600830078125e+01
-9.279059600830078125e+01
-9.279059600830078125e+01
-9.279059600830078125e+01
-9.279059600830078125e+01
-9.279059600830078125e+01
-9.279059600830078125e+01
-9.279059600830078125e+01
-9.279059600830078125e+01
-9.279059600830078125e+01
-9.279059600830078125e+01
-9.279059600830078125e+01
-9.279059600830078125e+01
-9.279059600830078125e+01
-9.279059600830078125e+01
-9.279059600830078125e+01
-9.279059600830078125e+01
-9.279059600830078125e+01
-9.279059600830078125e+01
-9.279059600830078125e+01
-9.279059600830078125e+01
-9.279059600830078125e+01
-9.279059600830078125e+01
-9.279059600830078125e+01
-9.279059600830078125e+01
-9.279059600830078125e+01
-9.279059600830078125e+01
-9.279059600830078125e+01
-9.279059600830078125e+01
-9.279059600830078125e+01
-9.279059600830078125e+01
-9.279059600830078125e+01
-9.279059600830078125e+01
-9.279059600830078125e+01
-9.279059600830078125e+01
-9.279059600830078125e+01
-9.279059600830078125e+01
-9.279059600830078125e+01
-9.279059600830078125e+01
-9.279059600830078125e+01
-9.279059600830078125e+01
-9.279059600830078125e+01
-9.279059600830078125e+01
-9.279059600830078125e+01
-9.279059600830078125e+01
-9.279059600830078125e+01
-9.279059600830078125e+01
-9.279059600830078125e+01
-9.279059600830078125e+01
-9.279059600830078125e+01
-9.279059600830078125e+01
-9.279059600830078125e+01
-9.279059600830078125e+01
-9.279059600830078125e+01
-9.279059600830078125e+01
-9.279059600830078125e+01
-9.279059600830078125e+01
-9.279059600830078125e+01
-9.279059600830078125e+01
-9.279059600830078125e+01
-9.279059600830078125e+01
-9.279059600830078125e+01
-9.279059600830078125e+01
-9.279059600830078125e+01
-9.279059600830078125e+01
-9.279059600830078125e+01
-9.279059600830078125e+01
-9.279059600830078125e+01
-9.279059600830078125e+01
-9.279059600830078125e+01
-9.279059600830078125e+01
-9.279059600830078125e+01
-9.279059600830078125e+01
-9.279059600830078125e+01
-9.279059600830078125e+01
-9.279059600830078125e+01
-9.279059600830078125e+01
-9.279059600830078125e+01
-9.279059600830078125e+01
-9.279059600830078125e+01
-9.279059600830078125e+01
-9.279059600830078125e+01
-9.279059600830078125e+01
-9.279059600830078125e+01
-9.279059600830078125e+01
-9.279059600830078125e+01
-9.279059600830078125e+01
-9.279059600830078125e+01
-9.279059600830078125e+01
-9.279059600830078125e+01
-9.279059600830078125e+01
-9.279059600830078125e+01
-9.279059600830078125e+01
-9.279059600830078125e+01
-9.279059600830078125e+01
-9.279059600830078125e+01
-9.279059600830078125e+01
-9.279059600830078125e+01
-9.279059600830078125e+01
-9.279059600830078125e+01
-9.279059600830078125e+01
-9.279059600830078125e+01
-9.279059600830078125e+01
-9.279059600830078125e+01
-9.279059600830078125e+01
-9.279059600830078125e+01
-9.279059600830078125e+01
-9.279059600830078125e+01
-9.279059600830078125e+01
-9.279059600830078125e+01
-9.279059600830078125e+01
-9.279059600830078125e+01
-9.279059600830078125e+01
-9.279059600830078125e+01
-9.279059600830078125e+01
-9.279059600830078125e+01
-9.279059600830078125e+01
-9.279059600830078125e+01
-9.279059600830078125e+01
-9.279059600830078125e+01
-9.279059600830078125e+01
-9.279059600830078125e+01
-9.279059600830078125e+01
-9.279059600830078125e+01
-9.279059600830078125e+01
-9.279059600830078125e+01
-9.279059600830078125e+01
-9.279059600830078125e+01
-9.279059600830078125e+01
-9.279059600830078125e+01
-9.279059600830078125e+01
-9.279059600830078125e+01
-9.279059600830078125e+01
-9.279059600830078125e+01
-9.279059600830078125e+01
-9.279059600830078125e+01
-9.279059600830078125e+01
-9.279059600830078125e+01
-9.279059600830078125e+01
-9.279059600830078125e+01
-9.279059600830078125e+01
-9.279059600830078125e+01
-9.279059600830078125e+01
-9.279059600830078125e+01
-9.279059600830078125e+01
-9.279059600830078125e+01
-9.279059600830078125e+01
-9.279059600830078125e+01
-9.279059600830078125e+01
-9.279059600830078125e+01
-9.279059600830078125e+01
-9.279059600830078125e+01
-9.279059600830078125e+01
-9.279059600830078125e+01
-9.279059600830078125e+01
-9.279059600830078125e+01
-9.279059600830078125e+01
-9.279059600830078125e+01
-9.279059600830078125e+01
-9.279059600830078125e+01
-9.279059600830078125e+01
-9.279059600830078125e+01
-9.279059600830078125e+01
-9.279059600830078125e+01
-9.279059600830078125e+01
-9.279059600830078125e+01
-9.279059600830078125e+01
-9.279059600830078125e+01
-9.279059600830078125e+01
-9.279059600830078125e+01
-9.279059600830078125e+01
-9.279059600830078125e+01
-9.279059600830078125e+01
-9.279059600830078125e+01
-9.279059600830078125e+01
-9.279059600830078125e+01
-9.279059600830078125e+01
-9.279059600830078125e+01
-9.279059600830078125e+01
-9.279059600830078125e+01
-9.279059600830078125e+01
-9.279059600830078125e+01
-9.279059600830078125e+01
-9.279059600830078125e+01
-9.279059600830078125e+01
-9.279059600830078125e+01
-9.279059600830078125e+01
-9.279059600830078125e+01
-9.279059600830078125e+01
-9.279059600830078125e+01
-9.279059600830078125e+01
-9.279059600830078125e+01
-9.279059600830078125e+01
-9.279059600830078125e+01
-9.279059600830078125e+01
-9.279059600830078125e+01
-9.279059600830078125e+01
-9.279059600830078125e+01
-9.279059600830078125e+01
-9.279059600830078125e+01
-9.279059600830078125e+01
-9.279059600830078125e+01
-9.279059600830078125e+01
-9.279059600830078125e+01
-9.279059600830078125e+01
-9.279059600830078125e+01
-9.279059600830078125e+01
-9.279059600830078125e+01
-9.279059600830078125e+01
-9.279059600830078125e+01
-9.279059600830078125e+01
-9.279059600830078125e+01
-9.279059600830078125e+01
-9.279059600830078125e+01
-9.279059600830078125e+01
-9.279059600830078125e+01
-9.279059600830078125e+01
-9.279059600830078125e+01
-9.279059600830078125e+01
-9.279059600830078125e+01
-9.279059600830078125e+01
-9.279059600830078125e+01
-9.279059600830078125e+01
-9.279059600830078125e+01
-9.279059600830078125e+01
-9.279059600830078125e+01
-9.279059600830078125e+01
-9.279059600830078125e+01
-9.279059600830078125e+01
-9.279059600830078125e+01
-9.279059600830078125e+01
-9.279059600830078125e+01
-9.279059600830078125e+01
-9.279059600830078125e+01
-9.279059600830078125e+01
-9.279059600830078125e+01
-9.279059600830078125e+01
-9.279059600830078125e+01
-9.279059600830078125e+01
-9.279059600830078125e+01
-9.279059600830078125e+01
-9.279059600830078125e+01
-9.279059600830078125e+01
-9.279059600830078125e+01
-9.279059600830078125e+01
-9.279059600830078125e+01
-9.279059600830078125e+01
-9.279059600830078125e+01
-9.279059600830078125e+01
-9.279059600830078125e+01
-9.279059600830078125e+01
-9.279059600830078125e+01
-9.279059600830078125e+01
-9.279059600830078125e+01
-9.279059600830078125e+01
-9.279059600830078125e+01
-9.279059600830078125e+01
-9.279059600830078125e+01
-9.279059600830078125e+01
-9.279059600830078125e+01
-9.279059600830078125e+01
-9.279059600830078125e+01
-9.279059600830078125e+01
-9.279059600830078125e+01
-9.279059600830078125e+01
-9.279059600830078125e+01
-9.279059600830078125e+01
-9.279059600830078125e+01
-9.279059600830078125e+01
-9.279059600830078125e+01
-9.279059600830078125e+01
-9.279059600830078125e+01
-9.279059600830078125e+01
-9.279059600830078125e+01
-9.279059600830078125e+01
-9.279059600830078125e+01
-9.279059600830078125e+01
-9.279059600830078125e+01
-9.279059600830078125e+01
-9.279059600830078125e+01
-9.279059600830078125e+01
-9.279059600830078125e+01
-9.279059600830078125e+01
-9.279059600830078125e+01
-9.279059600830078125e+01
-9.279059600830078125e+01
-9.279059600830078125e+01
-9.279059600830078125e+01
-9.279059600830078125e+01
-9.279059600830078125e+01
-9.279059600830078125e+01
-9.279059600830078125e+01
-9.279059600830078125e+01
-9.279059600830078125e+01
-9.279059600830078125e+01
-9.279059600830078125e+01
-9.279059600830078125e+01
-9.279059600830078125e+01
-9.279059600830078125e+01
-9.279059600830078125e+01
-9.279059600830078125e+01
-9.279059600830078125e+01
-9.279059600830078125e+01
-9.279059600830078125e+01
-9.279059600830078125e+01
-9.279059600830078125e+01
-9.279059600830078125e+01
-9.279059600830078125e+01
-9.279059600830078125e+01
-9.279059600830078125e+01
-9.279059600830078125e+01
-9.279059600830078125e+01
-9.279059600830078125e+01
-9.279059600830078125e+01
-9.279059600830078125e+01
-9.279059600830078125e+01
-9.279059600830078125e+01
-9.279059600830078125e+01
-9.279059600830078125e+01
-9.279059600830078125e+01
-9.279059600830078125e+01
-9.279059600830078125e+01
-9.279059600830078125e+01
-9.279059600830078125e+01
-9.279059600830078125e+01
-9.279059600830078125e+01
-9.279059600830078125e+01
-9.279059600830078125e+01
-9.279059600830078125e+01
-9.279059600830078125e+01
-9.279059600830078125e+01
-9.279059600830078125e+01
-9.279059600830078125e+01
-9.279059600830078125e+01
-9.279059600830078125e+01
-9.279059600830078125e+01
-9.279059600830078125e+01
-9.279059600830078125e+01
-9.279059600830078125e+01
-9.279059600830078125e+01
-9.279059600830078125e+01
-9.279059600830078125e+01
-9.279059600830078125e+01
-9.279059600830078125e+01
-9.279059600830078125e+01
-9.279059600830078125e+01
-9.279059600830078125e+01
-9.279059600830078125e+01
-9.279059600830078125e+01
-9.279059600830078125e+01
-9.279059600830078125e+01
-9.279059600830078125e+01
-9.279059600830078125e+01
-9.279059600830078125e+01
-9.279059600830078125e+01
-9.279059600830078125e+01
-9.279059600830078125e+01
-9.279059600830078125e+01
-9.279059600830078125e+01
-9.279059600830078125e+01
-9.279059600830078125e+01
-9.279059600830078125e+01
-9.279059600830078125e+01
-9.279059600830078125e+01
-9.279059600830078125e+01
-9.279059600830078125e+01
-9.279059600830078125e+01
-9.279059600830078125e+01
-9.279059600830078125e+01
-9.279059600830078125e+01
-9.279059600830078125e+01
-9.279059600830078125e+01
-9.279059600830078125e+01
-9.279059600830078125e+01
-9.279059600830078125e+01
-9.279059600830078125e+01
-9.279059600830078125e+01
-9.279059600830078125e+01
-9.279059600830078125e+01
-9.279059600830078125e+01
-9.279059600830078125e+01
-9.279059600830078125e+01
-9.279059600830078125e+01
-9.279059600830078125e+01
-9.279059600830078125e+01
-9.279059600830078125e+01
-9.279059600830078125e+01
-9.279059600830078125e+01
-9.279059600830078125e+01
-9.279059600830078125e+01
-9.279059600830078125e+01
-9.279059600830078125e+01
-9.279059600830078125e+01
-9.279059600830078125e+01
-9.279059600830078125e+01
-9.279059600830078125e+01
-9.279059600830078125e+01
-9.279059600830078125e+01
-9.279059600830078125e+01
-9.279059600830078125e+01
-9.279059600830078125e+01
-9.279059600830078125e+01
-9.279059600830078125e+01
-9.279059600830078125e+01
-9.279059600830078125e+01
-9.279059600830078125e+01
-9.279059600830078125e+01
-9.279059600830078125e+01
-9.279059600830078125e+01
-9.279059600830078125e+01
-9.279059600830078125e+01
-9.279059600830078125e+01
-9.279059600830078125e+01
-9.279059600830078125e+01
-9.279059600830078125e+01
-9.279059600830078125e+01
-9.279059600830078125e+01
-9.279059600830078125e+01
-9.279059600830078125e+01
-9.279059600830078125e+01
-9.279059600830078125e+01
-9.279059600830078125e+01
-9.279059600830078125e+01
-9.279059600830078125e+01
-9.279059600830078125e+01
-9.279059600830078125e+01
-9.279059600830078125e+01
-9.279059600830078125e+01
-9.279059600830078125e+01
-9.279059600830078125e+01
-9.279059600830078125e+01
-9.279059600830078125e+01
-9.279059600830078125e+01
-9.279059600830078125e+01
-9.279059600830078125e+01
-9.279059600830078125e+01
-9.279059600830078125e+01
-9.279059600830078125e+01
-9.279059600830078125e+01
-9.279059600830078125e+01
-9.279059600830078125e+01
-9.279059600830078125e+01
-9.279059600830078125e+01
-9.279059600830078125e+01
-9.279059600830078125e+01
-9.279059600830078125e+01
-9.279059600830078125e+01
-9.279059600830078125e+01
-9.279059600830078125e+01
-9.279059600830078125e+01
-9.279059600830078125e+01
-9.279059600830078125e+01
-9.279059600830078125e+01
-9.279059600830078125e+01
-9.279059600830078125e+01
-9.279059600830078125e+01
-9.279059600830078125e+01
-9.279059600830078125e+01
-9.279059600830078125e+01
-9.279059600830078125e+01
-9.279059600830078125e+01
-9.279059600830078125e+01
-9.279059600830078125e+01
-9.279059600830078125e+01
-9.279059600830078125e+01
-9.279059600830078125e+01
-9.279059600830078125e+01
-9.279059600830078125e+01
-9.279059600830078125e+01
-9.279059600830078125e+01
-9.279059600830078125e+01
-9.279059600830078125e+01
-9.279059600830078125e+01
-9.279059600830078125e+01
-9.279059600830078125e+01
-9.279059600830078125e+01
-9.279059600830078125e+01
-9.279059600830078125e+01
-9.279059600830078125e+01
-9.279059600830078125e+01
-9.279059600830078125e+01
-9.279059600830078125e+01
-9.279059600830078125e+01
-9.279059600830078125e+01
-9.279059600830078125e+01
-9.279059600830078125e+01
-9.279059600830078125e+01
-9.279059600830078125e+01
-9.279059600830078125e+01
-9.279059600830078125e+01
-9.279059600830078125e+01
-9.279059600830078125e+01
-9.279059600830078125e+01
-9.279059600830078125e+01
-9.279059600830078125e+01
-9.279059600830078125e+01
-9.279059600830078125e+01
-9.279059600830078125e+01
-9.279059600830078125e+01
-9.279059600830078125e+01
-9.279059600830078125e+01
-9.279059600830078125e+01
-9.279059600830078125e+01
-9.279059600830078125e+01
-9.279059600830078125e+01
-9.279059600830078125e+01
-9.279059600830078125e+01
-9.279059600830078125e+01
-9.279059600830078125e+01
-9.279059600830078125e+01
-9.279059600830078125e+01
-9.279059600830078125e+01
-9.279059600830078125e+01
-9.279059600830078125e+01
-9.279059600830078125e+01
-9.279059600830078125e+01
-9.279059600830078125e+01
-9.279059600830078125e+01
-9.279059600830078125e+01
-9.279059600830078125e+01
-9.279059600830078125e+01
-9.279059600830078125e+01
-9.279059600830078125e+01
-9.279059600830078125e+01
-9.279059600830078125e+01
-9.279059600830078125e+01
-9.279059600830078125e+01
-9.279059600830078125e+01
-9.279059600830078125e+01
-9.279059600830078125e+01
-9.279059600830078125e+01
-9.279059600830078125e+01
-9.279059600830078125e+01
-9.279059600830078125e+01
-9.279059600830078125e+01
-9.279059600830078125e+01
-9.279059600830078125e+01
-9.279059600830078125e+01
-9.279059600830078125e+01
-9.279059600830078125e+01
-9.279059600830078125e+01
-9.279059600830078125e+01
-9.279059600830078125e+01
-9.279059600830078125e+01
-9.279059600830078125e+01
-9.279059600830078125e+01
-9.279059600830078125e+01
-9.279059600830078125e+01
-9.279059600830078125e+01
-9.279059600830078125e+01
-9.279059600830078125e+01
-9.279059600830078125e+01
-9.279059600830078125e+01
-9.279059600830078125e+01
-9.279059600830078125e+01
-9.279059600830078125e+01
-9.279059600830078125e+01
-9.279059600830078125e+01
-9.279059600830078125e+01
-9.279059600830078125e+01
-9.279059600830078125e+01
-9.279059600830078125e+01
-9.279059600830078125e+01
-9.279059600830078125e+01
-9.279059600830078125e+01
-9.279059600830078125e+01
-9.279059600830078125e+01
-9.279059600830078125e+01
-9.279059600830078125e+01
-9.279059600830078125e+01
-9.279059600830078125e+01
-9.279059600830078125e+01
-9.279059600830078125e+01
-9.279059600830078125e+01
-9.279059600830078125e+01
-9.279059600830078125e+01
-9.279059600830078125e+01
-9.279059600830078125e+01
-9.279059600830078125e+01
-9.279059600830078125e+01
-9.279059600830078125e+01
-9.279059600830078125e+01
-9.279059600830078125e+01
-9.279059600830078125e+01
-9.279059600830078125e+01
-9.279059600830078125e+01
-9.279059600830078125e+01
-9.279059600830078125e+01
-9.279059600830078125e+01
-9.279059600830078125e+01
-9.279059600830078125e+01
-9.279059600830078125e+01
-9.279059600830078125e+01
-9.279059600830078125e+01
-9.279059600830078125e+01
-9.279059600830078125e+01
-9.279059600830078125e+01
-9.279059600830078125e+01
-9.279059600830078125e+01
-9.279059600830078125e+01
-9.279059600830078125e+01
-9.279059600830078125e+01
-9.292748260498046875e+01
-9.293313598632812500e+01
-9.293878936767578125e+01
-9.294444274902343750e+01
-9.295008850097656250e+01
-9.295574188232421875e+01
-9.296139526367187500e+01
-9.296704101562500000e+01
-9.297269439697265625e+01
-9.297834777832031250e+01
-9.298400115966796875e+01
-9.298964691162109375e+01
-9.299530029296875000e+01
-9.300095367431640625e+01
-9.300659942626953125e+01
-9.301225280761718750e+01
-9.301790618896484375e+01
-9.302355957031250000e+01
-9.302920532226562500e+01
-9.303485870361328125e+01
-9.303485870361328125e+01
-9.304051208496093750e+01
-9.305181121826171875e+01
-9.305746459960937500e+01
-9.306311798095703125e+01
-9.307441711425781250e+01
-9.307441711425781250e+01
-9.308007049560546875e+01
-9.308572387695312500e+01
-9.309136962890625000e+01
-9.310267639160156250e+01
-9.310267639160156250e+01
-9.310832214355468750e+01
-9.310832214355468750e+01
-9.311962890625000000e+01
-9.312528228759765625e+01
-9.313658142089843750e+01
-9.313658142089843750e+01
-9.314788055419921875e+01
-9.314788055419921875e+01
-9.315353393554687500e+01
-9.316484069824218750e+01
-9.316484069824218750e+01
-9.316484069824218750e+01
-9.318179321289062500e+01
-9.318179321289062500e+01
-9.318743896484375000e+01
-9.319309234619140625e+01
-9.319874572753906250e+01
-9.321004486083984375e+01
-9.321004486083984375e+01
-9.321569824218750000e+01
-9.322699737548828125e+01
-9.323265075683593750e+01
-9.323265075683593750e+01
-9.324395751953125000e+01
-9.324395751953125000e+01
-9.325525665283203125e+01
-9.325525665283203125e+01
-9.326091003417968750e+01
-9.327220916748046875e+01
-9.327220916748046875e+01
-9.327786254882812500e+01
-9.328916168212890625e+01
-9.328916168212890625e+01
-9.330046844482421875e+01
-9.330046844482421875e+01
-9.330611419677734375e+01
-9.331742095947265625e+01
-9.331742095947265625e+01
-9.332307434082031250e+01
-9.333437347412109375e+01
-9.333437347412109375e+01
-9.334002685546875000e+01
-9.335132598876953125e+01
-9.335132598876953125e+01
-9.335697937011718750e+01
-9.336263275146484375e+01
-9.336263275146484375e+01
-9.337958526611328125e+01
-9.337958526611328125e+01
-9.338523101806640625e+01
-9.339653778076171875e+01
-9.339653778076171875e+01
-9.340219116210937500e+01
-9.341349029541015625e+01
-9.341349029541015625e+01
-9.342479705810546875e+01
-9.342479705810546875e+01
-9.343044281005859375e+01
-9.343044281005859375e+01
-9.344174957275390625e+01
-9.344174957275390625e+01
-9.345870208740234375e+01
-9.345870208740234375e+01
-9.346435546875000000e+01
-9.347565460205078125e+01
-9.347565460205078125e+01
-9.348695373535156250e+01
-9.348695373535156250e+01
-9.349260711669921875e+01
-9.350391387939453125e+01
-9.350391387939453125e+01
-9.350955963134765625e+01
-9.352086639404296875e+01
-9.352086639404296875e+01
-9.353216552734375000e+01
-9.353781890869140625e+01
-9.353781890869140625e+01
-9.354347229003906250e+01
-9.355477142333984375e+01
-9.355477142333984375e+01
-9.356607055664062500e+01
-9.356607055664062500e+01
-9.356607055664062500e+01
-9.357172393798828125e+01
-9.358303070068359375e+01
-9.358867645263671875e+01
-9.359432983398437500e+01
-9.359998321533203125e+01
-9.360562896728515625e+01
-9.361128234863281250e+01
-9.361128234863281250e+01
-9.362258911132812500e+01
-9.362823486328125000e+01
-9.363388824462890625e+01
-9.363954162597656250e+01
-9.364518737792968750e+01
-9.365084075927734375e+01
-9.365649414062500000e+01
-9.366214752197265625e+01
-9.366779327392578125e+01
-9.367344665527343750e+01
-9.367910003662109375e+01
-9.368474578857421875e+01
-9.369039916992187500e+01
-9.369039916992187500e+01
-9.369605255126953125e+01
-9.370170593261718750e+01
-9.371300506591796875e+01
-9.371865844726562500e+01
-9.372430419921875000e+01
-9.372430419921875000e+01
-9.372995758056640625e+01
-9.374126434326171875e+01
-9.374126434326171875e+01
-9.374691009521484375e+01
-9.375256347656250000e+01
-9.375821685791015625e+01
-9.376951599121093750e+01
-9.376951599121093750e+01
-9.378082275390625000e+01
-9.378082275390625000e+01
-9.379212188720703125e+01
-9.379212188720703125e+01
-9.379212188720703125e+01
-9.380907440185546875e+01
-9.381472778320312500e+01
-9.382038116455078125e+01
-9.383168029785156250e+01
-9.383168029785156250e+01
-9.383733367919921875e+01
-9.383733367919921875e+01
-9.384863281250000000e+01
-9.385428619384765625e+01
-9.385993957519531250e+01
-9.386558532714843750e+01
-9.386558532714843750e+01
-9.387123870849609375e+01
-9.388254547119140625e+01
-9.388254547119140625e+01
-9.388819122314453125e+01
-9.389949798583984375e+01
-9.391079711914062500e+01
-9.391079711914062500e+01
-9.391645050048828125e+01
-9.392774963378906250e+01
-9.392774963378906250e+01
-9.393905639648437500e+01
-9.393905639648437500e+01
-9.394470214843750000e+01
-9.395600891113281250e+01
-9.395600891113281250e+01
-9.396166229248046875e+01
-9.397296142578125000e+01
-9.397296142578125000e+01
-9.397861480712890625e+01
-9.398991394042968750e+01
-9.398991394042968750e+01
-9.400122070312500000e+01
-9.400122070312500000e+01
-9.400686645507812500e+01
-9.401251983642578125e+01
-9.401817321777343750e+01
-9.401817321777343750e+01
-9.403512573242187500e+01
-9.403512573242187500e+01
-9.404077911376953125e+01
-9.405207824707031250e+01
-9.405207824707031250e+01
-9.405207824707031250e+01
-9.406337738037109375e+01
-9.406903076171875000e+01
-9.408033752441406250e+01
-9.408033752441406250e+01
-9.408598327636718750e+01
-9.409729003906250000e+01
-9.409729003906250000e+01
-9.410293579101562500e+01
-9.411424255371093750e+01
-9.411424255371093750e+01
-9.412554168701171875e+01
-9.412554168701171875e+01
-9.413119506835937500e+01
-9.414249420166015625e+01
-9.414249420166015625e+01
-9.414814758300781250e+01
-9.415945434570312500e+01
-9.415945434570312500e+01
-9.416510009765625000e+01
-9.416510009765625000e+01
-9.416510009765625000e+01
-9.418206024169921875e+01
-9.418770599365234375e+01
-9.419335937500000000e+01
-9.420465850830078125e+01
-9.420465850830078125e+01
-9.421031188964843750e+01
-9.422161865234375000e+01
-9.422161865234375000e+01
-9.422726440429687500e+01
-9.423291778564453125e+01
-9.423857116699218750e+01
-9.424421691894531250e+01
-9.424987030029296875e+01
-9.425552368164062500e+01
-9.426682281494140625e+01
-9.426682281494140625e+01
-9.427247619628906250e+01
-9.428377532958984375e+01
-9.428377532958984375e+01
-9.428942871093750000e+01
-9.429508209228515625e+01
-9.430073547363281250e+01
-9.431203460693359375e+01
-9.431203460693359375e+01
-9.431203460693359375e+01
-9.432898712158203125e+01
-9.432898712158203125e+01
-9.433464050292968750e+01
-9.435159301757812500e+01
-9.435159301757812500e+01
-9.435159301757812500e+01
-9.435724639892578125e+01
-9.436289215087890625e+01
-9.436289215087890625e+01
-9.436289215087890625e+01
-9.436289215087890625e+01
-9.436289215087890625e+01
-9.436289215087890625e+01
-9.436289215087890625e+01
-9.436289215087890625e+01
-9.436289215087890625e+01
-9.436289215087890625e+01
-9.436289215087890625e+01
-9.436289215087890625e+01
-9.436289215087890625e+01
-9.436289215087890625e+01
-9.436289215087890625e+01
-9.436289215087890625e+01
-9.436289215087890625e+01
-9.436289215087890625e+01
-9.436289215087890625e+01
-9.436289215087890625e+01
-9.436289215087890625e+01
-9.436289215087890625e+01
-9.436289215087890625e+01
-9.436289215087890625e+01
-9.436289215087890625e+01
-9.436289215087890625e+01
-9.436289215087890625e+01
-9.436289215087890625e+01
-9.436289215087890625e+01
-9.436289215087890625e+01
-9.436289215087890625e+01
-9.436289215087890625e+01
-9.436289215087890625e+01
-9.436289215087890625e+01
-9.436289215087890625e+01
-9.436289215087890625e+01
-9.436289215087890625e+01
-9.436289215087890625e+01
-9.436289215087890625e+01
-9.436289215087890625e+01
-9.436289215087890625e+01
-9.436289215087890625e+01
-9.436289215087890625e+01
-9.436289215087890625e+01
-9.436289215087890625e+01
-9.436289215087890625e+01
-9.436289215087890625e+01
-9.436289215087890625e+01
-9.436289215087890625e+01
-9.436289215087890625e+01
-9.436289215087890625e+01
-9.436289215087890625e+01
-9.436289215087890625e+01
-9.436289215087890625e+01
-9.436289215087890625e+01
-9.436289215087890625e+01
-9.436289215087890625e+01
-9.436289215087890625e+01
-9.436289215087890625e+01
-9.436289215087890625e+01
-9.436289215087890625e+01
-9.436289215087890625e+01
-9.436289215087890625e+01
-9.436289215087890625e+01
-9.436289215087890625e+01
-9.436289215087890625e+01
-9.436289215087890625e+01
-9.436289215087890625e+01
-9.436289215087890625e+01
-9.436289215087890625e+01
-9.436289215087890625e+01
-9.436289215087890625e+01
-9.436289215087890625e+01
-9.436289215087890625e+01
-9.436289215087890625e+01
-9.436289215087890625e+01
-9.436289215087890625e+01
-9.436289215087890625e+01
-9.436289215087890625e+01
-9.436289215087890625e+01
-9.436289215087890625e+01
-9.436289215087890625e+01
-9.436289215087890625e+01
-9.436289215087890625e+01
-9.436289215087890625e+01
-9.436289215087890625e+01
-9.436289215087890625e+01
-9.436289215087890625e+01
-9.436289215087890625e+01
-9.436289215087890625e+01
-9.436289215087890625e+01
-9.436289215087890625e+01
-9.436289215087890625e+01
-9.436289215087890625e+01
-9.436289215087890625e+01
-9.436289215087890625e+01
-9.436289215087890625e+01
-9.436289215087890625e+01
-9.436289215087890625e+01
-9.436289215087890625e+01
-9.436289215087890625e+01
-9.436289215087890625e+01
-9.436289215087890625e+01
-9.436289215087890625e+01
-9.436289215087890625e+01
-9.436289215087890625e+01
-9.436289215087890625e+01
-9.436289215087890625e+01
-9.436289215087890625e+01
-9.436289215087890625e+01
-9.436289215087890625e+01
-9.436289215087890625e+01
-9.436289215087890625e+01
-9.436289215087890625e+01
-9.436289215087890625e+01
-9.436289215087890625e+01
-9.436289215087890625e+01
-9.436289215087890625e+01
-9.436289215087890625e+01
-9.436289215087890625e+01
-9.436289215087890625e+01
-9.436289215087890625e+01
-9.436289215087890625e+01
-9.436289215087890625e+01
-9.436289215087890625e+01
-9.436289215087890625e+01
-9.436289215087890625e+01
-9.436289215087890625e+01
-9.436289215087890625e+01
-9.436289215087890625e+01
-9.436289215087890625e+01
-9.436289215087890625e+01
-9.436289215087890625e+01
-9.436289215087890625e+01
-9.436289215087890625e+01
-9.436289215087890625e+01
-9.436289215087890625e+01
-9.436289215087890625e+01
-9.436289215087890625e+01
-9.436289215087890625e+01
-9.436289215087890625e+01
-9.436289215087890625e+01
-9.436289215087890625e+01
-9.436289215087890625e+01
-9.436289215087890625e+01
-9.436289215087890625e+01
-9.436289215087890625e+01
-9.436289215087890625e+01
-9.436289215087890625e+01
-9.436289215087890625e+01
-9.436289215087890625e+01
-9.436289215087890625e+01
-9.436289215087890625e+01
-9.436289215087890625e+01
-9.436289215087890625e+01
-9.436289215087890625e+01
-9.436289215087890625e+01
-9.436289215087890625e+01
-9.436289215087890625e+01
-9.436289215087890625e+01
-9.436289215087890625e+01
-9.436289215087890625e+01
-9.436289215087890625e+01
-9.436289215087890625e+01
-9.436289215087890625e+01
-9.436289215087890625e+01
-9.436289215087890625e+01
-9.436289215087890625e+01
-9.436289215087890625e+01
-9.436289215087890625e+01
-9.436289215087890625e+01
-9.436289215087890625e+01
-9.436289215087890625e+01
-9.436289215087890625e+01
-9.436289215087890625e+01
-9.436289215087890625e+01
-9.436289215087890625e+01
-9.436289215087890625e+01
-9.436289215087890625e+01
-9.436289215087890625e+01
-9.436289215087890625e+01
-9.436289215087890625e+01
-9.436289215087890625e+01
-9.436289215087890625e+01
-9.436289215087890625e+01
-9.436289215087890625e+01
-9.436289215087890625e+01
-9.436289215087890625e+01
-9.436289215087890625e+01
-9.436289215087890625e+01
-9.436289215087890625e+01
-9.436289215087890625e+01
-9.436289215087890625e+01
-9.436289215087890625e+01
-9.436289215087890625e+01
-9.436289215087890625e+01
-9.436289215087890625e+01
-9.436289215087890625e+01
-9.436289215087890625e+01
-9.436289215087890625e+01
-9.436289215087890625e+01
-9.436289215087890625e+01
-9.436289215087890625e+01
-9.436289215087890625e+01
-9.436289215087890625e+01
-9.436289215087890625e+01
-9.436289215087890625e+01
-9.436289215087890625e+01
-9.436289215087890625e+01
-9.436289215087890625e+01
-9.436289215087890625e+01
-9.436289215087890625e+01
-9.436289215087890625e+01
-9.436289215087890625e+01
-9.436289215087890625e+01
-9.436289215087890625e+01
-9.436289215087890625e+01
-9.436289215087890625e+01
-9.436289215087890625e+01
-9.436289215087890625e+01
-9.436289215087890625e+01
-9.436289215087890625e+01
-9.436289215087890625e+01
-9.436289215087890625e+01
-9.436289215087890625e+01
-9.436289215087890625e+01
-9.436289215087890625e+01
-9.436289215087890625e+01
-9.436289215087890625e+01
-9.436289215087890625e+01
-9.436289215087890625e+01
-9.436289215087890625e+01
-9.436289215087890625e+01
-9.436289215087890625e+01
-9.436289215087890625e+01
-9.436289215087890625e+01
-9.436289215087890625e+01
-9.436289215087890625e+01
-9.436289215087890625e+01
-9.436289215087890625e+01
-9.436289215087890625e+01
-9.436289215087890625e+01
-9.436289215087890625e+01
-9.436289215087890625e+01
-9.436289215087890625e+01
-9.436289215087890625e+01
-9.436289215087890625e+01
-9.436289215087890625e+01
-9.436289215087890625e+01
-9.436289215087890625e+01
-9.436289215087890625e+01
-9.436289215087890625e+01
-9.436289215087890625e+01
-9.436289215087890625e+01
-9.436289215087890625e+01
-9.436289215087890625e+01
-9.436289215087890625e+01
-9.436289215087890625e+01
-9.436289215087890625e+01
-9.436289215087890625e+01
-9.436289215087890625e+01
-9.436289215087890625e+01
-9.436289215087890625e+01
-9.436289215087890625e+01
-9.436289215087890625e+01
-9.436289215087890625e+01
-9.436289215087890625e+01
-9.436289215087890625e+01
-9.436289215087890625e+01
-9.436289215087890625e+01
-9.436289215087890625e+01
-9.436289215087890625e+01
-9.436289215087890625e+01
-9.436289215087890625e+01
-9.436289215087890625e+01
-9.436289215087890625e+01
-9.436289215087890625e+01
-9.436289215087890625e+01
-9.436289215087890625e+01
-9.436289215087890625e+01
-9.436289215087890625e+01
-9.436289215087890625e+01
-9.436289215087890625e+01
-9.436289215087890625e+01
-9.436289215087890625e+01
-9.436289215087890625e+01
-9.436289215087890625e+01
-9.436289215087890625e+01
-9.436289215087890625e+01
-9.436289215087890625e+01
-9.436289215087890625e+01
-9.436289215087890625e+01
-9.436289215087890625e+01
-9.436289215087890625e+01
-9.436289215087890625e+01
-9.436289215087890625e+01
-9.436289215087890625e+01
-9.436289215087890625e+01
-9.436289215087890625e+01
-9.436289215087890625e+01
-9.436289215087890625e+01
-9.436289215087890625e+01
-9.436289215087890625e+01
-9.436289215087890625e+01
-9.436289215087890625e+01
-9.436289215087890625e+01
-9.436289215087890625e+01
-9.436289215087890625e+01
-9.436289215087890625e+01
-9.436289215087890625e+01
-9.436289215087890625e+01
-9.436289215087890625e+01
-9.436289215087890625e+01
-9.436289215087890625e+01
-9.436289215087890625e+01
-9.436289215087890625e+01
-9.436289215087890625e+01
-9.436289215087890625e+01
-9.436289215087890625e+01
-9.436289215087890625e+01
-9.436289215087890625e+01
-9.436289215087890625e+01
-9.436289215087890625e+01
-9.436289215087890625e+01
-9.436289215087890625e+01
-9.436289215087890625e+01
-9.436289215087890625e+01
-9.436289215087890625e+01
-9.436289215087890625e+01
-9.436289215087890625e+01
-9.436289215087890625e+01
-9.436289215087890625e+01
-9.436289215087890625e+01
-9.436289215087890625e+01
-9.436289215087890625e+01
-9.436289215087890625e+01
-9.436289215087890625e+01
-9.436289215087890625e+01
-9.436289215087890625e+01
-9.436289215087890625e+01
-9.436289215087890625e+01
-9.436289215087890625e+01
-9.436289215087890625e+01
-9.436289215087890625e+01
-9.436289215087890625e+01
-9.436289215087890625e+01
-9.436289215087890625e+01
-9.436289215087890625e+01
-9.436289215087890625e+01
-9.436289215087890625e+01
-9.436289215087890625e+01
-9.436289215087890625e+01
-9.436289215087890625e+01
-9.436289215087890625e+01
-9.436289215087890625e+01
-9.436289215087890625e+01
-9.436289215087890625e+01
-9.436289215087890625e+01
-9.436289215087890625e+01
-9.436289215087890625e+01
-9.436289215087890625e+01
-9.436289215087890625e+01
-9.436289215087890625e+01
-9.436289215087890625e+01
-9.436289215087890625e+01
-9.436289215087890625e+01
-9.436289215087890625e+01
-9.436289215087890625e+01
-9.436289215087890625e+01
-9.436289215087890625e+01
-9.436289215087890625e+01
-9.436289215087890625e+01
-9.436289215087890625e+01
-9.436289215087890625e+01
-9.436289215087890625e+01
-9.436289215087890625e+01
-9.436289215087890625e+01
-9.436289215087890625e+01
-9.436289215087890625e+01
-9.436289215087890625e+01
-9.436289215087890625e+01
-9.436289215087890625e+01
-9.436289215087890625e+01
-9.436289215087890625e+01
-9.436289215087890625e+01
-9.436289215087890625e+01
-9.436289215087890625e+01
-9.436289215087890625e+01
-9.436289215087890625e+01
-9.436289215087890625e+01
-9.436289215087890625e+01
-9.436289215087890625e+01
-9.436289215087890625e+01
-9.436289215087890625e+01
-9.436289215087890625e+01
-9.436289215087890625e+01
-9.436289215087890625e+01
-9.436289215087890625e+01
-9.436289215087890625e+01
-9.436289215087890625e+01
-9.436289215087890625e+01
-9.436289215087890625e+01
-9.436289215087890625e+01
-9.436289215087890625e+01
-9.436289215087890625e+01
-9.436289215087890625e+01
-9.436289215087890625e+01
-9.436289215087890625e+01
-9.436289215087890625e+01
-9.436289215087890625e+01
-9.436289215087890625e+01
-9.436289215087890625e+01
-9.436289215087890625e+01
-9.436289215087890625e+01
-9.436289215087890625e+01
-9.436289215087890625e+01
-9.436289215087890625e+01
-9.436289215087890625e+01
-9.436289215087890625e+01
-9.436289215087890625e+01
-9.436289215087890625e+01
-9.436289215087890625e+01
-9.436289215087890625e+01
-9.436289215087890625e+01
-9.436289215087890625e+01
-9.436289215087890625e+01
-9.436289215087890625e+01
-9.436289215087890625e+01
-9.436289215087890625e+01
-9.436289215087890625e+01
-9.436289215087890625e+01
-9.436289215087890625e+01
-9.436289215087890625e+01
-9.436289215087890625e+01
-9.436289215087890625e+01
-9.436289215087890625e+01
-9.436289215087890625e+01
-9.436289215087890625e+01
-9.436289215087890625e+01
-9.436289215087890625e+01
-9.436289215087890625e+01
-9.436289215087890625e+01
-9.436289215087890625e+01
-9.436289215087890625e+01
-9.436289215087890625e+01
-9.436289215087890625e+01
-9.436289215087890625e+01
-9.436289215087890625e+01
-9.436289215087890625e+01
-9.436289215087890625e+01
-9.436289215087890625e+01
-9.436289215087890625e+01
-9.436289215087890625e+01
-9.436289215087890625e+01
-9.436289215087890625e+01
-9.436289215087890625e+01
-9.436289215087890625e+01
-9.436289215087890625e+01
-9.436289215087890625e+01
-9.436289215087890625e+01
-9.436289215087890625e+01
-9.436289215087890625e+01
-9.436289215087890625e+01
-9.436289215087890625e+01
-9.436289215087890625e+01
-9.436289215087890625e+01
-9.436289215087890625e+01
-9.436289215087890625e+01
-9.436289215087890625e+01
-9.436289215087890625e+01
-9.436289215087890625e+01
-9.436289215087890625e+01
-9.436289215087890625e+01
-9.436289215087890625e+01
-9.436289215087890625e+01
-9.436289215087890625e+01
-9.436289215087890625e+01
-9.436289215087890625e+01
-9.436289215087890625e+01
-9.436289215087890625e+01
-9.436289215087890625e+01
-9.436289215087890625e+01
-9.436289215087890625e+01
-9.436289215087890625e+01
-9.436289215087890625e+01
-9.436289215087890625e+01
-9.436289215087890625e+01
-9.436289215087890625e+01
-9.436289215087890625e+01
-9.436289215087890625e+01
-9.436289215087890625e+01
-9.436289215087890625e+01
-9.436289215087890625e+01
-9.436289215087890625e+01
-9.436289215087890625e+01
-9.436289215087890625e+01
-9.436289215087890625e+01
-9.436289215087890625e+01
-9.436289215087890625e+01
-9.436289215087890625e+01
-9.436289215087890625e+01
-9.436289215087890625e+01
-9.436289215087890625e+01
-9.436289215087890625e+01
-9.436289215087890625e+01
-9.436289215087890625e+01
-9.436289215087890625e+01
-9.436289215087890625e+01
-9.436289215087890625e+01
-9.436289215087890625e+01
-9.436289215087890625e+01
-9.436289215087890625e+01
-9.436289215087890625e+01
-9.436289215087890625e+01
-9.436289215087890625e+01
-9.436289215087890625e+01
-9.436289215087890625e+01
-9.436289215087890625e+01
-9.436289215087890625e+01
-9.436289215087890625e+01
-9.436289215087890625e+01
-9.436289215087890625e+01
-9.436289215087890625e+01
-9.436289215087890625e+01
-9.436289215087890625e+01
-9.436289215087890625e+01
-9.436289215087890625e+01
-9.436289215087890625e+01
-9.436289215087890625e+01
-9.436289215087890625e+01
-9.436289215087890625e+01
-9.436289215087890625e+01
-9.436289215087890625e+01
-9.436289215087890625e+01
-9.436289215087890625e+01
-9.436289215087890625e+01
-9.436289215087890625e+01
-9.436289215087890625e+01
-9.436289215087890625e+01
-9.436289215087890625e+01
-9.436289215087890625e+01
-9.436289215087890625e+01
-9.436289215087890625e+01
-9.436289215087890625e+01
-9.436289215087890625e+01
-9.436289215087890625e+01
-9.436289215087890625e+01
-9.436289215087890625e+01
-9.436289215087890625e+01
-9.436289215087890625e+01
-9.436289215087890625e+01
-9.436289215087890625e+01
-9.436289215087890625e+01
-9.436289215087890625e+01
-9.436289215087890625e+01
-9.436289215087890625e+01
-9.436289215087890625e+01
-9.436289215087890625e+01
-9.436289215087890625e+01
-9.436289215087890625e+01
-9.436289215087890625e+01
-9.436289215087890625e+01
-9.436289215087890625e+01
-9.436289215087890625e+01
-9.436289215087890625e+01
-9.436289215087890625e+01
-9.436289215087890625e+01
-9.436289215087890625e+01
-9.436289215087890625e+01
-9.436289215087890625e+01
-9.436289215087890625e+01
-9.436289215087890625e+01
-9.436289215087890625e+01
-9.436289215087890625e+01
-9.436289215087890625e+01
-9.436289215087890625e+01
-9.436289215087890625e+01
-9.436289215087890625e+01
-9.436289215087890625e+01
-9.436289215087890625e+01
-9.436289215087890625e+01
-9.436289215087890625e+01
-9.436289215087890625e+01
-9.436289215087890625e+01
-9.436289215087890625e+01
-9.436289215087890625e+01
-9.436289215087890625e+01
-9.436289215087890625e+01
-9.436289215087890625e+01
-9.436289215087890625e+01
-9.436289215087890625e+01
-9.436289215087890625e+01
-9.436289215087890625e+01
-9.436289215087890625e+01
-9.436289215087890625e+01
-9.436289215087890625e+01
-9.436289215087890625e+01
-9.436289215087890625e+01
-9.436289215087890625e+01
-9.436289215087890625e+01
-9.436289215087890625e+01
-9.436289215087890625e+01
-9.436289215087890625e+01
-9.436289215087890625e+01
-9.436289215087890625e+01
-9.436289215087890625e+01
-9.436289215087890625e+01
-9.436289215087890625e+01
-9.436289215087890625e+01
-9.436289215087890625e+01
-9.436289215087890625e+01
-9.436289215087890625e+01
-9.436289215087890625e+01
-9.436289215087890625e+01
-9.436289215087890625e+01
-9.436289215087890625e+01
-9.436289215087890625e+01
-9.436289215087890625e+01
-9.436289215087890625e+01
-9.436289215087890625e+01
-9.436289215087890625e+01
-9.436289215087890625e+01
-9.436289215087890625e+01
-9.436289215087890625e+01
-9.436289215087890625e+01
-9.436289215087890625e+01
-9.436289215087890625e+01
-9.436289215087890625e+01
-9.436289215087890625e+01
-9.436289215087890625e+01
-9.436289215087890625e+01
-9.436289215087890625e+01
-9.436289215087890625e+01
-9.436289215087890625e+01
-9.436289215087890625e+01
-9.436289215087890625e+01
-9.436289215087890625e+01
-9.436289215087890625e+01
-9.436289215087890625e+01
-9.436289215087890625e+01
-9.436289215087890625e+01
-9.436289215087890625e+01
-9.436289215087890625e+01
-9.436289215087890625e+01
-9.436289215087890625e+01
-9.436289215087890625e+01
-9.436289215087890625e+01
-9.436289215087890625e+01
-9.436289215087890625e+01
-9.436289215087890625e+01
-9.436289215087890625e+01
-9.436289215087890625e+01
-9.436289215087890625e+01
-9.436289215087890625e+01
-9.436289215087890625e+01
-9.436289215087890625e+01
-9.436289215087890625e+01
-9.436289215087890625e+01
-9.436289215087890625e+01
-9.436289215087890625e+01
-9.436289215087890625e+01
-9.436289215087890625e+01
-9.436289215087890625e+01
-9.436289215087890625e+01
-9.436289215087890625e+01
-9.436289215087890625e+01
-9.436289215087890625e+01
-9.436289215087890625e+01
-9.436289215087890625e+01
-9.436289215087890625e+01
-9.436289215087890625e+01
-9.436289215087890625e+01
-9.436289215087890625e+01
-9.436289215087890625e+01
-9.436289215087890625e+01
-9.436289215087890625e+01
-9.436289215087890625e+01
-9.436289215087890625e+01
-9.436289215087890625e+01
-9.436289215087890625e+01
-9.436289215087890625e+01
-9.436289215087890625e+01
-9.436289215087890625e+01
-9.436289215087890625e+01
-9.436289215087890625e+01
-9.436289215087890625e+01
-9.436289215087890625e+01
-9.436289215087890625e+01
-9.436289215087890625e+01
-9.436289215087890625e+01
-9.436289215087890625e+01
-9.436289215087890625e+01
-9.436289215087890625e+01
-9.436289215087890625e+01
-9.436289215087890625e+01
-9.436289215087890625e+01
-9.436289215087890625e+01
-9.436289215087890625e+01
-9.436289215087890625e+01
-9.436289215087890625e+01
-9.436289215087890625e+01
-9.436289215087890625e+01
-9.436289215087890625e+01
-9.436289215087890625e+01
-9.436289215087890625e+01
-9.436289215087890625e+01
-9.436289215087890625e+01
-9.436289215087890625e+01
-9.436289215087890625e+01
-9.436289215087890625e+01
-9.436289215087890625e+01
-9.436289215087890625e+01
-9.436289215087890625e+01
-9.436289215087890625e+01
-9.436289215087890625e+01
-9.436289215087890625e+01
-9.436289215087890625e+01
-9.436289215087890625e+01
-9.436289215087890625e+01
-9.436289215087890625e+01
-9.436289215087890625e+01
-9.436289215087890625e+01
-9.436289215087890625e+01
-9.436289215087890625e+01
-9.436289215087890625e+01
-9.436289215087890625e+01
-9.436289215087890625e+01
-9.436289215087890625e+01
-9.436289215087890625e+01
-9.436289215087890625e+01
-9.436289215087890625e+01
-9.436289215087890625e+01
-9.436289215087890625e+01
-9.436289215087890625e+01
-9.436289215087890625e+01
-9.436289215087890625e+01
-9.436289215087890625e+01
-9.436289215087890625e+01
-9.436289215087890625e+01
-9.436289215087890625e+01
-9.436289215087890625e+01
-9.436289215087890625e+01
-9.436289215087890625e+01
-9.436289215087890625e+01
-9.436289215087890625e+01
-9.436289215087890625e+01
-9.436289215087890625e+01
-9.436289215087890625e+01
-9.436289215087890625e+01
-9.436289215087890625e+01
-9.436289215087890625e+01
-9.436289215087890625e+01
-9.436289215087890625e+01
-9.436289215087890625e+01
-9.436289215087890625e+01
-9.436289215087890625e+01
-9.436289215087890625e+01
-9.436289215087890625e+01
-9.436289215087890625e+01
-9.436289215087890625e+01
-9.436289215087890625e+01
-9.436289215087890625e+01
-9.436289215087890625e+01
-9.436289215087890625e+01
-9.436289215087890625e+01
-9.436289215087890625e+01
-9.436289215087890625e+01
-9.436289215087890625e+01
-9.436289215087890625e+01
-9.436289215087890625e+01
-9.436289215087890625e+01
-9.436289215087890625e+01
-9.436289215087890625e+01
-9.436289215087890625e+01
-9.436289215087890625e+01
-9.436289215087890625e+01
-9.436289215087890625e+01
-9.436289215087890625e+01
-9.436289215087890625e+01
-9.436289215087890625e+01
-9.436289215087890625e+01
-9.436289215087890625e+01
-9.436289215087890625e+01
-9.436289215087890625e+01
-9.436289215087890625e+01
-9.436289215087890625e+01
-9.436289215087890625e+01
-9.436289215087890625e+01
-9.436289215087890625e+01
-9.436289215087890625e+01
-9.436289215087890625e+01
-9.436289215087890625e+01
-9.436289215087890625e+01
-9.436289215087890625e+01
-9.436289215087890625e+01
-9.436289215087890625e+01
-9.436289215087890625e+01
-9.436289215087890625e+01
-9.436289215087890625e+01
-9.436289215087890625e+01
-9.436289215087890625e+01
-9.436289215087890625e+01
-9.436289215087890625e+01
-9.436289215087890625e+01
-9.436289215087890625e+01
-9.436289215087890625e+01
-9.436289215087890625e+01
-9.436289215087890625e+01
-9.436289215087890625e+01
-9.436289215087890625e+01
-9.436289215087890625e+01
-9.436289215087890625e+01
-9.436289215087890625e+01
-9.436289215087890625e+01
-9.436289215087890625e+01
-9.436289215087890625e+01
-9.436289215087890625e+01
-9.436289215087890625e+01
-9.436289215087890625e+01
-9.436289215087890625e+01
-9.436289215087890625e+01
-9.436289215087890625e+01
-9.436289215087890625e+01
-9.436289215087890625e+01
-9.436289215087890625e+01
-9.436289215087890625e+01
-9.436289215087890625e+01
-9.436289215087890625e+01
-9.436289215087890625e+01
-9.436289215087890625e+01
-9.436289215087890625e+01
-9.436289215087890625e+01
-9.436289215087890625e+01
-9.436289215087890625e+01
-9.436289215087890625e+01
-9.436289215087890625e+01
-9.436289215087890625e+01
-9.436289215087890625e+01
-9.436289215087890625e+01
-9.436289215087890625e+01
-9.436289215087890625e+01
-9.436289215087890625e+01
-9.436289215087890625e+01
-9.436289215087890625e+01
-9.436289215087890625e+01
-9.436289215087890625e+01
-9.436289215087890625e+01
-9.436289215087890625e+01
-9.436289215087890625e+01
-9.436289215087890625e+01
-9.436289215087890625e+01
-9.436289215087890625e+01
-9.436289215087890625e+01
-9.436289215087890625e+01
-9.436289215087890625e+01
-9.436289215087890625e+01
-9.436289215087890625e+01
-9.436289215087890625e+01
-9.436289215087890625e+01
-9.436289215087890625e+01
-9.436289215087890625e+01
-9.436289215087890625e+01
-9.436289215087890625e+01
-9.436289215087890625e+01
-9.436289215087890625e+01
-9.436289215087890625e+01
-9.436289215087890625e+01
-9.436289215087890625e+01
-9.436289215087890625e+01
-9.436289215087890625e+01
-9.436289215087890625e+01
-9.436289215087890625e+01
-9.436289215087890625e+01
-9.436289215087890625e+01
-9.436289215087890625e+01
-9.436289215087890625e+01
-9.436289215087890625e+01
-9.436289215087890625e+01
-9.436289215087890625e+01
-9.436289215087890625e+01
-9.436289215087890625e+01
-9.436289215087890625e+01
-9.436289215087890625e+01
-9.436289215087890625e+01
-9.436289215087890625e+01
-9.436289215087890625e+01
-9.436289215087890625e+01
-9.436289215087890625e+01
-9.436289215087890625e+01
-9.436289215087890625e+01
-9.436289215087890625e+01
-9.436289215087890625e+01
-9.436289215087890625e+01
-9.436289215087890625e+01
-9.436289215087890625e+01
-9.436289215087890625e+01
-9.436289215087890625e+01
-9.436289215087890625e+01
-9.436289215087890625e+01
-9.436289215087890625e+01
-9.436289215087890625e+01
-9.436289215087890625e+01
-9.436289215087890625e+01
-9.436289215087890625e+01
-9.436289215087890625e+01
-9.436289215087890625e+01
-9.436289215087890625e+01
-9.436289215087890625e+01
-9.436289215087890625e+01
-9.436289215087890625e+01
-9.436289215087890625e+01
-9.436289215087890625e+01
-9.436289215087890625e+01
-9.436289215087890625e+01
-9.436289215087890625e+01
-9.436289215087890625e+01
-9.436289215087890625e+01
-9.436289215087890625e+01
-9.436289215087890625e+01
-9.436289215087890625e+01
-9.436289215087890625e+01
-9.436289215087890625e+01
-9.436289215087890625e+01
-9.436289215087890625e+01
-9.436289215087890625e+01
-9.436289215087890625e+01
-9.446612548828125000e+01
-9.447177886962890625e+01
-9.447743225097656250e+01
-9.448308563232421875e+01
-9.448873138427734375e+01
-9.450003814697265625e+01
-9.450003814697265625e+01
-9.451133728027343750e+01
-9.451699066162109375e+01
-9.452264404296875000e+01
-9.452828979492187500e+01
-9.453394317626953125e+01
-9.453959655761718750e+01
-9.454524993896484375e+01
-9.454524993896484375e+01
-9.455654907226562500e+01
-9.456220245361328125e+01
-9.456220245361328125e+01
-9.457350158691406250e+01
-9.457350158691406250e+01
-9.457915496826171875e+01
-9.458480834960937500e+01
-9.459045410156250000e+01
-9.459610748291015625e+01
-9.460740661621093750e+01
-9.461305999755859375e+01
-9.461871337890625000e+01
-9.461871337890625000e+01
-9.463001251220703125e+01
-9.463001251220703125e+01
-9.464131927490234375e+01
-9.464696502685546875e+01
-9.465261840820312500e+01
-9.465261840820312500e+01
-9.466392517089843750e+01
-9.466957092285156250e+01
-9.467522430419921875e+01
-9.467522430419921875e+01
-9.468652343750000000e+01
-9.469217681884765625e+01
-9.469783020019531250e+01
-9.470348358154296875e+01
-9.471478271484375000e+01
-9.471478271484375000e+01
-9.472043609619140625e+01
-9.472608184814453125e+01
-9.473173522949218750e+01
-9.473738861083984375e+01
-9.474304199218750000e+01
-9.474868774414062500e+01
-9.475434112548828125e+01
-9.475999450683593750e+01
-9.476564025878906250e+01
-9.477694702148437500e+01
-9.477694702148437500e+01
-9.478260040283203125e+01
-9.479389953613281250e+01
-9.479389953613281250e+01
-9.479955291748046875e+01
-9.481085205078125000e+01
-9.481085205078125000e+01
-9.481650543212890625e+01
-9.481650543212890625e+01
-9.482780456542968750e+01
-9.483345794677734375e+01
-9.483911132812500000e+01
-9.484475708007812500e+01
-9.485606384277343750e+01
-9.485606384277343750e+01
-9.486171722412109375e+01
-9.486171722412109375e+01
-9.487301635742187500e+01
-9.487301635742187500e+01
-9.488432312011718750e+01
-9.488996887207031250e+01
-9.490127563476562500e+01
-9.490127563476562500e+01
-9.490692138671875000e+01
-9.491822814941406250e+01
-9.491822814941406250e+01
-9.492388153076171875e+01
-9.493518066406250000e+01
-9.493518066406250000e+01
-9.494083404541015625e+01
-9.494647979736328125e+01
-9.495213317871093750e+01
-9.495213317871093750e+01
-9.496343994140625000e+01
-9.496908569335937500e+01
-9.498039245605468750e+01
-9.498039245605468750e+01
-9.498603820800781250e+01
-9.499734497070312500e+01
-9.499734497070312500e+01
-9.500299835205078125e+01
-9.500299835205078125e+01
-9.501429748535156250e+01
-9.502559661865234375e+01
-9.502559661865234375e+01
-9.503125000000000000e+01
-9.504255676269531250e+01
-9.504255676269531250e+01
-9.504820251464843750e+01
-9.505950927734375000e+01
-9.505950927734375000e+01
-9.505950927734375000e+01
-9.506515502929687500e+01
-9.507646179199218750e+01
-9.508776092529296875e+01
-9.508776092529296875e+01
-9.509341430664062500e+01
-9.510471343994140625e+01
-9.510471343994140625e+01
-9.511036682128906250e+01
-9.511036682128906250e+01
-9.512167358398437500e+01
-9.512731933593750000e+01
-9.512731933593750000e+01
-9.513862609863281250e+01
-9.514427185058593750e+01
-9.514992523193359375e+01
-9.515557861328125000e+01
-9.516687774658203125e+01
-9.516687774658203125e+01
-9.517253112792968750e+01
-9.517818450927734375e+01
-9.518383026123046875e+01
-9.518948364257812500e+01
-9.519513702392578125e+01
-9.520079040527343750e+01
-9.520643615722656250e+01
-9.521208953857421875e+01
-9.521774291992187500e+01
-9.522904205322265625e+01
-9.522904205322265625e+01
-9.522904205322265625e+01
-9.524034881591796875e+01
-9.524599456787109375e+01
-9.525164794921875000e+01
-9.525730133056640625e+01
-9.526295471191406250e+01
-9.526860046386718750e+01
-9.527425384521484375e+01
-9.527990722656250000e+01
-9.529120635986328125e+01
-9.529120635986328125e+01
-9.529685974121093750e+01
-9.530815887451171875e+01
-9.530815887451171875e+01
-9.530815887451171875e+01
-9.531381225585937500e+01
-9.531381225585937500e+01
-9.533076477050781250e+01
-9.533641815185546875e+01
-9.534207153320312500e+01
-9.535337066650390625e+01
-9.535337066650390625e+01
-9.535902404785156250e+01
-9.537032318115234375e+01
-9.537032318115234375e+01
-9.537597656250000000e+01
-9.538162994384765625e+01
-9.538727569580078125e+01
-9.539292907714843750e+01
-9.539858245849609375e+01
-9.540422821044921875e+01
-9.541553497314453125e+01
-9.541553497314453125e+01
-9.542118835449218750e+01
-9.542683410644531250e+01
-9.543814086914062500e+01
-9.543814086914062500e+01
-9.544944000244140625e+01
-9.545509338378906250e+01
-9.545509338378906250e+01
-9.546639251708984375e+01
-9.546639251708984375e+01
-9.546639251708984375e+01
-9.547769927978515625e+01
-9.548334503173828125e+01
-9.549465179443359375e+01
-9.549465179443359375e+01
-9.550030517578125000e+01
-9.550595092773437500e+01
-9.551160430908203125e+01
-9.552290344238281250e+01
-9.552290344238281250e+01
-9.552855682373046875e+01
-9.553986358642578125e+01
-9.553986358642578125e+01
-9.554550933837890625e+01
-9.555681610107421875e+01
-9.555681610107421875e+01
-9.555681610107421875e+01
-9.557376861572265625e+01
-9.557376861572265625e+01
-9.557942199707031250e+01
-9.558506774902343750e+01
-9.559072113037109375e+01
-9.559637451171875000e+01
-9.559637451171875000e+01
-9.559637451171875000e+01
-9.559637451171875000e+01
-9.559637451171875000e+01
-9.559637451171875000e+01
-9.559637451171875000e+01
-9.559637451171875000e+01
-9.559637451171875000e+01
-9.559637451171875000e+01
-9.559637451171875000e+01
-9.559637451171875000e+01
-9.559637451171875000e+01
-9.559637451171875000e+01
-9.559637451171875000e+01
-9.559637451171875000e+01
-9.559637451171875000e+01
-9.559637451171875000e+01
-9.559637451171875000e+01
-9.559637451171875000e+01
-9.559637451171875000e+01
-9.559637451171875000e+01
-9.559637451171875000e+01
-9.559637451171875000e+01
-9.559637451171875000e+01
-9.559637451171875000e+01
-9.559637451171875000e+01
-9.559637451171875000e+01
-9.559637451171875000e+01
-9.559637451171875000e+01
-9.559637451171875000e+01
-9.559637451171875000e+01
-9.559637451171875000e+01
-9.559637451171875000e+01
-9.559637451171875000e+01
-9.559637451171875000e+01
-9.559637451171875000e+01
-9.559637451171875000e+01
-9.559637451171875000e+01
-9.559637451171875000e+01
-9.559637451171875000e+01
-9.559637451171875000e+01
-9.559637451171875000e+01
-9.559637451171875000e+01
-9.559637451171875000e+01
-9.559637451171875000e+01
-9.559637451171875000e+01
-9.559637451171875000e+01
-9.559637451171875000e+01
-9.559637451171875000e+01
-9.559637451171875000e+01
-9.559637451171875000e+01
-9.559637451171875000e+01
-9.559637451171875000e+01
-9.559637451171875000e+01
-9.559637451171875000e+01
-9.559637451171875000e+01
-9.559637451171875000e+01
-9.559637451171875000e+01
-9.559637451171875000e+01
-9.559637451171875000e+01
-9.559637451171875000e+01
-9.559637451171875000e+01
-9.559637451171875000e+01
-9.559637451171875000e+01
-9.559637451171875000e+01
-9.559637451171875000e+01
-9.559637451171875000e+01
-9.559637451171875000e+01
-9.559637451171875000e+01
-9.559637451171875000e+01
-9.559637451171875000e+01
-9.559637451171875000e+01
-9.559637451171875000e+01
-9.559637451171875000e+01
-9.559637451171875000e+01
-9.559637451171875000e+01
-9.559637451171875000e+01
-9.559637451171875000e+01
-9.559637451171875000e+01
-9.559637451171875000e+01
-9.559637451171875000e+01
-9.559637451171875000e+01
-9.559637451171875000e+01
-9.559637451171875000e+01
-9.559637451171875000e+01
-9.559637451171875000e+01
-9.559637451171875000e+01
-9.559637451171875000e+01
-9.559637451171875000e+01
-9.559637451171875000e+01
-9.559637451171875000e+01
-9.559637451171875000e+01
-9.559637451171875000e+01
-9.559637451171875000e+01
-9.559637451171875000e+01
-9.559637451171875000e+01
-9.559637451171875000e+01
-9.559637451171875000e+01
-9.559637451171875000e+01
-9.559637451171875000e+01
-9.559637451171875000e+01
-9.559637451171875000e+01
-9.559637451171875000e+01
-9.559637451171875000e+01
-9.559637451171875000e+01
-9.559637451171875000e+01
-9.559637451171875000e+01
-9.559637451171875000e+01
-9.559637451171875000e+01
-9.559637451171875000e+01
-9.559637451171875000e+01
-9.559637451171875000e+01
-9.559637451171875000e+01
-9.559637451171875000e+01
-9.559637451171875000e+01
-9.559637451171875000e+01
-9.559637451171875000e+01
-9.559637451171875000e+01
-9.559637451171875000e+01
-9.559637451171875000e+01
-9.559637451171875000e+01
-9.559637451171875000e+01
-9.559637451171875000e+01
-9.559637451171875000e+01
-9.559637451171875000e+01
-9.559637451171875000e+01
-9.559637451171875000e+01
-9.559637451171875000e+01
-9.559637451171875000e+01
-9.559637451171875000e+01
-9.559637451171875000e+01
-9.559637451171875000e+01
-9.559637451171875000e+01
-9.559637451171875000e+01
-9.559637451171875000e+01
-9.559637451171875000e+01
-9.559637451171875000e+01
-9.559637451171875000e+01
-9.559637451171875000e+01
-9.559637451171875000e+01
-9.559637451171875000e+01
-9.559637451171875000e+01
-9.559637451171875000e+01
-9.559637451171875000e+01
-9.559637451171875000e+01
-9.559637451171875000e+01
-9.559637451171875000e+01
-9.559637451171875000e+01
-9.559637451171875000e+01
-9.559637451171875000e+01
-9.559637451171875000e+01
-9.559637451171875000e+01
-9.559637451171875000e+01
-9.559637451171875000e+01
-9.559637451171875000e+01
-9.559637451171875000e+01
-9.559637451171875000e+01
-9.559637451171875000e+01
-9.559637451171875000e+01
-9.559637451171875000e+01
-9.559637451171875000e+01
-9.559637451171875000e+01
-9.559637451171875000e+01
-9.559637451171875000e+01
-9.559637451171875000e+01
-9.559637451171875000e+01
-9.559637451171875000e+01
-9.559637451171875000e+01
-9.559637451171875000e+01
-9.559637451171875000e+01
-9.559637451171875000e+01
-9.559637451171875000e+01
-9.559637451171875000e+01
-9.559637451171875000e+01
-9.559637451171875000e+01
-9.559637451171875000e+01
-9.559637451171875000e+01
-9.559637451171875000e+01
-9.559637451171875000e+01
-9.559637451171875000e+01
-9.559637451171875000e+01
-9.559637451171875000e+01
-9.559637451171875000e+01
-9.559637451171875000e+01
-9.559637451171875000e+01
-9.559637451171875000e+01
-9.559637451171875000e+01
-9.559637451171875000e+01
-9.559637451171875000e+01
-9.559637451171875000e+01
-9.559637451171875000e+01
-9.559637451171875000e+01
-9.559637451171875000e+01
-9.559637451171875000e+01
-9.559637451171875000e+01
-9.559637451171875000e+01
-9.559637451171875000e+01
-9.559637451171875000e+01
-9.559637451171875000e+01
-9.559637451171875000e+01
-9.559637451171875000e+01
-9.559637451171875000e+01
-9.559637451171875000e+01
-9.559637451171875000e+01
-9.559637451171875000e+01
-9.559637451171875000e+01
-9.559637451171875000e+01
-9.559637451171875000e+01
-9.559637451171875000e+01
-9.559637451171875000e+01
-9.559637451171875000e+01
-9.559637451171875000e+01
-9.559637451171875000e+01
-9.559637451171875000e+01
-9.559637451171875000e+01
-9.559637451171875000e+01
-9.559637451171875000e+01
-9.559637451171875000e+01
-9.559637451171875000e+01
-9.559637451171875000e+01
-9.559637451171875000e+01
-9.559637451171875000e+01
-9.559637451171875000e+01
-9.559637451171875000e+01
-9.559637451171875000e+01
-9.559637451171875000e+01
-9.559637451171875000e+01
-9.559637451171875000e+01
-9.559637451171875000e+01
-9.559637451171875000e+01
-9.559637451171875000e+01
-9.559637451171875000e+01
-9.559637451171875000e+01
-9.559637451171875000e+01
-9.559637451171875000e+01
-9.559637451171875000e+01
-9.559637451171875000e+01
-9.559637451171875000e+01
-9.559637451171875000e+01
-9.559637451171875000e+01
-9.559637451171875000e+01
-9.559637451171875000e+01
-9.559637451171875000e+01
-9.559637451171875000e+01
-9.559637451171875000e+01
-9.559637451171875000e+01
-9.559637451171875000e+01
-9.559637451171875000e+01
-9.559637451171875000e+01
-9.559637451171875000e+01
-9.559637451171875000e+01
-9.559637451171875000e+01
-9.559637451171875000e+01
-9.559637451171875000e+01
-9.559637451171875000e+01
-9.559637451171875000e+01
-9.559637451171875000e+01
-9.559637451171875000e+01
-9.559637451171875000e+01
-9.559637451171875000e+01
-9.559637451171875000e+01
-9.559637451171875000e+01
-9.559637451171875000e+01
-9.559637451171875000e+01
-9.559637451171875000e+01
-9.559637451171875000e+01
-9.559637451171875000e+01
-9.559637451171875000e+01
-9.559637451171875000e+01
-9.559637451171875000e+01
-9.559637451171875000e+01
-9.559637451171875000e+01
-9.559637451171875000e+01
-9.559637451171875000e+01
-9.559637451171875000e+01
-9.559637451171875000e+01
-9.559637451171875000e+01
-9.559637451171875000e+01
-9.559637451171875000e+01
-9.559637451171875000e+01
-9.559637451171875000e+01
-9.559637451171875000e+01
-9.559637451171875000e+01
-9.559637451171875000e+01
-9.559637451171875000e+01
-9.559637451171875000e+01
-9.559637451171875000e+01
-9.559637451171875000e+01
-9.559637451171875000e+01
-9.559637451171875000e+01
-9.559637451171875000e+01
-9.559637451171875000e+01
-9.559637451171875000e+01
-9.559637451171875000e+01
-9.559637451171875000e+01
-9.559637451171875000e+01
-9.559637451171875000e+01
-9.559637451171875000e+01
-9.559637451171875000e+01
-9.559637451171875000e+01
-9.559637451171875000e+01
-9.559637451171875000e+01
-9.559637451171875000e+01
-9.559637451171875000e+01
-9.559637451171875000e+01
-9.559637451171875000e+01
-9.559637451171875000e+01
-9.559637451171875000e+01
-9.559637451171875000e+01
-9.559637451171875000e+01
-9.559637451171875000e+01
-9.559637451171875000e+01
-9.559637451171875000e+01
-9.559637451171875000e+01
-9.559637451171875000e+01
-9.559637451171875000e+01
-9.559637451171875000e+01
-9.559637451171875000e+01
-9.559637451171875000e+01
-9.559637451171875000e+01
-9.559637451171875000e+01
-9.559637451171875000e+01
-9.559637451171875000e+01
-9.559637451171875000e+01
-9.559637451171875000e+01
-9.559637451171875000e+01
-9.559637451171875000e+01
-9.559637451171875000e+01
-9.559637451171875000e+01
-9.559637451171875000e+01
-9.559637451171875000e+01
-9.559637451171875000e+01
-9.559637451171875000e+01
-9.559637451171875000e+01
-9.559637451171875000e+01
-9.559637451171875000e+01
-9.559637451171875000e+01
-9.559637451171875000e+01
-9.559637451171875000e+01
-9.559637451171875000e+01
-9.559637451171875000e+01
-9.559637451171875000e+01
-9.559637451171875000e+01
-9.559637451171875000e+01
-9.559637451171875000e+01
-9.559637451171875000e+01
-9.559637451171875000e+01
-9.559637451171875000e+01
-9.559637451171875000e+01
-9.559637451171875000e+01
-9.559637451171875000e+01
-9.559637451171875000e+01
-9.559637451171875000e+01
-9.559637451171875000e+01
-9.559637451171875000e+01
-9.559637451171875000e+01
-9.559637451171875000e+01
-9.559637451171875000e+01
-9.559637451171875000e+01
-9.559637451171875000e+01
-9.559637451171875000e+01
-9.559637451171875000e+01
-9.559637451171875000e+01
-9.559637451171875000e+01
-9.559637451171875000e+01
-9.559637451171875000e+01
-9.559637451171875000e+01
-9.559637451171875000e+01
-9.559637451171875000e+01
-9.559637451171875000e+01
-9.559637451171875000e+01
-9.559637451171875000e+01
-9.559637451171875000e+01
-9.559637451171875000e+01
-9.559637451171875000e+01
-9.559637451171875000e+01
-9.559637451171875000e+01
-9.559637451171875000e+01
-9.559637451171875000e+01
-9.559637451171875000e+01
-9.559637451171875000e+01
-9.559637451171875000e+01
-9.559637451171875000e+01
-9.559637451171875000e+01
-9.559637451171875000e+01
-9.559637451171875000e+01
-9.559637451171875000e+01
-9.559637451171875000e+01
-9.559637451171875000e+01
-9.559637451171875000e+01
-9.559637451171875000e+01
-9.559637451171875000e+01
-9.559637451171875000e+01
-9.559637451171875000e+01
-9.559637451171875000e+01
-9.559637451171875000e+01
-9.559637451171875000e+01
-9.559637451171875000e+01
-9.559637451171875000e+01
-9.559637451171875000e+01
-9.559637451171875000e+01
-9.559637451171875000e+01
-9.559637451171875000e+01
-9.559637451171875000e+01
-9.559637451171875000e+01
-9.559637451171875000e+01
-9.559637451171875000e+01
-9.559637451171875000e+01
-9.559637451171875000e+01
-9.559637451171875000e+01
-9.559637451171875000e+01
-9.559637451171875000e+01
-9.559637451171875000e+01
-9.559637451171875000e+01
-9.559637451171875000e+01
-9.559637451171875000e+01
-9.559637451171875000e+01
-9.559637451171875000e+01
-9.559637451171875000e+01
-9.559637451171875000e+01
-9.559637451171875000e+01
-9.559637451171875000e+01
-9.559637451171875000e+01
-9.559637451171875000e+01
-9.559637451171875000e+01
-9.559637451171875000e+01
-9.559637451171875000e+01
-9.559637451171875000e+01
-9.559637451171875000e+01
-9.559637451171875000e+01
-9.559637451171875000e+01
-9.559637451171875000e+01
-9.559637451171875000e+01
-9.559637451171875000e+01
-9.559637451171875000e+01
-9.559637451171875000e+01
-9.559637451171875000e+01
-9.559637451171875000e+01
-9.559637451171875000e+01
-9.559637451171875000e+01
-9.559637451171875000e+01
-9.559637451171875000e+01
-9.559637451171875000e+01
-9.559637451171875000e+01
-9.559637451171875000e+01
-9.559637451171875000e+01
-9.559637451171875000e+01
-9.559637451171875000e+01
-9.559637451171875000e+01
-9.559637451171875000e+01
-9.559637451171875000e+01
-9.559637451171875000e+01
-9.559637451171875000e+01
-9.559637451171875000e+01
-9.559637451171875000e+01
-9.559637451171875000e+01
-9.559637451171875000e+01
-9.559637451171875000e+01
-9.559637451171875000e+01
-9.559637451171875000e+01
-9.559637451171875000e+01
-9.559637451171875000e+01
-9.559637451171875000e+01
-9.559637451171875000e+01
-9.559637451171875000e+01
-9.559637451171875000e+01
-9.559637451171875000e+01
-9.559637451171875000e+01
-9.559637451171875000e+01
-9.559637451171875000e+01
-9.559637451171875000e+01
-9.559637451171875000e+01
-9.559637451171875000e+01
-9.559637451171875000e+01
-9.559637451171875000e+01
-9.559637451171875000e+01
-9.559637451171875000e+01
-9.559637451171875000e+01
-9.559637451171875000e+01
-9.559637451171875000e+01
-9.559637451171875000e+01
-9.559637451171875000e+01
-9.559637451171875000e+01
-9.559637451171875000e+01
-9.559637451171875000e+01
-9.559637451171875000e+01
-9.559637451171875000e+01
-9.559637451171875000e+01
-9.559637451171875000e+01
-9.559637451171875000e+01
-9.559637451171875000e+01
-9.559637451171875000e+01
-9.559637451171875000e+01
-9.559637451171875000e+01
-9.559637451171875000e+01
-9.559637451171875000e+01
-9.559637451171875000e+01
-9.559637451171875000e+01
-9.559637451171875000e+01
-9.559637451171875000e+01
-9.559637451171875000e+01
-9.559637451171875000e+01
-9.559637451171875000e+01
-9.559637451171875000e+01
-9.559637451171875000e+01
-9.559637451171875000e+01
-9.559637451171875000e+01
-9.559637451171875000e+01
-9.559637451171875000e+01
-9.559637451171875000e+01
-9.559637451171875000e+01
-9.559637451171875000e+01
-9.559637451171875000e+01
-9.559637451171875000e+01
-9.559637451171875000e+01
-9.559637451171875000e+01
-9.559637451171875000e+01
-9.559637451171875000e+01
-9.559637451171875000e+01
-9.559637451171875000e+01
-9.559637451171875000e+01
-9.559637451171875000e+01
-9.559637451171875000e+01
-9.559637451171875000e+01
-9.559637451171875000e+01
-9.559637451171875000e+01
-9.559637451171875000e+01
-9.559637451171875000e+01
-9.559637451171875000e+01
-9.559637451171875000e+01
-9.559637451171875000e+01
-9.559637451171875000e+01
-9.559637451171875000e+01
-9.559637451171875000e+01
-9.559637451171875000e+01
-9.559637451171875000e+01
-9.559637451171875000e+01
-9.559637451171875000e+01
-9.559637451171875000e+01
-9.559637451171875000e+01
-9.559637451171875000e+01
-9.559637451171875000e+01
-9.559637451171875000e+01
-9.559637451171875000e+01
-9.559637451171875000e+01
-9.559637451171875000e+01
-9.559637451171875000e+01
-9.559637451171875000e+01
-9.559637451171875000e+01
-9.559637451171875000e+01
-9.559637451171875000e+01
-9.559637451171875000e+01
-9.559637451171875000e+01
-9.559637451171875000e+01
-9.559637451171875000e+01
-9.559637451171875000e+01
-9.559637451171875000e+01
-9.559637451171875000e+01
-9.559637451171875000e+01
-9.559637451171875000e+01
-9.559637451171875000e+01
-9.559637451171875000e+01
-9.559637451171875000e+01
-9.559637451171875000e+01
-9.559637451171875000e+01
-9.559637451171875000e+01
-9.559637451171875000e+01
-9.559637451171875000e+01
-9.559637451171875000e+01
-9.559637451171875000e+01
-9.559637451171875000e+01
-9.559637451171875000e+01
-9.559637451171875000e+01
-9.559637451171875000e+01
-9.559637451171875000e+01
-9.559637451171875000e+01
-9.559637451171875000e+01
-9.559637451171875000e+01
-9.559637451171875000e+01
-9.559637451171875000e+01
-9.559637451171875000e+01
-9.559637451171875000e+01
-9.559637451171875000e+01
-9.559637451171875000e+01
-9.559637451171875000e+01
-9.559637451171875000e+01
-9.559637451171875000e+01
-9.559637451171875000e+01
-9.559637451171875000e+01
-9.559637451171875000e+01
-9.559637451171875000e+01
-9.559637451171875000e+01
-9.559637451171875000e+01
-9.559637451171875000e+01
-9.559637451171875000e+01
-9.559637451171875000e+01
-9.559637451171875000e+01
-9.559637451171875000e+01
-9.559637451171875000e+01
-9.559637451171875000e+01
-9.559637451171875000e+01
-9.559637451171875000e+01
-9.559637451171875000e+01
-9.559637451171875000e+01
-9.559637451171875000e+01
-9.559637451171875000e+01
-9.559637451171875000e+01
-9.559637451171875000e+01
-9.559637451171875000e+01
-9.559637451171875000e+01
-9.559637451171875000e+01
-9.559637451171875000e+01
-9.559637451171875000e+01
-9.559637451171875000e+01
-9.559637451171875000e+01
-9.559637451171875000e+01
-9.559637451171875000e+01
-9.559637451171875000e+01
-9.559637451171875000e+01
-9.559637451171875000e+01
-9.559637451171875000e+01
-9.559637451171875000e+01
-9.559637451171875000e+01
-9.559637451171875000e+01
-9.559637451171875000e+01
-9.559637451171875000e+01
-9.559637451171875000e+01
-9.559637451171875000e+01
-9.559637451171875000e+01
-9.559637451171875000e+01
-9.559637451171875000e+01
-9.559637451171875000e+01
-9.559637451171875000e+01
-9.559637451171875000e+01
-9.559637451171875000e+01
-9.559637451171875000e+01
-9.559637451171875000e+01
-9.559637451171875000e+01
-9.559637451171875000e+01
-9.559637451171875000e+01
-9.559637451171875000e+01
-9.559637451171875000e+01
-9.559637451171875000e+01
-9.559637451171875000e+01
-9.559637451171875000e+01
-9.559637451171875000e+01
-9.559637451171875000e+01
-9.559637451171875000e+01
-9.559637451171875000e+01
-9.559637451171875000e+01
-9.559637451171875000e+01
-9.559637451171875000e+01
-9.559637451171875000e+01
-9.559637451171875000e+01
-9.559637451171875000e+01
-9.559637451171875000e+01
-9.559637451171875000e+01
-9.559637451171875000e+01
-9.559637451171875000e+01
-9.559637451171875000e+01
-9.559637451171875000e+01
-9.559637451171875000e+01
-9.559637451171875000e+01
-9.559637451171875000e+01
-9.559637451171875000e+01
-9.559637451171875000e+01
-9.559637451171875000e+01
-9.559637451171875000e+01
-9.559637451171875000e+01
-9.559637451171875000e+01
-9.559637451171875000e+01
-9.559637451171875000e+01
-9.559637451171875000e+01
-9.559637451171875000e+01
-9.559637451171875000e+01
-9.559637451171875000e+01
-9.559637451171875000e+01
-9.559637451171875000e+01
-9.559637451171875000e+01
-9.559637451171875000e+01
-9.559637451171875000e+01
-9.559637451171875000e+01
-9.559637451171875000e+01
-9.559637451171875000e+01
-9.559637451171875000e+01
-9.559637451171875000e+01
-9.559637451171875000e+01
-9.559637451171875000e+01
-9.559637451171875000e+01
-9.559637451171875000e+01
-9.559637451171875000e+01
-9.559637451171875000e+01
-9.559637451171875000e+01
-9.559637451171875000e+01
-9.559637451171875000e+01
-9.559637451171875000e+01
-9.559637451171875000e+01
-9.559637451171875000e+01
-9.559637451171875000e+01
-9.559637451171875000e+01
-9.559637451171875000e+01
-9.559637451171875000e+01
-9.559637451171875000e+01
-9.559637451171875000e+01
-9.559637451171875000e+01
-9.559637451171875000e+01
-9.559637451171875000e+01
-9.559637451171875000e+01
-9.559637451171875000e+01
-9.559637451171875000e+01
-9.559637451171875000e+01
-9.559637451171875000e+01
-9.559637451171875000e+01
-9.559637451171875000e+01
-9.559637451171875000e+01
-9.559637451171875000e+01
-9.559637451171875000e+01
-9.559637451171875000e+01
-9.559637451171875000e+01
-9.559637451171875000e+01
-9.559637451171875000e+01
-9.559637451171875000e+01
-9.559637451171875000e+01
-9.559637451171875000e+01
-9.559637451171875000e+01
-9.559637451171875000e+01
-9.559637451171875000e+01
-9.559637451171875000e+01
-9.559637451171875000e+01
-9.559637451171875000e+01
-9.559637451171875000e+01
-9.559637451171875000e+01
-9.559637451171875000e+01
-9.559637451171875000e+01
-9.559637451171875000e+01
-9.559637451171875000e+01
-9.559637451171875000e+01
-9.559637451171875000e+01
-9.559637451171875000e+01
-9.559637451171875000e+01
-9.559637451171875000e+01
-9.559637451171875000e+01
-9.559637451171875000e+01
-9.559637451171875000e+01
-9.559637451171875000e+01
-9.559637451171875000e+01
-9.559637451171875000e+01
-9.559637451171875000e+01
-9.559637451171875000e+01
-9.559637451171875000e+01
-9.559637451171875000e+01
-9.559637451171875000e+01
-9.559637451171875000e+01
-9.559637451171875000e+01
-9.559637451171875000e+01
-9.559637451171875000e+01
-9.559637451171875000e+01
-9.559637451171875000e+01
-9.559637451171875000e+01
-9.559637451171875000e+01
-9.559637451171875000e+01
-9.559637451171875000e+01
-9.559637451171875000e+01
-9.559637451171875000e+01
-9.559637451171875000e+01
-9.559637451171875000e+01
-9.559637451171875000e+01
-9.559637451171875000e+01
-9.559637451171875000e+01
-9.559637451171875000e+01
-9.559637451171875000e+01
-9.559637451171875000e+01
-9.559637451171875000e+01
-9.559637451171875000e+01
-9.559637451171875000e+01
-9.559637451171875000e+01
-9.559637451171875000e+01
-9.559637451171875000e+01
-9.559637451171875000e+01
-9.559637451171875000e+01
-9.559637451171875000e+01
-9.559637451171875000e+01
-9.559637451171875000e+01
-9.559637451171875000e+01
-9.559637451171875000e+01
-9.559637451171875000e+01
-9.559637451171875000e+01
-9.559637451171875000e+01
-9.559637451171875000e+01
-9.559637451171875000e+01
-9.559637451171875000e+01
-9.559637451171875000e+01
-9.559637451171875000e+01
-9.559637451171875000e+01
-9.559637451171875000e+01
-9.559637451171875000e+01
-9.559637451171875000e+01
-9.559637451171875000e+01
-9.559637451171875000e+01
-9.559637451171875000e+01
-9.559637451171875000e+01
-9.559637451171875000e+01
-9.559637451171875000e+01
-9.559637451171875000e+01
-9.559637451171875000e+01
-9.559637451171875000e+01
-9.559637451171875000e+01
-9.559637451171875000e+01
-9.559637451171875000e+01
-9.559637451171875000e+01
-9.559637451171875000e+01
-9.559637451171875000e+01
-9.559637451171875000e+01
-9.559637451171875000e+01
-9.559637451171875000e+01
-9.559637451171875000e+01
-9.559637451171875000e+01
-9.559637451171875000e+01
-9.559637451171875000e+01
-9.559637451171875000e+01
-9.559637451171875000e+01
-9.559637451171875000e+01
-9.559637451171875000e+01
-9.559637451171875000e+01
-9.559637451171875000e+01
-9.559637451171875000e+01
-9.559637451171875000e+01
-9.559637451171875000e+01
-9.559637451171875000e+01
-9.559637451171875000e+01
-9.559637451171875000e+01
-9.559637451171875000e+01
-9.559637451171875000e+01
-9.559637451171875000e+01
-9.559637451171875000e+01
-9.559637451171875000e+01
-9.559637451171875000e+01
-9.559637451171875000e+01
-9.559637451171875000e+01
-9.559637451171875000e+01
-9.559637451171875000e+01
-9.559637451171875000e+01
-9.559637451171875000e+01
-9.559637451171875000e+01
-9.559637451171875000e+01
-9.559637451171875000e+01
-9.559637451171875000e+01
-9.559637451171875000e+01
-9.559637451171875000e+01
-9.559637451171875000e+01
-9.559637451171875000e+01
-9.559637451171875000e+01
-9.559637451171875000e+01
-9.559637451171875000e+01
-9.559637451171875000e+01
-9.559637451171875000e+01
-9.559637451171875000e+01
-9.559637451171875000e+01
-9.559637451171875000e+01
-9.559637451171875000e+01
-9.559637451171875000e+01
-9.559637451171875000e+01
-9.559637451171875000e+01
-9.559637451171875000e+01
-9.559637451171875000e+01
-9.559637451171875000e+01
-9.559637451171875000e+01
-9.559637451171875000e+01
-9.559637451171875000e+01
-9.559637451171875000e+01
-9.559637451171875000e+01
-9.559637451171875000e+01
-9.559637451171875000e+01
-9.559637451171875000e+01
-9.559637451171875000e+01
-9.559637451171875000e+01
-9.559637451171875000e+01
-9.559637451171875000e+01
-9.559637451171875000e+01
-9.559637451171875000e+01
-9.559637451171875000e+01
-9.559637451171875000e+01
-9.559637451171875000e+01
-9.559637451171875000e+01
-9.559637451171875000e+01
-9.559637451171875000e+01
-9.559637451171875000e+01
-9.559637451171875000e+01
-9.559637451171875000e+01
-9.559637451171875000e+01
-9.559637451171875000e+01
-9.559637451171875000e+01
-9.559637451171875000e+01
-9.559637451171875000e+01
-9.559637451171875000e+01
-9.559637451171875000e+01
-9.559637451171875000e+01
-9.559637451171875000e+01
-9.559637451171875000e+01
-9.559637451171875000e+01
-9.559637451171875000e+01
-9.559637451171875000e+01
-9.559637451171875000e+01
-9.559637451171875000e+01
-9.559637451171875000e+01
-9.559637451171875000e+01
-9.559637451171875000e+01
-9.559637451171875000e+01
-9.559637451171875000e+01
-9.559637451171875000e+01
-9.559637451171875000e+01
-9.559637451171875000e+01
-9.559637451171875000e+01
-9.559637451171875000e+01
-9.559637451171875000e+01
-9.559637451171875000e+01
-9.559637451171875000e+01
-9.559637451171875000e+01
-9.559637451171875000e+01
-9.559637451171875000e+01
-9.559637451171875000e+01
-9.559637451171875000e+01
-9.559637451171875000e+01
-9.559637451171875000e+01
-9.559637451171875000e+01
-9.559637451171875000e+01
-9.559637451171875000e+01
-9.559637451171875000e+01
-9.559637451171875000e+01
-9.559637451171875000e+01
-9.559637451171875000e+01
-9.559637451171875000e+01
-9.559637451171875000e+01
-9.559637451171875000e+01
-9.559637451171875000e+01
-9.559637451171875000e+01
-9.559637451171875000e+01
-9.559637451171875000e+01
-9.559637451171875000e+01
-9.559637451171875000e+01
-9.559637451171875000e+01
-9.559637451171875000e+01
-9.559637451171875000e+01
-9.559637451171875000e+01
-9.559637451171875000e+01
-9.559637451171875000e+01
-9.559637451171875000e+01
-9.559637451171875000e+01
-9.559637451171875000e+01
-9.559637451171875000e+01
-9.559637451171875000e+01
-9.559637451171875000e+01
-9.559637451171875000e+01
-9.559637451171875000e+01
-9.559637451171875000e+01
-9.559637451171875000e+01
-9.559637451171875000e+01
-9.559637451171875000e+01
-9.559637451171875000e+01
-9.559637451171875000e+01
-9.559637451171875000e+01
-9.559637451171875000e+01
-9.559637451171875000e+01
-9.559637451171875000e+01
-9.559637451171875000e+01
-9.559637451171875000e+01
-9.559637451171875000e+01
-9.559637451171875000e+01
-9.559637451171875000e+01
-9.559637451171875000e+01
-9.559637451171875000e+01
-9.559637451171875000e+01
-9.559637451171875000e+01
-9.559637451171875000e+01
-9.559637451171875000e+01
-9.559637451171875000e+01
-9.559637451171875000e+01
-9.559637451171875000e+01
-9.559637451171875000e+01
-9.559637451171875000e+01
-9.559637451171875000e+01
-9.559637451171875000e+01
-9.559637451171875000e+01
-9.559637451171875000e+01
-9.559637451171875000e+01
-9.559637451171875000e+01
-9.559637451171875000e+01
-9.559637451171875000e+01
-9.559637451171875000e+01
-9.559637451171875000e+01
-9.559637451171875000e+01
-9.559637451171875000e+01
-9.559637451171875000e+01
-9.559637451171875000e+01
-9.559637451171875000e+01
-9.559637451171875000e+01
-9.559637451171875000e+01
-9.559637451171875000e+01
-9.559637451171875000e+01
-9.559637451171875000e+01
-9.559637451171875000e+01
-9.559637451171875000e+01
-9.559637451171875000e+01
-9.559637451171875000e+01
-9.559637451171875000e+01
-9.559637451171875000e+01
-9.559637451171875000e+01
-9.559637451171875000e+01
-9.559637451171875000e+01
-9.559637451171875000e+01
-9.559637451171875000e+01
-9.559637451171875000e+01
-9.559637451171875000e+01
-9.559637451171875000e+01
-9.559637451171875000e+01
-9.559637451171875000e+01
-9.559637451171875000e+01
-9.559637451171875000e+01
-9.559637451171875000e+01
-9.559637451171875000e+01
-9.559637451171875000e+01
-9.559637451171875000e+01
-9.559637451171875000e+01
-9.559637451171875000e+01
-9.559637451171875000e+01
-9.559637451171875000e+01
-9.559637451171875000e+01
-9.559637451171875000e+01
-9.559637451171875000e+01
-9.559637451171875000e+01
-9.559637451171875000e+01
-9.559637451171875000e+01
-9.559637451171875000e+01
-9.559637451171875000e+01
-9.559637451171875000e+01
-9.559637451171875000e+01
-9.559637451171875000e+01
-9.559637451171875000e+01
-9.559637451171875000e+01
-9.559637451171875000e+01
-9.559637451171875000e+01
-9.559637451171875000e+01
-9.559637451171875000e+01
-9.559637451171875000e+01
-9.559637451171875000e+01
-9.559637451171875000e+01
-9.559637451171875000e+01
-9.559637451171875000e+01
-9.559637451171875000e+01
-9.559637451171875000e+01
-9.559637451171875000e+01
-9.559637451171875000e+01
-9.559637451171875000e+01
-9.559637451171875000e+01
-9.559637451171875000e+01
-9.559637451171875000e+01
-9.559637451171875000e+01
-9.559637451171875000e+01
-9.559637451171875000e+01
-9.559637451171875000e+01
-9.559637451171875000e+01
-9.559637451171875000e+01
-9.559637451171875000e+01
-9.559637451171875000e+01
-9.559637451171875000e+01
-9.559637451171875000e+01
-9.559637451171875000e+01
-9.559637451171875000e+01
-9.559637451171875000e+01
-9.559637451171875000e+01
-9.559637451171875000e+01
-9.559637451171875000e+01
-9.559637451171875000e+01
-9.559637451171875000e+01
-9.559637451171875000e+01
-9.559637451171875000e+01
-9.559637451171875000e+01
-9.559637451171875000e+01
-9.559637451171875000e+01
-9.559637451171875000e+01
-9.559637451171875000e+01
-9.559637451171875000e+01
-9.559637451171875000e+01
-9.559637451171875000e+01
-9.559637451171875000e+01
-9.559637451171875000e+01
-9.559637451171875000e+01
-9.559637451171875000e+01
-9.559637451171875000e+01
-9.559637451171875000e+01
-9.559637451171875000e+01
-9.559637451171875000e+01
-9.559637451171875000e+01
-9.559637451171875000e+01
-9.559637451171875000e+01
-9.559637451171875000e+01
-9.559637451171875000e+01
-9.559637451171875000e+01
-9.559637451171875000e+01
-9.559637451171875000e+01
-9.559637451171875000e+01
-9.559637451171875000e+01
-9.559637451171875000e+01
-9.559637451171875000e+01
-9.559637451171875000e+01
-9.559637451171875000e+01
-9.559637451171875000e+01
-9.559637451171875000e+01
-9.559637451171875000e+01
-9.559637451171875000e+01
-9.559637451171875000e+01
-9.559637451171875000e+01
-9.559637451171875000e+01
-9.559637451171875000e+01
-9.559637451171875000e+01
-9.559637451171875000e+01
-9.559637451171875000e+01
-9.559637451171875000e+01
-9.559637451171875000e+01
-9.559637451171875000e+01
-9.559637451171875000e+01
-9.559637451171875000e+01
-9.559637451171875000e+01
-9.559637451171875000e+01
-9.559637451171875000e+01
-9.559637451171875000e+01
-9.559637451171875000e+01
-9.559637451171875000e+01
-9.559637451171875000e+01
-9.559637451171875000e+01
-9.559637451171875000e+01
-9.559637451171875000e+01
-9.559637451171875000e+01
-9.559637451171875000e+01
-9.559637451171875000e+01
-9.559637451171875000e+01
-9.559637451171875000e+01
-9.559637451171875000e+01
-9.559637451171875000e+01
-9.559637451171875000e+01
-9.559637451171875000e+01
-9.559637451171875000e+01
-9.559637451171875000e+01
-9.559637451171875000e+01
-9.559637451171875000e+01
-9.559637451171875000e+01
-9.559637451171875000e+01
-9.559637451171875000e+01
-9.559637451171875000e+01
-9.559637451171875000e+01
-9.559637451171875000e+01
-9.559637451171875000e+01
-9.559637451171875000e+01
-9.559637451171875000e+01
-9.559637451171875000e+01
-9.559637451171875000e+01
-9.559637451171875000e+01
-9.559637451171875000e+01
-9.559637451171875000e+01
-9.559637451171875000e+01
-9.559637451171875000e+01
-9.559637451171875000e+01
-9.559637451171875000e+01
-9.559637451171875000e+01
-9.559637451171875000e+01
-9.559637451171875000e+01
-9.559637451171875000e+01
-9.559637451171875000e+01
-9.568167114257812500e+01
-9.568732452392578125e+01
-9.569297790527343750e+01
-9.570427703857421875e+01
-9.570427703857421875e+01
-9.570993041992187500e+01
-9.571558380126953125e+01
-9.572122955322265625e+01
-9.572688293457031250e+01
-9.573253631591796875e+01
-9.573818206787109375e+01
-9.574383544921875000e+01
-9.574948883056640625e+01
-9.575514221191406250e+01
-9.576644134521484375e+01
-9.577209472656250000e+01
-9.577209472656250000e+01
-9.577774810791015625e+01
-9.578904724121093750e+01
-9.578904724121093750e+01
-9.580034637451171875e+01
-9.580599975585937500e+01
-9.580599975585937500e+01
-9.581730651855468750e+01
-9.582295227050781250e+01
-9.582860565185546875e+01
-9.583425903320312500e+01
-9.583425903320312500e+01
-9.584555816650390625e+01
-9.585121154785156250e+01
-9.585121154785156250e+01
-9.586251068115234375e+01
-9.586816406250000000e+01
-9.587380981445312500e+01
-9.587380981445312500e+01
-9.587946319580078125e+01
-9.588511657714843750e+01
-9.589641571044921875e+01
-9.589641571044921875e+01
-9.590206909179687500e+01
-9.590771484375000000e+01
-9.591336822509765625e+01
-9.592467498779296875e+01
-9.593032836914062500e+01
-9.593032836914062500e+01
-9.593597412109375000e+01
-9.594728088378906250e+01
-9.594728088378906250e+01
-9.595858764648437500e+01
-9.596424102783203125e+01
-9.596989440917968750e+01
-9.597554779052734375e+01
-9.597554779052734375e+01
-9.598685455322265625e+01
-9.599250030517578125e+01
-9.599815368652343750e+01
-9.600380706787109375e+01
-9.600945281982421875e+01
-9.600945281982421875e+01
-9.602075195312500000e+01
-9.602639770507812500e+01
-9.602639770507812500e+01
-9.603768157958984375e+01
-9.603768157958984375e+01
-9.603768157958984375e+01
-9.605461883544921875e+01
-9.606026458740234375e+01
-9.606591033935546875e+01
-9.607155609130859375e+01
-9.607155609130859375e+01
-9.607720947265625000e+01
-9.608851623535156250e+01
-9.608851623535156250e+01
-9.609983825683593750e+01
-9.610550689697265625e+01
-9.611117553710937500e+01
-9.611117553710937500e+01
-9.612252807617187500e+01
-9.612252807617187500e+01
-9.613388824462890625e+01
-9.613388824462890625e+01
-9.613956451416015625e+01
-9.615090179443359375e+01
-9.615656280517578125e+01
-9.616221618652343750e+01
-9.616786193847656250e+01
-9.616786193847656250e+01
-9.616786193847656250e+01
-9.618473052978515625e+01
-9.618473052978515625e+01
-9.619589996337890625e+01
-9.620146179199218750e+01
-9.620146179199218750e+01
-9.621257019042968750e+01
-9.621257019042968750e+01
-9.622924804687500000e+01
-9.622924804687500000e+01
-9.622924804687500000e+01
-9.624607849121093750e+01
-9.624607849121093750e+01
-9.625175476074218750e+01
-9.625175476074218750e+01
-9.626902008056640625e+01
-9.626902008056640625e+01
-9.627487945556640625e+01
-9.627487945556640625e+01
-9.629283142089843750e+01
-9.629283142089843750e+01
-9.629283142089843750e+01
-9.630509185791015625e+01
-9.630509185791015625e+01
-9.631758880615234375e+01
-9.632391357421875000e+01
-9.633029937744140625e+01
-9.633029937744140625e+01
-9.633672332763671875e+01
-9.634973144531250000e+01
-9.634973144531250000e+01
-9.635630035400390625e+01
-9.636291503906250000e+01
-9.636956787109375000e+01
-9.638299560546875000e+01
-9.638977050781250000e+01
-9.638977050781250000e+01
-9.640343475341796875e+01
-9.641032409667968750e+01
-9.641032409667968750e+01
-9.642421722412109375e+01
-9.643122863769531250e+01
-9.643827056884765625e+01
-9.644535064697265625e+01
-9.645963287353515625e+01
-9.645963287353515625e+01
-9.646683502197265625e+01
-9.646683502197265625e+01
-9.648134613037109375e+01
-9.648866271972656250e+01
-9.648866271972656250e+01
-9.650341033935546875e+01
-9.651084136962890625e+01
-9.651831817626953125e+01
-9.651831817626953125e+01
-9.652583312988281250e+01
-9.653338623046875000e+01
-9.654861450195312500e+01
-9.654861450195312500e+01
-9.656401824951171875e+01
-9.657177734375000000e+01
-9.657177734375000000e+01
-9.658743286132812500e+01
-9.659532165527343750e+01
-9.659532165527343750e+01
-9.661123657226562500e+01
-9.661924743652343750e+01
-9.662729644775390625e+01
-9.663538360595703125e+01
-9.663538360595703125e+01
-9.665162658691406250e+01
-9.665979003906250000e+01
-9.665979003906250000e+01
-9.667616271972656250e+01
-9.667616271972656250e+01
-9.668437957763671875e+01
-9.670083618164062500e+01
-9.670907592773437500e+01
-9.671731567382812500e+01
-9.671731567382812500e+01
-9.671731567382812500e+01
-9.671731567382812500e+01
-9.671731567382812500e+01
-9.671731567382812500e+01
-9.671731567382812500e+01
-9.671731567382812500e+01
-9.671731567382812500e+01
-9.671731567382812500e+01
-9.671731567382812500e+01
-9.671731567382812500e+01
-9.671731567382812500e+01
-9.671731567382812500e+01
-9.671731567382812500e+01
-9.671731567382812500e+01
-9.671731567382812500e+01
-9.671731567382812500e+01
-9.671731567382812500e+01
-9.671731567382812500e+01
-9.671731567382812500e+01
-9.671731567382812500e+01
-9.671731567382812500e+01
-9.671731567382812500e+01
-9.671731567382812500e+01
-9.671731567382812500e+01
-9.671731567382812500e+01
-9.671731567382812500e+01
-9.671731567382812500e+01
-9.671731567382812500e+01
-9.671731567382812500e+01
-9.671731567382812500e+01
-9.671731567382812500e+01
-9.671731567382812500e+01
-9.671731567382812500e+01
-9.671731567382812500e+01
-9.671731567382812500e+01
-9.671731567382812500e+01
-9.671731567382812500e+01
-9.671731567382812500e+01
-9.671731567382812500e+01
-9.671731567382812500e+01
-9.671731567382812500e+01
-9.671731567382812500e+01
-9.671731567382812500e+01
-9.671731567382812500e+01
-9.671731567382812500e+01
-9.671731567382812500e+01
-9.671731567382812500e+01
-9.671731567382812500e+01
-9.671731567382812500e+01
-9.671731567382812500e+01
-9.671731567382812500e+01
-9.671731567382812500e+01
-9.671731567382812500e+01
-9.671731567382812500e+01
-9.671731567382812500e+01
-9.671731567382812500e+01
-9.671731567382812500e+01
-9.671731567382812500e+01
-9.671731567382812500e+01
-9.671731567382812500e+01
-9.671731567382812500e+01
-9.671731567382812500e+01
-9.671731567382812500e+01
-9.671731567382812500e+01
-9.671731567382812500e+01
-9.671731567382812500e+01
-9.671731567382812500e+01
-9.671731567382812500e+01
-9.671731567382812500e+01
-9.671731567382812500e+01
-9.671731567382812500e+01
-9.671731567382812500e+01
-9.671731567382812500e+01
-9.671731567382812500e+01
-9.671731567382812500e+01
-9.671731567382812500e+01
-9.671731567382812500e+01
-9.671731567382812500e+01
-9.671731567382812500e+01
-9.671731567382812500e+01
-9.671731567382812500e+01
-9.671731567382812500e+01
-9.671731567382812500e+01
-9.671731567382812500e+01
-9.671731567382812500e+01
-9.671731567382812500e+01
-9.671731567382812500e+01
-9.671731567382812500e+01
-9.671731567382812500e+01
-9.671731567382812500e+01
-9.671731567382812500e+01
-9.671731567382812500e+01
-9.671731567382812500e+01
-9.671731567382812500e+01
-9.671731567382812500e+01
-9.671731567382812500e+01
-9.671731567382812500e+01
-9.671731567382812500e+01
-9.671731567382812500e+01
-9.671731567382812500e+01
-9.671731567382812500e+01
-9.671731567382812500e+01
-9.671731567382812500e+01
-9.671731567382812500e+01
-9.671731567382812500e+01
-9.671731567382812500e+01
-9.671731567382812500e+01
-9.671731567382812500e+01
-9.671731567382812500e+01
-9.671731567382812500e+01
-9.671731567382812500e+01
-9.671731567382812500e+01
-9.671731567382812500e+01
-9.671731567382812500e+01
-9.671731567382812500e+01
-9.671731567382812500e+01
-9.671731567382812500e+01
-9.671731567382812500e+01
-9.671731567382812500e+01
-9.671731567382812500e+01
-9.671731567382812500e+01
-9.671731567382812500e+01
-9.671731567382812500e+01
-9.671731567382812500e+01
-9.671731567382812500e+01
-9.671731567382812500e+01
-9.671731567382812500e+01
-9.671731567382812500e+01
-9.671731567382812500e+01
-9.671731567382812500e+01
-9.671731567382812500e+01
-9.671731567382812500e+01
-9.671731567382812500e+01
-9.671731567382812500e+01
-9.671731567382812500e+01
-9.671731567382812500e+01
-9.671731567382812500e+01
-9.671731567382812500e+01
-9.671731567382812500e+01
-9.671731567382812500e+01
-9.671731567382812500e+01
-9.671731567382812500e+01
-9.671731567382812500e+01
-9.671731567382812500e+01
-9.671731567382812500e+01
-9.671731567382812500e+01
-9.671731567382812500e+01
-9.671731567382812500e+01
-9.671731567382812500e+01
-9.671731567382812500e+01
-9.671731567382812500e+01
-9.671731567382812500e+01
-9.671731567382812500e+01
-9.671731567382812500e+01
-9.671731567382812500e+01
-9.671731567382812500e+01
-9.671731567382812500e+01
-9.671731567382812500e+01
-9.671731567382812500e+01
-9.671731567382812500e+01
-9.671731567382812500e+01
-9.671731567382812500e+01
-9.671731567382812500e+01
-9.671731567382812500e+01
-9.671731567382812500e+01
-9.671731567382812500e+01
-9.671731567382812500e+01
-9.671731567382812500e+01
-9.671731567382812500e+01
-9.671731567382812500e+01
-9.671731567382812500e+01
-9.671731567382812500e+01
-9.671731567382812500e+01
-9.671731567382812500e+01
-9.671731567382812500e+01
-9.671731567382812500e+01
-9.671731567382812500e+01
-9.671731567382812500e+01
-9.671731567382812500e+01
-9.671731567382812500e+01
-9.671731567382812500e+01
-9.671731567382812500e+01
-9.671731567382812500e+01
-9.671731567382812500e+01
-9.671731567382812500e+01
-9.671731567382812500e+01
-9.671731567382812500e+01
-9.671731567382812500e+01
-9.671731567382812500e+01
-9.671731567382812500e+01
-9.671731567382812500e+01
-9.671731567382812500e+01
-9.671731567382812500e+01
-9.671731567382812500e+01
-9.671731567382812500e+01
-9.671731567382812500e+01
-9.671731567382812500e+01
-9.671731567382812500e+01
-9.671731567382812500e+01
-9.671731567382812500e+01
-9.671731567382812500e+01
-9.671731567382812500e+01
-9.671731567382812500e+01
-9.671731567382812500e+01
-9.671731567382812500e+01
-9.671731567382812500e+01
-9.671731567382812500e+01
-9.671731567382812500e+01
-9.671731567382812500e+01
-9.671731567382812500e+01
-9.671731567382812500e+01
-9.671731567382812500e+01
-9.671731567382812500e+01
-9.671731567382812500e+01
-9.671731567382812500e+01
-9.671731567382812500e+01
-9.671731567382812500e+01
-9.671731567382812500e+01
-9.671731567382812500e+01
-9.671731567382812500e+01
-9.671731567382812500e+01
-9.671731567382812500e+01
-9.671731567382812500e+01
-9.671731567382812500e+01
-9.671731567382812500e+01
-9.671731567382812500e+01
-9.671731567382812500e+01
-9.671731567382812500e+01
-9.671731567382812500e+01
-9.671731567382812500e+01
-9.671731567382812500e+01
-9.671731567382812500e+01
-9.671731567382812500e+01
-9.671731567382812500e+01
-9.671731567382812500e+01
-9.671731567382812500e+01
-9.671731567382812500e+01
-9.671731567382812500e+01
-9.671731567382812500e+01
-9.671731567382812500e+01
-9.671731567382812500e+01
-9.671731567382812500e+01
-9.671731567382812500e+01
-9.671731567382812500e+01
-9.671731567382812500e+01
-9.671731567382812500e+01
-9.671731567382812500e+01
-9.671731567382812500e+01
-9.671731567382812500e+01
-9.671731567382812500e+01
-9.671731567382812500e+01
-9.671731567382812500e+01
-9.671731567382812500e+01
-9.671731567382812500e+01
-9.671731567382812500e+01
-9.671731567382812500e+01
-9.671731567382812500e+01
-9.671731567382812500e+01
-9.671731567382812500e+01
-9.671731567382812500e+01
-9.671731567382812500e+01
-9.671731567382812500e+01
-9.671731567382812500e+01
-9.671731567382812500e+01
-9.671731567382812500e+01
-9.671731567382812500e+01
-9.671731567382812500e+01
-9.671731567382812500e+01
-9.671731567382812500e+01
-9.671731567382812500e+01
-9.671731567382812500e+01
-9.671731567382812500e+01
-9.671731567382812500e+01
-9.671731567382812500e+01
-9.671731567382812500e+01
-9.671731567382812500e+01
-9.671731567382812500e+01
-9.671731567382812500e+01
-9.671731567382812500e+01
-9.671731567382812500e+01
-9.671731567382812500e+01
-9.671731567382812500e+01
-9.671731567382812500e+01
-9.671731567382812500e+01
-9.671731567382812500e+01
-9.671731567382812500e+01
-9.671731567382812500e+01
-9.671731567382812500e+01
-9.671731567382812500e+01
-9.671731567382812500e+01
-9.671731567382812500e+01
-9.671731567382812500e+01
-9.671731567382812500e+01
-9.671731567382812500e+01
-9.671731567382812500e+01
-9.671731567382812500e+01
-9.671731567382812500e+01
-9.671731567382812500e+01
-9.671731567382812500e+01
-9.671731567382812500e+01
-9.671731567382812500e+01
-9.671731567382812500e+01
-9.671731567382812500e+01
-9.671731567382812500e+01
-9.671731567382812500e+01
-9.671731567382812500e+01
-9.671731567382812500e+01
-9.671731567382812500e+01
-9.671731567382812500e+01
-9.671731567382812500e+01
-9.671731567382812500e+01
-9.671731567382812500e+01
-9.671731567382812500e+01
-9.671731567382812500e+01
-9.671731567382812500e+01
-9.671731567382812500e+01
-9.671731567382812500e+01
-9.671731567382812500e+01
-9.671731567382812500e+01
-9.671731567382812500e+01
-9.671731567382812500e+01
-9.671731567382812500e+01
-9.671731567382812500e+01
-9.671731567382812500e+01
-9.671731567382812500e+01
-9.671731567382812500e+01
-9.671731567382812500e+01
-9.671731567382812500e+01
-9.671731567382812500e+01
-9.671731567382812500e+01
-9.671731567382812500e+01
-9.671731567382812500e+01
-9.671731567382812500e+01
-9.671731567382812500e+01
-9.671731567382812500e+01
-9.671731567382812500e+01
-9.671731567382812500e+01
-9.671731567382812500e+01
-9.671731567382812500e+01
-9.671731567382812500e+01
-9.671731567382812500e+01
-9.671731567382812500e+01
-9.671731567382812500e+01
-9.671731567382812500e+01
-9.671731567382812500e+01
-9.671731567382812500e+01
-9.671731567382812500e+01
-9.671731567382812500e+01
-9.671731567382812500e+01
-9.671731567382812500e+01
-9.671731567382812500e+01
-9.671731567382812500e+01
-9.671731567382812500e+01
-9.671731567382812500e+01
-9.671731567382812500e+01
-9.671731567382812500e+01
-9.671731567382812500e+01
-9.671731567382812500e+01
-9.671731567382812500e+01
-9.671731567382812500e+01
-9.671731567382812500e+01
-9.671731567382812500e+01
-9.671731567382812500e+01
-9.671731567382812500e+01
-9.671731567382812500e+01
-9.671731567382812500e+01
-9.671731567382812500e+01
-9.671731567382812500e+01
-9.671731567382812500e+01
-9.671731567382812500e+01
-9.671731567382812500e+01
-9.671731567382812500e+01
-9.671731567382812500e+01
-9.671731567382812500e+01
-9.671731567382812500e+01
-9.671731567382812500e+01
-9.671731567382812500e+01
-9.671731567382812500e+01
-9.671731567382812500e+01
-9.671731567382812500e+01
-9.671731567382812500e+01
-9.671731567382812500e+01
-9.671731567382812500e+01
-9.671731567382812500e+01
-9.671731567382812500e+01
-9.671731567382812500e+01
-9.671731567382812500e+01
-9.671731567382812500e+01
-9.671731567382812500e+01
-9.671731567382812500e+01
-9.671731567382812500e+01
-9.671731567382812500e+01
-9.671731567382812500e+01
-9.671731567382812500e+01
-9.671731567382812500e+01
-9.671731567382812500e+01
-9.671731567382812500e+01
-9.671731567382812500e+01
-9.671731567382812500e+01
-9.671731567382812500e+01
-9.671731567382812500e+01
-9.671731567382812500e+01
-9.671731567382812500e+01
-9.671731567382812500e+01
-9.671731567382812500e+01
-9.671731567382812500e+01
-9.671731567382812500e+01
-9.671731567382812500e+01
-9.671731567382812500e+01
-9.671731567382812500e+01
-9.671731567382812500e+01
-9.671731567382812500e+01
-9.671731567382812500e+01
-9.671731567382812500e+01
-9.671731567382812500e+01
-9.671731567382812500e+01
-9.671731567382812500e+01
-9.671731567382812500e+01
-9.671731567382812500e+01
-9.671731567382812500e+01
-9.671731567382812500e+01
-9.671731567382812500e+01
-9.671731567382812500e+01
-9.671731567382812500e+01
-9.671731567382812500e+01
-9.671731567382812500e+01
-9.671731567382812500e+01
-9.671731567382812500e+01
-9.671731567382812500e+01
-9.671731567382812500e+01
-9.671731567382812500e+01
-9.671731567382812500e+01
-9.671731567382812500e+01
-9.671731567382812500e+01
-9.671731567382812500e+01
-9.671731567382812500e+01
-9.671731567382812500e+01
-9.671731567382812500e+01
-9.671731567382812500e+01
-9.671731567382812500e+01
-9.671731567382812500e+01
-9.671731567382812500e+01
-9.671731567382812500e+01
-9.671731567382812500e+01
-9.671731567382812500e+01
-9.671731567382812500e+01
-9.671731567382812500e+01
-9.671731567382812500e+01
-9.671731567382812500e+01
-9.671731567382812500e+01
-9.671731567382812500e+01
-9.671731567382812500e+01
-9.671731567382812500e+01
-9.671731567382812500e+01
-9.671731567382812500e+01
-9.671731567382812500e+01
-9.671731567382812500e+01
-9.671731567382812500e+01
-9.671731567382812500e+01
-9.671731567382812500e+01
-9.671731567382812500e+01
-9.671731567382812500e+01
-9.671731567382812500e+01
-9.671731567382812500e+01
-9.671731567382812500e+01
-9.671731567382812500e+01
-9.671731567382812500e+01
-9.671731567382812500e+01
-9.671731567382812500e+01
-9.671731567382812500e+01
-9.671731567382812500e+01
-9.671731567382812500e+01
-9.671731567382812500e+01
-9.671731567382812500e+01
-9.671731567382812500e+01
-9.671731567382812500e+01
-9.671731567382812500e+01
-9.671731567382812500e+01
-9.671731567382812500e+01
-9.671731567382812500e+01
-9.671731567382812500e+01
-9.671731567382812500e+01
-9.671731567382812500e+01
-9.671731567382812500e+01
-9.671731567382812500e+01
-9.671731567382812500e+01
-9.671731567382812500e+01
-9.671731567382812500e+01
-9.671731567382812500e+01
-9.671731567382812500e+01
-9.671731567382812500e+01
-9.671731567382812500e+01
-9.671731567382812500e+01
-9.671731567382812500e+01
-9.671731567382812500e+01
-9.671731567382812500e+01
-9.671731567382812500e+01
-9.671731567382812500e+01
-9.671731567382812500e+01
-9.671731567382812500e+01
-9.671731567382812500e+01
-9.671731567382812500e+01
-9.671731567382812500e+01
-9.671731567382812500e+01
-9.671731567382812500e+01
-9.671731567382812500e+01
-9.671731567382812500e+01
-9.671731567382812500e+01
-9.671731567382812500e+01
-9.671731567382812500e+01
-9.671731567382812500e+01
-9.671731567382812500e+01
-9.671731567382812500e+01
-9.671731567382812500e+01
-9.671731567382812500e+01
-9.671731567382812500e+01
-9.671731567382812500e+01
-9.671731567382812500e+01
-9.671731567382812500e+01
-9.671731567382812500e+01
-9.671731567382812500e+01
-9.671731567382812500e+01
-9.671731567382812500e+01
-9.671731567382812500e+01
-9.671731567382812500e+01
-9.671731567382812500e+01
-9.671731567382812500e+01
-9.671731567382812500e+01
-9.671731567382812500e+01
-9.671731567382812500e+01
-9.671731567382812500e+01
-9.671731567382812500e+01
-9.671731567382812500e+01
-9.671731567382812500e+01
-9.671731567382812500e+01
-9.671731567382812500e+01
-9.671731567382812500e+01
-9.671731567382812500e+01
-9.671731567382812500e+01
-9.671731567382812500e+01
-9.671731567382812500e+01
-9.671731567382812500e+01
-9.671731567382812500e+01
-9.671731567382812500e+01
-9.671731567382812500e+01
-9.671731567382812500e+01
-9.671731567382812500e+01
-9.671731567382812500e+01
-9.671731567382812500e+01
-9.671731567382812500e+01
-9.671731567382812500e+01
-9.671731567382812500e+01
-9.671731567382812500e+01
-9.671731567382812500e+01
-9.671731567382812500e+01
-9.671731567382812500e+01
-9.671731567382812500e+01
-9.671731567382812500e+01
-9.671731567382812500e+01
-9.671731567382812500e+01
-9.671731567382812500e+01
-9.671731567382812500e+01
-9.671731567382812500e+01
-9.671731567382812500e+01
-9.671731567382812500e+01
-9.671731567382812500e+01
-9.671731567382812500e+01
-9.671731567382812500e+01
-9.671731567382812500e+01
-9.671731567382812500e+01
-9.671731567382812500e+01
-9.671731567382812500e+01
-9.671731567382812500e+01
-9.671731567382812500e+01
-9.671731567382812500e+01
-9.671731567382812500e+01
-9.671731567382812500e+01
-9.671731567382812500e+01
-9.671731567382812500e+01
-9.671731567382812500e+01
-9.671731567382812500e+01
-9.671731567382812500e+01
-9.671731567382812500e+01
-9.671731567382812500e+01
-9.671731567382812500e+01
-9.671731567382812500e+01
-9.671731567382812500e+01
-9.671731567382812500e+01
-9.671731567382812500e+01
-9.671731567382812500e+01
-9.671731567382812500e+01
-9.671731567382812500e+01
-9.671731567382812500e+01
-9.671731567382812500e+01
-9.671731567382812500e+01
-9.671731567382812500e+01
-9.671731567382812500e+01
-9.671731567382812500e+01
-9.671731567382812500e+01
-9.671731567382812500e+01
-9.671731567382812500e+01
-9.671731567382812500e+01
-9.671731567382812500e+01
-9.671731567382812500e+01
-9.671731567382812500e+01
-9.671731567382812500e+01
-9.671731567382812500e+01
-9.671731567382812500e+01
-9.671731567382812500e+01
-9.671731567382812500e+01
-9.671731567382812500e+01
-9.671731567382812500e+01
-9.671731567382812500e+01
-9.671731567382812500e+01
-9.671731567382812500e+01
-9.671731567382812500e+01
-9.671731567382812500e+01
-9.671731567382812500e+01
-9.671731567382812500e+01
-9.671731567382812500e+01
-9.671731567382812500e+01
-9.671731567382812500e+01
-9.671731567382812500e+01
-9.671731567382812500e+01
-9.671731567382812500e+01
-9.671731567382812500e+01
-9.671731567382812500e+01
-9.671731567382812500e+01
-9.671731567382812500e+01
-9.671731567382812500e+01
-9.671731567382812500e+01
-9.671731567382812500e+01
-9.671731567382812500e+01
-9.671731567382812500e+01
-9.671731567382812500e+01
-9.671731567382812500e+01
-9.671731567382812500e+01
-9.671731567382812500e+01
-9.671731567382812500e+01
-9.671731567382812500e+01
-9.671731567382812500e+01
-9.671731567382812500e+01
-9.671731567382812500e+01
-9.671731567382812500e+01
-9.671731567382812500e+01
-9.671731567382812500e+01
-9.671731567382812500e+01
-9.671731567382812500e+01
-9.671731567382812500e+01
-9.671731567382812500e+01
-9.671731567382812500e+01
-9.671731567382812500e+01
-9.671731567382812500e+01
-9.671731567382812500e+01
-9.671731567382812500e+01
-9.671731567382812500e+01
-9.671731567382812500e+01
-9.671731567382812500e+01
-9.671731567382812500e+01
-9.671731567382812500e+01
-9.671731567382812500e+01
-9.671731567382812500e+01
-9.671731567382812500e+01
-9.671731567382812500e+01
-9.671731567382812500e+01
-9.671731567382812500e+01
-9.671731567382812500e+01
-9.671731567382812500e+01
-9.671731567382812500e+01
-9.671731567382812500e+01
-9.671731567382812500e+01
-9.671731567382812500e+01
-9.671731567382812500e+01
-9.671731567382812500e+01
-9.671731567382812500e+01
-9.671731567382812500e+01
-9.671731567382812500e+01
-9.671731567382812500e+01
-9.671731567382812500e+01
-9.671731567382812500e+01
-9.671731567382812500e+01
-9.671731567382812500e+01
-9.671731567382812500e+01
-9.671731567382812500e+01
-9.671731567382812500e+01
-9.671731567382812500e+01
-9.671731567382812500e+01
-9.671731567382812500e+01
-9.671731567382812500e+01
-9.671731567382812500e+01
-9.671731567382812500e+01
-9.671731567382812500e+01
-9.671731567382812500e+01
-9.671731567382812500e+01
-9.671731567382812500e+01
-9.671731567382812500e+01
-9.671731567382812500e+01
-9.671731567382812500e+01
-9.671731567382812500e+01
-9.671731567382812500e+01
-9.671731567382812500e+01
-9.671731567382812500e+01
-9.671731567382812500e+01
-9.671731567382812500e+01
-9.671731567382812500e+01
-9.671731567382812500e+01
-9.671731567382812500e+01
-9.671731567382812500e+01
-9.671731567382812500e+01
-9.671731567382812500e+01
-9.671731567382812500e+01
-9.671731567382812500e+01
-9.671731567382812500e+01
-9.671731567382812500e+01
-9.671731567382812500e+01
-9.671731567382812500e+01
-9.671731567382812500e+01
-9.671731567382812500e+01
-9.671731567382812500e+01
-9.671731567382812500e+01
-9.671731567382812500e+01
-9.671731567382812500e+01
-9.671731567382812500e+01
-9.671731567382812500e+01
-9.671731567382812500e+01
-9.671731567382812500e+01
-9.671731567382812500e+01
-9.671731567382812500e+01
-9.671731567382812500e+01
-9.671731567382812500e+01
-9.671731567382812500e+01
-9.671731567382812500e+01
-9.671731567382812500e+01
-9.671731567382812500e+01
-9.671731567382812500e+01
-9.671731567382812500e+01
-9.671731567382812500e+01
-9.671731567382812500e+01
-9.671731567382812500e+01
-9.671731567382812500e+01
-9.671731567382812500e+01
-9.671731567382812500e+01
-9.671731567382812500e+01
-9.671731567382812500e+01
-9.671731567382812500e+01
-9.671731567382812500e+01
-9.671731567382812500e+01
-9.671731567382812500e+01
-9.671731567382812500e+01
-9.671731567382812500e+01
-9.671731567382812500e+01
-9.671731567382812500e+01
-9.671731567382812500e+01
-9.671731567382812500e+01
-9.671731567382812500e+01
-9.671731567382812500e+01
-9.671731567382812500e+01
-9.671731567382812500e+01
-9.671731567382812500e+01
-9.671731567382812500e+01
-9.671731567382812500e+01
-9.671731567382812500e+01
-9.671731567382812500e+01
-9.671731567382812500e+01
-9.671731567382812500e+01
-9.671731567382812500e+01
-9.671731567382812500e+01
-9.671731567382812500e+01
-9.671731567382812500e+01
-9.671731567382812500e+01
-9.671731567382812500e+01
-9.671731567382812500e+01
-9.671731567382812500e+01
-9.671731567382812500e+01
-9.671731567382812500e+01
-9.671731567382812500e+01
-9.671731567382812500e+01
-9.671731567382812500e+01
-9.671731567382812500e+01
-9.671731567382812500e+01
-9.671731567382812500e+01
-9.671731567382812500e+01
-9.671731567382812500e+01
-9.671731567382812500e+01
-9.671731567382812500e+01
-9.671731567382812500e+01
-9.671731567382812500e+01
-9.671731567382812500e+01
-9.671731567382812500e+01
-9.671731567382812500e+01
-9.671731567382812500e+01
-9.671731567382812500e+01
-9.671731567382812500e+01
-9.671731567382812500e+01
-9.671731567382812500e+01
-9.671731567382812500e+01
-9.671731567382812500e+01
-9.671731567382812500e+01
-9.671731567382812500e+01
-9.671731567382812500e+01
-9.671731567382812500e+01
-9.671731567382812500e+01
-9.671731567382812500e+01
-9.671731567382812500e+01
-9.671731567382812500e+01
-9.671731567382812500e+01
-9.671731567382812500e+01
-9.671731567382812500e+01
-9.671731567382812500e+01
-9.671731567382812500e+01
-9.671731567382812500e+01
-9.671731567382812500e+01
-9.671731567382812500e+01
-9.671731567382812500e+01
-9.671731567382812500e+01
-9.671731567382812500e+01
-9.671731567382812500e+01
-9.671731567382812500e+01
-9.671731567382812500e+01
-9.671731567382812500e+01
-9.671731567382812500e+01
-9.671731567382812500e+01
-9.671731567382812500e+01
-9.671731567382812500e+01
-9.671731567382812500e+01
-9.671731567382812500e+01
-9.671731567382812500e+01
-9.671731567382812500e+01
-9.671731567382812500e+01
-9.671731567382812500e+01
-9.671731567382812500e+01
-9.671731567382812500e+01
-9.671731567382812500e+01
-9.671731567382812500e+01
-9.671731567382812500e+01
-9.671731567382812500e+01
-9.671731567382812500e+01
-9.671731567382812500e+01
-9.671731567382812500e+01
-9.671731567382812500e+01
-9.671731567382812500e+01
-9.671731567382812500e+01
-9.671731567382812500e+01
-9.671731567382812500e+01
-9.671731567382812500e+01
-9.671731567382812500e+01
-9.671731567382812500e+01
-9.671731567382812500e+01
-9.671731567382812500e+01
-9.671731567382812500e+01
-9.671731567382812500e+01
-9.671731567382812500e+01
-9.671731567382812500e+01
-9.671731567382812500e+01
-9.671731567382812500e+01
-9.671731567382812500e+01
-9.671731567382812500e+01
-9.671731567382812500e+01
-9.671731567382812500e+01
-9.671731567382812500e+01
-9.671731567382812500e+01
-9.671731567382812500e+01
-9.671731567382812500e+01
-9.671731567382812500e+01
-9.671731567382812500e+01
-9.671731567382812500e+01
-9.671731567382812500e+01
-9.671731567382812500e+01
-9.671731567382812500e+01
-9.671731567382812500e+01
-9.671731567382812500e+01
-9.671731567382812500e+01
-9.671731567382812500e+01
-9.671731567382812500e+01
-9.671731567382812500e+01
-9.671731567382812500e+01
-9.671731567382812500e+01
-9.671731567382812500e+01
-9.671731567382812500e+01
-9.671731567382812500e+01
-9.671731567382812500e+01
-9.671731567382812500e+01
-9.671731567382812500e+01
-9.671731567382812500e+01
-9.671731567382812500e+01
-9.671731567382812500e+01
-9.671731567382812500e+01
-9.671731567382812500e+01
-9.671731567382812500e+01
-9.671731567382812500e+01
-9.671731567382812500e+01
-9.671731567382812500e+01
-9.671731567382812500e+01
-9.671731567382812500e+01
-9.671731567382812500e+01
-9.671731567382812500e+01
-9.671731567382812500e+01
-9.671731567382812500e+01
-9.671731567382812500e+01
-9.671731567382812500e+01
-9.671731567382812500e+01
-9.671731567382812500e+01
-9.671731567382812500e+01
-9.671731567382812500e+01
-9.671731567382812500e+01
-9.671731567382812500e+01
-9.671731567382812500e+01
-9.671731567382812500e+01
-9.671731567382812500e+01
-9.671731567382812500e+01
-9.671731567382812500e+01
-9.671731567382812500e+01
-9.671731567382812500e+01
-9.671731567382812500e+01
-9.671731567382812500e+01
-9.671731567382812500e+01
-9.671731567382812500e+01
-9.671731567382812500e+01
-9.671731567382812500e+01
-9.671731567382812500e+01
-9.671731567382812500e+01
-9.671731567382812500e+01
-9.671731567382812500e+01
-9.671731567382812500e+01
-9.671731567382812500e+01
-9.671731567382812500e+01
-9.671731567382812500e+01
-9.671731567382812500e+01
-9.671731567382812500e+01
-9.671731567382812500e+01
-9.671731567382812500e+01
-9.671731567382812500e+01
-9.671731567382812500e+01
-9.671731567382812500e+01
-9.671731567382812500e+01
-9.671731567382812500e+01
-9.671731567382812500e+01
-9.671731567382812500e+01
-9.671731567382812500e+01
-9.671731567382812500e+01
-9.671731567382812500e+01
-9.671731567382812500e+01
-9.671731567382812500e+01
-9.671731567382812500e+01
-9.671731567382812500e+01
-9.671731567382812500e+01
-9.671731567382812500e+01
-9.671731567382812500e+01
-9.671731567382812500e+01
-9.671731567382812500e+01
-9.671731567382812500e+01
-9.671731567382812500e+01
-9.671731567382812500e+01
-9.671731567382812500e+01
-9.671731567382812500e+01
-9.671731567382812500e+01
-9.671731567382812500e+01
-9.671731567382812500e+01
-9.671731567382812500e+01
-9.671731567382812500e+01
-9.671731567382812500e+01
-9.671731567382812500e+01
-9.671731567382812500e+01
-9.671731567382812500e+01
-9.671731567382812500e+01
-9.671731567382812500e+01
-9.671731567382812500e+01
-9.671731567382812500e+01
-9.671731567382812500e+01
-9.671731567382812500e+01
-9.671731567382812500e+01
-9.671731567382812500e+01
-9.671731567382812500e+01
-9.671731567382812500e+01
-9.671731567382812500e+01
-9.671731567382812500e+01
-9.671731567382812500e+01
-9.671731567382812500e+01
-9.671731567382812500e+01
-9.671731567382812500e+01
-9.671731567382812500e+01
-9.671731567382812500e+01
-9.671731567382812500e+01
-9.671731567382812500e+01
-9.671731567382812500e+01
-9.671731567382812500e+01
-9.671731567382812500e+01
-9.671731567382812500e+01
-9.671731567382812500e+01
-9.671731567382812500e+01
-9.671731567382812500e+01
-9.671731567382812500e+01
-9.671731567382812500e+01
-9.671731567382812500e+01
-9.671731567382812500e+01
-9.671731567382812500e+01
-9.671731567382812500e+01
-9.671731567382812500e+01
-9.671731567382812500e+01
-9.671731567382812500e+01
-9.671731567382812500e+01
-9.671731567382812500e+01
-9.671731567382812500e+01
-9.671731567382812500e+01
-9.671731567382812500e+01
-9.671731567382812500e+01
-9.671731567382812500e+01
-9.671731567382812500e+01
-9.671731567382812500e+01
-9.671731567382812500e+01
-9.671731567382812500e+01
-9.671731567382812500e+01
-9.671731567382812500e+01
-9.671731567382812500e+01
-9.671731567382812500e+01
-9.671731567382812500e+01
-9.671731567382812500e+01
-9.671731567382812500e+01
-9.671731567382812500e+01
-9.671731567382812500e+01
-9.671731567382812500e+01
-9.671731567382812500e+01
-9.671731567382812500e+01
-9.671731567382812500e+01
-9.671731567382812500e+01
-9.671731567382812500e+01
-9.671731567382812500e+01
-9.671731567382812500e+01
-9.671731567382812500e+01
-9.671731567382812500e+01
-9.671731567382812500e+01
-9.671731567382812500e+01
-9.671731567382812500e+01
-9.671731567382812500e+01
-9.671731567382812500e+01
-9.671731567382812500e+01
-9.671731567382812500e+01
-9.671731567382812500e+01
-9.671731567382812500e+01
-9.671731567382812500e+01
-9.671731567382812500e+01
-9.671731567382812500e+01
-9.671731567382812500e+01
-9.671731567382812500e+01
-9.671731567382812500e+01
-9.671731567382812500e+01
-9.671731567382812500e+01
-9.671731567382812500e+01
-9.671731567382812500e+01
-9.671731567382812500e+01
-9.671731567382812500e+01
-9.671731567382812500e+01
-9.671731567382812500e+01
-9.671731567382812500e+01
-9.671731567382812500e+01
-9.671731567382812500e+01
-9.671731567382812500e+01
-9.671731567382812500e+01
-9.671731567382812500e+01
-9.671731567382812500e+01
-9.671731567382812500e+01
-9.671731567382812500e+01
-9.671731567382812500e+01
-9.671731567382812500e+01
-9.671731567382812500e+01
-9.671731567382812500e+01
-9.671731567382812500e+01
-9.671731567382812500e+01
-9.671731567382812500e+01
-9.671731567382812500e+01
-9.671731567382812500e+01
-9.671731567382812500e+01
-9.671731567382812500e+01
-9.671731567382812500e+01
-9.671731567382812500e+01
-9.671731567382812500e+01
-9.671731567382812500e+01
-9.671731567382812500e+01
-9.671731567382812500e+01
-9.671731567382812500e+01
-9.671731567382812500e+01
-9.671731567382812500e+01
-9.671731567382812500e+01
-9.671731567382812500e+01
-9.671731567382812500e+01
-9.671731567382812500e+01
-9.671731567382812500e+01
-9.671731567382812500e+01
-9.671731567382812500e+01
-9.671731567382812500e+01
-9.671731567382812500e+01
-9.671731567382812500e+01
-9.671731567382812500e+01
-9.671731567382812500e+01
-9.671731567382812500e+01
-9.671731567382812500e+01
-9.671731567382812500e+01
-9.671731567382812500e+01
-9.671731567382812500e+01
-9.671731567382812500e+01
-9.671731567382812500e+01
-9.671731567382812500e+01
-9.671731567382812500e+01
-9.671731567382812500e+01
-9.671731567382812500e+01
-9.671731567382812500e+01
-9.671731567382812500e+01
-9.671731567382812500e+01
-9.671731567382812500e+01
-9.671731567382812500e+01
-9.671731567382812500e+01
-9.671731567382812500e+01
-9.671731567382812500e+01
-9.671731567382812500e+01
-9.671731567382812500e+01
-9.671731567382812500e+01
-9.671731567382812500e+01
-9.671731567382812500e+01
-9.671731567382812500e+01
-9.671731567382812500e+01
-9.671731567382812500e+01
-9.671731567382812500e+01
-9.671731567382812500e+01
-9.671731567382812500e+01
-9.671731567382812500e+01
-9.671731567382812500e+01
-9.671731567382812500e+01
-9.671731567382812500e+01
-9.671731567382812500e+01
-9.671731567382812500e+01
-9.671731567382812500e+01
-9.671731567382812500e+01
-9.671731567382812500e+01
-9.671731567382812500e+01
-9.671731567382812500e+01
-9.671731567382812500e+01
-9.671731567382812500e+01
-9.671731567382812500e+01
-9.671731567382812500e+01
-9.671731567382812500e+01
-9.671731567382812500e+01
-9.671731567382812500e+01
-9.671731567382812500e+01
-9.671731567382812500e+01
-9.671731567382812500e+01
-9.671731567382812500e+01
-9.671731567382812500e+01
-9.671731567382812500e+01
-9.671731567382812500e+01
-9.671731567382812500e+01
-9.671731567382812500e+01
-9.671731567382812500e+01
-9.671731567382812500e+01
-9.671731567382812500e+01
-9.671731567382812500e+01
-9.671731567382812500e+01
-9.671731567382812500e+01
-9.671731567382812500e+01
-9.671731567382812500e+01
-9.671731567382812500e+01
-9.671731567382812500e+01
-9.671731567382812500e+01
-9.671731567382812500e+01
-9.671731567382812500e+01
-9.671731567382812500e+01
-9.671731567382812500e+01
-9.671731567382812500e+01
-9.671731567382812500e+01
-9.671731567382812500e+01
-9.671731567382812500e+01
-9.671731567382812500e+01
-9.671731567382812500e+01
-9.671731567382812500e+01
-9.671731567382812500e+01
-9.671731567382812500e+01
-9.671731567382812500e+01
-9.671731567382812500e+01
-9.671731567382812500e+01
-9.671731567382812500e+01
-9.671731567382812500e+01
-9.671731567382812500e+01
-9.671731567382812500e+01
-9.671731567382812500e+01
-9.671731567382812500e+01
-9.671731567382812500e+01
-9.671731567382812500e+01
-9.671731567382812500e+01
-9.671731567382812500e+01
-9.671731567382812500e+01
-9.671731567382812500e+01
-9.671731567382812500e+01
-9.671731567382812500e+01
-9.671731567382812500e+01
-9.671731567382812500e+01
-9.671731567382812500e+01
-9.671731567382812500e+01
-9.671731567382812500e+01
-9.671731567382812500e+01
-9.671731567382812500e+01
-9.671731567382812500e+01
-9.671731567382812500e+01
-9.671731567382812500e+01
-9.671731567382812500e+01
-9.671731567382812500e+01
-9.671731567382812500e+01
-9.671731567382812500e+01
-9.671731567382812500e+01
-9.671731567382812500e+01
-9.671731567382812500e+01
-9.671731567382812500e+01
-9.671731567382812500e+01
-9.671731567382812500e+01
-9.671731567382812500e+01
-9.671731567382812500e+01
-9.671731567382812500e+01
-9.671731567382812500e+01
-9.671731567382812500e+01
-9.671731567382812500e+01
-9.671731567382812500e+01
-9.671731567382812500e+01
-9.671731567382812500e+01
-9.671731567382812500e+01
-9.671731567382812500e+01
-9.671731567382812500e+01
-9.671731567382812500e+01
-9.671731567382812500e+01
-9.671731567382812500e+01
-9.671731567382812500e+01
-9.671731567382812500e+01
-9.671731567382812500e+01
-9.671731567382812500e+01
-9.671731567382812500e+01
-9.671731567382812500e+01
-9.671731567382812500e+01
-9.671731567382812500e+01
-9.671731567382812500e+01
-9.671731567382812500e+01
-9.671731567382812500e+01
-9.671731567382812500e+01
-9.671731567382812500e+01
-9.671731567382812500e+01
-9.671731567382812500e+01
-9.671731567382812500e+01
-9.671731567382812500e+01
-9.671731567382812500e+01
-9.671731567382812500e+01
-9.671731567382812500e+01
-9.671731567382812500e+01
-9.671731567382812500e+01
-9.671731567382812500e+01
-9.671731567382812500e+01
-9.671731567382812500e+01
-9.671731567382812500e+01
-9.671731567382812500e+01
-9.671731567382812500e+01
-9.671731567382812500e+01
-9.671731567382812500e+01
-9.671731567382812500e+01
-9.671731567382812500e+01
-9.671731567382812500e+01
-9.671731567382812500e+01
-9.671731567382812500e+01
-9.671731567382812500e+01
-9.671731567382812500e+01
-9.671731567382812500e+01
-9.671731567382812500e+01
-9.671731567382812500e+01
-9.671731567382812500e+01
-9.671731567382812500e+01
-9.671731567382812500e+01
-9.671731567382812500e+01
-9.671731567382812500e+01
-9.671731567382812500e+01
-9.671731567382812500e+01
-9.671731567382812500e+01
-9.671731567382812500e+01
-9.671731567382812500e+01
-9.671731567382812500e+01
-9.671731567382812500e+01
-9.671731567382812500e+01
-9.671731567382812500e+01
-9.671731567382812500e+01
-9.671731567382812500e+01
-9.671731567382812500e+01
-9.671731567382812500e+01
-9.671731567382812500e+01
-9.671731567382812500e+01
-9.671731567382812500e+01
-9.671731567382812500e+01
-9.671731567382812500e+01
-9.671731567382812500e+01
-9.671731567382812500e+01
-9.671731567382812500e+01
-9.671731567382812500e+01
-9.671731567382812500e+01
-9.671731567382812500e+01
-9.671731567382812500e+01
-9.671731567382812500e+01
-9.671731567382812500e+01
-9.671731567382812500e+01
-9.671731567382812500e+01
-9.671731567382812500e+01
-9.671731567382812500e+01
-9.671731567382812500e+01
-9.671731567382812500e+01
-9.671731567382812500e+01
-9.671731567382812500e+01
-9.671731567382812500e+01
-9.671731567382812500e+01
-9.671731567382812500e+01
-9.671731567382812500e+01
-9.671731567382812500e+01
-9.671731567382812500e+01
-9.671731567382812500e+01
-9.671731567382812500e+01
-9.671731567382812500e+01
-9.671731567382812500e+01
-9.671731567382812500e+01
-9.671731567382812500e+01
-9.671731567382812500e+01
-9.671731567382812500e+01
-9.671731567382812500e+01
-9.671731567382812500e+01
-9.671731567382812500e+01
-9.671731567382812500e+01
-9.671731567382812500e+01
-9.671731567382812500e+01
-9.671731567382812500e+01
-9.671731567382812500e+01
-9.671731567382812500e+01
-9.671731567382812500e+01
-9.671731567382812500e+01
-9.671731567382812500e+01
-9.671731567382812500e+01
-9.671731567382812500e+01
-9.671731567382812500e+01
-9.671731567382812500e+01
-9.671731567382812500e+01
-9.671731567382812500e+01
-9.671731567382812500e+01
-9.671731567382812500e+01
-9.671731567382812500e+01
-9.671731567382812500e+01
-9.671731567382812500e+01
-9.671731567382812500e+01
-9.671731567382812500e+01
-9.671731567382812500e+01
-9.671731567382812500e+01
-9.671731567382812500e+01
-9.671731567382812500e+01
-9.671731567382812500e+01
-9.671731567382812500e+01
-9.671731567382812500e+01
-9.671731567382812500e+01
-9.671731567382812500e+01
-9.671731567382812500e+01
-9.671731567382812500e+01
-9.671731567382812500e+01
-9.671731567382812500e+01
-9.671731567382812500e+01
-9.671731567382812500e+01
-9.671731567382812500e+01
-9.671731567382812500e+01
-9.671731567382812500e+01
-9.671731567382812500e+01
-9.671731567382812500e+01
-9.671731567382812500e+01
-9.671731567382812500e+01
-9.671731567382812500e+01
-9.671731567382812500e+01
-9.671731567382812500e+01
-9.671731567382812500e+01
-9.671731567382812500e+01
-9.671731567382812500e+01
-9.671731567382812500e+01
-9.671731567382812500e+01
-9.671731567382812500e+01
-9.671731567382812500e+01
-9.671731567382812500e+01
-9.671731567382812500e+01
-9.671731567382812500e+01
-9.671731567382812500e+01
-9.671731567382812500e+01
-9.671731567382812500e+01
-9.671731567382812500e+01
-9.671731567382812500e+01
-9.671731567382812500e+01
-9.671731567382812500e+01
-9.671731567382812500e+01
-9.671731567382812500e+01
-9.671731567382812500e+01
-9.671731567382812500e+01
-9.671731567382812500e+01
-9.671731567382812500e+01
-9.671731567382812500e+01
-9.671731567382812500e+01
-9.671731567382812500e+01
-9.671731567382812500e+01
-9.671731567382812500e+01
-9.671731567382812500e+01
-9.671731567382812500e+01
-9.671731567382812500e+01
-9.671731567382812500e+01
-9.671731567382812500e+01
-9.671731567382812500e+01
-9.671731567382812500e+01
-9.671731567382812500e+01
-9.671731567382812500e+01
-9.671731567382812500e+01
-9.671731567382812500e+01
-9.671731567382812500e+01
-9.671731567382812500e+01
-9.671731567382812500e+01
-9.671731567382812500e+01
-9.671731567382812500e+01
-9.671731567382812500e+01
-9.671731567382812500e+01
-9.671731567382812500e+01
-9.671731567382812500e+01
-9.671731567382812500e+01
-9.671731567382812500e+01
-9.671731567382812500e+01
-9.671731567382812500e+01
-9.671731567382812500e+01
-9.671731567382812500e+01
-9.671731567382812500e+01
-9.671731567382812500e+01
-9.671731567382812500e+01
-9.671731567382812500e+01
-9.671731567382812500e+01
-9.671731567382812500e+01
-9.671731567382812500e+01
-9.671731567382812500e+01
-9.671731567382812500e+01
-9.671731567382812500e+01
-9.671731567382812500e+01
-9.671731567382812500e+01
-9.671731567382812500e+01
-9.671731567382812500e+01
-9.671731567382812500e+01
-9.671731567382812500e+01
-9.671731567382812500e+01
-9.671731567382812500e+01
-9.671731567382812500e+01
-9.671731567382812500e+01
-9.671731567382812500e+01
-9.671731567382812500e+01
-9.671731567382812500e+01
-9.671731567382812500e+01
-9.671731567382812500e+01
-9.671731567382812500e+01
-9.671731567382812500e+01
-9.671731567382812500e+01
-9.671731567382812500e+01
-9.671731567382812500e+01
-9.671731567382812500e+01
-9.671731567382812500e+01
-9.671731567382812500e+01
-9.671731567382812500e+01
-9.671731567382812500e+01
-9.671731567382812500e+01
-9.671731567382812500e+01
-9.671731567382812500e+01
-9.671731567382812500e+01
-9.671731567382812500e+01
-9.671731567382812500e+01
-9.671731567382812500e+01
-9.671731567382812500e+01
-9.671731567382812500e+01
-9.671731567382812500e+01
-9.671731567382812500e+01
-9.671731567382812500e+01
-9.671731567382812500e+01
-9.671731567382812500e+01
-9.671731567382812500e+01
-9.671731567382812500e+01
-9.671731567382812500e+01
-9.671731567382812500e+01
-9.671731567382812500e+01
-9.671731567382812500e+01
-9.671731567382812500e+01
-9.671731567382812500e+01
-9.671731567382812500e+01
-9.671731567382812500e+01
-9.671731567382812500e+01
-9.671731567382812500e+01
-9.671731567382812500e+01
-9.671731567382812500e+01
-9.671731567382812500e+01
-9.671731567382812500e+01
-9.671731567382812500e+01
-9.671731567382812500e+01
-9.671731567382812500e+01
-9.671731567382812500e+01
-9.671731567382812500e+01
-9.671731567382812500e+01
-9.671731567382812500e+01
-9.671731567382812500e+01
-9.671731567382812500e+01
-9.671731567382812500e+01
-9.671731567382812500e+01
-9.671731567382812500e+01
-9.671731567382812500e+01
-9.671731567382812500e+01
-9.671731567382812500e+01
-9.671731567382812500e+01
-9.671731567382812500e+01
-9.671731567382812500e+01
-9.671731567382812500e+01
-9.671731567382812500e+01
-9.671731567382812500e+01
-9.671731567382812500e+01
-9.671731567382812500e+01
-9.671731567382812500e+01
-9.671731567382812500e+01
-9.671731567382812500e+01
-9.671731567382812500e+01
-9.671731567382812500e+01
-9.671731567382812500e+01
-9.671731567382812500e+01
-9.671731567382812500e+01
-9.671731567382812500e+01
-9.671731567382812500e+01
-9.671731567382812500e+01
-9.671731567382812500e+01
-9.671731567382812500e+01
-9.671731567382812500e+01
-9.671731567382812500e+01
-9.671731567382812500e+01
-9.671731567382812500e+01
-9.671731567382812500e+01
-9.671731567382812500e+01
-9.671731567382812500e+01
-9.671731567382812500e+01
-9.671731567382812500e+01
-9.671731567382812500e+01
-9.671731567382812500e+01
-9.671731567382812500e+01
-9.671731567382812500e+01
-9.671731567382812500e+01
-9.671731567382812500e+01
-9.671731567382812500e+01
-9.671731567382812500e+01
-9.671731567382812500e+01
-9.671731567382812500e+01
-9.671731567382812500e+01
-9.671731567382812500e+01
-9.671731567382812500e+01
-9.671731567382812500e+01
-9.671731567382812500e+01
-9.671731567382812500e+01
-9.671731567382812500e+01
-9.671731567382812500e+01
-9.671731567382812500e+01
-9.671731567382812500e+01
-9.671731567382812500e+01
-9.671731567382812500e+01
-9.671731567382812500e+01
-9.671731567382812500e+01
-9.671731567382812500e+01
-9.671731567382812500e+01
-9.671731567382812500e+01
-9.671731567382812500e+01
-9.671731567382812500e+01
-9.671731567382812500e+01
-9.671731567382812500e+01
-9.671731567382812500e+01
-9.671731567382812500e+01
-9.671731567382812500e+01
-9.671731567382812500e+01
-9.671731567382812500e+01
-9.671731567382812500e+01
-9.671731567382812500e+01
-9.671731567382812500e+01
-9.671731567382812500e+01
-9.671731567382812500e+01
-9.671731567382812500e+01
-9.671731567382812500e+01
-9.671731567382812500e+01
-9.671731567382812500e+01
-9.671731567382812500e+01
-9.671731567382812500e+01
-9.671731567382812500e+01
-9.671731567382812500e+01
-9.671731567382812500e+01
-9.671731567382812500e+01
-9.671731567382812500e+01
-9.671731567382812500e+01
-9.671731567382812500e+01
-9.671731567382812500e+01
-9.671731567382812500e+01
-9.671731567382812500e+01
-9.671731567382812500e+01
-9.671731567382812500e+01
-9.671731567382812500e+01
-9.671731567382812500e+01
-9.671731567382812500e+01
-9.671731567382812500e+01
-9.671731567382812500e+01
-9.671731567382812500e+01
-9.671731567382812500e+01
-9.671731567382812500e+01
-9.671731567382812500e+01
-9.671731567382812500e+01
-9.671731567382812500e+01
-9.671731567382812500e+01
-9.671731567382812500e+01
-9.671731567382812500e+01
-9.671731567382812500e+01
-9.671731567382812500e+01
-9.671731567382812500e+01
-9.671731567382812500e+01
-9.671731567382812500e+01
-9.671731567382812500e+01
-9.671731567382812500e+01
-9.671731567382812500e+01
-9.671731567382812500e+01
-9.671731567382812500e+01
-9.671731567382812500e+01
-9.671731567382812500e+01
-9.671731567382812500e+01
-9.671731567382812500e+01
-9.671731567382812500e+01
-9.671731567382812500e+01
-9.671731567382812500e+01
-9.671731567382812500e+01
-9.671731567382812500e+01
-9.671731567382812500e+01
-9.671731567382812500e+01
-9.671731567382812500e+01
-9.671731567382812500e+01
-9.671731567382812500e+01
-9.671731567382812500e+01
-9.671731567382812500e+01
-9.671731567382812500e+01
-9.671731567382812500e+01
-9.671731567382812500e+01
-9.671731567382812500e+01
-9.671731567382812500e+01
-9.671731567382812500e+01
-9.671731567382812500e+01
-9.671731567382812500e+01
-9.671731567382812500e+01
-9.671731567382812500e+01
-9.671731567382812500e+01
-9.671731567382812500e+01
-9.671731567382812500e+01
-9.671731567382812500e+01
-9.671731567382812500e+01
-9.671731567382812500e+01
-9.671731567382812500e+01
-9.671731567382812500e+01
-9.671731567382812500e+01
-9.671731567382812500e+01
-9.671731567382812500e+01
-9.671731567382812500e+01
-9.671731567382812500e+01
-9.671731567382812500e+01
-9.671731567382812500e+01
-9.671731567382812500e+01
-9.671731567382812500e+01
-9.671731567382812500e+01
-9.671731567382812500e+01
-9.671731567382812500e+01
-9.671731567382812500e+01
-9.671731567382812500e+01
-9.671731567382812500e+01
-9.671731567382812500e+01
-9.671731567382812500e+01
-9.671731567382812500e+01
-9.671731567382812500e+01
-9.671731567382812500e+01
-9.671731567382812500e+01
-9.671731567382812500e+01
-9.671731567382812500e+01
-9.671731567382812500e+01
-9.671731567382812500e+01
-9.671731567382812500e+01
-9.671731567382812500e+01
-9.671731567382812500e+01
-9.671731567382812500e+01
-9.671731567382812500e+01
-9.671731567382812500e+01
-9.671731567382812500e+01
-9.671731567382812500e+01
-9.671731567382812500e+01
-9.671731567382812500e+01
-9.671731567382812500e+01
-9.671731567382812500e+01
-9.671731567382812500e+01
-9.671731567382812500e+01
-9.671731567382812500e+01
-9.671731567382812500e+01
-9.671731567382812500e+01
-9.671731567382812500e+01
-9.671731567382812500e+01
-9.671731567382812500e+01
-9.671731567382812500e+01
-9.671731567382812500e+01
-9.671731567382812500e+01
-9.671731567382812500e+01
-9.671731567382812500e+01
-9.671731567382812500e+01
-9.671731567382812500e+01
-9.671731567382812500e+01
-9.671731567382812500e+01
-9.671731567382812500e+01
-9.671731567382812500e+01
-9.671731567382812500e+01
-9.671731567382812500e+01
-9.671731567382812500e+01
-9.671731567382812500e+01
-9.671731567382812500e+01
-9.671731567382812500e+01
-9.671731567382812500e+01
-9.671731567382812500e+01
-9.671731567382812500e+01
-9.671731567382812500e+01
-9.671731567382812500e+01
-9.671731567382812500e+01
-9.671731567382812500e+01
-9.671731567382812500e+01
-9.671731567382812500e+01
-9.671731567382812500e+01
-9.671731567382812500e+01
-9.671731567382812500e+01
-9.671731567382812500e+01
-9.671731567382812500e+01
-9.671731567382812500e+01
-9.671731567382812500e+01
-9.671731567382812500e+01
-9.671731567382812500e+01
-9.671731567382812500e+01
-9.671731567382812500e+01
-9.671731567382812500e+01
-9.671731567382812500e+01
-9.671731567382812500e+01
-9.671731567382812500e+01
-9.671731567382812500e+01
-9.671731567382812500e+01
-9.671731567382812500e+01
-9.671731567382812500e+01
-9.671731567382812500e+01
-9.671731567382812500e+01
-9.671731567382812500e+01
-9.671731567382812500e+01
-9.671731567382812500e+01
-9.671731567382812500e+01
-9.671731567382812500e+01
-9.671731567382812500e+01
-9.671731567382812500e+01
-9.671731567382812500e+01
-9.671731567382812500e+01
-9.671731567382812500e+01
-9.671731567382812500e+01
-9.671731567382812500e+01
-9.671731567382812500e+01
-9.671731567382812500e+01
-9.671731567382812500e+01
-9.671731567382812500e+01
-9.671731567382812500e+01
-9.671731567382812500e+01
-9.671731567382812500e+01
-9.671731567382812500e+01
-9.671731567382812500e+01
-9.671731567382812500e+01
-9.671731567382812500e+01
-9.671731567382812500e+01
-9.671731567382812500e+01
-9.671731567382812500e+01
-9.671731567382812500e+01
-9.671731567382812500e+01
-9.671731567382812500e+01
-9.671731567382812500e+01
-9.671731567382812500e+01
-9.671731567382812500e+01
-9.671731567382812500e+01
-9.671731567382812500e+01
-9.671731567382812500e+01
-9.671731567382812500e+01
-9.671731567382812500e+01
-9.671731567382812500e+01
-9.671731567382812500e+01
-9.671731567382812500e+01
-9.671731567382812500e+01
-9.671731567382812500e+01
-9.671731567382812500e+01
-9.671731567382812500e+01
-9.671731567382812500e+01
-9.671731567382812500e+01
-9.671731567382812500e+01
-9.671731567382812500e+01
-9.671731567382812500e+01
-9.671731567382812500e+01
-9.671731567382812500e+01
-9.671731567382812500e+01
-9.671731567382812500e+01
-9.671731567382812500e+01
-9.671731567382812500e+01
-9.671731567382812500e+01
-9.671731567382812500e+01
-9.671731567382812500e+01
-9.671731567382812500e+01
-9.671731567382812500e+01
-9.671731567382812500e+01
-9.671731567382812500e+01
-9.671731567382812500e+01
-9.671731567382812500e+01
-9.671731567382812500e+01
-9.671731567382812500e+01
-9.671731567382812500e+01
-9.671731567382812500e+01
-9.671731567382812500e+01
-9.671731567382812500e+01
-9.671731567382812500e+01
-9.671731567382812500e+01
-9.671731567382812500e+01
-9.671731567382812500e+01
-9.671731567382812500e+01
-9.671731567382812500e+01
-9.671731567382812500e+01
-9.671731567382812500e+01
-9.671731567382812500e+01
-9.671731567382812500e+01
-9.671731567382812500e+01
-9.671731567382812500e+01
-9.671731567382812500e+01
-9.671731567382812500e+01
-9.671731567382812500e+01
-9.671731567382812500e+01
-9.671731567382812500e+01
-9.671731567382812500e+01
-9.671731567382812500e+01
-9.671731567382812500e+01
-9.671731567382812500e+01
-9.671731567382812500e+01
-9.671731567382812500e+01
-9.671731567382812500e+01
-9.671731567382812500e+01
-9.671731567382812500e+01
-9.671731567382812500e+01
-9.671731567382812500e+01
-9.671731567382812500e+01
-9.671731567382812500e+01
-9.671731567382812500e+01
-9.671731567382812500e+01
-9.671731567382812500e+01
-9.671731567382812500e+01
-9.671731567382812500e+01
-9.671731567382812500e+01
-9.671731567382812500e+01
-9.671731567382812500e+01
-9.671731567382812500e+01
-9.671731567382812500e+01
-9.671731567382812500e+01
-9.671731567382812500e+01
-9.671731567382812500e+01
-9.671731567382812500e+01
-9.671731567382812500e+01
-9.671731567382812500e+01
-9.671731567382812500e+01
-9.671731567382812500e+01
-9.671731567382812500e+01
-9.671731567382812500e+01
-9.671731567382812500e+01
-9.671731567382812500e+01
-9.671731567382812500e+01
-9.671731567382812500e+01
-9.671731567382812500e+01
-9.671731567382812500e+01
-9.671731567382812500e+01
-9.671731567382812500e+01
-9.671731567382812500e+01
-9.671731567382812500e+01
-9.671731567382812500e+01
-9.671731567382812500e+01
-9.671731567382812500e+01
-9.671731567382812500e+01
-9.671731567382812500e+01
-9.671731567382812500e+01
-9.671731567382812500e+01
-9.671731567382812500e+01
-9.671731567382812500e+01
-9.671731567382812500e+01
-9.671731567382812500e+01
-9.671731567382812500e+01
-9.671731567382812500e+01
-9.671731567382812500e+01
-9.671731567382812500e+01
-9.671731567382812500e+01
-9.671731567382812500e+01
-9.671731567382812500e+01
-9.671731567382812500e+01
-9.671731567382812500e+01
-9.671731567382812500e+01
-9.671731567382812500e+01
-9.671731567382812500e+01
-9.671731567382812500e+01
-9.671731567382812500e+01
-9.671731567382812500e+01
-9.671731567382812500e+01
-9.671731567382812500e+01
-9.671731567382812500e+01
-9.671731567382812500e+01
-9.671731567382812500e+01
-9.671731567382812500e+01
-9.671731567382812500e+01
-9.671731567382812500e+01
-9.671731567382812500e+01
-9.671731567382812500e+01
-9.671731567382812500e+01
-9.671731567382812500e+01
-9.671731567382812500e+01
-9.671731567382812500e+01
-9.671731567382812500e+01
-9.671731567382812500e+01
-9.671731567382812500e+01
-9.671731567382812500e+01
-9.671731567382812500e+01
-9.671731567382812500e+01
-9.671731567382812500e+01
-9.671731567382812500e+01
-9.671731567382812500e+01
-9.671731567382812500e+01
-9.671731567382812500e+01
-9.671731567382812500e+01
-9.671731567382812500e+01
-9.671731567382812500e+01
-9.671731567382812500e+01
-9.671731567382812500e+01
-9.671731567382812500e+01
-9.671731567382812500e+01
-9.671731567382812500e+01
-9.671731567382812500e+01
-9.671731567382812500e+01
-9.671731567382812500e+01
-9.671731567382812500e+01
-9.671731567382812500e+01
-9.671731567382812500e+01
-9.671731567382812500e+01
-9.671731567382812500e+01
-9.671731567382812500e+01
-9.671731567382812500e+01
-9.671731567382812500e+01
-9.671731567382812500e+01
-9.671731567382812500e+01
-9.671731567382812500e+01
-9.671731567382812500e+01
-9.671731567382812500e+01
-9.671731567382812500e+01
-9.671731567382812500e+01
-9.671731567382812500e+01
-9.671731567382812500e+01
-9.671731567382812500e+01
-9.671731567382812500e+01
-9.671731567382812500e+01
-9.671731567382812500e+01
-9.671731567382812500e+01
-9.671731567382812500e+01
-9.671731567382812500e+01
-9.671731567382812500e+01
-9.671731567382812500e+01
-9.671731567382812500e+01
-9.671731567382812500e+01
-9.671731567382812500e+01
-9.671731567382812500e+01
-9.671731567382812500e+01
-9.671731567382812500e+01
-9.671731567382812500e+01
-9.671731567382812500e+01
-9.671731567382812500e+01
-9.671731567382812500e+01
-9.671731567382812500e+01
-9.671731567382812500e+01
-9.671731567382812500e+01
-9.671731567382812500e+01
-9.671731567382812500e+01
-9.671731567382812500e+01
-9.671731567382812500e+01
-9.671731567382812500e+01
-9.671731567382812500e+01
-9.671731567382812500e+01
-9.671731567382812500e+01
-9.671731567382812500e+01
-9.671731567382812500e+01
-9.671731567382812500e+01
-9.671731567382812500e+01
-9.671731567382812500e+01
-9.671731567382812500e+01
-9.671731567382812500e+01
-9.671731567382812500e+01
-9.671731567382812500e+01
-9.671731567382812500e+01
-9.671731567382812500e+01
-9.671731567382812500e+01
-9.671731567382812500e+01
-9.671731567382812500e+01
-9.671731567382812500e+01
-9.671731567382812500e+01
-9.671731567382812500e+01
-9.671731567382812500e+01
-9.671731567382812500e+01
-9.671731567382812500e+01
-9.671731567382812500e+01
-9.671731567382812500e+01
-9.671731567382812500e+01
-9.671731567382812500e+01
-9.671731567382812500e+01
-9.671731567382812500e+01
-9.671731567382812500e+01
-9.671731567382812500e+01
-9.671731567382812500e+01
-9.671731567382812500e+01
-9.671731567382812500e+01
-9.671731567382812500e+01
-9.671731567382812500e+01
-9.671731567382812500e+01
-9.671731567382812500e+01
-9.671731567382812500e+01
-9.671731567382812500e+01
-9.671731567382812500e+01
-9.671731567382812500e+01
-9.671731567382812500e+01
-9.671731567382812500e+01
-9.671731567382812500e+01
-9.671731567382812500e+01
-9.671731567382812500e+01
-9.671731567382812500e+01
-9.671731567382812500e+01
-9.671731567382812500e+01
-9.671731567382812500e+01
-9.671731567382812500e+01
-9.671731567382812500e+01
-9.671731567382812500e+01
-9.671731567382812500e+01
-9.671731567382812500e+01
-9.671731567382812500e+01
-9.671731567382812500e+01
-9.671731567382812500e+01
-9.671731567382812500e+01
-9.671731567382812500e+01
-9.671731567382812500e+01
-9.671731567382812500e+01
-9.671731567382812500e+01
-9.671731567382812500e+01
-9.671731567382812500e+01
-9.671731567382812500e+01
-9.671731567382812500e+01
-9.671731567382812500e+01
-9.671731567382812500e+01
-9.671731567382812500e+01
-9.671731567382812500e+01
-9.671731567382812500e+01
-9.671731567382812500e+01
-9.671731567382812500e+01
-9.671731567382812500e+01
-9.671731567382812500e+01
-9.671731567382812500e+01
-9.671731567382812500e+01
-9.671731567382812500e+01
-9.671731567382812500e+01
-9.671731567382812500e+01
-9.671731567382812500e+01
-9.671731567382812500e+01
-9.671731567382812500e+01
-9.671731567382812500e+01
-9.671731567382812500e+01
-9.671731567382812500e+01
-9.671731567382812500e+01
-9.671731567382812500e+01
-9.671731567382812500e+01
-9.671731567382812500e+01
-9.671731567382812500e+01
-9.671731567382812500e+01
-9.671731567382812500e+01
-9.671731567382812500e+01
-9.671731567382812500e+01
-9.671731567382812500e+01
-9.671731567382812500e+01
-9.671731567382812500e+01
-9.671731567382812500e+01
-9.671731567382812500e+01
-9.671731567382812500e+01
-9.671731567382812500e+01
-9.671731567382812500e+01
-9.671731567382812500e+01
-9.671731567382812500e+01
-9.671731567382812500e+01
-9.671731567382812500e+01
-9.671731567382812500e+01
-9.671731567382812500e+01
-9.671731567382812500e+01
-9.671731567382812500e+01
-9.671731567382812500e+01
-9.671731567382812500e+01
-9.671731567382812500e+01
-9.671731567382812500e+01
-9.671731567382812500e+01
-9.671731567382812500e+01
-9.671731567382812500e+01
-9.671731567382812500e+01
-9.671731567382812500e+01
-9.671731567382812500e+01
-9.671731567382812500e+01
-9.671731567382812500e+01
-9.671731567382812500e+01
-9.671731567382812500e+01
-9.671731567382812500e+01
-9.671731567382812500e+01
-9.671731567382812500e+01
-9.671731567382812500e+01
-9.671731567382812500e+01
-9.671731567382812500e+01
-9.671731567382812500e+01
-9.671731567382812500e+01
-9.671731567382812500e+01
-9.671731567382812500e+01
-9.671731567382812500e+01
-9.671731567382812500e+01
-9.671731567382812500e+01
-9.671731567382812500e+01
-9.671731567382812500e+01
-9.671731567382812500e+01
-9.671731567382812500e+01
-9.671731567382812500e+01
-9.671731567382812500e+01
-9.671731567382812500e+01
-9.671731567382812500e+01
-9.671731567382812500e+01
-9.671731567382812500e+01
-9.671731567382812500e+01
-9.671731567382812500e+01
-9.671731567382812500e+01
-9.671731567382812500e+01
-9.671731567382812500e+01
-9.671731567382812500e+01
-9.671731567382812500e+01
-9.671731567382812500e+01
-9.671731567382812500e+01
-9.671731567382812500e+01
-9.671731567382812500e+01
-9.671731567382812500e+01
-9.671731567382812500e+01
-9.671731567382812500e+01
-9.671731567382812500e+01
-9.671731567382812500e+01
-9.671731567382812500e+01
-9.671731567382812500e+01
-9.671731567382812500e+01
-9.671731567382812500e+01
-9.671731567382812500e+01
-9.671731567382812500e+01
-9.671731567382812500e+01
-9.671731567382812500e+01
-9.671731567382812500e+01
-9.671731567382812500e+01
-9.671731567382812500e+01
-9.671731567382812500e+01
-9.671731567382812500e+01
-9.671731567382812500e+01
-9.671731567382812500e+01
-9.671731567382812500e+01
-9.671731567382812500e+01
-9.671731567382812500e+01
-9.671731567382812500e+01
-9.671731567382812500e+01
-9.671731567382812500e+01
-9.671731567382812500e+01
-9.671731567382812500e+01
-9.671731567382812500e+01
-9.671731567382812500e+01
-9.671731567382812500e+01
-9.671731567382812500e+01
-9.671731567382812500e+01
-9.671731567382812500e+01
-9.671731567382812500e+01
-9.671731567382812500e+01
-9.671731567382812500e+01
-9.671731567382812500e+01
-9.671731567382812500e+01
-9.671731567382812500e+01
-9.671731567382812500e+01
-9.671731567382812500e+01
-9.671731567382812500e+01
-9.671731567382812500e+01
-9.671731567382812500e+01
-9.671731567382812500e+01
-9.671731567382812500e+01
-9.671731567382812500e+01
-9.671731567382812500e+01
-9.671731567382812500e+01
-9.671731567382812500e+01
-9.671731567382812500e+01
-9.671731567382812500e+01
-9.671731567382812500e+01
-9.671731567382812500e+01
-9.671731567382812500e+01
-9.671731567382812500e+01
-9.671731567382812500e+01
-9.671731567382812500e+01
-9.671731567382812500e+01
-9.671731567382812500e+01
-9.671731567382812500e+01
-9.671731567382812500e+01
-9.671731567382812500e+01
-9.671731567382812500e+01
-9.671731567382812500e+01
-9.671731567382812500e+01
-9.671731567382812500e+01
-9.671731567382812500e+01
-9.671731567382812500e+01
-9.671731567382812500e+01
-9.671731567382812500e+01
-9.671731567382812500e+01
-9.671731567382812500e+01
-9.671731567382812500e+01
-9.671731567382812500e+01
-9.671731567382812500e+01
-9.671731567382812500e+01
-9.671731567382812500e+01
-9.671731567382812500e+01
-9.671731567382812500e+01
-9.671731567382812500e+01
-9.671731567382812500e+01
-9.671731567382812500e+01
-9.671731567382812500e+01
-9.671731567382812500e+01
-9.671731567382812500e+01
-9.671731567382812500e+01
-9.671731567382812500e+01
-9.671731567382812500e+01
-9.671731567382812500e+01
-9.671731567382812500e+01
-9.671731567382812500e+01
-9.671731567382812500e+01
-9.671731567382812500e+01
-9.671731567382812500e+01
-9.671731567382812500e+01
-9.671731567382812500e+01
-9.671731567382812500e+01
-9.671731567382812500e+01
-9.671731567382812500e+01
-9.671731567382812500e+01
-9.671731567382812500e+01
-9.671731567382812500e+01
-9.671731567382812500e+01
-9.671731567382812500e+01
-9.671731567382812500e+01
-9.671731567382812500e+01
-9.671731567382812500e+01
-9.671731567382812500e+01
-9.671731567382812500e+01
-9.671731567382812500e+01
-9.671731567382812500e+01
-9.671731567382812500e+01
-9.671731567382812500e+01
-9.671731567382812500e+01
-9.671731567382812500e+01
-9.671731567382812500e+01
-9.671731567382812500e+01
-9.671731567382812500e+01
-9.671731567382812500e+01
-9.671731567382812500e+01
-9.671731567382812500e+01
-9.671731567382812500e+01
-9.671731567382812500e+01
-9.671731567382812500e+01
-9.671731567382812500e+01
-9.671731567382812500e+01
-9.671731567382812500e+01
-9.671731567382812500e+01
-9.671731567382812500e+01
-9.671731567382812500e+01
-9.671731567382812500e+01
-9.671731567382812500e+01
-9.671731567382812500e+01
-9.671731567382812500e+01
-9.671731567382812500e+01
-9.671731567382812500e+01
-9.671731567382812500e+01
-9.671731567382812500e+01
-9.671731567382812500e+01
-9.671731567382812500e+01
-9.671731567382812500e+01
-9.671731567382812500e+01
-9.671731567382812500e+01
-9.671731567382812500e+01
-9.671731567382812500e+01
-9.671731567382812500e+01
-9.671731567382812500e+01
-9.671731567382812500e+01
-9.671731567382812500e+01
-9.671731567382812500e+01
-9.671731567382812500e+01
-9.671731567382812500e+01
-9.671731567382812500e+01
-9.671731567382812500e+01
-9.671731567382812500e+01
-9.671731567382812500e+01
-9.671731567382812500e+01
-9.671731567382812500e+01
-9.671731567382812500e+01
-9.671731567382812500e+01
-9.671731567382812500e+01
-9.671731567382812500e+01
-9.671731567382812500e+01
-9.671731567382812500e+01
-9.671731567382812500e+01
-9.671731567382812500e+01
-9.671731567382812500e+01
-9.671731567382812500e+01
-9.671731567382812500e+01
-9.671731567382812500e+01
-9.671731567382812500e+01
-9.671731567382812500e+01
-9.671731567382812500e+01
-9.671731567382812500e+01
-9.671731567382812500e+01
-9.671731567382812500e+01
-9.671731567382812500e+01
-9.671731567382812500e+01
-9.671731567382812500e+01
-9.671731567382812500e+01
-9.671731567382812500e+01
-9.671731567382812500e+01
-9.671731567382812500e+01
-9.671731567382812500e+01
-9.671731567382812500e+01
-9.671731567382812500e+01
-9.671731567382812500e+01
-9.671731567382812500e+01
-9.671731567382812500e+01
-9.671731567382812500e+01
-9.671731567382812500e+01
-9.671731567382812500e+01
-9.671731567382812500e+01
-9.671731567382812500e+01
-9.671731567382812500e+01
-9.671731567382812500e+01
-9.671731567382812500e+01
-9.671731567382812500e+01
-9.671731567382812500e+01
-9.671731567382812500e+01
-9.671731567382812500e+01
-9.671731567382812500e+01
-9.671731567382812500e+01
-9.671731567382812500e+01
-9.671731567382812500e+01
-9.671731567382812500e+01
-9.671731567382812500e+01
-9.671731567382812500e+01
-9.671731567382812500e+01
-9.671731567382812500e+01
-9.671731567382812500e+01
-9.671731567382812500e+01
-9.671731567382812500e+01
-9.671731567382812500e+01
-9.671731567382812500e+01
-9.671731567382812500e+01
-9.671731567382812500e+01
-9.671731567382812500e+01
-9.671731567382812500e+01
-9.671731567382812500e+01
-9.671731567382812500e+01
-9.671731567382812500e+01
-9.671731567382812500e+01
-9.671731567382812500e+01
-9.671731567382812500e+01
-9.671731567382812500e+01
-9.671731567382812500e+01
-9.671731567382812500e+01
-9.671731567382812500e+01
-9.671731567382812500e+01
-9.671731567382812500e+01
-9.671731567382812500e+01
-9.671731567382812500e+01
-9.671731567382812500e+01
-9.671731567382812500e+01
-9.671731567382812500e+01
-9.671731567382812500e+01
-9.671731567382812500e+01
-9.671731567382812500e+01
-9.671731567382812500e+01
-9.671731567382812500e+01
-9.671731567382812500e+01
-9.671731567382812500e+01
-9.671731567382812500e+01
-9.671731567382812500e+01
-9.671731567382812500e+01
-9.671731567382812500e+01
-9.671731567382812500e+01
-9.671731567382812500e+01
-9.671731567382812500e+01
-9.671731567382812500e+01
-9.671731567382812500e+01
-9.671731567382812500e+01
-9.671731567382812500e+01
-9.671731567382812500e+01
-9.671731567382812500e+01
-9.671731567382812500e+01
-9.671731567382812500e+01
-9.671731567382812500e+01
-9.671731567382812500e+01
-9.671731567382812500e+01
-9.671731567382812500e+01
-9.671731567382812500e+01
-9.671731567382812500e+01
-9.671731567382812500e+01
-9.671731567382812500e+01
-9.671731567382812500e+01
-9.671731567382812500e+01
-9.671731567382812500e+01
-9.671731567382812500e+01
-9.671731567382812500e+01
-9.671731567382812500e+01
-9.671731567382812500e+01
-9.671731567382812500e+01
-9.671731567382812500e+01
-9.671731567382812500e+01
-9.671731567382812500e+01
-9.671731567382812500e+01
-9.671731567382812500e+01
-9.671731567382812500e+01
-9.671731567382812500e+01
-9.671731567382812500e+01
-9.671731567382812500e+01
-9.671731567382812500e+01
-9.671731567382812500e+01
-9.671731567382812500e+01
-9.671731567382812500e+01
-9.671731567382812500e+01
-9.671731567382812500e+01
-9.671731567382812500e+01
-9.671731567382812500e+01
-9.671731567382812500e+01
-9.671731567382812500e+01
-9.671731567382812500e+01
-9.671731567382812500e+01
-9.671731567382812500e+01
-9.671731567382812500e+01
-9.671731567382812500e+01
-9.671731567382812500e+01
-9.671731567382812500e+01
-9.671731567382812500e+01
-9.671731567382812500e+01
-9.671731567382812500e+01
-9.671731567382812500e+01
-9.671731567382812500e+01
-9.671731567382812500e+01
-9.671731567382812500e+01
-9.671731567382812500e+01
-9.671731567382812500e+01
-9.671731567382812500e+01
-9.671731567382812500e+01
-9.671731567382812500e+01
-9.671731567382812500e+01
-9.671731567382812500e+01
-9.671731567382812500e+01
-9.671731567382812500e+01
-9.671731567382812500e+01
-9.671731567382812500e+01
-9.671731567382812500e+01
-9.671731567382812500e+01
-9.671731567382812500e+01
-9.671731567382812500e+01
-9.671731567382812500e+01
-9.671731567382812500e+01
-9.671731567382812500e+01
-9.671731567382812500e+01
-9.671731567382812500e+01
-9.671731567382812500e+01
-9.671731567382812500e+01
-9.671731567382812500e+01
-9.671731567382812500e+01
-9.671731567382812500e+01
-9.671731567382812500e+01
-9.671731567382812500e+01
-9.671731567382812500e+01
-9.671731567382812500e+01
-9.671731567382812500e+01
-9.671731567382812500e+01
-9.671731567382812500e+01
-9.671731567382812500e+01
-9.671731567382812500e+01
-9.671731567382812500e+01
-9.671731567382812500e+01
-9.671731567382812500e+01
-9.671731567382812500e+01
-9.671731567382812500e+01
-9.671731567382812500e+01
-9.671731567382812500e+01
-9.671731567382812500e+01
-9.671731567382812500e+01
-9.671731567382812500e+01
-9.671731567382812500e+01
-9.671731567382812500e+01
-9.671731567382812500e+01
-9.671731567382812500e+01
-9.671731567382812500e+01
-9.671731567382812500e+01
-9.671731567382812500e+01
-9.671731567382812500e+01
-9.671731567382812500e+01
-9.671731567382812500e+01
-9.671731567382812500e+01
-9.671731567382812500e+01
-9.671731567382812500e+01
-9.671731567382812500e+01
-9.671731567382812500e+01
-9.671731567382812500e+01
-9.671731567382812500e+01
-9.671731567382812500e+01
-9.671731567382812500e+01
-9.671731567382812500e+01
-9.671731567382812500e+01
-9.671731567382812500e+01
-9.671731567382812500e+01
-9.671731567382812500e+01
-9.671731567382812500e+01
-9.671731567382812500e+01
-9.671731567382812500e+01
-9.671731567382812500e+01
-9.671731567382812500e+01
-9.671731567382812500e+01
-9.671731567382812500e+01
-9.671731567382812500e+01
-9.671731567382812500e+01
-9.671731567382812500e+01
-9.671731567382812500e+01
-9.671731567382812500e+01
-9.671731567382812500e+01
-9.671731567382812500e+01
-9.671731567382812500e+01
-9.671731567382812500e+01
-9.671731567382812500e+01
-9.671731567382812500e+01
-9.671731567382812500e+01
-9.671731567382812500e+01
-9.671731567382812500e+01
-9.671731567382812500e+01
-9.671731567382812500e+01
-9.671731567382812500e+01
-9.671731567382812500e+01
-9.671731567382812500e+01
-9.671731567382812500e+01
-9.671731567382812500e+01
-9.671731567382812500e+01
-9.671731567382812500e+01
-9.671731567382812500e+01
-9.671731567382812500e+01
-9.671731567382812500e+01
-9.671731567382812500e+01
-9.671731567382812500e+01
-9.671731567382812500e+01
-9.671731567382812500e+01
-9.671731567382812500e+01
-9.671731567382812500e+01
-9.671731567382812500e+01
-9.671731567382812500e+01
-9.671731567382812500e+01
-9.671731567382812500e+01
-9.671731567382812500e+01
-9.671731567382812500e+01
-9.671731567382812500e+01
-9.671731567382812500e+01
-9.671731567382812500e+01
-9.671731567382812500e+01
-9.671731567382812500e+01
-9.671731567382812500e+01
-9.671731567382812500e+01
-9.671731567382812500e+01
-9.671731567382812500e+01
-9.671731567382812500e+01
-9.671731567382812500e+01
-9.671731567382812500e+01
-9.671731567382812500e+01
-9.671731567382812500e+01
-9.671731567382812500e+01
-9.671731567382812500e+01
-9.671731567382812500e+01
-9.671731567382812500e+01
-9.671731567382812500e+01
-9.671731567382812500e+01
-9.671731567382812500e+01
-9.671731567382812500e+01
-9.671731567382812500e+01
-9.671731567382812500e+01
-9.671731567382812500e+01
-9.671731567382812500e+01
-9.671731567382812500e+01
-9.671731567382812500e+01
-9.671731567382812500e+01
-9.671731567382812500e+01
-9.671731567382812500e+01
-9.671731567382812500e+01
-9.671731567382812500e+01
-9.671731567382812500e+01
-9.671731567382812500e+01
-9.671731567382812500e+01
-9.671731567382812500e+01
-9.671731567382812500e+01
-9.671731567382812500e+01
-9.671731567382812500e+01
-9.671731567382812500e+01
-9.671731567382812500e+01
-9.671731567382812500e+01
-9.671731567382812500e+01
-9.671731567382812500e+01
-9.671731567382812500e+01
-9.671731567382812500e+01
-9.671731567382812500e+01
-9.671731567382812500e+01
-9.671731567382812500e+01
-9.671731567382812500e+01
-9.671731567382812500e+01
-9.671731567382812500e+01
-9.671731567382812500e+01
-9.671731567382812500e+01
-9.671731567382812500e+01
-9.671731567382812500e+01
-9.671731567382812500e+01
-9.671731567382812500e+01
-9.671731567382812500e+01
-9.671731567382812500e+01
-9.671731567382812500e+01
-9.671731567382812500e+01
-9.671731567382812500e+01
-9.671731567382812500e+01
-9.671731567382812500e+01
-9.671731567382812500e+01
-9.671731567382812500e+01
-9.671731567382812500e+01
-9.671731567382812500e+01
-9.671731567382812500e+01
-9.671731567382812500e+01
-9.671731567382812500e+01
-9.671731567382812500e+01
-9.671731567382812500e+01
-9.671731567382812500e+01
-9.671731567382812500e+01
-9.671731567382812500e+01
-9.671731567382812500e+01
-9.671731567382812500e+01
-9.671731567382812500e+01
-9.671731567382812500e+01
-9.671731567382812500e+01
-9.671731567382812500e+01
-9.671731567382812500e+01
-9.671731567382812500e+01
-9.671731567382812500e+01
-9.671731567382812500e+01
-9.671731567382812500e+01
-9.671731567382812500e+01
-9.671731567382812500e+01
-9.671731567382812500e+01
-9.671731567382812500e+01
-9.671731567382812500e+01
-9.671731567382812500e+01
-9.671731567382812500e+01
-9.671731567382812500e+01
-9.671731567382812500e+01
-9.671731567382812500e+01
-9.671731567382812500e+01
-9.671731567382812500e+01
-9.671731567382812500e+01
-9.671731567382812500e+01
-9.671731567382812500e+01
-9.671731567382812500e+01
-9.671731567382812500e+01
-9.671731567382812500e+01
-9.671731567382812500e+01
-9.671731567382812500e+01
-9.671731567382812500e+01
-9.671731567382812500e+01
-9.671731567382812500e+01
-9.671731567382812500e+01
-9.671731567382812500e+01
-9.671731567382812500e+01
-9.671731567382812500e+01
-9.671731567382812500e+01
-9.671731567382812500e+01
-9.671731567382812500e+01
-9.671731567382812500e+01
-9.671731567382812500e+01
-9.671731567382812500e+01
-9.671731567382812500e+01
-9.671731567382812500e+01
-9.671731567382812500e+01
-9.671731567382812500e+01
-9.671731567382812500e+01
-9.671731567382812500e+01
-9.671731567382812500e+01
-9.671731567382812500e+01
-9.671731567382812500e+01
-9.671731567382812500e+01
-9.671731567382812500e+01
-9.671731567382812500e+01
-9.671731567382812500e+01
-9.671731567382812500e+01
-9.671731567382812500e+01
-9.671731567382812500e+01
-9.671731567382812500e+01
-9.671731567382812500e+01
-9.671731567382812500e+01
-9.671731567382812500e+01
-9.671731567382812500e+01
-9.671731567382812500e+01
-9.671731567382812500e+01
-9.671731567382812500e+01
-9.671731567382812500e+01
-9.671731567382812500e+01
-9.671731567382812500e+01
-9.671731567382812500e+01
-9.671731567382812500e+01
-9.671731567382812500e+01
-9.671731567382812500e+01
-9.671731567382812500e+01
-9.671731567382812500e+01
-9.671731567382812500e+01
-9.671731567382812500e+01
-9.671731567382812500e+01
-9.671731567382812500e+01
-9.671731567382812500e+01
-9.671731567382812500e+01
-9.671731567382812500e+01
-9.671731567382812500e+01
-9.671731567382812500e+01
-9.671731567382812500e+01
-9.671731567382812500e+01
-9.671731567382812500e+01
-9.671731567382812500e+01
-9.671731567382812500e+01
-9.671731567382812500e+01
-9.671731567382812500e+01
-9.671731567382812500e+01
-9.671731567382812500e+01
-9.671731567382812500e+01
-9.671731567382812500e+01
-9.671731567382812500e+01
-9.671731567382812500e+01
-9.671731567382812500e+01
-9.671731567382812500e+01
-9.671731567382812500e+01
-9.671731567382812500e+01
-9.671731567382812500e+01
-9.671731567382812500e+01
-9.671731567382812500e+01
-9.671731567382812500e+01
-9.671731567382812500e+01
-9.671731567382812500e+01
-9.671731567382812500e+01
-9.671731567382812500e+01
-9.671731567382812500e+01
-9.671731567382812500e+01
-9.671731567382812500e+01
-9.671731567382812500e+01
-9.671731567382812500e+01
-9.671731567382812500e+01
-9.671731567382812500e+01
-9.671731567382812500e+01
-9.671731567382812500e+01
-9.671731567382812500e+01
-9.671731567382812500e+01
-9.671731567382812500e+01
-9.671731567382812500e+01
-9.671731567382812500e+01
-9.671731567382812500e+01
-9.671731567382812500e+01
-9.671731567382812500e+01
-9.671731567382812500e+01
-9.671731567382812500e+01
-9.671731567382812500e+01
-9.671731567382812500e+01
-9.671731567382812500e+01
-9.671731567382812500e+01
-9.671731567382812500e+01
-9.671731567382812500e+01
-9.671731567382812500e+01
-9.671731567382812500e+01
-9.671731567382812500e+01
-9.671731567382812500e+01
-9.671731567382812500e+01
-9.671731567382812500e+01
-9.671731567382812500e+01
-9.671731567382812500e+01
-9.671731567382812500e+01
-9.671731567382812500e+01
-9.671731567382812500e+01
-9.671731567382812500e+01
-9.671731567382812500e+01
-9.671731567382812500e+01
-9.671731567382812500e+01
-9.671731567382812500e+01
-9.671731567382812500e+01
-9.671731567382812500e+01
-9.671731567382812500e+01
-9.671731567382812500e+01
-9.671731567382812500e+01
-9.671731567382812500e+01
-9.671731567382812500e+01
-9.671731567382812500e+01
-9.671731567382812500e+01
-9.671731567382812500e+01
-9.671731567382812500e+01
-9.671731567382812500e+01
-9.671731567382812500e+01
-9.671731567382812500e+01
-9.671731567382812500e+01
-9.671731567382812500e+01
-9.671731567382812500e+01
-9.671731567382812500e+01
-9.671731567382812500e+01
-9.671731567382812500e+01
-9.671731567382812500e+01
-9.671731567382812500e+01
-9.671731567382812500e+01
-9.671731567382812500e+01
-9.671731567382812500e+01
-9.671731567382812500e+01
-9.671731567382812500e+01
-9.671731567382812500e+01
-9.671731567382812500e+01
-9.671731567382812500e+01
-9.671731567382812500e+01
-9.671731567382812500e+01
-9.671731567382812500e+01
-9.671731567382812500e+01
-9.671731567382812500e+01
-9.671731567382812500e+01
-9.671731567382812500e+01
-9.671731567382812500e+01
-9.671731567382812500e+01
-9.671731567382812500e+01
-9.671731567382812500e+01
-9.671731567382812500e+01
-9.671731567382812500e+01
-9.671731567382812500e+01
-9.671731567382812500e+01
-9.671731567382812500e+01
-9.671731567382812500e+01
-9.671731567382812500e+01
-9.671731567382812500e+01
-9.671731567382812500e+01
-9.671731567382812500e+01
-9.671731567382812500e+01
-9.671731567382812500e+01
-9.671731567382812500e+01
-9.671731567382812500e+01
-9.671731567382812500e+01
-9.671731567382812500e+01
-9.671731567382812500e+01
-9.671731567382812500e+01
-9.671731567382812500e+01
-9.671731567382812500e+01
-9.671731567382812500e+01
-9.671731567382812500e+01
-9.671731567382812500e+01
-9.671731567382812500e+01
-9.671731567382812500e+01
-9.671731567382812500e+01
-9.671731567382812500e+01
-9.671731567382812500e+01
-9.671731567382812500e+01
-9.671731567382812500e+01
-9.671731567382812500e+01
-9.671731567382812500e+01
-9.671731567382812500e+01
-9.671731567382812500e+01
-9.671731567382812500e+01
-9.671731567382812500e+01
-9.671731567382812500e+01
-9.671731567382812500e+01
-9.671731567382812500e+01
-9.671731567382812500e+01
-9.671731567382812500e+01
-9.671731567382812500e+01
-9.671731567382812500e+01
-9.671731567382812500e+01
-9.671731567382812500e+01
-9.671731567382812500e+01
-9.671731567382812500e+01
-9.671731567382812500e+01
-9.671731567382812500e+01
-9.671731567382812500e+01
-9.671731567382812500e+01
-9.671731567382812500e+01
-9.671731567382812500e+01
-9.671731567382812500e+01
-9.671731567382812500e+01
-9.671731567382812500e+01
-9.671731567382812500e+01
-9.671731567382812500e+01
-9.671731567382812500e+01
-9.671731567382812500e+01
-9.671731567382812500e+01
-9.671731567382812500e+01
-9.671731567382812500e+01
-9.671731567382812500e+01
-9.671731567382812500e+01
-9.671731567382812500e+01
-9.671731567382812500e+01
-9.671731567382812500e+01
-9.671731567382812500e+01
-9.671731567382812500e+01
-9.671731567382812500e+01
-9.671731567382812500e+01
-9.671731567382812500e+01
-9.671731567382812500e+01
-9.671731567382812500e+01
-9.671731567382812500e+01
-9.671731567382812500e+01
-9.671731567382812500e+01
-9.671731567382812500e+01
-9.671731567382812500e+01
-9.671731567382812500e+01
-9.671731567382812500e+01
-9.671731567382812500e+01
-9.671731567382812500e+01
-9.671731567382812500e+01
-9.671731567382812500e+01
-9.671731567382812500e+01
-9.671731567382812500e+01
-9.671731567382812500e+01
-9.671731567382812500e+01
-9.671731567382812500e+01
-9.671731567382812500e+01
-9.671731567382812500e+01
-9.671731567382812500e+01
-9.671731567382812500e+01
-9.671731567382812500e+01
-9.671731567382812500e+01
-9.671731567382812500e+01
-9.671731567382812500e+01
-9.671731567382812500e+01
-9.671731567382812500e+01
-9.671731567382812500e+01
-9.671731567382812500e+01
-9.671731567382812500e+01
-9.671731567382812500e+01
-9.671731567382812500e+01
-9.671731567382812500e+01
-9.671731567382812500e+01
-9.671731567382812500e+01
-9.671731567382812500e+01
-9.671731567382812500e+01
-9.671731567382812500e+01
-9.671731567382812500e+01
-9.671731567382812500e+01
-9.671731567382812500e+01
-9.671731567382812500e+01
-9.671731567382812500e+01
-9.671731567382812500e+01
-9.671731567382812500e+01
-9.671731567382812500e+01
-9.671731567382812500e+01
-9.671731567382812500e+01
-9.671731567382812500e+01
-9.671731567382812500e+01
-9.671731567382812500e+01
-9.671731567382812500e+01
-9.671731567382812500e+01
-9.671731567382812500e+01
-9.671731567382812500e+01
-9.671731567382812500e+01
-9.671731567382812500e+01
-9.671731567382812500e+01
-9.671731567382812500e+01
-9.671731567382812500e+01
-9.671731567382812500e+01
-9.671731567382812500e+01
-9.671731567382812500e+01
-9.671731567382812500e+01
-9.671731567382812500e+01
-9.671731567382812500e+01
-9.671731567382812500e+01
-9.671731567382812500e+01
-9.671731567382812500e+01
-9.671731567382812500e+01
-9.671731567382812500e+01
-9.671731567382812500e+01
-9.671731567382812500e+01
-9.671731567382812500e+01
-9.671731567382812500e+01
-9.671731567382812500e+01
-9.671731567382812500e+01
-9.671731567382812500e+01
-9.671731567382812500e+01
-9.671731567382812500e+01
-9.671731567382812500e+01
-9.671731567382812500e+01
-9.671731567382812500e+01
-9.671731567382812500e+01
-9.671731567382812500e+01
-9.671731567382812500e+01
-9.671731567382812500e+01
-9.671731567382812500e+01
-9.671731567382812500e+01
-9.671731567382812500e+01
-9.671731567382812500e+01
-9.671731567382812500e+01
-9.671731567382812500e+01
-9.671731567382812500e+01
-9.671731567382812500e+01
-9.671731567382812500e+01
-9.671731567382812500e+01
-9.671731567382812500e+01
-9.671731567382812500e+01
-9.671731567382812500e+01
-9.671731567382812500e+01
-9.671731567382812500e+01
-9.671731567382812500e+01
-9.671731567382812500e+01
-9.671731567382812500e+01
-9.671731567382812500e+01
-9.671731567382812500e+01
-9.671731567382812500e+01
-9.671731567382812500e+01
-9.671731567382812500e+01
-9.671731567382812500e+01
-9.671731567382812500e+01
-9.671731567382812500e+01
-9.671731567382812500e+01
-9.671731567382812500e+01
-9.671731567382812500e+01
-9.671731567382812500e+01
-9.671731567382812500e+01
-9.671731567382812500e+01
-9.671731567382812500e+01
-9.671731567382812500e+01
-9.671731567382812500e+01
-9.671731567382812500e+01
-9.671731567382812500e+01
-9.671731567382812500e+01
-9.671731567382812500e+01
-9.671731567382812500e+01
-9.671731567382812500e+01
-9.671731567382812500e+01
-9.671731567382812500e+01
-9.671731567382812500e+01
-9.671731567382812500e+01
-9.671731567382812500e+01
-9.671731567382812500e+01
-9.671731567382812500e+01
-9.671731567382812500e+01
-9.671731567382812500e+01
-9.671731567382812500e+01
-9.671731567382812500e+01
-9.671731567382812500e+01
-9.671731567382812500e+01
-9.671731567382812500e+01
-9.671731567382812500e+01
-9.671731567382812500e+01
-9.671731567382812500e+01
-9.671731567382812500e+01
-9.671731567382812500e+01
-9.671731567382812500e+01
-9.671731567382812500e+01
-9.671731567382812500e+01
-9.671731567382812500e+01
-9.671731567382812500e+01
-9.671731567382812500e+01
-9.671731567382812500e+01
-9.671731567382812500e+01
-9.671731567382812500e+01
-9.671731567382812500e+01
-9.671731567382812500e+01
-9.671731567382812500e+01
-9.671731567382812500e+01
-9.671731567382812500e+01
-9.671731567382812500e+01
-9.671731567382812500e+01
-9.671731567382812500e+01
-9.671731567382812500e+01
-9.671731567382812500e+01
-9.671731567382812500e+01
-9.671731567382812500e+01
-9.671731567382812500e+01
-9.671731567382812500e+01
-9.671731567382812500e+01
-9.671731567382812500e+01
-9.671731567382812500e+01
-9.671731567382812500e+01
-9.671731567382812500e+01
-9.671731567382812500e+01
-9.671731567382812500e+01
-9.671731567382812500e+01
-9.671731567382812500e+01
-9.671731567382812500e+01
-9.671731567382812500e+01
-9.671731567382812500e+01
-9.671731567382812500e+01
-9.671731567382812500e+01
-9.671731567382812500e+01
-9.671731567382812500e+01
-9.671731567382812500e+01
-9.671731567382812500e+01
-9.671731567382812500e+01
-9.671731567382812500e+01
-9.671731567382812500e+01
-9.671731567382812500e+01
-9.671731567382812500e+01
-9.671731567382812500e+01
-9.671731567382812500e+01
-9.671731567382812500e+01
-9.671731567382812500e+01
-9.671731567382812500e+01
-9.671731567382812500e+01
-9.671731567382812500e+01
-9.671731567382812500e+01
-9.671731567382812500e+01
-9.671731567382812500e+01
-9.671731567382812500e+01
-9.671731567382812500e+01
-9.671731567382812500e+01
-9.671731567382812500e+01
-9.671731567382812500e+01
-9.671731567382812500e+01
-9.671731567382812500e+01
-9.671731567382812500e+01
-9.671731567382812500e+01
-9.671731567382812500e+01
-9.671731567382812500e+01
-9.671731567382812500e+01
-9.671731567382812500e+01
-9.671731567382812500e+01
-9.671731567382812500e+01
-9.671731567382812500e+01
-9.671731567382812500e+01
-9.671731567382812500e+01
-9.671731567382812500e+01
-9.671731567382812500e+01
-9.671731567382812500e+01
-9.671731567382812500e+01
-9.671731567382812500e+01
-9.671731567382812500e+01
-9.671731567382812500e+01
-9.671731567382812500e+01
-9.671731567382812500e+01
-9.671731567382812500e+01
-9.671731567382812500e+01
-9.671731567382812500e+01
-9.671731567382812500e+01
-9.671731567382812500e+01
-9.671731567382812500e+01
-9.671731567382812500e+01
-9.671731567382812500e+01
-9.671731567382812500e+01
-9.671731567382812500e+01
-9.671731567382812500e+01
-9.671731567382812500e+01
-9.671731567382812500e+01
-9.671731567382812500e+01
-9.671731567382812500e+01
-9.671731567382812500e+01
-9.671731567382812500e+01
-9.671731567382812500e+01
-9.671731567382812500e+01
-9.671731567382812500e+01
-9.671731567382812500e+01
-9.671731567382812500e+01
-9.671731567382812500e+01
-9.671731567382812500e+01
-9.671731567382812500e+01
-9.671731567382812500e+01
-9.671731567382812500e+01
-9.671731567382812500e+01
-9.671731567382812500e+01
-9.671731567382812500e+01
-9.671731567382812500e+01
-9.671731567382812500e+01
-9.671731567382812500e+01
-9.671731567382812500e+01
-9.671731567382812500e+01
-9.671731567382812500e+01
-9.671731567382812500e+01
-9.671731567382812500e+01
-9.671731567382812500e+01
-9.671731567382812500e+01
-9.671731567382812500e+01
-9.671731567382812500e+01
-9.671731567382812500e+01
-9.671731567382812500e+01
-9.671731567382812500e+01
-9.671731567382812500e+01
-9.671731567382812500e+01
-9.671731567382812500e+01
-9.671731567382812500e+01
-9.671731567382812500e+01
-9.671731567382812500e+01
-9.671731567382812500e+01
-9.671731567382812500e+01
-9.671731567382812500e+01
-9.671731567382812500e+01
-9.671731567382812500e+01
-9.671731567382812500e+01
-9.671731567382812500e+01
-9.671731567382812500e+01
-9.671731567382812500e+01
-9.671731567382812500e+01
-9.671731567382812500e+01
-9.671731567382812500e+01
-9.671731567382812500e+01
-9.671731567382812500e+01
-9.671731567382812500e+01
-9.671731567382812500e+01
-9.671731567382812500e+01
-9.671731567382812500e+01
-9.671731567382812500e+01
-9.671731567382812500e+01
-9.671731567382812500e+01
-9.671731567382812500e+01
-9.671731567382812500e+01
-9.671731567382812500e+01
-9.671731567382812500e+01
-9.671731567382812500e+01
-9.671731567382812500e+01
-9.671731567382812500e+01
-9.671731567382812500e+01
-9.671731567382812500e+01
-9.671731567382812500e+01
-9.671731567382812500e+01
-9.671731567382812500e+01
-9.671731567382812500e+01
-9.671731567382812500e+01
-9.671731567382812500e+01
-9.671731567382812500e+01
-9.671731567382812500e+01
-9.671731567382812500e+01
-9.671731567382812500e+01
-9.671731567382812500e+01
-9.671731567382812500e+01
-9.671731567382812500e+01
-9.671731567382812500e+01
-9.671731567382812500e+01
-9.671731567382812500e+01
-9.671731567382812500e+01
-9.671731567382812500e+01
-9.671731567382812500e+01
-9.671731567382812500e+01
-9.671731567382812500e+01
-9.671731567382812500e+01
-9.671731567382812500e+01
-9.671731567382812500e+01
-9.671731567382812500e+01
-9.671731567382812500e+01
-9.671731567382812500e+01
-9.671731567382812500e+01
-9.671731567382812500e+01
-9.671731567382812500e+01
-9.671731567382812500e+01
-9.671731567382812500e+01
-9.671731567382812500e+01
-9.671731567382812500e+01
-9.671731567382812500e+01
-9.671731567382812500e+01
-9.671731567382812500e+01
-9.671731567382812500e+01
-9.671731567382812500e+01
-9.671731567382812500e+01
-9.671731567382812500e+01
-9.671731567382812500e+01
-9.671731567382812500e+01
-9.671731567382812500e+01
-9.671731567382812500e+01
-9.671731567382812500e+01
-9.671731567382812500e+01
-9.671731567382812500e+01
-9.671731567382812500e+01
-9.671731567382812500e+01
-9.671731567382812500e+01
-9.671731567382812500e+01
-9.671731567382812500e+01
-9.671731567382812500e+01
-9.671731567382812500e+01
-9.671731567382812500e+01
-9.671731567382812500e+01
-9.671731567382812500e+01
-9.671731567382812500e+01
-9.671731567382812500e+01
-9.671731567382812500e+01
-9.671731567382812500e+01
-9.671731567382812500e+01
-9.671731567382812500e+01
-9.671731567382812500e+01
-9.671731567382812500e+01
-9.671731567382812500e+01
-9.671731567382812500e+01
-9.671731567382812500e+01
-9.671731567382812500e+01
-9.671731567382812500e+01
-9.671731567382812500e+01
-9.671731567382812500e+01
-9.671731567382812500e+01
-9.671731567382812500e+01
-9.671731567382812500e+01
-9.671731567382812500e+01
-9.671731567382812500e+01
-9.671731567382812500e+01
-9.671731567382812500e+01
-9.671731567382812500e+01
-9.671731567382812500e+01
-9.671731567382812500e+01
-9.671731567382812500e+01
-9.671731567382812500e+01
-9.671731567382812500e+01
-9.671731567382812500e+01
-9.671731567382812500e+01
-9.671731567382812500e+01
-9.671731567382812500e+01
-9.671731567382812500e+01
-9.671731567382812500e+01
-9.671731567382812500e+01
-9.671731567382812500e+01
-9.671731567382812500e+01
-9.671731567382812500e+01
-9.671731567382812500e+01
-9.671731567382812500e+01
-9.671731567382812500e+01
-9.671731567382812500e+01
-9.671731567382812500e+01
-9.671731567382812500e+01
-9.671731567382812500e+01
-9.671731567382812500e+01
-9.671731567382812500e+01
-9.671731567382812500e+01
-9.671731567382812500e+01
-9.671731567382812500e+01
-9.671731567382812500e+01
-9.671731567382812500e+01
-9.671731567382812500e+01
-9.671731567382812500e+01
-9.671731567382812500e+01
-9.671731567382812500e+01
-9.671731567382812500e+01
-9.671731567382812500e+01
-9.671731567382812500e+01
-9.671731567382812500e+01
-9.671731567382812500e+01
-9.671731567382812500e+01
-9.671731567382812500e+01
-9.671731567382812500e+01
-9.671731567382812500e+01
-9.671731567382812500e+01
-9.671731567382812500e+01
-9.671731567382812500e+01
-9.671731567382812500e+01
-9.671731567382812500e+01
-9.671731567382812500e+01
-9.671731567382812500e+01
-9.671731567382812500e+01
-9.671731567382812500e+01
-9.671731567382812500e+01
-9.671731567382812500e+01
-9.671731567382812500e+01
-9.671731567382812500e+01
-9.671731567382812500e+01
-9.671731567382812500e+01
-9.671731567382812500e+01
-9.671731567382812500e+01
-9.671731567382812500e+01
-9.671731567382812500e+01
-9.671731567382812500e+01
-9.671731567382812500e+01
-9.671731567382812500e+01
-9.671731567382812500e+01
-9.671731567382812500e+01
-9.671731567382812500e+01
-9.671731567382812500e+01
-9.671731567382812500e+01
-9.671731567382812500e+01
-9.671731567382812500e+01
-9.671731567382812500e+01
-9.671731567382812500e+01
-9.671731567382812500e+01
-9.671731567382812500e+01
-9.671731567382812500e+01
-9.671731567382812500e+01
-9.671731567382812500e+01
-9.671731567382812500e+01
-9.671731567382812500e+01
-9.671731567382812500e+01
-9.671731567382812500e+01
-9.671731567382812500e+01
-9.671731567382812500e+01
-9.671731567382812500e+01
-9.671731567382812500e+01
-9.671731567382812500e+01
-9.671731567382812500e+01
-9.671731567382812500e+01
-9.671731567382812500e+01
-9.671731567382812500e+01
-9.671731567382812500e+01
-9.671731567382812500e+01
-9.671731567382812500e+01
-9.671731567382812500e+01
-9.671731567382812500e+01
-9.671731567382812500e+01
-9.671731567382812500e+01
-9.671731567382812500e+01
-9.671731567382812500e+01
-9.671731567382812500e+01
-9.671731567382812500e+01
-9.671731567382812500e+01
-9.671731567382812500e+01
-9.671731567382812500e+01
-9.671731567382812500e+01
-9.671731567382812500e+01
-9.671731567382812500e+01
-9.671731567382812500e+01
-9.671731567382812500e+01
-9.671731567382812500e+01
-9.671731567382812500e+01
-9.671731567382812500e+01
-9.671731567382812500e+01
-9.671731567382812500e+01
-9.671731567382812500e+01
-9.671731567382812500e+01
-9.671731567382812500e+01
-9.671731567382812500e+01
-9.671731567382812500e+01
-9.671731567382812500e+01
-9.671731567382812500e+01
-9.671731567382812500e+01
-9.671731567382812500e+01
-9.671731567382812500e+01
-9.671731567382812500e+01
-9.671731567382812500e+01
-9.671731567382812500e+01
-9.671731567382812500e+01
-9.671731567382812500e+01
-9.671731567382812500e+01
-9.671731567382812500e+01
-9.671731567382812500e+01
-9.671731567382812500e+01
-9.671731567382812500e+01
-9.671731567382812500e+01
-9.671731567382812500e+01
-9.671731567382812500e+01
-9.671731567382812500e+01
-9.671731567382812500e+01
-9.671731567382812500e+01
-9.671731567382812500e+01
-9.671731567382812500e+01
-9.671731567382812500e+01
-9.671731567382812500e+01
-9.671731567382812500e+01
-9.671731567382812500e+01
-9.671731567382812500e+01
-9.671731567382812500e+01
-9.671731567382812500e+01
-9.671731567382812500e+01
-9.671731567382812500e+01
-9.671731567382812500e+01
-9.671731567382812500e+01
-9.671731567382812500e+01
-9.671731567382812500e+01
-9.671731567382812500e+01
-9.671731567382812500e+01
-9.671731567382812500e+01
-9.671731567382812500e+01
-9.671731567382812500e+01
-9.671731567382812500e+01
-9.671731567382812500e+01
-9.671731567382812500e+01
-9.671731567382812500e+01
-9.671731567382812500e+01
-9.671731567382812500e+01
-9.671731567382812500e+01
-9.671731567382812500e+01
-9.671731567382812500e+01
-9.671731567382812500e+01
-9.671731567382812500e+01
-9.671731567382812500e+01
-9.671731567382812500e+01
-9.671731567382812500e+01
-9.671731567382812500e+01
-9.671731567382812500e+01
-9.671731567382812500e+01
-9.671731567382812500e+01
-9.671731567382812500e+01
-9.671731567382812500e+01
-9.671731567382812500e+01
-9.671731567382812500e+01
-9.671731567382812500e+01
-9.671731567382812500e+01
-9.671731567382812500e+01
-9.671731567382812500e+01
-9.671731567382812500e+01
-9.671731567382812500e+01
-9.671731567382812500e+01
-9.671731567382812500e+01
-9.671731567382812500e+01
-9.671731567382812500e+01
-9.671731567382812500e+01
-9.671731567382812500e+01
-9.671731567382812500e+01
-9.671731567382812500e+01
-9.671731567382812500e+01
-9.671731567382812500e+01
-9.671731567382812500e+01
-9.671731567382812500e+01
-9.671731567382812500e+01
-9.671731567382812500e+01
-9.671731567382812500e+01
-9.671731567382812500e+01
-9.671731567382812500e+01
-9.671731567382812500e+01
-9.671731567382812500e+01
-9.671731567382812500e+01
-9.671731567382812500e+01
-9.671731567382812500e+01
-9.671731567382812500e+01
-9.671731567382812500e+01
-9.671731567382812500e+01
-9.671731567382812500e+01
-9.671731567382812500e+01
-9.671731567382812500e+01
-9.671731567382812500e+01
-9.671731567382812500e+01
-9.671731567382812500e+01
-9.671731567382812500e+01
-9.671731567382812500e+01
-9.671731567382812500e+01
-9.671731567382812500e+01
-9.671731567382812500e+01
-9.671731567382812500e+01
-9.671731567382812500e+01
-9.671731567382812500e+01
-9.671731567382812500e+01
-9.671731567382812500e+01
-9.671731567382812500e+01
-9.671731567382812500e+01
-9.671731567382812500e+01
-9.671731567382812500e+01
-9.671731567382812500e+01
-9.671731567382812500e+01
-9.671731567382812500e+01
-9.671731567382812500e+01
-9.671731567382812500e+01
-9.671731567382812500e+01
-9.671731567382812500e+01
-9.671731567382812500e+01
-9.671731567382812500e+01
-9.671731567382812500e+01
-9.671731567382812500e+01
-9.671731567382812500e+01
-9.671731567382812500e+01
-9.671731567382812500e+01
-9.671731567382812500e+01
-9.671731567382812500e+01
-9.671731567382812500e+01
-9.671731567382812500e+01
-9.671731567382812500e+01
-9.671731567382812500e+01
-9.671731567382812500e+01
-9.671731567382812500e+01
-9.671731567382812500e+01
-9.671731567382812500e+01
-9.671731567382812500e+01
-9.671731567382812500e+01
-9.671731567382812500e+01
-9.671731567382812500e+01
-9.671731567382812500e+01
-9.671731567382812500e+01
-9.671731567382812500e+01
-9.671731567382812500e+01
-9.671731567382812500e+01
-9.671731567382812500e+01
-9.671731567382812500e+01
-9.671731567382812500e+01
-9.671731567382812500e+01
-9.671731567382812500e+01
-9.671731567382812500e+01
-9.671731567382812500e+01
-9.671731567382812500e+01
-9.671731567382812500e+01
-9.671731567382812500e+01
-9.671731567382812500e+01
-9.671731567382812500e+01
-9.671731567382812500e+01
-9.671731567382812500e+01
-9.671731567382812500e+01
-9.671731567382812500e+01
-9.671731567382812500e+01
-9.671731567382812500e+01
-9.671731567382812500e+01
-9.671731567382812500e+01
-9.671731567382812500e+01
-9.671731567382812500e+01
-9.671731567382812500e+01
-9.671731567382812500e+01
-9.671731567382812500e+01
-9.671731567382812500e+01
-9.671731567382812500e+01
-9.671731567382812500e+01
-9.671731567382812500e+01
-9.671731567382812500e+01
-9.671731567382812500e+01
-9.671731567382812500e+01
-9.671731567382812500e+01
-9.671731567382812500e+01
-9.671731567382812500e+01
-9.671731567382812500e+01
-9.671731567382812500e+01
-9.671731567382812500e+01
-9.671731567382812500e+01
-9.671731567382812500e+01
-9.671731567382812500e+01
-9.671731567382812500e+01
-9.671731567382812500e+01
-9.671731567382812500e+01
-9.671731567382812500e+01
-9.671731567382812500e+01
-9.671731567382812500e+01
-9.671731567382812500e+01
-9.671731567382812500e+01
-9.671731567382812500e+01
-9.671731567382812500e+01
-9.671731567382812500e+01
-9.671731567382812500e+01
-9.671731567382812500e+01
-9.671731567382812500e+01
-9.671731567382812500e+01
-9.671731567382812500e+01
-9.671731567382812500e+01
-9.671731567382812500e+01
-9.671731567382812500e+01
-9.671731567382812500e+01
-9.671731567382812500e+01
-9.671731567382812500e+01
-9.671731567382812500e+01
-9.671731567382812500e+01
-9.671731567382812500e+01
-9.671731567382812500e+01
-9.671731567382812500e+01
-9.671731567382812500e+01
-9.671731567382812500e+01
-9.671731567382812500e+01
-9.671731567382812500e+01
-9.671731567382812500e+01
-9.671731567382812500e+01
-9.671731567382812500e+01
-9.671731567382812500e+01
-9.671731567382812500e+01
-9.671731567382812500e+01
-9.671731567382812500e+01
-9.671731567382812500e+01
-9.671731567382812500e+01
-9.671731567382812500e+01
-9.671731567382812500e+01
-9.671731567382812500e+01
-9.671731567382812500e+01
-9.671731567382812500e+01
-9.671731567382812500e+01
-9.671731567382812500e+01
-9.671731567382812500e+01
-9.671731567382812500e+01
-9.671731567382812500e+01
-9.671731567382812500e+01
-9.671731567382812500e+01
-9.671731567382812500e+01
-9.671731567382812500e+01
-9.671731567382812500e+01
-9.671731567382812500e+01
-9.671731567382812500e+01
-9.671731567382812500e+01
-9.671731567382812500e+01
-9.671731567382812500e+01
-9.671731567382812500e+01
-9.671731567382812500e+01
-9.671731567382812500e+01
-9.671731567382812500e+01
-9.671731567382812500e+01
-9.671731567382812500e+01
-9.671731567382812500e+01
-9.671731567382812500e+01
-9.671731567382812500e+01
-9.671731567382812500e+01
-9.671731567382812500e+01
-9.671731567382812500e+01
-9.671731567382812500e+01
-9.671731567382812500e+01
-9.671731567382812500e+01
-9.671731567382812500e+01
-9.671731567382812500e+01
-9.671731567382812500e+01
-9.671731567382812500e+01
-9.671731567382812500e+01
-9.671731567382812500e+01
-9.671731567382812500e+01
-9.671731567382812500e+01
-9.671731567382812500e+01
-9.671731567382812500e+01
-9.671731567382812500e+01
-9.671731567382812500e+01
-9.671731567382812500e+01
-9.671731567382812500e+01
-9.671731567382812500e+01
-9.671731567382812500e+01
-9.671731567382812500e+01
-9.671731567382812500e+01
-9.671731567382812500e+01
-9.671731567382812500e+01
-9.671731567382812500e+01
-9.671731567382812500e+01
-9.671731567382812500e+01
-9.671731567382812500e+01
-9.671731567382812500e+01
-9.671731567382812500e+01
-9.671731567382812500e+01
-9.671731567382812500e+01
-9.671731567382812500e+01
-9.671731567382812500e+01
-9.671731567382812500e+01
-9.671731567382812500e+01
-9.671731567382812500e+01
-9.671731567382812500e+01
-9.671731567382812500e+01
-9.671731567382812500e+01
-9.671731567382812500e+01
-9.671731567382812500e+01
-9.671731567382812500e+01
-9.671731567382812500e+01
-9.671731567382812500e+01
-9.671731567382812500e+01
-9.671731567382812500e+01
-9.671731567382812500e+01
-9.671731567382812500e+01
-9.671731567382812500e+01
-9.671731567382812500e+01
-9.671731567382812500e+01
-9.671731567382812500e+01
-9.671731567382812500e+01
-9.671731567382812500e+01
-9.671731567382812500e+01
-9.671731567382812500e+01
-9.671731567382812500e+01
-9.671731567382812500e+01
-9.671731567382812500e+01
-9.671731567382812500e+01
-9.671731567382812500e+01
-9.671731567382812500e+01
-9.671731567382812500e+01
-9.671731567382812500e+01
-9.671731567382812500e+01
-9.671731567382812500e+01
-9.671731567382812500e+01
-9.671731567382812500e+01
-9.671731567382812500e+01
-9.671731567382812500e+01
-9.671731567382812500e+01
-9.671731567382812500e+01
-9.671731567382812500e+01
-9.671731567382812500e+01
-9.671731567382812500e+01
-9.671731567382812500e+01
-9.671731567382812500e+01
-9.671731567382812500e+01
-9.671731567382812500e+01
-9.671731567382812500e+01
-9.671731567382812500e+01
-9.671731567382812500e+01
-9.671731567382812500e+01
-9.671731567382812500e+01
-9.671731567382812500e+01
-9.671731567382812500e+01
-9.671731567382812500e+01
-9.671731567382812500e+01
-9.671731567382812500e+01
-9.671731567382812500e+01
-9.671731567382812500e+01
-9.671731567382812500e+01
-9.671731567382812500e+01
-9.671731567382812500e+01
-9.671731567382812500e+01
-9.671731567382812500e+01
-9.671731567382812500e+01
-9.671731567382812500e+01
-9.671731567382812500e+01
-9.671731567382812500e+01
-9.671731567382812500e+01
-9.671731567382812500e+01
-9.671731567382812500e+01
-9.671731567382812500e+01
-9.671731567382812500e+01
-9.671731567382812500e+01
-9.671731567382812500e+01
-9.671731567382812500e+01
-9.671731567382812500e+01
-9.671731567382812500e+01
-9.671731567382812500e+01
-9.671731567382812500e+01
-9.671731567382812500e+01
-9.671731567382812500e+01
-9.671731567382812500e+01
-9.671731567382812500e+01
-9.671731567382812500e+01
-9.671731567382812500e+01
-9.671731567382812500e+01
-9.671731567382812500e+01
-9.671731567382812500e+01
-9.671731567382812500e+01
-9.671731567382812500e+01
-9.671731567382812500e+01
-9.671731567382812500e+01
-9.671731567382812500e+01
-9.671731567382812500e+01
-9.671731567382812500e+01
-9.671731567382812500e+01
-9.671731567382812500e+01
-9.671731567382812500e+01
-9.671731567382812500e+01
-9.671731567382812500e+01
-9.671731567382812500e+01
-9.671731567382812500e+01
-9.671731567382812500e+01
-9.671731567382812500e+01
-9.671731567382812500e+01
-9.671731567382812500e+01
-9.671731567382812500e+01
-9.671731567382812500e+01
-9.671731567382812500e+01
-9.671731567382812500e+01
-9.671731567382812500e+01
-9.671731567382812500e+01
-9.671731567382812500e+01
-9.671731567382812500e+01
-9.671731567382812500e+01
-9.671731567382812500e+01
-9.671731567382812500e+01
-9.671731567382812500e+01
-9.671731567382812500e+01
-9.671731567382812500e+01
-9.671731567382812500e+01
-9.671731567382812500e+01
-9.671731567382812500e+01
-9.671731567382812500e+01
-9.671731567382812500e+01
-9.671731567382812500e+01
-9.671731567382812500e+01
-9.671731567382812500e+01
-9.671731567382812500e+01
-9.671731567382812500e+01
-9.671731567382812500e+01
-9.671731567382812500e+01
-9.671731567382812500e+01
-9.671731567382812500e+01
-9.671731567382812500e+01
-9.671731567382812500e+01
-9.671731567382812500e+01
-9.671731567382812500e+01
-9.671731567382812500e+01
-9.671731567382812500e+01
-9.671731567382812500e+01
-9.671731567382812500e+01
-9.671731567382812500e+01
-9.671731567382812500e+01
-9.671731567382812500e+01
-9.671731567382812500e+01
-9.671731567382812500e+01
-9.671731567382812500e+01
-9.671731567382812500e+01
-9.671731567382812500e+01
-9.671731567382812500e+01
-9.671731567382812500e+01
-9.671731567382812500e+01
-9.671731567382812500e+01
-9.671731567382812500e+01
-9.671731567382812500e+01
-9.671731567382812500e+01
-9.671731567382812500e+01
-9.671731567382812500e+01
-9.671731567382812500e+01
-9.671731567382812500e+01
-9.671731567382812500e+01
-9.671731567382812500e+01
-9.671731567382812500e+01
-9.671731567382812500e+01
-9.671731567382812500e+01
-9.671731567382812500e+01
-9.671731567382812500e+01
-9.671731567382812500e+01
-9.671731567382812500e+01
-9.671731567382812500e+01
-9.671731567382812500e+01
-9.671731567382812500e+01
-9.671731567382812500e+01
-9.671731567382812500e+01
-9.671731567382812500e+01
-9.671731567382812500e+01
-9.671731567382812500e+01
-9.671731567382812500e+01
-9.671731567382812500e+01
-9.671731567382812500e+01
-9.671731567382812500e+01
-9.671731567382812500e+01
-9.671731567382812500e+01
-9.671731567382812500e+01
-9.671731567382812500e+01
-9.671731567382812500e+01
-9.671731567382812500e+01
-9.671731567382812500e+01
-9.671731567382812500e+01
-9.671731567382812500e+01
-9.671731567382812500e+01
-9.671731567382812500e+01
-9.671731567382812500e+01
-9.671731567382812500e+01
-9.671731567382812500e+01
-9.671731567382812500e+01
-9.671731567382812500e+01
-9.671731567382812500e+01
-9.671731567382812500e+01
-9.671731567382812500e+01
-9.671731567382812500e+01
-9.671731567382812500e+01
-9.671731567382812500e+01
-9.671731567382812500e+01
-9.671731567382812500e+01
-9.671731567382812500e+01
-9.671731567382812500e+01
-9.671731567382812500e+01
-9.671731567382812500e+01
-9.671731567382812500e+01
-9.671731567382812500e+01
-9.671731567382812500e+01
-9.671731567382812500e+01
-9.671731567382812500e+01
-9.671731567382812500e+01
-9.671731567382812500e+01
-9.671731567382812500e+01
-9.671731567382812500e+01
-9.671731567382812500e+01
-9.671731567382812500e+01
-9.671731567382812500e+01
-9.671731567382812500e+01
-9.671731567382812500e+01
-9.671731567382812500e+01
-9.671731567382812500e+01
-9.671731567382812500e+01
-9.671731567382812500e+01
-9.671731567382812500e+01
-9.671731567382812500e+01
-9.671731567382812500e+01
-9.671731567382812500e+01
-9.671731567382812500e+01
-9.671731567382812500e+01
-9.671731567382812500e+01
-9.671731567382812500e+01
-9.671731567382812500e+01
-9.671731567382812500e+01
-9.671731567382812500e+01
-9.671731567382812500e+01
-9.671731567382812500e+01
-9.671731567382812500e+01
-9.671731567382812500e+01
-9.671731567382812500e+01
-9.671731567382812500e+01
-9.671731567382812500e+01
-9.671731567382812500e+01
-9.671731567382812500e+01
-9.671731567382812500e+01
-9.671731567382812500e+01
-9.671731567382812500e+01
-9.671731567382812500e+01
-9.671731567382812500e+01
-9.671731567382812500e+01
-9.671731567382812500e+01
-9.671731567382812500e+01
-9.671731567382812500e+01
-9.671731567382812500e+01
-9.671731567382812500e+01
-9.671731567382812500e+01
-9.671731567382812500e+01
-9.671731567382812500e+01
-9.671731567382812500e+01
-9.671731567382812500e+01
-9.671731567382812500e+01
-9.671731567382812500e+01
-9.671731567382812500e+01
-9.671731567382812500e+01
-9.671731567382812500e+01
-9.671731567382812500e+01
-9.671731567382812500e+01
-9.671731567382812500e+01
-9.671731567382812500e+01
-9.671731567382812500e+01
-9.671731567382812500e+01
-9.671731567382812500e+01
-9.671731567382812500e+01
-9.671731567382812500e+01
-9.671731567382812500e+01
-9.671731567382812500e+01
-9.671731567382812500e+01
-9.671731567382812500e+01
-9.671731567382812500e+01
-9.671731567382812500e+01
-9.671731567382812500e+01
-9.671731567382812500e+01
-9.671731567382812500e+01
-9.671731567382812500e+01
-9.671731567382812500e+01
-9.671731567382812500e+01
-9.671731567382812500e+01
-9.671731567382812500e+01
-9.671731567382812500e+01
-9.671731567382812500e+01
-9.671731567382812500e+01
-9.671731567382812500e+01
-9.671731567382812500e+01
-9.671731567382812500e+01
-9.671731567382812500e+01
-9.671731567382812500e+01
-9.671731567382812500e+01
-9.671731567382812500e+01
-9.671731567382812500e+01
-9.671731567382812500e+01
-9.671731567382812500e+01
-9.671731567382812500e+01
-9.671731567382812500e+01
-9.671731567382812500e+01
-9.671731567382812500e+01
-9.671731567382812500e+01
-9.671731567382812500e+01
-9.671731567382812500e+01
-9.671731567382812500e+01
-9.671731567382812500e+01
-9.671731567382812500e+01
-9.671731567382812500e+01
-9.671731567382812500e+01
-9.671731567382812500e+01
-9.671731567382812500e+01
-9.671731567382812500e+01
-9.671731567382812500e+01
-9.671731567382812500e+01
-9.671731567382812500e+01
-9.671731567382812500e+01
-9.671731567382812500e+01
-9.671731567382812500e+01
-9.671731567382812500e+01
-9.671731567382812500e+01
-9.671731567382812500e+01
-9.671731567382812500e+01
-9.671731567382812500e+01
-9.671731567382812500e+01
-9.671731567382812500e+01
-9.671731567382812500e+01
-9.671731567382812500e+01
-9.671731567382812500e+01
-9.671731567382812500e+01
-9.671731567382812500e+01
-9.671731567382812500e+01
-9.671731567382812500e+01
-9.671731567382812500e+01
-9.671731567382812500e+01
-9.671731567382812500e+01
-9.671731567382812500e+01
-9.671731567382812500e+01
-9.671731567382812500e+01
-9.671731567382812500e+01
-9.671731567382812500e+01
-9.671731567382812500e+01
-9.671731567382812500e+01
-9.671731567382812500e+01
-9.671731567382812500e+01
-9.671731567382812500e+01
-9.671731567382812500e+01
-9.671731567382812500e+01
-9.671731567382812500e+01
-9.671731567382812500e+01
-9.671731567382812500e+01
-9.671731567382812500e+01
-9.671731567382812500e+01
-9.671731567382812500e+01
-9.671731567382812500e+01
-9.671731567382812500e+01
-9.671731567382812500e+01
-9.671731567382812500e+01
-9.671731567382812500e+01
-9.671731567382812500e+01
-9.671731567382812500e+01
-9.671731567382812500e+01
-9.671731567382812500e+01
-9.671731567382812500e+01
-9.671731567382812500e+01
-9.671731567382812500e+01
-9.671731567382812500e+01
-9.671731567382812500e+01
-9.671731567382812500e+01
-9.671731567382812500e+01
-9.671731567382812500e+01
-9.671731567382812500e+01
-9.671731567382812500e+01
-9.671731567382812500e+01
-9.671731567382812500e+01
-9.671731567382812500e+01
-9.671731567382812500e+01
-9.671731567382812500e+01
-9.671731567382812500e+01
-9.671731567382812500e+01
-9.671731567382812500e+01
-9.671731567382812500e+01
-9.671731567382812500e+01
-9.671731567382812500e+01
-9.671731567382812500e+01
-9.671731567382812500e+01
-9.671731567382812500e+01
-9.671731567382812500e+01
-9.671731567382812500e+01
-9.671731567382812500e+01
-9.671731567382812500e+01
-9.671731567382812500e+01
-9.671731567382812500e+01
-9.671731567382812500e+01
-9.671731567382812500e+01
-9.671731567382812500e+01
-9.671731567382812500e+01
-9.671731567382812500e+01
-9.671731567382812500e+01
-9.671731567382812500e+01
-9.671731567382812500e+01
-9.671731567382812500e+01
-9.671731567382812500e+01
-9.671731567382812500e+01
-9.671731567382812500e+01
-9.671731567382812500e+01
-9.671731567382812500e+01
-9.671731567382812500e+01
-9.671731567382812500e+01
-9.671731567382812500e+01
-9.671731567382812500e+01
-9.671731567382812500e+01
-9.671731567382812500e+01
-9.671731567382812500e+01
-9.671731567382812500e+01
-9.671731567382812500e+01
-9.671731567382812500e+01
-9.671731567382812500e+01
-9.671731567382812500e+01
-9.671731567382812500e+01
-9.671731567382812500e+01
-9.671731567382812500e+01
-9.671731567382812500e+01
-9.671731567382812500e+01
-9.671731567382812500e+01
-9.671731567382812500e+01
-9.671731567382812500e+01
-9.671731567382812500e+01
-9.671731567382812500e+01
-9.671731567382812500e+01
-9.671731567382812500e+01
-9.671731567382812500e+01
-9.671731567382812500e+01
-9.671731567382812500e+01
-9.671731567382812500e+01
-9.671731567382812500e+01
-9.671731567382812500e+01
-9.671731567382812500e+01
-9.671731567382812500e+01
-9.671731567382812500e+01
-9.671731567382812500e+01
-9.671731567382812500e+01
-9.671731567382812500e+01
-9.671731567382812500e+01
-9.671731567382812500e+01
-9.671731567382812500e+01
-9.671731567382812500e+01
-9.671731567382812500e+01
-9.671731567382812500e+01
-9.671731567382812500e+01
-9.671731567382812500e+01
-9.671731567382812500e+01
-9.671731567382812500e+01
-9.671731567382812500e+01
-9.671731567382812500e+01
-9.671731567382812500e+01
-9.671731567382812500e+01
-9.671731567382812500e+01
-9.671731567382812500e+01
-9.671731567382812500e+01
-9.671731567382812500e+01
-9.671731567382812500e+01
-9.671731567382812500e+01
-9.671731567382812500e+01
-9.671731567382812500e+01
-9.671731567382812500e+01
-9.671731567382812500e+01
-9.671731567382812500e+01
-9.671731567382812500e+01
-9.671731567382812500e+01
-9.671731567382812500e+01
-9.671731567382812500e+01
-9.671731567382812500e+01
-9.671731567382812500e+01
-9.671731567382812500e+01
-9.671731567382812500e+01
-9.671731567382812500e+01
-9.671731567382812500e+01
-9.671731567382812500e+01
-9.671731567382812500e+01
-9.671731567382812500e+01
-9.671731567382812500e+01
-9.671731567382812500e+01
-9.671731567382812500e+01
-9.671731567382812500e+01
-9.671731567382812500e+01
-9.671731567382812500e+01
-9.671731567382812500e+01
-9.671731567382812500e+01
-9.671731567382812500e+01
-9.671731567382812500e+01
-9.671731567382812500e+01
-9.671731567382812500e+01
-9.671731567382812500e+01
-9.671731567382812500e+01
-9.671731567382812500e+01
-9.671731567382812500e+01
-9.671731567382812500e+01
-9.671731567382812500e+01
-9.671731567382812500e+01
-9.671731567382812500e+01
-9.671731567382812500e+01
-9.671731567382812500e+01
-9.671731567382812500e+01
-9.671731567382812500e+01
-9.671731567382812500e+01
-9.671731567382812500e+01
-9.671731567382812500e+01
-9.671731567382812500e+01
-9.671731567382812500e+01
-9.671731567382812500e+01
-9.671731567382812500e+01
-9.671731567382812500e+01
-9.671731567382812500e+01
-9.671731567382812500e+01
-9.671731567382812500e+01
-9.671731567382812500e+01
-9.671731567382812500e+01
-9.671731567382812500e+01
-9.671731567382812500e+01
-9.671731567382812500e+01
-9.671731567382812500e+01
-9.671731567382812500e+01
-9.671731567382812500e+01
-9.671731567382812500e+01
-9.671731567382812500e+01
-9.671731567382812500e+01
-9.671731567382812500e+01
-9.671731567382812500e+01
-9.671731567382812500e+01
-9.671731567382812500e+01
-9.671731567382812500e+01
-9.671731567382812500e+01
-9.671731567382812500e+01
-9.671731567382812500e+01
-9.671731567382812500e+01
-9.671731567382812500e+01
-9.671731567382812500e+01
-9.671731567382812500e+01
-9.671731567382812500e+01
-9.671731567382812500e+01
-9.671731567382812500e+01
-9.671731567382812500e+01
-9.671731567382812500e+01
-9.671731567382812500e+01
-9.671731567382812500e+01
-9.671731567382812500e+01
-9.671731567382812500e+01
-9.671731567382812500e+01
-9.671731567382812500e+01
-9.671731567382812500e+01
-9.671731567382812500e+01
-9.671731567382812500e+01
-9.671731567382812500e+01
-9.671731567382812500e+01
-9.671731567382812500e+01
-9.671731567382812500e+01
-9.671731567382812500e+01
-9.671731567382812500e+01
-9.671731567382812500e+01
-9.671731567382812500e+01
-9.671731567382812500e+01
-9.671731567382812500e+01
-9.671731567382812500e+01
-9.671731567382812500e+01
-9.671731567382812500e+01
-9.671731567382812500e+01
-9.671731567382812500e+01
-9.671731567382812500e+01
-9.671731567382812500e+01
-9.671731567382812500e+01
-9.671731567382812500e+01
-9.671731567382812500e+01
-9.671731567382812500e+01
-9.671731567382812500e+01
-9.671731567382812500e+01
-9.671731567382812500e+01
-9.671731567382812500e+01
-9.671731567382812500e+01
-9.671731567382812500e+01
-9.671731567382812500e+01
-9.671731567382812500e+01
-9.671731567382812500e+01
-9.671731567382812500e+01
-9.671731567382812500e+01
-9.671731567382812500e+01
-9.671731567382812500e+01
-9.671731567382812500e+01
-9.671731567382812500e+01
-9.671731567382812500e+01
-9.671731567382812500e+01
-9.671731567382812500e+01
-9.671731567382812500e+01
-9.671731567382812500e+01
-9.671731567382812500e+01
-9.671731567382812500e+01
-9.671731567382812500e+01
-9.671731567382812500e+01
-9.671731567382812500e+01
-9.671731567382812500e+01
-9.671731567382812500e+01
-9.671731567382812500e+01
-9.671731567382812500e+01
-9.671731567382812500e+01
-9.671731567382812500e+01
-9.671731567382812500e+01
-9.671731567382812500e+01
-9.671731567382812500e+01
-9.671731567382812500e+01
-9.671731567382812500e+01
-9.671731567382812500e+01
-9.671731567382812500e+01
-9.671731567382812500e+01
-9.671731567382812500e+01
-9.671731567382812500e+01
-9.671731567382812500e+01
-9.671731567382812500e+01
-9.671731567382812500e+01
-9.671731567382812500e+01
-9.671731567382812500e+01
-9.671731567382812500e+01
-9.671731567382812500e+01
-9.671731567382812500e+01
-9.671731567382812500e+01
-9.671731567382812500e+01
-9.671731567382812500e+01
-9.671731567382812500e+01
-9.671731567382812500e+01
-9.671731567382812500e+01
-9.671731567382812500e+01
-9.671731567382812500e+01
-9.671731567382812500e+01
-9.671731567382812500e+01
-9.671731567382812500e+01
-9.671731567382812500e+01
-9.671731567382812500e+01
-9.671731567382812500e+01
-9.671731567382812500e+01
-9.671731567382812500e+01
-9.671731567382812500e+01
-9.671731567382812500e+01
-9.671731567382812500e+01
-9.671731567382812500e+01
-9.671731567382812500e+01
-9.671731567382812500e+01
-9.671731567382812500e+01
-9.671731567382812500e+01
-9.671731567382812500e+01
-9.671731567382812500e+01
-9.671731567382812500e+01
-9.671731567382812500e+01
-9.671731567382812500e+01
-9.671731567382812500e+01
-9.671731567382812500e+01
-9.671731567382812500e+01
-9.671731567382812500e+01
-9.671731567382812500e+01
-9.671731567382812500e+01
-9.671731567382812500e+01
-9.671731567382812500e+01
-9.671731567382812500e+01
-9.671731567382812500e+01
-9.671731567382812500e+01
-9.671731567382812500e+01
-9.671731567382812500e+01
-9.671731567382812500e+01
-9.671731567382812500e+01
-9.671731567382812500e+01
-9.671731567382812500e+01
-9.671731567382812500e+01
-9.671731567382812500e+01
-9.671731567382812500e+01
-9.671731567382812500e+01
-9.671731567382812500e+01
-9.671731567382812500e+01
-9.671731567382812500e+01
-9.671731567382812500e+01
-9.671731567382812500e+01
-9.671731567382812500e+01
-9.671731567382812500e+01
-9.671731567382812500e+01
-9.671731567382812500e+01
-9.671731567382812500e+01
-9.671731567382812500e+01
-9.671731567382812500e+01
-9.671731567382812500e+01
-9.671731567382812500e+01
-9.671731567382812500e+01
-9.671731567382812500e+01
-9.671731567382812500e+01
-9.671731567382812500e+01
-9.671731567382812500e+01
-9.671731567382812500e+01
-9.671731567382812500e+01
-9.671731567382812500e+01
-9.671731567382812500e+01
-9.671731567382812500e+01
-9.671731567382812500e+01
-9.671731567382812500e+01
-9.671731567382812500e+01
-9.671731567382812500e+01
-9.671731567382812500e+01
-9.671731567382812500e+01
-9.671731567382812500e+01
-9.671731567382812500e+01
-9.671731567382812500e+01
-9.671731567382812500e+01
-9.671731567382812500e+01
-9.671731567382812500e+01
-9.671731567382812500e+01
-9.671731567382812500e+01
-9.671731567382812500e+01
-9.671731567382812500e+01
-9.671731567382812500e+01
-9.671731567382812500e+01
-9.671731567382812500e+01
-9.671731567382812500e+01
-9.671731567382812500e+01
-9.671731567382812500e+01
-9.671731567382812500e+01
-9.671731567382812500e+01
-9.671731567382812500e+01
-9.671731567382812500e+01
-9.671731567382812500e+01
-9.671731567382812500e+01
-9.671731567382812500e+01
-9.671731567382812500e+01
-9.671731567382812500e+01
-9.671731567382812500e+01
-9.671731567382812500e+01
-9.671731567382812500e+01
-9.671731567382812500e+01
-9.671731567382812500e+01
-9.671731567382812500e+01
-9.671731567382812500e+01
-9.671731567382812500e+01
-9.671731567382812500e+01
-9.671731567382812500e+01
-9.671731567382812500e+01
-9.671731567382812500e+01
-9.671731567382812500e+01
-9.671731567382812500e+01
-9.671731567382812500e+01
-9.671731567382812500e+01
-9.671731567382812500e+01
-9.671731567382812500e+01
-9.671731567382812500e+01
-9.671731567382812500e+01
-9.671731567382812500e+01
-9.671731567382812500e+01
-9.671731567382812500e+01
-9.671731567382812500e+01
-9.671731567382812500e+01
-9.671731567382812500e+01
-9.671731567382812500e+01
-9.671731567382812500e+01
-9.671731567382812500e+01
-9.671731567382812500e+01
-9.671731567382812500e+01
-9.671731567382812500e+01
-9.671731567382812500e+01
-9.671731567382812500e+01
-9.671731567382812500e+01
-9.671731567382812500e+01
-9.671731567382812500e+01
-9.671731567382812500e+01
-9.671731567382812500e+01
-9.671731567382812500e+01
-9.671731567382812500e+01
-9.671731567382812500e+01
-9.671731567382812500e+01
-9.671731567382812500e+01
-9.671731567382812500e+01
-9.671731567382812500e+01
-9.671731567382812500e+01
-9.671731567382812500e+01
-9.671731567382812500e+01
-9.671731567382812500e+01
-9.671731567382812500e+01
-9.671731567382812500e+01
-9.671731567382812500e+01
-9.671731567382812500e+01
-9.671731567382812500e+01
-9.671731567382812500e+01
-9.671731567382812500e+01
-9.671731567382812500e+01
-9.671731567382812500e+01
-9.671731567382812500e+01
-9.671731567382812500e+01
-9.671731567382812500e+01
-9.671731567382812500e+01
-9.671731567382812500e+01
-9.671731567382812500e+01
-9.671731567382812500e+01
-9.671731567382812500e+01
-9.671731567382812500e+01
-9.671731567382812500e+01
-9.671731567382812500e+01
-9.671731567382812500e+01
-9.671731567382812500e+01
-9.671731567382812500e+01
-9.671731567382812500e+01
-9.671731567382812500e+01
-9.671731567382812500e+01
-9.671731567382812500e+01
-9.671731567382812500e+01
-9.671731567382812500e+01
-9.671731567382812500e+01
-9.671731567382812500e+01
-9.671731567382812500e+01
-9.671731567382812500e+01
-9.671731567382812500e+01
-9.671731567382812500e+01
-9.671731567382812500e+01
-9.671731567382812500e+01
-9.671731567382812500e+01
-9.671731567382812500e+01
-9.671731567382812500e+01
-9.671731567382812500e+01
-9.671731567382812500e+01
-9.671731567382812500e+01
-9.671731567382812500e+01
-9.671731567382812500e+01
-9.671731567382812500e+01
-9.671731567382812500e+01
-9.671731567382812500e+01
-9.671731567382812500e+01
-9.671731567382812500e+01
-9.671731567382812500e+01
-9.671731567382812500e+01
-9.671731567382812500e+01
-9.671731567382812500e+01
-9.671731567382812500e+01
-9.671731567382812500e+01
-9.671731567382812500e+01
-9.671731567382812500e+01
-9.671731567382812500e+01
-9.671731567382812500e+01
-9.671731567382812500e+01
-9.671731567382812500e+01
-9.671731567382812500e+01
-9.671731567382812500e+01
-9.671731567382812500e+01
-9.671731567382812500e+01
-9.671731567382812500e+01
-9.671731567382812500e+01
-9.671731567382812500e+01
-9.671731567382812500e+01
-9.671731567382812500e+01
-9.671731567382812500e+01
-9.671731567382812500e+01
-9.671731567382812500e+01
-9.671731567382812500e+01
-9.671731567382812500e+01
-9.671731567382812500e+01
-9.671731567382812500e+01
-9.671731567382812500e+01
-9.671731567382812500e+01
-9.671731567382812500e+01
-9.671731567382812500e+01
-9.671731567382812500e+01
-9.671731567382812500e+01
-9.671731567382812500e+01
-9.671731567382812500e+01
-9.671731567382812500e+01
-9.671731567382812500e+01
-9.671731567382812500e+01
-9.671731567382812500e+01
-9.671731567382812500e+01
-9.671731567382812500e+01
-9.671731567382812500e+01
-9.671731567382812500e+01
-9.671731567382812500e+01
-9.671731567382812500e+01
-9.671731567382812500e+01
-9.671731567382812500e+01
-9.671731567382812500e+01
-9.671731567382812500e+01
-9.671731567382812500e+01
-9.671731567382812500e+01
-9.671731567382812500e+01
-9.671731567382812500e+01
-9.671731567382812500e+01
-9.671731567382812500e+01
-9.671731567382812500e+01
-9.671731567382812500e+01
-9.671731567382812500e+01
-9.671731567382812500e+01
-9.671731567382812500e+01
-9.671731567382812500e+01
-9.671731567382812500e+01
-9.671731567382812500e+01
-9.671731567382812500e+01
-9.671731567382812500e+01
-9.671731567382812500e+01
-9.671731567382812500e+01
-9.671731567382812500e+01
-9.671731567382812500e+01
-9.671731567382812500e+01
-9.671731567382812500e+01
-9.671731567382812500e+01
-9.671731567382812500e+01
-9.671731567382812500e+01
-9.671731567382812500e+01
-9.671731567382812500e+01
-9.671731567382812500e+01
-9.671731567382812500e+01
-9.671731567382812500e+01
-9.671731567382812500e+01
-9.671731567382812500e+01
-9.671731567382812500e+01
-9.671731567382812500e+01
-9.671731567382812500e+01
-9.671731567382812500e+01
-9.671731567382812500e+01
-9.671731567382812500e+01
-9.671731567382812500e+01
-9.671731567382812500e+01
-9.671731567382812500e+01
-9.671731567382812500e+01
-9.671731567382812500e+01
-9.671731567382812500e+01
-9.671731567382812500e+01
-9.671731567382812500e+01
-9.671731567382812500e+01
-9.671731567382812500e+01
-9.671731567382812500e+01
-9.671731567382812500e+01
-9.671731567382812500e+01
-9.671731567382812500e+01
-9.671731567382812500e+01
-9.671731567382812500e+01
-9.671731567382812500e+01
-9.671731567382812500e+01
-9.671731567382812500e+01
-9.671731567382812500e+01
-9.671731567382812500e+01
-9.671731567382812500e+01
-9.671731567382812500e+01
-9.671731567382812500e+01
-9.671731567382812500e+01
-9.671731567382812500e+01
-9.671731567382812500e+01
-9.671731567382812500e+01
-9.671731567382812500e+01
-9.671731567382812500e+01
-9.671731567382812500e+01
-9.671731567382812500e+01
-9.671731567382812500e+01
-9.671731567382812500e+01
-9.671731567382812500e+01
-9.671731567382812500e+01
-9.671731567382812500e+01
-9.671731567382812500e+01
-9.671731567382812500e+01
-9.671731567382812500e+01
-9.671731567382812500e+01
-9.671731567382812500e+01
-9.671731567382812500e+01
-9.671731567382812500e+01
-9.671731567382812500e+01
-9.671731567382812500e+01
-9.671731567382812500e+01
-9.671731567382812500e+01
-9.671731567382812500e+01
-9.671731567382812500e+01
-9.671731567382812500e+01
-9.671731567382812500e+01
-9.671731567382812500e+01
-9.671731567382812500e+01
-9.671731567382812500e+01
-9.671731567382812500e+01
-9.671731567382812500e+01
-9.671731567382812500e+01
-9.671731567382812500e+01
-9.671731567382812500e+01
-9.671731567382812500e+01
-9.671731567382812500e+01
-9.671731567382812500e+01
-9.671731567382812500e+01
-9.671731567382812500e+01
-9.671731567382812500e+01
-9.671731567382812500e+01
-9.671731567382812500e+01
-9.671731567382812500e+01
-9.671731567382812500e+01
-9.671731567382812500e+01
-9.671731567382812500e+01
-9.671731567382812500e+01
-9.671731567382812500e+01
-9.671731567382812500e+01
-9.671731567382812500e+01
-9.671731567382812500e+01
-9.671731567382812500e+01
-9.671731567382812500e+01
-9.671731567382812500e+01
-9.671731567382812500e+01
-9.671731567382812500e+01
-9.671731567382812500e+01
-9.671731567382812500e+01
-9.671731567382812500e+01
-9.671731567382812500e+01
-9.671731567382812500e+01
-9.671731567382812500e+01
-9.671731567382812500e+01
-9.671731567382812500e+01
-9.671731567382812500e+01
-9.671731567382812500e+01
-9.671731567382812500e+01
-9.671731567382812500e+01
-9.671731567382812500e+01
-9.671731567382812500e+01
-9.671731567382812500e+01
-9.671731567382812500e+01
-9.671731567382812500e+01
-9.671731567382812500e+01
-9.671731567382812500e+01
-9.671731567382812500e+01
-9.671731567382812500e+01
-9.671731567382812500e+01
-9.671731567382812500e+01
-9.671731567382812500e+01
-9.671731567382812500e+01
-9.671731567382812500e+01
-9.671731567382812500e+01
-9.671731567382812500e+01
-9.671731567382812500e+01
-9.671731567382812500e+01
-9.671731567382812500e+01
-9.671731567382812500e+01
-9.671731567382812500e+01
-9.671731567382812500e+01
-9.671731567382812500e+01
-9.671731567382812500e+01
-9.671731567382812500e+01
-9.671731567382812500e+01
-9.671731567382812500e+01
-9.671731567382812500e+01
-9.671731567382812500e+01
-9.671731567382812500e+01
-9.671731567382812500e+01
-9.671731567382812500e+01
-9.671731567382812500e+01
-9.671731567382812500e+01
-9.671731567382812500e+01
-9.671731567382812500e+01
-9.671731567382812500e+01
-9.671731567382812500e+01
-9.671731567382812500e+01
-9.671731567382812500e+01
-9.671731567382812500e+01
-9.671731567382812500e+01
-9.671731567382812500e+01
-9.671731567382812500e+01
-9.671731567382812500e+01
-9.671731567382812500e+01
-9.671731567382812500e+01
-9.671731567382812500e+01
-9.671731567382812500e+01
-9.671731567382812500e+01
-9.671731567382812500e+01
-9.671731567382812500e+01
-9.671731567382812500e+01
-9.671731567382812500e+01
-9.671731567382812500e+01
-9.671731567382812500e+01
-9.671731567382812500e+01
-9.671731567382812500e+01
-9.671731567382812500e+01
-9.671731567382812500e+01
-9.671731567382812500e+01
-9.671731567382812500e+01
-9.671731567382812500e+01
-9.671731567382812500e+01
-9.671731567382812500e+01
-9.671731567382812500e+01
-9.671731567382812500e+01
-9.671731567382812500e+01
-9.671731567382812500e+01
-9.671731567382812500e+01
-9.671731567382812500e+01
-9.671731567382812500e+01
-9.671731567382812500e+01
-9.671731567382812500e+01
-9.671731567382812500e+01
-9.671731567382812500e+01
-9.671731567382812500e+01
-9.671731567382812500e+01
-9.671731567382812500e+01
-9.671731567382812500e+01
-9.671731567382812500e+01
-9.671731567382812500e+01
-9.671731567382812500e+01
-9.671731567382812500e+01
-9.671731567382812500e+01
-9.671731567382812500e+01
-9.671731567382812500e+01
-9.671731567382812500e+01
-9.671731567382812500e+01
-9.671731567382812500e+01
-9.671731567382812500e+01
-9.671731567382812500e+01
-9.671731567382812500e+01
-9.671731567382812500e+01
-9.671731567382812500e+01
-9.671731567382812500e+01
-9.671731567382812500e+01
-9.671731567382812500e+01
-9.671731567382812500e+01
-9.671731567382812500e+01
-9.671731567382812500e+01
-9.671731567382812500e+01
-9.671731567382812500e+01
-9.671731567382812500e+01
-9.671731567382812500e+01
-9.671731567382812500e+01
-9.671731567382812500e+01
-9.671731567382812500e+01
-9.671731567382812500e+01
-9.671731567382812500e+01
-9.671731567382812500e+01
-9.671731567382812500e+01
-9.671731567382812500e+01
-9.671731567382812500e+01
-9.671731567382812500e+01
-9.671731567382812500e+01
-9.671731567382812500e+01
-9.671731567382812500e+01
-9.671731567382812500e+01
-9.671731567382812500e+01
-9.671731567382812500e+01
-9.671731567382812500e+01
-9.671731567382812500e+01
-9.671731567382812500e+01
-9.671731567382812500e+01
-9.671731567382812500e+01
-9.671731567382812500e+01
-9.671731567382812500e+01
-9.671731567382812500e+01
-9.671731567382812500e+01
-9.671731567382812500e+01
-9.671731567382812500e+01
-9.671731567382812500e+01
-9.671731567382812500e+01
-9.671731567382812500e+01
-9.671731567382812500e+01
-9.671731567382812500e+01
-9.671731567382812500e+01
-9.671731567382812500e+01
-9.671731567382812500e+01
-9.671731567382812500e+01
-9.671731567382812500e+01
-9.671731567382812500e+01
-9.671731567382812500e+01
-9.671731567382812500e+01
-9.671731567382812500e+01
-9.671731567382812500e+01
-9.671731567382812500e+01
-9.671731567382812500e+01
-9.671731567382812500e+01
-9.671731567382812500e+01
-9.671731567382812500e+01
-9.671731567382812500e+01
-9.671731567382812500e+01
-9.671731567382812500e+01
-9.671731567382812500e+01
-9.671731567382812500e+01
-9.671731567382812500e+01
-9.671731567382812500e+01
-9.671731567382812500e+01
-9.671731567382812500e+01
-9.671731567382812500e+01
-9.671731567382812500e+01
-9.671731567382812500e+01
-9.671731567382812500e+01
-9.671731567382812500e+01
-9.671731567382812500e+01
-9.671731567382812500e+01
-9.671731567382812500e+01
-9.671731567382812500e+01
-9.671731567382812500e+01
-9.671731567382812500e+01
-9.671731567382812500e+01
-9.671731567382812500e+01
-9.671731567382812500e+01
-9.671731567382812500e+01
-9.671731567382812500e+01
-9.671731567382812500e+01
-9.671731567382812500e+01
-9.671731567382812500e+01
-9.671731567382812500e+01
-9.671731567382812500e+01
-9.671731567382812500e+01
-9.671731567382812500e+01
-9.671731567382812500e+01
-9.671731567382812500e+01
-9.671731567382812500e+01
-9.671731567382812500e+01
-9.671731567382812500e+01
-9.671731567382812500e+01
-9.671731567382812500e+01
-9.671731567382812500e+01
-9.671731567382812500e+01
-9.671731567382812500e+01
-9.671731567382812500e+01
-9.671731567382812500e+01
-9.671731567382812500e+01
-9.671731567382812500e+01
-9.671731567382812500e+01
-9.671731567382812500e+01
-9.671731567382812500e+01
-9.671731567382812500e+01
-9.671731567382812500e+01
-9.671731567382812500e+01
-9.671731567382812500e+01
-9.671731567382812500e+01
-9.671731567382812500e+01
-9.671731567382812500e+01
-9.671731567382812500e+01
-9.671731567382812500e+01
-9.671731567382812500e+01
-9.671731567382812500e+01
-9.671731567382812500e+01
-9.671731567382812500e+01
-9.671731567382812500e+01
-9.671731567382812500e+01
-9.671731567382812500e+01
-9.671731567382812500e+01
-9.671731567382812500e+01
-9.671731567382812500e+01
-9.671731567382812500e+01
-9.671731567382812500e+01
-9.671731567382812500e+01
-9.671731567382812500e+01
-9.671731567382812500e+01
-9.671731567382812500e+01
-9.671731567382812500e+01
-9.671731567382812500e+01
-9.671731567382812500e+01
-9.671731567382812500e+01
-9.671731567382812500e+01
-9.671731567382812500e+01
-9.671731567382812500e+01
-9.671731567382812500e+01
-9.671731567382812500e+01
-9.671731567382812500e+01
-9.671731567382812500e+01
-9.671731567382812500e+01
-9.671731567382812500e+01
-9.671731567382812500e+01
-9.671731567382812500e+01
-9.671731567382812500e+01
-9.671731567382812500e+01
-9.671731567382812500e+01
-9.671731567382812500e+01
-9.671731567382812500e+01
-9.671731567382812500e+01
-9.671731567382812500e+01
-9.671731567382812500e+01
-9.671731567382812500e+01
-9.671731567382812500e+01
-9.671731567382812500e+01
-9.671731567382812500e+01
-9.671731567382812500e+01
-9.671731567382812500e+01
-9.671731567382812500e+01
-9.671731567382812500e+01
-9.671731567382812500e+01
-9.671731567382812500e+01
-9.671731567382812500e+01
-9.671731567382812500e+01
-9.671731567382812500e+01
-9.671731567382812500e+01
-9.671731567382812500e+01
-9.671731567382812500e+01
-9.671731567382812500e+01
-9.671731567382812500e+01
-9.671731567382812500e+01
-9.671731567382812500e+01
-9.671731567382812500e+01
-9.671731567382812500e+01
-9.671731567382812500e+01
-9.671731567382812500e+01
-9.671731567382812500e+01
-9.671731567382812500e+01
-9.671731567382812500e+01
-9.671731567382812500e+01
-9.671731567382812500e+01
-9.671731567382812500e+01
-9.671731567382812500e+01
-9.671731567382812500e+01
-9.671731567382812500e+01
-9.671731567382812500e+01
-9.671731567382812500e+01
-9.671731567382812500e+01
-9.671731567382812500e+01
-9.671731567382812500e+01
-9.671731567382812500e+01
-9.671731567382812500e+01
-9.671731567382812500e+01
-9.671731567382812500e+01
-9.671731567382812500e+01
-9.671731567382812500e+01
-9.671731567382812500e+01
-9.671731567382812500e+01
-9.671731567382812500e+01
-9.671731567382812500e+01
-9.671731567382812500e+01
-9.671731567382812500e+01
-9.671731567382812500e+01
-9.671731567382812500e+01
-9.671731567382812500e+01
-9.671731567382812500e+01
-9.671731567382812500e+01
-9.671731567382812500e+01
-9.671731567382812500e+01
-9.671731567382812500e+01
-9.671731567382812500e+01
-9.671731567382812500e+01
-9.671731567382812500e+01
-9.671731567382812500e+01
-9.671731567382812500e+01
-9.671731567382812500e+01
-9.671731567382812500e+01
-9.671731567382812500e+01
-9.671731567382812500e+01
-9.671731567382812500e+01
-9.671731567382812500e+01
-9.671731567382812500e+01
-9.671731567382812500e+01
-9.671731567382812500e+01
-9.671731567382812500e+01
-9.671731567382812500e+01
-9.671731567382812500e+01
-9.671731567382812500e+01
-9.671731567382812500e+01
-9.671731567382812500e+01
-9.671731567382812500e+01
-9.671731567382812500e+01
-9.671731567382812500e+01
-9.671731567382812500e+01
-9.671731567382812500e+01
-9.671731567382812500e+01
-9.671731567382812500e+01
-9.671731567382812500e+01
-9.671731567382812500e+01
-9.671731567382812500e+01
-9.671731567382812500e+01
-9.671731567382812500e+01
-9.671731567382812500e+01
-9.671731567382812500e+01
-9.671731567382812500e+01
-9.671731567382812500e+01
-9.671731567382812500e+01
-9.671731567382812500e+01
-9.671731567382812500e+01
-9.671731567382812500e+01
-9.671731567382812500e+01
-9.671731567382812500e+01
-9.671731567382812500e+01
-9.671731567382812500e+01
-9.671731567382812500e+01
-9.671731567382812500e+01
-9.671731567382812500e+01
-9.671731567382812500e+01
-9.671731567382812500e+01
-9.671731567382812500e+01
-9.671731567382812500e+01
-9.671731567382812500e+01
-9.671731567382812500e+01
-9.671731567382812500e+01
-9.671731567382812500e+01
-9.671731567382812500e+01
-9.671731567382812500e+01
-9.671731567382812500e+01
-9.671731567382812500e+01
-9.671731567382812500e+01
-9.671731567382812500e+01
-9.671731567382812500e+01
-9.671731567382812500e+01
-9.671731567382812500e+01
-9.671731567382812500e+01
-9.671731567382812500e+01
-9.671731567382812500e+01
-9.671731567382812500e+01
-9.671731567382812500e+01
-9.671731567382812500e+01
-9.671731567382812500e+01
-9.671731567382812500e+01
-9.671731567382812500e+01
-9.671731567382812500e+01
-9.671731567382812500e+01
-9.671731567382812500e+01
-9.671731567382812500e+01
-9.671731567382812500e+01
-9.671731567382812500e+01
-9.671731567382812500e+01
-9.671731567382812500e+01
-9.671731567382812500e+01
-9.671731567382812500e+01
-9.671731567382812500e+01
-9.671731567382812500e+01
-9.671731567382812500e+01
-9.671731567382812500e+01
-9.671731567382812500e+01
-9.671731567382812500e+01
-9.671731567382812500e+01
-9.671731567382812500e+01
-9.671731567382812500e+01
-9.671731567382812500e+01
-9.671731567382812500e+01
-9.671731567382812500e+01
-9.671731567382812500e+01
-9.671731567382812500e+01
-9.671731567382812500e+01
-9.671731567382812500e+01
-9.671731567382812500e+01
-9.671731567382812500e+01
-9.671731567382812500e+01
-9.671731567382812500e+01
-9.671731567382812500e+01
-9.671731567382812500e+01
-9.671731567382812500e+01
-9.671731567382812500e+01
-9.671731567382812500e+01
-9.671731567382812500e+01
-9.671731567382812500e+01
-9.671731567382812500e+01
-9.671731567382812500e+01
-9.671731567382812500e+01
-9.671731567382812500e+01
-9.671731567382812500e+01
-9.671731567382812500e+01
-9.671731567382812500e+01
-9.671731567382812500e+01
-9.671731567382812500e+01
-9.671731567382812500e+01
-9.671731567382812500e+01
-9.671731567382812500e+01
-9.671731567382812500e+01
-9.671731567382812500e+01
-9.671731567382812500e+01
-9.671731567382812500e+01
-9.671731567382812500e+01
-9.671731567382812500e+01
-9.671731567382812500e+01
-9.671731567382812500e+01
-9.671731567382812500e+01
-9.671731567382812500e+01
-9.671731567382812500e+01
-9.671731567382812500e+01
-9.671731567382812500e+01
-9.671731567382812500e+01
-9.671731567382812500e+01
-9.671731567382812500e+01
-9.671731567382812500e+01
-9.671731567382812500e+01
-9.671731567382812500e+01
-9.671731567382812500e+01
-9.671731567382812500e+01
-9.671731567382812500e+01
-9.671731567382812500e+01
-9.671731567382812500e+01
-9.671731567382812500e+01
-9.671731567382812500e+01
-9.671731567382812500e+01
-9.671731567382812500e+01
-9.671731567382812500e+01
-9.671731567382812500e+01
-9.671731567382812500e+01
-9.671731567382812500e+01
-9.671731567382812500e+01
-9.671731567382812500e+01
-9.671731567382812500e+01
-9.671731567382812500e+01
-9.671731567382812500e+01
-9.671731567382812500e+01
-9.671731567382812500e+01
-9.671731567382812500e+01
-9.671731567382812500e+01
-9.671731567382812500e+01
-9.671731567382812500e+01
-9.671731567382812500e+01
-9.671731567382812500e+01
-9.671731567382812500e+01
-9.671731567382812500e+01
-9.671731567382812500e+01
-9.671731567382812500e+01
-9.671731567382812500e+01
-9.671731567382812500e+01
-9.671731567382812500e+01
-9.671731567382812500e+01
-9.671731567382812500e+01
-9.671731567382812500e+01
-9.671731567382812500e+01
-9.671731567382812500e+01
-9.671731567382812500e+01
-9.671731567382812500e+01
-9.671731567382812500e+01
-9.671731567382812500e+01
-9.671731567382812500e+01
-9.671731567382812500e+01
-9.671731567382812500e+01
-9.671731567382812500e+01
-9.671731567382812500e+01
-9.671731567382812500e+01
-9.671731567382812500e+01
-9.671731567382812500e+01
-9.671731567382812500e+01
-9.671731567382812500e+01
-9.671731567382812500e+01
-9.671731567382812500e+01
-9.671731567382812500e+01
-9.671731567382812500e+01
-9.671731567382812500e+01
-9.671731567382812500e+01
-9.671731567382812500e+01
-9.671731567382812500e+01
-9.671731567382812500e+01
-9.671731567382812500e+01
-9.671731567382812500e+01
-9.671731567382812500e+01
-9.671731567382812500e+01
-9.671731567382812500e+01
-9.671731567382812500e+01
-9.671731567382812500e+01
-9.671731567382812500e+01
-9.671731567382812500e+01
-9.671731567382812500e+01
-9.671731567382812500e+01
-9.671731567382812500e+01
-9.671731567382812500e+01
-9.671731567382812500e+01
-9.671731567382812500e+01
-9.671731567382812500e+01
-9.671731567382812500e+01
-9.671731567382812500e+01
-9.671731567382812500e+01
-9.671731567382812500e+01
-9.671731567382812500e+01
-9.671731567382812500e+01
-9.671731567382812500e+01
-9.671731567382812500e+01
-9.671731567382812500e+01
-9.671731567382812500e+01
-9.671731567382812500e+01
-9.671731567382812500e+01
-9.671731567382812500e+01
-9.671731567382812500e+01
-9.671731567382812500e+01
-9.671731567382812500e+01
-9.671731567382812500e+01
-9.671731567382812500e+01
-9.671731567382812500e+01
-9.671731567382812500e+01
-9.671731567382812500e+01
-9.671731567382812500e+01
-9.671731567382812500e+01
-9.671731567382812500e+01
-9.671731567382812500e+01
-9.671731567382812500e+01
-9.671731567382812500e+01
-9.671731567382812500e+01
-9.671731567382812500e+01
-9.671731567382812500e+01
-9.671731567382812500e+01
-9.671731567382812500e+01
-9.671731567382812500e+01
-9.671731567382812500e+01
-9.671731567382812500e+01
-9.671731567382812500e+01
-9.671731567382812500e+01
-9.671731567382812500e+01
-9.671731567382812500e+01
-9.671731567382812500e+01
-9.671731567382812500e+01
-9.671731567382812500e+01
-9.671731567382812500e+01
-9.671731567382812500e+01
-9.671731567382812500e+01
-9.671731567382812500e+01
-9.671731567382812500e+01
-9.671731567382812500e+01
-9.671731567382812500e+01
-9.671731567382812500e+01
-9.671731567382812500e+01
-9.671731567382812500e+01
-9.671731567382812500e+01
-9.671731567382812500e+01
-9.671731567382812500e+01
-9.671731567382812500e+01
-9.671731567382812500e+01
-9.671731567382812500e+01
-9.671731567382812500e+01
-9.671731567382812500e+01
-9.671731567382812500e+01
-9.671731567382812500e+01
-9.671731567382812500e+01
-9.671731567382812500e+01
-9.671731567382812500e+01
-9.671731567382812500e+01
-9.671731567382812500e+01
-9.671731567382812500e+01
-9.671731567382812500e+01
-9.671731567382812500e+01
-9.671731567382812500e+01
-9.671731567382812500e+01
-9.671731567382812500e+01
-9.671731567382812500e+01
-9.671731567382812500e+01
-9.671731567382812500e+01
-9.671731567382812500e+01
-9.671731567382812500e+01
-9.671731567382812500e+01
-9.671731567382812500e+01
-9.671731567382812500e+01
-9.671731567382812500e+01
-9.671731567382812500e+01
-9.671731567382812500e+01
-9.671731567382812500e+01
-9.671731567382812500e+01
-9.671731567382812500e+01
-9.671731567382812500e+01
-9.671731567382812500e+01
-9.671731567382812500e+01
-9.671731567382812500e+01
-9.671731567382812500e+01
-9.671731567382812500e+01
-9.671731567382812500e+01
-9.671731567382812500e+01
-9.671731567382812500e+01
-9.671731567382812500e+01
-9.671731567382812500e+01
-9.671731567382812500e+01
-9.671731567382812500e+01
-9.671731567382812500e+01
-9.671731567382812500e+01
-9.671731567382812500e+01
-9.671731567382812500e+01
-9.671731567382812500e+01
-9.671731567382812500e+01
-9.671731567382812500e+01
-9.671731567382812500e+01
-9.671731567382812500e+01
-9.671731567382812500e+01
-9.671731567382812500e+01
-9.671731567382812500e+01
-9.671731567382812500e+01
-9.671731567382812500e+01
-9.671731567382812500e+01
-9.671731567382812500e+01
-9.671731567382812500e+01
-9.671731567382812500e+01
-9.671731567382812500e+01
-9.671731567382812500e+01
-9.671731567382812500e+01
-9.671731567382812500e+01
-9.671731567382812500e+01
-9.671731567382812500e+01
-9.671731567382812500e+01
-9.671731567382812500e+01
-9.671731567382812500e+01
-9.671731567382812500e+01
-9.671731567382812500e+01
-9.671731567382812500e+01
-9.671731567382812500e+01
-9.671731567382812500e+01
-9.671731567382812500e+01
-9.671731567382812500e+01
-9.671731567382812500e+01
-9.671731567382812500e+01
-9.671731567382812500e+01
-9.671731567382812500e+01
-9.671731567382812500e+01
-9.671731567382812500e+01
-9.671731567382812500e+01
-9.671731567382812500e+01
-9.671731567382812500e+01
-9.671731567382812500e+01
-9.671731567382812500e+01
-9.671731567382812500e+01
-9.671731567382812500e+01
-9.671731567382812500e+01
-9.671731567382812500e+01
-9.671731567382812500e+01
-9.671731567382812500e+01
-9.671731567382812500e+01
-9.671731567382812500e+01
-9.671731567382812500e+01
-9.671731567382812500e+01
-9.671731567382812500e+01
-9.671731567382812500e+01
-9.671731567382812500e+01
-9.671731567382812500e+01
-9.671731567382812500e+01
-9.671731567382812500e+01
-9.671731567382812500e+01
-9.671731567382812500e+01
-9.671731567382812500e+01
-9.671731567382812500e+01
-9.671731567382812500e+01
-9.671731567382812500e+01
-9.671731567382812500e+01
-9.671731567382812500e+01
-9.671731567382812500e+01
-9.671731567382812500e+01
-9.671731567382812500e+01
-9.671731567382812500e+01
-9.671731567382812500e+01
-9.671731567382812500e+01
-9.671731567382812500e+01
-9.671731567382812500e+01
-9.671731567382812500e+01
-9.671731567382812500e+01
-9.671731567382812500e+01
-9.671731567382812500e+01
-9.671731567382812500e+01
-9.671731567382812500e+01
-9.671731567382812500e+01
-9.671731567382812500e+01
-9.671731567382812500e+01
-9.671731567382812500e+01
-9.671731567382812500e+01
-9.671731567382812500e+01
-9.671731567382812500e+01
-9.671731567382812500e+01
-9.671731567382812500e+01
-9.671731567382812500e+01
-9.671731567382812500e+01
-9.671731567382812500e+01
-9.671731567382812500e+01
-9.671731567382812500e+01
-9.671731567382812500e+01
-9.671731567382812500e+01
-9.671731567382812500e+01
-9.671731567382812500e+01
-9.671731567382812500e+01
-9.671731567382812500e+01
-9.671731567382812500e+01
-9.671731567382812500e+01
-9.671731567382812500e+01
-9.671731567382812500e+01
-9.671731567382812500e+01
-9.671731567382812500e+01
-9.671731567382812500e+01
-9.671731567382812500e+01
-9.671731567382812500e+01
-9.671731567382812500e+01
-9.671731567382812500e+01
-9.671731567382812500e+01
-9.671731567382812500e+01
-9.671731567382812500e+01
-9.671731567382812500e+01
-9.671731567382812500e+01
-9.671731567382812500e+01
-9.671731567382812500e+01
-9.671731567382812500e+01
-9.671731567382812500e+01
-9.671731567382812500e+01
-9.671731567382812500e+01
-9.671731567382812500e+01
-9.671731567382812500e+01
-9.671731567382812500e+01
-9.671731567382812500e+01
-9.671731567382812500e+01
-9.671731567382812500e+01
-9.671731567382812500e+01
-9.671731567382812500e+01
-9.671731567382812500e+01
-9.671731567382812500e+01
-9.671731567382812500e+01
-9.671731567382812500e+01
-9.671731567382812500e+01
-9.671731567382812500e+01
-9.671731567382812500e+01
-9.671731567382812500e+01
-9.671731567382812500e+01
-9.671731567382812500e+01
-9.671731567382812500e+01
-9.671731567382812500e+01
-9.671731567382812500e+01
-9.671731567382812500e+01
-9.671731567382812500e+01
-9.671731567382812500e+01
-9.671731567382812500e+01
-9.671731567382812500e+01
-9.671731567382812500e+01
-9.671731567382812500e+01
-9.671731567382812500e+01
-9.671731567382812500e+01
-9.671731567382812500e+01
-9.671731567382812500e+01
-9.671731567382812500e+01
-9.671731567382812500e+01
-9.671731567382812500e+01
-9.671731567382812500e+01
-9.671731567382812500e+01
-9.671731567382812500e+01
-9.671731567382812500e+01
-9.671731567382812500e+01
-9.671731567382812500e+01
-9.671731567382812500e+01
-9.671731567382812500e+01
-9.671731567382812500e+01
-9.671731567382812500e+01
-9.671731567382812500e+01
-9.671731567382812500e+01
-9.671731567382812500e+01
-9.671731567382812500e+01
-9.671731567382812500e+01
-9.671731567382812500e+01
-9.671731567382812500e+01
-9.671731567382812500e+01
-9.671731567382812500e+01
-9.671731567382812500e+01
-9.671731567382812500e+01
-9.671731567382812500e+01
-9.671731567382812500e+01
-9.671731567382812500e+01
-9.671731567382812500e+01
-9.671731567382812500e+01
-9.671731567382812500e+01
-9.671731567382812500e+01
-9.671731567382812500e+01
-9.671731567382812500e+01
-9.671731567382812500e+01
-9.671731567382812500e+01
-9.671731567382812500e+01
-9.671731567382812500e+01
-9.671731567382812500e+01
-9.671731567382812500e+01
-9.671731567382812500e+01
-9.671731567382812500e+01
-9.671731567382812500e+01
-9.671731567382812500e+01
-9.671731567382812500e+01
-9.671731567382812500e+01
-9.671731567382812500e+01
-9.671731567382812500e+01
-9.671731567382812500e+01
-9.671731567382812500e+01
-9.671731567382812500e+01
-9.671731567382812500e+01
-9.671731567382812500e+01
-9.671731567382812500e+01
-9.671731567382812500e+01
-9.671731567382812500e+01
-9.671731567382812500e+01
-9.671731567382812500e+01
-9.671731567382812500e+01
-9.671731567382812500e+01
-9.671731567382812500e+01
-9.671731567382812500e+01
-9.671731567382812500e+01
-9.671731567382812500e+01
-9.671731567382812500e+01
-9.671731567382812500e+01
-9.671731567382812500e+01
-9.671731567382812500e+01
-9.671731567382812500e+01
-9.671731567382812500e+01
-9.671731567382812500e+01
-9.671731567382812500e+01
-9.671731567382812500e+01
-9.671731567382812500e+01
-9.671731567382812500e+01
-9.671731567382812500e+01
-9.671731567382812500e+01
-9.671731567382812500e+01
-9.671731567382812500e+01
-9.671731567382812500e+01
-9.671731567382812500e+01
-9.671731567382812500e+01
-9.671731567382812500e+01
-9.671731567382812500e+01
-9.671731567382812500e+01
-9.671731567382812500e+01
-9.671731567382812500e+01
-9.671731567382812500e+01
-9.671731567382812500e+01
-9.671731567382812500e+01
-9.671731567382812500e+01
-9.671731567382812500e+01
-9.671731567382812500e+01
-9.671731567382812500e+01
-9.671731567382812500e+01
-9.671731567382812500e+01
-9.671731567382812500e+01
-9.671731567382812500e+01
-9.671731567382812500e+01
-9.671731567382812500e+01
-9.671731567382812500e+01
-9.671731567382812500e+01
-9.671731567382812500e+01
-9.671731567382812500e+01
-9.671731567382812500e+01
-9.671731567382812500e+01
-9.671731567382812500e+01
-9.671731567382812500e+01
-9.671731567382812500e+01
-9.671731567382812500e+01
-9.671731567382812500e+01
-9.671731567382812500e+01
-9.671731567382812500e+01
-9.671731567382812500e+01
-9.671731567382812500e+01
-9.671731567382812500e+01
-9.671731567382812500e+01
-9.671731567382812500e+01
-9.671731567382812500e+01
-9.671731567382812500e+01
-9.671731567382812500e+01
-9.671731567382812500e+01
-9.671731567382812500e+01
-9.671731567382812500e+01
-9.671731567382812500e+01
-9.671731567382812500e+01
-9.671731567382812500e+01
-9.671731567382812500e+01
-9.671731567382812500e+01
-9.671731567382812500e+01
-9.671731567382812500e+01
-9.671731567382812500e+01
-9.671731567382812500e+01
-9.671731567382812500e+01
-9.671731567382812500e+01
-9.671731567382812500e+01
-9.671731567382812500e+01
-9.671731567382812500e+01
-9.671731567382812500e+01
-9.671731567382812500e+01
-9.671731567382812500e+01
-9.671731567382812500e+01
-9.671731567382812500e+01
-9.671731567382812500e+01
-9.671731567382812500e+01
-9.671731567382812500e+01
-9.671731567382812500e+01
-9.671731567382812500e+01
-9.671731567382812500e+01
-9.671731567382812500e+01
-9.671731567382812500e+01
-9.671731567382812500e+01
-9.671731567382812500e+01
-9.671731567382812500e+01
-9.671731567382812500e+01
-9.671731567382812500e+01
-9.671731567382812500e+01
-9.671731567382812500e+01
-9.671731567382812500e+01
-9.671731567382812500e+01
-9.671731567382812500e+01
-9.671731567382812500e+01
-9.671731567382812500e+01
-9.671731567382812500e+01
-9.671731567382812500e+01
-9.671731567382812500e+01
-9.671731567382812500e+01
-9.671731567382812500e+01
-9.671731567382812500e+01
-9.671731567382812500e+01
-9.671731567382812500e+01
-9.671731567382812500e+01
-9.671731567382812500e+01
-9.671731567382812500e+01
-9.671731567382812500e+01
-9.671731567382812500e+01
-9.671731567382812500e+01
-9.671731567382812500e+01
-9.671731567382812500e+01
-9.671731567382812500e+01
-9.671731567382812500e+01
-9.671731567382812500e+01
-9.671731567382812500e+01
-9.671731567382812500e+01
-9.671731567382812500e+01
-9.671731567382812500e+01
-9.671731567382812500e+01
-9.671731567382812500e+01
-9.671731567382812500e+01
-9.671731567382812500e+01
-9.671731567382812500e+01
-9.671731567382812500e+01
-9.671731567382812500e+01
-9.671731567382812500e+01
-9.671731567382812500e+01
-9.671731567382812500e+01
-9.671731567382812500e+01
-9.671731567382812500e+01
-9.671731567382812500e+01
-9.671731567382812500e+01
-9.671731567382812500e+01
-9.671731567382812500e+01
-9.671731567382812500e+01
-9.671731567382812500e+01
-9.671731567382812500e+01
-9.671731567382812500e+01
-9.671731567382812500e+01
-9.671731567382812500e+01
-9.671731567382812500e+01
-9.671731567382812500e+01
-9.671731567382812500e+01
-9.671731567382812500e+01
-9.671731567382812500e+01
-9.671731567382812500e+01
-9.671731567382812500e+01
-9.671731567382812500e+01
-9.671731567382812500e+01
-9.671731567382812500e+01
-9.671731567382812500e+01
-9.671731567382812500e+01
-9.671731567382812500e+01
-9.671731567382812500e+01
-9.671731567382812500e+01
-9.671731567382812500e+01
-9.671731567382812500e+01
-9.671731567382812500e+01
-9.671731567382812500e+01
-9.671731567382812500e+01
-9.671731567382812500e+01
-9.671731567382812500e+01
-9.671731567382812500e+01
-9.671731567382812500e+01
-9.671731567382812500e+01
-9.671731567382812500e+01
-9.671731567382812500e+01
-9.671731567382812500e+01
-9.671731567382812500e+01
-9.671731567382812500e+01
-9.671731567382812500e+01
-9.671731567382812500e+01
-9.671731567382812500e+01
-9.671731567382812500e+01
-9.671731567382812500e+01
-9.671731567382812500e+01
-9.671731567382812500e+01
-9.671731567382812500e+01
-9.671731567382812500e+01
-9.671731567382812500e+01
-9.671731567382812500e+01
-9.671731567382812500e+01
-9.671731567382812500e+01
-9.671731567382812500e+01
-9.671731567382812500e+01
-9.671731567382812500e+01
-9.671731567382812500e+01
-9.671731567382812500e+01
-9.671731567382812500e+01
-9.671731567382812500e+01
-9.671731567382812500e+01
-9.671731567382812500e+01
-9.671731567382812500e+01
-9.671731567382812500e+01
-9.671731567382812500e+01
-9.671731567382812500e+01
-9.671731567382812500e+01
-9.671731567382812500e+01
-9.671731567382812500e+01
-9.671731567382812500e+01
-9.671731567382812500e+01
-9.671731567382812500e+01
-9.671731567382812500e+01
-9.671731567382812500e+01
-9.671731567382812500e+01
-9.671731567382812500e+01
-9.671731567382812500e+01
-9.671731567382812500e+01
-9.671731567382812500e+01
-9.671731567382812500e+01
-9.671731567382812500e+01
-9.671731567382812500e+01
-9.671731567382812500e+01
-9.671731567382812500e+01
-9.671731567382812500e+01
-9.671731567382812500e+01
-9.671731567382812500e+01
-9.671731567382812500e+01
-9.671731567382812500e+01
-9.671731567382812500e+01
-9.671731567382812500e+01
-9.671731567382812500e+01
-9.671731567382812500e+01
-9.671731567382812500e+01
-9.671731567382812500e+01
-9.671731567382812500e+01
-9.671731567382812500e+01
-9.671731567382812500e+01
-9.671731567382812500e+01
-9.671731567382812500e+01
-9.671731567382812500e+01
-9.671731567382812500e+01
-9.671731567382812500e+01
-9.671731567382812500e+01
-9.671731567382812500e+01
-9.671731567382812500e+01
-9.671731567382812500e+01
-9.671731567382812500e+01
-9.671731567382812500e+01
-9.671731567382812500e+01
-9.671731567382812500e+01
-9.671731567382812500e+01
-9.671731567382812500e+01
-9.671731567382812500e+01
-9.671731567382812500e+01
-9.671731567382812500e+01
-9.671731567382812500e+01
-9.671731567382812500e+01
-9.671731567382812500e+01
-9.671731567382812500e+01
-9.671731567382812500e+01
-9.671731567382812500e+01
-9.671731567382812500e+01
-9.671731567382812500e+01
-9.671731567382812500e+01
-9.671731567382812500e+01
-9.671731567382812500e+01
-9.671731567382812500e+01
-9.671731567382812500e+01
-9.671731567382812500e+01
-9.671731567382812500e+01
-9.671731567382812500e+01
-9.671731567382812500e+01
-9.671731567382812500e+01
-9.671731567382812500e+01
-9.671731567382812500e+01
-9.671731567382812500e+01
-9.671731567382812500e+01
-9.671731567382812500e+01
-9.671731567382812500e+01
-9.671731567382812500e+01
-9.671731567382812500e+01
-9.671731567382812500e+01
-9.671731567382812500e+01
-9.671731567382812500e+01
-9.671731567382812500e+01
-9.671731567382812500e+01
-9.671731567382812500e+01
-9.671731567382812500e+01
-9.671731567382812500e+01
-9.671731567382812500e+01
-9.671731567382812500e+01
-9.671731567382812500e+01
-9.671731567382812500e+01
-9.671731567382812500e+01
-9.671731567382812500e+01
-9.671731567382812500e+01
-9.671731567382812500e+01
-9.671731567382812500e+01
-9.671731567382812500e+01
-9.671731567382812500e+01
-9.671731567382812500e+01
-9.671731567382812500e+01
-9.671731567382812500e+01
-9.671731567382812500e+01
-9.671731567382812500e+01
-9.671731567382812500e+01
-9.671731567382812500e+01
-9.671731567382812500e+01
-9.671731567382812500e+01
-9.671731567382812500e+01
-9.671731567382812500e+01
-9.671731567382812500e+01
-9.671731567382812500e+01
-9.671731567382812500e+01
-9.671731567382812500e+01
-9.671731567382812500e+01
-9.671731567382812500e+01
-9.671731567382812500e+01
-9.671731567382812500e+01
-9.671731567382812500e+01
-9.671731567382812500e+01
-9.671731567382812500e+01
-9.671731567382812500e+01
-9.671731567382812500e+01
-9.671731567382812500e+01
-9.671731567382812500e+01
-9.671731567382812500e+01
-9.671731567382812500e+01
-9.671731567382812500e+01
-9.671731567382812500e+01
-9.671731567382812500e+01
-9.671731567382812500e+01
-9.671731567382812500e+01
-9.671731567382812500e+01
-9.671731567382812500e+01
-9.671731567382812500e+01
-9.671731567382812500e+01
-9.671731567382812500e+01
-9.671731567382812500e+01
-9.671731567382812500e+01
-9.671731567382812500e+01
-9.671731567382812500e+01
-9.671731567382812500e+01
-9.671731567382812500e+01
-9.671731567382812500e+01
-9.671731567382812500e+01
-9.671731567382812500e+01
-9.671731567382812500e+01
-9.671731567382812500e+01
-9.671731567382812500e+01
-9.671731567382812500e+01
-9.671731567382812500e+01
-9.671731567382812500e+01
-9.671731567382812500e+01
-9.671731567382812500e+01
-9.671731567382812500e+01
-9.671731567382812500e+01
-9.671731567382812500e+01
-9.671731567382812500e+01
-9.671731567382812500e+01
-9.671731567382812500e+01
-9.671731567382812500e+01
-9.671731567382812500e+01
-9.671731567382812500e+01
-9.671731567382812500e+01
-9.671731567382812500e+01
-9.671731567382812500e+01
-9.671731567382812500e+01
-9.671731567382812500e+01
-9.671731567382812500e+01
-9.671731567382812500e+01
-9.671731567382812500e+01
-9.671731567382812500e+01
-9.671731567382812500e+01
-9.671731567382812500e+01
-9.671731567382812500e+01
-9.671731567382812500e+01
-9.671731567382812500e+01
-9.671731567382812500e+01
-9.671731567382812500e+01
-9.671731567382812500e+01
-9.671731567382812500e+01
-9.671731567382812500e+01
-9.671731567382812500e+01
-9.671731567382812500e+01
-9.671731567382812500e+01
-9.671731567382812500e+01
-9.671731567382812500e+01
-9.671731567382812500e+01
-9.671731567382812500e+01
-9.671731567382812500e+01
-9.671731567382812500e+01
-9.671731567382812500e+01
-9.671731567382812500e+01
-9.671731567382812500e+01
-9.671731567382812500e+01
-9.671731567382812500e+01
-9.671731567382812500e+01
-9.671731567382812500e+01
-9.671731567382812500e+01
-9.671731567382812500e+01
-9.671731567382812500e+01
-9.671731567382812500e+01
-9.671731567382812500e+01
-9.671731567382812500e+01
-9.671731567382812500e+01
-9.671731567382812500e+01
-9.671731567382812500e+01
-9.671731567382812500e+01
-9.671731567382812500e+01
-9.671731567382812500e+01
-9.671731567382812500e+01
-9.671731567382812500e+01
-9.671731567382812500e+01
-9.671731567382812500e+01
-9.671731567382812500e+01
-9.671731567382812500e+01
-9.671731567382812500e+01
-9.671731567382812500e+01
-9.671731567382812500e+01
-9.671731567382812500e+01
-9.671731567382812500e+01
-9.671731567382812500e+01
-9.671731567382812500e+01
-9.671731567382812500e+01
-9.671731567382812500e+01
-9.671731567382812500e+01
-9.671731567382812500e+01
-9.671731567382812500e+01
-9.671731567382812500e+01
-9.671731567382812500e+01
-9.671731567382812500e+01
-9.671731567382812500e+01
-9.671731567382812500e+01
-9.671731567382812500e+01
-9.671731567382812500e+01
-9.671731567382812500e+01
-9.671731567382812500e+01
-9.671731567382812500e+01
-9.671731567382812500e+01
-9.671731567382812500e+01
-9.671731567382812500e+01
-9.671731567382812500e+01
-9.671731567382812500e+01
-9.671731567382812500e+01
-9.671731567382812500e+01
-9.671731567382812500e+01
-9.671731567382812500e+01
-9.671731567382812500e+01
-9.671731567382812500e+01
-9.671731567382812500e+01
-9.671731567382812500e+01
-9.671731567382812500e+01
-9.671731567382812500e+01
-9.671731567382812500e+01
-9.671731567382812500e+01
-9.671731567382812500e+01
-9.671731567382812500e+01
-9.671731567382812500e+01
-9.671731567382812500e+01
-9.671731567382812500e+01
-9.671731567382812500e+01
-9.671731567382812500e+01
-9.671731567382812500e+01
-9.671731567382812500e+01
-9.671731567382812500e+01
-9.671731567382812500e+01
-9.671731567382812500e+01
-9.671731567382812500e+01
-9.671731567382812500e+01
-9.671731567382812500e+01
-9.671731567382812500e+01
-9.671731567382812500e+01
-9.671731567382812500e+01
-9.671731567382812500e+01
-9.671731567382812500e+01
-9.671731567382812500e+01
-9.671731567382812500e+01
-9.671731567382812500e+01
-9.671731567382812500e+01
-9.671731567382812500e+01
-9.671731567382812500e+01
-9.671731567382812500e+01
-9.671731567382812500e+01
-9.671731567382812500e+01
-9.671731567382812500e+01
-9.671731567382812500e+01
-9.671731567382812500e+01
-9.671731567382812500e+01
-9.671731567382812500e+01
-9.671731567382812500e+01
-9.671731567382812500e+01
-9.671731567382812500e+01
-9.671731567382812500e+01
-9.671731567382812500e+01
-9.671731567382812500e+01
-9.671731567382812500e+01
-9.671731567382812500e+01
-9.671731567382812500e+01
-9.671731567382812500e+01
-9.671731567382812500e+01
-9.671731567382812500e+01
-9.671731567382812500e+01
-9.671731567382812500e+01
-9.671731567382812500e+01
-9.671731567382812500e+01
-9.671731567382812500e+01
-9.671731567382812500e+01
-9.671731567382812500e+01
-9.671731567382812500e+01
-9.671731567382812500e+01
-9.671731567382812500e+01
-9.671731567382812500e+01
-9.671731567382812500e+01
-9.671731567382812500e+01
-9.671731567382812500e+01
-9.671731567382812500e+01
-9.671731567382812500e+01
-9.671731567382812500e+01
-9.671731567382812500e+01
-9.671731567382812500e+01
-9.671731567382812500e+01
-9.671731567382812500e+01
-9.671731567382812500e+01
-9.671731567382812500e+01
-9.671731567382812500e+01
-9.671731567382812500e+01
-9.671731567382812500e+01
-9.671731567382812500e+01
-9.671731567382812500e+01
-9.671731567382812500e+01
-9.671731567382812500e+01
-9.671731567382812500e+01
-9.671731567382812500e+01
-9.671731567382812500e+01
-9.671731567382812500e+01
-9.671731567382812500e+01
-9.671731567382812500e+01
-9.671731567382812500e+01
-9.671731567382812500e+01
-9.671731567382812500e+01
-9.671731567382812500e+01
-9.671731567382812500e+01
-9.671731567382812500e+01
-9.671731567382812500e+01
-9.671731567382812500e+01
-9.671731567382812500e+01
-9.671731567382812500e+01
-9.671731567382812500e+01
-9.671731567382812500e+01
-9.671731567382812500e+01
-9.671731567382812500e+01
-9.671731567382812500e+01
-9.671731567382812500e+01
-9.671731567382812500e+01
-9.671731567382812500e+01
-9.671731567382812500e+01
-9.671731567382812500e+01
-9.671731567382812500e+01
-9.671731567382812500e+01
-9.671731567382812500e+01
-9.671731567382812500e+01
-9.671731567382812500e+01
-9.671731567382812500e+01
-9.671731567382812500e+01
-9.671731567382812500e+01
-9.671731567382812500e+01
-9.671731567382812500e+01
-9.671731567382812500e+01
-9.671731567382812500e+01
-9.671731567382812500e+01
-9.671731567382812500e+01
-9.671731567382812500e+01
-9.671731567382812500e+01
-9.671731567382812500e+01
-9.671731567382812500e+01
-9.671731567382812500e+01
-9.671731567382812500e+01
-9.671731567382812500e+01
-9.671731567382812500e+01
-9.671731567382812500e+01
-9.671731567382812500e+01
-9.671731567382812500e+01
-9.671731567382812500e+01
-9.671731567382812500e+01
-9.671731567382812500e+01
-9.671731567382812500e+01
-9.671731567382812500e+01
-9.671731567382812500e+01
-9.671731567382812500e+01
-9.671731567382812500e+01
-9.671731567382812500e+01
-9.671731567382812500e+01
-9.671731567382812500e+01
-9.671731567382812500e+01
-9.671731567382812500e+01
-9.671731567382812500e+01
-9.671731567382812500e+01
-9.671731567382812500e+01
-9.671731567382812500e+01
-9.671731567382812500e+01
-9.671731567382812500e+01
-9.671731567382812500e+01
-9.671731567382812500e+01
-9.671731567382812500e+01
-9.671731567382812500e+01
-9.671731567382812500e+01
-9.671731567382812500e+01
-9.671731567382812500e+01
-9.671731567382812500e+01
-9.671731567382812500e+01
-9.671731567382812500e+01
-9.671731567382812500e+01
-9.671731567382812500e+01
-9.671731567382812500e+01
-9.671731567382812500e+01
-9.671731567382812500e+01
-9.671731567382812500e+01
-9.671731567382812500e+01
-9.671731567382812500e+01
-9.671731567382812500e+01
-9.671731567382812500e+01
-9.671731567382812500e+01
-9.671731567382812500e+01
-9.671731567382812500e+01
-9.671731567382812500e+01
-9.671731567382812500e+01
-9.671731567382812500e+01
-9.671731567382812500e+01
-9.671731567382812500e+01
-9.671731567382812500e+01
-9.671731567382812500e+01
-9.671731567382812500e+01
-9.671731567382812500e+01
-9.671731567382812500e+01
-9.671731567382812500e+01
-9.671731567382812500e+01
-9.671731567382812500e+01
-9.671731567382812500e+01
-9.671731567382812500e+01
-9.671731567382812500e+01
-9.671731567382812500e+01
-9.671731567382812500e+01
-9.671731567382812500e+01
-9.671731567382812500e+01
-9.671731567382812500e+01
-9.671731567382812500e+01
-9.671731567382812500e+01
-9.671731567382812500e+01
-9.671731567382812500e+01
-9.671731567382812500e+01
-9.671731567382812500e+01
-9.671731567382812500e+01
-9.671731567382812500e+01
-9.671731567382812500e+01
-9.671731567382812500e+01
-9.671731567382812500e+01
-9.671731567382812500e+01
-9.671731567382812500e+01
-9.671731567382812500e+01
-9.671731567382812500e+01
-9.671731567382812500e+01
-9.671731567382812500e+01
-9.671731567382812500e+01
-9.671731567382812500e+01
-9.671731567382812500e+01
-9.671731567382812500e+01
-9.671731567382812500e+01
-9.671731567382812500e+01
-9.671731567382812500e+01
-9.671731567382812500e+01
-9.671731567382812500e+01
-9.671731567382812500e+01
-9.671731567382812500e+01
-9.671731567382812500e+01
-9.671731567382812500e+01
-9.671731567382812500e+01
-9.671731567382812500e+01
-9.671731567382812500e+01
-9.671731567382812500e+01
-9.671731567382812500e+01
-9.671731567382812500e+01
-9.671731567382812500e+01
-9.671731567382812500e+01
-9.671731567382812500e+01
-9.671731567382812500e+01
-9.671731567382812500e+01
-9.671731567382812500e+01
-9.671731567382812500e+01
-9.671731567382812500e+01
-9.671731567382812500e+01
-9.671731567382812500e+01
-9.671731567382812500e+01
-9.671731567382812500e+01
-9.671731567382812500e+01
-9.671731567382812500e+01
-9.671731567382812500e+01
-9.671731567382812500e+01
-9.671731567382812500e+01
-9.671731567382812500e+01
-9.671731567382812500e+01
-9.671731567382812500e+01
-9.671731567382812500e+01
-9.671731567382812500e+01
-9.671731567382812500e+01
-9.671731567382812500e+01
-9.671731567382812500e+01
-9.671731567382812500e+01
-9.671731567382812500e+01
-9.671731567382812500e+01
-9.671731567382812500e+01
-9.671731567382812500e+01
-9.671731567382812500e+01
-9.671731567382812500e+01
-9.671731567382812500e+01
-9.671731567382812500e+01
-9.671731567382812500e+01
-9.671731567382812500e+01
-9.671731567382812500e+01
-9.671731567382812500e+01
-9.671731567382812500e+01
-9.671731567382812500e+01
-9.671731567382812500e+01
-9.671731567382812500e+01
-9.671731567382812500e+01
-9.671731567382812500e+01
-9.671731567382812500e+01
-9.671731567382812500e+01
-9.671731567382812500e+01
-9.671731567382812500e+01
-9.671731567382812500e+01
-9.671731567382812500e+01
-9.671731567382812500e+01
-9.671731567382812500e+01
-9.671731567382812500e+01
-9.671731567382812500e+01
-9.671731567382812500e+01
-9.671731567382812500e+01
-9.671731567382812500e+01
-9.671731567382812500e+01
-9.671731567382812500e+01
-9.671731567382812500e+01
-9.671731567382812500e+01
-9.671731567382812500e+01
-9.671731567382812500e+01
-9.671731567382812500e+01
-9.671731567382812500e+01
-9.671731567382812500e+01
-9.671731567382812500e+01
-9.671731567382812500e+01
-9.671731567382812500e+01
-9.671731567382812500e+01
-9.671731567382812500e+01
-9.671731567382812500e+01
-9.671731567382812500e+01
-9.671731567382812500e+01
-9.671731567382812500e+01
-9.671731567382812500e+01
-9.671731567382812500e+01
-9.671731567382812500e+01
-9.671731567382812500e+01
-9.671731567382812500e+01
-9.671731567382812500e+01
-9.671731567382812500e+01
-9.671731567382812500e+01
-9.671731567382812500e+01
-9.671731567382812500e+01
-9.671731567382812500e+01
-9.671731567382812500e+01
-9.671731567382812500e+01
-9.671731567382812500e+01
-9.671731567382812500e+01
-9.671731567382812500e+01
-9.671731567382812500e+01
-9.671731567382812500e+01
-9.671731567382812500e+01
-9.671731567382812500e+01
-9.671731567382812500e+01
-9.671731567382812500e+01
-9.671731567382812500e+01
-9.671731567382812500e+01
-9.671731567382812500e+01
-9.671731567382812500e+01
-9.671731567382812500e+01
-9.671731567382812500e+01
-9.671731567382812500e+01
-9.671731567382812500e+01
-9.671731567382812500e+01
-9.671731567382812500e+01
-9.671731567382812500e+01
-9.671731567382812500e+01
-9.671731567382812500e+01
-9.671731567382812500e+01
-9.671731567382812500e+01
-9.671731567382812500e+01
-9.671731567382812500e+01
-9.671731567382812500e+01
-9.671731567382812500e+01
-9.671731567382812500e+01
-9.671731567382812500e+01
-9.671731567382812500e+01
-9.671731567382812500e+01
-9.671731567382812500e+01
-9.671731567382812500e+01
-9.671731567382812500e+01
-9.671731567382812500e+01
-9.671731567382812500e+01
-9.671731567382812500e+01
-9.671731567382812500e+01
-9.671731567382812500e+01
-9.671731567382812500e+01
-9.671731567382812500e+01
-9.671731567382812500e+01
-9.671731567382812500e+01
-9.671731567382812500e+01
-9.671731567382812500e+01
-9.671731567382812500e+01
-9.671731567382812500e+01
-9.671731567382812500e+01
-9.671731567382812500e+01
-9.671731567382812500e+01
-9.671731567382812500e+01
-9.671731567382812500e+01
-9.671731567382812500e+01
-9.671731567382812500e+01
-9.671731567382812500e+01
-9.671731567382812500e+01
-9.671731567382812500e+01
-9.671731567382812500e+01
-9.671731567382812500e+01
-9.671731567382812500e+01
-9.671731567382812500e+01
-9.671731567382812500e+01
-9.671731567382812500e+01
-9.671731567382812500e+01
-9.671731567382812500e+01
-9.671731567382812500e+01
-9.671731567382812500e+01
-9.671731567382812500e+01
-9.671731567382812500e+01
-9.671731567382812500e+01
-9.671731567382812500e+01
-9.671731567382812500e+01
-9.671731567382812500e+01
-9.671731567382812500e+01
-9.671731567382812500e+01
-9.671731567382812500e+01
-9.671731567382812500e+01
-9.671731567382812500e+01
-9.671731567382812500e+01
-9.671731567382812500e+01
-9.671731567382812500e+01
-9.671731567382812500e+01
-9.671731567382812500e+01
-9.671731567382812500e+01
-9.671731567382812500e+01
-9.671731567382812500e+01
-9.671731567382812500e+01
-9.671731567382812500e+01
-9.671731567382812500e+01
-9.671731567382812500e+01
-9.671731567382812500e+01
-9.671731567382812500e+01
-9.671731567382812500e+01
-9.671731567382812500e+01
-9.671731567382812500e+01
-9.671731567382812500e+01
-9.671731567382812500e+01
-9.671731567382812500e+01
-9.671731567382812500e+01
-9.671731567382812500e+01
-9.671731567382812500e+01
-9.671731567382812500e+01
-9.671731567382812500e+01
-9.671731567382812500e+01
-9.671731567382812500e+01
-9.671731567382812500e+01
-9.671731567382812500e+01
-9.671731567382812500e+01
-9.671731567382812500e+01
-9.671731567382812500e+01
-9.671731567382812500e+01
-9.671731567382812500e+01
-9.671731567382812500e+01
-9.671731567382812500e+01
-9.671731567382812500e+01
-9.671731567382812500e+01
-9.671731567382812500e+01
-9.671731567382812500e+01
-9.671731567382812500e+01
-9.671731567382812500e+01
-9.671731567382812500e+01
-9.671731567382812500e+01
-9.671731567382812500e+01
-9.671731567382812500e+01
-9.671731567382812500e+01
-9.671731567382812500e+01
-9.671731567382812500e+01
-9.671731567382812500e+01
-9.671731567382812500e+01
-9.671731567382812500e+01
-9.671731567382812500e+01
-9.671731567382812500e+01
-9.671731567382812500e+01
-9.671731567382812500e+01
-9.671731567382812500e+01
-9.671731567382812500e+01
-9.671731567382812500e+01
-9.671731567382812500e+01
-9.671731567382812500e+01
-9.671731567382812500e+01
-9.671731567382812500e+01
-9.671731567382812500e+01
-9.671731567382812500e+01
-9.671731567382812500e+01
-9.671731567382812500e+01
-9.671731567382812500e+01
-9.671731567382812500e+01
-9.671731567382812500e+01
-9.671731567382812500e+01
-9.671731567382812500e+01
-9.671731567382812500e+01
-9.671731567382812500e+01
-9.671731567382812500e+01
-9.671731567382812500e+01
-9.671731567382812500e+01
-9.671731567382812500e+01
-9.671731567382812500e+01
-9.671731567382812500e+01
-9.671731567382812500e+01
-9.671731567382812500e+01
-9.671731567382812500e+01
-9.671731567382812500e+01
-9.671731567382812500e+01
-9.671731567382812500e+01
-9.671731567382812500e+01
-9.671731567382812500e+01
-9.671731567382812500e+01
-9.671731567382812500e+01
-9.671731567382812500e+01
-9.671731567382812500e+01
-9.671731567382812500e+01
-9.671731567382812500e+01
-9.671731567382812500e+01
-9.671731567382812500e+01
-9.671731567382812500e+01
-9.671731567382812500e+01
-9.671731567382812500e+01
-9.671731567382812500e+01
-9.671731567382812500e+01
-9.671731567382812500e+01
-9.671731567382812500e+01
-9.671731567382812500e+01
-9.671731567382812500e+01
-9.671731567382812500e+01
-9.671731567382812500e+01
-9.671731567382812500e+01
-9.671731567382812500e+01
-9.671731567382812500e+01
-9.671731567382812500e+01
-9.671731567382812500e+01
-9.671731567382812500e+01
-9.671731567382812500e+01
-9.671731567382812500e+01
-9.671731567382812500e+01
-9.671731567382812500e+01
-9.671731567382812500e+01
-9.671731567382812500e+01
-9.671731567382812500e+01
-9.671731567382812500e+01
-9.671731567382812500e+01
-9.671731567382812500e+01
-9.671731567382812500e+01
-9.671731567382812500e+01
-9.671731567382812500e+01
-9.671731567382812500e+01
-9.671731567382812500e+01
-9.671731567382812500e+01
-9.671731567382812500e+01
-9.671731567382812500e+01
-9.671731567382812500e+01
-9.671731567382812500e+01
-9.671731567382812500e+01
-9.671731567382812500e+01
-9.671731567382812500e+01
-9.671731567382812500e+01
-9.671731567382812500e+01
-9.671731567382812500e+01
-9.671731567382812500e+01
-9.671731567382812500e+01
-9.671731567382812500e+01
-9.671731567382812500e+01
-9.671731567382812500e+01
-9.671731567382812500e+01
-9.671731567382812500e+01
-9.671731567382812500e+01
-9.671731567382812500e+01
-9.671731567382812500e+01
-9.671731567382812500e+01
-9.671731567382812500e+01
-9.671731567382812500e+01
-9.671731567382812500e+01
-9.671731567382812500e+01
-9.671731567382812500e+01
-9.671731567382812500e+01
-9.671731567382812500e+01
-9.671731567382812500e+01
-9.671731567382812500e+01
-9.671731567382812500e+01
-9.671731567382812500e+01
-9.671731567382812500e+01
-9.671731567382812500e+01
-9.671731567382812500e+01
-9.671731567382812500e+01
-9.671731567382812500e+01
-9.671731567382812500e+01
-9.671731567382812500e+01
-9.671731567382812500e+01
-9.671731567382812500e+01
-9.671731567382812500e+01
-9.671731567382812500e+01
-9.671731567382812500e+01
-9.671731567382812500e+01
-9.671731567382812500e+01
-9.671731567382812500e+01
-9.671731567382812500e+01
-9.671731567382812500e+01
-9.671731567382812500e+01
-9.671731567382812500e+01
-9.671731567382812500e+01
-9.671731567382812500e+01
-9.671731567382812500e+01
-9.671731567382812500e+01
-9.671731567382812500e+01
-9.671731567382812500e+01
-9.671731567382812500e+01
-9.671731567382812500e+01
-9.671731567382812500e+01
-9.671731567382812500e+01
-9.671731567382812500e+01
-9.671731567382812500e+01
-9.671731567382812500e+01
-9.671731567382812500e+01
-9.671731567382812500e+01
-9.671731567382812500e+01
-9.671731567382812500e+01
-9.671731567382812500e+01
-9.671731567382812500e+01
-9.671731567382812500e+01
-9.671731567382812500e+01
-9.671731567382812500e+01
-9.671731567382812500e+01
-9.671731567382812500e+01
-9.671731567382812500e+01
-9.671731567382812500e+01
-9.671731567382812500e+01
-9.671731567382812500e+01
-9.671731567382812500e+01
-9.671731567382812500e+01
-9.671731567382812500e+01
-9.671731567382812500e+01
-9.671731567382812500e+01
-9.671731567382812500e+01
-9.671731567382812500e+01
-9.671731567382812500e+01
-9.671731567382812500e+01
-9.671731567382812500e+01
-9.671731567382812500e+01
-9.671731567382812500e+01
-9.671731567382812500e+01
-9.671731567382812500e+01
-9.671731567382812500e+01
-9.671731567382812500e+01
-9.671731567382812500e+01
-9.671731567382812500e+01
-9.671731567382812500e+01
-9.671731567382812500e+01
-9.671731567382812500e+01
-9.671731567382812500e+01
-9.671731567382812500e+01
-9.671731567382812500e+01
-9.671731567382812500e+01
-9.671731567382812500e+01
-9.671731567382812500e+01
-9.671731567382812500e+01
-9.671731567382812500e+01
-9.671731567382812500e+01
-9.671731567382812500e+01
-9.671731567382812500e+01
-9.671731567382812500e+01
-9.671731567382812500e+01
-9.671731567382812500e+01
-9.671731567382812500e+01
-9.671731567382812500e+01
-9.671731567382812500e+01
-9.671731567382812500e+01
-9.671731567382812500e+01
-9.671731567382812500e+01
-9.671731567382812500e+01
-9.671731567382812500e+01
-9.671731567382812500e+01
-9.671731567382812500e+01
-9.671731567382812500e+01
-9.671731567382812500e+01
-9.671731567382812500e+01
-9.671731567382812500e+01
-9.671731567382812500e+01
-9.671731567382812500e+01
-9.671731567382812500e+01
-9.671731567382812500e+01
-9.671731567382812500e+01
-9.671731567382812500e+01
-9.671731567382812500e+01
-9.671731567382812500e+01
-9.671731567382812500e+01
-9.671731567382812500e+01
-9.671731567382812500e+01
-9.671731567382812500e+01
-9.671731567382812500e+01
-9.671731567382812500e+01
-9.671731567382812500e+01
-9.671731567382812500e+01
-9.671731567382812500e+01
-9.671731567382812500e+01
-9.671731567382812500e+01
-9.671731567382812500e+01
-9.671731567382812500e+01
-9.671731567382812500e+01
-9.671731567382812500e+01
-9.671731567382812500e+01
-9.671731567382812500e+01
-9.671731567382812500e+01
-9.671731567382812500e+01
-9.671731567382812500e+01
-9.671731567382812500e+01
-9.671731567382812500e+01
-9.671731567382812500e+01
-9.671731567382812500e+01
-9.671731567382812500e+01
-9.671731567382812500e+01
-9.671731567382812500e+01
-9.671731567382812500e+01
-9.671731567382812500e+01
-9.671731567382812500e+01
-9.671731567382812500e+01
-9.671731567382812500e+01
-9.671731567382812500e+01
-9.671731567382812500e+01
-9.671731567382812500e+01
-9.671731567382812500e+01
-9.671731567382812500e+01
-9.671731567382812500e+01
-9.671731567382812500e+01
-9.671731567382812500e+01
-9.671731567382812500e+01
-9.671731567382812500e+01
-9.671731567382812500e+01
-9.671731567382812500e+01
-9.671731567382812500e+01
-9.671731567382812500e+01
-9.671731567382812500e+01
-9.671731567382812500e+01
-9.671731567382812500e+01
-9.671731567382812500e+01
-9.671731567382812500e+01
-9.671731567382812500e+01
-9.671731567382812500e+01
-9.671731567382812500e+01
-9.671731567382812500e+01
-9.671731567382812500e+01
-9.671731567382812500e+01
-9.671731567382812500e+01
-9.671731567382812500e+01
-9.671731567382812500e+01
-9.671731567382812500e+01
-9.671731567382812500e+01
-9.671731567382812500e+01
-9.671731567382812500e+01
-9.671731567382812500e+01
-9.671731567382812500e+01
-9.671731567382812500e+01
-9.671731567382812500e+01
-9.671731567382812500e+01
-9.671731567382812500e+01
-9.671731567382812500e+01
-9.671731567382812500e+01
-9.671731567382812500e+01
-9.671731567382812500e+01
-9.671731567382812500e+01
-9.671731567382812500e+01
-9.671731567382812500e+01
-9.671731567382812500e+01
-9.671731567382812500e+01
-9.671731567382812500e+01
-9.671731567382812500e+01
-9.671731567382812500e+01
-9.671731567382812500e+01
-9.671731567382812500e+01
-9.671731567382812500e+01
-9.671731567382812500e+01
-9.671731567382812500e+01
-9.671731567382812500e+01
-9.671731567382812500e+01
-9.671731567382812500e+01
-9.671731567382812500e+01
-9.671731567382812500e+01
-9.671731567382812500e+01
-9.671731567382812500e+01
-9.671731567382812500e+01
-9.671731567382812500e+01
-9.671731567382812500e+01
-9.671731567382812500e+01
-9.671731567382812500e+01
-9.671731567382812500e+01
-9.671731567382812500e+01
-9.671731567382812500e+01
-9.671731567382812500e+01
-9.671731567382812500e+01
-9.671731567382812500e+01
-9.671731567382812500e+01
-9.671731567382812500e+01
-9.671731567382812500e+01
-9.671731567382812500e+01
-9.671731567382812500e+01
-9.671731567382812500e+01
-9.671731567382812500e+01
-9.671731567382812500e+01
-9.671731567382812500e+01
-9.671731567382812500e+01
-9.671731567382812500e+01
-9.671731567382812500e+01
-9.671731567382812500e+01
-9.671731567382812500e+01
-9.671731567382812500e+01
-9.671731567382812500e+01
-9.671731567382812500e+01
-9.671731567382812500e+01
-9.671731567382812500e+01
-9.671731567382812500e+01
-9.671731567382812500e+01
-9.671731567382812500e+01
-9.671731567382812500e+01
-9.671731567382812500e+01
-9.671731567382812500e+01
-9.671731567382812500e+01
-9.671731567382812500e+01
-9.671731567382812500e+01
-9.671731567382812500e+01
-9.671731567382812500e+01
-9.671731567382812500e+01
-9.671731567382812500e+01
-9.671731567382812500e+01
-9.671731567382812500e+01
-9.671731567382812500e+01
-9.671731567382812500e+01
-9.671731567382812500e+01
-9.671731567382812500e+01
-9.671731567382812500e+01
-9.671731567382812500e+01
-9.671731567382812500e+01
-9.671731567382812500e+01
-9.671731567382812500e+01
-9.671731567382812500e+01
-9.671731567382812500e+01
-9.671731567382812500e+01
-9.671731567382812500e+01
-9.671731567382812500e+01
-9.671731567382812500e+01
-9.671731567382812500e+01
-9.671731567382812500e+01
-9.671731567382812500e+01
-9.671731567382812500e+01
-9.671731567382812500e+01
-9.671731567382812500e+01
-9.671731567382812500e+01
-9.671731567382812500e+01
-9.671731567382812500e+01
-9.671731567382812500e+01
-9.671731567382812500e+01
-9.671731567382812500e+01
-9.671731567382812500e+01
-9.671731567382812500e+01
-9.671731567382812500e+01
-9.671731567382812500e+01
-9.671731567382812500e+01
-9.671731567382812500e+01
-9.671731567382812500e+01
-9.671731567382812500e+01
-9.671731567382812500e+01
-9.671731567382812500e+01
-9.671731567382812500e+01
-9.671731567382812500e+01
-9.671731567382812500e+01
-9.671731567382812500e+01
-9.671731567382812500e+01
-9.671731567382812500e+01
-9.671731567382812500e+01
-9.671731567382812500e+01
-9.671731567382812500e+01
-9.671731567382812500e+01
-9.671731567382812500e+01
-9.671731567382812500e+01
-9.671731567382812500e+01
-9.671731567382812500e+01
-9.671731567382812500e+01
-9.671731567382812500e+01
-9.671731567382812500e+01
-9.671731567382812500e+01
-9.671731567382812500e+01
-9.671731567382812500e+01
-9.671731567382812500e+01
-9.671731567382812500e+01
-9.671731567382812500e+01
-9.671731567382812500e+01
-9.671731567382812500e+01
-9.671731567382812500e+01
-9.671731567382812500e+01
-9.671731567382812500e+01
-9.671731567382812500e+01
-9.671731567382812500e+01
-9.671731567382812500e+01
-9.671731567382812500e+01
-9.671731567382812500e+01
-9.671731567382812500e+01
-9.671731567382812500e+01
-9.671731567382812500e+01
-9.671731567382812500e+01
-9.671731567382812500e+01
-9.671731567382812500e+01
-9.671731567382812500e+01
-9.671731567382812500e+01
-9.671731567382812500e+01
-9.671731567382812500e+01
-9.671731567382812500e+01
-9.671731567382812500e+01
-9.671731567382812500e+01
-9.671731567382812500e+01
-9.671731567382812500e+01
-9.671731567382812500e+01
-9.671731567382812500e+01
-9.671731567382812500e+01
-9.671731567382812500e+01
-9.671731567382812500e+01
-9.671731567382812500e+01
-9.671731567382812500e+01
-9.671731567382812500e+01
-9.671731567382812500e+01
-9.671731567382812500e+01
-9.671731567382812500e+01
-9.671731567382812500e+01
-9.671731567382812500e+01
-9.671731567382812500e+01
-9.671731567382812500e+01
-9.671731567382812500e+01
-9.671731567382812500e+01
-9.671731567382812500e+01
-9.671731567382812500e+01
-9.671731567382812500e+01
-9.671731567382812500e+01
-9.671731567382812500e+01
-9.671731567382812500e+01
-9.671731567382812500e+01
-9.671731567382812500e+01
-9.671731567382812500e+01
-9.671731567382812500e+01
-9.671731567382812500e+01
-9.671731567382812500e+01
-9.671731567382812500e+01
-9.671731567382812500e+01
-9.671731567382812500e+01
-9.671731567382812500e+01
-9.671731567382812500e+01
-9.671731567382812500e+01
-9.671731567382812500e+01
-9.671731567382812500e+01
-9.671731567382812500e+01
-9.671731567382812500e+01
-9.671731567382812500e+01
-9.671731567382812500e+01
-9.671731567382812500e+01
-9.671731567382812500e+01
-9.671731567382812500e+01
-9.671731567382812500e+01
-9.671731567382812500e+01
-9.671731567382812500e+01
-9.671731567382812500e+01
-9.671731567382812500e+01
-9.671731567382812500e+01
-9.671731567382812500e+01
-9.671731567382812500e+01
-9.671731567382812500e+01
-9.671731567382812500e+01
-9.671731567382812500e+01
-9.671731567382812500e+01
-9.671731567382812500e+01
-9.671731567382812500e+01
-9.671731567382812500e+01
-9.671731567382812500e+01
-9.671731567382812500e+01
-9.671731567382812500e+01
-9.671731567382812500e+01
-9.671731567382812500e+01
-9.671731567382812500e+01
-9.671731567382812500e+01
-9.671731567382812500e+01
-9.671731567382812500e+01
-9.671731567382812500e+01
-9.671731567382812500e+01
-9.671731567382812500e+01
-9.671731567382812500e+01
-9.671731567382812500e+01
-9.671731567382812500e+01
-9.671731567382812500e+01
-9.671731567382812500e+01
-9.671731567382812500e+01
-9.671731567382812500e+01
-9.671731567382812500e+01
-9.671731567382812500e+01
-9.671731567382812500e+01
-9.671731567382812500e+01
-9.671731567382812500e+01
-9.671731567382812500e+01
-9.671731567382812500e+01
-9.671731567382812500e+01
-9.671731567382812500e+01
-9.671731567382812500e+01
-9.671731567382812500e+01
-9.671731567382812500e+01
-9.671731567382812500e+01
-9.671731567382812500e+01
-9.671731567382812500e+01
-9.671731567382812500e+01
-9.671731567382812500e+01
-9.671731567382812500e+01
-9.671731567382812500e+01
-9.671731567382812500e+01
-9.671731567382812500e+01
-9.671731567382812500e+01
-9.671731567382812500e+01
-9.671731567382812500e+01
-9.671731567382812500e+01
-9.671731567382812500e+01
-9.671731567382812500e+01
-9.671731567382812500e+01
-9.671731567382812500e+01
-9.671731567382812500e+01
-9.671731567382812500e+01
-9.671731567382812500e+01
-9.671731567382812500e+01
-9.671731567382812500e+01
-9.671731567382812500e+01
-9.671731567382812500e+01
-9.671731567382812500e+01
-9.671731567382812500e+01
-9.671731567382812500e+01
-9.671731567382812500e+01
-9.671731567382812500e+01
-9.671731567382812500e+01
-9.671731567382812500e+01
-9.671731567382812500e+01
-9.671731567382812500e+01
-9.671731567382812500e+01
-9.671731567382812500e+01
-9.671731567382812500e+01
-9.671731567382812500e+01
-9.671731567382812500e+01
-9.671731567382812500e+01
-9.671731567382812500e+01
-9.671731567382812500e+01
-9.671731567382812500e+01
-9.671731567382812500e+01
-9.671731567382812500e+01
-9.671731567382812500e+01
-9.671731567382812500e+01
-9.671731567382812500e+01
-9.671731567382812500e+01
-9.671731567382812500e+01
-9.671731567382812500e+01
-9.671731567382812500e+01
-9.671731567382812500e+01
-9.671731567382812500e+01
-9.671731567382812500e+01
-9.671731567382812500e+01
-9.671731567382812500e+01
-9.671731567382812500e+01
-9.671731567382812500e+01
-9.671731567382812500e+01
-9.671731567382812500e+01
-9.671731567382812500e+01
-9.671731567382812500e+01
-9.671731567382812500e+01
-9.671731567382812500e+01
-9.671731567382812500e+01
-9.671731567382812500e+01
-9.671731567382812500e+01
-9.671731567382812500e+01
-9.671731567382812500e+01
-9.671731567382812500e+01
-9.671731567382812500e+01
-9.671731567382812500e+01
-9.671731567382812500e+01
-9.671731567382812500e+01
-9.671731567382812500e+01
-9.671731567382812500e+01
-9.671731567382812500e+01
-9.671731567382812500e+01
-9.671731567382812500e+01
-9.671731567382812500e+01
-9.671731567382812500e+01
-9.671731567382812500e+01
-9.671731567382812500e+01
-9.671731567382812500e+01
-9.671731567382812500e+01
-9.671731567382812500e+01
-9.671731567382812500e+01
-9.671731567382812500e+01
-9.671731567382812500e+01
-9.671731567382812500e+01
-9.671731567382812500e+01
-9.671731567382812500e+01
-9.671731567382812500e+01
-9.671731567382812500e+01
-9.671731567382812500e+01
-9.671731567382812500e+01
-9.671731567382812500e+01
-9.671731567382812500e+01
-9.671731567382812500e+01
-9.671731567382812500e+01
-9.671731567382812500e+01
-9.671731567382812500e+01
-9.671731567382812500e+01
-9.671731567382812500e+01
-9.671731567382812500e+01
-9.671731567382812500e+01
-9.671731567382812500e+01
-9.671731567382812500e+01
-9.671731567382812500e+01
-9.671731567382812500e+01
-9.671731567382812500e+01
-9.671731567382812500e+01
-9.671731567382812500e+01
-9.671731567382812500e+01
-9.671731567382812500e+01
-9.671731567382812500e+01
-9.671731567382812500e+01
-9.671731567382812500e+01
-9.671731567382812500e+01
-9.671731567382812500e+01
-9.671731567382812500e+01
-9.671731567382812500e+01
-9.671731567382812500e+01
-9.671731567382812500e+01
-9.671731567382812500e+01
-9.671731567382812500e+01
-9.671731567382812500e+01
-9.671731567382812500e+01
-9.671731567382812500e+01
-9.671731567382812500e+01
-9.671731567382812500e+01
-9.671731567382812500e+01
-9.671731567382812500e+01
-9.671731567382812500e+01
-9.671731567382812500e+01
-9.671731567382812500e+01
-9.671731567382812500e+01
-9.671731567382812500e+01
-9.671731567382812500e+01
-9.671731567382812500e+01
-9.671731567382812500e+01
-9.671731567382812500e+01
-9.671731567382812500e+01
-9.671731567382812500e+01
-9.671731567382812500e+01
-9.671731567382812500e+01
-9.671731567382812500e+01
-9.671731567382812500e+01
-9.671731567382812500e+01
-9.671731567382812500e+01
-9.671731567382812500e+01
-9.671731567382812500e+01
-9.671731567382812500e+01
-9.671731567382812500e+01
-9.671731567382812500e+01
-9.671731567382812500e+01
-9.671731567382812500e+01
-9.671731567382812500e+01
-9.671731567382812500e+01
-9.671731567382812500e+01
-9.671731567382812500e+01
-9.671731567382812500e+01
-9.671731567382812500e+01
-9.671731567382812500e+01
-9.671731567382812500e+01
-9.671731567382812500e+01
-9.671731567382812500e+01
-9.671731567382812500e+01
-9.671731567382812500e+01
-9.671731567382812500e+01
-9.671731567382812500e+01
-9.671731567382812500e+01
-9.671731567382812500e+01
-9.671731567382812500e+01
-9.671731567382812500e+01
-9.671731567382812500e+01
-9.671731567382812500e+01
-9.671731567382812500e+01
-9.671731567382812500e+01
-9.671731567382812500e+01
-9.671731567382812500e+01
-9.671731567382812500e+01
-9.671731567382812500e+01
-9.671731567382812500e+01
-9.671731567382812500e+01
-9.671731567382812500e+01
-9.671731567382812500e+01
-9.671731567382812500e+01
-9.671731567382812500e+01
-9.671731567382812500e+01
-9.671731567382812500e+01
-9.671731567382812500e+01
-9.671731567382812500e+01
-9.671731567382812500e+01
-9.671731567382812500e+01
-9.671731567382812500e+01
-9.671731567382812500e+01
-9.671731567382812500e+01
-9.671731567382812500e+01
-9.671731567382812500e+01
-9.671731567382812500e+01
-9.671731567382812500e+01
-9.671731567382812500e+01
-9.671731567382812500e+01
-9.671731567382812500e+01
-9.671731567382812500e+01
-9.671731567382812500e+01
-9.671731567382812500e+01
-9.671731567382812500e+01
-9.671731567382812500e+01
-9.671731567382812500e+01
-9.671731567382812500e+01
-9.671731567382812500e+01
-9.671731567382812500e+01
-9.671731567382812500e+01
-9.671731567382812500e+01
-9.671731567382812500e+01
-9.671731567382812500e+01
-9.671731567382812500e+01
-9.671731567382812500e+01
-9.671731567382812500e+01
-9.671731567382812500e+01
-9.671731567382812500e+01
-9.671731567382812500e+01
-9.671731567382812500e+01
-9.671731567382812500e+01
-9.671731567382812500e+01
-9.671731567382812500e+01
-9.671731567382812500e+01
-9.671731567382812500e+01
-9.671731567382812500e+01
-9.671731567382812500e+01
-9.671731567382812500e+01
-9.671731567382812500e+01
-9.671731567382812500e+01
-9.671731567382812500e+01
-9.671731567382812500e+01
-9.671731567382812500e+01
-9.671731567382812500e+01
-9.671731567382812500e+01
-9.671731567382812500e+01
-9.671731567382812500e+01
-9.671731567382812500e+01
-9.671731567382812500e+01
-9.671731567382812500e+01
-9.671731567382812500e+01
-9.671731567382812500e+01
-9.671731567382812500e+01
-9.671731567382812500e+01
-9.671731567382812500e+01
-9.671731567382812500e+01
-9.671731567382812500e+01
-9.671731567382812500e+01
-9.671731567382812500e+01
-9.671731567382812500e+01
-9.671731567382812500e+01
-9.671731567382812500e+01
-9.671731567382812500e+01
-9.671731567382812500e+01
-9.671731567382812500e+01
-9.671731567382812500e+01
-9.671731567382812500e+01
-9.671731567382812500e+01
-9.671731567382812500e+01
-9.671731567382812500e+01
-9.671731567382812500e+01
-9.671731567382812500e+01
-9.671731567382812500e+01
-9.671731567382812500e+01
-9.671731567382812500e+01
-9.671731567382812500e+01
-9.671731567382812500e+01
-9.671731567382812500e+01
-9.671731567382812500e+01
-9.671731567382812500e+01
-9.671731567382812500e+01
-9.671731567382812500e+01
-9.671731567382812500e+01
-9.671731567382812500e+01
-9.671731567382812500e+01
-9.671731567382812500e+01
-9.671731567382812500e+01
-9.671731567382812500e+01
-9.671731567382812500e+01
-9.671731567382812500e+01
-9.671731567382812500e+01
-9.671731567382812500e+01
-9.671731567382812500e+01
-9.671731567382812500e+01
-9.671731567382812500e+01
-9.671731567382812500e+01
-9.671731567382812500e+01
-9.671731567382812500e+01
-9.671731567382812500e+01
-9.671731567382812500e+01
-9.671731567382812500e+01
-9.671731567382812500e+01
-9.671731567382812500e+01
-9.671731567382812500e+01
-9.671731567382812500e+01
-9.671731567382812500e+01
-9.671731567382812500e+01
-9.671731567382812500e+01
-9.671731567382812500e+01
-9.671731567382812500e+01
-9.671731567382812500e+01
-9.671731567382812500e+01
-9.671731567382812500e+01
-9.671731567382812500e+01
-9.671731567382812500e+01
-9.671731567382812500e+01
-9.671731567382812500e+01
-9.671731567382812500e+01
-9.671731567382812500e+01
-9.671731567382812500e+01
-9.671731567382812500e+01
-9.671731567382812500e+01
-9.671731567382812500e+01
-9.671731567382812500e+01
-9.671731567382812500e+01
-9.671731567382812500e+01
-9.671731567382812500e+01
-9.671731567382812500e+01
-9.671731567382812500e+01
-9.671731567382812500e+01
-9.671731567382812500e+01
-9.671731567382812500e+01
-9.671731567382812500e+01
-9.671731567382812500e+01
-9.671731567382812500e+01
-9.671731567382812500e+01
-9.671731567382812500e+01
-9.671731567382812500e+01
-9.671731567382812500e+01
-9.671731567382812500e+01
-9.671731567382812500e+01
-9.671731567382812500e+01
-9.671731567382812500e+01
-9.671731567382812500e+01
-9.671731567382812500e+01
-9.671731567382812500e+01
-9.671731567382812500e+01
-9.671731567382812500e+01
-9.671731567382812500e+01
-9.671731567382812500e+01
-9.671731567382812500e+01
-9.671731567382812500e+01
-9.671731567382812500e+01
-9.671731567382812500e+01
-9.671731567382812500e+01
-9.671731567382812500e+01
-9.671731567382812500e+01
-9.671731567382812500e+01
-9.671731567382812500e+01
-9.671731567382812500e+01
-9.671731567382812500e+01
-9.671731567382812500e+01
-9.671731567382812500e+01
-9.671731567382812500e+01
-9.671731567382812500e+01
-9.671731567382812500e+01
-9.671731567382812500e+01
-9.671731567382812500e+01
-9.671731567382812500e+01
-9.671731567382812500e+01
-9.671731567382812500e+01
-9.671731567382812500e+01
-9.671731567382812500e+01
-9.671731567382812500e+01
-9.671731567382812500e+01
-9.671731567382812500e+01
-9.671731567382812500e+01
-9.671731567382812500e+01
-9.671731567382812500e+01
-9.671731567382812500e+01
-9.671731567382812500e+01
-9.671731567382812500e+01
-9.671731567382812500e+01
-9.671731567382812500e+01
-9.671731567382812500e+01
-9.671731567382812500e+01
-9.671731567382812500e+01
-9.671731567382812500e+01
-9.671731567382812500e+01
-9.671731567382812500e+01
-9.671731567382812500e+01
-9.671731567382812500e+01
-9.671731567382812500e+01
-9.671731567382812500e+01
-9.671731567382812500e+01
-9.671731567382812500e+01
-9.671731567382812500e+01
-9.671731567382812500e+01
-9.671731567382812500e+01
-9.671731567382812500e+01
-9.671731567382812500e+01
-9.671731567382812500e+01
-9.671731567382812500e+01
-9.671731567382812500e+01
-9.671731567382812500e+01
-9.671731567382812500e+01
-9.671731567382812500e+01
-9.671731567382812500e+01
-9.671731567382812500e+01
-9.671731567382812500e+01
-9.671731567382812500e+01
-9.671731567382812500e+01
-9.671731567382812500e+01
-9.671731567382812500e+01
-9.671731567382812500e+01
-9.671731567382812500e+01
-9.671731567382812500e+01
-9.671731567382812500e+01
-9.671731567382812500e+01
-9.671731567382812500e+01
-9.671731567382812500e+01
-9.671731567382812500e+01
-9.671731567382812500e+01
-9.671731567382812500e+01
-9.671731567382812500e+01
-9.671731567382812500e+01
-9.671731567382812500e+01
-9.671731567382812500e+01
-9.671731567382812500e+01
-9.671731567382812500e+01
-9.671731567382812500e+01
-9.671731567382812500e+01
-9.671731567382812500e+01
-9.671731567382812500e+01
-9.671731567382812500e+01
-9.671731567382812500e+01
-9.671731567382812500e+01
-9.671731567382812500e+01
-9.671731567382812500e+01
-9.671731567382812500e+01
-9.671731567382812500e+01
-9.671731567382812500e+01
-9.671731567382812500e+01
-9.671731567382812500e+01
-9.671731567382812500e+01
-9.671731567382812500e+01
-9.671731567382812500e+01
-9.671731567382812500e+01
-9.671731567382812500e+01
-9.671731567382812500e+01
-9.671731567382812500e+01
-9.671731567382812500e+01
-9.671731567382812500e+01
-9.671731567382812500e+01
-9.671731567382812500e+01
-9.671731567382812500e+01
-9.671731567382812500e+01
-9.671731567382812500e+01
-9.671731567382812500e+01
-9.671731567382812500e+01
-9.671731567382812500e+01
-9.671731567382812500e+01
-9.671731567382812500e+01
-9.671731567382812500e+01
-9.671731567382812500e+01
-9.671731567382812500e+01
-9.671731567382812500e+01
-9.671731567382812500e+01
-9.671731567382812500e+01
-9.671731567382812500e+01
-9.671731567382812500e+01
-9.671731567382812500e+01
-9.671731567382812500e+01
-9.671731567382812500e+01
-9.671731567382812500e+01
-9.671731567382812500e+01
-9.671731567382812500e+01
-9.671731567382812500e+01
-9.671731567382812500e+01
-9.671731567382812500e+01
-9.671731567382812500e+01
-9.671731567382812500e+01
-9.671731567382812500e+01
-9.671731567382812500e+01
-9.671731567382812500e+01
-9.671731567382812500e+01
-9.671731567382812500e+01
-9.671731567382812500e+01
-9.671731567382812500e+01
-9.671731567382812500e+01
-9.671731567382812500e+01
-9.671731567382812500e+01
-9.671731567382812500e+01
-9.671731567382812500e+01
-9.671731567382812500e+01
-9.671731567382812500e+01
-9.671731567382812500e+01
-9.671731567382812500e+01
-9.671731567382812500e+01
-9.671731567382812500e+01
-9.671731567382812500e+01
-9.671731567382812500e+01
-9.671731567382812500e+01
-9.671731567382812500e+01
-9.671731567382812500e+01
-9.671731567382812500e+01
-9.671731567382812500e+01
-9.671731567382812500e+01
-9.671731567382812500e+01
-9.671731567382812500e+01
-9.671731567382812500e+01
-9.671731567382812500e+01
-9.671731567382812500e+01
-9.671731567382812500e+01
-9.671731567382812500e+01
-9.671731567382812500e+01
-9.671731567382812500e+01
-9.671731567382812500e+01
-9.671731567382812500e+01
-9.671731567382812500e+01
-9.671731567382812500e+01
-9.671731567382812500e+01
-9.671731567382812500e+01
-9.671731567382812500e+01
-9.671731567382812500e+01
-9.671731567382812500e+01
-9.671731567382812500e+01
-9.671731567382812500e+01
-9.671731567382812500e+01
-9.671731567382812500e+01
-9.671731567382812500e+01
-9.671731567382812500e+01
-9.671731567382812500e+01
-9.671731567382812500e+01
-9.671731567382812500e+01
-9.671731567382812500e+01
-9.671731567382812500e+01
-9.671731567382812500e+01
-9.671731567382812500e+01
-9.671731567382812500e+01
-9.671731567382812500e+01
-9.671731567382812500e+01
-9.671731567382812500e+01
-9.671731567382812500e+01
-9.671731567382812500e+01
-9.671731567382812500e+01
-9.671731567382812500e+01
-9.671731567382812500e+01
-9.671731567382812500e+01
-9.671731567382812500e+01
-9.671731567382812500e+01
-9.671731567382812500e+01
-9.671731567382812500e+01
-9.671731567382812500e+01
-9.671731567382812500e+01
-9.671731567382812500e+01
-9.671731567382812500e+01
-9.671731567382812500e+01
-9.671731567382812500e+01
-9.671731567382812500e+01
-9.671731567382812500e+01
-9.671731567382812500e+01
-9.671731567382812500e+01
-9.671731567382812500e+01
-9.671731567382812500e+01
-9.671731567382812500e+01
-9.671731567382812500e+01
-9.671731567382812500e+01
-9.671731567382812500e+01
-9.671731567382812500e+01
-9.671731567382812500e+01
-9.671731567382812500e+01
-9.671731567382812500e+01
-9.671731567382812500e+01
-9.671731567382812500e+01
-9.671731567382812500e+01
-9.671731567382812500e+01
-9.671731567382812500e+01
-9.671731567382812500e+01
-9.671731567382812500e+01
-9.671731567382812500e+01
-9.671731567382812500e+01
-9.671731567382812500e+01
-9.671731567382812500e+01
-9.671731567382812500e+01
-9.671731567382812500e+01
-9.671731567382812500e+01
-9.671731567382812500e+01
-9.671731567382812500e+01
-9.671731567382812500e+01
-9.671731567382812500e+01
-9.671731567382812500e+01
-9.671731567382812500e+01
-9.671731567382812500e+01
-9.671731567382812500e+01
-9.671731567382812500e+01
-9.671731567382812500e+01
-9.671731567382812500e+01
-9.671731567382812500e+01
-9.671731567382812500e+01
-9.671731567382812500e+01
-9.671731567382812500e+01
-9.671731567382812500e+01
-9.671731567382812500e+01
-9.671731567382812500e+01
-9.671731567382812500e+01
-9.671731567382812500e+01
-9.671731567382812500e+01
-9.671731567382812500e+01
-9.671731567382812500e+01
-9.671731567382812500e+01
-9.671731567382812500e+01
-9.671731567382812500e+01
-9.671731567382812500e+01
-9.671731567382812500e+01
-9.671731567382812500e+01
-9.671731567382812500e+01
-9.671731567382812500e+01
-9.671731567382812500e+01
-9.671731567382812500e+01
-9.671731567382812500e+01
-9.671731567382812500e+01
-9.671731567382812500e+01
-9.671731567382812500e+01
-9.671731567382812500e+01
-9.671731567382812500e+01
-9.671731567382812500e+01
-9.671731567382812500e+01
-9.671731567382812500e+01
-9.671731567382812500e+01
-9.671731567382812500e+01
-9.671731567382812500e+01
-9.671731567382812500e+01
-9.671731567382812500e+01
-9.671731567382812500e+01
-9.671731567382812500e+01
-9.671731567382812500e+01
-9.671731567382812500e+01
-9.671731567382812500e+01
-9.671731567382812500e+01
-9.671731567382812500e+01
-9.671731567382812500e+01
-9.671731567382812500e+01
-9.671731567382812500e+01
-9.671731567382812500e+01
-9.671731567382812500e+01
-9.671731567382812500e+01
-9.671731567382812500e+01
-9.671731567382812500e+01
-9.671731567382812500e+01
-9.671731567382812500e+01
-9.671731567382812500e+01
-9.671731567382812500e+01
-9.671731567382812500e+01
-9.671731567382812500e+01
-9.671731567382812500e+01
-9.671731567382812500e+01
-9.671731567382812500e+01
-9.671731567382812500e+01
-9.671731567382812500e+01
-9.671731567382812500e+01
-9.671731567382812500e+01
-9.671731567382812500e+01
-9.671731567382812500e+01
-9.671731567382812500e+01
-9.671731567382812500e+01
-9.671731567382812500e+01
-9.671731567382812500e+01
-9.671731567382812500e+01
-9.671731567382812500e+01
-9.671731567382812500e+01
-9.671731567382812500e+01
-9.671731567382812500e+01
-9.671731567382812500e+01
-9.671731567382812500e+01
-9.671731567382812500e+01
-9.671731567382812500e+01
-9.671731567382812500e+01
-9.671731567382812500e+01
-9.671731567382812500e+01
-9.671731567382812500e+01
-9.671731567382812500e+01
-9.671731567382812500e+01
-9.671731567382812500e+01
-9.671731567382812500e+01
-9.671731567382812500e+01
-9.671731567382812500e+01
-9.671731567382812500e+01
-9.671731567382812500e+01
-9.671731567382812500e+01
-9.671731567382812500e+01
-9.671731567382812500e+01
-9.671731567382812500e+01
-9.671731567382812500e+01
-9.671731567382812500e+01
-9.671731567382812500e+01
-9.671731567382812500e+01
-9.671731567382812500e+01
-9.671731567382812500e+01
-9.671731567382812500e+01
-9.671731567382812500e+01
-9.671731567382812500e+01
-9.671731567382812500e+01
-9.671731567382812500e+01
-9.671731567382812500e+01
-9.671731567382812500e+01
-9.671731567382812500e+01
-9.671731567382812500e+01
-9.671731567382812500e+01
-9.671731567382812500e+01
-9.671731567382812500e+01
-9.671731567382812500e+01
-9.671731567382812500e+01
-9.671731567382812500e+01
-9.671731567382812500e+01
-9.671731567382812500e+01
-9.671731567382812500e+01
-9.671731567382812500e+01
-9.671731567382812500e+01
-9.671731567382812500e+01
-9.671731567382812500e+01
-9.671731567382812500e+01
-9.671731567382812500e+01
-9.671731567382812500e+01
-9.671731567382812500e+01
-9.671731567382812500e+01
-9.671731567382812500e+01
-9.671731567382812500e+01
-9.671731567382812500e+01
-9.671731567382812500e+01
-9.671731567382812500e+01
-9.671731567382812500e+01
-9.671731567382812500e+01
-9.671731567382812500e+01
-9.671731567382812500e+01
-9.671731567382812500e+01
-9.671731567382812500e+01
-9.671731567382812500e+01
-9.671731567382812500e+01
-9.671731567382812500e+01
-9.671731567382812500e+01
-9.671731567382812500e+01
-9.671731567382812500e+01
-9.671731567382812500e+01
-9.671731567382812500e+01
-9.671731567382812500e+01
-9.671731567382812500e+01
-9.671731567382812500e+01
-9.671731567382812500e+01
-9.671731567382812500e+01
-9.671731567382812500e+01
-9.671731567382812500e+01
-9.671731567382812500e+01
-9.671731567382812500e+01
-9.671731567382812500e+01
-9.671731567382812500e+01
-9.671731567382812500e+01
-9.671731567382812500e+01
-9.671731567382812500e+01
-9.671731567382812500e+01
-9.671731567382812500e+01
-9.671731567382812500e+01
-9.671731567382812500e+01
-9.671731567382812500e+01
-9.671731567382812500e+01
-9.671731567382812500e+01
-9.671731567382812500e+01
-9.671731567382812500e+01
-9.671731567382812500e+01
-9.671731567382812500e+01
-9.671731567382812500e+01
-9.671731567382812500e+01
-9.671731567382812500e+01
-9.671731567382812500e+01
-9.671731567382812500e+01
-9.671731567382812500e+01
-9.671731567382812500e+01
-9.671731567382812500e+01
-9.671731567382812500e+01
-9.671731567382812500e+01
-9.671731567382812500e+01
-9.671731567382812500e+01
-9.671731567382812500e+01
-9.671731567382812500e+01
-9.671731567382812500e+01
-9.671731567382812500e+01
-9.671731567382812500e+01
-9.671731567382812500e+01
-9.671731567382812500e+01
-9.671731567382812500e+01
-9.671731567382812500e+01
-9.671731567382812500e+01
-9.671731567382812500e+01
-9.671731567382812500e+01
-9.671731567382812500e+01
-9.671731567382812500e+01
-9.671731567382812500e+01
-9.671731567382812500e+01
-9.671731567382812500e+01
-9.671731567382812500e+01
-9.671731567382812500e+01
-9.671731567382812500e+01
-9.671731567382812500e+01
-9.671731567382812500e+01
-9.671731567382812500e+01
-9.671731567382812500e+01
-9.671731567382812500e+01
-9.671731567382812500e+01
-9.671731567382812500e+01
-9.671731567382812500e+01
-9.671731567382812500e+01
-9.671731567382812500e+01
-9.671731567382812500e+01
-9.671731567382812500e+01
-9.671731567382812500e+01
-9.671731567382812500e+01
-9.671731567382812500e+01
-9.671731567382812500e+01
-9.671731567382812500e+01
-9.671731567382812500e+01
-9.671731567382812500e+01
-9.671731567382812500e+01
-9.671731567382812500e+01
-9.671731567382812500e+01
-9.671731567382812500e+01
-9.671731567382812500e+01
-9.671731567382812500e+01
-9.671731567382812500e+01
-9.671731567382812500e+01
-9.671731567382812500e+01
-9.671731567382812500e+01
-9.671731567382812500e+01
-9.671731567382812500e+01
-9.671731567382812500e+01
-9.671731567382812500e+01
-9.671731567382812500e+01
-9.671731567382812500e+01
-9.671731567382812500e+01
-9.671731567382812500e+01
-9.671731567382812500e+01
-9.671731567382812500e+01
-9.671731567382812500e+01
-9.671731567382812500e+01
-9.671731567382812500e+01
-9.671731567382812500e+01
-9.671731567382812500e+01
-9.671731567382812500e+01
-9.671731567382812500e+01
-9.671731567382812500e+01
-9.671731567382812500e+01
-9.671731567382812500e+01
-9.671731567382812500e+01
-9.671731567382812500e+01
-9.671731567382812500e+01
-9.671731567382812500e+01
-9.671731567382812500e+01
-9.671731567382812500e+01
-9.671731567382812500e+01
-9.671731567382812500e+01
-9.671731567382812500e+01
-9.671731567382812500e+01
-9.671731567382812500e+01
-9.671731567382812500e+01
-9.671731567382812500e+01
-9.671731567382812500e+01
-9.671731567382812500e+01
-9.671731567382812500e+01
-9.671731567382812500e+01
-9.671731567382812500e+01
-9.671731567382812500e+01
-9.671731567382812500e+01
-9.671731567382812500e+01
-9.671731567382812500e+01
-9.671731567382812500e+01
-9.671731567382812500e+01
-9.671731567382812500e+01
-9.671731567382812500e+01
-9.671731567382812500e+01
-9.671731567382812500e+01
-9.671731567382812500e+01
-9.671731567382812500e+01
-9.671731567382812500e+01
-9.671731567382812500e+01
-9.671731567382812500e+01
-9.671731567382812500e+01
-9.671731567382812500e+01
-9.671731567382812500e+01
-9.671731567382812500e+01
-9.671731567382812500e+01
-9.671731567382812500e+01
-9.671731567382812500e+01
-9.671731567382812500e+01
-9.671731567382812500e+01
-9.671731567382812500e+01
-9.671731567382812500e+01
-9.671731567382812500e+01
-9.671731567382812500e+01
-9.671731567382812500e+01
-9.671731567382812500e+01
-9.671731567382812500e+01
-9.671731567382812500e+01
-9.671731567382812500e+01
-9.671731567382812500e+01
-9.671731567382812500e+01
-9.671731567382812500e+01
-9.671731567382812500e+01
-9.671731567382812500e+01
-9.671731567382812500e+01
-9.671731567382812500e+01
-9.671731567382812500e+01
-9.671731567382812500e+01
-9.671731567382812500e+01
-9.671731567382812500e+01
-9.671731567382812500e+01
-9.671731567382812500e+01
-9.671731567382812500e+01
-9.671731567382812500e+01
-9.671731567382812500e+01
-9.671731567382812500e+01
-9.671731567382812500e+01
-9.671731567382812500e+01
-9.671731567382812500e+01
-9.671731567382812500e+01
-9.671731567382812500e+01
-9.671731567382812500e+01
-9.671731567382812500e+01
-9.671731567382812500e+01
-9.671731567382812500e+01
-9.671731567382812500e+01
-9.671731567382812500e+01
-9.671731567382812500e+01
-9.671731567382812500e+01
-9.671731567382812500e+01
-9.671731567382812500e+01
-9.671731567382812500e+01
-9.671731567382812500e+01
-9.671731567382812500e+01
-9.671731567382812500e+01
-9.671731567382812500e+01
-9.671731567382812500e+01
-9.671731567382812500e+01
-9.671731567382812500e+01
-9.671731567382812500e+01
-9.671731567382812500e+01
-9.671731567382812500e+01
-9.671731567382812500e+01
-9.671731567382812500e+01
-9.671731567382812500e+01
-9.671731567382812500e+01
-9.671731567382812500e+01
-9.671731567382812500e+01
-9.671731567382812500e+01
-9.671731567382812500e+01
-9.671731567382812500e+01
-9.671731567382812500e+01
-9.671731567382812500e+01
-9.671731567382812500e+01
-9.671731567382812500e+01
-9.671731567382812500e+01
-9.671731567382812500e+01
-9.671731567382812500e+01
-9.671731567382812500e+01
-9.671731567382812500e+01
-9.671731567382812500e+01
-9.671731567382812500e+01
-9.671731567382812500e+01
-9.671731567382812500e+01
-9.671731567382812500e+01
-9.671731567382812500e+01
-9.671731567382812500e+01
-9.671731567382812500e+01
-9.671731567382812500e+01
-9.671731567382812500e+01
-9.671731567382812500e+01
-9.671731567382812500e+01
-9.671731567382812500e+01
-9.671731567382812500e+01
-9.671731567382812500e+01
-9.671731567382812500e+01
-9.671731567382812500e+01
-9.671731567382812500e+01
-9.671731567382812500e+01
-9.671731567382812500e+01
-9.671731567382812500e+01
-9.671731567382812500e+01
-9.671731567382812500e+01
-9.671731567382812500e+01
-9.671731567382812500e+01
-9.671731567382812500e+01
-9.671731567382812500e+01
-9.671731567382812500e+01
-9.671731567382812500e+01
-9.671731567382812500e+01
-9.671731567382812500e+01
-9.671731567382812500e+01
-9.671731567382812500e+01
-9.671731567382812500e+01
-9.671731567382812500e+01
-9.671731567382812500e+01
-9.671731567382812500e+01
-9.671731567382812500e+01
-9.671731567382812500e+01
-9.671731567382812500e+01
-9.671731567382812500e+01
-9.671731567382812500e+01
-9.671731567382812500e+01
-9.671731567382812500e+01
-9.671731567382812500e+01
-9.671731567382812500e+01
-9.671731567382812500e+01
-9.671731567382812500e+01
-9.671731567382812500e+01
-9.671731567382812500e+01
-9.671731567382812500e+01
-9.671731567382812500e+01
-9.671731567382812500e+01
-9.671731567382812500e+01
-9.671731567382812500e+01
-9.671731567382812500e+01
-9.671731567382812500e+01
-9.671731567382812500e+01
-9.671731567382812500e+01
-9.671731567382812500e+01
-9.671731567382812500e+01
-9.671731567382812500e+01
-9.671731567382812500e+01
-9.671731567382812500e+01
-9.671731567382812500e+01
-9.671731567382812500e+01
-9.671731567382812500e+01
-9.671731567382812500e+01
-9.671731567382812500e+01
-9.671731567382812500e+01
-9.671731567382812500e+01
-9.671731567382812500e+01
-9.671731567382812500e+01
-9.671731567382812500e+01
-9.671731567382812500e+01
-9.671731567382812500e+01
-9.671731567382812500e+01
-9.671731567382812500e+01
-9.671731567382812500e+01
-9.671731567382812500e+01
-9.671731567382812500e+01
-9.671731567382812500e+01
-9.671731567382812500e+01
-9.671731567382812500e+01
-9.671731567382812500e+01
-9.671731567382812500e+01
-9.671731567382812500e+01
-9.671731567382812500e+01
-9.671731567382812500e+01
-9.671731567382812500e+01
-9.671731567382812500e+01
-9.671731567382812500e+01
-9.671731567382812500e+01
-9.671731567382812500e+01
-9.671731567382812500e+01
-9.671731567382812500e+01
-9.671731567382812500e+01
-9.671731567382812500e+01
-9.671731567382812500e+01
-9.671731567382812500e+01
-9.671731567382812500e+01
-9.671731567382812500e+01
-9.671731567382812500e+01
-9.671731567382812500e+01
-9.671731567382812500e+01
-9.671731567382812500e+01
-9.671731567382812500e+01
-9.671731567382812500e+01
-9.671731567382812500e+01
-9.671731567382812500e+01
-9.671731567382812500e+01
-9.671731567382812500e+01
-9.671731567382812500e+01
-9.671731567382812500e+01
-9.671731567382812500e+01
-9.671731567382812500e+01
-9.671731567382812500e+01
-9.671731567382812500e+01
-9.671731567382812500e+01
-9.671731567382812500e+01
-9.671731567382812500e+01
-9.671731567382812500e+01
-9.671731567382812500e+01
-9.671731567382812500e+01
-9.671731567382812500e+01
-9.671731567382812500e+01
-9.671731567382812500e+01
-9.671731567382812500e+01
-9.671731567382812500e+01
-9.671731567382812500e+01
-9.671731567382812500e+01
-9.671731567382812500e+01
-9.671731567382812500e+01
-9.671731567382812500e+01
-9.671731567382812500e+01
-9.671731567382812500e+01
-9.671731567382812500e+01
-9.671731567382812500e+01
-9.671731567382812500e+01
-9.671731567382812500e+01
-9.671731567382812500e+01
-9.671731567382812500e+01
-9.671731567382812500e+01
-9.671731567382812500e+01
-9.671731567382812500e+01
-9.671731567382812500e+01
-9.671731567382812500e+01
-9.671731567382812500e+01
-9.671731567382812500e+01
-9.671731567382812500e+01
-9.671731567382812500e+01
-9.671731567382812500e+01
-9.671731567382812500e+01
-9.671731567382812500e+01
-9.671731567382812500e+01
-9.671731567382812500e+01
-9.671731567382812500e+01
-9.671731567382812500e+01
-9.671731567382812500e+01
-9.671731567382812500e+01
-9.671731567382812500e+01
-9.671731567382812500e+01
-9.671731567382812500e+01
-9.671731567382812500e+01
-9.671731567382812500e+01
-9.671731567382812500e+01
-9.671731567382812500e+01
-9.671731567382812500e+01
-9.671731567382812500e+01
-9.671731567382812500e+01
-9.671731567382812500e+01
-9.671731567382812500e+01
-9.671731567382812500e+01
-9.671731567382812500e+01
-9.671731567382812500e+01
-9.671731567382812500e+01
-9.671731567382812500e+01
-9.671731567382812500e+01
-9.671731567382812500e+01
-9.671731567382812500e+01
-9.671731567382812500e+01
-9.671731567382812500e+01
-9.671731567382812500e+01
-9.671731567382812500e+01
-9.671731567382812500e+01
-9.671731567382812500e+01
-9.671731567382812500e+01
-9.671731567382812500e+01
-9.671731567382812500e+01
-9.671731567382812500e+01
-9.671731567382812500e+01
-9.671731567382812500e+01
-9.671731567382812500e+01
-9.671731567382812500e+01
-9.671731567382812500e+01
-9.671731567382812500e+01
-9.671731567382812500e+01
-9.671731567382812500e+01
-9.671731567382812500e+01
-9.671731567382812500e+01
-9.671731567382812500e+01
-9.671731567382812500e+01
-9.671731567382812500e+01
-9.671731567382812500e+01
-9.671731567382812500e+01
-9.671731567382812500e+01
-9.671731567382812500e+01
-9.671731567382812500e+01
-9.671731567382812500e+01
-9.671731567382812500e+01
-9.671731567382812500e+01
-9.671731567382812500e+01
-9.671731567382812500e+01
-9.671731567382812500e+01
-9.671731567382812500e+01
-9.671731567382812500e+01
-9.671731567382812500e+01
-9.671731567382812500e+01
-9.671731567382812500e+01
-9.671731567382812500e+01
-9.671731567382812500e+01
-9.671731567382812500e+01
-9.671731567382812500e+01
-9.671731567382812500e+01
-9.671731567382812500e+01
-9.671731567382812500e+01
-9.671731567382812500e+01
-9.671731567382812500e+01
-9.671731567382812500e+01
-9.671731567382812500e+01
-9.671731567382812500e+01
-9.671731567382812500e+01
-9.671731567382812500e+01
-9.671731567382812500e+01
-9.671731567382812500e+01
-9.671731567382812500e+01
-9.671731567382812500e+01
-9.671731567382812500e+01
-9.671731567382812500e+01
-9.671731567382812500e+01
-9.671731567382812500e+01
-9.671731567382812500e+01
-9.671731567382812500e+01
-9.671731567382812500e+01
-9.671731567382812500e+01
-9.671731567382812500e+01
-9.671731567382812500e+01
-9.671731567382812500e+01
-9.671731567382812500e+01
-9.671731567382812500e+01
-9.671731567382812500e+01
-9.671731567382812500e+01
-9.671731567382812500e+01
-9.671731567382812500e+01
-9.671731567382812500e+01
-9.671731567382812500e+01
-9.671731567382812500e+01
-9.671731567382812500e+01
-9.671731567382812500e+01
-9.671731567382812500e+01
-9.671731567382812500e+01
-9.671731567382812500e+01
-9.671731567382812500e+01
-9.671731567382812500e+01
-9.671731567382812500e+01
-9.671731567382812500e+01
-9.671731567382812500e+01
-9.671731567382812500e+01
-9.671731567382812500e+01
-9.671731567382812500e+01
-9.671731567382812500e+01
-9.671731567382812500e+01
-9.671731567382812500e+01
-9.671731567382812500e+01
-9.671731567382812500e+01
-9.671731567382812500e+01
-9.671731567382812500e+01
-9.671731567382812500e+01
-9.671731567382812500e+01
-9.671731567382812500e+01
-9.671731567382812500e+01
-9.671731567382812500e+01
-9.671731567382812500e+01
-9.671731567382812500e+01
-9.671731567382812500e+01
-9.671731567382812500e+01
-9.671731567382812500e+01
-9.671731567382812500e+01
-9.671731567382812500e+01
-9.671731567382812500e+01
-9.671731567382812500e+01
-9.671731567382812500e+01
-9.671731567382812500e+01
-9.671731567382812500e+01
-9.671731567382812500e+01
-9.671731567382812500e+01
-9.671731567382812500e+01
-9.671731567382812500e+01
-9.671731567382812500e+01
-9.671731567382812500e+01
-9.671731567382812500e+01
-9.671731567382812500e+01
-9.671731567382812500e+01
-9.671731567382812500e+01
-9.671731567382812500e+01
-9.671731567382812500e+01
-9.671731567382812500e+01
-9.671731567382812500e+01
-9.671731567382812500e+01
-9.671731567382812500e+01
-9.671731567382812500e+01
-9.671731567382812500e+01
-9.671731567382812500e+01
-9.671731567382812500e+01
-9.671731567382812500e+01
-9.671731567382812500e+01
-9.671731567382812500e+01
-9.671731567382812500e+01
-9.671731567382812500e+01
-9.671731567382812500e+01
-9.671731567382812500e+01
-9.671731567382812500e+01
-9.671731567382812500e+01
-9.671731567382812500e+01
-9.671731567382812500e+01
-9.671731567382812500e+01
-9.671731567382812500e+01
-9.671731567382812500e+01
-9.671731567382812500e+01
-9.671731567382812500e+01
-9.671731567382812500e+01
-9.671731567382812500e+01
-9.671731567382812500e+01
-9.671731567382812500e+01
-9.671731567382812500e+01
-9.671731567382812500e+01
-9.671731567382812500e+01
-9.671731567382812500e+01
-9.671731567382812500e+01
-9.671731567382812500e+01
-9.671731567382812500e+01
-9.671731567382812500e+01
-9.671731567382812500e+01
-9.671731567382812500e+01
-9.671731567382812500e+01
-9.671731567382812500e+01
-9.671731567382812500e+01
-9.671731567382812500e+01
-9.671731567382812500e+01
-9.671731567382812500e+01
-9.671731567382812500e+01
-9.671731567382812500e+01
-9.671731567382812500e+01
-9.671731567382812500e+01
-9.671731567382812500e+01
-9.671731567382812500e+01
-9.671731567382812500e+01
-9.671731567382812500e+01
-9.671731567382812500e+01
-9.671731567382812500e+01
-9.671731567382812500e+01
-9.671731567382812500e+01
-9.671731567382812500e+01
-9.671731567382812500e+01
-9.671731567382812500e+01
-9.671731567382812500e+01
-9.671731567382812500e+01
-9.671731567382812500e+01
-9.671731567382812500e+01
-9.671731567382812500e+01
-9.671731567382812500e+01
-9.671731567382812500e+01
-9.671731567382812500e+01
-9.671731567382812500e+01
-9.671731567382812500e+01
-9.671731567382812500e+01
-9.671731567382812500e+01
-9.671731567382812500e+01
-9.671731567382812500e+01
-9.671731567382812500e+01
-9.671731567382812500e+01
-9.671731567382812500e+01
-9.671731567382812500e+01
-9.671731567382812500e+01
-9.671731567382812500e+01
-9.671731567382812500e+01
-9.671731567382812500e+01
-9.671731567382812500e+01
-9.671731567382812500e+01
-9.671731567382812500e+01
-9.671731567382812500e+01
-9.671731567382812500e+01
-9.671731567382812500e+01
-9.671731567382812500e+01
-9.671731567382812500e+01
-9.671731567382812500e+01
-9.671731567382812500e+01
-9.671731567382812500e+01
-9.671731567382812500e+01
-9.671731567382812500e+01
-9.671731567382812500e+01
-9.671731567382812500e+01
-9.671731567382812500e+01
-9.671731567382812500e+01
-9.671731567382812500e+01
-9.671731567382812500e+01
-9.671731567382812500e+01
-9.671731567382812500e+01
-9.671731567382812500e+01
-9.671731567382812500e+01
-9.671731567382812500e+01
-9.671731567382812500e+01
-9.671731567382812500e+01
-9.671731567382812500e+01
-9.671731567382812500e+01
-9.671731567382812500e+01
-9.671731567382812500e+01
-9.671731567382812500e+01
-9.671731567382812500e+01
-9.671731567382812500e+01
-9.671731567382812500e+01
-9.671731567382812500e+01
-9.671731567382812500e+01
-9.671731567382812500e+01
-9.671731567382812500e+01
-9.671731567382812500e+01
-9.671731567382812500e+01
-9.671731567382812500e+01
-9.671731567382812500e+01
-9.671731567382812500e+01
-9.671731567382812500e+01
-9.671731567382812500e+01
-9.671731567382812500e+01
-9.671731567382812500e+01
-9.671731567382812500e+01
-9.671731567382812500e+01
-9.671731567382812500e+01
-9.671731567382812500e+01
-9.671731567382812500e+01
-9.671731567382812500e+01
-9.671731567382812500e+01
-9.671731567382812500e+01
-9.671731567382812500e+01
-9.671731567382812500e+01
-9.671731567382812500e+01
-9.671731567382812500e+01
-9.671731567382812500e+01
-9.671731567382812500e+01
-9.671731567382812500e+01
-9.671731567382812500e+01
-9.671731567382812500e+01
-9.671731567382812500e+01
-9.671731567382812500e+01
-9.671731567382812500e+01
-9.671731567382812500e+01
-9.671731567382812500e+01
-9.671731567382812500e+01
-9.671731567382812500e+01
-9.671731567382812500e+01
-9.671731567382812500e+01
-9.671731567382812500e+01
-9.671731567382812500e+01
-9.671731567382812500e+01
-9.671731567382812500e+01
-9.671731567382812500e+01
-9.671731567382812500e+01
-9.671731567382812500e+01
-9.671731567382812500e+01
-9.671731567382812500e+01
-9.671731567382812500e+01
-9.671731567382812500e+01
-9.671731567382812500e+01
-9.671731567382812500e+01
-9.671731567382812500e+01
-9.671731567382812500e+01
-9.671731567382812500e+01
-9.671731567382812500e+01
-9.671731567382812500e+01
-9.671731567382812500e+01
-9.671731567382812500e+01
-9.671731567382812500e+01
-9.671731567382812500e+01
-9.671731567382812500e+01
-9.671731567382812500e+01
-9.671731567382812500e+01
-9.671731567382812500e+01
-9.671731567382812500e+01
-9.671731567382812500e+01
-9.671731567382812500e+01
-9.671731567382812500e+01
-9.671731567382812500e+01
-9.671731567382812500e+01
-9.671731567382812500e+01
-9.671731567382812500e+01
-9.671731567382812500e+01
-9.671731567382812500e+01
-9.671731567382812500e+01
-9.671731567382812500e+01
-9.671731567382812500e+01
-9.671731567382812500e+01
-9.671731567382812500e+01
-9.671731567382812500e+01
-9.671731567382812500e+01
-9.671731567382812500e+01
-9.671731567382812500e+01
-9.671731567382812500e+01
-9.671731567382812500e+01
-9.671731567382812500e+01
-9.671731567382812500e+01
-9.671731567382812500e+01
-9.671731567382812500e+01
-9.671731567382812500e+01
-9.671731567382812500e+01
-9.671731567382812500e+01
-9.671731567382812500e+01
-9.671731567382812500e+01
-9.671731567382812500e+01
-9.671731567382812500e+01
-9.671731567382812500e+01
-9.671731567382812500e+01
-9.671731567382812500e+01
-9.671731567382812500e+01
-9.671731567382812500e+01
-9.671731567382812500e+01
-9.671731567382812500e+01
-9.671731567382812500e+01
-9.671731567382812500e+01
-9.671731567382812500e+01
-9.671731567382812500e+01
-9.671731567382812500e+01
-9.671731567382812500e+01
-9.671731567382812500e+01
-9.671731567382812500e+01
-9.671731567382812500e+01
-9.671731567382812500e+01
-9.671731567382812500e+01
-9.671731567382812500e+01
-9.671731567382812500e+01
-9.671731567382812500e+01
-9.671731567382812500e+01
-9.671731567382812500e+01
-9.671731567382812500e+01
-9.671731567382812500e+01
-9.671731567382812500e+01
-9.671731567382812500e+01
-9.671731567382812500e+01
-9.671731567382812500e+01
-9.671731567382812500e+01
-9.671731567382812500e+01
-9.671731567382812500e+01
-9.671731567382812500e+01
-9.671731567382812500e+01
-9.671731567382812500e+01
-9.671731567382812500e+01
-9.671731567382812500e+01
-9.671731567382812500e+01
-9.671731567382812500e+01
-9.671731567382812500e+01
-9.671731567382812500e+01
-9.671731567382812500e+01
-9.671731567382812500e+01
-9.671731567382812500e+01
-9.671731567382812500e+01
-9.671731567382812500e+01
-9.671731567382812500e+01
-9.671731567382812500e+01
-9.671731567382812500e+01
-9.671731567382812500e+01
-9.671731567382812500e+01
-9.671731567382812500e+01
-9.671731567382812500e+01
-9.671731567382812500e+01
-9.671731567382812500e+01
-9.671731567382812500e+01
-9.671731567382812500e+01
-9.671731567382812500e+01
-9.671731567382812500e+01
-9.671731567382812500e+01
-9.671731567382812500e+01
-9.671731567382812500e+01
-9.671731567382812500e+01
-9.671731567382812500e+01
-9.671731567382812500e+01
-9.671731567382812500e+01
-9.671731567382812500e+01
-9.671731567382812500e+01
-9.671731567382812500e+01
-9.671731567382812500e+01
-9.671731567382812500e+01
-9.671731567382812500e+01
-9.671731567382812500e+01
-9.671731567382812500e+01
-9.671731567382812500e+01
-9.671731567382812500e+01
-9.671731567382812500e+01
-9.671731567382812500e+01
-9.671731567382812500e+01
-9.671731567382812500e+01
-9.671731567382812500e+01
-9.671731567382812500e+01
-9.671731567382812500e+01
-9.671731567382812500e+01
-9.671731567382812500e+01
-9.671731567382812500e+01
-9.671731567382812500e+01
-9.671731567382812500e+01
-9.671731567382812500e+01
-9.671731567382812500e+01
-9.671731567382812500e+01
-9.671731567382812500e+01
-9.671731567382812500e+01
-9.671731567382812500e+01
-9.671731567382812500e+01
-9.671731567382812500e+01
-9.671731567382812500e+01
-9.671731567382812500e+01
-9.671731567382812500e+01
-9.671731567382812500e+01
-9.671731567382812500e+01
-9.671731567382812500e+01
-9.671731567382812500e+01
-9.671731567382812500e+01
-9.671731567382812500e+01
-9.671731567382812500e+01
-9.671731567382812500e+01
-9.671731567382812500e+01
-9.671731567382812500e+01
-9.671731567382812500e+01
-9.671731567382812500e+01
-9.671731567382812500e+01
-9.671731567382812500e+01
-9.671731567382812500e+01
-9.671731567382812500e+01
-9.671731567382812500e+01
-9.671731567382812500e+01
-9.671731567382812500e+01
-9.671731567382812500e+01
-9.671731567382812500e+01
-9.671731567382812500e+01
-9.671731567382812500e+01
-9.671731567382812500e+01
-9.671731567382812500e+01
-9.671731567382812500e+01
-9.671731567382812500e+01
-9.671731567382812500e+01
-9.671731567382812500e+01
-9.671731567382812500e+01
-9.671731567382812500e+01
-9.671731567382812500e+01
-9.671731567382812500e+01
-9.671731567382812500e+01
-9.671731567382812500e+01
-9.671731567382812500e+01
-9.671731567382812500e+01
-9.671731567382812500e+01
-9.671731567382812500e+01
-9.671731567382812500e+01
-9.671731567382812500e+01
-9.671731567382812500e+01
-9.671731567382812500e+01
-9.671731567382812500e+01
-9.671731567382812500e+01
-9.671731567382812500e+01
-9.671731567382812500e+01
-9.671731567382812500e+01
-9.671731567382812500e+01
-9.671731567382812500e+01
-9.671731567382812500e+01
-9.671731567382812500e+01
-9.671731567382812500e+01
-9.671731567382812500e+01
-9.671731567382812500e+01
-9.671731567382812500e+01
-9.671731567382812500e+01
-9.671731567382812500e+01
-9.671731567382812500e+01
-9.671731567382812500e+01
-9.671731567382812500e+01
-9.671731567382812500e+01
-9.671731567382812500e+01
-9.671731567382812500e+01
-9.671731567382812500e+01
-9.671731567382812500e+01
-9.671731567382812500e+01
-9.671731567382812500e+01
-9.671731567382812500e+01
-9.671731567382812500e+01
-9.671731567382812500e+01
-9.671731567382812500e+01
-9.671731567382812500e+01
-9.671731567382812500e+01
-9.671731567382812500e+01
-9.671731567382812500e+01
-9.671731567382812500e+01
-9.671731567382812500e+01
-9.671731567382812500e+01
-9.671731567382812500e+01
-9.671731567382812500e+01
-9.671731567382812500e+01
-9.671731567382812500e+01
-9.671731567382812500e+01
-9.671731567382812500e+01
-9.671731567382812500e+01
-9.671731567382812500e+01
-9.671731567382812500e+01
-9.671731567382812500e+01
-9.671731567382812500e+01
-9.671731567382812500e+01
-9.671731567382812500e+01
-9.671731567382812500e+01
-9.671731567382812500e+01
-9.671731567382812500e+01
-9.671731567382812500e+01
-9.671731567382812500e+01
-9.671731567382812500e+01
-9.671731567382812500e+01
-9.671731567382812500e+01
-9.671731567382812500e+01
-9.671731567382812500e+01
-9.671731567382812500e+01
-9.671731567382812500e+01
-9.671731567382812500e+01
-9.671731567382812500e+01
-9.671731567382812500e+01
-9.671731567382812500e+01
-9.671731567382812500e+01
-9.671731567382812500e+01
-9.671731567382812500e+01
-9.671731567382812500e+01
-9.671731567382812500e+01
-9.671731567382812500e+01
-9.671731567382812500e+01
-9.671731567382812500e+01
-9.671731567382812500e+01
-9.671731567382812500e+01
-9.671731567382812500e+01
-9.671731567382812500e+01
-9.671731567382812500e+01
-9.671731567382812500e+01
-9.671731567382812500e+01
-9.671731567382812500e+01
-9.671731567382812500e+01
-9.671731567382812500e+01
-9.671731567382812500e+01
-9.671731567382812500e+01
-9.671731567382812500e+01
-9.671731567382812500e+01
-9.671731567382812500e+01
-9.671731567382812500e+01
-9.671731567382812500e+01
-9.671731567382812500e+01
-9.671731567382812500e+01
-9.671731567382812500e+01
-9.671731567382812500e+01
-9.671731567382812500e+01
-9.671731567382812500e+01
-9.671731567382812500e+01
-9.671731567382812500e+01
-9.671731567382812500e+01
-9.671731567382812500e+01
-9.671731567382812500e+01
-9.671731567382812500e+01
-9.671731567382812500e+01
-9.671731567382812500e+01
-9.671731567382812500e+01
-9.671731567382812500e+01
-9.671731567382812500e+01
-9.671731567382812500e+01
-9.671731567382812500e+01
-9.671731567382812500e+01
-9.671731567382812500e+01
-9.671731567382812500e+01
-9.671731567382812500e+01
-9.671731567382812500e+01
-9.671731567382812500e+01
-9.671731567382812500e+01
-9.671731567382812500e+01
-9.671731567382812500e+01
-9.671731567382812500e+01
-9.671731567382812500e+01
-9.671731567382812500e+01
-9.671731567382812500e+01
-9.671731567382812500e+01
-9.671731567382812500e+01
-9.671731567382812500e+01
-9.671731567382812500e+01
-9.671731567382812500e+01
-9.671731567382812500e+01
-9.671731567382812500e+01
-9.671731567382812500e+01
-9.671731567382812500e+01
-9.671731567382812500e+01
-9.671731567382812500e+01
-9.671731567382812500e+01
-9.671731567382812500e+01
-9.671731567382812500e+01
-9.671731567382812500e+01
-9.671731567382812500e+01
-9.671731567382812500e+01
-9.671731567382812500e+01
-9.671731567382812500e+01
-9.671731567382812500e+01
-9.671731567382812500e+01
-9.671731567382812500e+01
-9.671731567382812500e+01
-9.671731567382812500e+01
-9.671731567382812500e+01
-9.671731567382812500e+01
-9.671731567382812500e+01
-9.671731567382812500e+01
-9.671731567382812500e+01
-9.671731567382812500e+01
-9.671731567382812500e+01
-9.671731567382812500e+01
-9.671731567382812500e+01
-9.671731567382812500e+01
-9.671731567382812500e+01
-9.671731567382812500e+01
-9.671731567382812500e+01
-9.671731567382812500e+01
-9.671731567382812500e+01
-9.671731567382812500e+01
-9.671731567382812500e+01
-9.671731567382812500e+01
-9.671731567382812500e+01
-9.671731567382812500e+01
-9.671731567382812500e+01
-9.671731567382812500e+01
-9.671731567382812500e+01
-9.671731567382812500e+01
-9.671731567382812500e+01
-9.671731567382812500e+01
-9.671731567382812500e+01
-9.671731567382812500e+01
-9.671731567382812500e+01
-9.671731567382812500e+01
-9.671731567382812500e+01
-9.671731567382812500e+01
-9.671731567382812500e+01
-9.671731567382812500e+01
-9.671731567382812500e+01
-9.671731567382812500e+01
-9.671731567382812500e+01
-9.671731567382812500e+01
-9.671731567382812500e+01
-9.671731567382812500e+01
-9.671731567382812500e+01
-9.671731567382812500e+01
-9.671731567382812500e+01
-9.671731567382812500e+01
-9.671731567382812500e+01
-9.671731567382812500e+01
-9.671731567382812500e+01
-9.671731567382812500e+01
-9.671731567382812500e+01
-9.671731567382812500e+01
-9.671731567382812500e+01
-9.671731567382812500e+01
-9.671731567382812500e+01
-9.671731567382812500e+01
-9.671731567382812500e+01
-9.671731567382812500e+01
-9.671731567382812500e+01
-9.671731567382812500e+01
-9.671731567382812500e+01
-9.671731567382812500e+01
-9.671731567382812500e+01
-9.671731567382812500e+01
-9.671731567382812500e+01
-9.671731567382812500e+01
-9.671731567382812500e+01
-9.671731567382812500e+01
-9.671731567382812500e+01
-9.671731567382812500e+01
-9.671731567382812500e+01
-9.671731567382812500e+01
-9.671731567382812500e+01
-9.671731567382812500e+01
-9.671731567382812500e+01
-9.671731567382812500e+01
-9.671731567382812500e+01
-9.671731567382812500e+01
-9.671731567382812500e+01
-9.671731567382812500e+01
-9.671731567382812500e+01
-9.671731567382812500e+01
-9.671731567382812500e+01
-9.671731567382812500e+01
-9.671731567382812500e+01
-9.671731567382812500e+01
-9.671731567382812500e+01
-9.671731567382812500e+01
-9.671731567382812500e+01
-9.671731567382812500e+01
-9.671731567382812500e+01
-9.671731567382812500e+01
-9.671731567382812500e+01
-9.671731567382812500e+01
-9.671731567382812500e+01
-9.671731567382812500e+01
-9.671731567382812500e+01
-9.671731567382812500e+01
-9.671731567382812500e+01
-9.671731567382812500e+01
-9.671731567382812500e+01
-9.671731567382812500e+01
-9.671731567382812500e+01
-9.671731567382812500e+01
-9.671731567382812500e+01
-9.671731567382812500e+01
-9.671731567382812500e+01
-9.671731567382812500e+01
-9.671731567382812500e+01
-9.671731567382812500e+01
-9.671731567382812500e+01
-9.671731567382812500e+01
-9.671731567382812500e+01
-9.671731567382812500e+01
-9.671731567382812500e+01
-9.671731567382812500e+01
-9.671731567382812500e+01
-9.671731567382812500e+01
-9.671731567382812500e+01
-9.671731567382812500e+01
-9.671731567382812500e+01
-9.671731567382812500e+01
-9.671731567382812500e+01
-9.671731567382812500e+01
-9.671731567382812500e+01
-9.671731567382812500e+01
-9.671731567382812500e+01
-9.671731567382812500e+01
-9.671731567382812500e+01
-9.671731567382812500e+01
-9.671731567382812500e+01
-9.671731567382812500e+01
-9.671731567382812500e+01
-9.671731567382812500e+01
-9.671731567382812500e+01
-9.671731567382812500e+01
-9.671731567382812500e+01
-9.671731567382812500e+01
-9.671731567382812500e+01
-9.671731567382812500e+01
-9.671731567382812500e+01
-9.671731567382812500e+01
-9.671731567382812500e+01
-9.671731567382812500e+01
-9.671731567382812500e+01
-9.671731567382812500e+01
-9.671731567382812500e+01
-9.671731567382812500e+01
-9.671731567382812500e+01
-9.671731567382812500e+01
-9.671731567382812500e+01
-9.671731567382812500e+01
-9.671731567382812500e+01
-9.671731567382812500e+01
-9.671731567382812500e+01
-9.671731567382812500e+01
-9.671731567382812500e+01
-9.671731567382812500e+01
-9.671731567382812500e+01
-9.671731567382812500e+01
-9.671731567382812500e+01
-9.671731567382812500e+01
-9.671731567382812500e+01
-9.671731567382812500e+01
-9.671731567382812500e+01
-9.671731567382812500e+01
-9.671731567382812500e+01
-9.671731567382812500e+01
-9.671731567382812500e+01
-9.671731567382812500e+01
-9.671731567382812500e+01
-9.671731567382812500e+01
-9.671731567382812500e+01
-9.671731567382812500e+01
-9.671731567382812500e+01
-9.671731567382812500e+01
-9.671731567382812500e+01
-9.671731567382812500e+01
-9.671731567382812500e+01
-9.671731567382812500e+01
-9.671731567382812500e+01
-9.671731567382812500e+01
-9.671731567382812500e+01
-9.671731567382812500e+01
-9.671731567382812500e+01
-9.671731567382812500e+01
-9.671731567382812500e+01
-9.671731567382812500e+01
-9.671731567382812500e+01
-9.671731567382812500e+01
-9.671731567382812500e+01
-9.671731567382812500e+01
-9.671731567382812500e+01
-9.671731567382812500e+01
-9.671731567382812500e+01
-9.671731567382812500e+01
-9.671731567382812500e+01
-9.671731567382812500e+01
-9.671731567382812500e+01
-9.671731567382812500e+01
-9.671731567382812500e+01
-9.671731567382812500e+01
-9.671731567382812500e+01
-9.671731567382812500e+01
-9.671731567382812500e+01
-9.671731567382812500e+01
-9.671731567382812500e+01
-9.671731567382812500e+01
-9.671731567382812500e+01
-9.671731567382812500e+01
-9.671731567382812500e+01
-9.671731567382812500e+01
-9.671731567382812500e+01
-9.671731567382812500e+01
-9.671731567382812500e+01
-9.671731567382812500e+01
-9.671731567382812500e+01
-9.671731567382812500e+01
-9.671731567382812500e+01
-9.671731567382812500e+01
-9.671731567382812500e+01
-9.671731567382812500e+01
-9.671731567382812500e+01
-9.671731567382812500e+01
-9.671731567382812500e+01
-9.671731567382812500e+01
-9.671731567382812500e+01
-9.671731567382812500e+01
-9.671731567382812500e+01
-9.671731567382812500e+01
-9.671731567382812500e+01
-9.671731567382812500e+01
-9.671731567382812500e+01
-9.671731567382812500e+01
-9.671731567382812500e+01
-9.671731567382812500e+01
-9.671731567382812500e+01
-9.671731567382812500e+01
-9.671731567382812500e+01
-9.671731567382812500e+01
-9.671731567382812500e+01
-9.671731567382812500e+01
-9.671731567382812500e+01
-9.671731567382812500e+01
-9.671731567382812500e+01
-9.671731567382812500e+01
-9.671731567382812500e+01
-9.671731567382812500e+01
-9.671731567382812500e+01
-9.671731567382812500e+01
-9.671731567382812500e+01
-9.671731567382812500e+01
-9.671731567382812500e+01
-9.671731567382812500e+01
-9.671731567382812500e+01
-9.671731567382812500e+01
-9.671731567382812500e+01
-9.671731567382812500e+01
-9.671731567382812500e+01
-9.671731567382812500e+01
-9.671731567382812500e+01
-9.671731567382812500e+01
-9.671731567382812500e+01
-9.671731567382812500e+01
-9.671731567382812500e+01
-9.671731567382812500e+01
-9.671731567382812500e+01
-9.671731567382812500e+01
-9.671731567382812500e+01
-9.671731567382812500e+01
-9.671731567382812500e+01
-9.671731567382812500e+01
-9.671731567382812500e+01
-9.671731567382812500e+01
-9.671731567382812500e+01
-9.671731567382812500e+01
-9.671731567382812500e+01
-9.671731567382812500e+01
-9.671731567382812500e+01
-9.671731567382812500e+01
-9.671731567382812500e+01
-9.671731567382812500e+01
-9.671731567382812500e+01
-9.671731567382812500e+01
-9.671731567382812500e+01
-9.671731567382812500e+01
-9.671731567382812500e+01
-9.671731567382812500e+01
-9.671731567382812500e+01
-9.671731567382812500e+01
-9.671731567382812500e+01
-9.671731567382812500e+01
-9.671731567382812500e+01
-9.671731567382812500e+01
-9.671731567382812500e+01
-9.671731567382812500e+01
-9.671731567382812500e+01
-9.671731567382812500e+01
-9.671731567382812500e+01
-9.671731567382812500e+01
-9.671731567382812500e+01
-9.671731567382812500e+01
-9.671731567382812500e+01
-9.671731567382812500e+01
-9.671731567382812500e+01
-9.671731567382812500e+01
-9.671731567382812500e+01
-9.671731567382812500e+01
-9.671731567382812500e+01
-9.671731567382812500e+01
-9.671731567382812500e+01
-9.671731567382812500e+01
-9.671731567382812500e+01
-9.671731567382812500e+01
-9.671731567382812500e+01
-9.671731567382812500e+01
-9.671731567382812500e+01
-9.671731567382812500e+01
-9.671731567382812500e+01
-9.671731567382812500e+01
-9.671731567382812500e+01
-9.671731567382812500e+01
-9.671731567382812500e+01
-9.671731567382812500e+01
-9.671731567382812500e+01
-9.671731567382812500e+01
-9.671731567382812500e+01
-9.671731567382812500e+01
-9.671731567382812500e+01
-9.671731567382812500e+01
-9.671731567382812500e+01
-9.671731567382812500e+01
-9.671731567382812500e+01
-9.671731567382812500e+01
-9.671731567382812500e+01
-9.671731567382812500e+01
-9.671731567382812500e+01
-9.671731567382812500e+01
-9.671731567382812500e+01
-9.671731567382812500e+01
-9.671731567382812500e+01
-9.671731567382812500e+01
-9.671731567382812500e+01
-9.671731567382812500e+01
-9.671731567382812500e+01
-9.671731567382812500e+01
-9.671731567382812500e+01
-9.671731567382812500e+01
-9.671731567382812500e+01
-9.671731567382812500e+01
-9.671731567382812500e+01
-9.671731567382812500e+01
-9.671731567382812500e+01
-9.671731567382812500e+01
-9.671731567382812500e+01
-9.671731567382812500e+01
-9.671731567382812500e+01
-9.671731567382812500e+01
-9.671731567382812500e+01
-9.671731567382812500e+01
-9.671731567382812500e+01
-9.671731567382812500e+01
-9.671731567382812500e+01
-9.671731567382812500e+01
-9.671731567382812500e+01
-9.671731567382812500e+01
-9.671731567382812500e+01
-9.671731567382812500e+01
-9.671731567382812500e+01
-9.671731567382812500e+01
-9.671731567382812500e+01
-9.671731567382812500e+01
-9.671731567382812500e+01
-9.671731567382812500e+01
-9.671731567382812500e+01
-9.671731567382812500e+01
-9.671731567382812500e+01
-9.671731567382812500e+01
-9.671731567382812500e+01
-9.671731567382812500e+01
-9.671731567382812500e+01
-9.671731567382812500e+01
-9.671731567382812500e+01
-9.671731567382812500e+01
-9.671731567382812500e+01
-9.671731567382812500e+01
-9.671731567382812500e+01
-9.671731567382812500e+01
-9.671731567382812500e+01
-9.671731567382812500e+01
-9.671731567382812500e+01
-9.671731567382812500e+01
-9.671731567382812500e+01
-9.671731567382812500e+01
-9.671731567382812500e+01
-9.671731567382812500e+01
-9.671731567382812500e+01
-9.671731567382812500e+01
-9.671731567382812500e+01
-9.671731567382812500e+01
-9.671731567382812500e+01
-9.671731567382812500e+01
-9.671731567382812500e+01
-9.671731567382812500e+01
-9.671731567382812500e+01
-9.671731567382812500e+01
-9.671731567382812500e+01
-9.671731567382812500e+01
-9.671731567382812500e+01
-9.671731567382812500e+01
-9.671731567382812500e+01
-9.671731567382812500e+01
-9.671731567382812500e+01
-9.671731567382812500e+01
-9.671731567382812500e+01
-9.671731567382812500e+01
-9.671731567382812500e+01
-9.671731567382812500e+01
-9.671731567382812500e+01
-9.671731567382812500e+01
-9.671731567382812500e+01
-9.671731567382812500e+01
-9.671731567382812500e+01
-9.671731567382812500e+01
-9.671731567382812500e+01
-9.671731567382812500e+01
-9.671731567382812500e+01
-9.671731567382812500e+01
-9.671731567382812500e+01
-9.671731567382812500e+01
-9.671731567382812500e+01
-9.671731567382812500e+01
-9.671731567382812500e+01
-9.671731567382812500e+01
-9.671731567382812500e+01
-9.671731567382812500e+01
-9.671731567382812500e+01
-9.671731567382812500e+01
-9.671731567382812500e+01
-9.671731567382812500e+01
-9.671731567382812500e+01
-9.671731567382812500e+01
-9.671731567382812500e+01
-9.671731567382812500e+01
-9.671731567382812500e+01
-9.671731567382812500e+01
-9.671731567382812500e+01
-9.671731567382812500e+01
-9.671731567382812500e+01
-9.671731567382812500e+01
-9.671731567382812500e+01
-9.671731567382812500e+01
-9.671731567382812500e+01
-9.671731567382812500e+01
-9.671731567382812500e+01
-9.671731567382812500e+01
-9.671731567382812500e+01
-9.671731567382812500e+01
-9.671731567382812500e+01
-9.671731567382812500e+01
-9.671731567382812500e+01
-9.671731567382812500e+01
-9.671731567382812500e+01
-9.671731567382812500e+01
-9.671731567382812500e+01
-9.671731567382812500e+01
-9.671731567382812500e+01
-9.671731567382812500e+01
-9.671731567382812500e+01
-9.671731567382812500e+01
-9.671731567382812500e+01
-9.671731567382812500e+01
-9.671731567382812500e+01
-9.671731567382812500e+01
-9.671731567382812500e+01
-9.671731567382812500e+01
-9.671731567382812500e+01
-9.671731567382812500e+01
-9.671731567382812500e+01
-9.671731567382812500e+01
-9.671731567382812500e+01
-9.671731567382812500e+01
-9.671731567382812500e+01
-9.671731567382812500e+01
-9.671731567382812500e+01
-9.671731567382812500e+01
-9.671731567382812500e+01
-9.671731567382812500e+01
-9.671731567382812500e+01
-9.671731567382812500e+01
-9.671731567382812500e+01
-9.671731567382812500e+01
-9.671731567382812500e+01
-9.671731567382812500e+01
-9.671731567382812500e+01
-9.671731567382812500e+01
-9.671731567382812500e+01
-9.671731567382812500e+01
-9.671731567382812500e+01
-9.671731567382812500e+01
-9.671731567382812500e+01
-9.671731567382812500e+01
-9.671731567382812500e+01
-9.671731567382812500e+01
-9.671731567382812500e+01
-9.671731567382812500e+01
-9.671731567382812500e+01
-9.671731567382812500e+01
-9.671731567382812500e+01
-9.671731567382812500e+01
-9.671731567382812500e+01
-9.671731567382812500e+01
-9.671731567382812500e+01
-9.671731567382812500e+01
-9.671731567382812500e+01
-9.671731567382812500e+01
-9.671731567382812500e+01
-9.671731567382812500e+01
-9.671731567382812500e+01
-9.671731567382812500e+01
-9.671731567382812500e+01
-9.671731567382812500e+01
-9.671731567382812500e+01
-9.671731567382812500e+01
-9.671731567382812500e+01
-9.671731567382812500e+01
-9.671731567382812500e+01
-9.671731567382812500e+01
-9.671731567382812500e+01
-9.671731567382812500e+01
-9.671731567382812500e+01
-9.671731567382812500e+01
-9.671731567382812500e+01
-9.671731567382812500e+01
-9.671731567382812500e+01
-9.671731567382812500e+01
-9.671731567382812500e+01
-9.671731567382812500e+01
-9.671731567382812500e+01
-9.671731567382812500e+01
-9.671731567382812500e+01
-9.671731567382812500e+01
-9.671731567382812500e+01
-9.671731567382812500e+01
-9.671731567382812500e+01
-9.671731567382812500e+01
-9.671731567382812500e+01
-9.671731567382812500e+01
-9.671731567382812500e+01
-9.671731567382812500e+01
-9.671731567382812500e+01
-9.671731567382812500e+01
-9.671731567382812500e+01
-9.671731567382812500e+01
-9.671731567382812500e+01
-9.671731567382812500e+01
-9.671731567382812500e+01
-9.671731567382812500e+01
-9.671731567382812500e+01
-9.671731567382812500e+01
-9.671731567382812500e+01
-9.671731567382812500e+01
-9.671731567382812500e+01
-9.671731567382812500e+01
-9.671731567382812500e+01
-9.671731567382812500e+01
-9.671731567382812500e+01
-9.671731567382812500e+01
-9.671731567382812500e+01
-9.671731567382812500e+01
-9.671731567382812500e+01
-9.671731567382812500e+01
-9.671731567382812500e+01
-9.671731567382812500e+01
-9.671731567382812500e+01
-9.671731567382812500e+01
-9.671731567382812500e+01
-9.671731567382812500e+01
-9.671731567382812500e+01
-9.671731567382812500e+01
-9.671731567382812500e+01
-9.671731567382812500e+01
-9.671731567382812500e+01
-9.671731567382812500e+01
-9.671731567382812500e+01
-9.671731567382812500e+01
-9.671731567382812500e+01
-9.671731567382812500e+01
-9.671731567382812500e+01
-9.671731567382812500e+01
-9.671731567382812500e+01
-9.671731567382812500e+01
-9.671731567382812500e+01
-9.671731567382812500e+01
-9.671731567382812500e+01
-9.671731567382812500e+01
-9.671731567382812500e+01
-9.671731567382812500e+01
-9.671731567382812500e+01
-9.671731567382812500e+01
-9.671731567382812500e+01
-9.671731567382812500e+01
-9.671731567382812500e+01
-9.671731567382812500e+01
-9.671731567382812500e+01
-9.671731567382812500e+01
-9.671731567382812500e+01
-9.671731567382812500e+01
-9.671731567382812500e+01
-9.671731567382812500e+01
-9.671731567382812500e+01
-9.671731567382812500e+01
-9.671731567382812500e+01
-9.671731567382812500e+01
-9.671731567382812500e+01
-9.671731567382812500e+01
-9.671731567382812500e+01
-9.671731567382812500e+01
-9.671731567382812500e+01
-9.671731567382812500e+01
-9.671731567382812500e+01
-9.671731567382812500e+01
-9.671731567382812500e+01
-9.671731567382812500e+01
-9.671731567382812500e+01
-9.671731567382812500e+01
-9.671731567382812500e+01
-9.671731567382812500e+01
-9.671731567382812500e+01
-9.671731567382812500e+01
-9.671731567382812500e+01
-9.671731567382812500e+01
-9.671731567382812500e+01
-9.671731567382812500e+01
-9.671731567382812500e+01
-9.671731567382812500e+01
-9.671731567382812500e+01
-9.671731567382812500e+01
-9.671731567382812500e+01
-9.671731567382812500e+01
-9.671731567382812500e+01
-9.671731567382812500e+01
-9.671731567382812500e+01
-9.671731567382812500e+01
-9.671731567382812500e+01
-9.671731567382812500e+01
-9.671731567382812500e+01
-9.671731567382812500e+01
-9.671731567382812500e+01
-9.671731567382812500e+01
-9.671731567382812500e+01
-9.671731567382812500e+01
-9.671731567382812500e+01
-9.671731567382812500e+01
-9.671731567382812500e+01
-9.671731567382812500e+01
-9.671731567382812500e+01
-9.671731567382812500e+01
-9.671731567382812500e+01
-9.671731567382812500e+01
-9.671731567382812500e+01
-9.671731567382812500e+01
-9.671731567382812500e+01
-9.671731567382812500e+01
-9.671731567382812500e+01
-9.671731567382812500e+01
-9.671731567382812500e+01
-9.671731567382812500e+01
-9.671731567382812500e+01
-9.671731567382812500e+01
-9.671731567382812500e+01
-9.671731567382812500e+01
-9.671731567382812500e+01
-9.671731567382812500e+01
-9.671731567382812500e+01
-9.671731567382812500e+01
-9.671731567382812500e+01
-9.671731567382812500e+01
-9.671731567382812500e+01
-9.671731567382812500e+01
-9.671731567382812500e+01
-9.671731567382812500e+01
-9.671731567382812500e+01
-9.671731567382812500e+01
-9.671731567382812500e+01
-9.671731567382812500e+01
-9.671731567382812500e+01
-9.671731567382812500e+01
-9.671731567382812500e+01
-9.671731567382812500e+01
-9.671731567382812500e+01
-9.671731567382812500e+01
-9.671731567382812500e+01
-9.671731567382812500e+01
-9.671731567382812500e+01
-9.671731567382812500e+01
-9.671731567382812500e+01
-9.671731567382812500e+01
-9.671731567382812500e+01
-9.671731567382812500e+01
-9.671731567382812500e+01
-9.671731567382812500e+01
-9.671731567382812500e+01
-9.671731567382812500e+01
-9.671731567382812500e+01
-9.671731567382812500e+01
-9.671731567382812500e+01
-9.671731567382812500e+01
-9.671731567382812500e+01
-9.671731567382812500e+01
-9.671731567382812500e+01
-9.671731567382812500e+01
-9.671731567382812500e+01
-9.671731567382812500e+01
-9.671731567382812500e+01
-9.671731567382812500e+01
-9.671731567382812500e+01
-9.671731567382812500e+01
-9.671731567382812500e+01
-9.671731567382812500e+01
-9.671731567382812500e+01
-9.671731567382812500e+01
-9.671731567382812500e+01
-9.671731567382812500e+01
-9.671731567382812500e+01
-9.671731567382812500e+01
-9.671731567382812500e+01
-9.671731567382812500e+01
-9.671731567382812500e+01
-9.671731567382812500e+01
-9.671731567382812500e+01
-9.671731567382812500e+01
-9.671731567382812500e+01
-9.671731567382812500e+01
-9.671731567382812500e+01
-9.671731567382812500e+01
-9.671731567382812500e+01
-9.671731567382812500e+01
-9.671731567382812500e+01
-9.671731567382812500e+01
-9.671731567382812500e+01
-9.671731567382812500e+01
-9.671731567382812500e+01
-9.671731567382812500e+01
-9.671731567382812500e+01
-9.671731567382812500e+01
-9.671731567382812500e+01
-9.671731567382812500e+01
-9.671731567382812500e+01
-9.671731567382812500e+01
-9.671731567382812500e+01
-9.671731567382812500e+01
-9.671731567382812500e+01
-9.671731567382812500e+01
-9.671731567382812500e+01
-9.671731567382812500e+01
-9.671731567382812500e+01
-9.671731567382812500e+01
-9.671731567382812500e+01
-9.671731567382812500e+01
-9.671731567382812500e+01
-9.671731567382812500e+01
-9.671731567382812500e+01
-9.671731567382812500e+01
-9.671731567382812500e+01
-9.671731567382812500e+01
-9.671731567382812500e+01
-9.671731567382812500e+01
-9.671731567382812500e+01
-9.671731567382812500e+01
-9.671731567382812500e+01
-9.671731567382812500e+01
-9.671731567382812500e+01
-9.671731567382812500e+01
-9.671731567382812500e+01
-9.671731567382812500e+01
-9.671731567382812500e+01
-9.671731567382812500e+01
-9.671731567382812500e+01
-9.671731567382812500e+01
-9.671731567382812500e+01
-9.671731567382812500e+01
-9.671731567382812500e+01
-9.671731567382812500e+01
-9.671731567382812500e+01
-9.671731567382812500e+01
-9.671731567382812500e+01
-9.671731567382812500e+01
-9.671731567382812500e+01
-9.671731567382812500e+01
-9.671731567382812500e+01
-9.671731567382812500e+01
-9.671731567382812500e+01
-9.671731567382812500e+01
-9.671731567382812500e+01
-9.671731567382812500e+01
-9.671731567382812500e+01
-9.671731567382812500e+01
-9.671731567382812500e+01
-9.671731567382812500e+01
-9.671731567382812500e+01
-9.671731567382812500e+01
-9.671731567382812500e+01
-9.671731567382812500e+01
-9.671731567382812500e+01
-9.671731567382812500e+01
-9.671731567382812500e+01
-9.671731567382812500e+01
-9.671731567382812500e+01
-9.671731567382812500e+01
-9.671731567382812500e+01
-9.671731567382812500e+01
-9.671731567382812500e+01
-9.671731567382812500e+01
-9.671731567382812500e+01
-9.671731567382812500e+01
-9.671731567382812500e+01
-9.671731567382812500e+01
-9.671731567382812500e+01
-9.671731567382812500e+01
-9.671731567382812500e+01
-9.671731567382812500e+01
-9.671731567382812500e+01
-9.671731567382812500e+01
-9.671731567382812500e+01
-9.671731567382812500e+01
-9.671731567382812500e+01
-9.671731567382812500e+01
-9.671731567382812500e+01
-9.671731567382812500e+01
-9.671731567382812500e+01
-9.671731567382812500e+01
-9.671731567382812500e+01
-9.671731567382812500e+01
-9.671731567382812500e+01
-9.671731567382812500e+01
-9.671731567382812500e+01
-9.671731567382812500e+01
-9.671731567382812500e+01
-9.671731567382812500e+01
-9.671731567382812500e+01
-9.671731567382812500e+01
-9.671731567382812500e+01
-9.671731567382812500e+01
-9.671731567382812500e+01
-9.671731567382812500e+01
-9.671731567382812500e+01
-9.671731567382812500e+01
-9.671731567382812500e+01
-9.671731567382812500e+01
-9.671731567382812500e+01
-9.671731567382812500e+01
-9.671731567382812500e+01
-9.671731567382812500e+01
-9.671731567382812500e+01
-9.671731567382812500e+01
-9.671731567382812500e+01
-9.671731567382812500e+01
-9.671731567382812500e+01
-9.671731567382812500e+01
-9.671731567382812500e+01
-9.671731567382812500e+01
-9.671731567382812500e+01
-9.671731567382812500e+01
-9.671731567382812500e+01
-9.671731567382812500e+01
-9.671731567382812500e+01
-9.671731567382812500e+01
-9.671731567382812500e+01
-9.671731567382812500e+01
-9.671731567382812500e+01
-9.671731567382812500e+01
-9.671731567382812500e+01
-9.671731567382812500e+01
-9.671731567382812500e+01
-9.671731567382812500e+01
-9.671731567382812500e+01
-9.671731567382812500e+01
-9.671731567382812500e+01
-9.671731567382812500e+01
-9.671731567382812500e+01
-9.671731567382812500e+01
-9.671731567382812500e+01
-9.671731567382812500e+01
-9.671731567382812500e+01
-9.671731567382812500e+01
-9.671731567382812500e+01
-9.671731567382812500e+01
-9.671731567382812500e+01
-9.671731567382812500e+01
-9.671731567382812500e+01
-9.671731567382812500e+01
-9.671731567382812500e+01
-9.671731567382812500e+01
-9.671731567382812500e+01
-9.671731567382812500e+01
-9.671731567382812500e+01
-9.671731567382812500e+01
-9.671731567382812500e+01
-9.671731567382812500e+01
-9.671731567382812500e+01
-9.671731567382812500e+01
-9.671731567382812500e+01
-9.671731567382812500e+01
-9.671731567382812500e+01
-9.671731567382812500e+01
-9.671731567382812500e+01
-9.671731567382812500e+01
-9.671731567382812500e+01
-9.671731567382812500e+01
-9.671731567382812500e+01
-9.671731567382812500e+01
-9.671731567382812500e+01
-9.671731567382812500e+01
-9.671731567382812500e+01
-9.671731567382812500e+01
-9.671731567382812500e+01
-9.671731567382812500e+01
-9.671731567382812500e+01
-9.671731567382812500e+01
-9.671731567382812500e+01
-9.671731567382812500e+01
-9.671731567382812500e+01
-9.671731567382812500e+01
-9.671731567382812500e+01
-9.671731567382812500e+01
-9.671731567382812500e+01
-9.671731567382812500e+01
-9.671731567382812500e+01
-9.671731567382812500e+01
-9.671731567382812500e+01
-9.671731567382812500e+01
-9.671731567382812500e+01
-9.671731567382812500e+01
-9.671731567382812500e+01
-9.671731567382812500e+01
-9.671731567382812500e+01
-9.671731567382812500e+01
-9.671731567382812500e+01
-9.671731567382812500e+01
-9.671731567382812500e+01
-9.671731567382812500e+01
-9.671731567382812500e+01
-9.671731567382812500e+01
-9.671731567382812500e+01
-9.671731567382812500e+01
-9.671731567382812500e+01
-9.671731567382812500e+01
-9.671731567382812500e+01
-9.671731567382812500e+01
-9.671731567382812500e+01
-9.671731567382812500e+01
-9.671731567382812500e+01
-9.671731567382812500e+01
-9.671731567382812500e+01
-9.671731567382812500e+01
-9.671731567382812500e+01
-9.671731567382812500e+01
-9.671731567382812500e+01
-9.671731567382812500e+01
-9.671731567382812500e+01
-9.671731567382812500e+01
-9.671731567382812500e+01
-9.671731567382812500e+01
-9.671731567382812500e+01
-9.671731567382812500e+01
-9.671731567382812500e+01
-9.671731567382812500e+01
-9.671731567382812500e+01
-9.671731567382812500e+01
-9.671731567382812500e+01
-9.671731567382812500e+01
-9.671731567382812500e+01
-9.671731567382812500e+01
-9.671731567382812500e+01
-9.671731567382812500e+01
-9.671731567382812500e+01
-9.671731567382812500e+01
-9.671731567382812500e+01
-9.671731567382812500e+01
-9.671731567382812500e+01
-9.671731567382812500e+01
-9.671731567382812500e+01
-9.671731567382812500e+01
-9.671731567382812500e+01
-9.671731567382812500e+01
-9.671731567382812500e+01
-9.671731567382812500e+01
-9.671731567382812500e+01
-9.671731567382812500e+01
-9.671731567382812500e+01
-9.671731567382812500e+01
-9.671731567382812500e+01
-9.671731567382812500e+01
-9.671731567382812500e+01
-9.671731567382812500e+01
-9.671731567382812500e+01
-9.671731567382812500e+01
-9.671731567382812500e+01
-9.671731567382812500e+01
-9.671731567382812500e+01
-9.671731567382812500e+01
-9.671731567382812500e+01
-9.671731567382812500e+01
-9.671731567382812500e+01
-9.671731567382812500e+01
-9.671731567382812500e+01
-9.671731567382812500e+01
-9.671731567382812500e+01
-9.671731567382812500e+01
-9.671731567382812500e+01
-9.671731567382812500e+01
-9.671731567382812500e+01
-9.671731567382812500e+01
-9.671731567382812500e+01
-9.671731567382812500e+01
-9.671731567382812500e+01
-9.671731567382812500e+01
-9.671731567382812500e+01
-9.671731567382812500e+01
-9.671731567382812500e+01
-9.671731567382812500e+01
-9.671731567382812500e+01
-9.671731567382812500e+01
-9.671731567382812500e+01
-9.671731567382812500e+01
-9.671731567382812500e+01
-9.671731567382812500e+01
-9.671731567382812500e+01
-9.671731567382812500e+01
-9.671731567382812500e+01
-9.671731567382812500e+01
-9.671731567382812500e+01
-9.671731567382812500e+01
-9.671731567382812500e+01
-9.671731567382812500e+01
-9.671731567382812500e+01
-9.671731567382812500e+01
-9.671731567382812500e+01
-9.671731567382812500e+01
-9.671731567382812500e+01
-9.671731567382812500e+01
-9.671731567382812500e+01
-9.671731567382812500e+01
-9.671731567382812500e+01
-9.671731567382812500e+01
-9.671731567382812500e+01
-9.671731567382812500e+01
-9.671731567382812500e+01
-9.671731567382812500e+01
-9.671731567382812500e+01
-9.671731567382812500e+01
-9.671731567382812500e+01
-9.671731567382812500e+01
-9.671731567382812500e+01
-9.671731567382812500e+01
-9.671731567382812500e+01
-9.671731567382812500e+01
-9.671731567382812500e+01
-9.671731567382812500e+01
-9.671731567382812500e+01
-9.671731567382812500e+01
-9.671731567382812500e+01
-9.671731567382812500e+01
-9.671731567382812500e+01
-9.671731567382812500e+01
-9.671731567382812500e+01
-9.671731567382812500e+01
-9.671731567382812500e+01
-9.671731567382812500e+01
-9.671731567382812500e+01
-9.671731567382812500e+01
-9.671731567382812500e+01
-9.671731567382812500e+01
-9.671731567382812500e+01
-9.671731567382812500e+01
-9.671731567382812500e+01
-9.671731567382812500e+01
-9.671731567382812500e+01
-9.671731567382812500e+01
-9.671731567382812500e+01
-9.671731567382812500e+01
-9.671731567382812500e+01
-9.671731567382812500e+01
-9.671731567382812500e+01
-9.671731567382812500e+01
-9.671731567382812500e+01
-9.671731567382812500e+01
-9.671731567382812500e+01
-9.671731567382812500e+01
-9.671731567382812500e+01
-9.671731567382812500e+01
-9.671731567382812500e+01
-9.671731567382812500e+01
-9.671731567382812500e+01
-9.671731567382812500e+01
-9.671731567382812500e+01
-9.671731567382812500e+01
-9.671731567382812500e+01
-9.671731567382812500e+01
-9.671731567382812500e+01
-9.671731567382812500e+01
-9.671731567382812500e+01
-9.671731567382812500e+01
-9.671731567382812500e+01
-9.671731567382812500e+01
-9.671731567382812500e+01
-9.671731567382812500e+01
-9.671731567382812500e+01
-9.671731567382812500e+01
-9.671731567382812500e+01
-9.671731567382812500e+01
-9.671731567382812500e+01
-9.671731567382812500e+01
-9.671731567382812500e+01
-9.671731567382812500e+01
-9.671731567382812500e+01
-9.671731567382812500e+01
-9.671731567382812500e+01
-9.671731567382812500e+01
-9.671731567382812500e+01
-9.671731567382812500e+01
-9.671731567382812500e+01
-9.671731567382812500e+01
-9.671731567382812500e+01
-9.671731567382812500e+01
-9.671731567382812500e+01
-9.671731567382812500e+01
-9.671731567382812500e+01
-9.671731567382812500e+01
-9.671731567382812500e+01
-9.671731567382812500e+01
-9.671731567382812500e+01
-9.671731567382812500e+01
-9.671731567382812500e+01
-9.671731567382812500e+01
-9.671731567382812500e+01
-9.671731567382812500e+01
-9.671731567382812500e+01
-9.671731567382812500e+01
-9.671731567382812500e+01
-9.671731567382812500e+01
-9.671731567382812500e+01
-9.671731567382812500e+01
-9.671731567382812500e+01
-9.671731567382812500e+01
-9.671731567382812500e+01
-9.671731567382812500e+01
-9.671731567382812500e+01
-9.671731567382812500e+01
-9.671731567382812500e+01
-9.671731567382812500e+01
-9.671731567382812500e+01
-9.671731567382812500e+01
-9.671731567382812500e+01
-9.671731567382812500e+01
-9.671731567382812500e+01
-9.671731567382812500e+01
-9.671731567382812500e+01
-9.671731567382812500e+01
-9.671731567382812500e+01
-9.671731567382812500e+01
-9.671731567382812500e+01
-9.671731567382812500e+01
-9.671731567382812500e+01
-9.671731567382812500e+01
-9.671731567382812500e+01
-9.671731567382812500e+01
-9.671731567382812500e+01
-9.671731567382812500e+01
-9.671731567382812500e+01
-9.671731567382812500e+01
-9.671731567382812500e+01
-9.671731567382812500e+01
-9.671731567382812500e+01
-9.671731567382812500e+01
-9.671731567382812500e+01
-9.671731567382812500e+01
-9.671731567382812500e+01
-9.671731567382812500e+01
-9.671731567382812500e+01
-9.671731567382812500e+01
-9.671731567382812500e+01
-9.671731567382812500e+01
-9.671731567382812500e+01
-9.671731567382812500e+01
-9.671731567382812500e+01
-9.671731567382812500e+01
-9.671731567382812500e+01
-9.671731567382812500e+01
-9.671731567382812500e+01
-9.671731567382812500e+01
-9.671731567382812500e+01
-9.671731567382812500e+01
-9.671731567382812500e+01
-9.671731567382812500e+01
-9.671731567382812500e+01
-9.671731567382812500e+01
-9.671731567382812500e+01
-9.671731567382812500e+01
-9.671731567382812500e+01
-9.671731567382812500e+01
-9.671731567382812500e+01
-9.671731567382812500e+01
-9.671731567382812500e+01
-9.671731567382812500e+01
-9.671731567382812500e+01
-9.671731567382812500e+01
-9.671731567382812500e+01
-9.671731567382812500e+01
-9.671731567382812500e+01
-9.671731567382812500e+01
-9.671731567382812500e+01
-9.671731567382812500e+01
-9.671731567382812500e+01
-9.671731567382812500e+01
-9.671731567382812500e+01
-9.671731567382812500e+01
-9.671731567382812500e+01
-9.671731567382812500e+01
-9.671731567382812500e+01
-9.671731567382812500e+01
-9.671731567382812500e+01
-9.671731567382812500e+01
-9.671731567382812500e+01
-9.671731567382812500e+01
-9.671731567382812500e+01
-9.671731567382812500e+01
-9.671731567382812500e+01
-9.671731567382812500e+01
-9.671731567382812500e+01
-9.671731567382812500e+01
-9.671731567382812500e+01
-9.671731567382812500e+01
-9.671731567382812500e+01
-9.671731567382812500e+01
-9.671731567382812500e+01
-9.671731567382812500e+01
-9.671731567382812500e+01
-9.671731567382812500e+01
-9.671731567382812500e+01
-9.671731567382812500e+01
-9.671731567382812500e+01
-9.671731567382812500e+01
-9.671731567382812500e+01
-9.671731567382812500e+01
-9.671731567382812500e+01
-9.671731567382812500e+01
-9.671731567382812500e+01
-9.671731567382812500e+01
-9.671731567382812500e+01
-9.671731567382812500e+01
-9.671731567382812500e+01
-9.671731567382812500e+01
-9.671731567382812500e+01
-9.671731567382812500e+01
-9.671731567382812500e+01
-9.671731567382812500e+01
-9.671731567382812500e+01
-9.671731567382812500e+01
-9.671731567382812500e+01
-9.671731567382812500e+01
-9.671731567382812500e+01
-9.671731567382812500e+01
-9.671731567382812500e+01
-9.671731567382812500e+01
-9.671731567382812500e+01
-9.671731567382812500e+01
-9.671731567382812500e+01
-9.671731567382812500e+01
-9.671731567382812500e+01
-9.671731567382812500e+01
-9.671731567382812500e+01
-9.671731567382812500e+01
-9.671731567382812500e+01
-9.671731567382812500e+01
-9.671731567382812500e+01
-9.671731567382812500e+01
-9.671731567382812500e+01
-9.671731567382812500e+01
-9.671731567382812500e+01
-9.671731567382812500e+01
-9.671731567382812500e+01
-9.671731567382812500e+01
-9.671731567382812500e+01
-9.671731567382812500e+01
-9.671731567382812500e+01
-9.671731567382812500e+01
-9.671731567382812500e+01
-9.671731567382812500e+01
-9.671731567382812500e+01
-9.671731567382812500e+01
-9.671731567382812500e+01
-9.671731567382812500e+01
-9.671731567382812500e+01
-9.671731567382812500e+01
-9.671731567382812500e+01
-9.671731567382812500e+01
-9.671731567382812500e+01
-9.671731567382812500e+01
-9.671731567382812500e+01
-9.671731567382812500e+01
-9.671731567382812500e+01
-9.671731567382812500e+01
-9.671731567382812500e+01
-9.671731567382812500e+01
-9.671731567382812500e+01
-9.671731567382812500e+01
-9.671731567382812500e+01
-9.671731567382812500e+01
-9.671731567382812500e+01
-9.671731567382812500e+01
-9.671731567382812500e+01
-9.671731567382812500e+01
-9.671731567382812500e+01
-9.671731567382812500e+01
-9.671731567382812500e+01
-9.671731567382812500e+01
-9.671731567382812500e+01
-9.671731567382812500e+01
-9.671731567382812500e+01
-9.671731567382812500e+01
-9.671731567382812500e+01
-9.671731567382812500e+01
-9.671731567382812500e+01
-9.671731567382812500e+01
-9.671731567382812500e+01
-9.671731567382812500e+01
-9.671731567382812500e+01
-9.671731567382812500e+01
-9.671731567382812500e+01
-9.671731567382812500e+01
-9.671731567382812500e+01
-9.671731567382812500e+01
-9.671731567382812500e+01
-9.671731567382812500e+01
-9.671731567382812500e+01
-9.671731567382812500e+01
-9.671731567382812500e+01
-9.671731567382812500e+01
-9.671731567382812500e+01
-9.671731567382812500e+01
-9.671731567382812500e+01
-9.671731567382812500e+01
-9.671731567382812500e+01
-9.671731567382812500e+01
-9.671731567382812500e+01
-9.671731567382812500e+01
-9.671731567382812500e+01
-9.671731567382812500e+01
-9.671731567382812500e+01
-9.671731567382812500e+01
-9.671731567382812500e+01
-9.671731567382812500e+01
-9.671731567382812500e+01
-9.671731567382812500e+01
-9.671731567382812500e+01
-9.671731567382812500e+01
-9.671731567382812500e+01
-9.671731567382812500e+01
-9.671731567382812500e+01
-9.671731567382812500e+01
-9.671731567382812500e+01
-9.671731567382812500e+01
-9.671731567382812500e+01
-9.671731567382812500e+01
-9.671731567382812500e+01
-9.671731567382812500e+01
-9.671731567382812500e+01
-9.671731567382812500e+01
-9.671731567382812500e+01
-9.671731567382812500e+01
-9.671731567382812500e+01
-9.671731567382812500e+01
-9.671731567382812500e+01
-9.671731567382812500e+01
-9.671731567382812500e+01
-9.671731567382812500e+01
-9.671731567382812500e+01
-9.671731567382812500e+01
-9.671731567382812500e+01
-9.671731567382812500e+01
-9.671731567382812500e+01
-9.671731567382812500e+01
-9.671731567382812500e+01
-9.671731567382812500e+01
-9.671731567382812500e+01
-9.671731567382812500e+01
-9.671731567382812500e+01
-9.671731567382812500e+01
-9.671731567382812500e+01
-9.671731567382812500e+01
-9.671731567382812500e+01
-9.671731567382812500e+01
-9.671731567382812500e+01
-9.671731567382812500e+01
-9.671731567382812500e+01
-9.671731567382812500e+01
-9.671731567382812500e+01
-9.671731567382812500e+01
-9.671731567382812500e+01
-9.671731567382812500e+01
-9.671731567382812500e+01
-9.671731567382812500e+01
-9.671731567382812500e+01
-9.671731567382812500e+01
-9.671731567382812500e+01
-9.671731567382812500e+01
-9.671731567382812500e+01
-9.671731567382812500e+01
-9.671731567382812500e+01
-9.671731567382812500e+01
-9.671731567382812500e+01
-9.671731567382812500e+01
-9.671731567382812500e+01
-9.671731567382812500e+01
-9.671731567382812500e+01
-9.671731567382812500e+01
-9.671731567382812500e+01
-9.671731567382812500e+01
-9.671731567382812500e+01
-9.671731567382812500e+01
-9.671731567382812500e+01
-9.671731567382812500e+01
-9.671731567382812500e+01
-9.671731567382812500e+01
-9.671731567382812500e+01
-9.671731567382812500e+01
-9.671731567382812500e+01
-9.671731567382812500e+01
-9.671731567382812500e+01
-9.671731567382812500e+01
-9.671731567382812500e+01
-9.671731567382812500e+01
-9.671731567382812500e+01
-9.671731567382812500e+01
-9.671731567382812500e+01
-9.671731567382812500e+01
-9.671731567382812500e+01
-9.671731567382812500e+01
-9.671731567382812500e+01
-9.671731567382812500e+01
-9.671731567382812500e+01
-9.671731567382812500e+01
-9.671731567382812500e+01
-9.671731567382812500e+01
-9.671731567382812500e+01
-9.671731567382812500e+01
-9.671731567382812500e+01
-9.671731567382812500e+01
-9.671731567382812500e+01
-9.671731567382812500e+01
-9.671731567382812500e+01
-9.671731567382812500e+01
-9.671731567382812500e+01
-9.671731567382812500e+01
-9.671731567382812500e+01
-9.671731567382812500e+01
-9.671731567382812500e+01
-9.671731567382812500e+01
-9.671731567382812500e+01
-9.671731567382812500e+01
-9.671731567382812500e+01
-9.671731567382812500e+01
-9.671731567382812500e+01
-9.671731567382812500e+01
-9.671731567382812500e+01
-9.671731567382812500e+01
-9.671731567382812500e+01
-9.671731567382812500e+01
-9.671731567382812500e+01
-9.671731567382812500e+01
-9.671731567382812500e+01
-9.671731567382812500e+01
-9.671731567382812500e+01
-9.671731567382812500e+01
-9.671731567382812500e+01
-9.671731567382812500e+01
-9.671731567382812500e+01
-9.671731567382812500e+01
-9.671731567382812500e+01
-9.671731567382812500e+01
-9.671731567382812500e+01
-9.671731567382812500e+01
-9.671731567382812500e+01
-9.671731567382812500e+01
-9.671731567382812500e+01
-9.671731567382812500e+01
-9.671731567382812500e+01
-9.671731567382812500e+01
-9.671731567382812500e+01
-9.671731567382812500e+01
-9.671731567382812500e+01
-9.671731567382812500e+01
-9.671731567382812500e+01
-9.671731567382812500e+01
-9.671731567382812500e+01
-9.671731567382812500e+01
-9.671731567382812500e+01
-9.671731567382812500e+01
-9.671731567382812500e+01
-9.671731567382812500e+01
-9.671731567382812500e+01
-9.671731567382812500e+01
-9.671731567382812500e+01
-9.671731567382812500e+01
-9.671731567382812500e+01
-9.671731567382812500e+01
-9.671731567382812500e+01
-9.671731567382812500e+01
-9.671731567382812500e+01
-9.671731567382812500e+01
-9.671731567382812500e+01
-9.671731567382812500e+01
-9.671731567382812500e+01
-9.671731567382812500e+01
-9.671731567382812500e+01
-9.671731567382812500e+01
-9.671731567382812500e+01
-9.671731567382812500e+01
-9.671731567382812500e+01
-9.671731567382812500e+01
-9.671731567382812500e+01
-9.671731567382812500e+01
-9.671731567382812500e+01
-9.671731567382812500e+01
-9.671731567382812500e+01
-9.671731567382812500e+01
-9.671731567382812500e+01
-9.671731567382812500e+01
-9.671731567382812500e+01
-9.671731567382812500e+01
-9.671731567382812500e+01
-9.671731567382812500e+01
-9.671731567382812500e+01
-9.671731567382812500e+01
-9.671731567382812500e+01
-9.671731567382812500e+01
-9.671731567382812500e+01
-9.671731567382812500e+01
-9.671731567382812500e+01
-9.671731567382812500e+01
-9.671731567382812500e+01
-9.671731567382812500e+01
-9.671731567382812500e+01
-9.671731567382812500e+01
-9.671731567382812500e+01
-9.671731567382812500e+01
-9.671731567382812500e+01
-9.671731567382812500e+01
-9.671731567382812500e+01
-9.671731567382812500e+01
-9.671731567382812500e+01
-9.671731567382812500e+01
-9.671731567382812500e+01
-9.671731567382812500e+01
-9.671731567382812500e+01
-9.671731567382812500e+01
-9.671731567382812500e+01
-9.671731567382812500e+01
-9.671731567382812500e+01
-9.671731567382812500e+01
-9.671731567382812500e+01
-9.671731567382812500e+01
-9.671731567382812500e+01
-9.671731567382812500e+01
-9.671731567382812500e+01
-9.671731567382812500e+01
-9.671731567382812500e+01
-9.671731567382812500e+01
-9.671731567382812500e+01
-9.671731567382812500e+01
-9.671731567382812500e+01
-9.671731567382812500e+01
-9.671731567382812500e+01
-9.671731567382812500e+01
-9.671731567382812500e+01
-9.671731567382812500e+01
-9.671731567382812500e+01
-9.671731567382812500e+01
-9.671731567382812500e+01
-9.671731567382812500e+01
-9.671731567382812500e+01
-9.671731567382812500e+01
-9.671731567382812500e+01
-9.671731567382812500e+01
-9.671731567382812500e+01
-9.671731567382812500e+01
-9.671731567382812500e+01
-9.671731567382812500e+01
-9.671731567382812500e+01
-9.671731567382812500e+01
-9.671731567382812500e+01
-9.671731567382812500e+01
-9.671731567382812500e+01
-9.671731567382812500e+01
-9.671731567382812500e+01
-9.671731567382812500e+01
-9.671731567382812500e+01
-9.671731567382812500e+01
-9.671731567382812500e+01
-9.671731567382812500e+01
-9.671731567382812500e+01
-9.671731567382812500e+01
-9.671731567382812500e+01
-9.671731567382812500e+01
-9.671731567382812500e+01
-9.671731567382812500e+01
-9.671731567382812500e+01
-9.671731567382812500e+01
-9.671731567382812500e+01
-9.671731567382812500e+01
-9.671731567382812500e+01
-9.671731567382812500e+01
-9.671731567382812500e+01
-9.671731567382812500e+01
-9.671731567382812500e+01
-9.671731567382812500e+01
-9.671731567382812500e+01
-9.671731567382812500e+01
-9.671731567382812500e+01
-9.671731567382812500e+01
-9.671731567382812500e+01
-9.671731567382812500e+01
-9.671731567382812500e+01
-9.671731567382812500e+01
-9.671731567382812500e+01
-9.671731567382812500e+01
-9.671731567382812500e+01
-9.671731567382812500e+01
-9.671731567382812500e+01
-9.671731567382812500e+01
-9.671731567382812500e+01
-9.671731567382812500e+01
-9.671731567382812500e+01
-9.671731567382812500e+01
-9.671731567382812500e+01
-9.671731567382812500e+01
-9.671731567382812500e+01
-9.671731567382812500e+01
-9.671731567382812500e+01
-9.671731567382812500e+01
-9.671731567382812500e+01
-9.671731567382812500e+01
-9.671731567382812500e+01
-9.671731567382812500e+01
-9.671731567382812500e+01
-9.671731567382812500e+01
-9.671731567382812500e+01
-9.671731567382812500e+01
-9.671731567382812500e+01
-9.671731567382812500e+01
-9.671731567382812500e+01
-9.671731567382812500e+01
-9.671731567382812500e+01
-9.671731567382812500e+01
-9.671731567382812500e+01
-9.671731567382812500e+01
-9.671731567382812500e+01
-9.671731567382812500e+01
-9.671731567382812500e+01
-9.671731567382812500e+01
-9.671731567382812500e+01
-9.671731567382812500e+01
-9.671731567382812500e+01
-9.671731567382812500e+01
-9.671731567382812500e+01
-9.671731567382812500e+01
-9.671731567382812500e+01
-9.671731567382812500e+01
-9.671731567382812500e+01
-9.671731567382812500e+01
-9.671731567382812500e+01
-9.671731567382812500e+01
-9.671731567382812500e+01
-9.671731567382812500e+01
-9.671731567382812500e+01
-9.671731567382812500e+01
-9.671731567382812500e+01
-9.671731567382812500e+01
-9.671731567382812500e+01
-9.671731567382812500e+01
-9.671731567382812500e+01
-9.671731567382812500e+01
-9.671731567382812500e+01
-9.671731567382812500e+01
-9.671731567382812500e+01
-9.671731567382812500e+01
-9.671731567382812500e+01
-9.671731567382812500e+01
-9.671731567382812500e+01
-9.671731567382812500e+01
-9.671731567382812500e+01
-9.671731567382812500e+01
-9.671731567382812500e+01
-9.671731567382812500e+01
-9.671731567382812500e+01
-9.671731567382812500e+01
-9.671731567382812500e+01
-9.671731567382812500e+01
-9.671731567382812500e+01
-9.671731567382812500e+01
-9.671731567382812500e+01
-9.671731567382812500e+01
-9.671731567382812500e+01
-9.671731567382812500e+01
-9.671731567382812500e+01
-9.671731567382812500e+01
-9.671731567382812500e+01
-9.671731567382812500e+01
-9.671731567382812500e+01
-9.671731567382812500e+01
-9.671731567382812500e+01
-9.671731567382812500e+01
-9.671731567382812500e+01
-9.671731567382812500e+01
-9.671731567382812500e+01
-9.671731567382812500e+01
-9.671731567382812500e+01
-9.671731567382812500e+01
-9.671731567382812500e+01
-9.671731567382812500e+01
-9.671731567382812500e+01
-9.671731567382812500e+01
-9.671731567382812500e+01
-9.671731567382812500e+01
-9.671731567382812500e+01
-9.671731567382812500e+01
-9.671731567382812500e+01
-9.671731567382812500e+01
-9.671731567382812500e+01
-9.671731567382812500e+01
-9.671731567382812500e+01
-9.671731567382812500e+01
-9.671731567382812500e+01
-9.671731567382812500e+01
-9.671731567382812500e+01
-9.671731567382812500e+01
-9.671731567382812500e+01
-9.671731567382812500e+01
-9.671731567382812500e+01
-9.671731567382812500e+01
-9.671731567382812500e+01
-9.671731567382812500e+01
-9.671731567382812500e+01
-9.671731567382812500e+01
-9.671731567382812500e+01
-9.671731567382812500e+01
-9.671731567382812500e+01
-9.671731567382812500e+01
-9.671731567382812500e+01
-9.671731567382812500e+01
-9.671731567382812500e+01
-9.671731567382812500e+01
-9.671731567382812500e+01
-9.671731567382812500e+01
-9.671731567382812500e+01
-9.671731567382812500e+01
-9.671731567382812500e+01
-9.671731567382812500e+01
-9.671731567382812500e+01
-9.671731567382812500e+01
-9.671731567382812500e+01
-9.671731567382812500e+01
-9.671731567382812500e+01
-9.671731567382812500e+01
-9.671731567382812500e+01
-9.671731567382812500e+01
-9.671731567382812500e+01
-9.671731567382812500e+01
-9.671731567382812500e+01
-9.671731567382812500e+01
-9.671731567382812500e+01
-9.671731567382812500e+01
-9.671731567382812500e+01
-9.671731567382812500e+01
-9.671731567382812500e+01
-9.671731567382812500e+01
-9.671731567382812500e+01
-9.671731567382812500e+01
-9.671731567382812500e+01
-9.671731567382812500e+01
-9.671731567382812500e+01
-9.671731567382812500e+01
-9.671731567382812500e+01
-9.671731567382812500e+01
-9.671731567382812500e+01
-9.671731567382812500e+01
-9.671731567382812500e+01
-9.671731567382812500e+01
-9.671731567382812500e+01
-9.671731567382812500e+01
-9.671731567382812500e+01
-9.671731567382812500e+01
-9.671731567382812500e+01
-9.671731567382812500e+01
-9.671731567382812500e+01
-9.671731567382812500e+01
-9.671731567382812500e+01
-9.671731567382812500e+01
-9.671731567382812500e+01
-9.671731567382812500e+01
-9.671731567382812500e+01
-9.671731567382812500e+01
-9.671731567382812500e+01
-9.671731567382812500e+01
-9.671731567382812500e+01
-9.671731567382812500e+01
-9.671731567382812500e+01
-9.671731567382812500e+01
-9.671731567382812500e+01
-9.671731567382812500e+01
-9.671731567382812500e+01
-9.671731567382812500e+01
-9.671731567382812500e+01
-9.671731567382812500e+01
-9.671731567382812500e+01
-9.671731567382812500e+01
-9.671731567382812500e+01
-9.671731567382812500e+01
-9.671731567382812500e+01
-9.671731567382812500e+01
-9.671731567382812500e+01
-9.671731567382812500e+01
-9.671731567382812500e+01
-9.671731567382812500e+01
-9.671731567382812500e+01
-9.671731567382812500e+01
-9.671731567382812500e+01
-9.671731567382812500e+01
-9.671731567382812500e+01
-9.671731567382812500e+01
-9.671731567382812500e+01
-9.671731567382812500e+01
-9.671731567382812500e+01
-9.671731567382812500e+01
-9.671731567382812500e+01
-9.671731567382812500e+01
-9.671731567382812500e+01
-9.671731567382812500e+01
-9.671731567382812500e+01
-9.671731567382812500e+01
-9.671731567382812500e+01
-9.671731567382812500e+01
-9.671731567382812500e+01
-9.671731567382812500e+01
-9.671731567382812500e+01
-9.671731567382812500e+01
-9.671731567382812500e+01
-9.671731567382812500e+01
-9.671731567382812500e+01
-9.671731567382812500e+01
-9.671731567382812500e+01
-9.671731567382812500e+01
-9.671731567382812500e+01
-9.671731567382812500e+01
-9.671731567382812500e+01
-9.671731567382812500e+01
-9.671731567382812500e+01
-9.671731567382812500e+01
-9.671731567382812500e+01
-9.671731567382812500e+01
-9.671731567382812500e+01
-9.671731567382812500e+01
-9.671731567382812500e+01
-9.671731567382812500e+01
-9.671731567382812500e+01
-9.671731567382812500e+01
-9.671731567382812500e+01
-9.671731567382812500e+01
-9.671731567382812500e+01
-9.671731567382812500e+01
-9.671731567382812500e+01
-9.671731567382812500e+01
-9.671731567382812500e+01
-9.671731567382812500e+01
-9.671731567382812500e+01
-9.671731567382812500e+01
-9.671731567382812500e+01
-9.671731567382812500e+01
-9.671731567382812500e+01
-9.671731567382812500e+01
-9.671731567382812500e+01
-9.671731567382812500e+01
-9.671731567382812500e+01
-9.671731567382812500e+01
-9.671731567382812500e+01
-9.671731567382812500e+01
-9.671731567382812500e+01
-9.671731567382812500e+01
-9.671731567382812500e+01
-9.671731567382812500e+01
-9.671731567382812500e+01
-9.671731567382812500e+01
-9.671731567382812500e+01
-9.671731567382812500e+01
-9.671731567382812500e+01
-9.671731567382812500e+01
-9.671731567382812500e+01
-9.671731567382812500e+01
-9.671731567382812500e+01
-9.671731567382812500e+01
-9.671731567382812500e+01
-9.671731567382812500e+01
-9.671731567382812500e+01
-9.671731567382812500e+01
-9.671731567382812500e+01
-9.671731567382812500e+01
-9.671731567382812500e+01
-9.671731567382812500e+01
-9.671731567382812500e+01
-9.671731567382812500e+01
-9.671731567382812500e+01
-9.671731567382812500e+01
-9.671731567382812500e+01
-9.671731567382812500e+01
-9.671731567382812500e+01
-9.671731567382812500e+01
-9.671731567382812500e+01
-9.671731567382812500e+01
-9.671731567382812500e+01
-9.671731567382812500e+01
-9.671731567382812500e+01
-9.671731567382812500e+01
-9.671731567382812500e+01
-9.671731567382812500e+01
-9.671731567382812500e+01
-9.671731567382812500e+01
-9.671731567382812500e+01
-9.671731567382812500e+01
-9.671731567382812500e+01
-9.671731567382812500e+01
-9.671731567382812500e+01
-9.671731567382812500e+01
-9.671731567382812500e+01
-9.671731567382812500e+01
-9.671731567382812500e+01
-9.671731567382812500e+01
-9.671731567382812500e+01
-9.671731567382812500e+01
-9.671731567382812500e+01
-9.671731567382812500e+01
-9.671731567382812500e+01
-9.671731567382812500e+01
-9.671731567382812500e+01
-9.671731567382812500e+01
-9.671731567382812500e+01
-9.671731567382812500e+01
-9.671731567382812500e+01
-9.671731567382812500e+01
-9.671731567382812500e+01
-9.671731567382812500e+01
-9.671731567382812500e+01
-9.671731567382812500e+01
-9.671731567382812500e+01
-9.671731567382812500e+01
-9.671731567382812500e+01
-9.671731567382812500e+01
-9.671731567382812500e+01
-9.671731567382812500e+01
-9.671731567382812500e+01
-9.671731567382812500e+01
-9.671731567382812500e+01
-9.671731567382812500e+01
-9.671731567382812500e+01
-9.671731567382812500e+01
-9.671731567382812500e+01
-9.671731567382812500e+01
-9.671731567382812500e+01
-9.671731567382812500e+01
-9.671731567382812500e+01
-9.671731567382812500e+01
-9.671731567382812500e+01
-9.671731567382812500e+01
-9.671731567382812500e+01
-9.671731567382812500e+01
-9.671731567382812500e+01
-9.671731567382812500e+01
-9.671731567382812500e+01
-9.671731567382812500e+01
-9.671731567382812500e+01
-9.671731567382812500e+01
-9.671731567382812500e+01
-9.671731567382812500e+01
-9.671731567382812500e+01
-9.671731567382812500e+01
-9.671731567382812500e+01
-9.671731567382812500e+01
-9.671731567382812500e+01
-9.671731567382812500e+01
-9.671731567382812500e+01
-9.671731567382812500e+01
-9.671731567382812500e+01
-9.671731567382812500e+01
-9.671731567382812500e+01
-9.671731567382812500e+01
-9.671731567382812500e+01
-9.671731567382812500e+01
-9.671731567382812500e+01
-9.671731567382812500e+01
-9.671731567382812500e+01
-9.671731567382812500e+01
-9.671731567382812500e+01
-9.671731567382812500e+01
-9.671731567382812500e+01
-9.671731567382812500e+01
-9.671731567382812500e+01
-9.671731567382812500e+01
-9.671731567382812500e+01
-9.671731567382812500e+01
-9.671731567382812500e+01
-9.671731567382812500e+01
-9.671731567382812500e+01
-9.671731567382812500e+01
-9.671731567382812500e+01
-9.671731567382812500e+01
-9.671731567382812500e+01
-9.671731567382812500e+01
-9.671731567382812500e+01
-9.671731567382812500e+01
-9.671731567382812500e+01
-9.671731567382812500e+01
-9.671731567382812500e+01
-9.671731567382812500e+01
-9.671731567382812500e+01
-9.671731567382812500e+01
-9.671731567382812500e+01
-9.671731567382812500e+01
-9.671731567382812500e+01
-9.671731567382812500e+01
-9.671731567382812500e+01
-9.671731567382812500e+01
-9.671731567382812500e+01
-9.671731567382812500e+01
-9.671731567382812500e+01
-9.671731567382812500e+01
-9.671731567382812500e+01
-9.671731567382812500e+01
-9.671731567382812500e+01
-9.671731567382812500e+01
-9.671731567382812500e+01
-9.671731567382812500e+01
-9.671731567382812500e+01
-9.671731567382812500e+01
-9.671731567382812500e+01
-9.671731567382812500e+01
-9.671731567382812500e+01
-9.671731567382812500e+01
-9.671731567382812500e+01
-9.671731567382812500e+01
-9.671731567382812500e+01
-9.671731567382812500e+01
-9.671731567382812500e+01
-9.671731567382812500e+01
-9.671731567382812500e+01
-9.671731567382812500e+01
-9.671731567382812500e+01
-9.671731567382812500e+01
-9.671731567382812500e+01
-9.671731567382812500e+01
-9.671731567382812500e+01
-9.671731567382812500e+01
-9.671731567382812500e+01
-9.671731567382812500e+01
-9.671731567382812500e+01
-9.671731567382812500e+01
-9.671731567382812500e+01
-9.671731567382812500e+01
-9.671731567382812500e+01
-9.671731567382812500e+01
-9.671731567382812500e+01
-9.671731567382812500e+01
-9.671731567382812500e+01
-9.671731567382812500e+01
-9.671731567382812500e+01
-9.671731567382812500e+01
-9.671731567382812500e+01
-9.671731567382812500e+01
-9.671731567382812500e+01
-9.671731567382812500e+01
-9.671731567382812500e+01
-9.671731567382812500e+01
-9.671731567382812500e+01
-9.671731567382812500e+01
-9.671731567382812500e+01
-9.671731567382812500e+01
-9.671731567382812500e+01
-9.671731567382812500e+01
-9.671731567382812500e+01
-9.671731567382812500e+01
-9.671731567382812500e+01
-9.671731567382812500e+01
-9.671731567382812500e+01
-9.671731567382812500e+01
-9.671731567382812500e+01
-9.671731567382812500e+01
-9.671731567382812500e+01
-9.671731567382812500e+01
-9.671731567382812500e+01
-9.671731567382812500e+01
-9.671731567382812500e+01
-9.671731567382812500e+01
-9.671731567382812500e+01
-9.671731567382812500e+01
-9.671731567382812500e+01
-9.671731567382812500e+01
-9.671731567382812500e+01
-9.671731567382812500e+01
-9.671731567382812500e+01
-9.671731567382812500e+01
-9.671731567382812500e+01
-9.671731567382812500e+01
-9.671731567382812500e+01
-9.671731567382812500e+01
-9.671731567382812500e+01
-9.671731567382812500e+01
-9.671731567382812500e+01
-9.671731567382812500e+01
-9.671731567382812500e+01
-9.671731567382812500e+01
-9.671731567382812500e+01
-9.671731567382812500e+01
-9.671731567382812500e+01
-9.671731567382812500e+01
-9.671731567382812500e+01
-9.671731567382812500e+01
-9.671731567382812500e+01
-9.671731567382812500e+01
-9.671731567382812500e+01
-9.671731567382812500e+01
-9.671731567382812500e+01
-9.671731567382812500e+01
-9.671731567382812500e+01
-9.671731567382812500e+01
-9.671731567382812500e+01
-9.671731567382812500e+01
-9.671731567382812500e+01
-9.671731567382812500e+01
-9.671731567382812500e+01
-9.671731567382812500e+01
-9.671731567382812500e+01
-9.671731567382812500e+01
-9.671731567382812500e+01
-9.671731567382812500e+01
-9.671731567382812500e+01
-9.671731567382812500e+01
-9.671731567382812500e+01
-9.671731567382812500e+01
-9.671731567382812500e+01
-9.671731567382812500e+01
-9.671731567382812500e+01
-9.671731567382812500e+01
-9.671731567382812500e+01
-9.671731567382812500e+01
-9.671731567382812500e+01
-9.671731567382812500e+01
-9.671731567382812500e+01
-9.671731567382812500e+01
-9.671731567382812500e+01
-9.671731567382812500e+01
-9.671731567382812500e+01
-9.671731567382812500e+01
-9.671731567382812500e+01
-9.671731567382812500e+01
-9.671731567382812500e+01
-9.671731567382812500e+01
-9.671731567382812500e+01
-9.671731567382812500e+01
-9.671731567382812500e+01
-9.671731567382812500e+01
-9.671731567382812500e+01
-9.671731567382812500e+01
-9.671731567382812500e+01
-9.671731567382812500e+01
-9.671731567382812500e+01
-9.671731567382812500e+01
-9.671731567382812500e+01
-9.671731567382812500e+01
-9.671731567382812500e+01
-9.671731567382812500e+01
-9.671731567382812500e+01
-9.671731567382812500e+01
-9.671731567382812500e+01
-9.671731567382812500e+01
-9.671731567382812500e+01
-9.671731567382812500e+01
-9.671731567382812500e+01
-9.671731567382812500e+01
-9.671731567382812500e+01
-9.671731567382812500e+01
-9.671731567382812500e+01
-9.671731567382812500e+01
-9.671731567382812500e+01
-9.671731567382812500e+01
-9.671731567382812500e+01
-9.671731567382812500e+01
-9.671731567382812500e+01
-9.671731567382812500e+01
-9.671731567382812500e+01
-9.671731567382812500e+01
-9.671731567382812500e+01
-9.671731567382812500e+01
-9.671731567382812500e+01
-9.671731567382812500e+01
-9.671731567382812500e+01
-9.671731567382812500e+01
-9.671731567382812500e+01
-9.671731567382812500e+01
-9.671731567382812500e+01
-9.671731567382812500e+01
-9.671731567382812500e+01
-9.671731567382812500e+01
-9.671731567382812500e+01
-9.671731567382812500e+01
-9.671731567382812500e+01
-9.671731567382812500e+01
-9.671731567382812500e+01
-9.671731567382812500e+01
-9.671731567382812500e+01
-9.671731567382812500e+01
-9.671731567382812500e+01
-9.671731567382812500e+01
-9.671731567382812500e+01
-9.671731567382812500e+01
-9.671731567382812500e+01
-9.671731567382812500e+01
-9.671731567382812500e+01
-9.671731567382812500e+01
-9.671731567382812500e+01
-9.671731567382812500e+01
-9.671731567382812500e+01
-9.671731567382812500e+01
-9.671731567382812500e+01
-9.671731567382812500e+01
-9.671731567382812500e+01
-9.671731567382812500e+01
-9.671731567382812500e+01
-9.671731567382812500e+01
-9.671731567382812500e+01
-9.671731567382812500e+01
-9.671731567382812500e+01
-9.671731567382812500e+01
-9.671731567382812500e+01
-9.671731567382812500e+01
-9.671731567382812500e+01
-9.671731567382812500e+01
-9.671731567382812500e+01
-9.671731567382812500e+01
-9.671731567382812500e+01
-9.671731567382812500e+01
-9.671731567382812500e+01
-9.671731567382812500e+01
-9.671731567382812500e+01
-9.671731567382812500e+01
-9.671731567382812500e+01
-9.671731567382812500e+01
-9.671731567382812500e+01
-9.671731567382812500e+01
-9.671731567382812500e+01
-9.671731567382812500e+01
-9.671731567382812500e+01
-9.671731567382812500e+01
-9.671731567382812500e+01
-9.671731567382812500e+01
-9.671731567382812500e+01
-9.671731567382812500e+01
-9.671731567382812500e+01
-9.671731567382812500e+01
-9.671731567382812500e+01
-9.671731567382812500e+01
-9.671731567382812500e+01
-9.671731567382812500e+01
-9.671731567382812500e+01
-9.671731567382812500e+01
-9.671731567382812500e+01
-9.671731567382812500e+01
-9.671731567382812500e+01
-9.671731567382812500e+01
-9.671731567382812500e+01
-9.671731567382812500e+01
-9.671731567382812500e+01
-9.671731567382812500e+01
-9.671731567382812500e+01
-9.671731567382812500e+01
-9.671731567382812500e+01
-9.671731567382812500e+01
-9.671731567382812500e+01
-9.671731567382812500e+01
-9.671731567382812500e+01
-9.671731567382812500e+01
-9.671731567382812500e+01
-9.671731567382812500e+01
-9.671731567382812500e+01
-9.671731567382812500e+01
-9.671731567382812500e+01
-9.671731567382812500e+01
-9.671731567382812500e+01
-9.671731567382812500e+01
-9.671731567382812500e+01
-9.671731567382812500e+01
-9.671731567382812500e+01
-9.671731567382812500e+01
-9.671731567382812500e+01
-9.671731567382812500e+01
-9.671731567382812500e+01
-9.671731567382812500e+01
-9.671731567382812500e+01
-9.671731567382812500e+01
-9.671731567382812500e+01
-9.671731567382812500e+01
-9.671731567382812500e+01
-9.671731567382812500e+01
-9.671731567382812500e+01
-9.671731567382812500e+01
-9.671731567382812500e+01
-9.671731567382812500e+01
-9.671731567382812500e+01
-9.671731567382812500e+01
-9.671731567382812500e+01
-9.671731567382812500e+01
-9.671731567382812500e+01
-9.671731567382812500e+01
-9.671731567382812500e+01
-9.671731567382812500e+01
-9.671731567382812500e+01
-9.671731567382812500e+01
-9.671731567382812500e+01
-9.671731567382812500e+01
-9.671731567382812500e+01
-9.671731567382812500e+01
-9.671731567382812500e+01
-9.671731567382812500e+01
-9.671731567382812500e+01
-9.671731567382812500e+01
-9.671731567382812500e+01
-9.671731567382812500e+01
-9.671731567382812500e+01
-9.671731567382812500e+01
-9.671731567382812500e+01
-9.671731567382812500e+01
-9.671731567382812500e+01
-9.671731567382812500e+01
-9.671731567382812500e+01
-9.671731567382812500e+01
-9.671731567382812500e+01
-9.671731567382812500e+01
-9.671731567382812500e+01
-9.671731567382812500e+01
-9.671731567382812500e+01
-9.671731567382812500e+01
-9.671731567382812500e+01
-9.671731567382812500e+01
-9.671731567382812500e+01
-9.671731567382812500e+01
-9.671731567382812500e+01
-9.671731567382812500e+01
-9.671731567382812500e+01
-9.671731567382812500e+01
-9.671731567382812500e+01
-9.671731567382812500e+01
-9.671731567382812500e+01
-9.671731567382812500e+01
-9.671731567382812500e+01
-9.671731567382812500e+01
-9.671731567382812500e+01
-9.671731567382812500e+01
-9.671731567382812500e+01
-9.671731567382812500e+01
-9.671731567382812500e+01
-9.671731567382812500e+01
-9.671731567382812500e+01
-9.671731567382812500e+01
-9.671731567382812500e+01
-9.671731567382812500e+01
-9.671731567382812500e+01
-9.671731567382812500e+01
-9.671731567382812500e+01
-9.671731567382812500e+01
-9.671731567382812500e+01
-9.671731567382812500e+01
-9.671731567382812500e+01
-9.671731567382812500e+01
-9.671731567382812500e+01
-9.671731567382812500e+01
-9.671731567382812500e+01
-9.671731567382812500e+01
-9.671731567382812500e+01
-9.671731567382812500e+01
-9.671731567382812500e+01
-9.671731567382812500e+01
-9.671731567382812500e+01
-9.671731567382812500e+01
-9.671731567382812500e+01
-9.671731567382812500e+01
-9.671731567382812500e+01
-9.671731567382812500e+01
-9.671731567382812500e+01
-9.671731567382812500e+01
-9.671731567382812500e+01
-9.671731567382812500e+01
-9.671731567382812500e+01
-9.671731567382812500e+01
-9.671731567382812500e+01
-9.671731567382812500e+01
-9.671731567382812500e+01
-9.671731567382812500e+01
-9.671731567382812500e+01
-9.671731567382812500e+01
-9.671731567382812500e+01
-9.671731567382812500e+01
-9.671731567382812500e+01
-9.671731567382812500e+01
-9.671731567382812500e+01
-9.671731567382812500e+01
-9.671731567382812500e+01
-9.671731567382812500e+01
-9.671731567382812500e+01
-9.671731567382812500e+01
-9.671731567382812500e+01
-9.671731567382812500e+01
-9.671731567382812500e+01
-9.671731567382812500e+01
-9.671731567382812500e+01
-9.671731567382812500e+01
-9.671731567382812500e+01
-9.671731567382812500e+01
-9.671731567382812500e+01
-9.671731567382812500e+01
-9.671731567382812500e+01
-9.671731567382812500e+01
-9.671731567382812500e+01
-9.671731567382812500e+01
-9.671731567382812500e+01
-9.671731567382812500e+01
-9.671731567382812500e+01
-9.671731567382812500e+01
-9.671731567382812500e+01
-9.671731567382812500e+01
-9.671731567382812500e+01
-9.671731567382812500e+01
-9.671731567382812500e+01
-9.671731567382812500e+01
-9.671731567382812500e+01
-9.671731567382812500e+01
-9.671731567382812500e+01
-9.671731567382812500e+01
-9.671731567382812500e+01
-9.671731567382812500e+01
-9.671731567382812500e+01
-9.671731567382812500e+01
-9.671731567382812500e+01
-9.671731567382812500e+01
-9.671731567382812500e+01
-9.671731567382812500e+01
-9.671731567382812500e+01
-9.671731567382812500e+01
-9.671731567382812500e+01
-9.671731567382812500e+01
-9.671731567382812500e+01
-9.671731567382812500e+01
-9.671731567382812500e+01
-9.671731567382812500e+01
-9.671731567382812500e+01
-9.671731567382812500e+01
-9.671731567382812500e+01
-9.671731567382812500e+01
-9.671731567382812500e+01
-9.671731567382812500e+01
-9.671731567382812500e+01
-9.671731567382812500e+01
-9.671731567382812500e+01
-9.671731567382812500e+01
-9.671731567382812500e+01
-9.671731567382812500e+01
-9.671731567382812500e+01
-9.671731567382812500e+01
-9.671731567382812500e+01
-9.671731567382812500e+01
-9.671731567382812500e+01
-9.671731567382812500e+01
-9.671731567382812500e+01
-9.671731567382812500e+01
-9.671731567382812500e+01
-9.671731567382812500e+01
-9.671731567382812500e+01
-9.671731567382812500e+01
-9.671731567382812500e+01
-9.671731567382812500e+01
-9.671731567382812500e+01
-9.671731567382812500e+01
-9.671731567382812500e+01
-9.671731567382812500e+01
-9.671731567382812500e+01
-9.671731567382812500e+01
-9.671731567382812500e+01
-9.671731567382812500e+01
-9.671731567382812500e+01
-9.671731567382812500e+01
-9.671731567382812500e+01
-9.671731567382812500e+01
-9.671731567382812500e+01
-9.671731567382812500e+01
-9.671731567382812500e+01
-9.671731567382812500e+01
-9.671731567382812500e+01
-9.671731567382812500e+01
-9.671731567382812500e+01
-9.671731567382812500e+01
-9.671731567382812500e+01
-9.671731567382812500e+01
-9.671731567382812500e+01
-9.671731567382812500e+01
-9.671731567382812500e+01
-9.671731567382812500e+01
-9.671731567382812500e+01
-9.671731567382812500e+01
-9.671731567382812500e+01
-9.671731567382812500e+01
-9.671731567382812500e+01
-9.671731567382812500e+01
-9.671731567382812500e+01
-9.671731567382812500e+01
-9.671731567382812500e+01
-9.671731567382812500e+01
-9.671731567382812500e+01
-9.671731567382812500e+01
-9.671731567382812500e+01
-9.671731567382812500e+01
-9.671731567382812500e+01
-9.671731567382812500e+01
-9.671731567382812500e+01
-9.671731567382812500e+01
-9.671731567382812500e+01
-9.671731567382812500e+01
-9.671731567382812500e+01
-9.671731567382812500e+01
-9.671731567382812500e+01
-9.671731567382812500e+01
-9.671731567382812500e+01
-9.671731567382812500e+01
-9.671731567382812500e+01
-9.671731567382812500e+01
-9.671731567382812500e+01
-9.671731567382812500e+01
-9.671731567382812500e+01
-9.671731567382812500e+01
-9.671731567382812500e+01
-9.671731567382812500e+01
-9.671731567382812500e+01
-9.671731567382812500e+01
-9.671731567382812500e+01
-9.671731567382812500e+01
-9.671731567382812500e+01
-9.671731567382812500e+01
-9.671731567382812500e+01
-9.671731567382812500e+01
-9.671731567382812500e+01
-9.671731567382812500e+01
-9.671731567382812500e+01
-9.671731567382812500e+01
-9.671731567382812500e+01
-9.671731567382812500e+01
-9.671731567382812500e+01
-9.671731567382812500e+01
-9.671731567382812500e+01
-9.671731567382812500e+01
-9.671731567382812500e+01
-9.671731567382812500e+01
-9.671731567382812500e+01
-9.671731567382812500e+01
-9.671731567382812500e+01
-9.671731567382812500e+01
-9.671731567382812500e+01
-9.671731567382812500e+01
-9.671731567382812500e+01
-9.671731567382812500e+01
-9.671731567382812500e+01
-9.671731567382812500e+01
-9.671731567382812500e+01
-9.671731567382812500e+01
-9.671731567382812500e+01
-9.671731567382812500e+01
-9.671731567382812500e+01
-9.671731567382812500e+01
-9.671731567382812500e+01
-9.671731567382812500e+01
-9.671731567382812500e+01
-9.671731567382812500e+01
-9.671731567382812500e+01
-9.671731567382812500e+01
-9.671731567382812500e+01
-9.671731567382812500e+01
-9.671731567382812500e+01
-9.671731567382812500e+01
-9.671731567382812500e+01
-9.671731567382812500e+01
-9.671731567382812500e+01
-9.671731567382812500e+01
-9.671731567382812500e+01
-9.671731567382812500e+01
-9.671731567382812500e+01
-9.671731567382812500e+01
-9.671731567382812500e+01
-9.671731567382812500e+01
-9.671731567382812500e+01
-9.671731567382812500e+01
-9.671731567382812500e+01
-9.671731567382812500e+01
-9.671731567382812500e+01
-9.671731567382812500e+01
-9.671731567382812500e+01
-9.671731567382812500e+01
-9.671731567382812500e+01
-9.671731567382812500e+01
-9.671731567382812500e+01
-9.671731567382812500e+01
-9.671731567382812500e+01
-9.671731567382812500e+01
-9.671731567382812500e+01
-9.671731567382812500e+01
-9.671731567382812500e+01
-9.671731567382812500e+01
-9.671731567382812500e+01
-9.671731567382812500e+01
-9.671731567382812500e+01
-9.671731567382812500e+01
-9.671731567382812500e+01
-9.671731567382812500e+01
-9.671731567382812500e+01
-9.671731567382812500e+01
-9.671731567382812500e+01
-9.671731567382812500e+01
-9.671731567382812500e+01
-9.671731567382812500e+01
-9.671731567382812500e+01
-9.671731567382812500e+01
-9.671731567382812500e+01
-9.671731567382812500e+01
-9.671731567382812500e+01
-9.671731567382812500e+01
-9.671731567382812500e+01
-9.671731567382812500e+01
-9.671731567382812500e+01
-9.671731567382812500e+01
-9.671731567382812500e+01
-9.671731567382812500e+01
-9.671731567382812500e+01
-9.671731567382812500e+01
-9.671731567382812500e+01
-9.671731567382812500e+01
-9.671731567382812500e+01
-9.671731567382812500e+01
-9.671731567382812500e+01
-9.671731567382812500e+01
-9.671731567382812500e+01
-9.671731567382812500e+01
-9.671731567382812500e+01
-9.671731567382812500e+01
-9.671731567382812500e+01
-9.671731567382812500e+01
-9.671731567382812500e+01
-9.671731567382812500e+01
-9.671731567382812500e+01
-9.671731567382812500e+01
-9.671731567382812500e+01
-9.671731567382812500e+01
-9.671731567382812500e+01
-9.671731567382812500e+01
-9.671731567382812500e+01
-9.671731567382812500e+01
-9.671731567382812500e+01
-9.671731567382812500e+01
-9.671731567382812500e+01
-9.671731567382812500e+01
-9.671731567382812500e+01
-9.671731567382812500e+01
-9.671731567382812500e+01
-9.671731567382812500e+01
-9.671731567382812500e+01
-9.671731567382812500e+01
-9.671731567382812500e+01
-9.671731567382812500e+01
-9.671731567382812500e+01
-9.671731567382812500e+01
-9.671731567382812500e+01
-9.671731567382812500e+01
-9.671731567382812500e+01
-9.671731567382812500e+01
-9.671731567382812500e+01
-9.671731567382812500e+01
-9.671731567382812500e+01
-9.671731567382812500e+01
-9.671731567382812500e+01
-9.671731567382812500e+01
-9.671731567382812500e+01
-9.671731567382812500e+01
-9.671731567382812500e+01
-9.671731567382812500e+01
-9.671731567382812500e+01
-9.671731567382812500e+01
-9.671731567382812500e+01
-9.671731567382812500e+01
-9.671731567382812500e+01
-9.671731567382812500e+01
-9.671731567382812500e+01
-9.671731567382812500e+01
-9.671731567382812500e+01
-9.671731567382812500e+01
-9.671731567382812500e+01
-9.671731567382812500e+01
-9.671731567382812500e+01
-9.671731567382812500e+01
-9.671731567382812500e+01
-9.671731567382812500e+01
-9.671731567382812500e+01
-9.671731567382812500e+01
-9.671731567382812500e+01
-9.671731567382812500e+01
-9.671731567382812500e+01
-9.671731567382812500e+01
-9.671731567382812500e+01
-9.671731567382812500e+01
-9.671731567382812500e+01
-9.671731567382812500e+01
-9.671731567382812500e+01
-9.671731567382812500e+01
-9.671731567382812500e+01
-9.671731567382812500e+01
-9.671731567382812500e+01
-9.671731567382812500e+01
-9.671731567382812500e+01
-9.671731567382812500e+01
-9.671731567382812500e+01
-9.671731567382812500e+01
-9.671731567382812500e+01
-9.671731567382812500e+01
-9.671731567382812500e+01
-9.671731567382812500e+01
-9.671731567382812500e+01
-9.671731567382812500e+01
-9.671731567382812500e+01
-9.671731567382812500e+01
-9.671731567382812500e+01
-9.671731567382812500e+01
-9.671731567382812500e+01
-9.671731567382812500e+01
-9.671731567382812500e+01
-9.671731567382812500e+01
-9.671731567382812500e+01
-9.671731567382812500e+01
-9.671731567382812500e+01
-9.671731567382812500e+01
-9.671731567382812500e+01
-9.671731567382812500e+01
-9.671731567382812500e+01
-9.671731567382812500e+01
-9.671731567382812500e+01
-9.671731567382812500e+01
-9.671731567382812500e+01
-9.671731567382812500e+01
-9.671731567382812500e+01
-9.671731567382812500e+01
-9.671731567382812500e+01
-9.671731567382812500e+01
-9.671731567382812500e+01
-9.671731567382812500e+01
-9.671731567382812500e+01
-9.671731567382812500e+01
-9.671731567382812500e+01
-9.671731567382812500e+01
-9.671731567382812500e+01
-9.671731567382812500e+01
-9.671731567382812500e+01
-9.671731567382812500e+01
