-2.913570559895586332e+00
-2.913570451632487401e+00
-2.913570126843183949e+00
-2.913569585527658212e+00
-2.913568827685879103e+00
-2.913567853317803547e+00
-2.913566662423376918e+00
-2.913565255002530829e+00
-2.913563631055185787e+00
-2.913561790581249866e+00
-2.913559733580618261e+00
-2.913557460053175063e+00
-2.913554969998791044e+00
-2.913552263417324539e+00
-2.913549340308622781e+00
-2.913546200672520126e+00
-2.913542844508838048e+00
-2.913539271817386922e+00
-2.913535482597964243e+00
-2.913531476850355073e+00
-2.913527254574332481e+00
-2.913522815769657548e+00
-2.913518160436079363e+00
-2.913513288573333693e+00
-2.913508200181145202e+00
-2.913502895259225678e+00
-2.913497373807274915e+00
-2.913491635824980719e+00
-2.913485681312018905e+00
-2.913479510268051964e+00
-2.913473122692731732e+00
-2.913466518585697163e+00
-2.913459697946574778e+00
-2.913452660774979108e+00
-2.913445407070513582e+00
-2.913437936832767861e+00
-2.913430250061320503e+00
-2.913422346755738079e+00
-2.913414226915574279e+00
-2.913405890540371690e+00
-2.913397337629660022e+00
-2.913388568182957439e+00
-2.913379582199769668e+00
-2.913370379679590894e+00
-2.913360960621902862e+00
-2.913351325026175775e+00
-2.913341472891866957e+00
-2.913331404218422627e+00
-2.913321119005277460e+00
-2.913310617251852364e+00
-2.913299898957558032e+00
-2.913288964121792723e+00
-2.913277812743942707e+00
-2.913266444823381818e+00
-2.913254860359473231e+00
-2.913243059351567243e+00
-2.913231041799003052e+00
-2.913218807701107416e+00
-2.913206357057195550e+00
-2.913193689866570679e+00
-2.913180806128524480e+00
-2.913167705842337529e+00
-2.913154389007277079e+00
-2.913140855622599723e+00
-2.913127105687550511e+00
-2.913113139201362500e+00
-2.913098956163256759e+00
-2.913084556572443251e+00
-2.913069940428119953e+00
-2.913055107729473292e+00
-2.913040058475678595e+00
-2.913024792665898755e+00
-2.913009310299286447e+00
-2.912993611374981029e+00
-2.912977695892111640e+00
-2.912961563849795876e+00
-2.912945215247139341e+00
-2.912928650083236537e+00
-2.912911868357170864e+00
-2.912894870068013287e+00
-2.912877655214825001e+00
-2.912860223796654768e+00
-2.912842575812539803e+00
-2.912824711261506661e+00
-2.912806630142570352e+00
-2.912788332454735230e+00
-2.912769818196993654e+00
-2.912751087368327330e+00
-2.912732139967705969e+00
-2.912712975994089515e+00
-2.912693595446425476e+00
-2.912673998323651148e+00
-2.912654184624692277e+00
-2.912634154348463955e+00
-2.912613907493870169e+00
-2.912593444059803804e+00
-2.912572764045146645e+00
-2.912551867448769816e+00
-2.912530754269533340e+00
-2.912509424506287470e+00
-2.912487878157869581e+00
-2.912466115223108165e+00
-2.912444135700819725e+00
-2.912421939589810549e+00
-2.912399526888876711e+00
-2.912376897596802294e+00
-2.912354051712361613e+00
-2.912330989234318768e+00
-2.912307710161426311e+00
-2.912284214492426582e+00
-2.912260502226052150e+00
-2.912236573361023595e+00
-2.912212427896053057e+00
-2.912188065829840244e+00
-2.912163487161075537e+00
-2.912138691888438657e+00
-2.912113680010600003e+00
-2.912088451526217980e+00
-2.912063006433941670e+00
-2.912037344732410382e+00
-2.912011466420252770e+00
-2.911985371496086827e+00
-2.911959059958521223e+00
-2.911932531806154856e+00
-2.911905787037575077e+00
-2.911878825651361247e+00
-2.911851647646080732e+00
-2.911824253020292907e+00
-2.911796641772546046e+00
-2.911768813901378650e+00
-2.911740769405320339e+00
-2.911712508282889633e+00
-2.911684030532596168e+00
-2.911655336152940254e+00
-2.911626425142411545e+00
-2.911597297499491255e+00
-2.911567953222649496e+00
-2.911538392310348389e+00
-2.911508614761039393e+00
-2.911478620573165976e+00
-2.911448409745160504e+00
-2.911417982275447347e+00
-2.911387338162440663e+00
-2.911356477404545728e+00
-2.911325400000158936e+00
-2.911294105947666466e+00
-2.911262595245446949e+00
-2.911230867891868357e+00
-2.911198923885290224e+00
-2.911166763224063647e+00
-2.911134385906529509e+00
-2.911101791931021143e+00
-2.911068981295862113e+00
-2.911035953999367099e+00
-2.911002710039842789e+00
-2.910969249415586546e+00
-2.910935572124886850e+00
-2.910901678166024187e+00
-2.910867567537270162e+00
-2.910833240236887498e+00
-2.910798696263130925e+00
-2.910763935614246289e+00
-2.910728958288471890e+00
-2.910693764284036256e+00
-2.910658353599161252e+00
-2.910622726232058977e+00
-2.910586882180933976e+00
-2.910550821443983249e+00
-2.910514544019394467e+00
-2.910478049905348641e+00
-2.910441339100017455e+00
-2.910404411601565045e+00
-2.910367267408148440e+00
-2.910329906517915788e+00
-2.910292328929008132e+00
-2.910254534639558521e+00
-2.910216523647692011e+00
-2.910178295951526550e+00
-2.910139851549172096e+00
-2.910101190438731500e+00
-2.910062312618299618e+00
-2.910023218085964203e+00
-2.909983906839805456e+00
-2.909944378877896920e+00
-2.909904634198304141e+00
-2.909864672799085561e+00
-2.909824494678292517e+00
-2.909784099833969684e+00
-2.909743488264153743e+00
-2.909702659966876048e+00
-2.909661614940159069e+00
-2.909620353182019503e+00
-2.909578874690467831e+00
-2.909537179463506096e+00
-2.909495267499131010e+00
-2.909453138795332627e+00
-2.909410793350093449e+00
-2.909368231161390206e+00
-2.909325452227193409e+00
-2.909282456545466466e+00
-2.909239244114167011e+00
-2.909195814931246460e+00
-2.909152168994649124e+00
-2.909108306302314428e+00
-2.909064226852174251e+00
-2.909019930642156027e+00
-2.908975417670180530e+00
-2.908930687934161874e+00
-2.908885741432009731e+00
-2.908840578161627111e+00
-2.908795198120911252e+00
-2.908749601307754507e+00
-2.908703787720042566e+00
-2.908657757355656237e+00
-2.908611510212471440e+00
-2.908565046288356992e+00
-2.908518365581178156e+00
-2.908471468088794420e+00
-2.908424353809059060e+00
-2.908377022739821793e+00
-2.908329474878926568e+00
-2.908281710224211558e+00
-2.908233728773510940e+00
-2.908185530524654006e+00
-2.908137115475465162e+00
-2.908088483623763931e+00
-2.908039634967365394e+00
-2.907990569504079303e+00
-2.907941287231711858e+00
-2.907891788148064371e+00
-2.907842072250933274e+00
-2.907792139538112330e+00
-2.907741990007389088e+00
-2.907691623656547542e+00
-2.907641040483368577e+00
-2.907590240485627753e+00
-2.907539223661097516e+00
-2.907487990007545875e+00
-2.907436539522736840e+00
-2.907384872204431758e+00
-2.907332988050387534e+00
-2.907280887058357077e+00
-2.907228569226090187e+00
-2.907176034551333554e+00
-2.907123283031830763e+00
-2.907070314665320065e+00
-2.907017129449539272e+00
-2.906963727382220863e+00
-2.906910108461095543e+00
-2.906856272683890463e+00
-2.906802220048329222e+00
-2.906747950552134085e+00
-2.906693464193022880e+00
-2.906638760968712543e+00
-2.906583840876915126e+00
-2.906528703915342682e+00
-2.906473350081702378e+00
-2.906417779373700050e+00
-2.906361991789040200e+00
-2.906305987325423779e+00
-2.906249765980549071e+00
-2.906193327752114364e+00
-2.906136672637813501e+00
-2.906079800635340771e+00
-2.906022711742386466e+00
-2.905965405956640879e+00
-2.905907883275791193e+00
-2.905850143697523702e+00
-2.905792187219523814e+00
-2.905734013839473828e+00
-2.905675623555056042e+00
-2.905617016363950977e+00
-2.905558192263838269e+00
-2.905499151252396217e+00
-2.905439893327301348e+00
-2.905380418486231076e+00
-2.905320726726860148e+00
-2.905260818046863758e+00
-2.905200692443915322e+00
-2.905140349915688258e+00
-2.905079790459855982e+00
-2.905019014074090133e+00
-2.904958020756063242e+00
-2.904896810503446947e+00
-2.904835383313912889e+00
-2.904773739185132264e+00
-2.904711878114776713e+00
-2.904649800100518320e+00
-2.904587505140027837e+00
-2.904524993230977792e+00
-2.904462264371040270e+00
-2.904399318557888243e+00
-2.904336155789194684e+00
-2.904272776062633454e+00
-2.904209179375879302e+00
-2.904145365726607420e+00
-2.904081335112493889e+00
-2.904017087531216124e+00
-2.903952622980451537e+00
-2.903887941457880650e+00
-2.903823042961183098e+00
-2.903757927488040735e+00
-2.903692595036137636e+00
-2.903627045603157875e+00
-2.903561279186788635e+00
-2.903495295784717101e+00
-2.903429095394633563e+00
-2.903362678014230092e+00
-2.903296043641200086e+00
-2.903229192273239168e+00
-2.903162123908045622e+00
-2.903094838543319955e+00
-2.903027336176764006e+00
-2.902959616806082721e+00
-2.902891680428984600e+00
-2.902823527043179030e+00
-2.902755156646379398e+00
-2.902686569236300862e+00
-2.902617764810662138e+00
-2.902548743367185491e+00
-2.902479504903595409e+00
-2.902410049417619931e+00
-2.902340376906989761e+00
-2.902270487369440488e+00
-2.902200380802710367e+00
-2.902130057204540314e+00
-2.902059516572676579e+00
-2.901988758904868515e+00
-2.901917784198869033e+00
-2.901846592452435480e+00
-2.901775183663329649e+00
-2.901703557829316882e+00
-2.901631714948166518e+00
-2.901559655017653228e+00
-2.901487378035556119e+00
-2.901414883999658301e+00
-2.901342172907748207e+00
-2.901269244757617827e+00
-2.901196099547066254e+00
-2.901122737273895247e+00
-2.901049157935913669e+00
-2.900975361530934382e+00
-2.900901348056776019e+00
-2.900827117511262099e+00
-2.900752669892222801e+00
-2.900678005197493192e+00
-2.900603123424913665e+00
-2.900528024572331720e+00
-2.900452708637599741e+00
-2.900377175618576775e+00
-2.900301425513127640e+00
-2.900225458319123373e+00
-2.900149274034441671e+00
-2.900072872656967338e+00
-2.899996254184590505e+00
-2.899919418615208855e+00
-2.899842365946726730e+00
-2.899765096177055135e+00
-2.899687609304112179e+00
-2.899609905325823966e+00
-2.899531984240122817e+00
-2.899453846044948602e+00
-2.899375490738249184e+00
-2.899296918317979088e+00
-2.899218128782101722e+00
-2.899139122128587154e+00
-2.899059898355414333e+00
-2.898980457460569760e+00
-2.898900799442047926e+00
-2.898820924297851764e+00
-2.898740832025993086e+00
-2.898660522624491254e+00
-2.898579996091374511e+00
-2.898499252424680428e+00
-2.898418291622454568e+00
-2.898337113682752264e+00
-2.898255718603637288e+00
-2.898174106383182291e+00
-2.898092277019470142e+00
-2.898010230510592589e+00
-2.897927966854650705e+00
-2.897845486049755781e+00
-2.897762788094027986e+00
-2.897679872985598148e+00
-2.897596740722606423e+00
-2.897513391303204067e+00
-2.897429824725551661e+00
-2.897346040987820004e+00
-2.897262040088190993e+00
-2.897177822024856741e+00
-2.897093386796020020e+00
-2.897008734399894703e+00
-2.896923864834705320e+00
-2.896838778098687062e+00
-2.896753474190087552e+00
-2.896667953107164628e+00
-2.896582214848187675e+00
-2.896496259411437624e+00
-2.896410086795207395e+00
-2.896323696997801012e+00
-2.896237090017535376e+00
-2.896150265852738492e+00
-2.896063224501751243e+00
-2.895975965962926058e+00
-2.895888490234628243e+00
-2.895800797315235542e+00
-2.895712887203138131e+00
-2.895624759896738620e+00
-2.895536415394453833e+00
-2.895447853694712581e+00
-2.895359074795956555e+00
-2.895270078696640770e+00
-2.895180865395234893e+00
-2.895091434890220583e+00
-2.895001787180093711e+00
-2.894911922263363913e+00
-2.894821840138555036e+00
-2.894731540804204251e+00
-2.894641024258862938e+00
-2.894550290501098022e+00
-2.894459339529488862e+00
-2.894368171342630802e+00
-2.894276785939133401e+00
-2.894185183317621313e+00
-2.894093363476732961e+00
-2.894001326415122755e+00
-2.893909072131461091e+00
-2.893816600624431690e+00
-2.893723911892735146e+00
-2.893631005935087153e+00
-2.893537882750219392e+00
-2.893444542336879088e+00
-2.893350984693829009e+00
-2.893257209819849241e+00
-2.893163217713734969e+00
-2.893069008374298701e+00
-2.892974581800368039e+00
-2.892879937990788353e+00
-2.892785076944421441e+00
-2.892689998660146422e+00
-2.892594703136858403e+00
-2.892499190373470697e+00
-2.892403460368913493e+00
-2.892307513122134743e+00
-2.892211348632098833e+00
-2.892114966897789685e+00
-2.892018367918207211e+00
-2.891921551692370862e+00
-2.891824518219316964e+00
-2.891727267498100495e+00
-2.891629799527795530e+00
-2.891532114307493906e+00
-2.891434211836306556e+00
-2.891336092113362177e+00
-2.891237755137809895e+00
-2.891139200908817486e+00
-2.891040429425570935e+00
-2.890941440687276653e+00
-2.890842234693160595e+00
-2.890742811442467808e+00
-2.890643170934463324e+00
-2.890543313168431716e+00
-2.890443238143678872e+00
-2.890342945859529333e+00
-2.890242436315328511e+00
-2.890141709510443135e+00
-2.890040765444259918e+00
-2.889939604116185556e+00
-2.889838225525649396e+00
-2.889736629672100321e+00
-2.889634816555008978e+00
-2.889532786173867773e+00
-2.889430538528189985e+00
-2.889328073617510650e+00
-2.889225391441387014e+00
-2.889122491999397191e+00
-2.889019375291143277e+00
-2.888916041316247796e+00
-2.888812490074355921e+00
-2.888708721565136361e+00
-2.888604735788279587e+00
-2.888500532743498717e+00
-2.888396112430530849e+00
-2.888291474849134843e+00
-2.888186619999093985e+00
-2.888081547880214650e+00
-2.887976258492325865e+00
-2.887870751835281524e+00
-2.887765027908959059e+00
-2.887659086713259882e+00
-2.887552928248108497e+00
-2.887446552513455611e+00
-2.887339959509275022e+00
-2.887233149235565399e+00
-2.887126121692350278e+00
-2.887018876879678064e+00
-2.886911414797622477e+00
-2.886803735446281660e+00
-2.886695838825780402e+00
-2.886587724936267030e+00
-2.886479393777917846e+00
-2.886370845350933134e+00
-2.886262079655540269e+00
-2.886153096691991937e+00
-2.886043896460567471e+00
-2.885934478961573291e+00
-2.885824844195340688e+00
-2.885714992162229819e+00
-2.885604922862625710e+00
-2.885494636296942250e+00
-2.885384132465618645e+00
-2.885273411369123409e+00
-2.885162473007951256e+00
-2.885051317382625324e+00
-2.884939944493695840e+00
-2.884828354341741008e+00
-2.884716546927368341e+00
-2.884604522251212888e+00
-2.884492280313937229e+00
-2.884379821116234588e+00
-2.884267144658824833e+00
-2.884154250942458919e+00
-2.884041139967914891e+00
-2.883927811736001434e+00
-2.883814266247556102e+00
-2.883700503503445756e+00
-2.883586523504567900e+00
-2.883472326251848905e+00
-2.883357911746245783e+00
-2.883243279988745744e+00
-2.883128430980366641e+00
-2.883013364722156080e+00
-2.882898081215192754e+00
-2.882782580460586441e+00
-2.882666862459478008e+00
-2.882550927213038960e+00
-2.882434774722473225e+00
-2.882318404989014926e+00
-2.882201818013930605e+00
-2.882085013798519224e+00
-2.881967992344109941e+00
-2.881850753652066555e+00
-2.881733297723783060e+00
-2.881615624560687650e+00
-2.881497734164239599e+00
-2.881379626535931937e+00
-2.881261301677291442e+00
-2.881142759589876423e+00
-2.881024000275279828e+00
-2.880905023735127468e+00
-2.880785829971079348e+00
-2.880666418984828336e+00
-2.880546790778102828e+00
-2.880426945352664525e+00
-2.880306882710308880e+00
-2.880186602852867317e+00
-2.880066105782204566e+00
-2.879945391500221774e+00
-2.879824460008853393e+00
-2.879703311310070291e+00
-2.879581945405878418e+00
-2.879460362298319254e+00
-2.879338561989469358e+00
-2.879216544481443041e+00
-2.879094309776388361e+00
-2.878971857876491125e+00
-2.878849188783973112e+00
-2.878726302501092960e+00
-2.878603199030145277e+00
-2.878479878373462864e+00
-2.878356340533414492e+00
-2.878232585512406683e+00
-2.878108613312883257e+00
-2.877984423937326230e+00
-2.877860017388254921e+00
-2.877735393668226394e+00
-2.877610552779836350e+00
-2.877485494725718684e+00
-2.877360219508545924e+00
-2.877234727131028791e+00
-2.877109017595917528e+00
-2.876983090906001461e+00
-2.876856947064108105e+00
-2.876730586073105389e+00
-2.876604007935900320e+00
-2.876477212655440319e+00
-2.876350200234711441e+00
-2.876222970676741930e+00
-2.876095523984597779e+00
-2.875967860161387168e+00
-2.875839979210258690e+00
-2.875711881134401793e+00
-2.875583565937045893e+00
-2.875455033621463485e+00
-2.875326284190966142e+00
-2.875197317648909401e+00
-2.875068133998688769e+00
-2.874938733243741940e+00
-2.874809115387549685e+00
-2.874679280433634077e+00
-2.874549228385559818e+00
-2.874418959246934691e+00
-2.874288473021408663e+00
-2.874157769712675670e+00
-2.874026849324471833e+00
-2.873895711860576796e+00
-2.873764357324814611e+00
-2.873632785721052407e+00
-2.873500997053201278e+00
-2.873368991325216282e+00
-2.873236768541096886e+00
-2.873104328704887855e+00
-2.872971671820677919e+00
-2.872838797892600216e+00
-2.872705706924833180e+00
-2.872572398921601433e+00
-2.872438873887174449e+00
-2.872305131825866553e+00
-2.872171172742038703e+00
-2.872036996640097595e+00
-2.871902603524496111e+00
-2.871767993399734209e+00
-2.871633166270357140e+00
-2.871498122140957232e+00
-2.871362861016174772e+00
-2.871227382900695790e+00
-2.871091687799254721e+00
-2.870955775716632630e+00
-2.870819646657658986e+00
-2.870683300627210777e+00
-2.870546737630212952e+00
-2.870409957671638868e+00
-2.870272960756510727e+00
-2.870135746889898698e+00
-2.869998316076922240e+00
-2.869860668322750108e+00
-2.869722803632599462e+00
-2.869584722011737199e+00
-2.869446423465480400e+00
-2.869307907999195439e+00
-2.869169175618298873e+00
-2.869030226328256994e+00
-2.868891060134587168e+00
-2.868751677042856940e+00
-2.868612077058684928e+00
-2.868472260187740375e+00
-2.868332226435743593e+00
-2.868191975808467298e+00
-2.868051508311734388e+00
-2.867910823951420163e+00
-2.867769922733452326e+00
-2.867628804663809650e+00
-2.867487469748524198e+00
-2.867345917993680438e+00
-2.867204149405415237e+00
-2.867062163989918755e+00
-2.866919961753433999e+00
-2.866777542702257264e+00
-2.866634906842738584e+00
-2.866492054181282167e+00
-2.866348984724345517e+00
-2.866205698478440311e+00
-2.866062195450133299e+00
-2.865918475646044516e+00
-2.865774539072849958e+00
-2.865630385737279351e+00
-2.865486015646119267e+00
-2.865341428806210011e+00
-2.865196625224447846e+00
-2.865051604907785432e+00
-2.864906367863230940e+00
-2.864760914097848499e+00
-2.864615243618758633e+00
-2.864469356433139158e+00
-2.864323252548222953e+00
-2.864176931971302409e+00
-2.864030394709724536e+00
-2.863883640770894967e+00
-2.863736670162277509e+00
-2.863589482891392368e+00
-2.863442078965818816e+00
-2.863294458393193409e+00
-2.863146621181211771e+00
-2.862998567337628142e+00
-2.862850296870255384e+00
-2.862701809786964979e+00
-2.862553106095688360e+00
-2.862404185804416024e+00
-2.862255048921197975e+00
-2.862105695454144172e+00
-2.861956125411424967e+00
-2.861806338801270222e+00
-2.861656335631971082e+00
-2.861506115911879089e+00
-2.861355679649406181e+00
-2.861205026853025579e+00
-2.861054157531272679e+00
-2.860903071692743271e+00
-2.860751769346095319e+00
-2.860600250500048958e+00
-2.860448515163385608e+00
-2.860296563344950638e+00
-2.860144395053649813e+00
-2.859992010298453735e+00
-2.859839409088394291e+00
-2.859686591432567759e+00
-2.859533557340133481e+00
-2.859380306820314299e+00
-2.859226839882396565e+00
-2.859073156535731464e+00
-2.858919256789733687e+00
-2.858765140653883208e+00
-2.858610808137723502e+00
-2.858456259250863774e+00
-2.858301494002978060e+00
-2.858146561453719592e+00
-2.857991665759914035e+00
-2.857836829348797458e+00
-2.857682052218358582e+00
-2.857527334366576799e+00
-2.857372675791420846e+00
-2.857218076490849246e+00
-2.857063536462811637e+00
-2.856909055705246558e+00
-2.856754634216083666e+00
-2.856600271993241957e+00
-2.856445969034630661e+00
-2.856291725338150123e+00
-2.856137540901689142e+00
-2.855983415723127639e+00
-2.855829349800336203e+00
-2.855675343131174326e+00
-2.855521395713493060e+00
-2.855367507545132355e+00
-2.855213678623924167e+00
-2.855059908947688907e+00
-2.854906198514238547e+00
-2.854752547321373957e+00
-2.854598955366888458e+00
-2.854445422648563380e+00
-2.854291949164172504e+00
-2.854138534911478065e+00
-2.853985179888233858e+00
-2.853831884092184357e+00
-2.853678647521063372e+00
-2.853525470172595391e+00
-2.853372352044496019e+00
-2.853219293134471535e+00
-2.853066293440216672e+00
-2.852913352959419502e+00
-2.852760471689756550e+00
-2.852607649628895459e+00
-2.852454886774494991e+00
-2.852302183124203250e+00
-2.852149538675660345e+00
-2.851996953426495729e+00
-2.851844427374330859e+00
-2.851691960516776092e+00
-2.851539552851433790e+00
-2.851387204375896101e+00
-2.851234915087746735e+00
-2.851082684984560078e+00
-2.850930514063899857e+00
-2.850778402323321803e+00
-2.850626349760371880e+00
-2.850474356372587614e+00
-2.850322422157496316e+00
-2.850170547112616415e+00
-2.850018731235457459e+00
-2.849866974523519225e+00
-2.849715276974293054e+00
-2.849563638585260517e+00
-2.849412059353894300e+00
-2.849260539277658211e+00
-2.849109078354006730e+00
-2.848957676580385012e+00
-2.848806333954229775e+00
-2.848655050472968409e+00
-2.848503826134019423e+00
-2.848352660934791114e+00
-2.848201554872685115e+00
-2.848050507945092402e+00
-2.847899520149394625e+00
-2.847748591482965885e+00
-2.847597721943170956e+00
-2.847446911527365287e+00
-2.847296160232895001e+00
-2.847145468057098672e+00
-2.846994834997305102e+00
-2.846844261050834213e+00
-2.846693746214997933e+00
-2.846543290487097977e+00
-2.846392893864428508e+00
-2.846242556344274366e+00
-2.846092277923911507e+00
-2.845942058600607893e+00
-2.845791898371621720e+00
-2.845641797234203629e+00
-2.845491755185594052e+00
-2.845341772223026311e+00
-2.845191848343723517e+00
-2.845041983544901676e+00
-2.844892177823767465e+00
-2.844742431177518682e+00
-2.844592743603344687e+00
-2.844443115098426400e+00
-2.844293545659935862e+00
-2.844144035285037120e+00
-2.843994583970885781e+00
-2.843845191714627685e+00
-2.843695858513401120e+00
-2.843546584364336383e+00
-2.843397369264553998e+00
-2.843248213211167386e+00
-2.843099116201280196e+00
-2.842950078231988531e+00
-2.842801099300380052e+00
-2.842652179403533541e+00
-2.842503318538520229e+00
-2.842354516702402023e+00
-2.842205773892232834e+00
-2.842057090105058581e+00
-2.841908465337916745e+00
-2.841759899587835925e+00
-2.841611392851837614e+00
-2.841462945126933537e+00
-2.841314556410128311e+00
-2.841166226698418562e+00
-2.841017955988791144e+00
-2.840869744278226250e+00
-2.840721591563694748e+00
-2.840573497842160844e+00
-2.840425463110578974e+00
-2.840277487365896469e+00
-2.840129570605051779e+00
-2.839981712824976245e+00
-2.839833914022591888e+00
-2.839686174194813617e+00
-2.839538493338547909e+00
-2.839390871450693687e+00
-2.839538574218749556e+00
-2.839538574218749556e+00
-2.839538574218749556e+00
-2.839538574218749556e+00
-2.839538574218749556e+00
-2.839538574218749556e+00
-2.839538574218749556e+00
-2.839538574218749556e+00
-2.839538574218749556e+00
-2.839538574218749556e+00
-2.839538574218749556e+00
-2.839538574218749556e+00
-2.839538574218749556e+00
-2.839538574218749556e+00
-2.839538574218749556e+00
-2.839538574218749556e+00
-2.839538574218749556e+00
-2.839538574218749556e+00
-2.839538574218749556e+00
-2.839538574218749556e+00
-2.839538574218749556e+00
-2.839538574218749556e+00
-2.839538574218749556e+00
-2.839538574218749556e+00
-2.839538574218749556e+00
-2.839538574218749556e+00
-2.839538574218749556e+00
-2.839538574218749556e+00
-2.839538574218749556e+00
-2.839538574218749556e+00
-2.839538574218749556e+00
-2.839538574218749556e+00
-2.839538574218749556e+00
-2.839538574218749556e+00
-2.839538574218749556e+00
-2.839538574218749556e+00
-2.839538574218749556e+00
-2.839538574218749556e+00
-2.839538574218749556e+00
-2.839538574218749556e+00
-2.839538574218749556e+00
-2.839538574218749556e+00
-2.839538574218749556e+00
-2.839538574218749556e+00
-2.839538574218749556e+00
-2.839538574218749556e+00
-2.839538574218749556e+00
-2.839538574218749556e+00
-2.839538574218749556e+00
-2.839538574218749556e+00
-2.839538574218749556e+00
-2.839538574218749556e+00
-2.839538574218749556e+00
-2.839538574218749556e+00
-2.839538574218749556e+00
-2.839538574218749556e+00
-2.839538574218749556e+00
-2.839538574218749556e+00
-2.839538574218749556e+00
-2.839538574218749556e+00
-2.839538574218749556e+00
-2.839538574218749556e+00
-2.839538574218749556e+00
-2.839538574218749556e+00
-2.839538574218749556e+00
-2.839538574218749556e+00
-2.839538574218749556e+00
-2.839538574218749556e+00
-2.839538574218749556e+00
-2.839538574218749556e+00
-2.839538574218749556e+00
-2.839538574218749556e+00
-2.839538574218749556e+00
-2.839538574218749556e+00
-2.839538574218749556e+00
-2.839538574218749556e+00
-2.839538574218749556e+00
-2.839538574218749556e+00
-2.839538574218749556e+00
-2.839538574218749556e+00
-2.839538574218749556e+00
-2.839538574218749556e+00
-2.839538574218749556e+00
-2.839538574218749556e+00
-2.839538574218749556e+00
-2.839538574218749556e+00
-2.839538574218749556e+00
-2.839538574218749556e+00
-2.839538574218749556e+00
-2.839538574218749556e+00
-2.839538574218749556e+00
-2.839538574218749556e+00
-2.839538574218749556e+00
-2.839538574218749556e+00
-2.839538574218749556e+00
-2.839538574218749556e+00
-2.839538574218749556e+00
-2.839538574218749556e+00
-2.839538574218749556e+00
-2.839538574218749556e+00
-2.839538574218749556e+00
-2.839538574218749556e+00
-2.839538574218749556e+00
-2.839538574218749556e+00
-2.839538574218749556e+00
-2.839538574218749556e+00
-2.839538574218749556e+00
-2.839538574218749556e+00
-2.839538574218749556e+00
-2.839538574218749556e+00
-2.839538574218749556e+00
-2.839538574218749556e+00
-2.839538574218749556e+00
-2.839538574218749556e+00
-2.839538574218749556e+00
-2.839538574218749556e+00
-2.839538574218749556e+00
-2.839538574218749556e+00
-2.839538574218749556e+00
-2.839538574218749556e+00
-2.839538574218749556e+00
-2.839538574218749556e+00
-2.839538574218749556e+00
-2.839538574218749556e+00
-2.839538574218749556e+00
-2.839538574218749556e+00
-2.839538574218749556e+00
-2.839538574218749556e+00
-2.839538574218749556e+00
-2.839538574218749556e+00
-2.839538574218749556e+00
-2.839538574218749556e+00
-2.839538574218749556e+00
-2.839538574218749556e+00
-2.839538574218749556e+00
-2.839538574218749556e+00
-2.839538574218749556e+00
-2.839538574218749556e+00
-2.839538574218749556e+00
-2.839538574218749556e+00
-2.839538574218749556e+00
-2.839538574218749556e+00
-2.839538574218749556e+00
-2.839538574218749556e+00
-2.839538574218749556e+00
-2.839538574218749556e+00
-2.839538574218749556e+00
-2.839538574218749556e+00
-2.839538574218749556e+00
-2.839538574218749556e+00
-2.839538574218749556e+00
-2.839538574218749556e+00
-2.839538574218749556e+00
-2.839538574218749556e+00
-2.839538574218749556e+00
-2.839538574218749556e+00
-2.839538574218749556e+00
-2.839538574218749556e+00
-2.839538574218749556e+00
-2.839538574218749556e+00
-2.839538574218749556e+00
-2.839538574218749556e+00
-2.839538574218749556e+00
-2.839538574218749556e+00
-2.839538574218749556e+00
-2.839538574218749556e+00
-2.839538574218749556e+00
-2.839538574218749556e+00
-2.839538574218749556e+00
-2.839538574218749556e+00
-2.839538574218749556e+00
-2.839538574218749556e+00
-2.839538574218749556e+00
-2.839538574218749556e+00
-2.839538574218749556e+00
-2.839538574218749556e+00
-2.839538574218749556e+00
-2.839538574218749556e+00
-2.839538574218749556e+00
-2.839538574218749556e+00
-2.839538574218749556e+00
-2.839538574218749556e+00
-2.839538574218749556e+00
-2.839538574218749556e+00
-2.839538574218749556e+00
-2.839538574218749556e+00
-2.839538574218749556e+00
-2.839538574218749556e+00
-2.839538574218749556e+00
-2.839538574218749556e+00
-2.839538574218749556e+00
-2.839538574218749556e+00
-2.839538574218749556e+00
-2.839538574218749556e+00
-2.839538574218749556e+00
-2.839538574218749556e+00
-2.839538574218749556e+00
-2.839538574218749556e+00
-2.839538574218749556e+00
-2.839538574218749556e+00
-2.839538574218749556e+00
-2.839538574218749556e+00
-2.839538574218749556e+00
-2.839538574218749556e+00
-2.839538574218749556e+00
-2.839538574218749556e+00
-2.839538574218749556e+00
-2.839538574218749556e+00
-2.839538574218749556e+00
-2.839538574218749556e+00
-2.839538574218749556e+00
-2.839538574218749556e+00
-2.839538574218749556e+00
-2.839538574218749556e+00
-2.839538574218749556e+00
-2.839538574218749556e+00
-2.839538574218749556e+00
-2.839538574218749556e+00
-2.839538574218749556e+00
-2.839538574218749556e+00
-2.839538574218749556e+00
-2.839538574218749556e+00
-2.839538574218749556e+00
-2.839538574218749556e+00
-2.839538574218749556e+00
-2.839538574218749556e+00
-2.839538574218749556e+00
-2.839538574218749556e+00
-2.839538574218749556e+00
-2.839538574218749556e+00
-2.839538574218749556e+00
-2.839538574218749556e+00
-2.839538574218749556e+00
-2.839538574218749556e+00
-2.839538574218749556e+00
-2.839538574218749556e+00
-2.839538574218749556e+00
-2.839538574218749556e+00
-2.839538574218749556e+00
-2.839538574218749556e+00
-2.839538574218749556e+00
-2.839538574218749556e+00
-2.839538574218749556e+00
-2.839538574218749556e+00
-2.839538574218749556e+00
-2.839538574218749556e+00
-2.839538574218749556e+00
-2.839538574218749556e+00
-2.839538574218749556e+00
-2.839538574218749556e+00
-2.839538574218749556e+00
-2.839538574218749556e+00
-2.839538574218749556e+00
-2.839538574218749556e+00
-2.839538574218749556e+00
-2.839538574218749556e+00
-2.839538574218749556e+00
-2.839538574218749556e+00
-2.839538574218749556e+00
-2.839538574218749556e+00
-2.839538574218749556e+00
-2.839538574218749556e+00
-2.839538574218749556e+00
-2.839538574218749556e+00
-2.839538574218749556e+00
-2.839538574218749556e+00
-2.839538574218749556e+00
-2.839538574218749556e+00
-2.839538574218749556e+00
-2.839538574218749556e+00
-2.839538574218749556e+00
-2.839538574218749556e+00
-2.839538574218749556e+00
-2.839538574218749556e+00
-2.839538574218749556e+00
-2.839538574218749556e+00
-2.839538574218749556e+00
-2.839538574218749556e+00
-2.839538574218749556e+00
-2.839538574218749556e+00
-2.839538574218749556e+00
-2.839538574218749556e+00
-2.839538574218749556e+00
-2.839538574218749556e+00
-2.839538574218749556e+00
-2.839538574218749556e+00
-2.839538574218749556e+00
-2.839538574218749556e+00
-2.839538574218749556e+00
-2.839538574218749556e+00
-2.839538574218749556e+00
-2.839538574218749556e+00
-2.839538574218749556e+00
-2.839538574218749556e+00
-2.839538574218749556e+00
-2.839538574218749556e+00
-2.839538574218749556e+00
-2.839538574218749556e+00
-2.839538574218749556e+00
-2.839538574218749556e+00
-2.839538574218749556e+00
-2.839538574218749556e+00
-2.839538574218749556e+00
-2.839538574218749556e+00
-2.839538574218749556e+00
-2.839538574218749556e+00
-2.839538574218749556e+00
-2.839538574218749556e+00
-2.839538574218749556e+00
-2.839538574218749556e+00
-2.839538574218749556e+00
-2.839538574218749556e+00
-2.839538574218749556e+00
-2.839538574218749556e+00
-2.839538574218749556e+00
-2.839538574218749556e+00
-2.839538574218749556e+00
-2.839538574218749556e+00
-2.839538574218749556e+00
-2.839538574218749556e+00
-2.839538574218749556e+00
-2.839538574218749556e+00
-2.839538574218749556e+00
-2.839538574218749556e+00
-2.839538574218749556e+00
-2.839538574218749556e+00
-2.839538574218749556e+00
-2.839538574218749556e+00
-2.839538574218749556e+00
-2.839538574218749556e+00
-2.839538574218749556e+00
-2.839538574218749556e+00
-2.839538574218749556e+00
-2.839538574218749556e+00
-2.839538574218749556e+00
-2.839538574218749556e+00
-2.839538574218749556e+00
-2.839538574218749556e+00
-2.839538574218749556e+00
-2.839538574218749556e+00
-2.839538574218749556e+00
-2.839538574218749556e+00
-2.839538574218749556e+00
-2.839538574218749556e+00
-2.839538574218749556e+00
-2.839538574218749556e+00
-2.839538574218749556e+00
-2.839538574218749556e+00
-2.839538574218749556e+00
-2.839538574218749556e+00
-2.839538574218749556e+00
-2.839538574218749556e+00
-2.839538574218749556e+00
-2.839538574218749556e+00
-2.839538574218749556e+00
-2.839538574218749556e+00
-2.839538574218749556e+00
-2.839538574218749556e+00
-2.839538574218749556e+00
-2.839538574218749556e+00
-2.839538574218749556e+00
-2.839538574218749556e+00
-2.839538574218749556e+00
-2.839538574218749556e+00
-2.839538574218749556e+00
-2.839538574218749556e+00
-2.839538574218749556e+00
-2.839538574218749556e+00
-2.839538574218749556e+00
-2.839538574218749556e+00
-2.839538574218749556e+00
-2.839538574218749556e+00
-2.839538574218749556e+00
-2.839538574218749556e+00
-2.839538574218749556e+00
-2.839538574218749556e+00
-2.839538574218749556e+00
-2.839538574218749556e+00
-2.839538574218749556e+00
-2.839538574218749556e+00
-2.839538574218749556e+00
-2.839538574218749556e+00
-2.839538574218749556e+00
-2.839538574218749556e+00
-2.839538574218749556e+00
-2.839538574218749556e+00
-2.839538574218749556e+00
-2.839538574218749556e+00
-2.839538574218749556e+00
-2.839538574218749556e+00
-2.839538574218749556e+00
-2.839538574218749556e+00
-2.839538574218749556e+00
-2.839538574218749556e+00
-2.839538574218749556e+00
-2.839538574218749556e+00
-2.839538574218749556e+00
-2.839538574218749556e+00
-2.839538574218749556e+00
-2.839538574218749556e+00
-2.839538574218749556e+00
-2.839538574218749556e+00
-2.839538574218749556e+00
-2.839538574218749556e+00
-2.839538574218749556e+00
-2.839538574218749556e+00
-2.839538574218749556e+00
-2.839538574218749556e+00
-2.839538574218749556e+00
-2.839538574218749556e+00
-2.839538574218749556e+00
-2.839538574218749556e+00
-2.839538574218749556e+00
-2.839538574218749556e+00
-2.839538574218749556e+00
-2.839538574218749556e+00
-2.839538574218749556e+00
-2.839538574218749556e+00
-2.839538574218749556e+00
-2.839538574218749556e+00
-2.839538574218749556e+00
-2.839538574218749556e+00
-2.839538574218749556e+00
-2.839538574218749556e+00
-2.839538574218749556e+00
-2.839538574218749556e+00
-2.839538574218749556e+00
-2.839538574218749556e+00
-2.839538574218749556e+00
-2.839538574218749556e+00
-2.839538574218749556e+00
-2.839538574218749556e+00
-2.839538574218749556e+00
-2.839538574218749556e+00
-2.839538574218749556e+00
-2.839538574218749556e+00
-2.839538574218749556e+00
-2.839538574218749556e+00
-2.839538574218749556e+00
-2.839538574218749556e+00
-2.839538574218749556e+00
-2.839538574218749556e+00
-2.839538574218749556e+00
-2.839538574218749556e+00
-2.839538574218749556e+00
-2.839538574218749556e+00
-2.839538574218749556e+00
-2.839538574218749556e+00
-2.839538574218749556e+00
-2.839538574218749556e+00
-2.839538574218749556e+00
-2.839538574218749556e+00
-2.839538574218749556e+00
-2.839538574218749556e+00
-2.839538574218749556e+00
-2.839538574218749556e+00
-2.839538574218749556e+00
-2.839538574218749556e+00
-2.839538574218749556e+00
-2.839538574218749556e+00
-2.839538574218749556e+00
-2.839538574218749556e+00
-2.839538574218749556e+00
-2.839538574218749556e+00
-2.839538574218749556e+00
-2.839538574218749556e+00
-2.839538574218749556e+00
-2.839538574218749556e+00
-2.839538574218749556e+00
-2.839538574218749556e+00
-2.839538574218749556e+00
-2.839538574218749556e+00
-2.839538574218749556e+00
-2.839538574218749556e+00
-2.839538574218749556e+00
-2.839538574218749556e+00
-2.839538574218749556e+00
-2.839538574218749556e+00
-2.839538574218749556e+00
-2.839538574218749556e+00
-2.839538574218749556e+00
-2.839538574218749556e+00
-2.839538574218749556e+00
-2.839538574218749556e+00
-2.839538574218749556e+00
-2.839538574218749556e+00
-2.839538574218749556e+00
-2.839538574218749556e+00
-2.839538574218749556e+00
-2.839538574218749556e+00
-2.839538574218749556e+00
-2.839538574218749556e+00
-2.839538574218749556e+00
-2.839538574218749556e+00
-2.839538574218749556e+00
-2.839538574218749556e+00
-2.839538574218749556e+00
-2.839538574218749556e+00
-2.839538574218749556e+00
-2.839538574218749556e+00
-2.839538574218749556e+00
-2.839538574218749556e+00
-2.839538574218749556e+00
-2.839538574218749556e+00
-2.839538574218749556e+00
-2.839538574218749556e+00
-2.839538574218749556e+00
-2.839538574218749556e+00
-2.839538574218749556e+00
-2.839538574218749556e+00
-2.839538574218749556e+00
-2.839538574218749556e+00
-2.839538574218749556e+00
-2.839538574218749556e+00
-2.839538574218749556e+00
-2.839538574218749556e+00
-2.839538574218749556e+00
-2.839538574218749556e+00
-2.839538574218749556e+00
-2.839538574218749556e+00
-2.839538574218749556e+00
-2.839538574218749556e+00
-2.839538574218749556e+00
-2.839538574218749556e+00
-2.839538574218749556e+00
-2.839538574218749556e+00
-2.839538574218749556e+00
-2.839538574218749556e+00
-2.839538574218749556e+00
-2.839538574218749556e+00
-2.839538574218749556e+00
-2.839538574218749556e+00
-2.839538574218749556e+00
-2.839538574218749556e+00
-2.839538574218749556e+00
-2.839538574218749556e+00
-2.839538574218749556e+00
-2.839538574218749556e+00
-2.839538574218749556e+00
-2.839538574218749556e+00
-2.839538574218749556e+00
-2.839538574218749556e+00
-2.839538574218749556e+00
-2.839538574218749556e+00
-2.839538574218749556e+00
-2.839538574218749556e+00
-2.839538574218749556e+00
-2.839538574218749556e+00
-2.839538574218749556e+00
-2.839538574218749556e+00
-2.839538574218749556e+00
-2.839538574218749556e+00
-2.839538574218749556e+00
-2.839538574218749556e+00
-2.839538574218749556e+00
-2.839538574218749556e+00
-2.839538574218749556e+00
-2.839538574218749556e+00
-2.839538574218749556e+00
-2.839538574218749556e+00
-2.839538574218749556e+00
-2.839538574218749556e+00
-2.839538574218749556e+00
-2.839538574218749556e+00
-2.839538574218749556e+00
-2.839538574218749556e+00
-2.839538574218749556e+00
-2.839538574218749556e+00
-2.839538574218749556e+00
-2.839538574218749556e+00
-2.839538574218749556e+00
-2.839538574218749556e+00
-2.839538574218749556e+00
-2.839538574218749556e+00
-2.839538574218749556e+00
-2.839538574218749556e+00
-2.839538574218749556e+00
-2.839538574218749556e+00
-2.839538574218749556e+00
-2.839538574218749556e+00
-2.839538574218749556e+00
-2.839538574218749556e+00
-2.839538574218749556e+00
-2.839538574218749556e+00
-2.839538574218749556e+00
-2.839538574218749556e+00
-2.839538574218749556e+00
-2.839538574218749556e+00
-2.839538574218749556e+00
-2.839538574218749556e+00
-2.839538574218749556e+00
-2.839538574218749556e+00
-2.839538574218749556e+00
-2.839538574218749556e+00
-2.839538574218749556e+00
-2.839538574218749556e+00
-2.839538574218749556e+00
-2.839538574218749556e+00
-2.839538574218749556e+00
-2.839538574218749556e+00
-2.839538574218749556e+00
-2.839538574218749556e+00
-2.839538574218749556e+00
-2.839538574218749556e+00
-2.839538574218749556e+00
-2.839538574218749556e+00
-2.839538574218749556e+00
-2.839538574218749556e+00
-2.839538574218749556e+00
-2.839538574218749556e+00
-2.839538574218749556e+00
-2.839538574218749556e+00
-2.839538574218749556e+00
-2.839538574218749556e+00
-2.839538574218749556e+00
-2.839538574218749556e+00
-2.839538574218749556e+00
-2.839538574218749556e+00
-2.839538574218749556e+00
-2.839538574218749556e+00
-2.839538574218749556e+00
-2.839538574218749556e+00
-2.839538574218749556e+00
-2.839538574218749556e+00
-2.839538574218749556e+00
-2.839538574218749556e+00
-2.839538574218749556e+00
-2.839538574218749556e+00
-2.839538574218749556e+00
-2.839538574218749556e+00
-2.839538574218749556e+00
-2.839538574218749556e+00
-2.839538574218749556e+00
-2.839538574218749556e+00
-2.839538574218749556e+00
-2.839538574218749556e+00
-2.839538574218749556e+00
-2.839538574218749556e+00
-2.839538574218749556e+00
-2.839538574218749556e+00
-2.839538574218749556e+00
-2.839538574218749556e+00
-2.839538574218749556e+00
-2.839538574218749556e+00
-2.839538574218749556e+00
-2.839538574218749556e+00
-2.839538574218749556e+00
-2.839538574218749556e+00
-2.839538574218749556e+00
-2.839538574218749556e+00
-2.839538574218749556e+00
-2.839538574218749556e+00
-2.839538574218749556e+00
-2.839538574218749556e+00
-2.839538574218749556e+00
-2.839538574218749556e+00
-2.839538574218749556e+00
-2.839538574218749556e+00
-2.839538574218749556e+00
-2.839538574218749556e+00
-2.839538574218749556e+00
-2.839538574218749556e+00
-2.839538574218749556e+00
-2.839538574218749556e+00
-2.839538574218749556e+00
-2.839538574218749556e+00
-2.839538574218749556e+00
-2.839538574218749556e+00
-2.839538574218749556e+00
-2.839538574218749556e+00
-2.839538574218749556e+00
-2.839538574218749556e+00
-2.839538574218749556e+00
-2.839538574218749556e+00
-2.839538574218749556e+00
-2.839538574218749556e+00
-2.839538574218749556e+00
-2.839538574218749556e+00
-2.839538574218749556e+00
-2.839538574218749556e+00
-2.839538574218749556e+00
-2.839538574218749556e+00
-2.839538574218749556e+00
-2.839538574218749556e+00
-2.839538574218749556e+00
-2.839538574218749556e+00
-2.839538574218749556e+00
-2.839538574218749556e+00
-2.839538574218749556e+00
-2.839538574218749556e+00
-2.839538574218749556e+00
-2.839538574218749556e+00
-2.839538574218749556e+00
-2.839538574218749556e+00
-2.839538574218749556e+00
-2.839538574218749556e+00
-2.839538574218749556e+00
-2.839538574218749556e+00
-2.839538574218749556e+00
-2.839538574218749556e+00
-2.839538574218749556e+00
-2.839538574218749556e+00
-2.839538574218749556e+00
-2.839538574218749556e+00
-2.839538574218749556e+00
-2.839538574218749556e+00
-2.839538574218749556e+00
-2.839538574218749556e+00
-2.839538574218749556e+00
-2.839538574218749556e+00
-2.839538574218749556e+00
-2.839538574218749556e+00
-2.839538574218749556e+00
-2.839538574218749556e+00
-2.839538574218749556e+00
-2.839538574218749556e+00
-2.839538574218749556e+00
-2.839538574218749556e+00
-2.839538574218749556e+00
-2.839538574218749556e+00
-2.839538574218749556e+00
-2.839538574218749556e+00
-2.839538574218749556e+00
-2.839538574218749556e+00
-2.839538574218749556e+00
-2.839538574218749556e+00
-2.839538574218749556e+00
-2.839538574218749556e+00
-2.839538574218749556e+00
-2.839538574218749556e+00
-2.839538574218749556e+00
-2.839538574218749556e+00
-2.839538574218749556e+00
-2.839538574218749556e+00
-2.839538574218749556e+00
-2.839538574218749556e+00
-2.839538574218749556e+00
-2.839538574218749556e+00
-2.839538574218749556e+00
-2.839538574218749556e+00
-2.839538574218749556e+00
-2.839538574218749556e+00
-2.839538574218749556e+00
-2.839538574218749556e+00
-2.839538574218749556e+00
-2.839538574218749556e+00
-2.839538574218749556e+00
-2.839538574218749556e+00
-2.839538574218749556e+00
-2.839538574218749556e+00
-2.839538574218749556e+00
-2.839538574218749556e+00
-2.839538574218749556e+00
-2.839538574218749556e+00
-2.839538574218749556e+00
-2.839538574218749556e+00
-2.839538574218749556e+00
-2.839538574218749556e+00
-2.839538574218749556e+00
-2.839538574218749556e+00
-2.839538574218749556e+00
-2.839538574218749556e+00
-2.839538574218749556e+00
-2.839538574218749556e+00
-2.839538574218749556e+00
-2.839538574218749556e+00
-2.839538574218749556e+00
-2.839538574218749556e+00
-2.839538574218749556e+00
-2.839538574218749556e+00
-2.839538574218749556e+00
-2.839538574218749556e+00
-2.839538574218749556e+00
-2.839538574218749556e+00
-2.839538574218749556e+00
-2.839538574218749556e+00
-2.839538574218749556e+00
-2.839538574218749556e+00
-2.839538574218749556e+00
-2.839538574218749556e+00
-2.839538574218749556e+00
-2.839538574218749556e+00
-2.839538574218749556e+00
-2.839538574218749556e+00
-2.839538574218749556e+00
-2.839538574218749556e+00
-2.839538574218749556e+00
-2.839538574218749556e+00
-2.839538574218749556e+00
-2.839538574218749556e+00
-2.839538574218749556e+00
-2.839538574218749556e+00
-2.839538574218749556e+00
-2.839538574218749556e+00
-2.839538574218749556e+00
-2.839538574218749556e+00
-2.839538574218749556e+00
-2.839538574218749556e+00
-2.839538574218749556e+00
-2.839538574218749556e+00
-2.839538574218749556e+00
-2.839538574218749556e+00
-2.839538574218749556e+00
-2.839538574218749556e+00
-2.839538574218749556e+00
-2.839538574218749556e+00
-2.839538574218749556e+00
-2.839538574218749556e+00
-2.839538574218749556e+00
-2.839538574218749556e+00
-2.839538574218749556e+00
-2.839538574218749556e+00
-2.839538574218749556e+00
-2.839538574218749556e+00
-2.839538574218749556e+00
-2.839538574218749556e+00
-2.839538574218749556e+00
-2.839538574218749556e+00
-2.839538574218749556e+00
-2.839538574218749556e+00
-2.839538574218749556e+00
-2.839538574218749556e+00
-2.839538574218749556e+00
-2.839538574218749556e+00
-2.839538574218749556e+00
-2.839538574218749556e+00
-2.839538574218749556e+00
-2.839538574218749556e+00
-2.839538574218749556e+00
-2.839538574218749556e+00
-2.839538574218749556e+00
-2.839538574218749556e+00
-2.839538574218749556e+00
-2.839538574218749556e+00
-2.839538574218749556e+00
-2.839538574218749556e+00
-2.839538574218749556e+00
-2.839538574218749556e+00
-2.839538574218749556e+00
-2.839538574218749556e+00
-2.839538574218749556e+00
-2.839538574218749556e+00
-2.839538574218749556e+00
-2.839538574218749556e+00
-2.839538574218749556e+00
-2.839538574218749556e+00
-2.839538574218749556e+00
-2.839538574218749556e+00
-2.839538574218749556e+00
-2.839538574218749556e+00
-2.839538574218749556e+00
-2.839538574218749556e+00
-2.839538574218749556e+00
-2.839538574218749556e+00
-2.839538574218749556e+00
-2.839538574218749556e+00
-2.839538574218749556e+00
-2.839538574218749556e+00
-2.839538574218749556e+00
-2.839538574218749556e+00
-2.839538574218749556e+00
-2.839538574218749556e+00
-2.839538574218749556e+00
-2.839538574218749556e+00
-2.839538574218749556e+00
-2.839538574218749556e+00
-2.839538574218749556e+00
-2.839538574218749556e+00
-2.839538574218749556e+00
-2.839538574218749556e+00
-2.839538574218749556e+00
-2.839538574218749556e+00
-2.839538574218749556e+00
-2.839538574218749556e+00
-2.839538574218749556e+00
-2.839538574218749556e+00
-2.839538574218749556e+00
-2.839538574218749556e+00
-2.839538574218749556e+00
-2.839538574218749556e+00
-2.839538574218749556e+00
-2.839538574218749556e+00
-2.839538574218749556e+00
-2.839538574218749556e+00
-2.839538574218749556e+00
-2.839538574218749556e+00
-2.839538574218749556e+00
-2.839538574218749556e+00
-2.839538574218749556e+00
-2.839538574218749556e+00
-2.839538574218749556e+00
-2.839538574218749556e+00
-2.839538574218749556e+00
-2.839538574218749556e+00
-2.839538574218749556e+00
-2.839538574218749556e+00
-2.839538574218749556e+00
-2.839538574218749556e+00
-2.839538574218749556e+00
-2.839538574218749556e+00
-2.839538574218749556e+00
-2.839538574218749556e+00
-2.839538574218749556e+00
-2.839538574218749556e+00
-2.839538574218749556e+00
-2.839538574218749556e+00
-2.839538574218749556e+00
-2.839538574218749556e+00
-2.839538574218749556e+00
-2.839538574218749556e+00
-2.839538574218749556e+00
-2.839538574218749556e+00
-2.839538574218749556e+00
-2.839538574218749556e+00
-2.839538574218749556e+00
-2.839538574218749556e+00
-2.839538574218749556e+00
-2.839538574218749556e+00
-2.839538574218749556e+00
-2.839538574218749556e+00
-2.839538574218749556e+00
-2.839538574218749556e+00
-2.839538574218749556e+00
-2.839538574218749556e+00
-2.839538574218749556e+00
-2.839538574218749556e+00
-2.839538574218749556e+00
-2.839538574218749556e+00
-2.839538574218749556e+00
-2.839538574218749556e+00
-2.839538574218749556e+00
-2.839538574218749556e+00
-2.839538574218749556e+00
-2.839538574218749556e+00
-2.839538574218749556e+00
-2.839538574218749556e+00
-2.839538574218749556e+00
-2.839538574218749556e+00
-2.839538574218749556e+00
-2.839538574218749556e+00
-2.839538574218749556e+00
-2.839538574218749556e+00
-2.839538574218749556e+00
-2.839538574218749556e+00
-2.839538574218749556e+00
-2.839538574218749556e+00
-2.839538574218749556e+00
-2.839538574218749556e+00
-2.839538574218749556e+00
-2.839538574218749556e+00
-2.839538574218749556e+00
-2.839538574218749556e+00
-2.839538574218749556e+00
-2.839538574218749556e+00
-2.839538574218749556e+00
-2.839538574218749556e+00
-2.839538574218749556e+00
-2.839538574218749556e+00
-2.839538574218749556e+00
-2.839538574218749556e+00
-2.839538574218749556e+00
-2.839538574218749556e+00
-2.839538574218749556e+00
-2.839538574218749556e+00
-2.839538574218749556e+00
-2.839538574218749556e+00
-2.839538574218749556e+00
-2.839538574218749556e+00
-2.839538574218749556e+00
-2.839538574218749556e+00
-2.839538574218749556e+00
-2.839538574218749556e+00
-2.839538574218749556e+00
-2.839538574218749556e+00
-2.839538574218749556e+00
-2.839538574218749556e+00
-2.839538574218749556e+00
-2.839538574218749556e+00
-2.839538574218749556e+00
-2.839538574218749556e+00
-2.839538574218749556e+00
-2.839538574218749556e+00
-2.839538574218749556e+00
-2.839538574218749556e+00
-2.839538574218749556e+00
-2.839538574218749556e+00
-2.839538574218749556e+00
-2.839538574218749556e+00
-2.839538574218749556e+00
-2.839538574218749556e+00
-2.839538574218749556e+00
-2.839538574218749556e+00
-2.839538574218749556e+00
-2.839538574218749556e+00
-2.839538574218749556e+00
-2.839538574218749556e+00
-2.839538574218749556e+00
-2.839538574218749556e+00
-2.839538574218749556e+00
-2.839538574218749556e+00
-2.839538574218749556e+00
-2.839538574218749556e+00
-2.839538574218749556e+00
-2.839538574218749556e+00
-2.839538574218749556e+00
-2.839538574218749556e+00
-2.839538574218749556e+00
-2.839538574218749556e+00
-2.839538574218749556e+00
-2.839538574218749556e+00
-2.839538574218749556e+00
-2.839538574218749556e+00
-2.839538574218749556e+00
-2.839538574218749556e+00
-2.839538574218749556e+00
-2.839538574218749556e+00
-2.839538574218749556e+00
-2.839538574218749556e+00
-2.839538574218749556e+00
-2.839538574218749556e+00
-2.839538574218749556e+00
-2.839538574218749556e+00
-2.839538574218749556e+00
-2.839538574218749556e+00
-2.839538574218749556e+00
-2.839538574218749556e+00
-2.839538574218749556e+00
-2.839538574218749556e+00
-2.839538574218749556e+00
-2.839538574218749556e+00
-2.839538574218749556e+00
-2.839538574218749556e+00
-2.839538574218749556e+00
-2.839538574218749556e+00
-2.839538574218749556e+00
-2.839538574218749556e+00
-2.839538574218749556e+00
-2.839538574218749556e+00
-2.839538574218749556e+00
-2.839538574218749556e+00
-2.839538574218749556e+00
-2.839538574218749556e+00
-2.839538574218749556e+00
-2.839538574218749556e+00
-2.839538574218749556e+00
-2.839538574218749556e+00
-2.839538574218749556e+00
-2.839538574218749556e+00
-2.839538574218749556e+00
-2.839538574218749556e+00
-2.839538574218749556e+00
-2.839538574218749556e+00
-2.839538574218749556e+00
-2.839538574218749556e+00
-2.839538574218749556e+00
-2.839538574218749556e+00
-2.839538574218749556e+00
-2.839538574218749556e+00
-2.839538574218749556e+00
-2.839538574218749556e+00
-2.839538574218749556e+00
-2.839538574218749556e+00
-2.839538574218749556e+00
-2.839538574218749556e+00
-2.839538574218749556e+00
-2.839538574218749556e+00
-2.839538574218749556e+00
-2.839538574218749556e+00
-2.839538574218749556e+00
-2.839538574218749556e+00
-2.839538574218749556e+00
-2.839538574218749556e+00
-2.839538574218749556e+00
-2.839538574218749556e+00
-2.839538574218749556e+00
-2.839538574218749556e+00
-2.839538574218749556e+00
-2.839538574218749556e+00
-2.839538574218749556e+00
-2.839538574218749556e+00
-2.839538574218749556e+00
-2.839538574218749556e+00
-2.839538574218749556e+00
-2.839538574218749556e+00
-2.839538574218749556e+00
-2.839538574218749556e+00
-2.839538574218749556e+00
-2.839538574218749556e+00
-2.839538574218749556e+00
-2.839538574218749556e+00
-2.839538574218749556e+00
-2.839538574218749556e+00
-2.839538574218749556e+00
-2.839538574218749556e+00
-2.839538574218749556e+00
-2.839538574218749556e+00
-2.839538574218749556e+00
-2.839538574218749556e+00
-2.839538574218749556e+00
-2.839538574218749556e+00
-2.839538574218749556e+00
-2.839538574218749556e+00
-2.839538574218749556e+00
-2.839538574218749556e+00
-2.839538574218749556e+00
-2.839538574218749556e+00
-2.839538574218749556e+00
-2.839538574218749556e+00
-2.839538574218749556e+00
-2.839538574218749556e+00
-2.839538574218749556e+00
-2.839538574218749556e+00
-2.839538574218749556e+00
-2.839538574218749556e+00
-2.839538574218749556e+00
-2.839538574218749556e+00
-2.839538574218749556e+00
-2.839545375507014136e+00
-2.839545375414113337e+00
-2.839545375135411387e+00
-2.839545374670907840e+00
-2.839545374020603141e+00
-2.839545373184497290e+00
-2.839545372162589842e+00
-2.839545370954881243e+00
-2.839545369561371491e+00
-2.839545367982060142e+00
-2.839545366216947198e+00
-2.839545364266033545e+00
-2.839545362129317851e+00
-2.839545359806801450e+00
-2.839545357298483452e+00
-2.839545354604363858e+00
-2.839545351724443556e+00
-2.839545348658721213e+00
-2.839545345407198162e+00
-2.839545341969873515e+00
-2.839545338346747272e+00
-2.839545334537820320e+00
-2.839545330543091328e+00
-2.839545326362561628e+00
-2.839545321996230332e+00
-2.839545317444097439e+00
-2.839545312706163394e+00
-2.839545307782428196e+00
-2.839545302672891403e+00
-2.839545297377553457e+00
-2.839545291896414358e+00
-2.839545286229473664e+00
-2.839545280376731817e+00
-2.839545274338188374e+00
-2.839545268113843779e+00
-2.839545261703697587e+00
-2.839545255107750243e+00
-2.839545248326001747e+00
-2.839545241358451655e+00
-2.839545234205100410e+00
-2.839545226865947569e+00
-2.839545219340993576e+00
-2.839545211630237986e+00
-2.839545203733681689e+00
-2.839545195651323350e+00
-2.839545187383164304e+00
-2.839545178929203662e+00
-2.839545170289441423e+00
-2.839545161463878031e+00
-2.839545152452513488e+00
-2.839545143255347348e+00
-2.839545133872380056e+00
-2.839545124303611168e+00
-2.839545114549041127e+00
-2.839545104608669490e+00
-2.839545094482496701e+00
-2.839545084170522760e+00
-2.839545073672747222e+00
-2.839545062989170532e+00
-2.839545052119792690e+00
-2.839545041064613251e+00
-2.839545029823632216e+00
-2.839545018396850029e+00
-2.839545006784266690e+00
-2.839544994985881754e+00
-2.839544983001695666e+00
-2.839544970831708426e+00
-2.839544958475919145e+00
-2.839544945934329157e+00
-2.839544933206937571e+00
-2.839544920293744834e+00
-2.839544907194750500e+00
-2.839544893909955015e+00
-2.839544880439357932e+00
-2.839544866782959698e+00
-2.839544852940760311e+00
-2.839544838912759328e+00
-2.839544824698957193e+00
-2.839544810299353461e+00
-2.839544795713948133e+00
-2.839544780942742097e+00
-2.839544765985734465e+00
-2.839544750842925236e+00
-2.839544735514314855e+00
-2.839544719999903322e+00
-2.839544704299690192e+00
-2.839544688413675910e+00
-2.839544672341860032e+00
-2.839544656084242558e+00
-2.839544639640824375e+00
-2.839544623011604596e+00
-2.839544606196583221e+00
-2.839544589195760693e+00
-2.839544572009137013e+00
-2.839544554636711737e+00
-2.839544537078484865e+00
-2.839544519334456840e+00
-2.839544501404627663e+00
-2.839544483288996890e+00
-2.839544464987564965e+00
-2.839544446500331887e+00
-2.839544427827296769e+00
-2.839544408968460942e+00
-2.839544389923823520e+00
-2.839544370693384501e+00
-2.839544351277144330e+00
-2.839544331675103006e+00
-2.839544311887260086e+00
-2.839544291913615570e+00
-2.839544271754169902e+00
-2.839544251408923081e+00
-2.839544230877874664e+00
-2.839544210161025095e+00
-2.839544189258373930e+00
-2.839544168169921612e+00
-2.839544146895667698e+00
-2.839544125435612631e+00
-2.839544103789755969e+00
-2.839544081958098154e+00
-2.839544059940639187e+00
-2.839544037737378179e+00
-2.839544015348316464e+00
-2.839543992773453152e+00
-2.839543970012788243e+00
-2.839543947066322183e+00
-2.839543923934054526e+00
-2.839543900615985716e+00
-2.839543877112115755e+00
-2.839543853422444197e+00
-2.839543829546971043e+00
-2.839543805485696737e+00
-2.839543781238621278e+00
-2.839543756805744223e+00
-2.839543732187065572e+00
-2.839543707382585769e+00
-2.839543682392304369e+00
-2.839543657216221817e+00
-2.839543631854338113e+00
-2.839543606306652812e+00
-2.839543580573165915e+00
-2.839543554653877866e+00
-2.839543528548788220e+00
-2.839543502257897423e+00
-2.839543475781205029e+00
-2.839543449118711482e+00
-2.839543422270416784e+00
-2.839543395236320045e+00
-2.839543368016422598e+00
-2.839543340610723110e+00
-2.839543313019222914e+00
-2.839543285241920678e+00
-2.839543257278817290e+00
-2.839543229129912749e+00
-2.839543200795206612e+00
-2.839543172274699323e+00
-2.839543143568390438e+00
-2.839543114676279956e+00
-2.839543085598368322e+00
-2.839543056334655091e+00
-2.839543026885140709e+00
-2.839542997249825174e+00
-2.839542967428707598e+00
-2.839542937421788871e+00
-2.839542907229068991e+00
-2.839542876850547515e+00
-2.839542846286224886e+00
-2.839542815536100662e+00
-2.839542784600174841e+00
-2.839542753478447867e+00
-2.839542722170919298e+00
-2.839542690677589576e+00
-2.839542658998458258e+00
-2.839542627133525787e+00
-2.839542595082791721e+00
-2.839542562846256057e+00
-2.839542530423919242e+00
-2.839542497815780830e+00
-2.839542465021841267e+00
-2.839542432042100106e+00
-2.839542398876557794e+00
-2.839542365525213885e+00
-2.839542331988068380e+00
-2.839542298265121723e+00
-2.839542264356373469e+00
-2.839542230261824063e+00
-2.839542195981473061e+00
-2.839542161515320462e+00
-2.839542126863366711e+00
-2.839542092025611364e+00
-2.839542057002054865e+00
-2.839542021792696769e+00
-2.839541986397537077e+00
-2.839541950816576232e+00
-2.839541915049813792e+00
-2.839541879097250199e+00
-2.839541842958885010e+00
-2.839541806634718224e+00
-2.839541770124750286e+00
-2.839541733428980752e+00
-2.839541696547410066e+00
-2.839541659480037783e+00
-2.839541622226863904e+00
-2.839541584787888429e+00
-2.839541547163111801e+00
-2.839541509352534021e+00
-2.839541471356154201e+00
-2.839541433173973228e+00
-2.839541394805991104e+00
-2.839541356252207382e+00
-2.839541317512622065e+00
-2.839541278587235151e+00
-2.839541239476047085e+00
-2.839541200179057423e+00
-2.839541160696266608e+00
-2.839541121027674198e+00
-2.839541081173280190e+00
-2.839541041133084587e+00
-2.839541000907087831e+00
-2.839540960495289479e+00
-2.839540919897689975e+00
-2.839540879114288874e+00
-2.839540838145086177e+00
-2.839540796990082328e+00
-2.839540755649276438e+00
-2.839540714122669840e+00
-2.839540672410261202e+00
-2.839540630512051411e+00
-2.839540588428040024e+00
-2.839540546158227041e+00
-2.839540503702612906e+00
-2.839540461061197174e+00
-2.839540418233979846e+00
-2.839540375220961366e+00
-2.839540332022141289e+00
-2.839540288637519616e+00
-2.839540245067096791e+00
-2.839540201310871925e+00
-2.839540157368845907e+00
-2.839540113241018737e+00
-2.839540068927389527e+00
-2.839540024427959164e+00
-2.839539979742727205e+00
-2.839539934871694093e+00
-2.839539889814859386e+00
-2.839539844572223082e+00
-2.839539799143785181e+00
-2.839539753529545685e+00
-2.839539707729505036e+00
-2.839539661743662791e+00
-2.839539615572018949e+00
-2.839539569214573955e+00
-2.839539522671327365e+00
-2.839539475942279179e+00
-2.839539429027429396e+00
-2.839539381926778017e+00
-2.839539334640325485e+00
-2.839539287168071358e+00
-2.839539239510015634e+00
-2.839539191666158757e+00
-2.839539143636499841e+00
-2.839539095421039772e+00
-2.839539047019778106e+00
-2.839538998432714845e+00
-2.839538949659850431e+00
-2.839538900701184421e+00
-2.839538851556716814e+00
-2.839538802226447611e+00
-2.839538752710376812e+00
-2.839538703008504417e+00
-2.839538653120830869e+00
-2.839538603047355725e+00
-2.839538552788078984e+00
-2.839538502343001092e+00
-2.839538451712121159e+00
-2.839538400895440073e+00
-2.839538349892956948e+00
-2.839538298704672670e+00
-2.839538247330587240e+00
-2.839538195770699769e+00
-2.839538144025010702e+00
-2.839538092093520483e+00
-2.839538039976228667e+00
-2.839537987673135255e+00
-2.839537935184240247e+00
-2.839537882509543643e+00
-2.839537829649045886e+00
-2.839537776602746089e+00
-2.839537723370645139e+00
-2.839537669952742593e+00
-2.839537616349038451e+00
-2.839537562559532713e+00
-2.839537508584225378e+00
-2.839537454423116447e+00
-2.839537400076206364e+00
-2.839537345543494684e+00
-2.839537290824980964e+00
-2.839537235920666092e+00
-2.839537180830549623e+00
-2.839537125554631558e+00
-2.839537070092911897e+00
-2.839537014445390639e+00
-2.839536958612068229e+00
-2.839536902592943779e+00
-2.839536846388018176e+00
-2.839536789997290533e+00
-2.839536733420761738e+00
-2.839536676658431347e+00
-2.839536619710298915e+00
-2.839536562576365331e+00
-2.839536505256630150e+00
-2.839536447751093373e+00
-2.839536390059755000e+00
-2.839536332182615030e+00
-2.839536274119673909e+00
-2.839536215870930747e+00
-2.839536157436385988e+00
-2.839536098816039633e+00
-2.839536040009892126e+00
-2.839535981017942579e+00
-2.839535921840191879e+00
-2.839535862476639139e+00
-2.839535802927285246e+00
-2.839535743192129313e+00
-2.839535683271172228e+00
-2.839535623164413103e+00
-2.839535562871852825e+00
-2.839535502393490507e+00
-2.839535441729327037e+00
-2.839535380879361526e+00
-2.839535319843594863e+00
-2.839535258622026159e+00
-2.839535197214656304e+00
-2.839535135621484851e+00
-2.839535073842511359e+00
-2.839535011877736270e+00
-2.839534949727160029e+00
-2.839534887390781748e+00
-2.839534824868602314e+00
-2.839534762160620840e+00
-2.839534699266837769e+00
-2.839534636187253547e+00
-2.839534572921867284e+00
-2.839534509470679424e+00
-2.839534445833689968e+00
-2.839534382010898916e+00
-2.839534318002306268e+00
-2.839534253807912023e+00
-2.839534189427716182e+00
-2.839534124861718745e+00
-2.839534060109919267e+00
-2.839533995172318637e+00
-2.839533930048916410e+00
-2.839533864739712143e+00
-2.839533799244706280e+00
-2.839533733563899265e+00
-2.839533667697290209e+00
-2.839533601644879557e+00
-2.839533535406667308e+00
-2.839533468982653019e+00
-2.839533402372837578e+00
-2.839533335577220541e+00
-2.839533268595801463e+00
-2.839533201428580789e+00
-2.839533134075558962e+00
-2.839533066536735095e+00
-2.839532998812109632e+00
-2.839532930901682128e+00
-2.839532862805453473e+00
-2.839532794523422776e+00
-2.839532726055590928e+00
-2.839532657401957039e+00
-2.839532588562521553e+00
-2.839532519537284028e+00
-2.839532450326245350e+00
-2.839532380929405075e+00
-2.839532311346762761e+00
-2.839532241578318850e+00
-2.839532171624073342e+00
-2.839532101484025794e+00
-2.839532031158177094e+00
-2.839531960646526354e+00
-2.839531889949074017e+00
-2.839531819065820084e+00
-2.839531747996764555e+00
-2.839531676741906985e+00
-2.839531605301247819e+00
-2.839531533674787056e+00
-2.839531461862524697e+00
-2.839531389864460298e+00
-2.839531317680594746e+00
-2.839531245310927154e+00
-2.839531172755457522e+00
-2.839531100014186737e+00
-2.839531027087113912e+00
-2.839530953974239491e+00
-2.839530880675563473e+00
-2.839530807191085415e+00
-2.839530733520805761e+00
-2.839530659664724510e+00
-2.839530585622841663e+00
-2.839530511395156775e+00
-2.839530436981670292e+00
-2.839530362382382211e+00
-2.839530287597292091e+00
-2.839530212626400374e+00
-2.839530137469707061e+00
-2.839530062127211707e+00
-2.839529986598915201e+00
-2.839529910884816211e+00
-2.839529834984916068e+00
-2.839529758899213885e+00
-2.839529682627710105e+00
-2.839529606170404286e+00
-2.839529529527296869e+00
-2.839529452698387857e+00
-2.839529375683676804e+00
-2.839529298483164155e+00
-2.839529221096849909e+00
-2.839529143524733623e+00
-2.839529065766815741e+00
-2.839528987823096262e+00
-2.839528909693574743e+00
-2.839528831378251628e+00
-2.839528752877126472e+00
-2.839528674190199720e+00
-2.839528595317470927e+00
-2.839528516258940982e+00
-2.839528437014608553e+00
-2.839528357584474971e+00
-2.839528277968538905e+00
-2.839528198166801687e+00
-2.839528118179262428e+00
-2.839528038005921573e+00
-2.839527957646778678e+00
-2.839527877101833742e+00
-2.839527796371087653e+00
-2.839527715454539081e+00
-2.839527634352189356e+00
-2.839527553064037591e+00
-2.839527471590083785e+00
-2.839527389930328383e+00
-2.839527308084770940e+00
-2.839527226053411901e+00
-2.839527143836251266e+00
-2.839527061433288146e+00
-2.839526978844523875e+00
-2.839526896069957562e+00
-2.839526813109589209e+00
-2.839526729963419260e+00
-2.839526646631447715e+00
-2.839526563113673685e+00
-2.839526479410098503e+00
-2.839526395520721280e+00
-2.839526311445542017e+00
-2.839526227184561158e+00
-2.839526142737778258e+00
-2.839526058105193318e+00
-2.839525973286806781e+00
-2.839525888282618649e+00
-2.839525803092628475e+00
-2.839525717716836262e+00
-2.839525632155242452e+00
-2.839525546407846601e+00
-2.839525460474648710e+00
-2.839525374355649223e+00
-2.839525288050848140e+00
-2.839525201560245016e+00
-2.839525114883839851e+00
-2.839525028021632647e+00
-2.839524941042688155e+00
-2.839524854758693095e+00
-2.839524769403706017e+00
-2.839524684977725588e+00
-2.839524601480752253e+00
-2.839524518912786455e+00
-2.839524437273828195e+00
-2.839524356563877028e+00
-2.839524276782932954e+00
-2.839524197930995975e+00
-2.839524120008066532e+00
-2.839524043014144628e+00
-2.839523966949229816e+00
-2.839523891813322543e+00
-2.839523817606422362e+00
-2.839523744328529720e+00
-2.839523671979644615e+00
-2.839523600559766603e+00
-2.839523530068896129e+00
-2.839523460507032748e+00
-2.839523391874176905e+00
-2.839523324170328600e+00
-2.839523257395487832e+00
-2.839523191549654157e+00
-2.839523126632828465e+00
-2.839523062645009421e+00
-2.839522999586198360e+00
-2.839522937456394835e+00
-2.839522876255598849e+00
-2.839522815983809956e+00
-2.839522756641028600e+00
-2.839522698227254782e+00
-2.839522640742488502e+00
-2.839522584186730203e+00
-2.839522528559978998e+00
-2.839522473862235330e+00
-2.839522420093499200e+00
-2.839522367253770607e+00
-2.839522315343049552e+00
-2.839522264361336035e+00
-2.839522214308630055e+00
-2.839522165184931612e+00
-2.839522116990241152e+00
-2.839522069724557785e+00
-2.839522023387882399e+00
-2.839521977980214107e+00
-2.839521933501553796e+00
-2.839521889951901024e+00
-2.839521847331255788e+00
-2.839521805639618091e+00
-2.839521764876988374e+00
-2.839521725043366196e+00
-2.839521686138751555e+00
-2.839521648163144452e+00
-2.839521611116544886e+00
-2.839521574998953302e+00
-2.839521539810369255e+00
-2.839521505550792746e+00
-2.839521472220224219e+00
-2.839521439818662785e+00
-2.839521408346109776e+00
-2.839521377802563862e+00
-2.839521348188025929e+00
-2.839521319502495533e+00
-2.839521291745972675e+00
-2.839521264918457799e+00
-2.839521239019950460e+00
-2.839521214050451103e+00
-2.839521190009959284e+00
-2.839521166898475002e+00
-2.839521144715998702e+00
-2.839521123462529495e+00
-2.839521103138068714e+00
-2.839521083742615470e+00
-2.839521065276169765e+00
-2.839521047738732040e+00
-2.839521031130301854e+00
-2.839521015450879204e+00
-2.839521000700464537e+00
-2.839520986879057851e+00
-2.839520973986658703e+00
-2.839520962023267092e+00
-2.839520950988883463e+00
-2.839520940883507372e+00
-2.839520931707138818e+00
-2.839520923459778690e+00
-2.839520916141425655e+00
-2.839520909752080602e+00
-2.839520904291743530e+00
-2.839520899760413997e+00
-2.839520896158092000e+00
-2.839520893484777986e+00
-2.839520891740471509e+00
-2.839520890925173013e+00
-2.839520891038882056e+00
-2.839520892081599079e+00
-2.839520894053323641e+00
-2.839520896954056184e+00
-2.839520900783796264e+00
-2.839520905542544327e+00
-2.839520911230299927e+00
-2.839520917847063508e+00
-2.839520925392834627e+00
-2.839520933867613284e+00
-2.839520943271399922e+00
-2.839520953604194098e+00
-2.839520964865996255e+00
-2.839520977056806395e+00
-2.839520990176623627e+00
-2.839521004225449285e+00
-2.839521019203282037e+00
-2.839521035110122771e+00
-2.839521051945971486e+00
-2.839521069710827739e+00
-2.839521088404691529e+00
-2.839521108027563301e+00
-2.839521128579442610e+00
-2.839521150060329457e+00
-2.839521172470224286e+00
-2.839521195809127097e+00
-2.839521220077037000e+00
-2.839521245273954886e+00
-2.839521271399880753e+00
-2.839521298454814158e+00
-2.839521326438755100e+00
-2.839521355351703580e+00
-2.839521385193660041e+00
-2.839521415964624040e+00
-2.839521447664595577e+00
-2.839521480293575095e+00
-2.839521513851562151e+00
-2.839521548338557189e+00
-2.839521583754559320e+00
-2.839521620099569432e+00
-2.839521657373587082e+00
-2.839521695576612714e+00
-2.839521734708645440e+00
-2.839521774769686147e+00
-2.839521815759734391e+00
-2.839521857678790173e+00
-2.839521900526853493e+00
-2.839521944303924794e+00
-2.839521989010003633e+00
-2.839522034645090010e+00
-2.839522081209183924e+00
-2.839522128702285375e+00
-2.839522177124394364e+00
-2.839522226475510891e+00
-2.839522276755634955e+00
-2.839522327964767001e+00
-2.839522380102906141e+00
-2.839522433170053262e+00
-2.839522487166207476e+00
-2.839522542091369672e+00
-2.839522597945538962e+00
-2.839522654728716233e+00
-2.839522712440900598e+00
-2.839522771082092500e+00
-2.839522830652291940e+00
-2.839522891151498918e+00
-2.839522952579713433e+00
-2.839523014936935486e+00
-2.839523078223165076e+00
-2.839523142438401759e+00
-2.839523207582645981e+00
-2.839523273655897739e+00
-2.839523340658157036e+00
-2.839523408589423870e+00
-2.839523477449697797e+00
-2.839523547238979262e+00
-2.839523617957268264e+00
-2.839523689604564360e+00
-2.839523762180867994e+00
-2.839523835686178721e+00
-2.839523910120496986e+00
-2.839523985483822788e+00
-2.839524061776155683e+00
-2.839524138997496117e+00
-2.839524217147843643e+00
-2.839524296227198707e+00
-2.839524376235560865e+00
-2.839524457172930116e+00
-2.839524539039306905e+00
-2.839524621834691231e+00
-2.839524705559082207e+00
-2.839524790212480720e+00
-2.839524875794886771e+00
-2.839524962306299471e+00
-2.839525049746719709e+00
-2.839525138116147041e+00
-2.839525227414581909e+00
-2.839525317642023428e+00
-2.839525408798472483e+00
-2.839525500883928633e+00
-2.839525593898391431e+00
-2.839525687841861767e+00
-2.839525782714339197e+00
-2.839525878515823720e+00
-2.839525975246315337e+00
-2.839526072905814047e+00
-2.839526171494319851e+00
-2.839526271011832304e+00
-2.839526371458352294e+00
-2.839526472833878934e+00
-2.839526575138412667e+00
-2.839526678371953494e+00
-2.839526782534501415e+00
-2.839526887626055984e+00
-2.839526993646617647e+00
-2.839527100596186404e+00
-2.839527208474761810e+00
-2.839527317282344310e+00
-2.839527427018933903e+00
-2.839527537684530145e+00
-2.839527649279133037e+00
-2.839527761802743022e+00
-2.839527875255359657e+00
-2.839527989636983385e+00
-2.839528104947613762e+00
-2.839528221187250789e+00
-2.839528338355894910e+00
-2.839528456453545679e+00
-2.839528575480203099e+00
-2.839528695435867167e+00
-2.839528816320537885e+00
-2.839528938134215696e+00
-2.839529060876899713e+00
-2.839529184548590823e+00
-2.839529309149288139e+00
-2.839529434678992548e+00
-2.839529561137703162e+00
-2.839529688525420870e+00
-2.839529816842144783e+00
-2.839529946087875345e+00
-2.839530076262612113e+00
-2.839530207366355974e+00
-2.839530339399106040e+00
-2.839530472360862756e+00
-2.839530606251625677e+00
-2.839530741071395248e+00
-2.839530876820171024e+00
-2.839531013497953449e+00
-2.839531151104742079e+00
-2.839531289640537359e+00
-2.839531429105338844e+00
-2.839531569499146979e+00
-2.839531710821960875e+00
-2.839531853073781420e+00
-2.839531996254608170e+00
-2.839532140364441570e+00
-2.839532285403280731e+00
-2.839532431371126098e+00
-2.839532578267978113e+00
-2.839532726093835890e+00
-2.839532874848700317e+00
-2.839533024532570504e+00
-2.839533175145446897e+00
-2.839533326687329495e+00
-2.839533479158218299e+00
-2.839533632558112863e+00
-2.839533786887013633e+00
-2.839533942144920164e+00
-2.839534098331833345e+00
-2.839534255447751843e+00
-2.839534413492676990e+00
-2.839534572466607454e+00
-2.839534732369544123e+00
-2.839534893201486554e+00
-2.839535054962435190e+00
-2.839535217652389587e+00
-2.839535381271349745e+00
-2.839535545819315665e+00
-2.839535711296287346e+00
-2.839535877702264788e+00
-2.839536045037247991e+00
-2.839536213301236955e+00
-2.839536382494232125e+00
-2.839536552616232168e+00
-2.839536723667238416e+00
-2.839536895647249981e+00
-2.839537068556267307e+00
-2.839537242394290395e+00
-2.839537417161318800e+00
-2.839537592857352966e+00
-2.839537769482392449e+00
-2.839537947036437693e+00
-2.839538125519488254e+00
-2.839538304931544133e+00
-2.839538485272605772e+00
-2.839538666542672729e+00
-2.839538848741745003e+00
-2.839539031869822594e+00
-2.839539215926905502e+00
-2.839539400912993727e+00
-2.839539586828087270e+00
-2.839539773672186129e+00
-2.839539961445290306e+00
-2.839540150147399356e+00
-2.839540339778513722e+00
-2.839540530338633406e+00
-2.839540721827758407e+00
-2.839540914245888281e+00
-2.839541107593023028e+00
-2.839541301869163092e+00
-2.839541497074308030e+00
-2.839541693208458284e+00
-2.839541890271612967e+00
-2.839542088263772968e+00
-2.839542287184937841e+00
-2.839542487035108032e+00
-2.839542687814282651e+00
-2.839542889522462144e+00
-2.839543092159646509e+00
-2.839543295725835748e+00
-2.839543500221029415e+00
-2.839543705645227956e+00
-2.839543911998431369e+00
-2.839544119280639656e+00
-2.839544327491852371e+00
-2.839544536632069516e+00
-2.839544746701291533e+00
-2.839544957699517980e+00
-2.839545169626749299e+00
-2.839545382482985048e+00
-2.839545596268224781e+00
-2.839545810982469387e+00
-2.839546026625718422e+00
-2.839546243197971886e+00
-2.839546460699229335e+00
-2.839546679129491658e+00
-2.839546898488757964e+00
-2.839547118777028700e+00
-2.839547339994303865e+00
-2.839547562140583015e+00
-2.839547785215866593e+00
-2.839548009220154157e+00
-2.839548234153445705e+00
-2.839548460015741682e+00
-2.839548686807041644e+00
-2.839548914527345591e+00
-2.839549143176653523e+00
-2.839549372754965439e+00
-2.839549603262281341e+00
-2.839549834698601227e+00
-2.839550067063925098e+00
-2.839550300358252510e+00
-2.839550534581583907e+00
-2.839550769733919289e+00
-2.839551005815258211e+00
-2.839551242825601118e+00
-2.839551480764947566e+00
-2.839551719633297999e+00
-2.839551959430651529e+00
-2.839552200157009043e+00
-2.839552441812370098e+00
-2.839552684396734694e+00
-2.839552927910102831e+00
-2.839553172352474508e+00
-2.839553417723849282e+00
-2.839553664024228041e+00
-2.839553911253609897e+00
-2.839554159411994849e+00
-2.839554408499383342e+00
-2.839554658515775376e+00
-2.839554909461170062e+00
-2.839555161335568734e+00
-2.839555414138970058e+00
-2.839555667871374478e+00
-2.839555922532782439e+00
-2.839556178123193053e+00
-2.839556434642607208e+00
-2.839556692091024015e+00
-2.839556950468443919e+00
-2.839557209774866919e+00
-2.839557470010292572e+00
-2.839557731174721322e+00
-2.839557993268152725e+00
-2.839558256290586780e+00
-2.839558520242023931e+00
-2.839558785122463735e+00
-2.839559050931906636e+00
-2.839559317670351746e+00
-2.839559585337799508e+00
-2.839559853934249922e+00
-2.839560123459702989e+00
-2.839560393914158265e+00
-2.839560665297616637e+00
-2.839560937610077218e+00
-2.839561210851540007e+00
-2.839561485022005005e+00
-2.839561760121472656e+00
-2.839562036149942958e+00
-2.839562313107415026e+00
-2.839562590993889302e+00
-2.839562869809366230e+00
-2.839563149553844923e+00
-2.839563430227325824e+00
-2.839563711829808934e+00
-2.839563994361293808e+00
-2.839564277821780891e+00
-2.839564562211270182e+00
-2.839564847529760794e+00
-2.839565133777254058e+00
-2.839565420953748642e+00
-2.839565709059245435e+00
-2.839565998093743548e+00
-2.839566288057243870e+00
-2.839566578949745512e+00
-2.839566870771248919e+00
-2.839567163521754090e+00
-2.839567457201261025e+00
-2.839567751809769280e+00
-2.839568047347278856e+00
-2.839568343813790197e+00
-2.839568641209302857e+00
-2.839568939533816838e+00
-2.839569238787332583e+00
-2.839569538969849205e+00
-2.839569840081367147e+00
-2.839570142121886409e+00
-2.839570445091406992e+00
-2.839570748989928450e+00
-2.839571053817451229e+00
-2.839571359573974885e+00
-2.839571666259499860e+00
-2.839571973874025712e+00
-2.839572282417552440e+00
-2.839572591890080044e+00
-2.839572902291608525e+00
-2.839573213622137882e+00
-2.839573525881668115e+00
-2.839573839070198780e+00
-2.839574153187730321e+00
-2.839574468234262739e+00
-2.839574784209795588e+00
-2.839575101114328870e+00
-2.839575418947863028e+00
-2.839575737710397174e+00
-2.839576057401932196e+00
-2.839576378022467651e+00
-2.839576699572003093e+00
-2.839577022050539412e+00
-2.839577345458075719e+00
-2.839577669794612014e+00
-2.839577995060148741e+00
-2.839578321254685456e+00
-2.839578648378222603e+00
-2.839578976430759294e+00
-2.839579305412296417e+00
-2.839579635322833528e+00
-2.839579966162370184e+00
-2.839580297930907271e+00
-2.839580630628443902e+00
-2.839580964254980078e+00
-2.839581298810516241e+00
-2.839581634295052393e+00
-2.839581970708588088e+00
-2.839582308051122883e+00
-2.839582646322657666e+00
-2.839582985523191994e+00
-2.839583325652725865e+00
-2.839583666711258836e+00
-2.839584008698791351e+00
-2.839584351615323410e+00
-2.839584695460854569e+00
-2.839585040235385272e+00
-2.839585385938914630e+00
-2.839585732571443533e+00
-2.839586080132971535e+00
-2.839586427518475009e+00
-2.839586771569107437e+00
-2.839587112089515752e+00
-2.839587449079700399e+00
-2.839587782539661376e+00
-2.839588112469399128e+00
-2.839588438868913656e+00
-2.839588761738204958e+00
-2.839589081077273480e+00
-2.839589396886118777e+00
-2.839589709164741738e+00
-2.839590017913142361e+00
-2.839590323131320648e+00
-2.839590624819276599e+00
-2.839590922977010656e+00
-2.839591217604523266e+00
-2.839591508701813538e+00
-2.839591796268882806e+00
-2.839592080305730626e+00
-2.839592360812356997e+00
-2.839592637788761920e+00
-2.839592911234946282e+00
-2.839593181150910084e+00
-2.839593447536652882e+00
-2.839593710392175119e+00
-2.839593969717476796e+00
-2.839594225512558356e+00
-2.839594477777419801e+00
-2.839594726512061129e+00
-2.839594971716482341e+00
-2.839595213390684325e+00
-2.839595451534666193e+00
-2.839595686148428388e+00
-2.839595917231971800e+00
-2.839596144785295095e+00
-2.839596368808399607e+00
-2.839596589301285334e+00
-2.839596806263951834e+00
-2.839597019696399105e+00
-2.839597229598628036e+00
-2.839597435970638184e+00
-2.839597638812429992e+00
-2.839597838124003015e+00
-2.839598033905358143e+00
-2.839598226156494931e+00
-2.839598414877413379e+00
-2.839598600068113488e+00
-2.839598781728596144e+00
-2.839598959858860905e+00
-2.839599134458907770e+00
-2.839599305528737183e+00
-2.839599473068348701e+00
-2.839599637077742766e+00
-2.839599797556919381e+00
-2.839599954505878987e+00
-2.839600107924620698e+00
-2.839600257813145845e+00
-2.839600404171453540e+00
-2.839600546999544228e+00
-2.839600686297417909e+00
-2.839600822065075025e+00
-2.839600954302515134e+00
-2.839601083009738236e+00
-2.839601208186745218e+00
-2.839601329833534749e+00
-2.839601447950108160e+00
-2.839601562536465451e+00
-2.839601673592605735e+00
-2.839601781118529900e+00
-2.839601885114237501e+00
-2.839601985579728982e+00
-2.839602082515004344e+00
-2.839602175920063143e+00
-2.839602265794906266e+00
-2.839602352139532826e+00
-2.839602434953943710e+00
-2.839602514238138475e+00
-2.839602589992117121e+00
-2.839602662215880091e+00
-2.839602730909426942e+00
-2.839602796072758117e+00
-2.839602857705873173e+00
-2.839602915808772554e+00
-2.839602970381456259e+00
-2.839603021423924289e+00
-2.839603068936176644e+00
-2.839603112918213323e+00
-2.839603153370033883e+00
-2.839603190291639212e+00
-2.839603223683028865e+00
-2.839603253544202843e+00
-2.839603279875161146e+00
-2.839603302675904217e+00
-2.839603321946431613e+00
-2.839603337686743334e+00
-2.839603349896839379e+00
-2.839603358576719749e+00
-2.839603363726384888e+00
-2.839603365345834796e+00
-2.839603363435068584e+00
-2.839603357994087141e+00
-2.839603349022890022e+00
-2.839603336521477228e+00
-2.839603320489849203e+00
-2.839603300928005503e+00
-2.839603277835946127e+00
-2.839603251213671076e+00
-2.839603221061180793e+00
-2.839603187378474836e+00
-2.839603150165553203e+00
-2.839603109422415450e+00
-2.839603065149062466e+00
-2.839603017345493807e+00
-2.839602966011709473e+00
-2.839602911147709463e+00
-2.839602852753493334e+00
-2.839602790829061529e+00
-2.839602725374414049e+00
-2.839602656389550894e+00
-2.839602583874471176e+00
-2.839602507829176226e+00
-2.839602428253664712e+00
-2.839602345147937523e+00
-2.839602258511994215e+00
-2.839602168345834787e+00
-2.839602074649459240e+00
-2.839601977422867574e+00
-2.839601876666059788e+00
-2.839601772379035438e+00
-2.839601664561794969e+00
-2.839601553214337937e+00
-2.839601438336664341e+00
-2.839601319928774625e+00
-2.839601197990667902e+00
-2.839601072522345060e+00
-2.839600943523804766e+00
-2.839600810995048352e+00
-2.839600674936074931e+00
-2.839600535346884502e+00
-2.839600392227477066e+00
-2.839600245577853066e+00
-2.839600095398011614e+00
-2.839599941687952711e+00
-2.839599784447676800e+00
-2.839599623677183438e+00
-2.839599459376472623e+00
-2.839599291545544357e+00
-2.839599120184398640e+00
-2.839598945293035026e+00
-2.839598766871453961e+00
-2.839598584919654556e+00
-2.839598399437637699e+00
-2.839598210425402502e+00
-2.839598017882948966e+00
-2.839597821810277534e+00
-2.839597622207387317e+00
-2.839597419074279205e+00
-2.839597212410952309e+00
-2.839597002217406629e+00
-2.839596788493642610e+00
-2.839596571239659362e+00
-2.839596350455456886e+00
-2.839596126141035626e+00
-2.839595898296395138e+00
-2.839595666921535422e+00
-2.839595432016456478e+00
-2.839595193581157417e+00
-2.839594951615639129e+00
-2.839594706119901169e+00
-2.839594457093942648e+00
-2.839594204537764455e+00
-2.839593948451366145e+00
-2.839593688834747276e+00
-2.839593425687908290e+00
-2.839593159010848744e+00
-2.839592888803568194e+00
-2.839592615066067083e+00
-2.839592337798344968e+00
-2.839592057000401404e+00
-2.839591772672236836e+00
-2.839591484813850819e+00
-2.839591193425243354e+00
-2.839590898506413996e+00
-2.839590600057363190e+00
-2.839590298078090047e+00
-2.839589992568594568e+00
-2.839589683528877195e+00
-2.839589370958937042e+00
-2.839589054858774553e+00
-2.839588735228389282e+00
-2.839588412067780787e+00
-2.839588085376949511e+00
-2.839587755155894566e+00
-2.839587421404616396e+00
-2.839587688446043590e+00
-2.839587688446043590e+00
-2.839587688446043590e+00
-2.839587688446043590e+00
-2.839587688446043590e+00
-2.839587688446043590e+00
-2.839587688446043590e+00
-2.839587688446043590e+00
-2.839587688446043590e+00
-2.839587688446043590e+00
-2.839587688446043590e+00
-2.839587688446043590e+00
-2.839587688446043590e+00
-2.839587688446043590e+00
-2.839587688446043590e+00
-2.839587688446043590e+00
-2.839587688446043590e+00
-2.839587688446043590e+00
-2.839587688446043590e+00
-2.839587688446043590e+00
-2.839587688446043590e+00
-2.839587688446043590e+00
-2.839587688446043590e+00
-2.839587688446043590e+00
-2.839587688446043590e+00
-2.839587688446043590e+00
-2.839587688446043590e+00
-2.839587688446043590e+00
-2.839587688446043590e+00
-2.839587688446043590e+00
-2.839587688446043590e+00
-2.839587688446043590e+00
-2.839587688446043590e+00
-2.839587688446043590e+00
-2.839587688446043590e+00
-2.839587688446043590e+00
-2.839587688446043590e+00
-2.839587688446043590e+00
-2.839587688446043590e+00
-2.839587688446043590e+00
-2.839587688446043590e+00
-2.839587688446043590e+00
-2.839587688446043590e+00
-2.839587688446043590e+00
-2.839587688446043590e+00
-2.839587688446043590e+00
-2.839587688446043590e+00
-2.839587688446043590e+00
-2.839587688446043590e+00
-2.839587688446043590e+00
-2.839587688446043590e+00
-2.839587688446043590e+00
-2.839587688446043590e+00
-2.839587688446043590e+00
-2.839587688446043590e+00
-2.839587688446043590e+00
-2.839587688446043590e+00
-2.839587688446043590e+00
-2.839587688446043590e+00
-2.839587688446043590e+00
-2.839587688446043590e+00
-2.839587688446043590e+00
-2.839587688446043590e+00
-2.839587688446043590e+00
-2.839587688446043590e+00
-2.839587688446043590e+00
-2.839587688446043590e+00
-2.839587688446043590e+00
-2.839587688446043590e+00
-2.839587688446043590e+00
-2.839587688446043590e+00
-2.839587688446043590e+00
-2.839587688446043590e+00
-2.839587688446043590e+00
-2.839587688446043590e+00
-2.839587688446043590e+00
-2.839587688446043590e+00
-2.839587688446043590e+00
-2.839587688446043590e+00
-2.839587688446043590e+00
-2.839587688446043590e+00
-2.839587688446043590e+00
-2.839587688446043590e+00
-2.839587688446043590e+00
-2.839587688446043590e+00
-2.839587688446043590e+00
-2.839587688446043590e+00
-2.839587688446043590e+00
-2.839587688446043590e+00
-2.839587688446043590e+00
-2.839587688446043590e+00
-2.839587688446043590e+00
-2.839587688446043590e+00
-2.839587688446043590e+00
-2.839587688446043590e+00
-2.839587688446043590e+00
-2.839587688446043590e+00
-2.839587688446043590e+00
-2.839587688446043590e+00
-2.839587688446043590e+00
-2.839587688446043590e+00
-2.839587688446043590e+00
-2.839587688446043590e+00
-2.839587688446043590e+00
-2.839587688446043590e+00
-2.839587688446043590e+00
-2.839587688446043590e+00
-2.839587688446043590e+00
-2.839587688446043590e+00
-2.839587688446043590e+00
-2.839587688446043590e+00
-2.839587688446043590e+00
-2.839587688446043590e+00
-2.839587688446043590e+00
-2.839587688446043590e+00
-2.839587688446043590e+00
-2.839587688446043590e+00
-2.839587688446043590e+00
-2.839587688446043590e+00
-2.839587688446043590e+00
-2.839587688446043590e+00
-2.839587688446043590e+00
-2.839587688446043590e+00
-2.839587688446043590e+00
-2.839587688446043590e+00
-2.839587688446043590e+00
-2.839587688446043590e+00
-2.839587688446043590e+00
-2.839587688446043590e+00
-2.839587688446043590e+00
-2.839587688446043590e+00
-2.839587688446043590e+00
-2.839587688446043590e+00
-2.839587688446043590e+00
-2.839587688446043590e+00
-2.839587688446043590e+00
-2.839587688446043590e+00
-2.839587688446043590e+00
-2.839587688446043590e+00
-2.839587688446043590e+00
-2.839587688446043590e+00
-2.839587688446043590e+00
-2.839587688446043590e+00
-2.839587688446043590e+00
-2.839587688446043590e+00
-2.839587688446043590e+00
-2.839587688446043590e+00
-2.839587688446043590e+00
-2.839587688446043590e+00
-2.839587688446043590e+00
-2.839587688446043590e+00
-2.839587688446043590e+00
-2.839587688446043590e+00
-2.839587688446043590e+00
-2.839587688446043590e+00
-2.839587688446043590e+00
-2.839587688446043590e+00
-2.839587688446043590e+00
-2.839587688446043590e+00
-2.839587688446043590e+00
-2.839587688446043590e+00
-2.839587688446043590e+00
-2.839587688446043590e+00
-2.839587688446043590e+00
-2.839587688446043590e+00
-2.839587688446043590e+00
-2.839587688446043590e+00
-2.839587688446043590e+00
-2.839587688446043590e+00
-2.839587688446043590e+00
-2.839587688446043590e+00
-2.839587688446043590e+00
-2.839587688446043590e+00
-2.839587688446043590e+00
-2.839587688446043590e+00
-2.839587688446043590e+00
-2.839587688446043590e+00
-2.839587688446043590e+00
-2.839587688446043590e+00
-2.839587688446043590e+00
-2.839587688446043590e+00
-2.839587688446043590e+00
-2.839587688446043590e+00
-2.839587688446043590e+00
-2.839587688446043590e+00
-2.839587688446043590e+00
-2.839587688446043590e+00
-2.839587688446043590e+00
-2.839587688446043590e+00
-2.839587688446043590e+00
-2.839587688446043590e+00
-2.839587688446043590e+00
-2.839587688446043590e+00
-2.839587688446043590e+00
-2.839587688446043590e+00
-2.839587688446043590e+00
-2.839587688446043590e+00
-2.839587688446043590e+00
-2.839587688446043590e+00
-2.839587688446043590e+00
-2.839587688446043590e+00
-2.839587688446043590e+00
-2.839587688446043590e+00
-2.839587688446043590e+00
-2.839587688446043590e+00
-2.839587688446043590e+00
-2.839587688446043590e+00
-2.839587688446043590e+00
-2.839587688446043590e+00
-2.839587688446043590e+00
-2.839587688446043590e+00
-2.839587688446043590e+00
-2.839587688446043590e+00
-2.839587688446043590e+00
-2.839587688446043590e+00
-2.839587688446043590e+00
-2.839587688446043590e+00
-2.839587688446043590e+00
-2.839587688446043590e+00
-2.839587688446043590e+00
-2.839587688446043590e+00
-2.839587688446043590e+00
-2.839587688446043590e+00
-2.839587688446043590e+00
-2.839587688446043590e+00
-2.839587688446043590e+00
-2.839587688446043590e+00
-2.839587688446043590e+00
-2.839587688446043590e+00
-2.839587688446043590e+00
-2.839587688446043590e+00
-2.839587688446043590e+00
-2.839587688446043590e+00
-2.839587688446043590e+00
-2.839587688446043590e+00
-2.839587688446043590e+00
-2.839587688446043590e+00
-2.839587688446043590e+00
-2.839587688446043590e+00
-2.839587688446043590e+00
-2.839587688446043590e+00
-2.839587688446043590e+00
-2.839587688446043590e+00
-2.839587688446043590e+00
-2.839587688446043590e+00
-2.839587688446043590e+00
-2.839587688446043590e+00
-2.839587688446043590e+00
-2.839587688446043590e+00
-2.839587688446043590e+00
-2.839587688446043590e+00
-2.839587688446043590e+00
-2.839587688446043590e+00
-2.839587688446043590e+00
-2.839587688446043590e+00
-2.839587688446043590e+00
-2.839587688446043590e+00
-2.839587688446043590e+00
-2.839587688446043590e+00
-2.839587688446043590e+00
-2.839587688446043590e+00
-2.839587688446043590e+00
-2.839587688446043590e+00
-2.839587688446043590e+00
-2.839587688446043590e+00
-2.839587688446043590e+00
-2.839587688446043590e+00
-2.839587688446043590e+00
-2.839587688446043590e+00
-2.839587688446043590e+00
-2.839587688446043590e+00
-2.839587688446043590e+00
-2.839587688446043590e+00
-2.839587688446043590e+00
-2.839587688446043590e+00
-2.839587688446043590e+00
-2.839587688446043590e+00
-2.839587688446043590e+00
-2.839587688446043590e+00
-2.839587688446043590e+00
-2.839587688446043590e+00
-2.839587688446043590e+00
-2.839587688446043590e+00
-2.839587688446043590e+00
-2.839587688446043590e+00
-2.839587688446043590e+00
-2.839587688446043590e+00
-2.839587688446043590e+00
-2.839587688446043590e+00
-2.839587688446043590e+00
-2.839587688446043590e+00
-2.839587688446043590e+00
-2.839587688446043590e+00
-2.839587688446043590e+00
-2.839587688446043590e+00
-2.839587688446043590e+00
-2.839587688446043590e+00
-2.839587688446043590e+00
-2.839587688446043590e+00
-2.839587688446043590e+00
-2.839587688446043590e+00
-2.839587688446043590e+00
-2.839587688446043590e+00
-2.839587688446043590e+00
-2.839587688446043590e+00
-2.839587688446043590e+00
-2.839587688446043590e+00
-2.839587688446043590e+00
-2.839587688446043590e+00
-2.839587688446043590e+00
-2.839587688446043590e+00
-2.839587688446043590e+00
-2.839587688446043590e+00
-2.839587688446043590e+00
-2.839587688446043590e+00
-2.839587688446044034e+00
-2.839587688446044034e+00
-2.839587688446044034e+00
-2.839587688446044034e+00
-2.839587688446044034e+00
-2.839587688446044034e+00
-2.839587688446044034e+00
-2.839587688446044034e+00
-2.839587688446043590e+00
-2.839587688446043590e+00
-2.839587688446043590e+00
-2.839587688446043590e+00
-2.839587688446043590e+00
-2.839587688446043590e+00
-2.839587688446043590e+00
-2.839587688446043590e+00
-2.839587688446043590e+00
-2.839587688446043590e+00
-2.839587688446043590e+00
-2.839587688446043590e+00
-2.839587688446043590e+00
-2.839587688446043590e+00
-2.839587688446043590e+00
-2.839587688446043590e+00
-2.839587688446043590e+00
-2.839587688446043590e+00
-2.839587688446043590e+00
-2.839587688446043590e+00
-2.839587688446043590e+00
-2.839587688446043590e+00
-2.839587688446043590e+00
-2.839587688446043590e+00
-2.839587688446043590e+00
-2.839587688446043590e+00
-2.839587688446043590e+00
-2.839587688446043590e+00
-2.839587688446043590e+00
-2.839587688446043590e+00
-2.839587688446043590e+00
-2.839587688446043590e+00
-2.839587688446043590e+00
-2.839587688446043590e+00
-2.839587688446043590e+00
-2.839587688446043590e+00
-2.839587688446043590e+00
-2.839587688446043590e+00
-2.839587688446043590e+00
-2.839587688446043590e+00
-2.839587688446043590e+00
-2.839587688446043590e+00
-2.839587688446043590e+00
-2.839587688446043590e+00
-2.839587688446043590e+00
-2.839587688446043590e+00
-2.839587688446043590e+00
-2.839587688446043590e+00
-2.839587688446043590e+00
-2.839587688446043590e+00
-2.839587688446043590e+00
-2.839587688446043590e+00
-2.839587688446043590e+00
-2.839587688446043590e+00
-2.839587688446043590e+00
-2.839587688446043590e+00
-2.839587688446043590e+00
-2.839587688446043590e+00
-2.839587688446043590e+00
-2.839587688446043590e+00
-2.839587688446043590e+00
-2.839587688446043590e+00
-2.839587688446043590e+00
-2.839587688446044034e+00
-2.839587688446044034e+00
-2.839587688446044034e+00
-2.839587688446044034e+00
-2.839587688446044034e+00
-2.839587688446044034e+00
-2.839587688446044034e+00
-2.839587688446044034e+00
-2.839587688446044034e+00
-2.839587688446044034e+00
-2.839587688446044034e+00
-2.839587688446044034e+00
-2.839587688446044034e+00
-2.839587688446044034e+00
-2.839587688446043590e+00
-2.839587688446043590e+00
-2.839587688446043590e+00
-2.839587688446043590e+00
-2.839587688446043590e+00
-2.839587688446043590e+00
-2.839587688446043590e+00
-2.839587688446043590e+00
-2.839587688446043590e+00
-2.839587688446043590e+00
-2.839587688446043590e+00
-2.839587688446043590e+00
-2.839587688446043590e+00
-2.839587688446043590e+00
-2.839587688446043590e+00
-2.839587688446043590e+00
-2.839587688446043590e+00
-2.839587688446043590e+00
-2.839587688446043590e+00
-2.839587688446043590e+00
-2.839587688446043590e+00
-2.839587688446043590e+00
-2.839587688446043590e+00
-2.839587688446043590e+00
-2.839587688446043590e+00
-2.839587688446043590e+00
-2.839587688446043590e+00
-2.839587688446043590e+00
-2.839587688446043590e+00
-2.839587688446043590e+00
-2.839587688446043590e+00
-2.839587688446043590e+00
-2.839587688446043590e+00
-2.839587688446043590e+00
-2.839587688446043590e+00
-2.839587688446043590e+00
-2.839587688446043590e+00
-2.839587688446043590e+00
-2.839587688446043590e+00
-2.839587688446043590e+00
-2.839587688446043590e+00
-2.839587688446043590e+00
-2.839587688446043590e+00
-2.839587688446043590e+00
-2.839587688446043590e+00
-2.839587688446043590e+00
-2.839587688446043590e+00
-2.839587688446043590e+00
-2.839587688446043590e+00
-2.839587688446043590e+00
-2.839587688446043590e+00
-2.839587688446043590e+00
-2.839587688446043590e+00
-2.839587688446043590e+00
-2.839587688446043590e+00
-2.839587688446043590e+00
-2.839587688446043590e+00
-2.839587688446043590e+00
-2.839587688446043590e+00
-2.839587688446043590e+00
-2.839587688446043590e+00
-2.839587688446043590e+00
-2.839587688446043590e+00
-2.839587688446043590e+00
-2.839587688446044034e+00
-2.839587688446044034e+00
-2.839587688446044034e+00
-2.839587688446044034e+00
-2.839587688446044034e+00
-2.839587688446043590e+00
-2.839587688446043590e+00
-2.839587688446043590e+00
-2.839587688446043590e+00
-2.839587688446043590e+00
-2.839587688446043590e+00
-2.839587688446043590e+00
-2.839587688446043590e+00
-2.839587688446043590e+00
-2.839587688446043590e+00
-2.839587688446043590e+00
-2.839587688446043590e+00
-2.839587688446043590e+00
-2.839587688446043590e+00
-2.839587688446043590e+00
-2.839587688446043590e+00
-2.839587688446043590e+00
-2.839587688446043590e+00
-2.839587688446043590e+00
-2.839587688446043590e+00
-2.839587688446043590e+00
-2.839587688446043590e+00
-2.839587688446043590e+00
-2.839587688446043590e+00
-2.839587688446043590e+00
-2.839587688446043590e+00
-2.839587688446043590e+00
-2.839587688446043590e+00
-2.839587688446043590e+00
-2.839587688446043590e+00
-2.839587688446043590e+00
-2.839587688446043590e+00
-2.839587688446043590e+00
-2.839587688446043590e+00
-2.839587688446043590e+00
-2.839587688446043590e+00
-2.839587688446043590e+00
-2.839587688446043590e+00
-2.839587688446043590e+00
-2.839587688446043590e+00
-2.839587688446043590e+00
-2.839587688446043590e+00
-2.839587688446043590e+00
-2.839587688446043590e+00
-2.839587688446043590e+00
-2.839587688446043590e+00
-2.839587688446043590e+00
-2.839587688446043590e+00
-2.839587688446044034e+00
-2.839587688446044034e+00
-2.839587688446044034e+00
-2.839587688446044034e+00
-2.839587688446044034e+00
-2.839587688446044034e+00
-2.839587688446044034e+00
-2.839587688446044034e+00
-2.839587688446044034e+00
-2.839587688446044034e+00
-2.839587688446044034e+00
-2.839587688446044034e+00
-2.839587688446044034e+00
-2.839587688446044034e+00
-2.839587688446043590e+00
-2.839587688446043590e+00
-2.839587688446043590e+00
-2.839587688446043590e+00
-2.839587688446043590e+00
-2.839587688446043590e+00
-2.839587688446043590e+00
-2.839587688446043590e+00
-2.839587688446043590e+00
-2.839587688446043590e+00
-2.839587688446043590e+00
-2.839587688446043590e+00
-2.839587688446043590e+00
-2.839587688446043590e+00
-2.839587688446043590e+00
-2.839587688446043590e+00
-2.839587688446043590e+00
-2.839587688446043590e+00
-2.839587688446043590e+00
-2.839587688446043590e+00
-2.839587688446043590e+00
-2.839587688446043590e+00
-2.839587688446043590e+00
-2.839587688446043590e+00
-2.839587688446043590e+00
-2.839587688446043590e+00
-2.839587688446043590e+00
-2.839587688446043590e+00
-2.839587688446043590e+00
-2.839587688446043590e+00
-2.839587688446043590e+00
-2.839587688446043590e+00
-2.839587688446043590e+00
-2.839587688446043590e+00
-2.839587688446043590e+00
-2.839587688446043590e+00
-2.839587688446043590e+00
-2.839587688446043590e+00
-2.839587688446043590e+00
-2.839587688446044034e+00
-2.839587688446044034e+00
-2.839587688446044034e+00
-2.839587688446044034e+00
-2.839587688446044034e+00
-2.839587688446044034e+00
-2.839587688446044034e+00
-2.839587688446044034e+00
-2.839587688446044034e+00
-2.839587688446044034e+00
-2.839587688446044034e+00
-2.839587688446043590e+00
-2.839587688446043590e+00
-2.839587688446043590e+00
-2.839587688446043590e+00
-2.839587688446043590e+00
-2.839587688446043590e+00
-2.839587688446043590e+00
-2.839587688446043590e+00
-2.839587688446043590e+00
-2.839587688446043590e+00
-2.839587688446043590e+00
-2.839587688446043590e+00
-2.839587688446043590e+00
-2.839587688446043590e+00
-2.839587688446043590e+00
-2.839587688446043590e+00
-2.839587688446043590e+00
-2.839587688446043590e+00
-2.839587688446043590e+00
-2.839587688446043590e+00
-2.839587688446043590e+00
-2.839587688446043590e+00
-2.839587688446043590e+00
-2.839587688446043590e+00
-2.839587688446043590e+00
-2.839587688446043590e+00
-2.839587688446043590e+00
-2.839587688446043590e+00
-2.839587688446043590e+00
-2.839587688446043590e+00
-2.839587688446043590e+00
-2.839587688446043590e+00
-2.839587688446043590e+00
-2.839587688446043590e+00
-2.839587688446043590e+00
-2.839587688446043590e+00
-2.839587688446043590e+00
-2.839587688446043590e+00
-2.839587688446043590e+00
-2.839587688446043590e+00
-2.839587688446043590e+00
-2.839587688446043590e+00
-2.839587688446043590e+00
-2.839587688446043590e+00
-2.839587688446043590e+00
-2.839587688446043590e+00
-2.839587688446043590e+00
-2.839587688446043590e+00
-2.839587688446043590e+00
-2.839587688446043590e+00
-2.839587688446043590e+00
-2.839587688446043590e+00
-2.839587688446044034e+00
-2.839587688446044034e+00
-2.839587688446044034e+00
-2.839587688446044034e+00
-2.839587688446044034e+00
-2.839587688446044034e+00
-2.839587688446044034e+00
-2.839587688446044034e+00
-2.839587688446044034e+00
-2.839587688446044034e+00
-2.839587688446044034e+00
-2.839587688446044034e+00
-2.839587688446044034e+00
-2.839587688446044034e+00
-2.839587688446044034e+00
-2.839587688446044034e+00
-2.839587688446044034e+00
-2.839587688446043590e+00
-2.839587688446043590e+00
-2.839587688446043590e+00
-2.839587688446043590e+00
-2.839587688446043590e+00
-2.839587688446043590e+00
-2.839587688446043590e+00
-2.839587688446043590e+00
-2.839587688446043590e+00
-2.839587688446043590e+00
-2.839587688446043590e+00
-2.839587688446043590e+00
-2.839587688446043590e+00
-2.839587688446043590e+00
-2.839587688446043590e+00
-2.839587688446043590e+00
-2.839587688446043590e+00
-2.839587688446043590e+00
-2.839587688446043590e+00
-2.839587688446043590e+00
-2.839587688446043590e+00
-2.839587688446043590e+00
-2.839587688446043590e+00
-2.839587688446043590e+00
-2.839587688446043590e+00
-2.839587688446043590e+00
-2.839587688446043590e+00
-2.839587688446043590e+00
-2.839587688446043590e+00
-2.839587688446043590e+00
-2.839587688446043590e+00
-2.839587688446043590e+00
-2.839587688446043590e+00
-2.839587688446043590e+00
-2.839587688446043590e+00
-2.839587688446043590e+00
-2.839587688446043590e+00
-2.839587688446043590e+00
-2.839587688446043590e+00
-2.839587688446043590e+00
-2.839587688446043590e+00
-2.839587688446043590e+00
-2.839587688446043590e+00
-2.839587688446043590e+00
-2.839587688446043590e+00
-2.839587688446043590e+00
-2.839587688446043590e+00
-2.839587688446043590e+00
-2.839587688446043590e+00
-2.839587688446043590e+00
-2.839587688446043590e+00
-2.839587688446043590e+00
-2.839587688446043590e+00
-2.839587688446043590e+00
-2.839587688446043590e+00
-2.839587688446043590e+00
-2.839587688446043590e+00
-2.839587688446043590e+00
-2.839587688446043590e+00
-2.839587688446043590e+00
-2.839587688446043590e+00
-2.839587688446043590e+00
-2.839587688446043590e+00
-2.839587688446043590e+00
-2.839587688446043590e+00
-2.839587688446043590e+00
-2.839587688446043590e+00
-2.839587688446043590e+00
-2.839587688446043590e+00
-2.839587688446043590e+00
-2.839587688446043590e+00
-2.839587688446043590e+00
-2.839587688446043590e+00
-2.839587688446043590e+00
-2.839587688446043590e+00
-2.839587688446043590e+00
-2.839587688446043590e+00
-2.839587688446043590e+00
-2.839587688446044034e+00
-2.839587688446043590e+00
-2.839587688446043590e+00
-2.839587688446043590e+00
-2.839587688446043590e+00
-2.839587688446043590e+00
-2.839587688446043590e+00
-2.839587688446043590e+00
-2.839587688446043590e+00
-2.839587688446043590e+00
-2.839587688446043590e+00
-2.839587688446043590e+00
-2.839587688446043590e+00
-2.839587688446043590e+00
-2.839587688446043590e+00
-2.839587688446043590e+00
-2.839587688446043590e+00
-2.839587688446043590e+00
-2.839587688446043590e+00
-2.839587688446043590e+00
-2.839587688446043590e+00
-2.839587688446043590e+00
-2.839587688446043590e+00
-2.839587688446043590e+00
-2.839587688446043590e+00
-2.839587688446043590e+00
-2.839587688446043590e+00
-2.839587688446043590e+00
-2.839587688446043590e+00
-2.839587688446043590e+00
-2.839587688446043590e+00
-2.839587688446043590e+00
-2.839587688446043590e+00
-2.839587688446043590e+00
-2.839587688446043590e+00
-2.839587688446043590e+00
-2.839587688446043590e+00
-2.839587688446043590e+00
-2.839587688446043590e+00
-2.839587688446043590e+00
-2.839587688446043590e+00
-2.839587688446043590e+00
-2.839587688446043590e+00
-2.839587688446043590e+00
-2.839587688446043590e+00
-2.839587688446043590e+00
-2.839587688446043590e+00
-2.839587688446043590e+00
-2.839587688446043590e+00
-2.839587688446043590e+00
-2.839587688446043590e+00
-2.839587688446043590e+00
-2.839587688446043590e+00
-2.839587688446043590e+00
-2.839587688446043590e+00
-2.839587688446043590e+00
-2.839587688446043590e+00
-2.839587688446043590e+00
-2.839587688446043590e+00
-2.839587688446043590e+00
-2.839587688446043590e+00
-2.839587688446043590e+00
-2.839587688446043590e+00
-2.839587688446043590e+00
-2.839587688446043590e+00
-2.839587688446043590e+00
-2.839587688446043590e+00
-2.839587688446043590e+00
-2.839587688446043590e+00
-2.839587688446043590e+00
-2.839587688446043590e+00
-2.839587688446043590e+00
-2.839587688446043590e+00
-2.839587688446043590e+00
-2.839587688446043590e+00
-2.839587688446043590e+00
-2.839587688446044034e+00
-2.839587688446044034e+00
-2.839587688446043590e+00
-2.839587688446043590e+00
-2.839587688446043590e+00
-2.839587688446043590e+00
-2.839587688446043590e+00
-2.839587688446043590e+00
-2.839587688446043590e+00
-2.839587688446043590e+00
-2.839587688446043590e+00
-2.839587688446043590e+00
-2.839587688446043590e+00
-2.839587688446043590e+00
-2.839587688446043590e+00
-2.839587688446043590e+00
-2.839587688446043590e+00
-2.839587688446043590e+00
-2.839587688446043590e+00
-2.839587688446043590e+00
-2.839587688446043590e+00
-2.839587688446043590e+00
-2.839587688446043590e+00
-2.839587688446043590e+00
-2.839587688446043590e+00
-2.839587688446043590e+00
-2.839587688446043590e+00
-2.839587688446043590e+00
-2.839587688446043590e+00
-2.839587688446043590e+00
-2.839587688446043590e+00
-2.839587688446043590e+00
-2.839587688446043590e+00
-2.839587688446043590e+00
-2.839587688446043590e+00
-2.839587688446043590e+00
-2.839587688446043590e+00
-2.839587688446043590e+00
-2.839587688446043590e+00
-2.839587688446043590e+00
-2.839587688446043590e+00
-2.839587688446043590e+00
-2.839587688446044034e+00
-2.839587688446044034e+00
-2.839587688446044034e+00
-2.839587688446043590e+00
-2.839587688446043590e+00
-2.839587688446043590e+00
-2.839587688446043590e+00
-2.839587688446043590e+00
-2.839587688446043590e+00
-2.839587688446043590e+00
-2.839587688446043590e+00
-2.839587688446043590e+00
-2.839587688446043590e+00
-2.839587688446043590e+00
-2.839587688446043590e+00
-2.839587688446043590e+00
-2.839587688446043590e+00
-2.839587688446043590e+00
-2.839587688446043590e+00
-2.839587688446043590e+00
-2.839587688446043590e+00
-2.839587688446043590e+00
-2.839587688446043590e+00
-2.839587688446043590e+00
-2.839587688446043590e+00
-2.839587688446043590e+00
-2.839587688446043590e+00
-2.839587688446043590e+00
-2.839587688446043590e+00
-2.839587688446043590e+00
-2.839587688446043590e+00
-2.839587688446043590e+00
-2.839587688446043590e+00
-2.839587688446043590e+00
-2.839587688446043590e+00
-2.839587688446043590e+00
-2.839587688446043590e+00
-2.839587688446043590e+00
-2.839587688446043590e+00
-2.839587688446043590e+00
-2.839587688446043590e+00
-2.839587688446043590e+00
-2.839587688446043590e+00
-2.839587688446043590e+00
-2.839587688446043590e+00
-2.839587688446043590e+00
-2.839587688446043590e+00
-2.839587688446043590e+00
-2.839587688446043590e+00
-2.839587688446043590e+00
-2.839587688446043590e+00
-2.839587688446043590e+00
-2.839587688446043590e+00
-2.839587688446043590e+00
-2.839587688446043590e+00
-2.839587688446043590e+00
-2.839587688446043590e+00
-2.839587688446043590e+00
-2.839587688446043590e+00
-2.839587688446043590e+00
-2.839587688446043590e+00
-2.839587688446043590e+00
-2.839587688446043590e+00
-2.839587688446043590e+00
-2.839587688446043590e+00
-2.839587688446043590e+00
-2.839587688446043590e+00
-2.839587688446043590e+00
-2.839587688446043590e+00
-2.839587688446043590e+00
-2.839587688446043590e+00
-2.839587688446043590e+00
-2.839587688446043590e+00
-2.839587688446043590e+00
-2.839587688446043590e+00
-2.839587688446043590e+00
-2.839587688446043590e+00
-2.839587688446043590e+00
-2.839587688446043590e+00
-2.839587688446043590e+00
-2.839587688446043590e+00
-2.839587688446043590e+00
-2.839587688446043590e+00
-2.839587688446043590e+00
-2.839587688446043590e+00
-2.839587688446043590e+00
-2.839587688446043590e+00
-2.839587688446043590e+00
-2.839587688446043590e+00
-2.839587688446043590e+00
-2.839587688446043590e+00
-2.839587688446043590e+00
-2.839587688446043590e+00
-2.839587688446043590e+00
-2.839587688446043590e+00
-2.839587688446043590e+00
-2.839587688446043590e+00
-2.839587688446043590e+00
-2.839587688446043590e+00
-2.839587688446043590e+00
-2.839587688446043590e+00
-2.839587688446043590e+00
-2.839587688446043590e+00
-2.839587688446043590e+00
-2.839587688446043590e+00
-2.839587688446043590e+00
-2.839587688446043590e+00
-2.839587688446043590e+00
-2.839587688446043590e+00
-2.839587688446043590e+00
-2.839587688446043590e+00
-2.839587688446043590e+00
-2.839587688446043590e+00
-2.839587688446043590e+00
-2.839587688446043590e+00
-2.839587688446043590e+00
-2.839587688446043590e+00
-2.839587688446043590e+00
-2.839587688446043590e+00
-2.839587688446043590e+00
-2.839587688446043590e+00
-2.839587688446043590e+00
-2.839587688446043590e+00
-2.839587688446043590e+00
-2.839587688446043590e+00
-2.839587688446043590e+00
-2.839587688446043590e+00
-2.839587688446043590e+00
-2.839587688446043590e+00
-2.839587688446043590e+00
-2.839587688446043590e+00
-2.839587688446043590e+00
-2.839587688446043590e+00
-2.839587688446043590e+00
-2.839587688446043590e+00
-2.839587688446043590e+00
-2.839587688446043590e+00
-2.839587688446043590e+00
-2.839587688446043590e+00
-2.839587688446043590e+00
-2.839587688446043590e+00
-2.839587688446043590e+00
-2.839587688446043590e+00
-2.839587688446043590e+00
-2.839587688446043590e+00
-2.839587688446043590e+00
-2.839587688446043590e+00
-2.839587688446043590e+00
-2.839587688446043590e+00
-2.839587688446043590e+00
-2.839587688446043590e+00
-2.839587688446043590e+00
-2.839587688446043590e+00
-2.839587688446043590e+00
-2.839587688446043590e+00
-2.839587688446043590e+00
-2.839587688446043590e+00
-2.839587688446043590e+00
-2.839587688446043590e+00
-2.839587688446043590e+00
-2.839587688446043590e+00
-2.839587688446043590e+00
-2.839587688446043590e+00
-2.839587688446043590e+00
-2.839587688446043590e+00
-2.839587688446043590e+00
-2.839587688446043590e+00
-2.839587688446043590e+00
-2.839587688446043590e+00
-2.839587688446043590e+00
-2.839587688446043590e+00
-2.839587688446043590e+00
-2.839587688446043590e+00
-2.839587688446043590e+00
-2.839587688446043590e+00
-2.839587688446043590e+00
-2.839587688446043590e+00
-2.839587688446043590e+00
-2.839587688446043590e+00
-2.839587688446043590e+00
-2.839587688446043590e+00
-2.839587688446043590e+00
-2.839587688446043590e+00
-2.839587688446043590e+00
-2.839587688446043590e+00
-2.839587688446043590e+00
-2.839587688446043590e+00
-2.839587688446043590e+00
-2.839587688446043590e+00
-2.839587688446043590e+00
-2.839587688446043590e+00
-2.839587688446043590e+00
-2.839587688446043590e+00
-2.839587688446043590e+00
-2.839587688446043590e+00
-2.839587688446043590e+00
-2.839587688446043590e+00
-2.839587688446043590e+00
-2.839587688446043590e+00
-2.839587688446043590e+00
-2.839587688446043590e+00
-2.839587688446043590e+00
-2.839587688446043590e+00
-2.839587688446043590e+00
-2.839587688446043590e+00
-2.839587688446043590e+00
-2.839587688446043590e+00
-2.839587688446043590e+00
-2.839587688446043590e+00
-2.839587688446043590e+00
-2.839587688446043590e+00
-2.839587688446043590e+00
-2.839587688446043590e+00
-2.839587688446043590e+00
-2.839587688446043590e+00
-2.839587688446043590e+00
-2.839587688446043590e+00
-2.839587688446043590e+00
-2.839587688446043590e+00
-2.839587688446043590e+00
-2.839587688446043590e+00
-2.839587688446043590e+00
-2.839587688446043590e+00
-2.839587688446043590e+00
-2.839587688446043590e+00
-2.839587688446043590e+00
-2.839587688446043590e+00
-2.839587688446043590e+00
-2.839587688446043590e+00
-2.839587688446043590e+00
-2.839587688446043590e+00
-2.839587688446043590e+00
-2.839587688446043590e+00
-2.839587688446043590e+00
-2.839587688446043590e+00
-2.839587688446043590e+00
-2.839587688446043590e+00
-2.839587688446043590e+00
-2.839587688446043590e+00
-2.839587688446043590e+00
-2.839587688446043590e+00
-2.839587688446043590e+00
-2.839587688446043590e+00
-2.839587688446043590e+00
-2.839587688446043590e+00
-2.839587688446043590e+00
-2.839587688446043590e+00
-2.839587688446044034e+00
-2.839587688446044034e+00
-2.839587688446044034e+00
-2.839587688446044034e+00
-2.839587688446044034e+00
-2.839587688446044034e+00
-2.839587688446044034e+00
-2.839587688446044034e+00
-2.839587688446044034e+00
-2.839587688446044034e+00
-2.839587688446044034e+00
-2.839587688446044034e+00
-2.839587688446044034e+00
-2.839587688446044034e+00
-2.839587688446044034e+00
-2.839587688446044034e+00
-2.839587688446044034e+00
-2.839587688446044034e+00
-2.839587688446044034e+00
-2.839587688446044034e+00
-2.839587688446044034e+00
-2.839587688446044034e+00
-2.839587688446044034e+00
-2.839587688446044034e+00
-2.839587688446044034e+00
-2.839587688446044034e+00
-2.839587688446044034e+00
-2.839587688446044034e+00
-2.839587688446044034e+00
-2.839587688446044034e+00
-2.839587688446044034e+00
-2.839587688446044034e+00
-2.839587688446044034e+00
-2.839587688446044034e+00
-2.839587688446044034e+00
-2.839587688446044034e+00
-2.839587688446044034e+00
-2.839587688446044034e+00
-2.839587688446044034e+00
-2.839587688446044034e+00
-2.839587688446044034e+00
-2.839587688446044034e+00
-2.839587688446044034e+00
-2.839587688446044034e+00
-2.839587688446044034e+00
-2.839587688446044034e+00
-2.839587688446044034e+00
-2.839587688446044034e+00
-2.839587688446044034e+00
-2.839587688446044034e+00
-2.839587688446044034e+00
-2.839587688446044034e+00
-2.839587688446044034e+00
-2.839587688446044034e+00
-2.839587688446044034e+00
-2.839587688446044034e+00
-2.839587688446044034e+00
-2.839587688446044034e+00
-2.839587688446044034e+00
-2.839587688446044034e+00
-2.839587688446044034e+00
-2.839587688446044034e+00
-2.839587688446044034e+00
-2.839587688446044034e+00
-2.839587688446044034e+00
-2.839587688446044034e+00
-2.839587688446044034e+00
-2.839587688446044034e+00
-2.839587688446044034e+00
-2.839587688446044034e+00
-2.839587688446044034e+00
-2.839587688446044034e+00
-2.839587688446044034e+00
-2.839587688446044034e+00
-2.839587688446044034e+00
-2.839587688446044034e+00
-2.839587688446044034e+00
-2.839587688446044034e+00
-2.839587688446044034e+00
-2.839587688446044034e+00
-2.839587688446044034e+00
-2.839587688446044034e+00
-2.839587688446044034e+00
-2.839587688446044034e+00
-2.839587688446044034e+00
-2.839587688446044034e+00
-2.839587688446044034e+00
-2.839587688446044034e+00
-2.839587688446044034e+00
-2.839587688446044034e+00
-2.839587688446044034e+00
-2.839587688446044034e+00
-2.839587688446044034e+00
-2.839587688446044034e+00
-2.839587688446044034e+00
-2.839587688446043590e+00
-2.839587688446043590e+00
-2.839587688446043590e+00
-2.839587688446043590e+00
-2.839587688446043590e+00
-2.839587688446043590e+00
-2.839587688446043590e+00
-2.839587688446043590e+00
-2.839587688446043590e+00
-2.839587688446043590e+00
-2.839587688446043590e+00
-2.839587688446043590e+00
-2.839587688446043590e+00
-2.839587688446043590e+00
-2.839587688446043590e+00
-2.839587688446043590e+00
-2.839587688446043590e+00
-2.839587688446043590e+00
-2.839587688446043590e+00
-2.839587688446043590e+00
-2.839587688446043590e+00
-2.839587688446043590e+00
-2.839587688446043590e+00
-2.839587688446043590e+00
-2.839587688446043590e+00
-2.839587688446043590e+00
-2.839587688446043590e+00
-2.839587688446043590e+00
-2.839587688446043590e+00
-2.839587688446043590e+00
-2.839587688446043590e+00
-2.839587688446044034e+00
-2.839587688446044034e+00
-2.839587688446044034e+00
-2.839587688446044034e+00
-2.839587688446044034e+00
-2.839587688446044034e+00
-2.839587688446044034e+00
-2.839587688446044034e+00
-2.839587688446044034e+00
-2.839587688446044034e+00
-2.839587688446044034e+00
-2.839587688446044034e+00
-2.839587688446044034e+00
-2.839587688446044034e+00
-2.839587688446044034e+00
-2.839587688446044034e+00
-2.839587688446044034e+00
-2.839587688446044034e+00
-2.839587688446044034e+00
-2.839587688446044034e+00
-2.839587688446044034e+00
-2.839587688446044034e+00
-2.839587688446044034e+00
-2.839587688446044034e+00
-2.839587688446044034e+00
-2.839587688446044034e+00
-2.839587688446044034e+00
-2.839587688446044034e+00
-2.839587688446044034e+00
-2.839587688446044034e+00
-2.839587688446044034e+00
-2.839587688446044034e+00
-2.839587688446044034e+00
-2.839587688446044034e+00
-2.839587688446044034e+00
-2.839587688446044034e+00
-2.839587688446044034e+00
-2.839587688446044034e+00
-2.839587688446044034e+00
-2.839587688446044034e+00
-2.839587688446044034e+00
-2.839587688446044034e+00
-2.839587688446044034e+00
-2.839587688446044034e+00
-2.839587688446044034e+00
-2.839587688446044034e+00
-2.839587688446044034e+00
-2.839587688446044034e+00
-2.839587688446044034e+00
-2.839587688446044034e+00
-2.839587688446044034e+00
-2.839587688446044034e+00
-2.839587688446044034e+00
-2.839587688446044034e+00
-2.839587688446044034e+00
-2.839587688446044034e+00
-2.839587688446044034e+00
-2.839587688446044034e+00
-2.839587688446044034e+00
-2.839587688446044034e+00
-2.839587688446044034e+00
-2.839587688446044034e+00
-2.839587688446044034e+00
-2.839587688446044034e+00
-2.839587688446044034e+00
-2.839587688446044034e+00
-2.839587688446044034e+00
-2.839587688446044034e+00
-2.839587688446044034e+00
-2.839587688446044034e+00
-2.839587688446044034e+00
-2.839587688446044034e+00
-2.839587688446044034e+00
-2.839587688446044034e+00
-2.839587688446044034e+00
-2.839587688446044034e+00
-2.839587688446044034e+00
-2.839587688446044034e+00
-2.839587688446044034e+00
-2.839587688446044034e+00
-2.839587688446044034e+00
-2.839587688446044034e+00
-2.839587688446044034e+00
-2.839587688446044034e+00
-2.839587688446044034e+00
-2.839587688446044034e+00
-2.839587688446044034e+00
-2.839587688446044034e+00
-2.839587688446044034e+00
-2.839587688446044034e+00
-2.839587688446044034e+00
-2.839587688446044034e+00
-2.839587688446044034e+00
-2.839587688446044034e+00
-2.839587688446044034e+00
-2.839587688446044034e+00
-2.839587688446044034e+00
-2.839587688446044034e+00
-2.839587688446044034e+00
-2.839587688446044034e+00
-2.839587688446044034e+00
-2.839587688446044034e+00
-2.839587688446044034e+00
-2.839587688446044034e+00
-2.839587688446044034e+00
-2.839587688446044034e+00
-2.839587688446044034e+00
-2.839587688446044034e+00
-2.839587688446044034e+00
-2.839587688446044034e+00
-2.839587688446044034e+00
-2.839587688446044034e+00
-2.839587688446044034e+00
-2.839587688446044034e+00
-2.839587688446044034e+00
-2.839587688446044034e+00
-2.839587688446043590e+00
-2.839587688446043590e+00
-2.839587688446043590e+00
-2.839587688446043590e+00
-2.839587688446043590e+00
-2.839587688446043590e+00
-2.839587688446043590e+00
-2.839587688446043590e+00
-2.839587688446043590e+00
-2.839587688446043590e+00
-2.839587688446043590e+00
-2.839587688446043590e+00
-2.839587688446043590e+00
-2.839587688446043590e+00
-2.839587688446043590e+00
-2.839587688446043590e+00
-2.839587688446043590e+00
-2.839587688446043590e+00
-2.839587688446044034e+00
-2.839587688446044034e+00
-2.839587688446044034e+00
-2.839587688446044034e+00
-2.839587688446044034e+00
-2.839587688446044034e+00
-2.839587688446044034e+00
-2.839587688446044034e+00
-2.839587688446044034e+00
-2.839587688446044034e+00
-2.839587688446044034e+00
-2.839587688446044034e+00
-2.839587688446044034e+00
-2.839587688446044034e+00
-2.839587688446044034e+00
-2.839587688446044034e+00
-2.839587688446044034e+00
-2.839587688446044034e+00
-2.839587688446044034e+00
-2.839587688446044034e+00
-2.839587688446044034e+00
-2.839587688446044034e+00
-2.839587688446044034e+00
-2.839587688446044034e+00
-2.839587688446044034e+00
-2.839587688446044034e+00
-2.839587688446044034e+00
-2.839587688446044034e+00
-2.839587688446044034e+00
-2.839587688446044034e+00
-2.839587688446043590e+00
-2.839587688446043590e+00
-2.839587688446043590e+00
-2.839587688446043590e+00
-2.839587688446043590e+00
-2.839587688446043590e+00
-2.839587688446043590e+00
-2.839587688446043590e+00
-2.839587688446043590e+00
-2.839587688446044034e+00
-2.839587688446044034e+00
-2.839587688446044034e+00
-2.839587688446044034e+00
-2.839587688446044034e+00
-2.839587688446044034e+00
-2.839587688446044034e+00
-2.839587688446044034e+00
-2.839587688446044034e+00
-2.839587688446044034e+00
-2.839587688446044034e+00
-2.839587688446044034e+00
-2.839587688446044034e+00
-2.839587688446044034e+00
-2.839587688446044034e+00
-2.839587688446044034e+00
-2.839587688446044034e+00
-2.839587688446044034e+00
-2.839587688446044034e+00
-2.839587688446044034e+00
-2.839587688446044034e+00
-2.839587688446044034e+00
-2.839587688446044034e+00
-2.839587688446044034e+00
-2.839587688446044034e+00
-2.839587688446043590e+00
-2.839587688446043590e+00
-2.839587688446043590e+00
-2.839587688446043590e+00
-2.839587688446043590e+00
-2.839587688446043590e+00
-2.839587688446043590e+00
-2.839587688446043590e+00
-2.839587688446043590e+00
-2.839587688446043590e+00
-2.839587688446043590e+00
-2.839587688446043590e+00
-2.839587688446043590e+00
-2.839587688446043590e+00
-2.839587688446043590e+00
-2.839587688446043590e+00
-2.839587688446043590e+00
-2.839587688446043590e+00
-2.839587688446044034e+00
-2.839587688446044034e+00
-2.839587688446044034e+00
-2.839587688446044034e+00
-2.839587688446044034e+00
-2.839587688446044034e+00
-2.839587688446044034e+00
-2.839587688446044034e+00
-2.839587688446044034e+00
-2.839587688446044034e+00
-2.839587688446044034e+00
-2.839587688446044034e+00
-2.839587688446044034e+00
-2.839587688446043590e+00
-2.839587688446043590e+00
-2.839587688446043590e+00
-2.839587688446044034e+00
-2.839587688446044034e+00
-2.839587688446044034e+00
-2.839587688446044034e+00
-2.839587688446044034e+00
-2.839587688446044034e+00
-2.839587688446044034e+00
-2.839587688446044034e+00
-2.839587688446044034e+00
-2.839587688446044034e+00
-2.839587688446044034e+00
-2.839587688446044034e+00
-2.839587688446044034e+00
-2.839587688446044034e+00
-2.839587688446044034e+00
-2.839587688446044034e+00
-2.839587688446044034e+00
-2.839587688446044034e+00
-2.839587688446044034e+00
-2.839587688446044034e+00
-2.839587688446044034e+00
-2.839587688446044034e+00
-2.839587688446044034e+00
-2.839587688446044034e+00
-2.839587688446044034e+00
-2.839587688446044034e+00
-2.839587688446044034e+00
-2.839587688446044034e+00
-2.839587688446044034e+00
-2.839587688446044034e+00
-2.839587688446044034e+00
-2.839587688446044034e+00
-2.839587688446044034e+00
-2.839587688446044034e+00
-2.839587688446044034e+00
-2.839587688446044034e+00
-2.839587688446044034e+00
-2.839587688446044034e+00
-2.839587688446044034e+00
-2.839587688446044034e+00
-2.839587688446044034e+00
-2.839587688446044034e+00
-2.839587688446044034e+00
-2.839587688446043590e+00
-2.839587688446043590e+00
-2.839587688446043590e+00
-2.839587688446043590e+00
-2.839587688446043590e+00
-2.839587688446043590e+00
-2.839587688446043590e+00
-2.839587688446043590e+00
-2.839587688446043590e+00
-2.839587688446044034e+00
-2.839587688446044034e+00
-2.839587688446044034e+00
-2.839587688446044034e+00
-2.839587688446044034e+00
-2.839587688446044034e+00
-2.839587688446044034e+00
-2.839587688446044034e+00
-2.839587688446044034e+00
-2.839587688446044034e+00
-2.839587688446043590e+00
-2.839587688446044034e+00
-2.839587688446044034e+00
-2.839587688446044034e+00
-2.839587688446044034e+00
-2.839587688446044034e+00
-2.839587688446044034e+00
-2.839587688446044034e+00
-2.839587688446044034e+00
-2.839587688446044034e+00
-2.839587688446044034e+00
-2.839587688446044034e+00
-2.839587688446044034e+00
-2.839587688446044034e+00
-2.839587688446044034e+00
-2.839587688446044034e+00
-2.839587688446044034e+00
-2.839587688446043590e+00
-2.839587688446043590e+00
-2.839587688446043590e+00
-2.839587688446043590e+00
-2.839587688446043590e+00
-2.839587688446043590e+00
-2.839587688446044034e+00
-2.839587688446044034e+00
-2.839587688446044034e+00
-2.839587688446044034e+00
-2.839587688446044034e+00
-2.839587688446043590e+00
-2.839587688446043590e+00
-2.839587688446043590e+00
-2.839587688446043590e+00
-2.839587688446043590e+00
-2.839587688446043590e+00
-2.839587688446043590e+00
-2.839587688446043590e+00
-2.839587688446044034e+00
-2.839587688446044034e+00
-2.839587688446044034e+00
-2.839587688446044034e+00
-2.839587688446044034e+00
-2.839587688446044034e+00
-2.839587688446044034e+00
-2.839587688446044034e+00
-2.839587688446044034e+00
-2.839587688446044034e+00
-2.839587688446044034e+00
-2.839587688446044034e+00
-2.839587688446044034e+00
-2.839587688446043590e+00
-2.839587688446043590e+00
-2.839587688446043590e+00
-2.839587688446043590e+00
-2.839587688446043590e+00
-2.839587688446043590e+00
-2.839587688446043590e+00
-2.839587688446043590e+00
-2.839587688446043590e+00
-2.839587688446043590e+00
-2.839587688446043590e+00
-2.839587688446043590e+00
-2.839587688446043590e+00
-2.839587688446043590e+00
-2.839587688446043590e+00
-2.839587688446043590e+00
-2.839587688446044034e+00
-2.839587688446044034e+00
-2.839587688446044034e+00
-2.839587688446044034e+00
-2.839587688446044034e+00
-2.839587688446043590e+00
-2.839587688446043590e+00
-2.839587688446043590e+00
-2.839587688446044034e+00
-2.839587688446044034e+00
-2.839587688446044034e+00
-2.839587688446044034e+00
-2.839587688446044034e+00
-2.839587688446044034e+00
-2.839587688446044034e+00
-2.839587688446044034e+00
-2.839587688446043590e+00
-2.839587688446043590e+00
-2.839587688446043590e+00
-2.839587688446043590e+00
-2.839587688446044034e+00
-2.839587688446044034e+00
-2.839587688446044034e+00
-2.839587688446044034e+00
-2.839587688446044034e+00
-2.839587688446044034e+00
-2.839587688446044034e+00
-2.839587688446043590e+00
-2.839587688446043590e+00
-2.839587688446043590e+00
-2.839587688446043590e+00
-2.839587688446043590e+00
-2.839587688446043590e+00
-2.839587688446043590e+00
-2.839587688446043590e+00
-2.839587688446043590e+00
-2.839587688446044034e+00
-2.839587688446044034e+00
-2.839587688446044034e+00
-2.839587688446044034e+00
-2.839587688446044034e+00
-2.839587688446044034e+00
-2.839587688446044034e+00
-2.839587688446044034e+00
-2.839587688446044034e+00
-2.839587688446044034e+00
-2.839587688446044034e+00
-2.839587688446044034e+00
-2.839587688446043590e+00
-2.839587688446043590e+00
-2.839587688446043590e+00
-2.839587688446043590e+00
-2.839587688446043590e+00
-2.839587688446043590e+00
-2.839587688446043590e+00
-2.839587688446043590e+00
-2.839587688446043590e+00
-2.839587688446043590e+00
-2.839587688446043590e+00
-2.839587688446043590e+00
-2.839587688446044034e+00
-2.839587688446044034e+00
-2.839587688446044034e+00
-2.839587688446044034e+00
-2.839587688446044034e+00
-2.839587688446044034e+00
-2.839587688446044034e+00
-2.839587688446044034e+00
-2.839587688446044034e+00
-2.839587688446043590e+00
-2.839587688446043590e+00
-2.839587688446043590e+00
-2.839587688446043590e+00
-2.839587688446043590e+00
-2.839587688446043590e+00
-2.839587688446043590e+00
-2.839587688446043590e+00
-2.839587688446043590e+00
-2.839587688446043590e+00
-2.839587688446043590e+00
-2.839587688446044034e+00
-2.839587688446044034e+00
-2.839587688446044034e+00
-2.839587688446044034e+00
-2.839587688446044034e+00
-2.839587688446044034e+00
-2.839587688446044034e+00
-2.839587688446044034e+00
-2.839587688446044034e+00
-2.839587688446044034e+00
-2.839587688446044034e+00
-2.839587688446043590e+00
-2.839587688446043590e+00
-2.839587688446043590e+00
-2.839587688446043590e+00
-2.839587688446043590e+00
-2.839587688446043590e+00
-2.839587688446044034e+00
-2.839587688446044034e+00
-2.839587688446044034e+00
-2.839587688446044034e+00
-2.839587688446044034e+00
-2.839587688446044034e+00
-2.839587688446044034e+00
-2.839587688446043590e+00
-2.839587688446043590e+00
-2.839587688446043590e+00
-2.839587688446043590e+00
-2.839587688446044034e+00
-2.839587688446044034e+00
-2.839587688446044034e+00
-2.839587688446044034e+00
-2.839587688446044034e+00
-2.839587688446043590e+00
-2.839587688446043590e+00
-2.839587688446043590e+00
-2.839587688446043590e+00
-2.839587688446043590e+00
-2.839587688446043590e+00
-2.839587688446043590e+00
-2.839587688446044034e+00
-2.839587688446043590e+00
-2.839587688446043590e+00
-2.839587688446043590e+00
-2.839587688446043590e+00
-2.839587688446043590e+00
-2.839587688446044034e+00
-2.839587688446044034e+00
-2.839587688446044034e+00
-2.839587688446044034e+00
-2.839587688446044034e+00
-2.839587688446044034e+00
-2.839587688446044034e+00
-2.839587688446044034e+00
-2.839587688446043590e+00
-2.839587688446043590e+00
-2.839587688446043590e+00
-2.839587688446043590e+00
-2.839587688446043590e+00
-2.839587688446044034e+00
-2.839587688446044034e+00
-2.839587688446044034e+00
-2.839587688446044034e+00
-2.839587688446044034e+00
-2.839587688446043590e+00
-2.839587688446044034e+00
-2.839587688446044034e+00
-2.839587688446044034e+00
-2.839587688446044034e+00
-2.839587688446044034e+00
-2.839587688446044034e+00
-2.839587688446044034e+00
-2.839587688446044034e+00
-2.839587688446044034e+00
-2.839587688446044034e+00
-2.839587688446043590e+00
-2.839587688446043590e+00
-2.839587688446043590e+00
-2.839587688446043590e+00
-2.839587688446043590e+00
-2.839587688446043590e+00
-2.839587688446043590e+00
-2.839587688446044034e+00
-2.839587688446044034e+00
-2.839587688446043590e+00
-2.839587688446043590e+00
-2.839587688446043590e+00
-2.839587688446043590e+00
-2.839587688446043590e+00
-2.839587688446043590e+00
-2.839587688446044034e+00
-2.839587688446044034e+00
-2.839587688446044034e+00
-2.839587688446044034e+00
-2.839587688446044034e+00
-2.839587688446044034e+00
-2.839587688446044034e+00
-2.839587688446043590e+00
-2.839587688446043590e+00
-2.839587688446043590e+00
-2.839587688446043590e+00
-2.839587688446044034e+00
-2.839587688446044034e+00
-2.839587688446044034e+00
-2.839587688446044034e+00
-2.839587688446044034e+00
-2.839587688446044034e+00
-2.839587688446044034e+00
-2.839587688446044034e+00
-2.839587688446043590e+00
-2.839587688446043590e+00
-2.839587688446043590e+00
-2.839587688446043590e+00
-2.839587688446043590e+00
-2.839587688446043590e+00
-2.839587688446043590e+00
-2.839587688446043590e+00
-2.839587688446043590e+00
-2.839587688446043590e+00
-2.839587688446043590e+00
-2.839587688446043590e+00
-2.839587688446043590e+00
-2.839587688446044034e+00
-2.839587688446044034e+00
-2.839587688446044034e+00
-2.839587688446044034e+00
-2.839587688446044034e+00
-2.839587688446044034e+00
-2.839587688446044034e+00
-2.839587688446044034e+00
-2.839587688446044034e+00
-2.839587688446044034e+00
-2.839587688446044034e+00
-2.839587688446044034e+00
-2.839587688446043590e+00
-2.839587688446043590e+00
-2.839587688446043590e+00
-2.839587688446044034e+00
-2.839587688446044034e+00
-2.839587688446044034e+00
-2.839587688446044034e+00
-2.839587688446044034e+00
-2.839587688446044034e+00
-2.839587688446044034e+00
-2.839587688446044034e+00
-2.839587688446044034e+00
-2.839587688446044034e+00
-2.839587688446044034e+00
-2.839587688446044034e+00
-2.839587688446044034e+00
-2.839587688446044034e+00
-2.839587688446043590e+00
-2.839587688446043590e+00
-2.839587688446043590e+00
-2.839587688446043590e+00
-2.839587688446043590e+00
-2.839587688446043590e+00
-2.839587688446043590e+00
-2.839587688446043590e+00
-2.839587688446043590e+00
-2.839587688446043590e+00
-2.839587688446043590e+00
-2.839587688446043590e+00
-2.839587688446043590e+00
-2.839587688446043590e+00
-2.839587688446043590e+00
-2.839587688446043590e+00
-2.839587688446043590e+00
-2.839587688446043590e+00
-2.839587688446043590e+00
-2.839587688446043590e+00
-2.839587688446043590e+00
-2.839587688446043590e+00
-2.839587688446043590e+00
-2.839587688446043590e+00
-2.839587688446043590e+00
-2.839587688446043590e+00
-2.839587688446043590e+00
-2.839587688446043590e+00
-2.839587688446043590e+00
-2.839587688446043590e+00
-2.839587688446043590e+00
-2.839587688446043590e+00
-2.839587688446043590e+00
-2.839587688446043590e+00
-2.839587688446043590e+00
-2.839587688446044034e+00
-2.839587688446044034e+00
-2.839587688446044034e+00
-2.839587688446044034e+00
-2.839587688446044034e+00
-2.839587688446044034e+00
-2.839587688446044034e+00
-2.839587688446044034e+00
-2.839587688446044034e+00
-2.839587688446043590e+00
-2.839587688446043590e+00
-2.839587688446043590e+00
-2.839587688446043590e+00
-2.839587688446043590e+00
-2.839587688446043590e+00
-2.839587688446043590e+00
-2.839587688446043590e+00
-2.839587688446043590e+00
-2.839587688446043590e+00
-2.839587688446043590e+00
-2.839587688446043590e+00
-2.839587688446043590e+00
-2.839587688446044034e+00
-2.839587688446043590e+00
-2.839587688446043590e+00
-2.839587688446043590e+00
-2.839587688446043590e+00
-2.839587688446044034e+00
-2.839587688446044034e+00
-2.839587688446044034e+00
-2.839587688446044034e+00
-2.839587688446044034e+00
-2.839587688446044034e+00
-2.839587688446044034e+00
-2.839587688446044034e+00
-2.839587688446043590e+00
-2.839587688446043590e+00
-2.839587688446043590e+00
-2.839587688446043590e+00
-2.839587688446043590e+00
-2.839587688446043590e+00
-2.839587688446043590e+00
-2.839587688446043590e+00
-2.839587688446044034e+00
-2.839587688446044034e+00
-2.839587688446044034e+00
-2.839587688446044034e+00
-2.839587688446043590e+00
-2.839587688446043590e+00
-2.839587688446043590e+00
-2.839587688446043590e+00
-2.839587688446043590e+00
-2.839587688446043590e+00
-2.839587688446043590e+00
-2.839587688446043590e+00
-2.839587688446043590e+00
-2.839587688446043590e+00
-2.839587688446043590e+00
-2.839587688446044034e+00
-2.839587688446044034e+00
-2.839587688446043590e+00
-2.839587688446043590e+00
-2.839587688446043590e+00
-2.839587688446043590e+00
-2.839587688446044034e+00
-2.839587688446043590e+00
-2.839587688446043590e+00
-2.839587688446043590e+00
-2.839587688446043590e+00
-2.839587688446043590e+00
-2.839587688446043590e+00
-2.839587688446044034e+00
-2.839587688446043590e+00
-2.839587688446043590e+00
-2.839587688446043590e+00
-2.839587688446043590e+00
-2.839587688446043590e+00
-2.839587688446043590e+00
-2.839587688446043590e+00
-2.839587688446043590e+00
-2.839587688446043590e+00
-2.839587688446043590e+00
-2.839587688446043590e+00
-2.839587688446043590e+00
-2.839587688446044034e+00
-2.839587688446043590e+00
-2.839587688446043590e+00
-2.839587688446043590e+00
-2.839587688446043590e+00
-2.839587688446043590e+00
-2.839587688446043590e+00
-2.839587688446043590e+00
-2.839587688446043590e+00
-2.839587688446043590e+00
-2.839587688446043590e+00
-2.839587688446044034e+00
-2.839587688446044034e+00
-2.839587688446043590e+00
-2.839587688446043590e+00
-2.839587688446043590e+00
-2.839587688446043590e+00
-2.839587688446043590e+00
-2.839587688446043590e+00
-2.839587688446043590e+00
-2.839587688446043590e+00
-2.839587688446043590e+00
-2.839587688446043590e+00
-2.839587688446044034e+00
-2.839587688446044034e+00
-2.839587688446044034e+00
-2.839587688446043590e+00
-2.839587688446043590e+00
-2.839587688446043590e+00
-2.839587688446043590e+00
-2.839587688446043590e+00
-2.839587688446043590e+00
-2.839587688446043590e+00
-2.839587688446044034e+00
-2.839587688446044034e+00
-2.839587688446044034e+00
-2.839587688446044034e+00
-2.839587688446044034e+00
-2.839587688446043590e+00
-2.839587688446044034e+00
-2.839587688446044034e+00
-2.839587688446044034e+00
-2.839587688446044034e+00
-2.839587688446044034e+00
-2.839587688446044034e+00
-2.839587688446044034e+00
-2.839587688446044034e+00
-2.839587688446044034e+00
-2.839587688446044034e+00
-2.839587688446044034e+00
-2.839587688446044034e+00
-2.839587688446044034e+00
-2.839587688446044034e+00
-2.839587688446044034e+00
-2.839587688446044034e+00
-2.839587688446044034e+00
-2.839587688446044034e+00
-2.839587688446044034e+00
-2.839587688446044034e+00
-2.839587688446044034e+00
-2.839587688446044034e+00
-2.839587688446044034e+00
-2.839587688446044034e+00
-2.839587688446044034e+00
-2.839587688446044034e+00
-2.839587688446044034e+00
-2.839587688446044034e+00
-2.839587688446044034e+00
-2.839587688446044034e+00
-2.839587688446044034e+00
-2.839587688446044034e+00
-2.839587688446044034e+00
-2.839587688446044034e+00
-2.839587688446044034e+00
-2.839587688446044034e+00
-2.839587688446044034e+00
-2.839587688446044034e+00
-2.839587688446044034e+00
-2.839587688446044034e+00
-2.839587688446043590e+00
-2.839587688446043590e+00
-2.839587688446043590e+00
-2.839587688446043590e+00
-2.839587688446043590e+00
-2.839587688446043590e+00
-2.839587688446043590e+00
-2.839587688446043590e+00
-2.839587688446043590e+00
-2.839587688446043590e+00
-2.839587688446043590e+00
-2.839587688446043590e+00
-2.839587688446043590e+00
-2.839587688446043590e+00
-2.839587688446043590e+00
-2.839587688446043590e+00
-2.839587688446043590e+00
-2.839587688446043590e+00
-2.839587688446043590e+00
-2.839587688446043590e+00
-2.839587688446043590e+00
-2.839587688446043590e+00
-2.839587688446043590e+00
-2.839587688446043590e+00
-2.839587688446043590e+00
-2.839587688446043590e+00
-2.839587688446043590e+00
-2.839587688446043590e+00
-2.839587688446043590e+00
-2.839587688446043590e+00
-2.839587688446044034e+00
-2.839587688446044034e+00
-2.839587688446044034e+00
-2.839587688446044034e+00
-2.839587688446044034e+00
-2.839587688446044034e+00
-2.839587688446044034e+00
-2.839587688446044034e+00
-2.839587688446044034e+00
-2.839587688446044034e+00
-2.839587688446044034e+00
-2.839587688446044034e+00
-2.839587688446044034e+00
-2.839587688446044034e+00
-2.839587688446044034e+00
-2.839587688446044034e+00
-2.839587688446044034e+00
-2.839587688446044034e+00
-2.839587688446044034e+00
-2.839587688446044034e+00
-2.839587688446043590e+00
-2.839587688446043590e+00
-2.839587688446043590e+00
-2.839587688446043590e+00
-2.839587688446043590e+00
-2.839587688446043590e+00
-2.839587688446043590e+00
-2.839587688446043590e+00
-2.839587688446043590e+00
-2.839587688446043590e+00
-2.839587688446043590e+00
-2.839587688446043590e+00
-2.839587688446043590e+00
-2.839587688446043590e+00
-2.839587688446043590e+00
-2.839587688446043590e+00
-2.839587688446043590e+00
-2.839587688446043590e+00
-2.839587688446043590e+00
-2.839587688446043590e+00
-2.839587688446043590e+00
-2.839587688446043590e+00
-2.839587688446043590e+00
-2.839587688446043590e+00
-2.839587688446043590e+00
-2.839587688446043590e+00
-2.839587688446043590e+00
-2.839587688446044034e+00
-2.839587688446044034e+00
-2.839587688446044034e+00
-2.839587688446044034e+00
-2.839587688446044034e+00
-2.839587688446044034e+00
-2.839587688446044034e+00
-2.839587688446044034e+00
-2.839587688446044034e+00
-2.839587688446044034e+00
-2.839587688446044034e+00
-2.839587688446044034e+00
-2.839587688446044034e+00
-2.839587688446044034e+00
-2.839587688446044034e+00
-2.839587688446044034e+00
-2.839587688446044034e+00
-2.839587688446044034e+00
-2.839587688446044034e+00
-2.839587688446044034e+00
-2.839587688446044034e+00
-2.839587688446044034e+00
-2.839587688446044034e+00
-2.839587688446044034e+00
-2.839587688446044034e+00
-2.839587688446044034e+00
-2.839587688446044034e+00
-2.839587688446044034e+00
-2.839587688446044034e+00
-2.839587688446044034e+00
-2.839587688446044034e+00
-2.839587688446044034e+00
-2.839587688446044034e+00
-2.839587688446044034e+00
-2.839587688446044034e+00
-2.839587688446044034e+00
-2.839587688446044034e+00
-2.839587688446044034e+00
-2.839587688446044034e+00
-2.839587688446043590e+00
-2.839587688446043590e+00
-2.839587688446043590e+00
-2.839587688446043590e+00
-2.839587688446043590e+00
-2.839587688446043590e+00
-2.839587688446043590e+00
-2.839587688446044034e+00
-2.839587688446044034e+00
-2.839587688446044034e+00
-2.839587688446044034e+00
-2.839587688446044034e+00
-2.839587688446044034e+00
-2.839587688446044034e+00
-2.839587688446044034e+00
-2.839587688446044034e+00
-2.839587688446044034e+00
-2.839587688446044034e+00
-2.839587688446044034e+00
-2.839587688446044034e+00
-2.839587688446044034e+00
-2.839587688446044034e+00
-2.839587688446044034e+00
-2.839587688446044034e+00
-2.839587688446044034e+00
-2.839587688446044034e+00
-2.839587688446044034e+00
-2.839587688446044034e+00
-2.839587688446044034e+00
-2.839587688446044034e+00
-2.839587688446044034e+00
-2.839587688446044034e+00
-2.839587688446044034e+00
-2.839587688446044034e+00
-2.839587688446044034e+00
-2.839587688446044034e+00
-2.839587688446044034e+00
-2.839587688446044034e+00
-2.839587688446044034e+00
-2.839587688446044034e+00
-2.839587688446044034e+00
-2.839587688446044034e+00
-2.839587688446044034e+00
-2.839587688446044034e+00
-2.839587688446043590e+00
-2.839587688446043590e+00
-2.839587688446043590e+00
-2.839587688446043590e+00
-2.839587688446043590e+00
-2.839587688446043590e+00
-2.839587688446043590e+00
-2.839587688446043590e+00
-2.839587688446043590e+00
-2.839587688446043590e+00
-2.839587688446044034e+00
-2.839587688446044034e+00
-2.839587688446044034e+00
-2.839587688446044034e+00
-2.839587688446044034e+00
-2.839587688446044034e+00
-2.839587688446044034e+00
-2.839587688446044034e+00
-2.839587688446043590e+00
-2.839587688446043590e+00
-2.839587688446043590e+00
-2.839587688446043590e+00
-2.839587688446043590e+00
-2.839587688446043590e+00
-2.839587688446043590e+00
-2.839587688446043590e+00
-2.839587688446043590e+00
-2.839587688446043590e+00
-2.839587688446043590e+00
-2.839587688446043590e+00
-2.839587688446043590e+00
-2.839587688446043590e+00
-2.839587688446043590e+00
-2.839587688446043590e+00
-2.839587688446043590e+00
-2.839587688446043590e+00
-2.839587688446043590e+00
-2.839587688446043590e+00
-2.839587688446043590e+00
-2.839587688446043590e+00
-2.839587688446043590e+00
-2.839587688446043590e+00
-2.839587688446043590e+00
-2.839587688446043590e+00
-2.839587688446043590e+00
-2.839587688446043590e+00
-2.839587688446043590e+00
-2.839587688446043590e+00
-2.839587688446043590e+00
-2.839587688446043590e+00
-2.839587688446043590e+00
-2.839587688446043590e+00
-2.839587688446043590e+00
-2.839587688446043590e+00
-2.839587688446043590e+00
-2.839587688446043590e+00
-2.839587688446043590e+00
-2.839587688446043590e+00
-2.839587688446043590e+00
-2.839587688446043590e+00
-2.839587688446043590e+00
-2.839587688446043590e+00
-2.839587688446043590e+00
-2.839587688446043590e+00
-2.839587688446043590e+00
-2.839587688446043590e+00
-2.839587688446043590e+00
-2.839587688446043590e+00
-2.839587688446043590e+00
-2.839587688446043590e+00
-2.839587688446043590e+00
-2.839587688446043590e+00
-2.839587688446043590e+00
-2.839587688446043590e+00
-2.839587688446043590e+00
-2.839587688446043590e+00
-2.839587688446043590e+00
-2.839587688446043590e+00
-2.839587688446043590e+00
-2.839587688446043590e+00
-2.839587688446043590e+00
-2.839587688446043590e+00
-2.839587688446043590e+00
-2.839587688446043590e+00
-2.839587688446043590e+00
-2.839587688446043590e+00
-2.839587688446043590e+00
-2.839587688446043590e+00
-2.839587688446043590e+00
-2.839587688446043590e+00
-2.839587688446043590e+00
-2.839587688446043590e+00
-2.839587688446043590e+00
-2.839587688446043590e+00
-2.839587688446043590e+00
-2.839587688446043590e+00
-2.839587688446043590e+00
-2.839587688446043590e+00
-2.839587688446043590e+00
-2.839587688446043590e+00
-2.839587688446043590e+00
-2.839587688446043590e+00
-2.839587688446043590e+00
-2.839587688446043590e+00
-2.839587688446043590e+00
-2.839587688446043590e+00
-2.839587688446043590e+00
-2.839587688446043590e+00
-2.839587688446043590e+00
-2.839587688446043590e+00
-2.839587688446043590e+00
-2.839587688446043590e+00
-2.839587688446043590e+00
-2.839587688446043590e+00
-2.839587688446043590e+00
-2.839587688446043590e+00
-2.839587688446043590e+00
-2.839587688446043590e+00
-2.839587688446043590e+00
-2.839587688446043590e+00
-2.839587688446043590e+00
-2.839587688446043590e+00
-2.839587688446043590e+00
-2.839587688446043590e+00
-2.839587688446043590e+00
-2.839587688446043590e+00
-2.839587688446043590e+00
-2.839587688446043590e+00
-2.839587688446043590e+00
-2.839587688446043590e+00
-2.839587688446043590e+00
-2.839587688446043590e+00
-2.839587688446043590e+00
-2.839587688446043590e+00
-2.839587688446043590e+00
-2.839587688446043590e+00
-2.839587688446043590e+00
-2.839587688446043590e+00
-2.839587688446043590e+00
-2.839587688446043590e+00
-2.839587688446043590e+00
-2.839587688446043590e+00
-2.839587688446043590e+00
-2.839587688446043590e+00
-2.839587688446043590e+00
-2.839587688446043590e+00
-2.839587688446043590e+00
-2.839587688446043590e+00
-2.839587688446043590e+00
-2.839587688446043590e+00
-2.839587688446043590e+00
-2.839587688446043590e+00
-2.839587688446043590e+00
-2.839587688446043590e+00
-2.839587688446043590e+00
-2.839587688446043590e+00
-2.839587688446043590e+00
-2.839587688446043590e+00
-2.839587688446043590e+00
-2.839587688446043590e+00
-2.839587688446043590e+00
-2.839587688446043590e+00
-2.839587688446043590e+00
-2.839587688446043590e+00
-2.839587688446043590e+00
-2.839587688446043590e+00
-2.839587688446043590e+00
-2.839587688446043590e+00
-2.839587688446043590e+00
-2.839587688446043590e+00
-2.839587688446043590e+00
-2.839587688446043590e+00
-2.839587688446043590e+00
-2.839587688446043590e+00
-2.839587688446043590e+00
-2.839587688446043590e+00
-2.839587688446043590e+00
-2.839587688446043590e+00
-2.839587688446044034e+00
-2.839587688446044034e+00
-2.839587688446044034e+00
-2.839587688446044034e+00
-2.839587688446044034e+00
-2.839587688446044034e+00
-2.839587688446044034e+00
-2.839587688446044034e+00
-2.839587688446044034e+00
-2.839587688446044034e+00
-2.839587688446044034e+00
-2.839587688446044034e+00
-2.839587688446044034e+00
-2.839587688446044034e+00
-2.839587688446044034e+00
-2.839587688446044034e+00
-2.839587688446044034e+00
-2.839587688446044034e+00
-2.839587688446044034e+00
-2.839587688446044034e+00
-2.839587688446044034e+00
-2.839587688446044034e+00
-2.839587688446044034e+00
-2.839587688446044034e+00
-2.839587688446044034e+00
-2.839587688446044034e+00
-2.839587688446044034e+00
-2.839587688446044034e+00
-2.839587688446044034e+00
-2.839587688446044034e+00
-2.839587688446044034e+00
-2.839587688446044034e+00
-2.839587688446044034e+00
-2.839587688446044034e+00
-2.839587688446044034e+00
-2.839587688446044034e+00
-2.839587688446044034e+00
-2.839587688446044034e+00
-2.839587688446044034e+00
-2.839587688446044034e+00
-2.839587688446044034e+00
-2.839587688446044034e+00
-2.839587688446044034e+00
-2.839587688446044034e+00
-2.839587688446044034e+00
-2.839587688446044034e+00
-2.839587688446044034e+00
-2.839587688446044034e+00
-2.839587688446044034e+00
-2.839587688446044034e+00
-2.839587688446044034e+00
-2.839587688446044034e+00
-2.839587688446044034e+00
-2.839587688446044034e+00
-2.839587688446044034e+00
-2.839587688446044034e+00
-2.839587688446044034e+00
-2.839587688446044034e+00
-2.839587688446044034e+00
-2.839587688446044034e+00
-2.839587688446044034e+00
-2.839587688446044034e+00
-2.839587688446044034e+00
-2.839587688446044034e+00
-2.839587688446044034e+00
-2.839587688446044034e+00
-2.839587688446044034e+00
-2.839587688446044034e+00
-2.839587688446044034e+00
-2.839587688446044034e+00
-2.839587688446044034e+00
-2.839587688446044034e+00
-2.839587688446044034e+00
-2.839587688446044034e+00
-2.839587688446044034e+00
-2.839587688446044034e+00
-2.839587688446044034e+00
-2.839587688446044034e+00
-2.839587688446044034e+00
-2.839587688446044034e+00
-2.839587688446044034e+00
-2.839587688446044034e+00
-2.839587688446044034e+00
-2.839587688446044034e+00
-2.839587688446044034e+00
-2.839587688446044034e+00
-2.839587688446044034e+00
-2.839587688446044034e+00
-2.839587688446044034e+00
-2.839587688446044034e+00
-2.839587688446044034e+00
-2.839587688446044034e+00
-2.839587688446044034e+00
-2.839587688446044034e+00
-2.839587688446044034e+00
-2.839587688446044034e+00
-2.839587688446044034e+00
-2.839587688446044034e+00
-2.839587688446044034e+00
-2.839587688446044034e+00
-2.839587688446044034e+00
-2.839587688446044034e+00
-2.839587688446044034e+00
-2.839587688446044034e+00
-2.839587688446044034e+00
-2.839587688446044034e+00
-2.839587688446044034e+00
-2.839587688446044034e+00
-2.839587688446044034e+00
-2.839587688446044034e+00
-2.839587688446044034e+00
-2.839587688446044034e+00
-2.839587688446044034e+00
-2.839587688446044034e+00
-2.839587688446044034e+00
-2.839587688446044034e+00
-2.839587688446044034e+00
-2.839587688446044034e+00
-2.839587688446044034e+00
-2.839587688446044034e+00
-2.839587688446044034e+00
-2.839587688446044034e+00
-2.839587688446044034e+00
-2.839587688446044034e+00
-2.839587688446044034e+00
-2.839587688446044034e+00
-2.839587688446044034e+00
-2.839587688446044034e+00
-2.839587688446044034e+00
-2.839587688446044034e+00
-2.839587688446044034e+00
-2.839587688446044034e+00
-2.839587688446044034e+00
-2.839587688446044034e+00
-2.839587688446044034e+00
-2.839587688446044034e+00
-2.839587688446044034e+00
-2.839587688446044034e+00
-2.839587688446044034e+00
-2.839587688446044034e+00
-2.839587688446044034e+00
-2.839587688446044034e+00
-2.839587688446044034e+00
-2.839587688446044034e+00
-2.839587688446044034e+00
-2.839587688446044034e+00
-2.839587688446044034e+00
-2.839587688446044034e+00
-2.839587688446044034e+00
-2.839587688446044034e+00
-2.839587688446044034e+00
-2.839587688446044034e+00
-2.839587688446044034e+00
-2.839587688446044034e+00
-2.839587688446044034e+00
-2.839587688446044034e+00
-2.839587688446044034e+00
-2.839587688446044034e+00
-2.839587688446044034e+00
-2.839587688446044034e+00
-2.839587688446044034e+00
-2.839587688446044034e+00
-2.839587688446044034e+00
-2.839587688446044034e+00
-2.839587688446044034e+00
-2.839587688446044034e+00
-2.839587688446044034e+00
-2.839587688446044034e+00
-2.839587688446044034e+00
-2.839587688446044034e+00
-2.839587688446044034e+00
-2.839587688446044034e+00
-2.839587688446044034e+00
-2.839587688446044034e+00
-2.839587688446044034e+00
-2.839587688446044034e+00
-2.839587688446044034e+00
-2.839587688446044034e+00
-2.839587688446044034e+00
-2.839587688446044034e+00
-2.839587688446044034e+00
-2.839587688446044034e+00
-2.839587688446044034e+00
-2.839587688446044034e+00
-2.839587688446044034e+00
-2.839587688446044034e+00
-2.839587688446044034e+00
-2.839587688446044034e+00
-2.839587688446044034e+00
-2.839587688446044034e+00
-2.839587688446044034e+00
-2.839587688446044034e+00
-2.839587688446044034e+00
-2.839587688446044034e+00
-2.839587688446044034e+00
-2.839587688446044034e+00
-2.839587688446044034e+00
-2.839587688446044034e+00
-2.839587688446044034e+00
-2.839587688446044034e+00
-2.839587688446044034e+00
-2.839587688446044034e+00
-2.839587688446044034e+00
-2.839587688446044034e+00
-2.839587688446044034e+00
-2.839587688446044034e+00
-2.839587688446044034e+00
-2.839587688446044034e+00
-2.839587688446044034e+00
-2.839587688446044034e+00
-2.839587688446044034e+00
-2.839587688446044034e+00
-2.839587688446044034e+00
-2.839587688446044034e+00
-2.839587688446044034e+00
-2.839587688446044034e+00
-2.839587688446044034e+00
-2.839587688446044034e+00
-2.839587688446044034e+00
-2.839587688446044034e+00
-2.839587688446044034e+00
-2.839587688446044034e+00
-2.839587688446044034e+00
-2.839587688446044034e+00
-2.839587688446044034e+00
-2.839587688446044034e+00
-2.839587688446044034e+00
-2.839587688446044034e+00
-2.839587688446044034e+00
-2.839587688446044034e+00
-2.839587688446044034e+00
-2.839587688446044034e+00
-2.839587688446044034e+00
-2.839587688446044034e+00
-2.839587688446044034e+00
-2.839587688446044034e+00
-2.839587688446044034e+00
-2.839587688446044034e+00
-2.839587688446044034e+00
-2.839587688446044034e+00
-2.839587688446044034e+00
-2.839587688446044034e+00
-2.839587688446044034e+00
-2.839587688446044034e+00
-2.839587688446044034e+00
-2.839587688446044034e+00
-2.839587688446044034e+00
-2.839587688446044034e+00
-2.839587688446044034e+00
-2.839587688446044034e+00
-2.839587688446044034e+00
-2.839587688446044034e+00
-2.839587688446044034e+00
-2.839587688446044034e+00
-2.839587688446044034e+00
-2.839587688446044034e+00
-2.839587688446044034e+00
-2.839587688446044034e+00
-2.839587688446044034e+00
-2.839587688446044034e+00
-2.839587688446044034e+00
-2.839587688446044034e+00
-2.839587688446044034e+00
-2.839587688446044034e+00
-2.839587688446044034e+00
-2.839587688446044034e+00
-2.839587688446044034e+00
-2.839587688446044034e+00
-2.839587688446044034e+00
-2.839587688446044034e+00
-2.839587688446044034e+00
-2.839587688446044034e+00
-2.839587688446044034e+00
-2.839587688446044034e+00
-2.839587688446044034e+00
-2.839587688446044034e+00
-2.839587688446044034e+00
-2.839587688446044034e+00
-2.839587688446044034e+00
-2.839587688446044034e+00
-2.839587688446044034e+00
-2.839587688446044034e+00
-2.839587688446044034e+00
-2.839587688446044034e+00
-2.839587688446044034e+00
-2.839587688446044034e+00
-2.839587688446044034e+00
-2.839587688446044034e+00
-2.839587688446044034e+00
-2.839587688446044034e+00
-2.839587688446044034e+00
-2.839587688446044034e+00
-2.839587688446044034e+00
-2.839587688446044034e+00
-2.839587688446044034e+00
-2.839587688446044034e+00
-2.839587688446044034e+00
-2.839587688446044034e+00
-2.839587688446044034e+00
-2.839587688446044034e+00
-2.839587688446044034e+00
-2.839587688446044034e+00
-2.839587688446044034e+00
-2.839587688446044034e+00
-2.839587688446044034e+00
-2.839587688446044034e+00
-2.839587688446044034e+00
-2.839587688446044034e+00
-2.839587688446044034e+00
-2.839587688446044034e+00
-2.839587688446044034e+00
-2.839587688446044034e+00
-2.839587688446044034e+00
-2.839587688446044034e+00
-2.839587688446044034e+00
-2.839587688446044034e+00
-2.839587688446044034e+00
-2.839587688446044034e+00
-2.839587688446044034e+00
-2.839587688446044034e+00
-2.839587688446044034e+00
-2.839587688446044034e+00
-2.839587688446044034e+00
-2.839587688446044034e+00
-2.839587688446044034e+00
-2.839587688446044034e+00
-2.839587688446044034e+00
-2.839587688446044034e+00
-2.839587688446044034e+00
-2.839587688446044034e+00
-2.839587688446044034e+00
-2.839587688446044034e+00
-2.839587688446044034e+00
-2.839587688446044034e+00
-2.839587688446044034e+00
-2.839587688446044034e+00
-2.839587688446044034e+00
-2.839587688446044034e+00
-2.839587688446044034e+00
-2.839587688446044034e+00
-2.839587688446044034e+00
-2.839587688446044034e+00
-2.839587688446044034e+00
-2.839587688446044034e+00
-2.839587688446044034e+00
-2.839587688446044034e+00
-2.839587688446044034e+00
-2.839587688446044034e+00
-2.839587688446044034e+00
-2.839587688446044034e+00
-2.839587688446044034e+00
-2.839587688446044034e+00
-2.839587688446044034e+00
-2.839587688446044034e+00
-2.839587688446044034e+00
-2.839587688446044034e+00
-2.839587688446044034e+00
-2.839587688446044034e+00
-2.839587688446044034e+00
-2.839587688446044034e+00
-2.839587688446044034e+00
-2.839587688446044034e+00
-2.839587688446044034e+00
-2.839587688446044034e+00
-2.839587688446044034e+00
-2.839587688446044034e+00
-2.839587688446044034e+00
-2.839587688446044034e+00
-2.839587688446044034e+00
-2.839587688446044034e+00
-2.839587688446044034e+00
-2.839587688446044034e+00
-2.839587688446044034e+00
-2.839587688446044034e+00
-2.839587688446044034e+00
-2.839587688446044034e+00
-2.839587688446044034e+00
-2.839587688446044034e+00
-2.839587688446044034e+00
-2.839587688446044034e+00
-2.839587688446044034e+00
-2.839587688446044034e+00
-2.839587688446044034e+00
-2.839587688446044034e+00
-2.839587688446044034e+00
-2.839587688446044034e+00
-2.839587688446044034e+00
-2.839587688446044034e+00
-2.839587688446044034e+00
-2.839587688446044034e+00
-2.839587688446044034e+00
-2.839587688446044034e+00
-2.839587688446044034e+00
-2.839587688446044034e+00
-2.839587688446044034e+00
-2.839587688446044034e+00
-2.839587688446044034e+00
-2.839587688446044034e+00
-2.839587688446044034e+00
-2.839587688446044034e+00
-2.839587688446044034e+00
-2.839587688446044034e+00
-2.839587688446044034e+00
-2.839587688446044034e+00
-2.839587688446044034e+00
-2.839587688446044034e+00
-2.839587688446044034e+00
-2.839587688446044034e+00
-2.839587688446044034e+00
-2.839587688446044034e+00
-2.839587688446044034e+00
-2.839587688446044034e+00
-2.839587688446044034e+00
-2.839587688446044034e+00
-2.839587688446044034e+00
-2.839587688446044034e+00
-2.839587688446044034e+00
-2.839587688446044034e+00
-2.839587688446044034e+00
-2.839587688446044034e+00
-2.839587688446044034e+00
-2.839587688446044034e+00
-2.839587688446044034e+00
-2.839587688446044034e+00
-2.839587688446044034e+00
-2.839587688446044034e+00
-2.839587688446044034e+00
-2.839587688446044034e+00
-2.839587688446044034e+00
-2.839587688446044034e+00
-2.839587688446044034e+00
-2.839587688446044034e+00
-2.839587688446044034e+00
-2.839587688446044034e+00
-2.839587688446044034e+00
-2.839587688446044034e+00
-2.839587688446044034e+00
-2.839587688446044034e+00
-2.839587688446044034e+00
-2.839587688446044034e+00
-2.839587688446044034e+00
-2.839587688446044034e+00
-2.839587688446044034e+00
-2.839587688446044034e+00
-2.839587688446044034e+00
-2.839587688446044034e+00
-2.839587688446044034e+00
-2.839587688446044034e+00
-2.839587688446044034e+00
-2.839587688446044034e+00
-2.839587688446044034e+00
-2.839587688446044034e+00
-2.839587688446044034e+00
-2.839587688446044034e+00
-2.839587688446044034e+00
-2.839587688446044034e+00
-2.839587688446044034e+00
-2.839587688446044034e+00
-2.839587688446044034e+00
-2.839587688446044034e+00
-2.839587688446044034e+00
-2.839587688446044034e+00
-2.839587688446044034e+00
-2.839587688446044034e+00
-2.839587688446044034e+00
-2.839587688446044034e+00
-2.839587688446044034e+00
-2.839587688446044034e+00
-2.839587688446044034e+00
-2.839587688446044034e+00
-2.839587688446044034e+00
-2.839587688446044034e+00
-2.839587688446044034e+00
-2.839587688446044034e+00
-2.839587688446044034e+00
-2.839587688446044034e+00
-2.839587688446044034e+00
-2.839587688446044034e+00
-2.839587688446044034e+00
-2.839587688446044034e+00
-2.839587688446044034e+00
-2.839587688446044034e+00
-2.839587688446044034e+00
-2.839587688446044034e+00
-2.839587688446044034e+00
-2.839587688446044034e+00
-2.839587688446044034e+00
-2.839587688446044034e+00
-2.839587688446044034e+00
-2.839587688446044034e+00
-2.839587688446044034e+00
-2.839587688446044034e+00
-2.839587688446044034e+00
-2.839587688446044034e+00
-2.839587688446044034e+00
-2.839587688446044034e+00
-2.839587688446044034e+00
-2.839587688446044034e+00
-2.839587688446044034e+00
-2.839587688446044034e+00
-2.839587688446044034e+00
-2.839587688446044034e+00
-2.839587688446044034e+00
-2.839587688446044034e+00
-2.839587688446044034e+00
-2.839587688446044034e+00
-2.839587688446044034e+00
-2.839587688446044034e+00
-2.839587688446044034e+00
-2.839587688446044034e+00
-2.839587688446044034e+00
-2.839587688446044034e+00
-2.839587688446044034e+00
-2.839587688446044034e+00
-2.839587688446044034e+00
-2.839587688446044034e+00
-2.839587688446044034e+00
-2.839587688446044034e+00
-2.839587688446044034e+00
-2.839587688446044034e+00
-2.839587688446044034e+00
-2.839587688446044034e+00
-2.839587688446044034e+00
-2.839587688446044034e+00
-2.839587688446044034e+00
-2.839587688446044034e+00
-2.839587688446044034e+00
-2.839587688446044034e+00
-2.839587688446044034e+00
-2.839587688446044034e+00
-2.839587688446044034e+00
-2.839587688446044034e+00
-2.839587688446044034e+00
-2.839587688446044034e+00
-2.839587688446044034e+00
-2.839587688446044034e+00
-2.839587688446044034e+00
-2.839587688446044034e+00
-2.839587688446044034e+00
-2.839587688446044034e+00
-2.839587688446044034e+00
-2.839587688446044034e+00
-2.839587688446044034e+00
-2.839587688446044034e+00
-2.839587688446044034e+00
-2.839587688446044034e+00
-2.839587688446044034e+00
-2.839587688446044034e+00
-2.839587688446044034e+00
-2.839587688446044034e+00
-2.839587688446044034e+00
-2.839587688446044034e+00
-2.839587688446044034e+00
-2.839587688446044034e+00
-2.839587688446044034e+00
-2.839587688446044034e+00
-2.839587688446044034e+00
-2.839587688446044034e+00
-2.839587688446044034e+00
-2.839587688446044034e+00
-2.839587688446044034e+00
-2.839587688446044034e+00
-2.839587688446044034e+00
-2.839587688446044034e+00
-2.839587688446044034e+00
-2.839587688446044034e+00
-2.839587688446044034e+00
-2.839587688446044034e+00
-2.839587688446044034e+00
-2.839587688446044034e+00
-2.839587688446044034e+00
-2.839587688446044034e+00
-2.839587688446044034e+00
-2.839587688446044034e+00
-2.839587688446044034e+00
-2.839587688446044034e+00
-2.839587688446044034e+00
-2.839587688446044034e+00
-2.839587688446044034e+00
-2.839587688446044034e+00
-2.839587688446044034e+00
-2.839587688446044034e+00
-2.839587688446044034e+00
-2.839587688446044034e+00
-2.839587688446044034e+00
-2.839587688446044034e+00
-2.839587688446044034e+00
-2.839587688446044034e+00
-2.839587688446044034e+00
-2.839587688446044034e+00
-2.839587688446044034e+00
-2.839587688446044034e+00
-2.839587688446044034e+00
-2.839587688446044034e+00
-2.839587688446044034e+00
-2.839587688446044034e+00
-2.839587688446044034e+00
-2.839587688446044034e+00
-2.839587688446044034e+00
-2.839587688446044034e+00
-2.839587688446044034e+00
-2.839587688446044034e+00
-2.839587688446044034e+00
-2.839587688446044034e+00
-2.839587688446044034e+00
-2.839587688446044034e+00
-2.839587688446044034e+00
-2.839587688446044034e+00
-2.839587688446044034e+00
-2.839587688446044034e+00
-2.839587688446044034e+00
-2.839587688446044034e+00
-2.839587688446044034e+00
-2.839587688446044034e+00
-2.839587688446044034e+00
-2.839587688446044034e+00
-2.839587688446044034e+00
-2.839587688446044034e+00
-2.839587688446044034e+00
-2.839587688446044034e+00
-2.839587688446044034e+00
-2.839587688446044034e+00
-2.839587688446044034e+00
-2.839587688446044034e+00
-2.839587688446044034e+00
-2.839587688446044034e+00
-2.839587688446044034e+00
-2.839587688446044034e+00
-2.839587688446044034e+00
-2.839587688446044034e+00
-2.839587688446044034e+00
-2.839587688446044034e+00
-2.839587688446044034e+00
-2.839587688446044034e+00
-2.839587688446044034e+00
-2.839587688446044034e+00
-2.839587688446044034e+00
-2.839587688446044034e+00
-2.839587688446044034e+00
-2.839587688446044034e+00
-2.839587688446044034e+00
-2.839587688446044034e+00
-2.839587688446044034e+00
-2.839587688446044034e+00
-2.839587688446044034e+00
-2.839587688446044034e+00
-2.839587688446044034e+00
-2.839587688446044034e+00
-2.839587688446044034e+00
-2.839587688446044034e+00
-2.839587688446044034e+00
-2.839587688446044034e+00
-2.839587688446044034e+00
-2.839587688446044034e+00
-2.839587688446044034e+00
-2.839587688446044034e+00
-2.839587688446044034e+00
-2.839587688446044034e+00
-2.839587688446044034e+00
-2.839587688446044034e+00
-2.839587688446044034e+00
-2.839587688446044034e+00
-2.839587688446044034e+00
-2.839587688446044034e+00
-2.839587688446044034e+00
-2.839587688446044034e+00
-2.839587688446044034e+00
-2.839587688446044034e+00
-2.839587688446044034e+00
-2.839587688446044034e+00
-2.839587688446044034e+00
-2.839587688446044034e+00
-2.839587688446044034e+00
-2.839587688446044034e+00
-2.839587688446044034e+00
-2.839587688446044034e+00
-2.839587688446044034e+00
-2.839587688446044034e+00
-2.839587688446044034e+00
-2.839587688446044034e+00
-2.839587688446044034e+00
-2.839587688446044034e+00
-2.839587688446044034e+00
-2.839587688446044034e+00
-2.839587688446044034e+00
-2.839587688446044034e+00
-2.839587688446044034e+00
-2.839587688446044034e+00
-2.839587688446044034e+00
-2.839587688446044034e+00
-2.839587688446044034e+00
-2.839587688446044034e+00
-2.839587688446044034e+00
-2.839587688446044034e+00
-2.839587688446044034e+00
-2.839587688446044034e+00
-2.839587688446044034e+00
-2.839587688446044034e+00
-2.839587688446044034e+00
-2.839587688446044034e+00
-2.839587688446044034e+00
-2.839587688446044034e+00
-2.839587688446044034e+00
-2.839587688446044034e+00
-2.839587688446044034e+00
-2.839587688446044034e+00
-2.839587688446044034e+00
-2.839587688446044034e+00
-2.839587688446044034e+00
-2.839587688446044034e+00
-2.839587688446044034e+00
-2.839587688446044034e+00
-2.839587688446044034e+00
-2.839587688446044034e+00
-2.839587688446044034e+00
-2.839587688446044034e+00
-2.839587688446044034e+00
-2.839587688446044034e+00
-2.839587688446044034e+00
-2.839587688446044034e+00
-2.839587688446044034e+00
-2.839587688446044034e+00
-2.839587688446044034e+00
-2.839587688446044034e+00
-2.839587688446044034e+00
-2.839587688446044034e+00
-2.839587688446044034e+00
-2.839587688446044034e+00
-2.839587688446044034e+00
-2.839587688446044034e+00
-2.839587688446044034e+00
-2.839587688446044034e+00
-2.839587688446044034e+00
-2.839587688446044034e+00
-2.839587688446044034e+00
-2.839587688446044034e+00
-2.839587688446044034e+00
-2.839587688446044034e+00
-2.839587688446044034e+00
-2.839587688446044034e+00
-2.839587688446044034e+00
-2.839587688446044034e+00
-2.839587688446044034e+00
-2.839587688446044034e+00
-2.839587688446044034e+00
-2.839587688446044034e+00
-2.839587688446044034e+00
-2.839587688446044034e+00
-2.839587688446044034e+00
-2.839587688446044034e+00
-2.839587688446044034e+00
-2.839587688446044034e+00
-2.839587688446044034e+00
-2.839587688446044034e+00
-2.839587688446044034e+00
-2.839587688446044034e+00
-2.839587688446044034e+00
-2.839587688446044034e+00
-2.839587688446044034e+00
-2.839587688446044034e+00
-2.839587688446044034e+00
-2.839587688446044034e+00
-2.839587688446044034e+00
-2.839587688446044034e+00
-2.839587688446044034e+00
-2.839587688446044034e+00
-2.839587688446044034e+00
-2.839587688446044034e+00
-2.839587688446044034e+00
-2.839587688446044034e+00
-2.839587688446044034e+00
-2.839587688446044034e+00
-2.839587688446044034e+00
-2.839587688446044034e+00
-2.839587688446044034e+00
-2.839587688446044034e+00
-2.839587688446044034e+00
-2.839587688446044034e+00
-2.839587688446044034e+00
-2.839587688446044034e+00
-2.839587688446044034e+00
-2.839587688446044034e+00
-2.839587688446044034e+00
-2.839587688446044034e+00
-2.839587688446044034e+00
-2.839587688446044034e+00
-2.839587688446044034e+00
-2.839587688446044034e+00
-2.839587688446044034e+00
-2.839587688446044034e+00
-2.839587688446044034e+00
-2.839587688446044034e+00
-2.839587688446044034e+00
-2.839587688446044034e+00
-2.839587688446044034e+00
-2.839587688446044034e+00
-2.839587688446044034e+00
-2.839587688446044034e+00
-2.839587688446044034e+00
-2.839587688446044034e+00
-2.839587688446044034e+00
-2.839587688446044034e+00
-2.839587688446044034e+00
-2.839587688446044034e+00
-2.839587688446044034e+00
-2.839587688446044034e+00
-2.839587688446044034e+00
-2.839587688446044034e+00
-2.839587688446044034e+00
-2.839587688446044034e+00
-2.839587688446044034e+00
-2.839587688446044034e+00
-2.839587688446044034e+00
-2.839587688446044034e+00
-2.839587688446044034e+00
-2.839587688446044034e+00
-2.839587688446044034e+00
-2.839587688446044034e+00
-2.839587688446044034e+00
-2.839587688446044034e+00
-2.839587688446044034e+00
-2.839587688446044034e+00
-2.839587688446044034e+00
-2.839587688446044034e+00
-2.839587688446044034e+00
-2.839587688446044034e+00
-2.839587688446044034e+00
-2.839587688446044034e+00
-2.839587688446044034e+00
-2.839587688446044034e+00
-2.839587688446044034e+00
-2.839587688446044034e+00
-2.839587688446044034e+00
-2.839587688446044034e+00
-2.839587688446044034e+00
-2.839587688446044034e+00
-2.839587688446044034e+00
-2.839587688446044034e+00
-2.839587688446044034e+00
-2.839587688446044034e+00
-2.839587688446044034e+00
-2.839587688446044034e+00
-2.839587688446044034e+00
-2.839587688446044034e+00
-2.839587688446044034e+00
-2.839587688446044034e+00
-2.839587688446044034e+00
-2.839587688446044034e+00
-2.839587688446044034e+00
-2.839587688446044034e+00
-2.839587688446044034e+00
-2.839587688446044034e+00
-2.839587688446044034e+00
-2.839587688446044034e+00
-2.839587688446044034e+00
-2.839587688446044034e+00
-2.839587688446044034e+00
-2.839587688446044034e+00
-2.839587688446044034e+00
-2.839587688446044034e+00
-2.839587688446044034e+00
-2.839587688446044034e+00
-2.839587688446044034e+00
-2.839587688446044034e+00
-2.839587688446044034e+00
-2.839587688446044034e+00
-2.839587688446044034e+00
-2.839587688446044034e+00
-2.839587688446044034e+00
-2.839587688446044034e+00
-2.839587688446044034e+00
-2.839587688446044034e+00
-2.839587688446044034e+00
-2.839587688446044034e+00
-2.839587688446044034e+00
-2.839587688446044034e+00
-2.839587688446044034e+00
-2.839587688446044034e+00
-2.839587688446044034e+00
-2.839587688446044034e+00
-2.839587688446044034e+00
-2.839587688446044034e+00
-2.839587688446044034e+00
-2.839587688446044034e+00
-2.839587688446044034e+00
-2.839587688446044034e+00
-2.839587688446044034e+00
-2.839587688446044034e+00
-2.839587688446044034e+00
-2.839587688446044034e+00
-2.839587688446044034e+00
-2.839587688446044034e+00
-2.839587688446044034e+00
-2.839587688446044034e+00
-2.839587688446044034e+00
-2.839587688446044034e+00
-2.839587688446044034e+00
-2.839587688446044034e+00
-2.839587688446044034e+00
-2.839587688446044034e+00
-2.839587688446044034e+00
-2.839587688446044034e+00
-2.839587688446044034e+00
-2.839587688446044034e+00
-2.839587688446044034e+00
-2.839587688446044034e+00
-2.839587688446044034e+00
-2.839587688446044034e+00
-2.839587688446044034e+00
-2.839587688446044034e+00
-2.839587688446044034e+00
-2.839587688446044034e+00
-2.839587688446044034e+00
-2.839587688446044034e+00
-2.839587688446044034e+00
-2.839587688446044034e+00
-2.839587688446044034e+00
-2.839587688446044034e+00
-2.839587688446044034e+00
-2.839587688446044034e+00
-2.839587688446044034e+00
-2.839587688446044034e+00
-2.839587688446044034e+00
-2.839587688446044034e+00
-2.839587688446044034e+00
-2.839587688446044034e+00
-2.839587688446044034e+00
-2.839587688446044034e+00
-2.839587688446044034e+00
-2.839587688446044034e+00
-2.839587688446044034e+00
-2.839587688446044034e+00
-2.839587688446044034e+00
-2.839587688446044034e+00
-2.839587688446044034e+00
-2.839587688446044034e+00
-2.839587688446044034e+00
-2.839587688446044034e+00
-2.839587688446044034e+00
-2.839587688446044034e+00
-2.839587688446044034e+00
-2.839587688446044034e+00
-2.839587688446044034e+00
-2.839587688446044034e+00
-2.839587688446044034e+00
-2.839587688446044034e+00
-2.839587688446044034e+00
-2.839587688446044034e+00
-2.839587688446044034e+00
-2.839587688446044034e+00
-2.839587688446044034e+00
-2.839587688446044034e+00
-2.839587688446044034e+00
-2.839587688446044034e+00
-2.839587688446044034e+00
-2.839587688446044034e+00
-2.839587688446044034e+00
-2.839587688446044034e+00
-2.839587688446044034e+00
-2.839587688446044034e+00
-2.839587688446044034e+00
-2.839587688446044034e+00
-2.839587688446044034e+00
-2.839587688446044034e+00
-2.839587688446044034e+00
-2.839587688446044034e+00
-2.839587688446044034e+00
-2.839587688446044034e+00
-2.839587688446044034e+00
-2.839587688446044034e+00
-2.839587688446044034e+00
-2.839587688446044034e+00
-2.839587688446044034e+00
-2.839587688446044034e+00
-2.839587688446044034e+00
-2.839587688446044034e+00
-2.839587688446044034e+00
-2.839587688446044034e+00
-2.839587688446044034e+00
-2.839587688446044034e+00
-2.839587688446044034e+00
-2.839587688446044034e+00
-2.839587688446044034e+00
-2.839587688446044034e+00
-2.839587688446044034e+00
-2.839587688446044034e+00
-2.839587688446044034e+00
-2.839587688446044034e+00
-2.839587688446044034e+00
-2.839587688446044034e+00
-2.839587688446044034e+00
-2.839587688446044034e+00
-2.839587688446044034e+00
-2.839587688446044034e+00
-2.839587688446044034e+00
-2.839587688446044034e+00
-2.839587688446044034e+00
-2.839587688446044034e+00
-2.839587688446044034e+00
-2.839587688446044034e+00
-2.839587688446044034e+00
-2.839587688446044034e+00
-2.839587688446044034e+00
-2.839587688446044034e+00
-2.839587688446044034e+00
-2.839587688446044034e+00
-2.839587688446044034e+00
-2.839587688446044034e+00
-2.839587688446044034e+00
-2.839587688446044034e+00
-2.839587688446044034e+00
-2.839587688446044034e+00
-2.839587688446044034e+00
-2.839587688446044034e+00
-2.839587688446044034e+00
-2.839587688446044034e+00
-2.839587688446044034e+00
-2.839587688446044034e+00
-2.839587688446044034e+00
-2.839587688446044034e+00
-2.839587688446044034e+00
-2.839587688446044034e+00
-2.839587688446044034e+00
-2.839587688446044034e+00
-2.839587688446044034e+00
-2.839587688446044034e+00
-2.839587688446044034e+00
-2.839587688446044034e+00
-2.839587688446044034e+00
-2.839587688446044034e+00
-2.839587688446044034e+00
-2.839587688446044034e+00
-2.839587688446044034e+00
-2.839587688446044034e+00
-2.839587688446044034e+00
-2.839587688446044034e+00
-2.839587688446044034e+00
-2.839587688446044034e+00
-2.839587688446044034e+00
-2.839587688446044034e+00
-2.839587688446044034e+00
-2.839587688446044034e+00
-2.839587688446044034e+00
-2.839587688446044034e+00
-2.839587688446044034e+00
-2.839587688446044034e+00
-2.839587688446044034e+00
-2.839587688446044034e+00
-2.839587688446044034e+00
-2.839587688446044034e+00
-2.839587688446044034e+00
-2.839587688446044034e+00
-2.839587688446044034e+00
-2.839587688446044034e+00
-2.839587688446044034e+00
-2.839587688446044034e+00
-2.839587688446044034e+00
-2.839587688446044034e+00
-2.839587688446044034e+00
-2.839587688446044034e+00
-2.839587688446044034e+00
-2.839587688446044034e+00
-2.839587688446044034e+00
-2.839587688446044034e+00
-2.839587688446044034e+00
-2.839587688446044034e+00
-2.839587688446044034e+00
-2.839587688446044034e+00
-2.839587688446044034e+00
-2.839587688446044034e+00
-2.839587688446044034e+00
-2.839587688446044034e+00
-2.839587688446044034e+00
-2.839587688446044034e+00
-2.839587688446044034e+00
-2.839587688446044034e+00
-2.839587688446044034e+00
-2.839587688446044034e+00
-2.839587688446044034e+00
-2.839587688446044034e+00
-2.839587688446044034e+00
-2.839587688446044034e+00
-2.839587688446044034e+00
-2.839587688446044034e+00
-2.839587688446044034e+00
-2.839587688446044034e+00
-2.839587688446044034e+00
-2.839587688446044034e+00
-2.839587688446044034e+00
-2.839587688446044034e+00
-2.839587688446044034e+00
-2.839587688446044034e+00
-2.839587688446044034e+00
-2.839587688446044034e+00
-2.839587688446044034e+00
-2.839587688446044034e+00
-2.839587688446044034e+00
-2.839587688446044034e+00
-2.839587688446044034e+00
-2.839587688446044034e+00
-2.839587688446044034e+00
-2.839587688446044034e+00
-2.839587688446044034e+00
-2.839587688446044034e+00
-2.839587688446044034e+00
-2.839587688446044034e+00
-2.839587688446044034e+00
-2.839587688446044034e+00
-2.839587688446044034e+00
-2.839587688446044034e+00
-2.839587688446044034e+00
-2.839587688446044034e+00
-2.839587688446044034e+00
-2.839587688446044034e+00
-2.839587688446044034e+00
-2.839587688446044034e+00
-2.839587688446044034e+00
-2.839587688446044034e+00
-2.839587688446044034e+00
-2.839587688446044034e+00
-2.839587688446044034e+00
-2.839587688446044034e+00
-2.839587688446044034e+00
-2.839587688446044034e+00
-2.839587688446044034e+00
-2.839587688446044034e+00
-2.839587688446044034e+00
-2.839587688446044034e+00
-2.839587688446044034e+00
-2.839587688446044034e+00
-2.839587688446044034e+00
-2.839587688446044034e+00
-2.839587688446044034e+00
-2.839587688446044034e+00
-2.839587688446044034e+00
-2.839587688446044034e+00
-2.839587688446044034e+00
-2.839587688446044034e+00
-2.839587688446044034e+00
-2.839587688446044034e+00
-2.839587688446044034e+00
-2.839587688446044034e+00
-2.839587688446044034e+00
-2.839587688446044034e+00
-2.839587688446044034e+00
-2.839587688446044034e+00
-2.839587688446044034e+00
-2.839587688446044034e+00
-2.839587688446044034e+00
-2.839587688446044034e+00
-2.839587688446044034e+00
-2.839587688446044034e+00
-2.839587688446044034e+00
-2.839587688446044034e+00
-2.839587688446044034e+00
-2.839587688446044034e+00
-2.839587688446044034e+00
-2.839587688446044034e+00
-2.839587688446044034e+00
-2.839587688446044034e+00
-2.839587688446044034e+00
-2.839587688446044034e+00
-2.839587688446044034e+00
-2.839587688446044034e+00
-2.839587688446044034e+00
-2.839587688446044034e+00
-2.839587688446044034e+00
-2.839587688446044034e+00
-2.839587688446044034e+00
-2.839587688446044034e+00
-2.839587688446044034e+00
-2.839587688446044034e+00
-2.839587688446044034e+00
-2.839587688446044034e+00
-2.839587688446044034e+00
-2.839587688446044034e+00
-2.839587688446044034e+00
-2.839587688446044034e+00
-2.839587688446044034e+00
-2.839587688446044034e+00
-2.839587688446044034e+00
-2.839587688446044034e+00
-2.839587688446044034e+00
-2.839587688446044034e+00
-2.839587688446044034e+00
-2.839587688446044034e+00
-2.839587688446044034e+00
-2.839587688446044034e+00
-2.839587688446044034e+00
-2.839587688446044034e+00
-2.839587688446044034e+00
-2.839587688446044034e+00
-2.839587688446044034e+00
-2.839587688446044034e+00
-2.839587688446044034e+00
-2.839587688446044034e+00
-2.839587688446044034e+00
-2.839587688446044034e+00
-2.839587688446044034e+00
-2.839587688446044034e+00
-2.839587688446044034e+00
-2.839587688446044034e+00
-2.839587688446044034e+00
-2.839587688446044034e+00
-2.839587688446044034e+00
-2.839587688446044034e+00
-2.839587688446044034e+00
-2.839587688446044034e+00
-2.839587688446044034e+00
-2.839587688446044034e+00
-2.839587688446044034e+00
-2.839587688446044034e+00
-2.839587688446044034e+00
-2.839587688446044034e+00
-2.839587688446044034e+00
-2.839587688446044034e+00
-2.839587688446044034e+00
-2.839587688446044034e+00
-2.839587688446044034e+00
-2.839587688446044034e+00
-2.839587688446044034e+00
-2.839587688446044034e+00
-2.839587688446044034e+00
-2.839587688446044034e+00
-2.839587688446044034e+00
-2.839587688446044034e+00
-2.839587688446044034e+00
-2.839587688446044034e+00
-2.839587688446044034e+00
-2.839587688446044034e+00
-2.839587688446044034e+00
-2.839587688446044034e+00
-2.839587688446044034e+00
-2.839587688446044034e+00
-2.839587688446044034e+00
-2.839587688446044034e+00
-2.839587688446044034e+00
-2.839587688446044034e+00
-2.839587688446044034e+00
-2.839587688446044034e+00
-2.839587688446044034e+00
-2.839587688446044034e+00
-2.839587688446044034e+00
-2.839587688446044034e+00
-2.839587688446044034e+00
-2.839587688446044034e+00
-2.839587688446044034e+00
-2.839587688446044034e+00
-2.839587688446044034e+00
-2.839587688446044034e+00
-2.839587688446044034e+00
-2.839587688446044034e+00
-2.839587688446044034e+00
-2.839587688446044034e+00
-2.839587688446044034e+00
-2.839587688446044034e+00
-2.839587688446044034e+00
-2.839587688446044034e+00
-2.839587688446044034e+00
-2.839587688446044034e+00
-2.839587688446044034e+00
-2.839587688446044034e+00
-2.839587688446044034e+00
-2.839587688446044034e+00
-2.839587688446044034e+00
-2.839587688446044034e+00
-2.839587688446044034e+00
-2.839587688446044034e+00
-2.839587688446044034e+00
-2.839587688446044034e+00
-2.839587688446044034e+00
-2.839587688446044034e+00
-2.839587688446044034e+00
-2.839587688446044034e+00
-2.839587688446044034e+00
-2.839587688446044034e+00
-2.839587688446044034e+00
-2.839587688446044034e+00
-2.839587688446044034e+00
-2.839587688446044034e+00
-2.839587688446044034e+00
-2.839587688446044034e+00
-2.839587688446044034e+00
-2.839587688446044034e+00
-2.839587688446044034e+00
-2.839587688446044034e+00
-2.839587688446044034e+00
-2.839587688446044034e+00
-2.839587688446044034e+00
-2.839587688446044034e+00
-2.839587688446044034e+00
-2.839587688446044034e+00
-2.839587688446044034e+00
-2.839587688446044034e+00
-2.839587688446044034e+00
-2.839587688446044034e+00
-2.839587688446044034e+00
-2.839587688446044034e+00
-2.839587688446044034e+00
-2.839587688446044034e+00
-2.839587688446044034e+00
-2.839587688446044034e+00
-2.839587688446044034e+00
-2.839587688446044034e+00
-2.839587688446044034e+00
-2.839587688446044034e+00
-2.839587688446044034e+00
-2.839587688446044034e+00
-2.839587688446044034e+00
-2.839587688446044034e+00
-2.839587688446044034e+00
-2.839587688446044034e+00
-2.839587688446044034e+00
-2.839587688446044034e+00
-2.839587688446044034e+00
-2.839587688446044034e+00
-2.839587688446044034e+00
-2.839587688446044034e+00
-2.839587688446044034e+00
-2.839587688446044034e+00
-2.839587688446044034e+00
-2.839587688446044034e+00
-2.839587688446044034e+00
-2.839587688446044034e+00
-2.839587688446044034e+00
-2.839587688446044034e+00
-2.839587688446044034e+00
-2.839587688446044034e+00
-2.839587688446044034e+00
-2.839587688446044034e+00
-2.839587688446044034e+00
-2.839587688446044034e+00
-2.839587688446044034e+00
-2.839587688446044034e+00
-2.839587688446044034e+00
-2.839587688446044034e+00
-2.839587688446044034e+00
-2.839587688446044034e+00
-2.839587688446044034e+00
-2.839587688446044034e+00
-2.839587688446044034e+00
-2.839587688446044034e+00
-2.839587688446044034e+00
-2.839587688446044034e+00
-2.839587688446044034e+00
-2.839587688446044034e+00
-2.839587688446044034e+00
-2.839587688446044034e+00
-2.839587688446044034e+00
-2.839587688446044034e+00
-2.839587688446044034e+00
-2.839587688446044034e+00
-2.839587688446044034e+00
-2.839587688446044034e+00
-2.839587688446044034e+00
-2.839587688446044034e+00
-2.839587688446044034e+00
-2.839587688446044034e+00
-2.839587688446044034e+00
-2.839587688446044034e+00
-2.839587688446044034e+00
-2.839587688446044034e+00
-2.839587688446044034e+00
-2.839587688446044034e+00
-2.839587688446044034e+00
-2.839587688446044034e+00
-2.839587688446044034e+00
-2.839587688446044034e+00
-2.839587688446044034e+00
-2.839587688446044034e+00
-2.839587688446044034e+00
-2.839587688446044034e+00
-2.839587688446044034e+00
-2.839587688446044034e+00
-2.839587688446044034e+00
-2.839587688446044034e+00
-2.839587688446044034e+00
-2.839587688446044034e+00
-2.839587688446044034e+00
-2.839587688446044034e+00
-2.839587688446044034e+00
-2.839587688446044034e+00
-2.839587688446044034e+00
-2.839587688446044034e+00
-2.839587688446044034e+00
-2.839587688446044034e+00
-2.839587688446044034e+00
-2.839587688446044034e+00
-2.839587688446044034e+00
-2.839587688446044034e+00
-2.839587688446044034e+00
-2.839587688446044034e+00
-2.839587688446044034e+00
-2.839587688446044034e+00
-2.839587688446044034e+00
-2.839587688446044034e+00
-2.839587688446044034e+00
-2.839587688446044034e+00
-2.839587688446044034e+00
-2.839587688446044034e+00
-2.839587688446044034e+00
-2.839587688446044034e+00
-2.839587688446044034e+00
-2.839587688446044034e+00
-2.839587688446044034e+00
-2.839587688446044034e+00
-2.839587688446044034e+00
-2.839587688446044034e+00
-2.839587688446044034e+00
-2.839587688446044034e+00
-2.839587688446044034e+00
-2.839587688446044034e+00
-2.839587688446044034e+00
-2.839587688446044034e+00
-2.839587688446044034e+00
-2.839587688446044034e+00
-2.839587688446044034e+00
-2.839587688446044034e+00
-2.839587688446044034e+00
-2.839587688446044034e+00
-2.839587688446044034e+00
-2.839587688446044034e+00
-2.839587688446044034e+00
-2.839587688446044034e+00
-2.839587688446044034e+00
-2.839587688446044034e+00
-2.839587688446044034e+00
-2.839587688446044034e+00
-2.839587688446044034e+00
-2.839587688446044034e+00
-2.839587688446044034e+00
-2.839587688446044034e+00
-2.839587688446044034e+00
-2.839587688446044034e+00
-2.839587688446044034e+00
-2.839587688446044034e+00
-2.839587688446044034e+00
-2.839587688446044034e+00
-2.839587688446044034e+00
-2.839587688446044034e+00
-2.839587688446044034e+00
-2.839587688446044034e+00
-2.839587688446044034e+00
-2.839587688446044034e+00
-2.839587688446044034e+00
-2.839587688446044034e+00
-2.839587688446044034e+00
-2.839587688446044034e+00
-2.839587688446044034e+00
-2.839587688446044034e+00
-2.839587688446044034e+00
-2.839587688446044034e+00
-2.839587688446044034e+00
-2.839587688446044034e+00
-2.839587688446044034e+00
-2.839587688446044034e+00
-2.839587688446044034e+00
-2.839587688446044034e+00
-2.839587688446044034e+00
-2.839587688446044034e+00
-2.839587688446044034e+00
-2.839587688446044034e+00
-2.839587688446044034e+00
-2.839587688446044034e+00
-2.839587688446044034e+00
-2.839587688446044034e+00
-2.839587688446044034e+00
-2.839587688446044034e+00
-2.839587688446044034e+00
-2.839587688446044034e+00
-2.839587688446044034e+00
-2.839587688446044034e+00
-2.839587688446044034e+00
-2.839587688446044034e+00
-2.839587688446044034e+00
-2.839587688446044034e+00
-2.839587688446044034e+00
-2.839587688446044034e+00
-2.839587688446044034e+00
-2.839587688446044034e+00
-2.839587688446044034e+00
-2.839587688446044034e+00
-2.839587688446044034e+00
-2.839587688446044034e+00
-2.839587688446044034e+00
-2.839587688446044034e+00
-2.839587688446044034e+00
-2.839587688446044034e+00
-2.839587688446044034e+00
-2.839587688446044034e+00
-2.839587688446044034e+00
-2.839587688446044034e+00
-2.839587688446044034e+00
-2.839587688446044034e+00
-2.839587688446044034e+00
-2.839587688446044034e+00
-2.839587688446044034e+00
-2.839587688446044034e+00
-2.839587688446044034e+00
-2.839587688446044034e+00
-2.839587688446044034e+00
-2.839587688446044034e+00
-2.839587688446044034e+00
-2.839587688446044034e+00
-2.839587688446044034e+00
-2.839587688446044034e+00
-2.839587688446044034e+00
-2.839587688446044034e+00
-2.839587688446044034e+00
-2.839587688446044034e+00
-2.839587688446044034e+00
-2.839587688446044034e+00
-2.839587688446044034e+00
-2.839587688446044034e+00
-2.839587688446044034e+00
-2.839587688446044034e+00
-2.839587688446044034e+00
-2.839587688446044034e+00
-2.839587688446044034e+00
-2.839587688446044034e+00
-2.839587688446044034e+00
-2.839587688446044034e+00
-2.839587688446044034e+00
-2.839587688446044034e+00
-2.839587688446044034e+00
-2.839587688446044034e+00
-2.839587688446044034e+00
-2.839587688446044034e+00
-2.839587688446044034e+00
-2.839587688446044034e+00
-2.839587688446044034e+00
-2.839587688446044034e+00
-2.839587688446044034e+00
-2.839587688446044034e+00
-2.839587688446044034e+00
-2.839587688446044034e+00
-2.839587688446044034e+00
-2.839587688446044034e+00
-2.839587688446044034e+00
-2.839587688446044034e+00
-2.839587688446044034e+00
-2.839587688446044034e+00
-2.839587688446044034e+00
-2.839587688446044034e+00
-2.839587688446044034e+00
-2.839587688446044034e+00
-2.839587688446044034e+00
-2.839587688446044034e+00
-2.839587688446044034e+00
-2.839587688446044034e+00
-2.839587688446044034e+00
-2.839587688446044034e+00
-2.839587688446044034e+00
-2.839587688446044034e+00
-2.839587688446044034e+00
-2.839587688446044034e+00
-2.839587688446044034e+00
-2.839587688446044034e+00
-2.839587688446044034e+00
-2.839587688446044034e+00
-2.839587688446044034e+00
-2.839587688446044034e+00
-2.839587688446044034e+00
-2.839587688446044034e+00
-2.839587688446044034e+00
-2.839587688446044034e+00
-2.839587688446044034e+00
-2.839587688446044034e+00
-2.839587688446044034e+00
-2.839587688446044034e+00
-2.839587688446044034e+00
-2.839587688446044034e+00
-2.839587688446044034e+00
-2.839587688446044034e+00
-2.839587688446044034e+00
-2.839587688446044034e+00
-2.839587688446044034e+00
-2.839587688446044034e+00
-2.839587688446044034e+00
-2.839587688446044034e+00
-2.839587688446044034e+00
-2.839587688446044034e+00
-2.839587688446044034e+00
-2.839587688446044034e+00
-2.839587688446044034e+00
-2.839587688446044034e+00
-2.839587688446044034e+00
-2.839587688446044034e+00
-2.839587688446044034e+00
-2.839587688446044034e+00
-2.839587688446044034e+00
-2.839587688446044034e+00
-2.839587688446044034e+00
-2.839587688446044034e+00
-2.839587688446044034e+00
-2.839587688446044034e+00
-2.839587688446044034e+00
-2.839587688446044034e+00
-2.839587688446044034e+00
-2.839587688446044034e+00
-2.839587688446044034e+00
-2.839587688446044034e+00
-2.839587688446044034e+00
-2.839587688446044034e+00
-2.839587688446044034e+00
-2.839587688446044034e+00
-2.839587688446044034e+00
-2.839587688446044034e+00
-2.839587688446044034e+00
-2.839587688446044034e+00
-2.839587688446044034e+00
-2.839587688446044034e+00
-2.839587688446044034e+00
-2.839587688446044034e+00
-2.839587688446044034e+00
-2.839587688446044034e+00
-2.839587688446044034e+00
-2.839587688446044034e+00
-2.839587688446044034e+00
-2.839587688446044034e+00
-2.839587688446044034e+00
-2.839587688446044034e+00
-2.839587688446044034e+00
-2.839587688446044034e+00
-2.839587688446044034e+00
-2.839587688446044034e+00
-2.839587688446044034e+00
-2.839587688446044034e+00
-2.839587688446044034e+00
-2.839587688446044034e+00
-2.839587688446044034e+00
-2.839587688446044034e+00
-2.839587688446044034e+00
-2.839587688446044034e+00
-2.839587688446044034e+00
-2.839587688446044034e+00
-2.839587688446044034e+00
-2.839587688446044034e+00
-2.839587688446044034e+00
-2.839587688446044034e+00
-2.839587688446044034e+00
-2.839587688446044034e+00
-2.839587688446044034e+00
-2.839587688446044034e+00
-2.839587688446044034e+00
-2.839587688446044034e+00
-2.839587688446044034e+00
-2.839587688446044034e+00
-2.839587688446044034e+00
-2.839587688446044034e+00
-2.839587688446044034e+00
-2.839587688446044034e+00
-2.839587688446044034e+00
-2.839587688446044034e+00
-2.839587688446044034e+00
-2.839587688446044034e+00
-2.839587688446044034e+00
-2.839587688446044034e+00
-2.839587688446044034e+00
-2.839587688446044034e+00
-2.839587688446044034e+00
-2.839587688446044034e+00
-2.839587688446044034e+00
-2.839587688446044034e+00
-2.839587688446044034e+00
-2.839587688446044034e+00
-2.839587688446044034e+00
-2.839587688446044034e+00
-2.839587688446044034e+00
-2.839587688446044034e+00
-2.839587688446044034e+00
-2.839587688446044034e+00
-2.839587688446044034e+00
-2.839587688446044034e+00
-2.839587688446044034e+00
-2.839587688446044034e+00
-2.839587688446044034e+00
-2.839587688446044034e+00
-2.839587688446044034e+00
-2.839587688446044034e+00
-2.839587688446044034e+00
-2.839587688446044034e+00
-2.839587688446044034e+00
-2.839587688446044034e+00
-2.839587688446044034e+00
-2.839587688446044034e+00
-2.839587688446044034e+00
-2.839587688446044034e+00
-2.839587688446044034e+00
-2.839587688446044034e+00
-2.839587688446044034e+00
-2.839587688446044034e+00
-2.839587688446044034e+00
-2.839587688446044034e+00
-2.839587688446044034e+00
-2.839587688446044034e+00
-2.839587688446044034e+00
-2.839587688446044034e+00
-2.839587688446044034e+00
-2.839587688446044034e+00
-2.839587688446044034e+00
-2.839587688446044034e+00
-2.839587688446044034e+00
-2.839587688446044034e+00
-2.839587688446044034e+00
-2.839587688446044034e+00
-2.839587688446044034e+00
-2.839587688446044034e+00
-2.839587688446044034e+00
-2.839587688446044034e+00
-2.839587688446044034e+00
-2.839587688446044034e+00
-2.839587688446044034e+00
-2.839587688446044034e+00
-2.839587688446044034e+00
-2.839587688446044034e+00
-2.839587688446044034e+00
-2.839587688446044034e+00
-2.839587688446044034e+00
-2.839587688446044034e+00
-2.839587688446044034e+00
-2.839587688446044034e+00
-2.839587688446044034e+00
-2.839587688446044034e+00
-2.839587688446044034e+00
-2.839587688446044034e+00
-2.839587688446044034e+00
-2.839587688446044034e+00
-2.839587688446044034e+00
-2.839587688446044034e+00
-2.839587688446044034e+00
-2.839587688446044034e+00
-2.839587688446044034e+00
-2.839587688446044034e+00
-2.839587688446044034e+00
-2.839587688446044034e+00
-2.839587688446044034e+00
-2.839587688446044034e+00
-2.839587688446044034e+00
-2.839587688446044034e+00
-2.839587688446044034e+00
-2.839587688446044034e+00
-2.839587688446044034e+00
-2.839587688446044034e+00
-2.839587688446044034e+00
-2.839587688446044034e+00
-2.839587688446044034e+00
-2.839587688446044034e+00
-2.839587688446044034e+00
-2.839587688446044034e+00
-2.839587688446044034e+00
-2.839587688446044034e+00
-2.839587688446044034e+00
-2.839587688446044034e+00
-2.839587688446044034e+00
-2.839587688446044034e+00
-2.839587688446044034e+00
-2.839587688446044034e+00
-2.839587688446044034e+00
-2.839587688446044034e+00
-2.839587688446044034e+00
-2.839587688446044034e+00
-2.839587688446044034e+00
-2.839587688446044034e+00
-2.839587688446044034e+00
-2.839587688446044034e+00
-2.839587688446044034e+00
-2.839587688446044034e+00
-2.839587688446044034e+00
-2.839587688446044034e+00
-2.839587688446044034e+00
-2.839587688446044034e+00
-2.839587688446044034e+00
-2.839587688446044034e+00
-2.839587688446044034e+00
-2.839587688446044034e+00
-2.839587688446044034e+00
-2.839587688446044034e+00
-2.839587688446044034e+00
-2.839587688446044034e+00
-2.839587688446044034e+00
-2.839587688446044034e+00
-2.839587688446044034e+00
-2.839587688446044034e+00
-2.839587688446044034e+00
-2.839587688446044034e+00
-2.839587688446044034e+00
-2.839587688446044034e+00
-2.839587688446044034e+00
-2.839587688446044034e+00
-2.839587688446044034e+00
-2.839587688446044034e+00
-2.839587688446044034e+00
-2.839587688446044034e+00
-2.839587688446044034e+00
-2.839587688446044034e+00
-2.839587688446044034e+00
-2.839587688446044034e+00
-2.839587688446044034e+00
-2.839587688446044034e+00
-2.839587688446044034e+00
-2.839587688446044034e+00
-2.839587688446044034e+00
-2.839587688446044034e+00
-2.839587688446044034e+00
-2.839587688446044034e+00
-2.839587688446044034e+00
-2.839587688446044034e+00
-2.839587688446044034e+00
-2.839587688446044034e+00
-2.839587688446044034e+00
-2.839587688446044034e+00
-2.839587688446044034e+00
-2.839587688446044034e+00
-2.839587688446044034e+00
-2.839587688446044034e+00
-2.839587688446044034e+00
-2.839587688446044034e+00
-2.839587688446044034e+00
-2.839587688446044034e+00
-2.839587688446044034e+00
-2.839587688446044034e+00
-2.839587688446044034e+00
-2.839587688446044034e+00
-2.839587688446044034e+00
-2.839587688446044034e+00
-2.839587688446044034e+00
-2.839587688446044034e+00
-2.839587688446044034e+00
-2.839587688446044034e+00
-2.839587688446044034e+00
-2.839587688446044034e+00
-2.839587688446044034e+00
-2.839587688446044034e+00
-2.839587688446044034e+00
-2.839587688446044034e+00
-2.839587688446044034e+00
-2.839587688446044034e+00
-2.839587688446044034e+00
-2.839587688446044034e+00
-2.839587688446044034e+00
-2.839587688446044034e+00
-2.839587688446044034e+00
-2.839587688446044034e+00
-2.839587688446044034e+00
-2.839587688446044034e+00
-2.839587688446044034e+00
-2.839587688446044034e+00
-2.839587688446044034e+00
-2.839587688446044034e+00
-2.839587688446044034e+00
-2.839587688446044034e+00
-2.839587688446044034e+00
-2.839587688446044034e+00
-2.839587688446044034e+00
-2.839587688446044034e+00
-2.839587688446044034e+00
-2.839587688446044034e+00
-2.839587688446044034e+00
-2.839587688446044034e+00
-2.839587688446044034e+00
-2.839587688446044034e+00
-2.839587688446044034e+00
-2.839587688446044034e+00
-2.839587688446044034e+00
-2.839587688446044034e+00
-2.839587688446044034e+00
-2.839587688446044034e+00
-2.839587688446044034e+00
-2.839587688446044034e+00
-2.839587688446044034e+00
-2.839587688446044034e+00
-2.839587688446044034e+00
-2.839587688446044034e+00
-2.839587688446044034e+00
-2.839587688446044034e+00
-2.839587688446044034e+00
-2.839587688446044034e+00
-2.839587688446044034e+00
-2.839587688446044034e+00
-2.839587688446044034e+00
-2.839587688446044034e+00
-2.839587688446044034e+00
-2.839587688446044034e+00
-2.839587688446044034e+00
-2.839587688446044034e+00
-2.839587688446044034e+00
-2.839587688446044034e+00
-2.839587688446044034e+00
-2.839587688446044034e+00
-2.839587688446044034e+00
-2.839587688446044034e+00
-2.839587688446044034e+00
-2.839587688446044034e+00
-2.839587688446044034e+00
-2.839587688446044034e+00
-2.839587688446044034e+00
-2.839587688446044034e+00
-2.839587688446044034e+00
-2.839587688446044034e+00
-2.839587688446044034e+00
-2.839587688446044034e+00
-2.839587688446044034e+00
-2.839587688446044034e+00
-2.839587688446044034e+00
-2.839587688446044034e+00
-2.839587688446044034e+00
-2.839587688446044034e+00
-2.839587688446044034e+00
-2.839587688446044034e+00
-2.839587688446044034e+00
-2.839587688446044034e+00
-2.839587688446044034e+00
-2.839587688446044034e+00
-2.839587688446044034e+00
-2.839587688446044034e+00
-2.839587688446044034e+00
-2.839587688446044034e+00
-2.839587688446044034e+00
-2.839587688446044034e+00
-2.839587688446044034e+00
-2.839587688446044034e+00
-2.839587688446044034e+00
-2.839587688446044034e+00
-2.839587688446044034e+00
-2.839587688446044034e+00
-2.839587688446044034e+00
-2.839587688446044034e+00
-2.839587688446044034e+00
-2.839587688446044034e+00
-2.839587688446044034e+00
-2.839587688446044034e+00
-2.839587688446044034e+00
-2.839587688446044034e+00
-2.839587688446044034e+00
-2.839587688446044034e+00
-2.839587688446044034e+00
-2.839587688446044034e+00
-2.839587688446044034e+00
-2.839587688446044034e+00
-2.839587688446044034e+00
-2.839587688446044034e+00
-2.839587688446044034e+00
-2.839587688446044034e+00
-2.839587688446044034e+00
-2.839587688446044034e+00
-2.839587688446044034e+00
-2.839587688446044034e+00
-2.839587688446044034e+00
-2.839587688446044034e+00
-2.839587688446044034e+00
-2.839587688446044034e+00
-2.839587688446044034e+00
-2.839587688446044034e+00
-2.839587688446044034e+00
-2.839587688446044034e+00
-2.839587688446044034e+00
-2.839587688446044034e+00
-2.839587688446044034e+00
-2.839587688446044034e+00
-2.839587688446044034e+00
-2.839587688446044034e+00
-2.839587688446044034e+00
-2.839587688446044034e+00
-2.839587688446044034e+00
-2.839587688446044034e+00
-2.839587688446044034e+00
-2.839587688446044034e+00
-2.839587688446044034e+00
-2.839587688446044034e+00
-2.839587688446044034e+00
-2.839587688446044034e+00
-2.839587688446044034e+00
-2.839587688446044034e+00
-2.839587688446044034e+00
-2.839587688446044034e+00
-2.839587688446044034e+00
-2.839587688446044034e+00
-2.839587688446044034e+00
-2.839587688446044034e+00
-2.839587688446044034e+00
-2.839587688446044034e+00
-2.839587688446044034e+00
-2.839587688446044034e+00
-2.839587688446044034e+00
-2.839587688446044034e+00
-2.839587688446044034e+00
-2.839587688446044034e+00
-2.839587688446044034e+00
-2.839587688446044034e+00
-2.839587688446044034e+00
-2.839587688446044034e+00
-2.839587688446044034e+00
-2.839587688446044034e+00
-2.839587688446044034e+00
-2.839587688446044034e+00
-2.839587688446044034e+00
-2.839587688446044034e+00
-2.839587688446044034e+00
-2.839587688446044034e+00
-2.839587688446044034e+00
-2.839587688446044034e+00
-2.839587688446044034e+00
-2.839587688446044034e+00
-2.839587688446044034e+00
-2.839587688446044034e+00
-2.839587688446044034e+00
-2.839587688446044034e+00
-2.839587688446044034e+00
-2.839587688446044034e+00
-2.839587688446044034e+00
-2.839587688446044034e+00
-2.839587688446044034e+00
-2.839587688446044034e+00
-2.839587688446044034e+00
-2.839587688446044034e+00
-2.839587688446044034e+00
-2.839587688446044034e+00
-2.839587688446044034e+00
-2.839587688446044034e+00
-2.839587688446044034e+00
-2.839587688446044034e+00
-2.839587688446044034e+00
-2.839587688446044034e+00
-2.839587688446044034e+00
-2.839587688446044034e+00
-2.839587688446044034e+00
-2.839587688446044034e+00
-2.839587688446044034e+00
-2.839587688446044034e+00
-2.839587688446044034e+00
-2.839587688446044034e+00
-2.839587688446044034e+00
-2.839587688446044034e+00
-2.839587688446044034e+00
-2.839587688446044034e+00
-2.839587688446044034e+00
-2.839587688446044034e+00
-2.839587688446044034e+00
-2.839587688446044034e+00
-2.839587688446044034e+00
-2.839587688446044034e+00
-2.839587688446044034e+00
-2.839587688446044034e+00
-2.839587688446044034e+00
-2.839587688446044034e+00
-2.839587688446044034e+00
-2.839587688446044034e+00
-2.839587688446044034e+00
-2.839587688446044034e+00
-2.839587688446044034e+00
-2.839587688446044034e+00
-2.839587688446044034e+00
-2.839587688446044034e+00
-2.839587688446044034e+00
-2.839587688446044034e+00
-2.839587688446044034e+00
-2.839587688446044034e+00
-2.839587688446044034e+00
-2.839587688446044034e+00
-2.839587688446044034e+00
-2.839587688446044034e+00
-2.839587688446044034e+00
-2.839587688446044034e+00
-2.839587688446044034e+00
-2.839587688446044034e+00
-2.839587688446044034e+00
-2.839587688446044034e+00
-2.839587688446044034e+00
-2.839587688446044034e+00
-2.839587688446044034e+00
-2.839587688446044034e+00
-2.839587688446044034e+00
-2.839587688446044034e+00
-2.839587688446044034e+00
-2.839587688446044034e+00
-2.839587688446044034e+00
-2.839587688446044034e+00
-2.839587688446044034e+00
-2.839587688446044034e+00
-2.839587688446044034e+00
-2.839587688446044034e+00
-2.839587688446044034e+00
-2.839587688446044034e+00
-2.839587688446044034e+00
-2.839587688446044034e+00
-2.839587688446044034e+00
-2.839587688446044034e+00
-2.839587688446044034e+00
-2.839587688446044034e+00
-2.839587688446044034e+00
-2.839587688446044034e+00
-2.839587688446044034e+00
-2.839587688446044034e+00
-2.839587688446044034e+00
-2.839587688446044034e+00
-2.839587688446044034e+00
-2.839587688446044034e+00
-2.839587688446044034e+00
-2.839587688446044034e+00
-2.839587688446044034e+00
-2.839587688446044034e+00
-2.839587688446044034e+00
-2.839587688446044034e+00
-2.839587688446044034e+00
-2.839587688446044034e+00
-2.839587688446044034e+00
-2.839587688446044034e+00
-2.839587688446044034e+00
-2.839587688446044034e+00
-2.839587688446044034e+00
-2.839587688446044034e+00
-2.839587688446044034e+00
-2.839587688446044034e+00
-2.839587688446044034e+00
-2.839587688446044034e+00
-2.839587688446044034e+00
-2.839587688446044034e+00
-2.839587688446044034e+00
-2.839587688446044034e+00
-2.839587688446044034e+00
-2.839587688446044034e+00
-2.839587688446044034e+00
-2.839587688446044034e+00
-2.839587688446044034e+00
-2.839587688446044034e+00
-2.839587688446044034e+00
-2.839587688446044034e+00
-2.839587688446044034e+00
-2.839587688446044034e+00
-2.839587688446044034e+00
-2.839587688446044034e+00
-2.839587688446044034e+00
-2.839587688446044034e+00
-2.839587688446044034e+00
-2.839587688446044034e+00
-2.839587688446044034e+00
-2.839587688446044034e+00
-2.839587688446044034e+00
-2.839587688446044034e+00
-2.839587688446044034e+00
-2.839587688446044034e+00
-2.839587688446044034e+00
-2.839587688446044034e+00
-2.839587688446044034e+00
-2.839587688446044034e+00
-2.839587688446044034e+00
-2.839587688446044034e+00
-2.839587688446044034e+00
-2.839587688446044034e+00
-2.839587688446044034e+00
-2.839587688446044034e+00
-2.839587688446044034e+00
-2.839587688446044034e+00
-2.839587688446044034e+00
-2.839587688446044034e+00
-2.839587688446044034e+00
-2.839587688446044034e+00
-2.839587688446044034e+00
-2.839587688446044034e+00
-2.839587688446044034e+00
-2.839587688446044034e+00
-2.839587688446044034e+00
-2.839587688446044034e+00
-2.839587688446044034e+00
-2.839587688446044034e+00
-2.839587688446044034e+00
-2.839587688446044034e+00
-2.839587688446044034e+00
-2.839587688446044034e+00
-2.839587688446044034e+00
-2.839587688446044034e+00
-2.839587688446044034e+00
-2.839587688446044034e+00
-2.839587688446044034e+00
-2.839587688446044034e+00
-2.839587688446044034e+00
-2.839587688446044034e+00
-2.839587688446044034e+00
-2.839587688446044034e+00
-2.839587688446044034e+00
-2.839587688446044034e+00
-2.839587688446044034e+00
-2.839587688446044034e+00
-2.839587688446044034e+00
-2.839587688446044034e+00
-2.839587688446044034e+00
-2.839587688446044034e+00
-2.839587688446044034e+00
-2.839587688446044034e+00
-2.839587688446044034e+00
-2.839587688446044034e+00
-2.839587688446044034e+00
-2.839587688446044034e+00
-2.839587688446044034e+00
-2.839587688446044034e+00
-2.839587688446044034e+00
-2.839587688446044034e+00
-2.839587688446044034e+00
-2.839587688446044034e+00
-2.839587688446044034e+00
-2.839587688446044034e+00
-2.839587688446044034e+00
-2.839587688446044034e+00
-2.839587688446044034e+00
-2.839587688446044034e+00
-2.839587688446044034e+00
-2.839587688446044034e+00
-2.839587688446044034e+00
-2.839587688446044034e+00
-2.839587688446044034e+00
-2.839587688446044034e+00
-2.839587688446044034e+00
-2.839587688446044034e+00
-2.839587688446044034e+00
-2.839587688446044034e+00
-2.839587688446044034e+00
-2.839587688446044034e+00
-2.839587688446044034e+00
-2.839587688446044034e+00
-2.839587688446044034e+00
-2.839587688446044034e+00
-2.839587688446044034e+00
-2.839587688446044034e+00
-2.839587688446044034e+00
-2.839587688446044034e+00
-2.839587688446044034e+00
-2.839587688446044034e+00
-2.839587688446044034e+00
-2.839587688446044034e+00
-2.839587688446044034e+00
-2.839587688446044034e+00
-2.839587688446044034e+00
-2.839587688446044034e+00
-2.839587688446044034e+00
-2.839587688446044034e+00
-2.839587688446044034e+00
-2.839587688446044034e+00
-2.839587688446044034e+00
-2.839587688446044034e+00
-2.839587688446044034e+00
-2.839587688446044034e+00
-2.839587688446044034e+00
-2.839587688446044034e+00
-2.839587688446044034e+00
-2.839587688446044034e+00
-2.839587688446044034e+00
-2.839587688446044034e+00
-2.839587688446044034e+00
-2.839587688446044034e+00
-2.839587688446044034e+00
-2.839587688446044034e+00
-2.839587688446044034e+00
-2.839587688446044034e+00
-2.839587688446044034e+00
-2.839587688446044034e+00
-2.839587688446044034e+00
-2.839587688446044034e+00
-2.839587688446044034e+00
-2.839587688446044034e+00
-2.839587688446044034e+00
-2.839587688446044034e+00
-2.839587688446044034e+00
-2.839587688446044034e+00
-2.839587688446044034e+00
-2.839587688446044034e+00
-2.839587688446044034e+00
-2.839587688446044034e+00
-2.839587688446044034e+00
-2.839587688446044034e+00
-2.839587688446044034e+00
-2.839587688446044034e+00
-2.839587688446044034e+00
-2.839587688446044034e+00
-2.839587688446044034e+00
-2.839587688446044034e+00
-2.839587688446044034e+00
-2.839587688446044034e+00
-2.839587688446044034e+00
-2.839587688446044034e+00
-2.839587688446044034e+00
-2.839587688446044034e+00
-2.839587688446044034e+00
-2.839587688446044034e+00
-2.839587688446044034e+00
-2.839587688446044034e+00
-2.839587688446044034e+00
-2.839587688446044034e+00
-2.839587688446044034e+00
-2.839587688446044034e+00
-2.839587688446044034e+00
-2.839587688446044034e+00
-2.839587688446044034e+00
-2.839587688446044034e+00
-2.839587688446044034e+00
-2.839587688446044034e+00
-2.839587688446044034e+00
-2.839587688446044034e+00
-2.839587688446044034e+00
-2.839587688446044034e+00
-2.839587688446044034e+00
-2.839587688446044034e+00
-2.839587688446044034e+00
-2.839587688446044034e+00
-2.839587688446044034e+00
-2.839587688446044034e+00
-2.839587688446044034e+00
-2.839587688446044034e+00
-2.839587688446044034e+00
-2.839587688446044034e+00
-2.839587688446044034e+00
-2.839587688446044034e+00
-2.839587688446044034e+00
-2.839587688446044034e+00
-2.839587688446044034e+00
-2.839587688446044034e+00
-2.839587688446044034e+00
-2.839587688446044034e+00
-2.839587688446044034e+00
-2.839587688446044034e+00
-2.839587688446044034e+00
-2.839587688446044034e+00
-2.839587688446044034e+00
-2.839587688446044034e+00
-2.839587688446044034e+00
-2.839587688446044034e+00
-2.839587688446044034e+00
-2.839587688446044034e+00
-2.839587688446044034e+00
-2.839587688446044034e+00
-2.839587688446044034e+00
-2.839587688446044034e+00
-2.839587688446044034e+00
-2.839587688446044034e+00
-2.839587688446044034e+00
-2.839587688446044034e+00
-2.839587688446044034e+00
-2.839587688446044034e+00
-2.839587688446044034e+00
-2.839587688446044034e+00
-2.839587688446044034e+00
-2.839587688446044034e+00
-2.839587688446044034e+00
-2.839587688446044034e+00
-2.839587688446044034e+00
-2.839587688446044034e+00
-2.839587688446044034e+00
-2.839587688446044034e+00
-2.839587688446044034e+00
-2.839587688446044034e+00
-2.839587688446044034e+00
-2.839587688446044034e+00
-2.839587688446044034e+00
-2.839587688446044034e+00
-2.839587688446044034e+00
-2.839587688446044034e+00
-2.839587688446044034e+00
-2.839587688446044034e+00
-2.839587688446044034e+00
-2.839587688446044034e+00
-2.839587688446044034e+00
-2.839587688446044034e+00
-2.839587688446044034e+00
-2.839587688446044034e+00
-2.839587688446044034e+00
-2.839587688446044034e+00
-2.839587688446044034e+00
-2.839587688446044034e+00
-2.839587688446044034e+00
-2.839587688446044034e+00
-2.839587688446044034e+00
-2.839587688446044034e+00
-2.839587688446044034e+00
-2.839587688446044034e+00
-2.839587688446044034e+00
-2.839587688446044034e+00
-2.839587688446044034e+00
-2.839587688446044034e+00
-2.839587688446044034e+00
-2.839587688446044034e+00
-2.839587688446044034e+00
-2.839587688446044034e+00
-2.839587688446044034e+00
-2.839587688446044034e+00
-2.839587688446044034e+00
-2.839587688446044034e+00
-2.839587688446044034e+00
-2.839587688446044034e+00
-2.839587688446044034e+00
-2.839587688446044034e+00
-2.839587688446044034e+00
-2.839587688446044034e+00
-2.839587688446044034e+00
-2.839587688446044034e+00
-2.839587688446044034e+00
-2.839587688446044034e+00
-2.839587688446044034e+00
-2.839587688446044034e+00
-2.839587688446044034e+00
-2.839587688446044034e+00
-2.839587688446044034e+00
-2.839587688446044034e+00
-2.839587688446044034e+00
-2.839587688446044034e+00
-2.839587688446044034e+00
-2.839587688446044034e+00
-2.839587688446044034e+00
-2.839587688446044034e+00
-2.839587688446044034e+00
-2.839587688446044034e+00
-2.839587688446044034e+00
-2.839587688446044034e+00
-2.839587688446044034e+00
-2.839587688446044034e+00
-2.839587688446044034e+00
-2.839587688446044034e+00
-2.839587688446044034e+00
-2.839587688446044034e+00
-2.839587688446044034e+00
-2.839587688446044034e+00
-2.839587688446044034e+00
-2.839587688446044034e+00
-2.839587688446044034e+00
-2.839587688446044034e+00
-2.839587688446044034e+00
-2.839587688446044034e+00
-2.839587688446044034e+00
-2.839587688446044034e+00
-2.839587688446044034e+00
-2.839587688446044034e+00
-2.839587688446044034e+00
-2.839587688446044034e+00
-2.839587688446044034e+00
-2.839587688446044034e+00
-2.839587688446044034e+00
-2.839587688446044034e+00
-2.839587688446044034e+00
-2.839587688446044034e+00
-2.995701358604580200e+00
-2.995720474680851897e+00
-2.995777823099377901e+00
-2.995873404428463171e+00
-2.996007219612501160e+00
-2.996179269967808700e+00
-2.996389557176787122e+00
-2.996638083280418918e+00
-2.996924850669089757e+00
-2.997249862071742488e+00
-2.997613120543359155e+00
-2.998014629450764801e+00
-2.998454392456760598e+00
-2.998932413502572558e+00
-2.999448696788626911e+00
-3.000003246753637942e+00
-3.000596068052014953e+00
-3.001227165529577690e+00
-3.001896544197589556e+00
-3.002604209205089969e+00
-3.003350165809540506e+00
-3.004134419345769302e+00
-3.004956975193217694e+00
-3.005817838741486003e+00
-3.006717015354176681e+00
-3.007654510331027264e+00
-3.008630328868343806e+00
-3.009644476017718784e+00
-3.010696956643042377e+00
-3.011787775375803555e+00
-3.012916936568678761e+00
-3.014084444247408623e+00
-3.015290302060968042e+00
-3.016534513230022085e+00
-3.017817080493677473e+00
-3.019138006054527423e+00
-3.020497291521992977e+00
-3.021894937853970120e+00
-3.023330945296776040e+00
-3.024805313323415401e+00
-3.026318040570158185e+00
-3.027869124771447318e+00
-3.029458562693141399e+00
-3.031086350064100543e+00
-3.032752481506127751e+00
-3.034456950462283586e+00
-3.036199749123576819e+00
-3.037980868354059005e+00
-3.039800297614331015e+00
-3.041658024883484135e+00
-3.043554036579496191e+00
-3.045488317478103113e+00
-3.047460850630172580e+00
-3.049471617277602409e+00
-3.051519034871767566e+00
-3.053569624483778888e+00
-3.055609868377800353e+00
-3.057639772189524763e+00
-3.059659341844368718e+00
-3.061668583550768208e+00
-3.063667503793516822e+00
-3.065656109327145273e+00
-3.067634407169349764e+00
-3.069602404594461653e+00
-3.071560109126964200e+00
-3.073507528535054156e+00
-3.075444670824252658e+00
-3.077371544231059630e+00
-3.079288157216659272e+00
-3.081194518460672160e+00
-3.083090636854953104e+00
-3.084976521497443613e+00
-3.086852181686069230e+00
-3.088717626912687031e+00
-3.090572866857083323e+00
-3.092417911381021511e+00
-3.094252770522341489e+00
-3.096077454489105651e+00
-3.097891973653799980e+00
-3.099696338547581753e+00
-3.101490559854583662e+00
-3.103274648406261882e+00
-3.105048615175800997e+00
-3.106812471272567766e+00
-3.108566227936615078e+00
-3.110309896533239638e+00
-3.112043488547588499e+00
-3.113767015579317565e+00
-3.115480489337300707e+00
-3.117183921634391286e+00
-3.118877324382232086e+00
-3.120560709586119419e+00
-3.122234089339912533e+00
-3.123897475821000302e+00
-3.125550881285312776e+00
-3.127194318062383793e+00
-3.128827798550467332e+00
-3.130451335211696939e+00
-3.132064940567302003e+00
-3.133668627192866207e+00
-3.135262407713640620e+00
-3.136846294799901624e+00
-3.138420301162359483e+00
-3.139984439547613082e+00
-3.141538722733655753e+00
3.140102143654163402e+00
3.138567532429192841e+00
3.137042737925354263e+00
3.135526208481356658e+00
3.134008968144902152e+00
3.132489563370322916e+00
3.130967992206981521e+00
3.129444252738470045e+00
3.127918343082870312e+00
3.126390261393011905e+00
3.124860005856728851e+00
3.123327574697122522e+00
3.121792966172818762e+00
3.120256178578232120e+00
3.118717210243825644e+00
3.117176059536371557e+00
3.115632724859217717e+00
3.114087204652546959e+00
3.112539497393644883e+00
3.110989601597160092e+00
3.109437515815372421e+00
3.107883238638456724e+00
3.106326768694748441e+00
3.104768104651010940e+00
3.103207245212701970e+00
3.101644189124239670e+00
3.100078935169271688e+00
3.098511482170942966e+00
3.096941828992161749e+00
3.095369974535871371e+00
3.093795917745317592e+00
3.092219657604317273e+00
3.090641193137528386e+00
3.089060523410721348e+00
3.087477647531046809e+00
3.085892564647305658e+00
3.084305273950221693e+00
3.082715774672711184e+00
3.081124066090151992e+00
3.079530147520656680e+00
3.077934018325342080e+00
3.076335677908601518e+00
3.074735125718373485e+00
3.073132361246415645e+00
3.071527384028574392e+00
3.069920193645055750e+00
3.068310789720697151e+00
3.066699171925237444e+00
3.065085339973589562e+00
3.063469293626108758e+00
3.061851032688865271e+00
3.060230557013913888e+00
3.058607866499564398e+00
3.056982961090651152e+00
3.055355840778803955e+00
3.053726505602715857e+00
3.052094955648414487e+00
3.050461530312559955e+00
3.048827024436441935e+00
3.047191463518033050e+00
3.045554839526758428e+00
3.043917144445110967e+00
3.042278370268747256e+00
3.040638509006590606e+00
3.038997552680931857e+00
3.037355493327535072e+00
3.035712322995741452e+00
3.034068033748575921e+00
3.032422617662856812e+00
3.030776066829303783e+00
3.029128373352651948e+00
3.027479529351760679e+00
3.025829526959731730e+00
3.024178358324022931e+00
3.022526015606566308e+00
3.020872490983887104e+00
3.019217776647224571e+00
3.017561864802653204e+00
3.015904747671207531e+00
3.014246417489006902e+00
3.012586866507382055e+00
3.010926086993004791e+00
3.009264071228015869e+00
3.007600811510159122e+00
3.005936300152914242e+00
3.004270529485629559e+00
3.002603491853662376e+00
3.000935179618514415e+00
2.999265585157971703e+00
2.997594700866249351e+00
2.995922519154130548e+00
2.994249032449114445e+00
2.992574233195561817e+00
2.990898113854842943e+00
2.989220666905488599e+00
2.987541884843341933e+00
2.985861760181709901e+00
2.984180285451520920e+00
2.982497453201479853e+00
2.980813255998228772e+00
2.979127686426505051e+00
2.977440737089304346e+00
2.975752400608045800e+00
2.974062669622734578e+00
2.972371536792133284e+00
2.970678994793928052e+00
2.968985036324899962e+00
2.967289654101099128e+00
2.965592840858018331e+00
2.963894589350769326e+00
2.962194893283093933e+00
2.960498190913546601e+00
2.958808678251274582e+00
2.957126360382029695e+00
2.955451242187939531e+00
2.953783328350017001e+00
2.952122623350672548e+00
2.950469131476223250e+00
2.948822856819400595e+00
2.947183803281859138e+00
2.945551974576679388e+00
2.943927374230872918e+00
2.942310005587878141e+00
2.940699871810059651e+00
2.939096975881198670e+00
2.937501320608981281e+00
2.935912908627484441e+00
2.934331742399651333e+00
2.932757824219767606e+00
2.931191156215930516e+00
2.929631740352507396e+00
2.928079578432595476e+00
2.926534672100470136e+00
2.924997022844027406e+00
2.923466631997219345e+00
2.921943500742482769e+00
2.920427630113159534e+00
2.918919020995908387e+00
2.917417674133108818e+00
2.915923590125257370e+00
2.914436769433353724e+00
2.912957212381277472e+00
2.911484919158156881e+00
2.910019889820727457e+00
2.908562124295680729e+00
2.907111622382002381e+00
2.905668383753300610e+00
2.904232407960123830e+00
2.902803694432269932e+00
2.901382242481079565e+00
2.899968051301723637e+00
2.898561119975475719e+00
2.897161447471976459e+00
2.895769032651482888e+00
2.894383874267108858e+00
2.893005970967052143e+00
2.891635321296808669e+00
2.890271923701376977e+00
2.888915776527448021e+00
2.887566878025582984e+00
2.886225226352380879e+00
2.884890819572628384e+00
2.883563655661443015e+00
2.882243732506396761e+00
2.880929799677569125e+00
2.879597707443382504e+00
2.878238158256334778e+00
2.876851133365640578e+00
2.875436613593686630e+00
2.873994579366850655e+00
2.872525010746985075e+00
2.871027887463568629e+00
2.869503188946538330e+00
2.867950894359799552e+00
2.866370982635433773e+00
2.864763432508597774e+00
2.863128222553128932e+00
2.861465331217863284e+00
2.859774736863663236e+00
2.858056417801174920e+00
2.856310352329308966e+00
2.854536518774453580e+00
2.852734895530430137e+00
2.850905461099188631e+00
2.849048194132250966e+00
2.847163073472907424e+00
2.845250078199164978e+00
2.843309187667460325e+00
2.841340381557125649e+00
2.839343639915627104e+00
2.837318943204562238e+00
2.835266272346427474e+00
2.833185608772150310e+00
2.831076934469394679e+00
2.828940232031627033e+00
2.826775484707953368e+00
2.824582676453717411e+00
2.822361791981864432e+00
2.820112816815058654e+00
2.817835737338559632e+00
2.815530540853843799e+00
2.813197215632976533e+00
2.810835750973712965e+00
2.808446137255335096e+00
2.806028365995206109e+00
2.803582429906041007e+00
2.801108322953870911e+00
2.798606040416704577e+00
2.796075578943863160e+00
2.793516936615977109e+00
2.790930113005632762e+00
2.788315109238651335e+00
2.785671928055980739e+00
2.783000573876184269e+00
2.780301052858504818e+00
2.777573372966481990e+00
2.774817544032105676e+00
2.772033577820469663e+00
2.769239558412654567e+00
2.766534922647570394e+00
2.763934857848965976e+00
2.761439391306200086e+00
2.759048542548685035e+00
2.756762324164049538e+00
2.754580742582811936e+00
2.752503798829247117e+00
2.750531489238197569e+00
2.748663806137630949e+00
2.746900738496792282e+00
2.745242272539848649e+00
2.743688392324945546e+00
2.742239080288650488e+00
2.740894317755755427e+00
2.739654085414460649e+00
2.738518363756963669e+00
2.737487133485493107e+00
2.736560375883849261e+00
2.735738073154499794e+00
2.735020208721305135e+00
2.734406767497934432e+00
2.733897736122038680e+00
2.733493103155237858e+00
2.733192859248984696e+00
2.732996997276349926e+00
2.732905512429767647e+00
2.732918402284775450e+00
2.733035666829772836e+00
2.733257308461798818e+00
2.733583331948338913e+00
2.734013744355141995e+00
2.734548554940029241e+00
2.735187775012660083e+00
2.735931417760218753e+00
2.736779498038964586e+00
2.737732032131595883e+00
2.738789037470367393e+00
2.739950532325889032e+00
2.741216535461557857e+00
2.742587065753539388e+00
2.744062141776264063e+00
2.745641781353368227e+00
2.747326001074059221e+00
2.749114815774868603e+00
2.751008237986799276e+00
2.753006277347878505e+00
2.755108939981170124e+00
2.757316227838325862e+00
2.759628138008793918e+00
2.762044661994842887e+00
2.764565784952624394e+00
2.767191484899527154e+00
2.769921731888162153e+00
2.772716773368378185e+00
2.775487602575237744e+00
2.778230886201945804e+00
2.780946615022336310e+00
2.783634781641254108e+00
2.786295380432716406e+00
2.788928407478572069e+00
2.791533860507679154e+00
2.794111738835622027e+00
2.796662043304988465e+00
2.799184776226220972e+00
2.801679941319062284e+00
2.804147543654610608e+00
2.806587589597997034e+00
2.809000086751699765e+00
2.811385043899508940e+00
2.813742470951149599e+00
2.816072378887574779e+00
2.818374779706942057e+00
2.820649686371273557e+00
2.822897112753812277e+00
2.825117073587083638e+00
2.827309584411660026e+00
2.829474661525640311e+00
2.831612321934844356e+00
2.833722583303729614e+00
2.835805463907026258e+00
2.837860982582099290e+00
2.839889158682035397e+00
2.841890012029455903e+00
2.843863562871052242e+00
2.845809831832853742e+00
2.847728839876212614e+00
2.849620608254516352e+00
2.851485158470617343e+00
2.853322512234981012e+00
2.855132691424550728e+00
2.856915718042322361e+00
2.858671614177625830e+00
2.860400401967110540e+00
2.862102103556430244e+00
2.863776741062620701e+00
2.865424336537167438e+00
2.867044911929755635e+00
2.868638489052696805e+00
2.870205089546032706e+00
2.871744734843296065e+00
2.873257446137939652e+00
2.874743244350411953e+00
2.876202150095884313e+00
2.877634183652614475e+00
2.879039364930942924e+00
2.880417713442918526e+00
2.881769261854570274e+00
2.883110711449288210e+00
2.884456939167317824e+00
2.885807944384441548e+00
2.887163726398795927e+00
2.888524284429943023e+00
2.889889617617942275e+00
2.891259725022417015e+00
2.892634605621623667e+00
2.894014258311514709e+00
2.895398681904803428e+00
2.896787875130026446e+00
2.898181836630604469e+00
2.899580564963902596e+00
2.900984058600287963e+00
2.902392315922187827e+00
2.903805335223148099e+00
2.905223114706886989e+00
2.906645652486350873e+00
2.908072946582769713e+00
2.909504994924711596e+00
2.910941795347135930e+00
2.912383345590446204e+00
2.913829643299546301e+00
2.915280686022890588e+00
2.916736471211540671e+00
2.918196996218217265e+00
2.919662258296355173e+00
2.921132254599157374e+00
2.922606982178651336e+00
2.924086437984744880e+00
2.925570618864281602e+00
2.927059521560101185e+00
2.928553142710096591e+00
2.930051478846274371e+00
2.931554526393818971e+00
2.933062281670152149e+00
2.934574740883999944e+00
2.936091900134460975e+00
2.937613755410072081e+00
2.939140302587881504e+00
2.940671537432520743e+00
2.942207455595282184e+00
2.943748052613194055e+00
2.945293323908103833e+00
2.946843264785762528e+00
2.948397870434908530e+00
2.949957135926360774e+00
2.951521056212110583e+00
2.953089626124418832e+00
2.954662840374916222e+00
2.956240693553709775e+00
2.957823180128488438e+00
2.959410294443637124e+00
2.961002164219280086e+00
2.962601132527364900e+00
2.964208068952953301e+00
2.965822987853415693e+00
2.967445903566767740e+00
2.969076830408725165e+00
2.970715782669720806e+00
2.972362774611893688e+00
2.974017820466043016e+00
2.975680934428547531e+00
2.977352130658254215e+00
2.979031423273329704e+00
2.980718826348079720e+00
2.982414353909734306e+00
2.984118019935198873e+00
2.985829838347767051e+00
2.987549823013802897e+00
2.989277987739387132e+00
2.991014346266925195e+00
2.992758912271723748e+00
2.994511699358527235e+00
2.996272721058023336e+00
2.998041990823308911e+00
2.999819522026321295e+00
3.001605327954231850e+00
3.003399421805806657e+00
3.005201816687726346e+00
3.007012525610872622e+00
3.008831561486575712e+00
3.010658937122828060e+00
3.012494665220457613e+00
3.014338758369267346e+00
3.016191229044136168e+00
3.018052089601082510e+00
3.019921352273293724e+00
3.021799029167115513e+00
3.023685132258004504e+00
3.025579673386447066e+00
3.027482664253838163e+00
3.029394116418324678e+00
3.031314041290610106e+00
3.033242450129727708e+00
3.035179354038770150e+00
3.037124763960589391e+00
3.039078690673453487e+00
3.041041144786674977e+00
3.043012136736195750e+00
3.044991676780142598e+00
3.046979774994341916e+00
3.048976441267802873e+00
3.050981685298163271e+00
3.052995516587101665e+00
3.055017944435714838e+00
3.057048977939860634e+00
3.059081937544856800e+00
3.061082047437508447e+00
3.063044301523222490e+00
3.064968679961145970e+00
3.066855164709565873e+00
3.068703739443983114e+00
3.070514389476605377e+00
3.072287101677284582e+00
3.074021864395913628e+00
3.075718667386318383e+00
3.077377501731652476e+00
3.078998359771322857e+00
3.080581235029458576e+00
3.082126122144940528e+00
3.083633016803004612e+00
3.085101915668432948e+00
3.086532816320346040e+00
3.087925717188599872e+00
3.089280617491805270e+00
3.090597517176972620e+00
3.091876416860789512e+00
3.093117317772538399e+00
3.094320221698660056e+00
3.095485130928964601e+00
3.096612048204497203e+00
3.097700976667056683e+00
3.098751919810374567e+00
3.099764881432953256e+00
3.100739865592559763e+00
3.101676876562389218e+00
3.102575918788881282e+00
3.103436996851200114e+00
3.104260115422374788e+00
3.105045279232098832e+00
3.105792493031185764e+00
3.106501761557681096e+00
3.107173089504629893e+00
3.107806481489496342e+00
3.108401942025233122e+00
3.108959475493001001e+00
3.109479086116532009e+00
3.109960777938140186e+00
3.110404554796372345e+00
3.110810420305299751e+00
3.111178377835447595e+00
3.111508430496359612e+00
3.111800581120800047e+00
3.112054832250582326e+00
3.112271186124035971e+00
3.112449644665095327e+00
3.112590209474022540e+00
3.112692881819753676e+00
3.112757662633871991e+00
3.112784552506206115e+00
3.112784552506206115e+00
3.112784552506206115e+00
3.112784552506206115e+00
3.112784552506206115e+00
3.112784552506206115e+00
3.112784552506206115e+00
3.112784552506206115e+00
3.112784552506206115e+00
3.112784552506206115e+00
3.112784552506206115e+00
3.112784552506206115e+00
3.112784552506206115e+00
3.112784552506206115e+00
3.112784552506206115e+00
3.112784552506206115e+00
3.112784552506206115e+00
3.112784552506206115e+00
3.112784552506206115e+00
3.112784552506206115e+00
3.112784552506206115e+00
3.112784552506206115e+00
3.112784552506206115e+00
3.112784552506206115e+00
3.112784552506206115e+00
3.112784552506206115e+00
3.112784552506206115e+00
3.112784552506206115e+00
3.112784552506206115e+00
3.112784552506206115e+00
3.112784552506206115e+00
3.112784552506206115e+00
3.112784552506206115e+00
3.112784552506206115e+00
3.112784552506206115e+00
3.112784552506206115e+00
3.112784552506206115e+00
3.112784552506206115e+00
3.112784552506206115e+00
3.112784552506206115e+00
3.112784552506206115e+00
3.112784552506206115e+00
3.112784552506206115e+00
3.112784552506206115e+00
3.112784552506206115e+00
3.112784552506206115e+00
3.112784552506206115e+00
3.112784552506206115e+00
3.112784552506206115e+00
3.112784552506206115e+00
3.112784552506206115e+00
3.112784552506206115e+00
3.112784552506206115e+00
3.112784552506206115e+00
3.112784552506206115e+00
3.112784552506206115e+00
3.112784552506206115e+00
3.112784552506206115e+00
3.112784552506206115e+00
3.112784552506206115e+00
3.112784552506206115e+00
3.112784552506206115e+00
3.112784552506206115e+00
3.112784552506206115e+00
3.112784552506206115e+00
3.112784552506206115e+00
3.112784552506206115e+00
3.112784552506206115e+00
3.112784552506206115e+00
3.112784552506206115e+00
3.112784552506206115e+00
3.112784552506206115e+00
3.112784552506206115e+00
3.112784552506206115e+00
3.112784552506206115e+00
3.112784552506206115e+00
3.112784552506206115e+00
3.112784552506206115e+00
3.112784552506206115e+00
3.112784552506206115e+00
3.112784552506206115e+00
3.112784552506206115e+00
3.112784552506206115e+00
3.112784552506206115e+00
3.112784552506206115e+00
3.112784552506206115e+00
3.112784552506206115e+00
3.112784552506206115e+00
3.112784552506206115e+00
3.112784552506206115e+00
3.112784552506206115e+00
3.112784552506206115e+00
3.112784552506206115e+00
3.112784552506206115e+00
3.112784552506206115e+00
3.112784552506206115e+00
3.112784552506206115e+00
3.112784552506206115e+00
3.112784552506206115e+00
3.112784552506206115e+00
3.112784552506206115e+00
3.112784552506206115e+00
3.112784552506206115e+00
3.112784552506206115e+00
3.112784552506206115e+00
3.112784552506206115e+00
3.112784552506206115e+00
3.112784552506206115e+00
3.112784552506206115e+00
3.112784552506206115e+00
3.112784552506206115e+00
3.112784552506206115e+00
3.112784552506206115e+00
3.112784552506206115e+00
3.112784552506206115e+00
3.112784552506206115e+00
3.112784552506206115e+00
3.112784552506206115e+00
3.112784552506206115e+00
3.112784552506206115e+00
3.112784552506206115e+00
3.112784552506206115e+00
3.112784552506206115e+00
3.112784552506206115e+00
3.112784552506206115e+00
3.112784552506206115e+00
3.112784552506206115e+00
3.112784552506206115e+00
3.112784552506206115e+00
3.112784552506206115e+00
3.112784552506206115e+00
3.112784552506206115e+00
3.112784552506206115e+00
3.112784552506206115e+00
3.112784552506206115e+00
3.112784552506206115e+00
3.112784552506206115e+00
3.112784552506206115e+00
3.112784552506206115e+00
3.112784552506206115e+00
3.112784552506206115e+00
3.112784552506206115e+00
3.112784552506206115e+00
3.112784552506206115e+00
3.112784552506206115e+00
3.112784552506206115e+00
3.112784552506206115e+00
3.112784552506206115e+00
3.112784552506206115e+00
3.112784552506206115e+00
3.112784552506206115e+00
3.112784552506206115e+00
3.112784552506206115e+00
3.112784552506206115e+00
3.112784552506206115e+00
3.112784552506206115e+00
3.112784552506206115e+00
3.112784552506206115e+00
3.112784552506206115e+00
3.112784552506206115e+00
3.112784552506206115e+00
3.112784552506206115e+00
3.112784552506206115e+00
3.112784552506206115e+00
3.112784552506206115e+00
3.112784552506206115e+00
3.112784552506206115e+00
3.112784552506206115e+00
3.112784552506206115e+00
3.112784552506206115e+00
3.112784552506206115e+00
3.112784552506206115e+00
3.112784552506206115e+00
3.112784552506206115e+00
3.112784552506206115e+00
3.112784552506206115e+00
3.112784552506206115e+00
3.112784552506206115e+00
3.112784552506206115e+00
3.112784552506206115e+00
3.112784552506206115e+00
3.112784552506206115e+00
3.112784552506206115e+00
3.112784552506206115e+00
3.112784552506206115e+00
3.112784552506206115e+00
3.112784552506206115e+00
3.112784552506206115e+00
3.112784552506206115e+00
3.112784552506206115e+00
3.112784552506206115e+00
3.112784552506206115e+00
3.112784552506206115e+00
3.112784552506206115e+00
3.112784552506206115e+00
3.112784552506206115e+00
3.112784552506206115e+00
3.112784552506206115e+00
3.112784552506206115e+00
3.112784552506206115e+00
3.112784552506206115e+00
3.112784552506206115e+00
3.112784552506206115e+00
3.112784552506206115e+00
3.112784552506206115e+00
3.112784552506206115e+00
3.112784552506206115e+00
3.112784552506206115e+00
3.112784552506206115e+00
3.112784552506206115e+00
3.112784552506206115e+00
3.112784552506206115e+00
3.112784552506206115e+00
3.112784552506206115e+00
3.112784552506206115e+00
3.112784552506206115e+00
3.112784552506206115e+00
3.112784552506206115e+00
3.112784552506206115e+00
3.112784552506206115e+00
3.112784552506206115e+00
3.112784552506206115e+00
3.112784552506206115e+00
3.112784552506206115e+00
3.112784552506206115e+00
3.112784552506206115e+00
3.112784552506206115e+00
3.112784552506206115e+00
3.112784552506206115e+00
3.112784552506206115e+00
3.112784552506206115e+00
3.112784552506206115e+00
3.112784552506206115e+00
3.112784552506206115e+00
3.112784552506206115e+00
3.112784552506206115e+00
3.112784552506206115e+00
3.112784552506206115e+00
3.112784552506206115e+00
3.112784552506206115e+00
3.112784552506206115e+00
3.112784552506206115e+00
3.112784552506206115e+00
3.112784552506206115e+00
3.112784552506206115e+00
3.112784552506206115e+00
3.112784552506206115e+00
3.112784552506206115e+00
3.112784552506206115e+00
3.112784552506206115e+00
3.112784552506206115e+00
3.112784552506206115e+00
3.112784552506206115e+00
3.112784552506206115e+00
3.112784552506206115e+00
3.112784552506206115e+00
3.112784552506206115e+00
3.112784552506206115e+00
3.112784552506206115e+00
3.112784552506206115e+00
3.112784552506206115e+00
3.112784552506206115e+00
3.112784552506206115e+00
3.112784552506206115e+00
3.112784552506206115e+00
3.112784552506206115e+00
3.112784552506206115e+00
3.112784552506206115e+00
3.112784552506206115e+00
3.112784552506206115e+00
3.112784552506206115e+00
3.112784552506206115e+00
3.112784552506206115e+00
3.112784552506206115e+00
3.112784552506206115e+00
3.112784552506206115e+00
3.112784552506206115e+00
3.112784552506206115e+00
3.112784552506206115e+00
3.112784552506206115e+00
3.112784552506206115e+00
3.112784552506206115e+00
3.112784552506206115e+00
3.112784552506206115e+00
3.112784552506206115e+00
3.112784552506206115e+00
3.112784552506206115e+00
3.112784552506206115e+00
3.112784552506206115e+00
3.112784552506206115e+00
3.112784552506206115e+00
3.112784552506206115e+00
3.112784552506206115e+00
3.112784552506206115e+00
3.112784552506206115e+00
3.112784552506206115e+00
3.112784552506206115e+00
3.112784552506206115e+00
3.112784552506206115e+00
3.112784552506206115e+00
3.112784552506206115e+00
3.112784552506206115e+00
3.112784552506206115e+00
3.112784552506206115e+00
3.112784552506206115e+00
3.112784552506206115e+00
3.112784552506206115e+00
3.112784552506206115e+00
3.112784552506206115e+00
3.112784552506206115e+00
3.112784552506206115e+00
3.112784552506206115e+00
3.112784552506206115e+00
3.112784552506206115e+00
3.112784552506206115e+00
3.112784552506206115e+00
3.112784552506206115e+00
3.112784552506206115e+00
3.112784552506206115e+00
3.112784552506206115e+00
3.112784552506206115e+00
3.112784552506206115e+00
3.112784552506206115e+00
3.112784552506206115e+00
3.112784552506206115e+00
3.112784552506206115e+00
3.112784552506206115e+00
3.112784552506206115e+00
3.112784552506206115e+00
3.112784552506206115e+00
3.112784552506206115e+00
3.112784552506206115e+00
3.112784552506206115e+00
3.112784552506206115e+00
3.112784552506206115e+00
3.112784552506206115e+00
3.112784552506206115e+00
3.112784552506206115e+00
3.112784552506206115e+00
3.112784552506206115e+00
3.112784552506206115e+00
3.112784552506206115e+00
3.112784552506206115e+00
3.112784552506206115e+00
3.112784552506206115e+00
3.112784552506206115e+00
3.112784552506206115e+00
3.112784552506206115e+00
3.112784552506206115e+00
3.112784552506206115e+00
3.112784552506206115e+00
3.112784552506206115e+00
3.112784552506206115e+00
3.112784552506206115e+00
3.112784552506206115e+00
3.112784552506206115e+00
3.112784552506206115e+00
3.112784552506206115e+00
3.112784552506206115e+00
3.112784552506206115e+00
3.112784552506206115e+00
3.112784552506206115e+00
3.112784552506206115e+00
3.112784552506206115e+00
3.112784552506206115e+00
3.112784552506206115e+00
3.112784552506206115e+00
3.112784552506206115e+00
3.112784552506206115e+00
3.112784552506206115e+00
3.112784552506206115e+00
3.112784552506206115e+00
3.112784552506206115e+00
3.112784552506206115e+00
3.112784552506206115e+00
3.112784552506206115e+00
3.112784552506206115e+00
3.112784552506206115e+00
3.112784552506206115e+00
3.112784552506206115e+00
3.112784552506206115e+00
3.112784552506206115e+00
3.112784552506206115e+00
3.112784552506206115e+00
3.112784552506206115e+00
3.112784552506206115e+00
3.112784552506206115e+00
3.112784552506206115e+00
3.112784552506206115e+00
3.112784552506206115e+00
3.112784552506206115e+00
3.112784552506206115e+00
3.112784552506206115e+00
3.112784552506206115e+00
3.112784552506206115e+00
3.112784552506206115e+00
3.112784552506206115e+00
3.112784552506206115e+00
3.112784552506206115e+00
3.112784552506206115e+00
3.112784552506206115e+00
3.112784552506206115e+00
3.112784552506206115e+00
3.112784552506206115e+00
3.112784552506206115e+00
3.112784552506206115e+00
3.112784552506206115e+00
3.112784552506206115e+00
3.112784552506206115e+00
3.112784552506206115e+00
3.112784552506206115e+00
3.112784552506206115e+00
3.112784552506206115e+00
3.112784552506206115e+00
3.112784552506206115e+00
3.112784552506206115e+00
3.112784552506206115e+00
3.112784552506206115e+00
3.112784552506206115e+00
3.112784552506206115e+00
3.112784552506206115e+00
3.112784552506206115e+00
3.112784552506206115e+00
3.112784552506206115e+00
3.112784552506206115e+00
3.112784552506206115e+00
3.112784552506206115e+00
3.112784552506206115e+00
3.112784552506206115e+00
3.112784552506206115e+00
3.112784552506206115e+00
3.112784552506206115e+00
3.112784552506206115e+00
3.112784552506206115e+00
3.112784552506206115e+00
3.112784552506206115e+00
3.112784552506206115e+00
3.112784552506206115e+00
3.112784552506206115e+00
3.112784552506206115e+00
3.112784552506206115e+00
3.112784552506206115e+00
3.112784552506206115e+00
3.112784552506206115e+00
3.112784552506206115e+00
3.112784552506206115e+00
3.112784552506206115e+00
3.112784552506206115e+00
3.112784552506206115e+00
3.112784552506206115e+00
3.112784552506206115e+00
3.112784552506206115e+00
3.112784552506206115e+00
3.112784552506206115e+00
3.112784552506206115e+00
3.112784552506206115e+00
3.112784552506206115e+00
3.112784552506206115e+00
3.112784552506206115e+00
3.112784552506206115e+00
3.112784552506206115e+00
3.112784552506206115e+00
3.112784552506206115e+00
3.112784552506206115e+00
3.112784552506206115e+00
3.112784552506206115e+00
3.112784552506206115e+00
3.112784552506206115e+00
3.112784552506206115e+00
3.112784552506206115e+00
3.112784552506206115e+00
3.112784552506206115e+00
3.112784552506206115e+00
3.112784552506206115e+00
3.112784552506206115e+00
3.112784552506206115e+00
3.112784552506206115e+00
3.112784552506206115e+00
3.112784552506206115e+00
3.112784552506206115e+00
3.112784552506206115e+00
3.112784552506206115e+00
3.112784552506206115e+00
3.112784552506206115e+00
3.112784552506206115e+00
3.112784552506206115e+00
3.112784552506206115e+00
3.112784552506206115e+00
3.112784552506206115e+00
3.112784552506206115e+00
3.112784552506206115e+00
3.112784552506206115e+00
3.112784552506206115e+00
3.112784552506206115e+00
3.112784552506206115e+00
3.112784552506206115e+00
3.112784552506206115e+00
3.112784552506206115e+00
3.112784552506206115e+00
3.112784552506206115e+00
3.112784552506206115e+00
3.112784552506206115e+00
3.112784552506206115e+00
3.112784552506206115e+00
3.112784552506206115e+00
3.112784552506206115e+00
3.112784552506206115e+00
3.112784552506206115e+00
3.112784552506206115e+00
3.112784552506206115e+00
3.112784552506206115e+00
3.112784552506206115e+00
3.112784552506206115e+00
3.112784552506206115e+00
3.112784552506206115e+00
3.112784552506206115e+00
3.112784552506206115e+00
3.112784552506206115e+00
3.112784552506206115e+00
3.112784552506206115e+00
3.112784552506206115e+00
3.112784552506206115e+00
3.112784552506206115e+00
3.112784552506206115e+00
3.112784552506206115e+00
3.112784552506206115e+00
3.112784552506206115e+00
3.112784552506206115e+00
3.112784552506206115e+00
3.112784552506206115e+00
3.112784552506206115e+00
3.112784552506206115e+00
3.112784552506206115e+00
3.112784552506206115e+00
3.112784552506206115e+00
3.112784552506206115e+00
3.112784552506206115e+00
3.112784552506206115e+00
3.112784552506206115e+00
3.112784552506206115e+00
3.112784552506206115e+00
3.112784552506206115e+00
3.112784552506206115e+00
3.112784552506206115e+00
3.112784552506206115e+00
3.112784552506206115e+00
3.112784552506206115e+00
3.112784552506206115e+00
3.112784552506206115e+00
3.112784552506206115e+00
3.112784552506206115e+00
3.112784552506206115e+00
3.112784552506206115e+00
3.112784552506206115e+00
3.112784552506206115e+00
3.112784552506206115e+00
3.112784552506206115e+00
3.112784552506206115e+00
3.112784552506206115e+00
3.112784552506206115e+00
3.112784552506206115e+00
3.112784552506206115e+00
3.112784552506206115e+00
3.112784552506206115e+00
3.112784552506206115e+00
3.112784552506206115e+00
3.112784552506206115e+00
3.112784552506206115e+00
3.112784552506206115e+00
3.112784552506206115e+00
3.112784552506206115e+00
3.112784552506206115e+00
3.112784552506206115e+00
3.112784552506206115e+00
3.112784552506206115e+00
3.112784552506206115e+00
3.112784552506206115e+00
3.112784552506206115e+00
3.112784552506206115e+00
3.112784552506206115e+00
3.112784552506206115e+00
3.112784552506206115e+00
3.112784552506206115e+00
3.112784552506206115e+00
3.112784552506206115e+00
3.112784552506206115e+00
3.112784552506206115e+00
3.112784552506206115e+00
3.112784552506206115e+00
3.112784552506206115e+00
3.112784552506206115e+00
3.112784552506206115e+00
3.112784552506206115e+00
3.112784552506206115e+00
3.112784552506206115e+00
3.112784552506206115e+00
3.112784552506206115e+00
3.112784552506206115e+00
3.112784552506206115e+00
3.112784552506206115e+00
3.112784552506206115e+00
3.112784552506206115e+00
3.112784552506206115e+00
3.112784552506206115e+00
3.112784552506206115e+00
3.112784552506206115e+00
3.112784552506206115e+00
3.112784552506206115e+00
3.112784552506206115e+00
3.112784552506206115e+00
3.112784552506206115e+00
3.112784552506206115e+00
3.112784552506206115e+00
3.112784552506206115e+00
3.112784552506206115e+00
3.112784552506206115e+00
3.112784552506206115e+00
3.112784552506206115e+00
3.112784552506206115e+00
3.112784552506206115e+00
3.112784552506206115e+00
3.112784552506206115e+00
3.112784552506206115e+00
3.112784552506206115e+00
3.112784552506206115e+00
3.112784552506206115e+00
3.112784552506206115e+00
3.112784552506206115e+00
3.112784552506206115e+00
3.112784552506206115e+00
3.112784552506206115e+00
3.112784552506206115e+00
3.112784552506206115e+00
3.112784552506206115e+00
3.112784552506206115e+00
3.112784552506206115e+00
3.112784552506206115e+00
3.112784552506206115e+00
3.112784552506206115e+00
3.112784552506206115e+00
3.112784552506206115e+00
3.112784552506206115e+00
3.112784552506206115e+00
3.112784552506206115e+00
3.112784552506206115e+00
3.112784552506206115e+00
3.112784552506206115e+00
3.112784552506206115e+00
3.112784552506206115e+00
3.112784552506206115e+00
3.112784552506206115e+00
3.112784552506206115e+00
3.112784552506206115e+00
3.112784552506206115e+00
3.112784552506206115e+00
3.112784552506206115e+00
3.112784552506206115e+00
3.112784552506206115e+00
3.112784552506206115e+00
3.112784552506206115e+00
3.112784552506206115e+00
3.112784552506206115e+00
3.112784552506206115e+00
3.112784552506206115e+00
3.112784552506206115e+00
3.112784552506206115e+00
3.112784552506206115e+00
3.112784552506206115e+00
3.112784552506206115e+00
3.112784552506206115e+00
3.112784552506206115e+00
3.112784552506206115e+00
3.112784552506206115e+00
3.112784552506206115e+00
3.112784552506206115e+00
3.112784552506206115e+00
3.112784552506206115e+00
3.112784552506206115e+00
3.112784552506206115e+00
3.112784552506206115e+00
3.112784552506206115e+00
3.112784552506206115e+00
3.112784552506206115e+00
3.112784552506206115e+00
3.112784552506206115e+00
3.112784552506206115e+00
3.112784552506206115e+00
3.112784552506206115e+00
3.112784552506206115e+00
3.112784552506206115e+00
3.112784552506206115e+00
3.112784552506206115e+00
3.112784552506206115e+00
3.112784552506206115e+00
3.112784552506206115e+00
3.112784552506206115e+00
3.112784552506206115e+00
3.112784552506206115e+00
3.112784552506206115e+00
3.112784552506206115e+00
3.112784552506206115e+00
3.112784552506206115e+00
3.112784552506206115e+00
3.112784552506206115e+00
3.112784552506206115e+00
3.112784552506206115e+00
3.112784552506206115e+00
3.112784552506206115e+00
3.112784552506206115e+00
3.112784552506206115e+00
3.112784552506206115e+00
3.112784552506206115e+00
3.112784552506206115e+00
3.112784552506206115e+00
3.112784552506206115e+00
3.112784552506206115e+00
3.112784552506206115e+00
3.112784552506206115e+00
3.112784552506206115e+00
3.112784552506206115e+00
3.112784552506206115e+00
3.112784552506206115e+00
3.112784552506206115e+00
3.112784552506206115e+00
3.112784552506206115e+00
3.112784552506206115e+00
3.112784552506206115e+00
3.112784552506206115e+00
3.112784552506206115e+00
3.112784552506206115e+00
3.112784552506206115e+00
3.112784552506206115e+00
3.112784552506206115e+00
3.112784552506206115e+00
3.112784552506206115e+00
3.112784552506206115e+00
3.112784552506206115e+00
3.112784552506206115e+00
3.112784552506206115e+00
3.112784552506206115e+00
3.112784552506206115e+00
3.112784552506206115e+00
3.112784552506206115e+00
3.112784552506206115e+00
3.112784552506206115e+00
3.112784552506206115e+00
3.112784552506206115e+00
3.112784552506206115e+00
3.112784552506206115e+00
3.112784552506206115e+00
3.112784552506206115e+00
3.112784552506206115e+00
3.112784552506206115e+00
3.112784552506206115e+00
3.112784552506206115e+00
3.112784552506206115e+00
3.112784552506206115e+00
3.112784552506206115e+00
3.112784552506206115e+00
3.112784552506206115e+00
3.112784552506206115e+00
3.112784552506206115e+00
3.112784552506206115e+00
3.112784552506206115e+00
3.112784552506206115e+00
3.112784552506206115e+00
3.112784552506206115e+00
3.112784552506206115e+00
3.112784552506206115e+00
3.112784552506206115e+00
3.112784552506206115e+00
3.112784552506206115e+00
3.112784552506206115e+00
3.112784552506206115e+00
3.112784552506206115e+00
3.112784552506206115e+00
3.112784552506206115e+00
3.112784552506206115e+00
3.112784552506206115e+00
3.112784552506206115e+00
3.112784552506206115e+00
3.112784552506206115e+00
3.112784552506206115e+00
3.112784552506206115e+00
3.112784552506206115e+00
3.112784552506206115e+00
3.112784552506206115e+00
3.112784552506206115e+00
3.112784552506206115e+00
3.112784552506206115e+00
3.112784552506206115e+00
3.112784552506206115e+00
3.112784552506206115e+00
3.112784552506206115e+00
3.112784552506206115e+00
3.112784552506206115e+00
3.112784552506206115e+00
3.112784552506206115e+00
3.112784552506206115e+00
3.112784552506206115e+00
3.112784552506206115e+00
3.112784552506206115e+00
3.112784552506206115e+00
3.112784552506206115e+00
3.112784552506206115e+00
3.112784552506206115e+00
3.112784552506206115e+00
3.112784552506206115e+00
3.112784552506206115e+00
3.112784552506206115e+00
3.112784552506206115e+00
3.112784552506206115e+00
3.112784552506206115e+00
3.112784552506206115e+00
3.112784552506206115e+00
3.112784552506206115e+00
3.112784552506206115e+00
3.112784552506206115e+00
3.112784552506206115e+00
3.112784552506206115e+00
3.112784552506206115e+00
3.112784552506206115e+00
3.112784552506206115e+00
3.112784552506206115e+00
3.112784552506206115e+00
3.112784552506206115e+00
3.112784552506206115e+00
3.112784552506206115e+00
3.112784552506206115e+00
3.112784552506206115e+00
3.112784552506206115e+00
3.112784552506206115e+00
3.112784552506206115e+00
3.112784552506206115e+00
3.112784552506206115e+00
3.112784552506206115e+00
3.112784552506206115e+00
3.112784552506206115e+00
3.112784552506206115e+00
3.112784552506206115e+00
3.112784552506206115e+00
3.112784552506206115e+00
3.112784552506206115e+00
3.112784552506206115e+00
3.112784552506206115e+00
3.112784552506206115e+00
3.112784552506206115e+00
3.112784552506206115e+00
3.112784552506206115e+00
3.112784552506206115e+00
3.112784552506206115e+00
3.112784552506206115e+00
3.112784552506206115e+00
3.112784552506206115e+00
3.112784552506206115e+00
3.112784552506206115e+00
3.112784552506206115e+00
3.112784552506206115e+00
3.112784552506206115e+00
3.112784552506206115e+00
3.112784552506206115e+00
3.112784552506206115e+00
3.112784552506206115e+00
3.112784552506206115e+00
3.112784552506206115e+00
3.112784552506206115e+00
3.112784552506206115e+00
3.112784552506206115e+00
3.112784552506206115e+00
3.112784552506206115e+00
3.112784552506206115e+00
3.112784552506206115e+00
3.112784552506206115e+00
3.112784552506206115e+00
3.112784552506206115e+00
3.112784552506206115e+00
3.112784552506206115e+00
3.112784552506206115e+00
3.112784552506206115e+00
3.112784552506206115e+00
3.112784552506206115e+00
3.112784552506206115e+00
3.112784552506206115e+00
3.112784552506206115e+00
3.112784552506206115e+00
3.112784552506206115e+00
3.112784552506206115e+00
3.112784552506206115e+00
3.112784552506206115e+00
3.112784552506206115e+00
3.112784552506206115e+00
3.112784552506206115e+00
3.112784552506206115e+00
3.112784552506206115e+00
3.112784552506206115e+00
3.112784552506206115e+00
3.112784552506206115e+00
3.112784552506206115e+00
3.112784552506206115e+00
3.112784552506206115e+00
3.112784552506206115e+00
3.112784552506206115e+00
3.112784552506206115e+00
3.112784552506206115e+00
3.112784552506206115e+00
3.112784552506206115e+00
3.112784552506206115e+00
3.112784552506206115e+00
3.112784552506206115e+00
3.112784552506206115e+00
3.112784552506206115e+00
3.112784552506206115e+00
3.112784552506206115e+00
3.112784552506206115e+00
3.112784552506206115e+00
3.112784552506206115e+00
3.112784552506206115e+00
3.112784552506206115e+00
3.112784552506206115e+00
3.112784552506206115e+00
3.112784552506206115e+00
3.112784552506206115e+00
3.112784552506206115e+00
3.112784552506206115e+00
3.112784552506206115e+00
3.112784552506206115e+00
3.112784552506206115e+00
3.112784552506206115e+00
3.112784552506206115e+00
3.112784552506206115e+00
3.112784552506206115e+00
3.112784552506206115e+00
3.112784552506206115e+00
3.112784552506206115e+00
3.112784552506206115e+00
3.112784552506206115e+00
3.112784552506206115e+00
3.112784552506206115e+00
3.112784552506206115e+00
3.112784552506206115e+00
3.112784552506206115e+00
3.112784552506206115e+00
3.112784552506206115e+00
3.112784552506206115e+00
3.112784552506206115e+00
3.112784552506206115e+00
3.112784552506206115e+00
3.112784552506206115e+00
3.112784552506206115e+00
3.112784552506206115e+00
3.112784552506206115e+00
3.112784552506206115e+00
3.112784552506206115e+00
3.112784552506206115e+00
3.112784552506206115e+00
3.112784552506206115e+00
3.112784552506206115e+00
3.112784552506206115e+00
3.112784552506206115e+00
3.112784552506206115e+00
3.112784552506206115e+00
3.112784552506206115e+00
3.112784552506206115e+00
3.112784552506206115e+00
3.112784552506206115e+00
3.112784552506206115e+00
3.112784552506206115e+00
3.112784552506206115e+00
3.112784552506206115e+00
3.112784552506206115e+00
3.112784552506206115e+00
3.112784552506206115e+00
3.112784552506206115e+00
3.112784552506206115e+00
3.112784552506206115e+00
3.112784552506206115e+00
3.112784552506206115e+00
3.112784552506206115e+00
3.112784552506206115e+00
3.112784552506206115e+00
3.112784552506206115e+00
3.112784552506206115e+00
3.112784552506206115e+00
3.112784552506206115e+00
3.112784552506206115e+00
3.112784552506206115e+00
3.112784552506206115e+00
3.112784552506206115e+00
3.112784552506206115e+00
3.112784552506206115e+00
3.112784552506206115e+00
3.112784552506206115e+00
3.112784552506206115e+00
3.112784552506206115e+00
3.112784552506206115e+00
3.112784552506206115e+00
3.112784552506206115e+00
3.112784552506206115e+00
3.112784552506206115e+00
3.112784552506206115e+00
3.112784552506206115e+00
3.112784552506206115e+00
3.112784552506206115e+00
3.112784552506206115e+00
3.112784552506206115e+00
3.112784552506206115e+00
3.112784552506206115e+00
3.112784552506206115e+00
3.112784552506206115e+00
3.112784552506206115e+00
3.112784552506206115e+00
3.112784552506206115e+00
3.112784552506206115e+00
3.112784552506206115e+00
3.112784552506206115e+00
3.112784552506206115e+00
3.112784552506206115e+00
3.112784552506206115e+00
3.112784552506206115e+00
3.112784552506206115e+00
3.112784552506206115e+00
3.112784552506206115e+00
3.112784552506206115e+00
3.112784552506206115e+00
3.112784552506206115e+00
3.112784552506206115e+00
3.112784552506206115e+00
3.112784552506206115e+00
3.112784552506206115e+00
3.112784552506206115e+00
3.112784552506206115e+00
3.112784552506206115e+00
3.112784552506206115e+00
3.112784552506206115e+00
3.112784552506206115e+00
3.112784552506206115e+00
3.112784552506206115e+00
3.112784552506206115e+00
3.112784552506206115e+00
3.112784552506206115e+00
3.112784552506206115e+00
3.112784552506206115e+00
3.112784552506206115e+00
3.112784552506206115e+00
3.112784552506206115e+00
3.112784552506206115e+00
3.112784552506206115e+00
3.112784552506206115e+00
3.112784552506206115e+00
3.112784552506206115e+00
3.112784552506206115e+00
3.112784552506206115e+00
3.112784552506206115e+00
3.112784552506206115e+00
3.112784552506206115e+00
3.112784552506206115e+00
3.112784552506206115e+00
3.112784552506206115e+00
3.112784552506206115e+00
3.112784552506206115e+00
3.112784552506206115e+00
3.112784552506206115e+00
3.112784552506206115e+00
3.112784552506206115e+00
3.112784552506206115e+00
3.112784552506206115e+00
3.112784552506206115e+00
3.112784552506206115e+00
3.112784552506206115e+00
3.112784552506206115e+00
3.112784552506206115e+00
3.112784552506206115e+00
3.112784552506206115e+00
3.112784552506206115e+00
3.112784552506206115e+00
3.112784552506206115e+00
3.112784552506206115e+00
3.112784552506206115e+00
3.112784552506206115e+00
3.112784552506206115e+00
3.112784552506206115e+00
3.112784552506206115e+00
3.112784552506206115e+00
3.112784552506206115e+00
3.112784552506206115e+00
3.112784552506206115e+00
3.112784552506206115e+00
3.112784552506206115e+00
3.112784552506206115e+00
3.112784552506206115e+00
3.112784552506206115e+00
3.112784552506206115e+00
3.112784552506206115e+00
3.112784552506206115e+00
3.112784552506206115e+00
3.112784552506206115e+00
3.112784552506206115e+00
3.112784552506206115e+00
3.112784552506206115e+00
3.112784552506206115e+00
3.112784552506206115e+00
3.112784552506206115e+00
3.112784552506206115e+00
3.112784552506206115e+00
3.112784552506206115e+00
3.112784552506206115e+00
3.112784552506206115e+00
3.112784552506206115e+00
3.112784552506206115e+00
3.112784552506206115e+00
3.112784552506206115e+00
3.112784552506206115e+00
3.112784552506206115e+00
3.112784552506206115e+00
3.112784552506206115e+00
3.112784552506206115e+00
3.112784552506206115e+00
3.112784552506206115e+00
3.112784552506206115e+00
3.112784552506206115e+00
3.112784552506206115e+00
3.112784552506206115e+00
3.112784552506206115e+00
3.112784552506206115e+00
3.112784552506206115e+00
3.112784552506206115e+00
3.112784552506206115e+00
3.112784552506206115e+00
3.112784552506206115e+00
3.112784552506206115e+00
3.112784552506206115e+00
3.112784552506206115e+00
3.112784552506206115e+00
3.112784552506206115e+00
3.112784552506206115e+00
3.112784552506206115e+00
3.112784552506206115e+00
3.112784552506206115e+00
3.112784552506206115e+00
3.112784552506206115e+00
3.112784552506206115e+00
3.112784552506206115e+00
3.112784552506206115e+00
3.112784552506206115e+00
3.112784552506206115e+00
3.112784552506206115e+00
3.112784552506206115e+00
3.112784552506206115e+00
3.112784552506206115e+00
3.112784552506206115e+00
3.112784552506206115e+00
3.112784552506206115e+00
3.112784552506206115e+00
3.112784552506206115e+00
3.112784552506206115e+00
3.112784552506206115e+00
3.112784552506206115e+00
3.112784552506206115e+00
3.112784552506206115e+00
3.112784552506206115e+00
3.112784552506206115e+00
3.112784552506206115e+00
3.112784552506206115e+00
3.112784552506206115e+00
3.112784552506206115e+00
3.112784552506206115e+00
3.112784552506206115e+00
3.112784552506206115e+00
3.112784552506206115e+00
3.112784552506206115e+00
3.112784552506206115e+00
3.112784552506206115e+00
3.112784552506206115e+00
3.112784552506206115e+00
3.112784552506206115e+00
3.112784552506206115e+00
3.112784552506206115e+00
3.112784552506206115e+00
3.112784552506206115e+00
3.112784552506206115e+00
3.112784552506206115e+00
3.112784552506206115e+00
3.112784552506206115e+00
3.112784552506206115e+00
3.112784552506206115e+00
3.112784552506206115e+00
3.112784552506206115e+00
3.112784552506206115e+00
3.112784552506206115e+00
3.112784552506206115e+00
3.112784552506206115e+00
3.112784552506206115e+00
3.112784552506206115e+00
3.112784552506206115e+00
3.112784552506206115e+00
3.112784552506206115e+00
3.112784552506206115e+00
3.112784552506206115e+00
3.112784552506206115e+00
3.112784552506206115e+00
3.112784552506206115e+00
3.112784552506206115e+00
3.112784552506206115e+00
3.112784552506206115e+00
3.112784552506206115e+00
3.112784552506206115e+00
3.112784552506206115e+00
3.112784552506206115e+00
3.112784552506206115e+00
3.112784552506206115e+00
3.112784552506206115e+00
3.112784552506206115e+00
3.112784552506206115e+00
3.112784552506206115e+00
3.112784552506206115e+00
3.112784552506206115e+00
3.112784552506206115e+00
3.112784552506206115e+00
3.112784552506206115e+00
3.112784552506206115e+00
3.112784552506206115e+00
3.112784552506206115e+00
3.112784552506206115e+00
3.112784552506206115e+00
3.112784552506206115e+00
3.112784552506206115e+00
3.112784552506206115e+00
3.112784552506206115e+00
3.112784552506206115e+00
3.112784552506206115e+00
3.112784552506206115e+00
3.112784552506206115e+00
3.112784552506206115e+00
3.112784552506206115e+00
3.112784552506206115e+00
3.112784552506206115e+00
3.112784552506206115e+00
3.112784552506206115e+00
3.112784552506206115e+00
3.112784552506206115e+00
3.112784552506206115e+00
3.112784552506206115e+00
3.112784552506206115e+00
3.112784552506206115e+00
3.112784552506206115e+00
3.112784552506206115e+00
3.112784552506206115e+00
3.112784552506206115e+00
3.112784552506206115e+00
3.112784552506206115e+00
3.112784552506206115e+00
3.112784552506206115e+00
3.112784552506206115e+00
3.112784552506206115e+00
3.112784552506206115e+00
3.112784552506206115e+00
3.112784552506206115e+00
3.112784552506206115e+00
3.112784552506206115e+00
3.112784552506206115e+00
3.112784552506206115e+00
3.112784552506206115e+00
3.112784552506206115e+00
3.112784552506206115e+00
3.112784552506206115e+00
3.112784552506206115e+00
3.112784552506206115e+00
3.112784552506206115e+00
3.112784552506206115e+00
3.112784552506206115e+00
3.112784552506206115e+00
3.112784552506206115e+00
3.112784552506206115e+00
3.112784552506206115e+00
3.112784552506206115e+00
3.112784552506206115e+00
3.112784552506206115e+00
3.112784552506206115e+00
3.112784552506206115e+00
3.112784552506206115e+00
3.112784552506206115e+00
3.112784552506206115e+00
3.112784552506206115e+00
3.112784552506206115e+00
3.112784552506206115e+00
3.112784552506206115e+00
3.112784552506206115e+00
3.112784552506206115e+00
3.112784552506206115e+00
3.112784552506206115e+00
3.112784552506206115e+00
3.112784552506206115e+00
3.112784552506206115e+00
3.112784552506206115e+00
3.112784552506206115e+00
3.112784552506206115e+00
3.112784552506206115e+00
3.112784552506206115e+00
3.112784552506206115e+00
3.112784552506206115e+00
3.112784552506206115e+00
3.112784552506206115e+00
3.112784552506206115e+00
3.112784552506206115e+00
3.112784552506206115e+00
3.112784552506206115e+00
3.112784552506206115e+00
3.112784552506206115e+00
3.112784552506206115e+00
3.112784552506206115e+00
3.112784552506206115e+00
3.112784552506206115e+00
3.112784552506206115e+00
3.112784552506206115e+00
3.112784552506206115e+00
3.112784552506206115e+00
3.112784552506206115e+00
3.112784552506206115e+00
3.112784552506206115e+00
3.112784552506206115e+00
3.112784552506206115e+00
3.112784552506206115e+00
3.112784552506206115e+00
3.112784552506206115e+00
3.112784552506206115e+00
3.112784552506206115e+00
3.112784552506206115e+00
3.112784552506206115e+00
3.112784552506206115e+00
3.112784552506206115e+00
3.112784552506206115e+00
3.112784552506206115e+00
3.112784552506206115e+00
3.112784552506206115e+00
3.112784552506206115e+00
3.112784552506206115e+00
3.112784552506206115e+00
3.112784552506206115e+00
3.112784552506206115e+00
3.112784552506206115e+00
3.112784552506206115e+00
3.112784552506206115e+00
3.112784552506206115e+00
3.112784552506206115e+00
3.112784552506206115e+00
3.112784552506206115e+00
3.112784552506206115e+00
3.112784552506206115e+00
3.112784552506206115e+00
3.112784552506206115e+00
3.112784552506206115e+00
3.112784552506206115e+00
3.112784552506206115e+00
3.112784552506206115e+00
3.112784552506206115e+00
3.112784552506206115e+00
3.112784552506206115e+00
3.112784552506206115e+00
3.112784552506206115e+00
3.112784552506206115e+00
3.112784552506206115e+00
3.112784552506206115e+00
3.112784552506206115e+00
3.112784552506206115e+00
3.112784552506206115e+00
3.112784552506206115e+00
3.112784552506206115e+00
3.112784552506206115e+00
3.112784552506206115e+00
3.112784552506206115e+00
3.112784552506206115e+00
3.112784552506206115e+00
3.112784552506206115e+00
3.112784552506206115e+00
3.112784552506206115e+00
3.112784552506206115e+00
3.112784552506206115e+00
3.112784552506206115e+00
3.112784552506206115e+00
3.112784552506206115e+00
3.112784552506206115e+00
3.112784552506206115e+00
3.112784552506206115e+00
3.112784552506206115e+00
3.112784552506206115e+00
3.112784552506206115e+00
3.112784552506206115e+00
3.112784552506206115e+00
3.112784552506206115e+00
3.112784552506206115e+00
3.112784552506206115e+00
3.112784552506206115e+00
3.112784552506206115e+00
3.112784552506206115e+00
3.112784552506206115e+00
3.112784552506206115e+00
3.112784552506206115e+00
3.112784552506206115e+00
3.112784552506206115e+00
3.112784552506206115e+00
3.112784552506206115e+00
3.112784552506206115e+00
3.112784552506206115e+00
3.112784552506206115e+00
3.112784552506206115e+00
3.112784552506206115e+00
3.112784552506206115e+00
3.112784552506206115e+00
3.112784552506206115e+00
3.112784552506206115e+00
3.112784552506206115e+00
3.112784552506206115e+00
3.112784552506206115e+00
3.112784552506206115e+00
3.112784552506206115e+00
3.112784552506206115e+00
3.112784552506206115e+00
3.112784552506206115e+00
3.112784552506206115e+00
3.112784552506206115e+00
3.112784552506206115e+00
3.112784552506206115e+00
3.112784552506206115e+00
3.112784552506206115e+00
3.112784552506206115e+00
3.112784552506206115e+00
3.112784552506206115e+00
3.112784552506206115e+00
3.112784552506206115e+00
3.112784552506206115e+00
3.112784552506206115e+00
3.112784552506206115e+00
3.112784552506206115e+00
3.112784552506206115e+00
3.112784552506206115e+00
3.112784552506206115e+00
3.112784552506206115e+00
3.112784552506206115e+00
3.112784552506206115e+00
3.112784552506206115e+00
3.112784552506206115e+00
3.112784552506206115e+00
3.112784552506206115e+00
3.112784552506206115e+00
3.112784552506206115e+00
3.112784552506206115e+00
3.112784552506206115e+00
3.112784552506206115e+00
3.112784552506206115e+00
3.112784552506206115e+00
3.112784552506206115e+00
3.112784552506206115e+00
3.112784552506206115e+00
3.112784552506206115e+00
3.112784552506206115e+00
3.112784552506206115e+00
3.112784552506206115e+00
3.112784552506206115e+00
3.112784552506206115e+00
3.112784552506206115e+00
3.112784552506206115e+00
3.112784552506206115e+00
3.112784552506206115e+00
3.112784552506206115e+00
3.112784552506206115e+00
3.112784552506206115e+00
3.112784552506206115e+00
3.112784552506206115e+00
3.112784552506206115e+00
3.112784552506206115e+00
3.112784552506206115e+00
3.112784552506206115e+00
3.112784552506206115e+00
3.112784552506206115e+00
3.112784552506206115e+00
3.112784552506206115e+00
3.112784552506206115e+00
3.112784552506206115e+00
3.112784552506206115e+00
3.112784552506206115e+00
3.112784552506206115e+00
3.112784552506206115e+00
3.112784552506206115e+00
3.112784552506206115e+00
3.112784552506206115e+00
3.112784552506206115e+00
3.112784552506206115e+00
3.112784552506206115e+00
3.112784552506206115e+00
3.112784552506206115e+00
3.112784552506206115e+00
3.112784552506206115e+00
3.112784552506206115e+00
3.112784552506206115e+00
3.112784552506206115e+00
3.112784552506206115e+00
3.112784552506206115e+00
3.112784552506206115e+00
3.112784552506206115e+00
3.112784552506206115e+00
3.112784552506206115e+00
3.112784552506206115e+00
3.112784552506206115e+00
3.112784552506206115e+00
3.112784552506206115e+00
3.112784552506206115e+00
3.112784552506206115e+00
3.112784552506206115e+00
3.112784552506206115e+00
3.112784552506206115e+00
3.112784552506206115e+00
3.112784552506206115e+00
3.112784552506206115e+00
3.112784552506206115e+00
3.112784552506206115e+00
3.112784552506206115e+00
3.112784552506206115e+00
3.112784552506206115e+00
3.112784552506206115e+00
3.112784552506206115e+00
3.112784552506206115e+00
3.112784552506206115e+00
3.112784552506206115e+00
3.112784552506206115e+00
3.112784552506206115e+00
3.112784552506206115e+00
3.112784552506206115e+00
3.112784552506206115e+00
3.112784552506206115e+00
3.112784552506206115e+00
3.112784552506206115e+00
3.112784552506206115e+00
3.112784552506206115e+00
3.112784552506206115e+00
3.112784552506206115e+00
3.112784552506206115e+00
3.112784552506206115e+00
3.112784552506206115e+00
3.112784552506206115e+00
3.112784552506206115e+00
3.112784552506206115e+00
3.112784552506206115e+00
3.112784552506206115e+00
3.112784552506206115e+00
3.112784552506206115e+00
3.112784552506206115e+00
3.112784552506206115e+00
3.112784552506206115e+00
3.112784552506206115e+00
3.112784552506206115e+00
3.112784552506206115e+00
3.112784552506206115e+00
3.112784552506206115e+00
3.112784552506206115e+00
3.112784552506206115e+00
3.112784552506206115e+00
3.112784552506206115e+00
3.112784552506206115e+00
3.112784552506206115e+00
3.112784552506206115e+00
3.112784552506206115e+00
3.112784552506206115e+00
3.112784552506206115e+00
3.112784552506206115e+00
3.112784552506206115e+00
3.112784552506206115e+00
3.112784552506206115e+00
3.112784552506206115e+00
3.112784552506206115e+00
3.112784552506206115e+00
3.112784552506206115e+00
3.112784552506206115e+00
3.112784552506206115e+00
3.112784552506206115e+00
3.112784552506206115e+00
3.112784552506206115e+00
3.112784552506206115e+00
3.112784552506206115e+00
3.112784552506206115e+00
3.112784552506206115e+00
3.112784552506206115e+00
3.112784552506206115e+00
3.112784552506206115e+00
3.112784552506206115e+00
3.112784552506206115e+00
3.112784552506206115e+00
3.112784552506206115e+00
3.112784552506206115e+00
3.112784552506206115e+00
3.112784552506206115e+00
3.112784552506206115e+00
3.112784552506206115e+00
3.112784552506206115e+00
3.112784552506206115e+00
3.112784552506206115e+00
3.112784552506206115e+00
3.112784552506206115e+00
3.112784552506206115e+00
3.112784552506206115e+00
3.112784552506206115e+00
3.112784552506206115e+00
3.112784552506206115e+00
3.112784552506206115e+00
3.112784552506206115e+00
3.112784552506206115e+00
3.112784552506206115e+00
3.112784552506206115e+00
3.112784552506206115e+00
3.112784552506206115e+00
3.112784552506206115e+00
3.112784552506206115e+00
3.112784552506206115e+00
3.112784552506206115e+00
3.112784552506206115e+00
3.112784552506206115e+00
3.112784552506206115e+00
3.112784552506206115e+00
3.112784552506206115e+00
3.112784552506206115e+00
3.112784552506206115e+00
3.112784552506206115e+00
3.112784552506206115e+00
3.112784552506206115e+00
3.112784552506206115e+00
3.112784552506206115e+00
3.112784552506206115e+00
3.112784552506206115e+00
3.112784552506206115e+00
3.112784552506206115e+00
3.112784552506206115e+00
3.112784552506206115e+00
3.112784552506206115e+00
3.112784552506206115e+00
3.112784552506206115e+00
3.112784552506206115e+00
3.112784552506206115e+00
3.112784552506206115e+00
3.112784552506206115e+00
3.112784552506206115e+00
3.112784552506206115e+00
3.112784552506206115e+00
3.112784552506206115e+00
3.112784552506206115e+00
3.112784552506206115e+00
3.112784552506206115e+00
3.112784552506206115e+00
3.112784552506206115e+00
3.112784552506206115e+00
3.112784552506206115e+00
3.112784552506206115e+00
3.112784552506206115e+00
3.112784552506206115e+00
3.112784552506206115e+00
3.112784552506206115e+00
3.112784552506206115e+00
3.112784552506206115e+00
3.112784552506206115e+00
3.112784552506206115e+00
3.112784552506206115e+00
3.112784552506206115e+00
3.112784552506206115e+00
3.112784552506206115e+00
3.112784552506206115e+00
3.112784552506206115e+00
3.112784552506206115e+00
3.112784552506206115e+00
3.112784552506206115e+00
3.112784552506206115e+00
3.112784552506206115e+00
3.112784552506206115e+00
3.112784552506206115e+00
3.112784552506206115e+00
3.112784552506206115e+00
3.112784552506206115e+00
3.112784552506206115e+00
3.112784552506206115e+00
3.112784552506206115e+00
3.112784552506206115e+00
3.112784552506206115e+00
3.112784552506206115e+00
3.112784552506206115e+00
3.112784552506206115e+00
3.112784552506206115e+00
3.112784552506206115e+00
3.112784552506206115e+00
3.112784552506206115e+00
3.112784552506206115e+00
3.112784552506206115e+00
3.112784552506206115e+00
3.112784552506206115e+00
3.112784552506206115e+00
3.112784552506206115e+00
3.112784552506206115e+00
3.112784552506206115e+00
3.112784552506206115e+00
3.112784552506206115e+00
3.112784552506206115e+00
3.112784552506206115e+00
3.112784552506206115e+00
3.112784552506206115e+00
3.112784552506206115e+00
3.112784552506206115e+00
3.112784552506206115e+00
3.112784552506206115e+00
3.112784552506206115e+00
3.112784552506206115e+00
3.112784552506206115e+00
3.112784552506206115e+00
3.112784552506206115e+00
3.112784552506206115e+00
3.112784552506206115e+00
3.112784552506206115e+00
3.112784552506206115e+00
3.112784552506206115e+00
3.112784552506206115e+00
3.112784552506206115e+00
3.112784552506206115e+00
3.112784552506206115e+00
3.112784552506206115e+00
3.112784552506206115e+00
3.112784552506206115e+00
3.112784552506206115e+00
3.112784552506206115e+00
3.112784552506206115e+00
3.112784552506206115e+00
3.112784552506206115e+00
3.112784552506206115e+00
3.112784552506206115e+00
3.112784552506206115e+00
3.112784552506206115e+00
3.112784552506206115e+00
3.112784552506206115e+00
3.112784552506206115e+00
3.112784552506206115e+00
3.112784552506206115e+00
3.112784552506206115e+00
3.112784552506206115e+00
3.112784552506206115e+00
3.112784552506206115e+00
3.112784552506206115e+00
3.112784552506206115e+00
3.112784552506206115e+00
3.112784552506206115e+00
3.112784552506206115e+00
3.112784552506206115e+00
3.112784552506206115e+00
3.112784552506206115e+00
3.112784552506206115e+00
3.112784552506206115e+00
3.112784552506206115e+00
3.112784552506206115e+00
3.112784552506206115e+00
3.112784552506206115e+00
3.112784552506206115e+00
3.112784552506206115e+00
3.112784552506206115e+00
3.112784552506206115e+00
3.112784552506206115e+00
3.112784552506206115e+00
3.112784552506206115e+00
3.112784552506206115e+00
3.112784552506206115e+00
3.112784552506206115e+00
3.112784552506206115e+00
3.112784552506206115e+00
3.112784552506206115e+00
3.112784552506206115e+00
3.112784552506206115e+00
3.112784552506206115e+00
3.112784552506206115e+00
3.112784552506206115e+00
3.112784552506206115e+00
3.112784552506206115e+00
3.112784552506206115e+00
3.112784552506206115e+00
3.112784552506206115e+00
3.112784552506206115e+00
3.112784552506206115e+00
3.112784552506206115e+00
3.112784552506206115e+00
3.112784552506206115e+00
3.112784552506206115e+00
3.112784552506206115e+00
3.112784552506206115e+00
3.112784552506206115e+00
3.112784552506206115e+00
3.112784552506206115e+00
3.112784552506206115e+00
3.112784552506206115e+00
3.112784552506206115e+00
3.112784552506206115e+00
3.112784552506206115e+00
3.112784552506206115e+00
3.112784552506206115e+00
3.112784552506206115e+00
3.112784552506206115e+00
3.112784552506206115e+00
3.112784552506206115e+00
3.112784552506206115e+00
3.112784552506206115e+00
3.112784552506206115e+00
3.112784552506206115e+00
3.112784552506206115e+00
3.112784552506206115e+00
3.112784552506206115e+00
3.112784552506206115e+00
3.112784552506206115e+00
3.112784552506206115e+00
3.112784552506206115e+00
3.112784552506206115e+00
3.112784552506206115e+00
3.112784552506206115e+00
3.112784552506206115e+00
3.112784552506206115e+00
3.112784552506206115e+00
3.112784552506206115e+00
3.112784552506206115e+00
3.112784552506206115e+00
3.112784552506206115e+00
3.112784552506206115e+00
3.112784552506206115e+00
3.112784552506206115e+00
3.112784552506206115e+00
3.112784552506206115e+00
3.112784552506206115e+00
3.112784552506206115e+00
3.112784552506206115e+00
3.112784552506206115e+00
3.112784552506206115e+00
3.112784552506206115e+00
3.112784552506206115e+00
3.112784552506206115e+00
3.112784552506206115e+00
3.112784552506206115e+00
3.112784552506206115e+00
3.112784552506206115e+00
3.112784552506206115e+00
3.112784552506206115e+00
3.112784552506206115e+00
3.112784552506206115e+00
3.112784552506206115e+00
3.112784552506206115e+00
3.112784552506206115e+00
3.112784552506206115e+00
3.112784552506206115e+00
3.112784552506206115e+00
3.112784552506206115e+00
3.112784552506206115e+00
3.112784552506206115e+00
3.112784552506206115e+00
3.112784552506206115e+00
3.112784552506206115e+00
3.112784552506206115e+00
3.112784552506206115e+00
3.112784552506206115e+00
3.112784552506206115e+00
3.112784552506206115e+00
3.112784552506206115e+00
3.112784552506206115e+00
3.112784552506206115e+00
3.112784552506206115e+00
3.112784552506206115e+00
3.112784552506206115e+00
3.112784552506206115e+00
3.112784552506206115e+00
3.112784552506206115e+00
3.112784552506206115e+00
3.112784552506206115e+00
3.112784552506206115e+00
3.112784552506206115e+00
3.112784552506206115e+00
3.112784552506206115e+00
3.112784552506206115e+00
3.112784552506206115e+00
3.112784552506206115e+00
3.112784552506206115e+00
3.112784552506206115e+00
3.112784552506206115e+00
3.112784552506206115e+00
3.112784552506206115e+00
3.112784552506206115e+00
3.112784552506206115e+00
3.112784552506206115e+00
3.112784552506206115e+00
3.112784552506206115e+00
3.112784552506206115e+00
3.112784552506206115e+00
3.112784552506206115e+00
3.112784552506206115e+00
3.112784552506206115e+00
3.112784552506206115e+00
3.112784552506206115e+00
3.112784552506206115e+00
3.112784552506206115e+00
3.112784552506206115e+00
3.112784552506206115e+00
3.112784552506206115e+00
3.112784552506206115e+00
3.112784552506206115e+00
3.112784552506206115e+00
3.112784552506206115e+00
3.112784552506206115e+00
3.112784552506206115e+00
3.112784552506206115e+00
3.112784552506206115e+00
3.112784552506206115e+00
3.112784552506206115e+00
3.112784552506206115e+00
3.112784552506206115e+00
3.112784552506206115e+00
3.112784552506206115e+00
3.112784552506206115e+00
3.112784552506206115e+00
3.112784552506206115e+00
3.112784552506206115e+00
3.112784552506206115e+00
3.112784552506206115e+00
3.112784552506206115e+00
3.112784552506206115e+00
3.112784552506206115e+00
3.112784552506206115e+00
3.112784552506206115e+00
3.112784552506206115e+00
3.112784552506206115e+00
3.112784552506206115e+00
3.112784552506206115e+00
3.112784552506206115e+00
3.112784552506206115e+00
3.112784552506206115e+00
3.112784552506206115e+00
3.112784552506206115e+00
3.112784552506206115e+00
3.112784552506206115e+00
3.112784552506206115e+00
3.112784552506206115e+00
3.112784552506206115e+00
3.112784552506206115e+00
3.112784552506206115e+00
3.112784552506206115e+00
3.112784552506206115e+00
3.112784552506206115e+00
3.112784552506206115e+00
3.112784552506206115e+00
3.112784552506206115e+00
3.112784552506206115e+00
3.112784552506206115e+00
3.112784552506206115e+00
3.112784552506206115e+00
3.112784552506206115e+00
3.112784552506206115e+00
3.112784552506206115e+00
3.112784552506206115e+00
3.112784552506206115e+00
3.112784552506206115e+00
3.112784552506206115e+00
3.112784552506206115e+00
3.112784552506206115e+00
3.112784552506206115e+00
3.112784552506206115e+00
3.112784552506206115e+00
3.112784552506206115e+00
3.112784552506206115e+00
3.112784552506206115e+00
3.112784552506206115e+00
3.112784552506206115e+00
3.112784552506206115e+00
3.112784552506206115e+00
3.112784552506206115e+00
3.112784552506206115e+00
3.112784552506206115e+00
3.112784552506206115e+00
3.112784552506206115e+00
3.112784552506206115e+00
3.112784552506206115e+00
3.112784552506206115e+00
3.112784552506206115e+00
3.112784552506206115e+00
3.112784552506206115e+00
3.112784552506206115e+00
3.112784552506206115e+00
3.112784552506206115e+00
3.112784552506206115e+00
3.112784552506206115e+00
3.112784552506206115e+00
3.112784552506206115e+00
3.112784552506206115e+00
3.112784552506206115e+00
3.112784552506206115e+00
3.112784552506206115e+00
3.112784552506206115e+00
3.112784552506206115e+00
3.112784552506206115e+00
3.112784552506206115e+00
3.112784552506206115e+00
3.112784552506206115e+00
3.112784552506206115e+00
3.112784552506206115e+00
3.112784552506206115e+00
3.112784552506206115e+00
3.112784552506206115e+00
3.112784552506206115e+00
3.112784552506206115e+00
3.112784552506206115e+00
3.112784552506206115e+00
3.112784552506206115e+00
3.112784552506206115e+00
3.112784552506206115e+00
3.112784552506206115e+00
3.112784552506206115e+00
3.112784552506206115e+00
3.112784552506206115e+00
3.112784552506206115e+00
3.112784552506206115e+00
3.112784552506206115e+00
3.112784552506206115e+00
3.112784552506206115e+00
3.112784552506206115e+00
3.112784552506206115e+00
3.112784552506206115e+00
3.112784552506206115e+00
3.112784552506206115e+00
3.112784552506206115e+00
3.112784552506206115e+00
3.112784552506206115e+00
3.112784552506206115e+00
3.112784552506206115e+00
3.112784552506206115e+00
3.112784552506206115e+00
3.112784552506206115e+00
3.112784552506206115e+00
3.112784552506206115e+00
3.112784552506206115e+00
3.112784552506206115e+00
3.112784552506206115e+00
3.112784552506206115e+00
3.112784552506206115e+00
3.112784552506206115e+00
3.112784552506206115e+00
3.112784552506206115e+00
3.112784552506206115e+00
3.112784552506206115e+00
3.112784552506206115e+00
3.112784552506206115e+00
3.112784552506206115e+00
3.112784552506206115e+00
3.112784552506206115e+00
3.112784552506206115e+00
3.112784552506206115e+00
3.112784552506206115e+00
3.112784552506206115e+00
3.112784552506206115e+00
3.112784552506206115e+00
3.112784552506206115e+00
3.112784552506206115e+00
3.112784552506206115e+00
3.112784552506206115e+00
3.112784552506206115e+00
3.112784552506206115e+00
3.112784552506206115e+00
3.112784552506206115e+00
3.112784552506206115e+00
3.112784552506206115e+00
3.112784552506206115e+00
3.112784552506206115e+00
3.112784552506206115e+00
3.112784552506206115e+00
3.112784552506206115e+00
3.112784552506206115e+00
3.112784552506206115e+00
3.112784552506206115e+00
3.112784552506206115e+00
3.112784552506206115e+00
3.112784552506206115e+00
3.112784552506206115e+00
3.112784552506206115e+00
3.112784552506206115e+00
3.112784552506206115e+00
3.112784552506206115e+00
3.112784552506206115e+00
3.112784552506206115e+00
3.112784552506206115e+00
3.112784552506206115e+00
3.112784552506206115e+00
3.112784552506206115e+00
3.112784552506206115e+00
3.112784552506206115e+00
3.112784552506206115e+00
3.112784552506206115e+00
3.112784552506206115e+00
3.112784552506206115e+00
3.112784552506206115e+00
3.112784552506206115e+00
3.112784552506206115e+00
3.112784552506206115e+00
3.112784552506206115e+00
3.112784552506206115e+00
3.112784552506206115e+00
3.112784552506206115e+00
3.112784552506206115e+00
3.112784552506206115e+00
3.112784552506206115e+00
3.112784552506206115e+00
3.112784552506206115e+00
3.112784552506206115e+00
3.112784552506206115e+00
3.112784552506206115e+00
3.112784552506206115e+00
3.112784552506206115e+00
3.112784552506206115e+00
3.112784552506206115e+00
3.112784552506206115e+00
3.112784552506206115e+00
3.112784552506206115e+00
3.112784552506206115e+00
3.112784552506206115e+00
3.112784552506206115e+00
3.112784552506206115e+00
3.112784552506206115e+00
3.112784552506206115e+00
3.112784552506206115e+00
3.112784552506206115e+00
3.112784552506206115e+00
3.112784552506206115e+00
3.112784552506206115e+00
3.112784552506206115e+00
3.112784552506206115e+00
3.112784552506206115e+00
3.112784552506206115e+00
3.112784552506206115e+00
3.112784552506206115e+00
3.112784552506206115e+00
3.112784552506206115e+00
3.112784552506206115e+00
3.112784552506206115e+00
3.112784552506206115e+00
3.112784552506206115e+00
3.112784552506206115e+00
3.112784552506206115e+00
3.112784552506206115e+00
3.112784552506206115e+00
3.112784552506206115e+00
3.112784552506206115e+00
3.112784552506206115e+00
3.112784552506206115e+00
3.112784552506206115e+00
3.112784552506206115e+00
3.112784552506206115e+00
3.112784552506206115e+00
3.112784552506206115e+00
3.112784552506206115e+00
3.112784552506206115e+00
3.112784552506206115e+00
3.112784552506206115e+00
3.112784552506206115e+00
3.112784552506206115e+00
3.112784552506206115e+00
3.112784552506206115e+00
3.112784552506206115e+00
3.112784552506206115e+00
3.112784552506206115e+00
3.112784552506206115e+00
3.112784552506206115e+00
3.112784552506206115e+00
3.112784552506206115e+00
3.112784552506206115e+00
3.112784552506206115e+00
3.112784552506206115e+00
3.112784552506206115e+00
3.112784552506206115e+00
3.112784552506206115e+00
3.112784552506206115e+00
3.112784552506206115e+00
3.112784552506206115e+00
3.112784552506206115e+00
3.112784552506206115e+00
3.112784552506206115e+00
3.112784552506206115e+00
3.112784552506206115e+00
3.112784552506206115e+00
3.112784552506206115e+00
3.112784552506206115e+00
3.112784552506206115e+00
3.112784552506206115e+00
3.112784552506206115e+00
3.112784552506206115e+00
3.112784552506206115e+00
3.112784552506206115e+00
3.112784552506206115e+00
3.112784552506206115e+00
3.112784552506206115e+00
3.112784552506206115e+00
3.112784552506206115e+00
3.112784552506206115e+00
3.112784552506206115e+00
3.112784552506206115e+00
3.112784552506206115e+00
3.112784552506206115e+00
3.112784552506206115e+00
3.112784552506206115e+00
3.112784552506206115e+00
3.112784552506206115e+00
3.112784552506206115e+00
3.112784552506206115e+00
3.112784552506206115e+00
3.112784552506206115e+00
3.112784552506206115e+00
3.112784552506206115e+00
3.112784552506206115e+00
3.112784552506206115e+00
3.112784552506206115e+00
3.112784552506206115e+00
3.112784552506206115e+00
3.112784552506206115e+00
3.112784552506206115e+00
3.112784552506206115e+00
3.112784552506206115e+00
3.112784552506206115e+00
3.112784552506206115e+00
3.112784552506206115e+00
3.112784552506206115e+00
3.112784552506206115e+00
3.112784552506206115e+00
3.112784552506206115e+00
3.112784552506206115e+00
3.112784552506206115e+00
3.112784552506206115e+00
3.112784552506206115e+00
3.112784552506206115e+00
3.112784552506206115e+00
3.112784552506206115e+00
3.112784552506206115e+00
3.112784552506206115e+00
3.112784552506206115e+00
3.112784552506206115e+00
3.112784552506206115e+00
3.112784552506206115e+00
3.112784552506206115e+00
3.112784552506206115e+00
3.112784552506206115e+00
3.112784552506206115e+00
3.112784552506206115e+00
3.112784552506206115e+00
3.112784552506206115e+00
3.112784552506206115e+00
3.112784552506206115e+00
3.112784552506206115e+00
3.112784552506206115e+00
3.112784552506206115e+00
3.112784552506206115e+00
3.112784552506206115e+00
3.112784552506206115e+00
3.112784552506206115e+00
3.112784552506206115e+00
3.112784552506206115e+00
3.112784552506206115e+00
3.112784552506206115e+00
3.112784552506206115e+00
3.112784552506206115e+00
3.112784552506206115e+00
3.112784552506206115e+00
3.112784552506206115e+00
3.112784552506206115e+00
3.112784552506206115e+00
3.112784552506206115e+00
3.112784552506206115e+00
3.112784552506206115e+00
3.112784552506206115e+00
3.112784552506206115e+00
3.112784552506206115e+00
3.112784552506206115e+00
3.112784552506206115e+00
3.112784552506206115e+00
3.112784552506206115e+00
3.112784552506206115e+00
3.112784552506206115e+00
3.112784552506206115e+00
3.112784552506206115e+00
3.112784552506206115e+00
3.112784552506206115e+00
3.112784552506206115e+00
3.112784552506206115e+00
3.112784552506206115e+00
3.112784552506206115e+00
3.112784552506206115e+00
3.112784552506206115e+00
3.112784552506206115e+00
3.112784552506206115e+00
3.112784552506206115e+00
3.112784552506206115e+00
3.112784552506206115e+00
3.112784552506206115e+00
3.112784552506206115e+00
3.112784552506206115e+00
3.112784552506206115e+00
3.112784552506206115e+00
3.112784552506206115e+00
3.112784552506206115e+00
3.112784552506206115e+00
3.112784552506206115e+00
3.112784552506206115e+00
3.112784552506206115e+00
3.112784552506206115e+00
3.112784552506206115e+00
3.112784552506206115e+00
3.112784552506206115e+00
3.112784552506206115e+00
3.112784552506206115e+00
3.112784552506206115e+00
3.112784552506206115e+00
3.112784552506206115e+00
3.112784552506206115e+00
3.112784552506206115e+00
3.112784552506206115e+00
3.112784552506206115e+00
3.112784552506206115e+00
3.112784552506206115e+00
3.112784552506206115e+00
3.112784552506206115e+00
3.112784552506206115e+00
3.112784552506206115e+00
3.112784552506206115e+00
3.112784552506206115e+00
3.112784552506206115e+00
3.112784552506206115e+00
3.112784552506206115e+00
3.112784552506206115e+00
3.112784552506206115e+00
3.112784552506206115e+00
3.112784552506206115e+00
3.112784552506206115e+00
3.112784552506206115e+00
3.112784552506206115e+00
3.112784552506206115e+00
3.112784552506206115e+00
3.112784552506206115e+00
3.112784552506206115e+00
3.112784552506206115e+00
3.112784552506206115e+00
3.112784552506206115e+00
3.112784552506206115e+00
3.112784552506206115e+00
3.112784552506206115e+00
3.112784552506206115e+00
3.112784552506206115e+00
3.112784552506206115e+00
3.112784552506206115e+00
3.112784552506206115e+00
3.112784552506206115e+00
3.112784552506206115e+00
3.112784552506206115e+00
3.112784552506206115e+00
3.112784552506206115e+00
3.112784552506206115e+00
3.112784552506206115e+00
3.112784552506206115e+00
3.112784552506206115e+00
3.112784552506206115e+00
3.112784552506206115e+00
3.112784552506206115e+00
3.112784552506206115e+00
3.112784552506206115e+00
3.112784552506206115e+00
3.112784552506206115e+00
3.112784552506206115e+00
3.112784552506206115e+00
3.112784552506206115e+00
3.112784552506206115e+00
3.112784552506206115e+00
3.112784552506206115e+00
3.112784552506206115e+00
3.112784552506206115e+00
3.112784552506206115e+00
3.112784552506206115e+00
3.112784552506206115e+00
3.112784552506206115e+00
3.112784552506206115e+00
3.112784552506206115e+00
3.112784552506206115e+00
3.112784552506206115e+00
3.112784552506206115e+00
3.112784552506206115e+00
3.112784552506206115e+00
3.112784552506206115e+00
3.112784552506206115e+00
3.112784552506206115e+00
3.112784552506206115e+00
3.112784552506206115e+00
3.112784552506206115e+00
3.112784552506206115e+00
3.112784552506206115e+00
3.112784552506206115e+00
3.112784552506206115e+00
3.112784552506206115e+00
3.112784552506206115e+00
3.112784552506206115e+00
3.112784552506206115e+00
3.112784552506206115e+00
3.112784552506206115e+00
3.112784552506206115e+00
3.112784552506206115e+00
3.112784552506206115e+00
3.112784552506206115e+00
3.112784552506206115e+00
3.112784552506206115e+00
3.112784552506206115e+00
3.112784552506206115e+00
3.112784552506206115e+00
3.112784552506206115e+00
3.112784552506206115e+00
3.112784552506206115e+00
3.112784552506206115e+00
3.112784552506206115e+00
3.112784552506206115e+00
3.112784552506206115e+00
3.112784552506206115e+00
3.112784552506206115e+00
3.112784552506206115e+00
3.112784552506206115e+00
3.112784552506206115e+00
3.112784552506206115e+00
3.112784552506206115e+00
3.112784552506206115e+00
3.112784552506206115e+00
3.112784552506206115e+00
3.112784552506206115e+00
3.112784552506206115e+00
3.112784552506206115e+00
3.112784552506206115e+00
3.112784552506206115e+00
3.112784552506206115e+00
3.112784552506206115e+00
3.112784552506206115e+00
3.112784552506206115e+00
3.112784552506206115e+00
3.112784552506206115e+00
3.112784552506206115e+00
3.112784552506206115e+00
3.112784552506206115e+00
3.112784552506206115e+00
3.112784552506206115e+00
3.112784552506206115e+00
3.112784552506206115e+00
3.112784552506206115e+00
3.112784552506206115e+00
3.112784552506206115e+00
3.112784552506206115e+00
3.112784552506206115e+00
3.112784552506206115e+00
3.112784552506206115e+00
3.112784552506206115e+00
3.112784552506206115e+00
3.112784552506206115e+00
3.112784552506206115e+00
3.112784552506206115e+00
3.112784552506206115e+00
3.112784552506206115e+00
3.112784552506206115e+00
3.112784552506206115e+00
3.112784552506206115e+00
3.112784552506206115e+00
3.112784552506206115e+00
3.112784552506206115e+00
3.112784552506206115e+00
3.112784552506206115e+00
3.112784552506206115e+00
3.112784552506206115e+00
3.112784552506206115e+00
3.112784552506206115e+00
3.112784552506206115e+00
3.112784552506206115e+00
3.112784552506206115e+00
3.112784552506206115e+00
3.112784552506206115e+00
3.112784552506206115e+00
3.112784552506206115e+00
3.112784552506206115e+00
3.112784552506206115e+00
3.112784552506206115e+00
3.112784552506206115e+00
3.112784552506206115e+00
3.112784552506206115e+00
3.112784552506206115e+00
3.112784552506206115e+00
3.112784552506206115e+00
3.112784552506206115e+00
3.112784552506206115e+00
3.112784552506206115e+00
3.112784552506206115e+00
3.112784552506206115e+00
3.112784552506206115e+00
3.112784552506206115e+00
3.112784552506206115e+00
3.112784552506206115e+00
3.112784552506206115e+00
3.112784552506206115e+00
3.112784552506206115e+00
3.112784552506206115e+00
3.112784552506206115e+00
3.112784552506206115e+00
3.112784552506206115e+00
3.112784552506206115e+00
3.112784552506206115e+00
3.112784552506206115e+00
3.112784552506206115e+00
3.112784552506206115e+00
3.112784552506206115e+00
3.112784552506206115e+00
3.112784552506206115e+00
3.112784552506206115e+00
3.112784552506206115e+00
3.112784552506206115e+00
3.112784552506206115e+00
3.112784552506206115e+00
3.112784552506206115e+00
3.112784552506206115e+00
3.112784552506206115e+00
3.112784552506206115e+00
3.112784552506206115e+00
3.112784552506206115e+00
3.112784552506206115e+00
3.112784552506206115e+00
3.112784552506206115e+00
3.112784552506206115e+00
3.112784552506206115e+00
3.112784552506206115e+00
3.112784552506206115e+00
3.112784552506206115e+00
3.112784552506206115e+00
3.112784552506206115e+00
3.112784552506206115e+00
3.112784552506206115e+00
3.112784552506206115e+00
3.112784552506206115e+00
3.112784552506206115e+00
3.112784552506206115e+00
3.112784552506206115e+00
3.112784552506206115e+00
3.112784552506206115e+00
3.112784552506206115e+00
3.112784552506206115e+00
3.112784552506206115e+00
3.112784552506206115e+00
3.112784552506206115e+00
3.112784552506206115e+00
3.112784552506206115e+00
3.112784552506206115e+00
3.112784552506206115e+00
3.112784552506206115e+00
3.112784552506206115e+00
3.112784552506206115e+00
3.112784552506206115e+00
3.112784552506206115e+00
3.112784552506206115e+00
3.112784552506206115e+00
3.112784552506206115e+00
3.112784552506206115e+00
3.112784552506206115e+00
3.112784552506206115e+00
3.112784552506206115e+00
3.112784552506206115e+00
3.112784552506206115e+00
3.112784552506206115e+00
3.112784552506206115e+00
3.112784552506206115e+00
3.112784552506206115e+00
3.112784552506206115e+00
3.112784552506206115e+00
3.112784552506206115e+00
3.112784552506206115e+00
3.112784552506206115e+00
3.112784552506206115e+00
3.112784552506206115e+00
3.112784552506206115e+00
3.112784552506206115e+00
3.112784552506206115e+00
3.112784552506206115e+00
3.112784552506206115e+00
3.112784552506206115e+00
3.112784552506206115e+00
3.112784552506206115e+00
3.112784552506206115e+00
3.112784552506206115e+00
3.112784552506206115e+00
3.112784552506206115e+00
3.112784552506206115e+00
3.112784552506206115e+00
3.112784552506206115e+00
3.112784552506206115e+00
3.112784552506206115e+00
3.112784552506206115e+00
3.112784552506206115e+00
3.112784552506206115e+00
3.112784552506206115e+00
3.112784552506206115e+00
3.112784552506206115e+00
3.112784552506206115e+00
3.112784552506206115e+00
3.112784552506206115e+00
3.112784552506206115e+00
3.112784552506206115e+00
3.112784552506206115e+00
3.112784552506206115e+00
3.112784552506206115e+00
3.112784552506206115e+00
3.112784552506206115e+00
3.112784552506206115e+00
3.112784552506206115e+00
3.112784552506206115e+00
3.112784552506206115e+00
3.112784552506206115e+00
3.112784552506206115e+00
3.112784552506206115e+00
3.112784552506206115e+00
3.112784552506206115e+00
3.112784552506206115e+00
3.112784552506206115e+00
3.112784552506206115e+00
3.112784552506206115e+00
3.112784552506206115e+00
3.112784552506206115e+00
3.112784552506206115e+00
3.112784552506206115e+00
3.112784552506206115e+00
3.112784552506206115e+00
3.112784552506206115e+00
3.112784552506206115e+00
3.112784552506206115e+00
3.112784552506206115e+00
3.112784552506206115e+00
3.112784552506206115e+00
3.112784552506206115e+00
3.112784552506206115e+00
3.112784552506206115e+00
3.112784552506206115e+00
3.112784552506206115e+00
3.112784552506206115e+00
3.112784552506206115e+00
3.112784552506206115e+00
3.112784552506206115e+00
3.112784552506206115e+00
3.112784552506206115e+00
3.112784552506206115e+00
3.112784552506206115e+00
3.112784552506206115e+00
3.112784552506206115e+00
3.112784552506206115e+00
3.112784552506206115e+00
3.112784552506206115e+00
3.112784552506206115e+00
3.112784552506206115e+00
3.112784552506206115e+00
3.112784552506206115e+00
3.112784552506206115e+00
3.112784552506206115e+00
3.112784552506206115e+00
3.112784552506206115e+00
3.112784552506206115e+00
3.112784552506206115e+00
3.112784552506206115e+00
3.112784552506206115e+00
3.112784552506206115e+00
3.112784552506206115e+00
3.112784552506206115e+00
3.112784552506206115e+00
3.112784552506206115e+00
3.112784552506206115e+00
3.112784552506206115e+00
3.112784552506206115e+00
3.112784552506206115e+00
3.112784552506206115e+00
3.112784552506206115e+00
3.112784552506206115e+00
3.112784552506206115e+00
3.112784552506206115e+00
3.112784552506206115e+00
3.112784552506206115e+00
3.112784552506206115e+00
3.112784552506206115e+00
3.112784552506206115e+00
3.112784552506206115e+00
3.112784552506206115e+00
3.112784552506206115e+00
3.112784552506206115e+00
3.112784552506206115e+00
3.112784552506206115e+00
3.112784552506206115e+00
3.112784552506206115e+00
3.112784552506206115e+00
3.112784552506206115e+00
3.112784552506206115e+00
3.112784552506206115e+00
3.112784552506206115e+00
3.112784552506206115e+00
3.112784552506206115e+00
3.112784552506206115e+00
3.112784552506206115e+00
3.112784552506206115e+00
3.112784552506206115e+00
3.112784552506206115e+00
3.112784552506206115e+00
3.112784552506206115e+00
3.112784552506206115e+00
3.112784552506206115e+00
3.112784552506206115e+00
3.112784552506206115e+00
3.112784552506206115e+00
3.112784552506206115e+00
3.112784552506206115e+00
3.112784552506206115e+00
3.112784552506206115e+00
3.112784552506206115e+00
3.112784552506206115e+00
3.112784552506206115e+00
3.112784552506206115e+00
3.112784552506206115e+00
3.112784552506206115e+00
3.112784552506206115e+00
3.112784552506206115e+00
3.112784552506206115e+00
3.112784552506206115e+00
3.112784552506206115e+00
3.112784552506206115e+00
3.112784552506206115e+00
3.112784552506206115e+00
3.112784552506206115e+00
3.112784552506206115e+00
3.112784552506206115e+00
3.112784552506206115e+00
3.112784552506206115e+00
3.112784552506206115e+00
3.112784552506206115e+00
3.112784552506206115e+00
3.112784552506206115e+00
3.112784552506206115e+00
3.112784552506206115e+00
3.112784552506206115e+00
3.112784552506206115e+00
3.112784552506206115e+00
3.112784552506206115e+00
3.112784552506206115e+00
3.112784552506206115e+00
3.112784552506206115e+00
3.112784552506206115e+00
3.112784552506206115e+00
3.112784552506206115e+00
3.112784552506206115e+00
3.112784552506206115e+00
3.112784552506206115e+00
3.112784552506206115e+00
3.112784552506206115e+00
3.112784552506206115e+00
3.112784552506206115e+00
3.112784552506206115e+00
3.112784552506206115e+00
3.112784552506206115e+00
3.112784552506206115e+00
3.112784552506206115e+00
3.112784552506206115e+00
3.112784552506206115e+00
3.112784552506206115e+00
3.112784552506206115e+00
3.112784552506206115e+00
3.112784552506206115e+00
3.112784552506206115e+00
3.112784552506206115e+00
3.112784552506206115e+00
3.112784552506206115e+00
3.112784552506206115e+00
3.112784552506206115e+00
3.112784552506206115e+00
3.112784552506206115e+00
3.112784552506206115e+00
3.112784552506206115e+00
3.112784552506206115e+00
3.112784552506206115e+00
3.112784552506206115e+00
3.112784552506206115e+00
3.112784552506206115e+00
3.112784552506206115e+00
3.112784552506206115e+00
3.112784552506206115e+00
3.112784552506206115e+00
3.112784552506206115e+00
3.112784552506206115e+00
3.112784552506206115e+00
3.112784552506206115e+00
3.112784552506206115e+00
3.112784552506206115e+00
3.112784552506206115e+00
3.112784552506206115e+00
3.112784552506206115e+00
3.112784552506206115e+00
3.112784552506206115e+00
3.112784552506206115e+00
3.112784552506206115e+00
3.112784552506206115e+00
3.112784552506206115e+00
3.112784552506206115e+00
3.112784552506206115e+00
3.112784552506206115e+00
3.112784552506206115e+00
3.112784552506206115e+00
3.112784552506206115e+00
3.112784552506206115e+00
3.112784552506206115e+00
3.112784552506206115e+00
3.112784552506206115e+00
3.112784552506206115e+00
3.112784552506206115e+00
3.112784552506206115e+00
3.112784552506206115e+00
3.112784552506206115e+00
3.112784552506206115e+00
3.112784552506206115e+00
3.112784552506206115e+00
3.112784552506206115e+00
3.112784552506206115e+00
3.112784552506206115e+00
3.112784552506206115e+00
3.112784552506206115e+00
3.112784552506206115e+00
3.112784552506206115e+00
3.112784552506206115e+00
3.112784552506206115e+00
3.112784552506206115e+00
3.112784552506206115e+00
3.112784552506206115e+00
3.112784552506206115e+00
3.112784552506206115e+00
3.112784552506206115e+00
3.112784552506206115e+00
3.112784552506206115e+00
3.112784552506206115e+00
3.112784552506206115e+00
3.112784552506206115e+00
3.112784552506206115e+00
3.112784552506206115e+00
3.112784552506206115e+00
3.112784552506206115e+00
3.112784552506206115e+00
3.112784552506206115e+00
3.112784552506206115e+00
3.112784552506206115e+00
3.112784552506206115e+00
3.112784552506206115e+00
3.112784552506206115e+00
3.112784552506206115e+00
3.112784552506206115e+00
3.112784552506206115e+00
3.112784552506206115e+00
3.112784552506206115e+00
3.112784552506206115e+00
3.112784552506206115e+00
3.112784552506206115e+00
3.112784552506206115e+00
3.112784552506206115e+00
3.112784552506206115e+00
3.112784552506206115e+00
3.112784552506206115e+00
3.112784552506206115e+00
3.112784552506206115e+00
3.112784552506206115e+00
3.112784552506206115e+00
3.112784552506206115e+00
3.112784552506206115e+00
3.112784552506206115e+00
3.112784552506206115e+00
3.112784552506206115e+00
3.112784552506206115e+00
3.112784552506206115e+00
3.112784552506206115e+00
3.112784552506206115e+00
3.112784552506206115e+00
3.112784552506206115e+00
3.112784552506206115e+00
3.112784552506206115e+00
3.112784552506206115e+00
3.112784552506206115e+00
3.112784552506206115e+00
3.112784552506206115e+00
3.112784552506206115e+00
3.112784552506206115e+00
3.112784552506206115e+00
3.112784552506206115e+00
3.112784552506206115e+00
3.112784552506206115e+00
3.112784552506206115e+00
3.112784552506206115e+00
3.112784552506206115e+00
3.112784552506206115e+00
3.112784552506206115e+00
3.112784552506206115e+00
3.112784552506206115e+00
3.112784552506206115e+00
3.112784552506206115e+00
3.112784552506206115e+00
3.112784552506206115e+00
3.112784552506206115e+00
3.112784552506206115e+00
3.112784552506206115e+00
3.112784552506206115e+00
3.112784552506206115e+00
3.112784552506206115e+00
3.112784552506206115e+00
3.112784552506206115e+00
3.112784552506206115e+00
3.112784552506206115e+00
3.112784552506206115e+00
3.112784552506206115e+00
3.112784552506206115e+00
3.112784552506206115e+00
3.112784552506206115e+00
3.112784552506206115e+00
3.112784552506206115e+00
3.112784552506206115e+00
3.112784552506206115e+00
3.112784552506206115e+00
3.112784552506206115e+00
3.112784552506206115e+00
3.112784552506206115e+00
3.112784552506206115e+00
3.112784552506206115e+00
3.112784552506206115e+00
3.112784552506206115e+00
3.112784552506206115e+00
3.112784552506206115e+00
3.112784552506206115e+00
3.112784552506206115e+00
3.112784552506206115e+00
3.112784552506206115e+00
3.112784552506206115e+00
3.112784552506206115e+00
3.112784552506206115e+00
3.112784552506206115e+00
3.112784552506206115e+00
3.112784552506206115e+00
3.112784552506206115e+00
3.112784552506206115e+00
3.112784552506206115e+00
3.112784552506206115e+00
3.112784552506206115e+00
3.112784552506206115e+00
3.112784552506206115e+00
3.112784552506206115e+00
3.112784552506206115e+00
3.112784552506206115e+00
3.112784552506206115e+00
3.112784552506206115e+00
3.112784552506206115e+00
3.112784552506206115e+00
3.112784552506206115e+00
3.112784552506206115e+00
3.112784552506206115e+00
3.112784552506206115e+00
3.112784552506206115e+00
3.112784552506206115e+00
3.112784552506206115e+00
3.112784552506206115e+00
3.112784552506206115e+00
3.112784552506206115e+00
3.112784552506206115e+00
3.112784552506206115e+00
3.112784552506206115e+00
3.112784552506206115e+00
3.112784552506206115e+00
3.112784552506206115e+00
3.112784552506206115e+00
3.112784552506206115e+00
3.112784552506206115e+00
3.112784552506206115e+00
3.112784552506206115e+00
3.112784552506206115e+00
3.112784552506206115e+00
3.112784552506206115e+00
3.112784552506206115e+00
3.112784552506206115e+00
3.112784552506206115e+00
3.112784552506206115e+00
3.112784552506206115e+00
3.112784552506206115e+00
3.112784552506206115e+00
3.112784552506206115e+00
3.112784552506206115e+00
3.112784552506206115e+00
3.112784552506206115e+00
3.112784552506206115e+00
3.112784552506206115e+00
3.112784552506206115e+00
3.112784552506206115e+00
3.112784552506206115e+00
3.112784552506206115e+00
3.112784552506206115e+00
3.112784552506206115e+00
3.112784552506206115e+00
3.112784552506206115e+00
3.112784552506206115e+00
3.112784552506206115e+00
3.112784552506206115e+00
3.112784552506206115e+00
3.112784552506206115e+00
3.112784552506206115e+00
3.112784552506206115e+00
3.112784552506206115e+00
3.112784552506206115e+00
3.112784552506206115e+00
3.112784552506206115e+00
3.112784552506206115e+00
3.112784552506206115e+00
3.112784552506206115e+00
3.112784552506206115e+00
3.112784552506206115e+00
3.112784552506206115e+00
3.112784552506206115e+00
3.112784552506206115e+00
3.112784552506206115e+00
3.112784552506206115e+00
3.112784552506206115e+00
3.112784552506206115e+00
3.112784552506206115e+00
3.112784552506206115e+00
3.112784552506206115e+00
3.112784552506206115e+00
3.112784552506206115e+00
3.112784552506206115e+00
3.112784552506206115e+00
3.112784552506206115e+00
3.112784552506206115e+00
3.112784552506206115e+00
3.112784552506206115e+00
3.112784552506206115e+00
3.112784552506206115e+00
3.112784552506206115e+00
3.112784552506206115e+00
3.112784552506206115e+00
3.112784552506206115e+00
3.112784552506206115e+00
3.112784552506206115e+00
3.112784552506206115e+00
3.112784552506206115e+00
3.112784552506206115e+00
3.112784552506206115e+00
3.112784552506206115e+00
3.112784552506206115e+00
3.112784552506206115e+00
3.112784552506206115e+00
3.112784552506206115e+00
3.112784552506206115e+00
3.112784552506206115e+00
3.112784552506206115e+00
3.112784552506206115e+00
3.112784552506206115e+00
3.112784552506206115e+00
3.112784552506206115e+00
3.112784552506206115e+00
3.112784552506206115e+00
3.112784552506206115e+00
3.112784552506206115e+00
3.112784552506206115e+00
3.112784552506206115e+00
3.112784552506206115e+00
3.112784552506206115e+00
3.112784552506206115e+00
3.112784552506206115e+00
3.112784552506206115e+00
3.112784552506206115e+00
3.112784552506206115e+00
3.112784552506206115e+00
3.112784552506206115e+00
3.112784552506206115e+00
3.112784552506206115e+00
3.112784552506206115e+00
3.112784552506206115e+00
3.112784552506206115e+00
3.112784552506206115e+00
3.112784552506206115e+00
3.112784552506206115e+00
3.112784552506206115e+00
3.112784552506206115e+00
3.112784552506206115e+00
3.112784552506206115e+00
3.112784552506206115e+00
3.112784552506206115e+00
3.112784552506206115e+00
3.112784552506206115e+00
3.112784552506206115e+00
3.112784552506206115e+00
3.112784552506206115e+00
3.112784552506206115e+00
3.112784552506206115e+00
3.112784552506206115e+00
3.112784552506206115e+00
3.112784552506206115e+00
3.112784552506206115e+00
3.112784552506206115e+00
3.112784552506206115e+00
3.112784552506206115e+00
3.112784552506206115e+00
3.112784552506206115e+00
3.112784552506206115e+00
3.112784552506206115e+00
3.112784552506206115e+00
3.112784552506206115e+00
3.112784552506206115e+00
3.112784552506206115e+00
3.112784552506206115e+00
3.112784552506206115e+00
3.112784552506206115e+00
3.112784552506206115e+00
3.112784552506206115e+00
3.112784552506206115e+00
3.112784552506206115e+00
3.112784552506206115e+00
3.112784552506206115e+00
3.112784552506206115e+00
3.112784552506206115e+00
3.112784552506206115e+00
3.112784552506206115e+00
3.112784552506206115e+00
3.112784552506206115e+00
3.112784552506206115e+00
3.112784552506206115e+00
3.112784552506206115e+00
3.112784552506206115e+00
3.112784552506206115e+00
3.112784552506206115e+00
3.112784552506206115e+00
3.112784552506206115e+00
3.112784552506206115e+00
3.112784552506206115e+00
3.112784552506206115e+00
3.112784552506206115e+00
3.112784552506206115e+00
3.112784552506206115e+00
3.112784552506206115e+00
3.112784552506206115e+00
3.112784552506206115e+00
3.112784552506206115e+00
3.112784552506206115e+00
3.112784552506206115e+00
3.112784552506206115e+00
3.112784552506206115e+00
3.112784552506206115e+00
3.112784552506206115e+00
3.112784552506206115e+00
3.112784552506206115e+00
3.112784552506206115e+00
3.112784552506206115e+00
3.112784552506206115e+00
3.112784552506206115e+00
3.112784552506206115e+00
3.112784552506206115e+00
3.112784552506206115e+00
3.112784552506206115e+00
3.112784552506206115e+00
3.112784552506206115e+00
3.112784552506206115e+00
3.112784552506206115e+00
3.112784552506206115e+00
3.112784552506206115e+00
3.112784552506206115e+00
3.112784552506206115e+00
3.112784552506206115e+00
3.112784552506206115e+00
3.112784552506206115e+00
3.112784552506206115e+00
3.112784552506206115e+00
3.112784552506206115e+00
3.112784552506206115e+00
3.112784552506206115e+00
3.112784552506206115e+00
3.112784552506206115e+00
3.112784552506206115e+00
3.112784552506206115e+00
3.112784552506206115e+00
3.112784552506206115e+00
3.112784552506206115e+00
3.112784552506206115e+00
3.112784552506206115e+00
3.112784552506206115e+00
3.112784552506206115e+00
3.112784552506206115e+00
3.112784552506206115e+00
3.112784552506206115e+00
3.112784552506206115e+00
3.112784552506206115e+00
3.112784552506206115e+00
3.112784552506206115e+00
3.112784552506206115e+00
3.112784552506206115e+00
3.112784552506206115e+00
3.112784552506206115e+00
3.112784552506206115e+00
3.112784552506206115e+00
3.112784552506206115e+00
3.112784552506206115e+00
3.112784552506206115e+00
3.112784552506206115e+00
3.112784552506206115e+00
3.112784552506206115e+00
3.112784552506206115e+00
3.112784552506206115e+00
3.112784552506206115e+00
3.112784552506206115e+00
3.112784552506206115e+00
3.112784552506206115e+00
3.112784552506206115e+00
3.112784552506206115e+00
3.112784552506206115e+00
3.112784552506206115e+00
3.112784552506206115e+00
3.112784552506206115e+00
3.112784552506206115e+00
3.112784552506206115e+00
3.112784552506206115e+00
3.112784552506206115e+00
3.112784552506206115e+00
3.112784552506206115e+00
3.112784552506206115e+00
3.112784552506206115e+00
3.112784552506206115e+00
3.112784552506206115e+00
3.112784552506206115e+00
3.112784552506206115e+00
3.112784552506206115e+00
3.112784552506206115e+00
3.112784552506206115e+00
3.112784552506206115e+00
3.112784552506206115e+00
3.112784552506206115e+00
3.112784552506206115e+00
3.112784552506206115e+00
3.112784552506206115e+00
3.112784552506206115e+00
3.112784552506206115e+00
3.112784552506206115e+00
3.112784552506206115e+00
3.112784552506206115e+00
3.112784552506206115e+00
3.112784552506206115e+00
3.112784552506206115e+00
3.112784552506206115e+00
3.112784552506206115e+00
3.112784552506206115e+00
3.112784552506206115e+00
3.112784552506206115e+00
3.112784552506206115e+00
3.112784552506206115e+00
3.112784552506206115e+00
3.112784552506206115e+00
3.112784552506206115e+00
3.112784552506206115e+00
3.112784552506206115e+00
3.112784552506206115e+00
3.112784552506206115e+00
3.112784552506206115e+00
3.112784552506206115e+00
3.112784552506206115e+00
3.112784552506206115e+00
3.112784552506206115e+00
3.112784552506206115e+00
3.112784552506206115e+00
3.112784552506206115e+00
3.112784552506206115e+00
3.112784552506206115e+00
3.112784552506206115e+00
3.112784552506206115e+00
3.112784552506206115e+00
3.112784552506206115e+00
3.112784552506206115e+00
3.112784552506206115e+00
3.112784552506206115e+00
3.112784552506206115e+00
3.112784552506206115e+00
3.112784552506206115e+00
3.112784552506206115e+00
3.112784552506206115e+00
3.112784552506206115e+00
3.112784552506206115e+00
3.112784552506206115e+00
3.112784552506206115e+00
3.112784552506206115e+00
3.112784552506206115e+00
3.112784552506206115e+00
3.112784552506206115e+00
3.112784552506206115e+00
3.112784552506206115e+00
3.112784552506206115e+00
3.112784552506206115e+00
3.112784552506206115e+00
3.112784552506206115e+00
3.112784552506206115e+00
3.112784552506206115e+00
3.112784552506206115e+00
3.112784552506206115e+00
3.112784552506206115e+00
3.112784552506206115e+00
3.112784552506206115e+00
3.112784552506206115e+00
3.112784552506206115e+00
3.112784552506206115e+00
3.112784552506206115e+00
3.112784552506206115e+00
3.112784552506206115e+00
3.112784552506206115e+00
3.112784552506206115e+00
3.112784552506206115e+00
3.112784552506206115e+00
3.112784552506206115e+00
3.112784552506206115e+00
3.112784552506206115e+00
3.112784552506206115e+00
3.112784552506206115e+00
3.112784552506206115e+00
3.112784552506206115e+00
3.112784552506206115e+00
3.112784552506206115e+00
3.112784552506206115e+00
3.112784552506206115e+00
3.112784552506206115e+00
3.112784552506206115e+00
3.112784552506206115e+00
3.112784552506206115e+00
3.112784552506206115e+00
3.112784552506206115e+00
3.112784552506206115e+00
3.112784552506206115e+00
3.112784552506206115e+00
3.112784552506206115e+00
3.112784552506206115e+00
3.112784552506206115e+00
3.112784552506206115e+00
3.112784552506206115e+00
3.112784552506206115e+00
3.112784552506206115e+00
3.112784552506206115e+00
3.112784552506206115e+00
3.112784552506206115e+00
3.112784552506206115e+00
3.112784552506206115e+00
3.112784552506206115e+00
3.112784552506206115e+00
3.112784552506206115e+00
3.112784552506206115e+00
3.112784552506206115e+00
3.112784552506206115e+00
3.112784552506206115e+00
3.112784552506206115e+00
3.112784552506206115e+00
3.112784552506206115e+00
3.112784552506206115e+00
3.112784552506206115e+00
3.112784552506206115e+00
3.112784552506206115e+00
3.112784552506206115e+00
3.112784552506206115e+00
3.112784552506206115e+00
3.112784552506206115e+00
3.112784552506206115e+00
3.112784552506206115e+00
3.112784552506206115e+00
3.112784552506206115e+00
3.112784552506206115e+00
3.112784552506206115e+00
3.112784552506206115e+00
3.112784552506206115e+00
3.112784552506206115e+00
3.112784552506206115e+00
3.112784552506206115e+00
3.112784552506206115e+00
3.112784552506206115e+00
3.112784552506206115e+00
3.112784552506206115e+00
3.112784552506206115e+00
3.112784552506206115e+00
3.112784552506206115e+00
3.112784552506206115e+00
3.112784552506206115e+00
3.112784552506206115e+00
3.112784552506206115e+00
3.112784552506206115e+00
3.112784552506206115e+00
3.112784552506206115e+00
3.112784552506206115e+00
3.112784552506206115e+00
3.112784552506206115e+00
3.112784552506206115e+00
3.112784552506206115e+00
3.112784552506206115e+00
3.112784552506206115e+00
3.112784552506206115e+00
3.112784552506206115e+00
3.112784552506206115e+00
3.112784552506206115e+00
3.112784552506206115e+00
3.112784552506206115e+00
3.112784552506206115e+00
3.112784552506206115e+00
3.112784552506206115e+00
3.112784552506206115e+00
3.112784552506206115e+00
3.112784552506206115e+00
3.112784552506206115e+00
3.112784552506206115e+00
3.112784552506206115e+00
3.112784552506206115e+00
3.112784552506206115e+00
3.112784552506206115e+00
3.112784552506206115e+00
3.112784552506206115e+00
3.112784552506206115e+00
3.112784552506206115e+00
3.112784552506206115e+00
3.112784552506206115e+00
3.112784552506206115e+00
3.112784552506206115e+00
3.112784552506206115e+00
3.112784552506206115e+00
3.112784552506206115e+00
3.112784552506206115e+00
3.112784552506206115e+00
3.112784552506206115e+00
3.112784552506206115e+00
3.112784552506206115e+00
3.112784552506206115e+00
3.112784552506206115e+00
3.112784552506206115e+00
3.112784552506206115e+00
3.112784552506206115e+00
3.112784552506206115e+00
3.112784552506206115e+00
3.112784552506206115e+00
3.112784552506206115e+00
3.112784552506206115e+00
3.112784552506206115e+00
3.112784552506206115e+00
3.112784552506206115e+00
3.112784552506206115e+00
3.112784552506206115e+00
3.112784552506206115e+00
3.112784552506206115e+00
3.112784552506206115e+00
3.112784552506206115e+00
3.112784552506206115e+00
3.112784552506206115e+00
3.112784552506206115e+00
3.112784552506206115e+00
3.112784552506206115e+00
3.112784552506206115e+00
3.112784552506206115e+00
3.112784552506206115e+00
3.112784552506206115e+00
3.112784552506206115e+00
3.112784552506206115e+00
3.112784552506206115e+00
3.112784552506206115e+00
3.112784552506206115e+00
3.112784552506206115e+00
3.112784552506206115e+00
3.112784552506206115e+00
3.112784552506206115e+00
3.112784552506206115e+00
3.112784552506206115e+00
3.112784552506206115e+00
3.112784552506206115e+00
3.112784552506206115e+00
3.112784552506206115e+00
3.112784552506206115e+00
3.112784552506206115e+00
3.112784552506206115e+00
3.112784552506206115e+00
3.112784552506206115e+00
3.112784552506206115e+00
3.112784552506206115e+00
3.112784552506206115e+00
3.112784552506206115e+00
3.112784552506206115e+00
3.112784552506206115e+00
3.112784552506206115e+00
3.112784552506206115e+00
3.112784552506206115e+00
3.112784552506206115e+00
3.112784552506206115e+00
3.112784552506206115e+00
3.112784552506206115e+00
3.112784552506206115e+00
3.112784552506206115e+00
3.112784552506206115e+00
3.112784552506206115e+00
3.112784552506206115e+00
3.112784552506206115e+00
3.112784552506206115e+00
3.112784552506206115e+00
3.112784552506206115e+00
3.112784552506206115e+00
3.112784552506206115e+00
3.112784552506206115e+00
3.112784552506206115e+00
3.112784552506206115e+00
3.112784552506206115e+00
3.112784552506206115e+00
3.112784552506206115e+00
3.112784552506206115e+00
3.112784552506206115e+00
3.112784552506206115e+00
3.112784552506206115e+00
3.112784552506206115e+00
3.112784552506206115e+00
3.112784552506206115e+00
3.112784552506206115e+00
3.112784552506206115e+00
3.112784552506206115e+00
3.112784552506206115e+00
3.112784552506206115e+00
3.112784552506206115e+00
3.112784552506206115e+00
3.112784552506206115e+00
3.112784552506206115e+00
3.112784552506206115e+00
3.112784552506206115e+00
3.112784552506206115e+00
3.112784552506206115e+00
3.112784552506206115e+00
3.112784552506206115e+00
3.112784552506206115e+00
3.112784552506206115e+00
3.112784552506206115e+00
3.112784552506206115e+00
3.112784552506206115e+00
3.112784552506206115e+00
3.112784552506206115e+00
3.112784552506206115e+00
3.112784552506206115e+00
3.112784552506206115e+00
3.112784552506206115e+00
3.112784552506206115e+00
3.112784552506206115e+00
3.112784552506206115e+00
3.112784552506206115e+00
3.112784552506206115e+00
3.112784552506206115e+00
3.112784552506206115e+00
3.112784552506206115e+00
3.112784552506206115e+00
3.112784552506206115e+00
3.112784552506206115e+00
3.112784552506206115e+00
3.112784552506206115e+00
3.112784552506206115e+00
3.112784552506206115e+00
3.112784552506206115e+00
3.112784552506206115e+00
3.112784552506206115e+00
3.112784552506206115e+00
3.112784552506206115e+00
3.112784552506206115e+00
3.112784552506206115e+00
3.112784552506206115e+00
3.112784552506206115e+00
3.112784552506206115e+00
3.112784552506206115e+00
3.112784552506206115e+00
3.112784552506206115e+00
3.112784552506206115e+00
3.112784552506206115e+00
3.112784552506206115e+00
3.112784552506206115e+00
3.112784552506206115e+00
3.112784552506206115e+00
3.112784552506206115e+00
3.112784552506206115e+00
3.112784552506206115e+00
3.112784552506206115e+00
3.112784552506206115e+00
3.112784552506206115e+00
3.112784552506206115e+00
3.112784552506206115e+00
3.112784552506206115e+00
3.112784552506206115e+00
3.112784552506206115e+00
3.112784552506206115e+00
3.112784552506206115e+00
3.112784552506206115e+00
3.112784552506206115e+00
3.112784552506206115e+00
3.112784552506206115e+00
3.112784552506206115e+00
3.112784552506206115e+00
3.112784552506206115e+00
3.112784552506206115e+00
3.112784552506206115e+00
3.112784552506206115e+00
3.112784552506206115e+00
3.112784552506206115e+00
3.112784552506206115e+00
3.112784552506206115e+00
3.112784552506206115e+00
3.112784552506206115e+00
3.112784552506206115e+00
3.112784552506206115e+00
3.112784552506206115e+00
3.112784552506206115e+00
3.112784552506206115e+00
3.112784552506206115e+00
3.112784552506206115e+00
3.112784552506206115e+00
3.112784552506206115e+00
3.112784552506206115e+00
3.112784552506206115e+00
3.112784552506206115e+00
3.112784552506206115e+00
3.112784552506206115e+00
3.112784552506206115e+00
3.112784552506206115e+00
3.112784552506206115e+00
3.112784552506206115e+00
3.112784552506206115e+00
3.112784552506206115e+00
3.112784552506206115e+00
3.112784552506206115e+00
3.112784552506206115e+00
3.112784552506206115e+00
3.112784552506206115e+00
3.112784552506206115e+00
3.112784552506206115e+00
3.112784552506206115e+00
3.112784552506206115e+00
3.112784552506206115e+00
3.112784552506206115e+00
3.112784552506206115e+00
3.112784552506206115e+00
3.112784552506206115e+00
3.112784552506206115e+00
3.112784552506206115e+00
3.112784552506206115e+00
3.112784552506206115e+00
3.112784552506206115e+00
3.112784552506206115e+00
3.112784552506206115e+00
3.112784552506206115e+00
3.112784552506206115e+00
3.112784552506206115e+00
3.112784552506206115e+00
3.112784552506206115e+00
3.112784552506206115e+00
3.112784552506206115e+00
3.112784552506206115e+00
3.112784552506206115e+00
3.112784552506206115e+00
3.112784552506206115e+00
3.112784552506206115e+00
3.112784552506206115e+00
3.112784552506206115e+00
3.112784552506206115e+00
3.112784552506206115e+00
3.112784552506206115e+00
3.112784552506206115e+00
3.112784552506206115e+00
3.112784552506206115e+00
3.112784552506206115e+00
3.112784552506206115e+00
3.112784552506206115e+00
3.112784552506206115e+00
3.112784552506206115e+00
3.112784552506206115e+00
3.112784552506206115e+00
3.112784552506206115e+00
3.112784552506206115e+00
3.112784552506206115e+00
3.112784552506206115e+00
3.112784552506206115e+00
3.112784552506206115e+00
3.112784552506206115e+00
3.112784552506206115e+00
3.112784552506206115e+00
3.112784552506206115e+00
3.112784552506206115e+00
3.112784552506206115e+00
3.112784552506206115e+00
3.112784552506206115e+00
3.112784552506206115e+00
3.112784552506206115e+00
3.112784552506206115e+00
3.112784552506206115e+00
3.112784552506206115e+00
3.112784552506206115e+00
3.112784552506206115e+00
3.112784552506206115e+00
3.112784552506206115e+00
3.112784552506206115e+00
3.112784552506206115e+00
3.112784552506206115e+00
3.112784552506206115e+00
3.112784552506206115e+00
3.112784552506206115e+00
3.112784552506206115e+00
3.112784552506206115e+00
3.112784552506206115e+00
3.112784552506206115e+00
3.112784552506206115e+00
3.112784552506206115e+00
3.112784552506206115e+00
3.112784552506206115e+00
3.112784552506206115e+00
3.112784552506206115e+00
3.112784552506206115e+00
3.112784552506206115e+00
3.112784552506206115e+00
3.112784552506206115e+00
3.112784552506206115e+00
3.112784552506206115e+00
3.112784552506206115e+00
3.112784552506206115e+00
3.112784552506206115e+00
3.112784552506206115e+00
3.112784552506206115e+00
3.112784552506206115e+00
3.112784552506206115e+00
3.112784552506206115e+00
3.112784552506206115e+00
3.112784552506206115e+00
3.112784552506206115e+00
3.112784552506206115e+00
3.112784552506206115e+00
3.112784552506206115e+00
3.112784552506206115e+00
3.112784552506206115e+00
3.112784552506206115e+00
3.112784552506206115e+00
3.112784552506206115e+00
3.112784552506206115e+00
3.112784552506206115e+00
3.112784552506206115e+00
3.112784552506206115e+00
3.112784552506206115e+00
3.112784552506206115e+00
3.112784552506206115e+00
3.112784552506206115e+00
3.112784552506206115e+00
3.112784552506206115e+00
3.112784552506206115e+00
3.112784552506206115e+00
3.112784552506206115e+00
3.112784552506206115e+00
3.112784552506206115e+00
3.112784552506206115e+00
3.112784552506206115e+00
3.112784552506206115e+00
3.112784552506206115e+00
3.112784552506206115e+00
3.112784552506206115e+00
3.112784552506206115e+00
3.112784552506206115e+00
3.112784552506206115e+00
3.112784552506206115e+00
3.112784552506206115e+00
3.112784552506206115e+00
3.112784552506206115e+00
3.112784552506206115e+00
3.112784552506206115e+00
3.112784552506206115e+00
3.112784552506206115e+00
3.112784552506206115e+00
3.112784552506206115e+00
3.112784552506206115e+00
3.112784552506206115e+00
3.112784552506206115e+00
3.112784552506206115e+00
3.112784552506206115e+00
3.112784552506206115e+00
3.112784552506206115e+00
3.112784552506206115e+00
3.112784552506206115e+00
3.112784552506206115e+00
3.112784552506206115e+00
3.112784552506206115e+00
3.112784552506206115e+00
3.112784552506206115e+00
3.112784552506206115e+00
3.112784552506206115e+00
3.112784552506206115e+00
3.112784552506206115e+00
3.112784552506206115e+00
3.112784552506206115e+00
3.112784552506206115e+00
3.112784552506206115e+00
3.112784552506206115e+00
3.112784552506206115e+00
3.112784552506206115e+00
3.112784552506206115e+00
3.112784552506206115e+00
3.112784552506206115e+00
3.112784552506206115e+00
3.112784552506206115e+00
3.112784552506206115e+00
3.112784552506206115e+00
3.112784552506206115e+00
3.112784552506206115e+00
3.112784552506206115e+00
3.112784552506206115e+00
3.112784552506206115e+00
3.112784552506206115e+00
3.112784552506206115e+00
3.112784552506206115e+00
3.112784552506206115e+00
3.112784552506206115e+00
3.112784552506206115e+00
3.112784552506206115e+00
3.112784552506206115e+00
3.112784552506206115e+00
3.112784552506206115e+00
3.112784552506206115e+00
3.112784552506206115e+00
3.112784552506206115e+00
3.112784552506206115e+00
3.112784552506206115e+00
3.112784552506206115e+00
3.112784552506206115e+00
3.112784552506206115e+00
3.112784552506206115e+00
3.112784552506206115e+00
3.112784552506206115e+00
3.112784552506206115e+00
3.112784552506206115e+00
3.112784552506206115e+00
3.112784552506206115e+00
3.112784552506206115e+00
3.112784552506206115e+00
3.112784552506206115e+00
3.112784552506206115e+00
3.112784552506206115e+00
3.112784552506206115e+00
3.112784552506206115e+00
3.112784552506206115e+00
3.112784552506206115e+00
3.112784552506206115e+00
3.112784552506206115e+00
3.112784552506206115e+00
3.112784552506206115e+00
3.112784552506206115e+00
3.112784552506206115e+00
3.112784552506206115e+00
3.112784552506206115e+00
3.112784552506206115e+00
3.112784552506206115e+00
3.112784552506206115e+00
3.112784552506206115e+00
3.112784552506206115e+00
3.112784552506206115e+00
3.112784552506206115e+00
3.112784552506206115e+00
3.112784552506206115e+00
3.112784552506206115e+00
3.112784552506206115e+00
3.112784552506206115e+00
3.112784552506206115e+00
3.112784552506206115e+00
3.112784552506206115e+00
3.112784552506206115e+00
3.112784552506206115e+00
3.112784552506206115e+00
3.112784552506206115e+00
3.112784552506206115e+00
3.112784552506206115e+00
3.112784552506206115e+00
3.112784552506206115e+00
3.112784552506206115e+00
3.112784552506206115e+00
3.112784552506206115e+00
3.112784552506206115e+00
3.112784552506206115e+00
3.112784552506206115e+00
3.112784552506206115e+00
3.112784552506206115e+00
3.112784552506206115e+00
3.112784552506206115e+00
3.112784552506206115e+00
3.112784552506206115e+00
3.112784552506206115e+00
3.112784552506206115e+00
3.112784552506206115e+00
3.112784552506206115e+00
3.112784552506206115e+00
3.112784552506206115e+00
3.112784552506206115e+00
3.112784552506206115e+00
3.112784552506206115e+00
3.112784552506206115e+00
3.112784552506206115e+00
3.112784552506206115e+00
3.112784552506206115e+00
3.112784552506206115e+00
3.112784552506206115e+00
3.112784552506206115e+00
3.112784552506206115e+00
3.112784552506206115e+00
3.112784552506206115e+00
3.112784552506206115e+00
3.112784552506206115e+00
3.112784552506206115e+00
3.112784552506206115e+00
3.112784552506206115e+00
3.112784552506206115e+00
3.112784552506206115e+00
3.112784552506206115e+00
3.112784552506206115e+00
3.112784552506206115e+00
3.112784552506206115e+00
3.112784552506206115e+00
3.112784552506206115e+00
3.112784552506206115e+00
3.112784552506206115e+00
3.112784552506206115e+00
3.112784552506206115e+00
3.112784552506206115e+00
3.112784552506206115e+00
3.112784552506206115e+00
3.112784552506206115e+00
3.112784552506206115e+00
3.112784552506206115e+00
3.112784552506206115e+00
3.112784552506206115e+00
3.112784552506206115e+00
3.112784552506206115e+00
3.112784552506206115e+00
3.112784552506206115e+00
3.112784552506206115e+00
3.112784552506206115e+00
3.112784552506206115e+00
3.112784552506206115e+00
3.112784552506206115e+00
3.112784552506206115e+00
3.112784552506206115e+00
3.112784552506206115e+00
3.112784552506206115e+00
3.112784552506206115e+00
3.112784552506206115e+00
3.112784552506206115e+00
3.112784552506206115e+00
3.112784552506206115e+00
3.112784552506206115e+00
3.112784552506206115e+00
3.112784552506206115e+00
3.112784552506206115e+00
3.112784552506206115e+00
3.112784552506206115e+00
3.112784552506206115e+00
3.112784552506206115e+00
3.112784552506206115e+00
3.112784552506206115e+00
3.112784552506206115e+00
3.112784552506206115e+00
3.112784552506206115e+00
3.112784552506206115e+00
3.112784552506206115e+00
3.112784552506206115e+00
3.112784552506206115e+00
3.112784552506206115e+00
3.112784552506206115e+00
3.112784552506206115e+00
3.112784552506206115e+00
3.112784552506206115e+00
3.112784552506206115e+00
3.112784552506206115e+00
3.112784552506206115e+00
3.112784552506206115e+00
3.112784552506206115e+00
3.112784552506206115e+00
3.112784552506206115e+00
3.112784552506206115e+00
3.112784552506206115e+00
3.112784552506206115e+00
3.112784552506206115e+00
3.112784552506206115e+00
3.112784552506206115e+00
3.112784552506206115e+00
3.112784552506206115e+00
3.112784552506206115e+00
3.112784552506206115e+00
3.112784552506206115e+00
3.112784552506206115e+00
3.112784552506206115e+00
3.112784552506206115e+00
3.112784552506206115e+00
3.112784552506206115e+00
3.112784552506206115e+00
3.112784552506206115e+00
3.112784552506206115e+00
3.112784552506206115e+00
3.112784552506206115e+00
3.112784552506206115e+00
3.112784552506206115e+00
3.112784552506206115e+00
3.112784552506206115e+00
3.112784552506206115e+00
3.112784552506206115e+00
3.112784552506206115e+00
3.112784552506206115e+00
3.112784552506206115e+00
3.112784552506206115e+00
3.112784552506206115e+00
3.112784552506206115e+00
3.112784552506206115e+00
3.112784552506206115e+00
3.112784552506206115e+00
3.112784552506206115e+00
3.112784552506206115e+00
3.112784552506206115e+00
3.112784552506206115e+00
3.112784552506206115e+00
3.112784552506206115e+00
3.112784552506206115e+00
3.112784552506206115e+00
3.112784552506206115e+00
3.112784552506206115e+00
3.112784552506206115e+00
3.112784552506206115e+00
3.112784552506206115e+00
3.112784552506206115e+00
3.112784552506206115e+00
3.112784552506206115e+00
3.112784552506206115e+00
3.112784552506206115e+00
3.112784552506206115e+00
3.112784552506206115e+00
3.112784552506206115e+00
3.112784552506206115e+00
3.112784552506206115e+00
3.112784552506206115e+00
3.112784552506206115e+00
3.112784552506206115e+00
3.112784552506206115e+00
3.112784552506206115e+00
3.112784552506206115e+00
3.112784552506206115e+00
3.112784552506206115e+00
3.112784552506206115e+00
2.956670953941195279e+00
2.956636419690024997e+00
2.956532816317726464e+00
2.956360141972853572e+00
2.956118393586046444e+00
2.955807566894610883e+00
2.955427656476941500e+00
2.954978655796788978e+00
2.954460557257391873e+00
2.953873352265476981e+00
2.953217031305148232e+00
2.952491584021677440e+00
2.951696999315215564e+00
2.950833265444441356e+00
2.949900370140171368e+00
2.948898300728940214e+00
2.947827044266584817e+00
2.946686587681838443e+00
2.945476917929960692e+00
2.944198022156415462e+00
2.942849887870614189e+00
2.941432503129732812e+00
2.939945856732611773e+00
2.938389938423747516e+00
2.936764739107363908e+00
2.935070251071573377e+00
2.933306468222599772e+00
2.931473386329055408e+00
2.929571003276241203e+00
2.927599319330428607e+00
2.925558337413089127e+00
2.923448063385006179e+00
2.921268506340201299e+00
2.919019678909602344e+00
2.916701597574349325e+00
2.914314282988634375e+00
2.911857760311950649e+00
2.909332059550607141e+00
2.906737215908346883e+00
2.904073270145896224e+00
2.901340275893324883e+00
2.898583216644286864e+00
2.895844846392473748e+00
2.893125151257016636e+00
2.890424116421368428e+00
2.887741726162598166e+00
2.885077963880430918e+00
2.882432812126021648e+00
2.879806252630466634e+00
2.877198266333040877e+00
2.874608833409160624e+00
2.872037933298067447e+00
2.869485544730228543e+00
2.866951645754450162e+00
2.864436213764703698e+00
2.861939225526658248e+00
2.859460657203923173e+00
2.857000484383988237e+00
2.854558682103874645e+00
2.852135224875480546e+00
2.849730086710629884e+00
2.847343241145821047e+00
2.844974661266673088e+00
2.842624319732069527e+00
2.840292188798004602e+00
2.837978240341122671e+00
2.835682445881960501e+00
2.833404776607889364e+00
2.831145203395753818e+00
2.828903696834215609e+00
2.826680227245797372e+00
2.824474764708634122e+00
2.822287279077924538e+00
2.820117740007095808e+00
2.817966116968671386e+00
2.815832379274854969e+00
2.813716496097824926e+00
2.811618436489745854e+00
2.809538169402495456e+00
2.807475663707116542e+00
2.805430881370909901e+00
2.803392463597385031e+00
2.801350136113747613e+00
2.799303894187137320e+00
2.797253733196592318e+00
2.795199648634180356e+00
2.793141636106135195e+00
2.791079691333993917e+00
2.789013810155743123e+00
2.786943988526962901e+00
2.784870222521977912e+00
2.782792508335011572e+00
2.780710842281343353e+00
2.778625220798466522e+00
2.776535640447253428e+00
2.774442097913120353e+00
2.772344590007195020e+00
2.770243113667489876e+00
2.768137665960072269e+00
2.766028244080243503e+00
2.763914845353713901e+00
2.761797467237782300e+00
2.759676107322519112e+00
2.757550763331948041e+00
2.755421433125230024e+00
2.753288114697850286e+00
2.751150806182802722e+00
2.749009505851778279e+00
2.746864212116354231e+00
2.744714923529181672e+00
2.742561638785173894e+00
2.740404356722697887e+00
2.738243076324760494e+00
2.736077796720199906e+00
2.733908517184872711e+00
2.731735237142842276e+00
2.729557956167564914e+00
2.727376673983077371e+00
2.725191390465179886e+00
2.723002105642620574e+00
2.720808821209057538e+00
2.718612671014574822e+00
2.716414620148815295e+00
2.714214649106189814e+00
2.712012738423743574e+00
2.709808868681595317e+00
2.707603020503380531e+00
2.705395174556707971e+00
2.703185311553621961e+00
2.700973412251074013e+00
2.698759457451403776e+00
2.696543428002829312e+00
2.694325304799944476e+00
2.692105068784227839e+00
2.689882700944558724e+00
2.687658182317744782e+00
2.685431493989053564e+00
2.683202617092762310e+00
2.680971532812708169e+00
2.678738222382852197e+00
2.676502667087853560e+00
2.674264848263651295e+00
2.672024747298056280e+00
2.669782345631352971e+00
2.667537624756910919e+00
2.665290566221807378e+00
2.663041151627457026e+00
2.660789362630253230e+00
2.658535180942220855e+00
2.656278588331674406e+00
2.654019566623892157e+00
2.651758097701796935e+00
2.649494163506645794e+00
2.647227746038734786e+00
2.644958827358109055e+00
2.642687389585285374e+00
2.640413414901986666e+00
2.638136885551883637e+00
2.635857783841349722e+00
2.633576092140225366e+00
2.631291812649260375e+00
2.629013481136026176e+00
2.626748141886328103e+00
2.624495806967643841e+00
2.622256487788966695e+00
2.620030195111818561e+00
2.617816939061258452e+00
2.615616729136882146e+00
2.613429574223810281e+00
2.611255482603660472e+00
2.609094461965503431e+00
2.606946519416794672e+00
2.604811661494282671e+00
2.602689894174891272e+00
2.600581222886570565e+00
2.598485652519113120e+00
2.596403187434937365e+00
2.594333831479831876e+00
2.592277587993657040e+00
2.590234459821004975e+00
2.588204449321815481e+00
2.586187558381940033e+00
2.584183788423660477e+00
2.582193140416152222e+00
2.580215614885893682e+00
2.578251211927023334e+00
2.576299931211634142e+00
2.574361772000009818e+00
2.572436733150802901e+00
2.570524813131145336e+00
2.568626010026695994e+00
2.566740321551626014e+00
2.564867745058529103e+00
2.563008277548271430e+00
2.561161915679764256e+00
2.559328655779672168e+00
2.557508493852041820e+00
2.555701425587863618e+00
2.553907446374554358e+00
2.552126551305368363e+00
2.550358611210000515e+00
2.548568602796879912e+00
2.546728986478516088e+00
2.544839716379862615e+00
2.542900745283614317e+00
2.540912024767372213e+00
2.538873505344747983e+00
2.536785136610471447e+00
2.534646867389549918e+00
2.532458645890532267e+00
2.530220419862934556e+00
2.527932136758869852e+00
2.525593743898934207e+00
2.523205188642392294e+00
2.520766418561701361e+00
2.518277381621417010e+00
2.515738026361511892e+00
2.513148302085139729e+00
2.510508159050868660e+00
2.507817548669411423e+00
2.505076423704861277e+00
2.502284738480450521e+00
2.499442449088835616e+00
2.496549513606903137e+00
2.493605892315095218e+00
2.490611547921234514e+00
2.487566445788823799e+00
2.484470554169794898e+00
2.481323844441658988e+00
2.478126291349012522e+00
2.474877873249343718e+00
2.471578572363056558e+00
2.468228375027650134e+00
2.464827271955944088e+00
2.461375258498261775e+00
2.457872334908443257e+00
2.454318506613569095e+00
2.450713784487247526e+00
2.447058185126312679e+00
2.443351731130764204e+00
2.439595134332285475e+00
2.435924969175545574e+00
2.432443711697094724e+00
2.429151426477860198e+00
2.426048153483842729e+00
2.423133911590404921e+00
2.420408701907996729e+00
2.417872510907204564e+00
2.415525313341609248e+00
2.413367074967407877e+00
2.411397755059188075e+00
2.409617308721565987e+00
2.408025688996678237e+00
2.406622848767731693e+00
2.405408742458951643e+00
2.404383327532382264e+00
2.403546565782041622e+00
2.402898424425943702e+00
2.402438876996488837e+00
2.402167904029655521e+00
2.402085493553375528e+00
2.402191641375355236e+00
2.402486351170525669e+00
2.402969634368167906e+00
2.403641509838658319e+00
2.404502003379663577e+00
2.405551147001499857e+00
2.406788978011297431e+00
2.408215537895525227e+00
2.409830871000386843e+00
2.411635023009585765e+00
2.413628039218973953e+00
2.415809962607653461e+00
2.418180831705210476e+00
2.420740678254919676e+00
2.423489524672970408e+00
2.426427381304046005e+00
2.429554243473938779e+00
2.432870088340298942e+00
2.436374871543127263e+00
2.440067598356118861e+00
2.443809776865743633e+00
2.447502198941900353e+00
2.451144841527052254e+00
2.454737687533366408e+00
2.458280725571910352e+00
2.461773949684819662e+00
2.465217359080618120e+00
2.468610957872830802e+00
2.471954754822038414e+00
2.475248763081498105e+00
2.478492999946444897e+00
2.481687486607180304e+00
2.484832247906036518e+00
2.487927312098299204e+00
2.490972710617163965e+00
2.493968477842777531e+00
2.496914650875428077e+00
2.499811269312916640e+00
2.502658375032150495e+00
2.505456011974977582e+00
2.508204225938293508e+00
2.510903064368412707e+00
2.513552576159728602e+00
2.516152811457646354e+00
2.518703821465786419e+00
2.521205658257445137e+00
2.523658374591293718e+00
2.526062023731291184e+00
2.528416659270783740e+00
2.530722334960763487e+00
2.532979104542239845e+00
2.535187021582701483e+00
2.537346139316610127e+00
2.539456510489893848e+00
2.541518187208389179e+00
2.543531220790179237e+00
2.545495661621783423e+00
2.547411559018144089e+00
2.549278961086352879e+00
2.551098203621356308e+00
2.552903006305876854e+00
2.554716440429559920e+00
2.556538504359457953e+00
2.558369196206808471e+00
2.560208513822958665e+00
2.562056454795275329e+00
2.563913016443047699e+00
2.565778195813380513e+00
2.567651989677078195e+00
2.569534394524522813e+00
2.571425406561546723e+00
2.573325021705294091e+00
2.575233235580084212e+00
2.577150043513265931e+00
2.579075440531070740e+00
2.581009421354463651e+00
2.582951980394991409e+00
2.584903111750629368e+00
2.586862809201633695e+00
2.588831066206387810e+00
2.590807875897257251e+00
2.592793231076442328e+00
2.594787124211842322e+00
2.596789547432916123e+00
2.598800492526557537e+00
2.600819950932971913e+00
2.602847913741567432e+00
2.604884371686847722e+00
2.606929315144325354e+00
2.608982734126438885e+00
2.611044618278487661e+00
2.613114956874580841e+00
2.615193738813598401e+00
2.617280952615173906e+00
2.619376586415692820e+00
2.621480627964308585e+00
2.623593064618983117e+00
2.625713883342545074e+00
2.627843070698775652e+00
2.629980651463302621e+00
2.632130236874129725e+00
2.634294222654380846e+00
2.636472643647999714e+00
2.638665534630403098e+00
2.640872930295448118e+00
2.643094865242202829e+00
2.645331373961525401e+00
2.647582490822443013e+00
2.649848250058330024e+00
2.652128685752889403e+00
2.654423831825926339e+00
2.656733722018920218e+00
2.659058389880387008e+00
2.661397868751039120e+00
2.663752191748729015e+00
2.666121391753188963e+00
2.668505501390554091e+00
2.670904553017675376e+00
2.673318578706215920e+00
2.675747610226536732e+00
2.678191679031361794e+00
2.680650816239230405e+00
2.683125052617730155e+00
2.685614418566514949e+00
2.688118944100104546e+00
2.690638658830464713e+00
2.693173591949371115e+00
2.695723772210557811e+00
2.698289227911641941e+00
2.700869986875839235e+00
2.703466076433457488e+00
2.706077523403178642e+00
2.708704354073121490e+00
2.711346594181695657e+00
2.714004268898242866e+00
2.716677402803462815e+00
2.719366019869637441e+00
2.722070143440641132e+00
2.724789796211751991e+00
2.727524335927956400e+00
2.730222588349065838e+00
2.732852453312116570e+00
2.735413883281946124e+00
2.737906836509515163e+00
2.740331276675609828e+00
2.742687172542991547e+00
2.744974497617189702e+00
2.747193229816108584e+00
2.749343351148605841e+00
2.751424847402178742e+00
2.753437707839883508e+00
2.755381924906589841e+00
2.757257493944668347e+00
2.759064412919187248e+00
2.760802682152687648e+00
2.762472304069592433e+00
2.764073282950296306e+00
2.765605624694973841e+00
2.767069336597133500e+00
2.768464427126936744e+00
2.769790905724302643e+00
2.771048782601797988e+00
2.772238068557321355e+00
2.773358774796577553e+00
2.774410912765338022e+00
2.775394493991477418e+00
2.776309529936773046e+00
2.777156031858460494e+00
2.777934010680521038e+00
2.778643476874693707e+00
2.779284440351186714e+00
2.779856910359079780e+00
2.780360895396394749e+00
2.780796403129821570e+00
2.781163440324081471e+00
2.781462012780918425e+00
2.781692125287698492e+00
2.781853781575615248e+00
2.781946984287484437e+00
2.781946984287484437e+00
2.781946984287484437e+00
2.781946984287484437e+00
2.781946984287484437e+00
2.781946984287484437e+00
2.781946984287484437e+00
2.781946984287484437e+00
2.781946984287484437e+00
2.781946984287484437e+00
2.781946984287484437e+00
2.781946984287484437e+00
2.781946984287484437e+00
2.781946984287484437e+00
2.781946984287484437e+00
2.781946984287484437e+00
2.781946984287484437e+00
2.781946984287484437e+00
2.781946984287484437e+00
2.781946984287484437e+00
2.781946984287484437e+00
2.781946984287484437e+00
2.781946984287484437e+00
2.781946984287484437e+00
2.781946984287484437e+00
2.781946984287484437e+00
2.781946984287484437e+00
2.781946984287484437e+00
2.781946984287484437e+00
2.781946984287484437e+00
2.781946984287484437e+00
2.781946984287484437e+00
2.781946984287484437e+00
2.781946984287484437e+00
2.781946984287484437e+00
2.781946984287484437e+00
2.781946984287484437e+00
2.781946984287484437e+00
2.781946984287484437e+00
2.781946984287484437e+00
2.781946984287484437e+00
2.781946984287484437e+00
2.781946984287484437e+00
2.781946984287484437e+00
2.781946984287484437e+00
2.781946984287484437e+00
2.781946984287484437e+00
2.781946984287484437e+00
2.781946984287484437e+00
2.781946984287484437e+00
2.781946984287484437e+00
2.781946984287484437e+00
2.781946984287484437e+00
2.781946984287484437e+00
2.781946984287484437e+00
2.781946984287484437e+00
2.781946984287484437e+00
2.781946984287484437e+00
2.781946984287484437e+00
2.781946984287484437e+00
2.781946984287484437e+00
2.781946984287484437e+00
2.781946984287484437e+00
2.781946984287484437e+00
2.781946984287484437e+00
2.781946984287484437e+00
2.781946984287484437e+00
2.781946984287484437e+00
2.781946984287484437e+00
2.781946984287484437e+00
2.781946984287484437e+00
2.781946984287484437e+00
2.781946984287484437e+00
2.781946984287484437e+00
2.781946984287484437e+00
2.781946984287484437e+00
2.781946984287484437e+00
2.781946984287484437e+00
2.781946984287484437e+00
2.781946984287484437e+00
2.781946984287484437e+00
2.781946984287484437e+00
2.781946984287484437e+00
2.781946984287484437e+00
2.781946984287484437e+00
2.781946984287484437e+00
2.781946984287484437e+00
2.781946984287484437e+00
2.781946984287484437e+00
2.781946984287484437e+00
2.781946984287484437e+00
2.781946984287484437e+00
2.781946984287484437e+00
2.781946984287484437e+00
2.781946984287484437e+00
2.781946984287484437e+00
2.781946984287484437e+00
2.781946984287484437e+00
2.781946984287484437e+00
2.781946984287484437e+00
2.781946984287484437e+00
2.781946984287484437e+00
2.781946984287484437e+00
2.781946984287484437e+00
2.781946984287484437e+00
2.781946984287484437e+00
2.781946984287484437e+00
2.781946984287484437e+00
2.781946984287484437e+00
2.781946984287484437e+00
2.781946984287484437e+00
2.781946984287484437e+00
2.781946984287484437e+00
2.781946984287484437e+00
2.781946984287484437e+00
2.781946984287484437e+00
2.781946984287484437e+00
2.781946984287484437e+00
2.781946984287484437e+00
2.781946984287484437e+00
2.781946984287484437e+00
2.781946984287484437e+00
2.781946984287484437e+00
2.781946984287484437e+00
2.781946984287484437e+00
2.781946984287484437e+00
2.781946984287484437e+00
2.781946984287484437e+00
2.781946984287484437e+00
2.781946984287484437e+00
2.781946984287484437e+00
2.781946984287484437e+00
2.781946984287484437e+00
2.781946984287484437e+00
2.781946984287484437e+00
2.781946984287484437e+00
2.781946984287484437e+00
2.781946984287484437e+00
2.781946984287484437e+00
2.781946984287484437e+00
2.781946984287484437e+00
2.781946984287484437e+00
2.781946984287484437e+00
2.781946984287484437e+00
2.781946984287484437e+00
2.781946984287484437e+00
2.781946984287484437e+00
2.781946984287484437e+00
2.781946984287484437e+00
2.781946984287484437e+00
2.781946984287484437e+00
2.781946984287484437e+00
2.781946984287484437e+00
2.781946984287484437e+00
2.781946984287484437e+00
2.781946984287484437e+00
2.781946984287484437e+00
2.781946984287484437e+00
2.781946984287484437e+00
2.781946984287484437e+00
2.781946984287484437e+00
2.781946984287484437e+00
2.781946984287484437e+00
2.781946984287484437e+00
2.781946984287484437e+00
2.781946984287484437e+00
2.781946984287484437e+00
2.781946984287484437e+00
2.781946984287484437e+00
2.781946984287484437e+00
2.781946984287484437e+00
2.781946984287484437e+00
2.781946984287484437e+00
2.781946984287484437e+00
2.781946984287484437e+00
2.781946984287484437e+00
2.781946984287484437e+00
2.781946984287484437e+00
2.781946984287484437e+00
2.781946984287484437e+00
2.781946984287484437e+00
2.781946984287484437e+00
2.781946984287484437e+00
2.781946984287484437e+00
2.781946984287484437e+00
2.781946984287484437e+00
2.781946984287484437e+00
2.781946984287484437e+00
2.781946984287484437e+00
2.781946984287484437e+00
2.781946984287484437e+00
2.781946984287484437e+00
2.781946984287484437e+00
2.781946984287484437e+00
2.781946984287484437e+00
2.781946984287484437e+00
2.781946984287484437e+00
2.781946984287484437e+00
2.781946984287484437e+00
2.781946984287484437e+00
2.781946984287484437e+00
2.781946984287484437e+00
2.781946984287484437e+00
2.781946984287484437e+00
2.781946984287484437e+00
2.781946984287484437e+00
2.781946984287484437e+00
2.781946984287484437e+00
2.781946984287484437e+00
2.781946984287484437e+00
2.781946984287484437e+00
2.781946984287484437e+00
2.781946984287484437e+00
2.781946984287484437e+00
2.781946984287484437e+00
2.781946984287484437e+00
2.781946984287484437e+00
2.781946984287484437e+00
2.781946984287484437e+00
2.781946984287484437e+00
2.781946984287484437e+00
2.781946984287484437e+00
2.781946984287484437e+00
2.781946984287484437e+00
2.781946984287484437e+00
2.781946984287484437e+00
2.781946984287484437e+00
2.781946984287484437e+00
2.781946984287484437e+00
2.781946984287484437e+00
2.781946984287484437e+00
2.781946984287484437e+00
2.781946984287484437e+00
2.781946984287484437e+00
2.781946984287484437e+00
2.781946984287484437e+00
2.781946984287484437e+00
2.781946984287484437e+00
2.781946984287484437e+00
2.781946984287484437e+00
2.781946984287484437e+00
2.781946984287484437e+00
2.781946984287484437e+00
2.781946984287484437e+00
2.781946984287484437e+00
2.781946984287484437e+00
2.781946984287484437e+00
2.781946984287484437e+00
2.781946984287484437e+00
2.781946984287484437e+00
2.781946984287484437e+00
2.781946984287484437e+00
2.781946984287484437e+00
2.781946984287484437e+00
2.781946984287484437e+00
2.781946984287484437e+00
2.781946984287484437e+00
2.781946984287484437e+00
2.781946984287484437e+00
2.781946984287484437e+00
2.781946984287484437e+00
2.781946984287484437e+00
2.781946984287484437e+00
2.781946984287484437e+00
2.781946984287484437e+00
2.781946984287484437e+00
2.781946984287484437e+00
2.781946984287484437e+00
2.781946984287484437e+00
2.781946984287484437e+00
2.781946984287484437e+00
2.781946984287484437e+00
2.781946984287484437e+00
2.781946984287484437e+00
2.781946984287484437e+00
2.781946984287484437e+00
2.781946984287484437e+00
2.781946984287484437e+00
2.781946984287484437e+00
2.781946984287484437e+00
2.781946984287484437e+00
2.781946984287484437e+00
2.781946984287484437e+00
2.781946984287484437e+00
2.781946984287484437e+00
2.781946984287484437e+00
2.781946984287484437e+00
2.781946984287484437e+00
2.781946984287484437e+00
2.781946984287484437e+00
2.781946984287484437e+00
2.781946984287484437e+00
2.781946984287484437e+00
2.781946984287484437e+00
2.781946984287484437e+00
2.781946984287484437e+00
2.781946984287484437e+00
2.781946984287484437e+00
2.781946984287484437e+00
2.781946984287484437e+00
2.781946984287484437e+00
2.781946984287484437e+00
2.781946984287484437e+00
2.781946984287484437e+00
2.781946984287484437e+00
2.781946984287484437e+00
2.781946984287484437e+00
2.781946984287484437e+00
2.781946984287484437e+00
2.781946984287484437e+00
2.781946984287484437e+00
2.781946984287484437e+00
2.781946984287484437e+00
2.781946984287484437e+00
2.781946984287484437e+00
2.781946984287484437e+00
2.781946984287484437e+00
2.781946984287484437e+00
2.781946984287484437e+00
2.781946984287484437e+00
2.781946984287484437e+00
2.781946984287484437e+00
2.781946984287484437e+00
2.781946984287484437e+00
2.781946984287484437e+00
2.781946984287484437e+00
2.781946984287484437e+00
2.781946984287484437e+00
2.781946984287484437e+00
2.781946984287484437e+00
2.781946984287484437e+00
2.781946984287484437e+00
2.781946984287484437e+00
2.781946984287484437e+00
2.781946984287484437e+00
2.781946984287484437e+00
2.781946984287484437e+00
2.781946984287484437e+00
2.781946984287484437e+00
2.781946984287484437e+00
2.781946984287484437e+00
2.781946984287484437e+00
2.781946984287484437e+00
2.781946984287484437e+00
2.781946984287484437e+00
2.781946984287484437e+00
2.781946984287484437e+00
2.781946984287484437e+00
2.781946984287484437e+00
2.781946984287484437e+00
2.781946984287484437e+00
2.781946984287484437e+00
2.781946984287484437e+00
2.781946984287484437e+00
2.781946984287484437e+00
2.781946984287484437e+00
2.781946984287484437e+00
2.781946984287484437e+00
2.781946984287484437e+00
2.781946984287484437e+00
2.781946984287484437e+00
2.781946984287484437e+00
2.781946984287484437e+00
2.781946984287484437e+00
2.781946984287484437e+00
2.781946984287484437e+00
2.781946984287484437e+00
2.781946984287484437e+00
2.781946984287484437e+00
2.781946984287484437e+00
2.781946984287484437e+00
2.781946984287484437e+00
2.781946984287484437e+00
2.781946984287484437e+00
2.781946984287484437e+00
2.781946984287484437e+00
2.781946984287484437e+00
2.781946984287484437e+00
2.781946984287484437e+00
2.781946984287484437e+00
2.781946984287484437e+00
2.781946984287484437e+00
2.781946984287484437e+00
2.781946984287484437e+00
2.781946984287484437e+00
2.781946984287484437e+00
2.781946984287484437e+00
2.781946984287484437e+00
2.781946984287484437e+00
2.781946984287484437e+00
2.781946984287484437e+00
2.781946984287484437e+00
2.781946984287484437e+00
2.781946984287484437e+00
2.781946984287484437e+00
2.781946984287484437e+00
2.781946984287484437e+00
2.781946984287484437e+00
2.781946984287484437e+00
2.781946984287484437e+00
2.781946984287484437e+00
2.781946984287484437e+00
2.781946984287484437e+00
2.781946984287484437e+00
2.781946984287484437e+00
2.781946984287484437e+00
2.781946984287484437e+00
2.781946984287484437e+00
2.781946984287484437e+00
2.781946984287484437e+00
2.781946984287484437e+00
2.781946984287484437e+00
2.781946984287484437e+00
2.781946984287484437e+00
2.781946984287484437e+00
2.781946984287484437e+00
2.781946984287484437e+00
2.781946984287484437e+00
2.781946984287484437e+00
2.781946984287484437e+00
2.781946984287484437e+00
2.781946984287484437e+00
2.781946984287484437e+00
2.781946984287484437e+00
2.781946984287484437e+00
2.781946984287484437e+00
2.781946984287484437e+00
2.781946984287484437e+00
2.781946984287484437e+00
2.781946984287484437e+00
2.781946984287484437e+00
2.781946984287484437e+00
2.781946984287484437e+00
2.781946984287484437e+00
2.781946984287484437e+00
2.781946984287484437e+00
2.781946984287484437e+00
2.781946984287484437e+00
2.781946984287484437e+00
2.781946984287484437e+00
2.781946984287484437e+00
2.781946984287484437e+00
2.781946984287484437e+00
2.781946984287484437e+00
2.781946984287484437e+00
2.781946984287484437e+00
2.781946984287484437e+00
2.781946984287484437e+00
2.781946984287484437e+00
2.781946984287484437e+00
2.781946984287484437e+00
2.781946984287484437e+00
2.781946984287484437e+00
2.781946984287484437e+00
2.781946984287484437e+00
2.781946984287484437e+00
2.781946984287484437e+00
2.781946984287484437e+00
2.781946984287484437e+00
2.781946984287484437e+00
2.781946984287484437e+00
2.781946984287484437e+00
2.781946984287484437e+00
2.781946984287484437e+00
2.781946984287484437e+00
2.781946984287484437e+00
2.781946984287484437e+00
2.781946984287484437e+00
2.781946984287484437e+00
2.781946984287484437e+00
2.781946984287484437e+00
2.781946984287484437e+00
2.781946984287484437e+00
2.781946984287484437e+00
2.781946984287484437e+00
2.781946984287484437e+00
2.781946984287484437e+00
2.781946984287484437e+00
2.781946984287484437e+00
2.781946984287484437e+00
2.781946984287484437e+00
2.781946984287484437e+00
2.781946984287484437e+00
2.781946984287484437e+00
2.781946984287484437e+00
2.781946984287484437e+00
2.781946984287484437e+00
2.781946984287484437e+00
2.781946984287484437e+00
2.781946984287484437e+00
2.781946984287484437e+00
2.781946984287484437e+00
2.781946984287484437e+00
2.781946984287484437e+00
2.781946984287484437e+00
2.781946984287484437e+00
2.781946984287484437e+00
2.781946984287484437e+00
2.781946984287484437e+00
2.781946984287484437e+00
2.781946984287484437e+00
2.781946984287484437e+00
2.781946984287484437e+00
2.781946984287484437e+00
2.781946984287484437e+00
2.781946984287484437e+00
2.781946984287484437e+00
2.781946984287484437e+00
2.781946984287484437e+00
2.781946984287484437e+00
2.781946984287484437e+00
2.781946984287484437e+00
2.781946984287484437e+00
2.781946984287484437e+00
2.781946984287484437e+00
2.781946984287484437e+00
2.781946984287484437e+00
2.781946984287484437e+00
2.781946984287484437e+00
2.781946984287484437e+00
2.781946984287484437e+00
2.781946984287484437e+00
2.781946984287484437e+00
2.781946984287484437e+00
2.781946984287484437e+00
2.781946984287484437e+00
2.781946984287484437e+00
2.781946984287484437e+00
2.781946984287484437e+00
2.781946984287484437e+00
2.781946984287484437e+00
2.781946984287484437e+00
2.781946984287484437e+00
2.781946984287484437e+00
